facility,year,month,days_over_90f,days_over_95f,days_skarha10,dental_mh_overtime,modified_programs_days,deaths_unexpected,ed_hospital_rate,vacancy_all,vacancy_medical,vacancy_dental,vacancy_mh,crowding_pct,ac_type,security_level,post_ac
ASP,2016,1,0,0,0,,,,,,,,,113.2,evaporative,MEDIUM,0
ASP,2016,2,0,0,0,,,,,,,,,113.2,evaporative,MEDIUM,0
ASP,2016,3,0,0,0,,,,,,,,,109.8,evaporative,MEDIUM,0
ASP,2016,4,3,0,0,,,,,,,,,109.3,evaporative,MEDIUM,0
ASP,2016,5,9,2,0,,,,,,,,,111.7,evaporative,MEDIUM,0
ASP,2016,6,22,17,2,,,,,,,,,110.4,evaporative,MEDIUM,0
ASP,2016,7,30,24,9,,,,,,,,,110.4,evaporative,MEDIUM,0
ASP,2016,8,31,26,1,,,,,,,,,111.1,evaporative,MEDIUM,0
ASP,2016,9,21,14,0,,,,,,,,,111.9,evaporative,MEDIUM,0
ASP,2016,10,1,0,0,,,,,,,,,111.4,evaporative,MEDIUM,0
ASP,2016,11,0,0,0,,,,,,,,,114.9,evaporative,MEDIUM,0
ASP,2016,12,0,0,0,,,,,,,,,114.6,evaporative,MEDIUM,0
ASP,2017,1,0,0,0,,,,6.4,15.0,7.0,14.0,46.0,114.5,evaporative,MEDIUM,0
ASP,2017,2,0,0,0,,,,6.4,17.0,10.0,11.0,48.0,116.0,evaporative,MEDIUM,0
ASP,2017,3,0,0,0,,,,3.3,17.0,11.0,5.0,48.0,123.9,evaporative,MEDIUM,0
ASP,2017,4,0,0,0,,,,4.4,16.0,10.0,8.0,48.0,125.5,evaporative,MEDIUM,0
ASP,2017,5,10,6,0,,,,3.9,16.0,10.0,3.0,51.0,125.9,evaporative,MEDIUM,0
ASP,2017,6,23,15,4,,,,6.4,15.0,8.0,6.0,49.0,126.8,evaporative,MEDIUM,0
ASP,2017,7,31,30,1,,,,3.6,17.0,13.0,8.0,42.0,126.6,evaporative,MEDIUM,0
ASP,2017,8,30,27,5,,,,4.1,14.0,10.0,3.0,37.0,131.2,evaporative,MEDIUM,0
ASP,2017,9,16,9,3,,,,3.8,11.0,6.0,0.0,39.0,132.0,evaporative,MEDIUM,0
ASP,2017,10,0,0,0,,,,8.6,11.0,6.0,0.0,39.0,132.5,evaporative,MEDIUM,0
ASP,2017,11,0,0,0,,,,3.8,9.0,5.0,0.0,34.0,133.0,evaporative,MEDIUM,0
ASP,2017,12,0,0,0,,,,4.9,9.0,5.0,0.0,34.0,139.5,evaporative,MEDIUM,0
ASP,2018,1,0,0,0,,,,4.6,10.0,3.0,0.0,41.0,142.4,evaporative,MEDIUM,0
ASP,2018,2,0,0,0,,,,2.3,8.0,3.0,0.0,33.0,145.1,evaporative,MEDIUM,0
ASP,2018,3,0,0,0,,,,1.5,9.0,5.0,3.0,30.0,146.5,evaporative,MEDIUM,0
ASP,2018,4,2,0,0,,,,3.6,8.0,5.0,3.0,27.0,145.7,evaporative,MEDIUM,0
ASP,2018,5,2,1,0,,,,4.1,9.0,6.0,6.0,27.0,148.0,evaporative,MEDIUM,0
ASP,2018,6,19,13,0,,,,2.4,10.0,7.0,3.0,27.0,148.3,evaporative,MEDIUM,0
ASP,2018,7,31,30,1,,,,4.2,10.0,7.0,3.0,26.0,147.5,evaporative,MEDIUM,0
ASP,2018,8,27,21,0,,,,3.7,9.0,7.0,3.0,24.0,148.6,evaporative,MEDIUM,0
ASP,2018,9,19,12,0,,,,4.8,10.0,7.0,5.0,24.0,149.5,evaporative,MEDIUM,0
ASP,2018,10,0,0,0,,,,2.3,9.0,7.0,3.0,23.0,147.5,evaporative,MEDIUM,0
ASP,2018,11,0,0,0,,,,2.1,8.0,5.0,5.0,20.0,144.7,evaporative,MEDIUM,0
ASP,2018,12,0,0,0,,,,2.8,10.0,7.0,8.0,23.0,143.8,evaporative,MEDIUM,0
ASP,2019,1,0,0,0,,,,6.0,11.0,7.0,11.0,22.0,140.8,evaporative,MEDIUM,0
ASP,2019,2,0,0,0,,,,4.2,13.0,10.0,11.0,24.0,141.5,evaporative,MEDIUM,0
ASP,2019,3,0,0,0,,,,4.4,12.0,10.0,11.0,24.0,138.5,evaporative,MEDIUM,0
ASP,2019,4,4,0,0,,,,3.3,12.0,11.0,5.0,24.0,136.6,evaporative,MEDIUM,0
ASP,2019,5,0,0,0,,,,0.7,14.0,12.0,5.0,29.0,129.3,evaporative,MEDIUM,0
ASP,2019,6,22,11,1,,,,3.4,13.0,11.0,5.0,27.0,128.2,evaporative,MEDIUM,0
ASP,2019,7,30,22,1,,,,3.7,14.0,13.0,3.0,27.0,128.5,evaporative,MEDIUM,0
ASP,2019,8,29,21,1,,,,3.7,12.0,13.0,3.0,17.0,129.4,evaporative,MEDIUM,0
ASP,2019,9,15,12,0,,,,3.2,12.0,13.0,3.0,18.0,133.0,evaporative,MEDIUM,0
ASP,2019,10,1,0,0,,,,3.7,12.0,13.0,3.0,18.0,137.0,evaporative,MEDIUM,0
ASP,2019,11,0,0,0,,,,4.8,11.0,11.0,3.0,21.0,136.6,evaporative,MEDIUM,0
ASP,2019,12,0,0,0,,,,3.9,13.0,12.0,11.0,21.0,138.2,evaporative,MEDIUM,0
ASP,2020,1,0,0,0,,,,3.3,11.0,10.0,5.0,23.0,144.0,evaporative,MEDIUM,0
ASP,2020,2,0,0,0,,,,4.5,13.0,12.0,5.0,25.0,144.6,evaporative,MEDIUM,0
ASP,2020,3,0,0,0,,,,3.5,13.0,12.0,5.0,25.0,147.1,evaporative,MEDIUM,0
ASP,2020,4,1,0,0,,,,2.5,12.0,11.0,5.0,28.0,143.7,evaporative,MEDIUM,0
ASP,2020,5,8,5,0,,,,3.1,11.0,9.0,3.0,28.0,142.4,evaporative,MEDIUM,0
ASP,2020,6,17,12,1,,,,4.2,10.0,8.0,0.0,28.0,138.5,evaporative,MEDIUM,0
ASP,2020,7,31,25,0,,,,3.9,10.0,8.0,0.0,26.0,131.0,evaporative,MEDIUM,0
ASP,2020,8,30,27,2,,,,2.6,10.0,8.0,0.0,29.0,127.6,evaporative,MEDIUM,0
ASP,2020,9,16,7,1,,,,4.3,11.0,10.0,0.0,29.0,121.8,evaporative,MEDIUM,0
ASP,2020,10,7,0,0,,,,6.4,10.0,10.0,0.0,18.0,118.9,evaporative,MEDIUM,0
ASP,2020,11,0,0,0,,,,3.4,11.0,12.0,3.0,18.0,116.8,evaporative,MEDIUM,0
ASP,2020,12,0,0,0,,,,6.7,12.0,13.0,3.0,18.0,114.1,evaporative,MEDIUM,0
ASP,2021,1,0,0,0,,,,6.1,11.0,11.0,3.0,16.0,112.5,evaporative,MEDIUM,0
ASP,2021,2,0,0,0,,,,11.4,10.0,10.0,3.0,16.0,110.7,evaporative,MEDIUM,0
ASP,2021,3,0,0,0,,,,3.8,11.0,12.0,3.0,16.0,107.3,evaporative,MEDIUM,0
ASP,2021,4,1,0,0,,,,4.8,10.0,10.0,3.0,16.0,106.8,evaporative,MEDIUM,0
ASP,2021,5,7,3,0,,,,4.5,8.0,9.0,3.0,13.0,108.5,evaporative,MEDIUM,0
ASP,2021,6,22,16,4,,,,6.2,9.0,10.0,3.0,13.0,115.6,evaporative,MEDIUM,0
ASP,2021,7,31,31,8,50.0,0.37,,3.8,8.0,8.0,3.0,11.0,116.7,evaporative,MEDIUM,0
ASP,2021,8,29,24,5,36.0,9.2,,4.1,8.0,8.0,3.0,15.0,122.0,evaporative,MEDIUM,0
ASP,2021,9,22,12,2,65.0,2.96,,4.4,8.0,8.0,5.0,15.0,124.1,evaporative,MEDIUM,0
ASP,2021,10,2,0,0,98.0,0.0,,5.9,8.0,8.0,5.0,15.0,126.0,evaporative,MEDIUM,0
ASP,2021,11,0,0,0,57.5,0.0,,6.1,10.0,10.0,8.0,16.0,129.2,evaporative,MEDIUM,0
ASP,2021,12,0,0,0,34.0,0.0,,5.9,10.0,10.0,8.0,13.0,132.0,evaporative,MEDIUM,0
ASP,2022,1,0,0,0,44.0,23.4,,2.8,13.0,11.0,5.0,31.0,128.3,evaporative,MEDIUM,0
ASP,2022,2,0,0,0,28.5,25.1,,4.3,13.0,11.0,5.0,32.0,128.6,evaporative,MEDIUM,0
ASP,2022,3,0,0,0,26.5,6.6,2.0,1.9,13.0,10.0,5.0,32.0,131.7,evaporative,MEDIUM,0
ASP,2022,4,2,0,0,52.5,0.13,,3.9,15.0,12.0,5.0,34.0,134.3,evaporative,MEDIUM,0
ASP,2022,5,7,2,0,,,,4.5,14.0,13.0,-3.0,32.0,138.5,evaporative,MEDIUM,0
ASP,2022,6,21,13,0,,,,4.8,13.0,12.0,-3.0,32.0,140.0,evaporative,MEDIUM,0
ASP,2022,7,28,25,2,31.5,6.77,,10.6,17.0,13.0,6.0,40.0,139.6,evaporative,MEDIUM,0
ASP,2022,8,31,28,6,59.0,6.48,,6.6,21.0,19.0,6.0,40.0,140.3,evaporative,MEDIUM,0
ASP,2022,9,19,15,8,44.5,17.37,,8.1,20.0,17.0,6.0,42.0,142.3,evaporative,MEDIUM,0
ASP,2022,10,10,0,0,53.0,1.24,,6.1,20.0,18.0,6.0,42.0,140.3,evaporative,MEDIUM,0
ASP,2022,11,0,0,0,19.0,2.16,,6.4,20.0,18.0,6.0,40.0,149.7,evaporative,MEDIUM,0
ASP,2022,12,0,0,0,65.0,3.51,,6.1,20.0,17.0,9.0,40.0,138.4,evaporative,MEDIUM,0
ASP,2023,1,0,0,0,41.0,0.0,,4.1,22.0,18.0,9.0,44.0,139.6,evaporative,MEDIUM,0
ASP,2023,2,0,0,0,15.5,0.0,,5.6,20.0,17.0,6.0,42.0,144.2,evaporative,MEDIUM,0
ASP,2023,3,0,0,0,44.56,0.0,,6.1,19.0,16.0,6.0,40.0,150.0,evaporative,MEDIUM,0
ASP,2023,4,3,0,0,47.3,0.28,,3.7,17.0,14.0,6.0,40.0,154.5,evaporative,MEDIUM,0
ASP,2023,5,10,4,0,,,,6.1,16.0,12.0,6.0,35.0,158.5,evaporative,MEDIUM,0
ASP,2023,6,9,2,0,,,,7.8,16.0,14.0,9.0,31.0,160.2,evaporative,MEDIUM,0
ASP,2023,7,29,26,7,99.5,0.58,,8.0,21.0,18.0,6.0,43.0,159.4,evaporative,MEDIUM,0
ASP,2023,8,27,22,3,64.0,2.46,,8.4,21.0,17.0,6.0,43.0,160.5,evaporative,MEDIUM,0
ASP,2023,9,13,2,0,80.5,0.0,,5.2,20.0,17.0,3.0,41.0,158.4,evaporative,MEDIUM,0
ASP,2023,10,5,1,0,608.0,0.0,,8.1,22.0,19.0,6.0,43.0,157.9,evaporative,MEDIUM,0
ASP,2023,11,0,0,0,358.5,0.0,,8.1,22.0,20.0,6.0,43.0,158.4,evaporative,MEDIUM,0
ASP,2023,12,0,0,0,440.5,0.0,1.0,7.7,21.0,18.0,6.0,43.0,159.3,evaporative,MEDIUM,0
ASP,2024,1,0,0,0,48.5,0.24,,6.0,19.0,16.0,3.0,41.0,162.2,evaporative,MEDIUM,0
ASP,2024,2,0,0,0,41.5,0.87,,8.6,17.0,15.0,0.0,36.0,167.1,evaporative,MEDIUM,0
ASP,2024,3,0,0,0,73.5,0.0,,4.5,17.0,15.0,0.0,36.0,164.9,evaporative,MEDIUM,0
ASP,2024,4,0,0,0,53.75,0.73,,6.2,17.0,14.0,3.0,36.0,163.1,evaporative,MEDIUM,0
ASP,2024,5,9,0,0,,,,10.1,18.0,15.0,8.0,36.0,161.9,evaporative,MEDIUM,0
ASP,2024,6,25,15,1,,,,4.3,17.0,15.0,8.0,33.0,160.0,evaporative,MEDIUM,0
ASP,2024,7,31,29,17,70.0,0.18,,6.6,17.0,15.0,10.0,34.0,156.8,evaporative,MEDIUM,0
ASP,2024,8,28,22,3,60.0,0.0,,5.2,17.0,14.0,10.0,34.0,152.3,evaporative,MEDIUM,0
ASP,2024,9,21,12,0,77.25,1.54,,6.1,18.0,15.0,10.0,36.0,168.6,evaporative,MEDIUM,0
ASP,2024,10,9,8,0,57.75,4.0,,7.2,18.0,14.0,13.0,36.0,161.7,evaporative,MEDIUM,0
ASP,2024,11,0,0,0,71.5,0.0,,7.2,18.0,14.0,15.0,36.0,155.2,evaporative,MEDIUM,0
ASP,2024,12,0,0,0,74.25,0.0,,8.0,17.0,13.0,15.0,36.0,150.8,evaporative,MEDIUM,0
ASP,2025,1,0,0,0,70.75,0.0,,7.0,11.0,8.0,18.0,16.0,130.1,evaporative,MEDIUM,0
ASP,2025,2,0,0,0,50.0,0.0,,6.6,12.0,9.0,15.0,21.0,129.4,evaporative,MEDIUM,0
ASP,2025,3,0,0,0,114.75,0.49,,9.4,11.0,8.0,15.0,21.0,130.9,evaporative,MEDIUM,0
ASP,2025,4,0,0,0,82.5,0.0,,5.8,9.0,5.0,13.0,27.0,135.6,evaporative,MEDIUM,0
ASP,2025,5,8,3,0,,,,6.8,9.0,4.0,10.0,28.0,137.2,evaporative,MEDIUM,0
ASP,2025,6,24,13,0,,,,6.8,9.0,6.0,10.0,25.0,138.5,evaporative,MEDIUM,0
ASP,2025,7,30,20,0,,,,6.0,12.0,5.0,11.0,35.0,138.9,evaporative,MEDIUM,0
ASP,2025,8,31,25,3,,,,5.5,14.0,8.0,11.0,33.0,135.2,evaporative,MEDIUM,0
ASP,2025,9,16,8,1,,,,7.0,12.0,7.0,8.0,35.0,135.2,evaporative,MEDIUM,0
ASP,2025,10,1,0,0,,,,5.4,12.0,7.0,5.0,38.0,132.4,evaporative,MEDIUM,0
ASP,2025,11,0,0,0,,,,6.9,11.0,6.0,5.0,35.0,130.5,evaporative,MEDIUM,0
ASP,2025,12,0,0,0,,,,7.6,11.0,7.0,8.0,31.0,131.4,evaporative,MEDIUM,0
CAC,2016,1,0,0,0,,,,,,,,,,,MEDIUM,0
CAC,2016,2,0,0,0,,,,,,,,,,,MEDIUM,0
CAC,2016,3,0,0,0,,,,,,,,,,,MEDIUM,0
CAC,2016,4,0,0,0,,,,,,,,,,,MEDIUM,0
CAC,2016,5,6,3,0,,,,,,,,,,,MEDIUM,0
CAC,2016,6,27,22,4,,,,,,,,,,,MEDIUM,0
CAC,2016,7,31,30,4,,,,,,,,,,,MEDIUM,0
CAC,2016,8,31,29,0,,,,,,,,,,,MEDIUM,0
CAC,2016,9,18,8,0,,,,,,,,,,,MEDIUM,0
CAC,2016,10,0,0,0,,,,,,,,,,,MEDIUM,0
CAC,2016,11,0,0,0,,,,,,,,,,,MEDIUM,0
CAC,2016,12,0,0,0,,,,,,,,,,,MEDIUM,0
CAC,2017,1,0,0,0,,,,3.0,9.0,11.0,0.0,0.0,,,MEDIUM,0
CAC,2017,2,0,0,0,,,,3.8,11.0,11.0,17.0,0.0,,,MEDIUM,0
CAC,2017,3,0,0,0,,,,4.6,12.0,14.0,0.0,0.0,,,MEDIUM,0
CAC,2017,4,1,0,0,,,,5.5,12.0,12.0,,0.0,,,MEDIUM,0
CAC,2017,5,11,4,0,,,,6.5,12.0,11.0,0.0,0.0,,,MEDIUM,0
CAC,2017,6,23,22,5,,,,8.6,13.0,12.0,7.0,0.0,,,MEDIUM,0
CAC,2017,7,31,30,3,,,,8.7,13.0,13.0,7.0,0.0,,,MEDIUM,0
CAC,2017,8,30,27,0,,,,6.7,13.0,14.0,7.0,0.0,,,MEDIUM,0
CAC,2017,9,11,8,0,,,,9.1,14.0,15.0,7.0,0.0,,,MEDIUM,0
CAC,2017,10,2,0,0,,,,5.8,18.0,19.0,6.0,0.0,,,MEDIUM,0
CAC,2017,11,0,0,0,,,,9.7,20.0,22.0,6.0,0.0,,,MEDIUM,0
CAC,2017,12,0,0,0,,,,14.1,20.0,22.0,6.0,0.0,,,MEDIUM,0
CAC,2018,1,0,0,0,,,,6.8,17.0,19.0,0.0,0.0,,,MEDIUM,0
CAC,2018,2,0,0,0,,,,9.4,14.0,16.0,0.0,0.0,,,MEDIUM,0
CAC,2018,3,0,0,0,,,,11.2,12.0,13.0,6.0,0.0,,,MEDIUM,0
CAC,2018,4,2,0,0,,,,6.9,13.0,15.0,0.0,0.0,,,MEDIUM,0
CAC,2018,5,5,3,0,,,,13.6,10.0,11.0,0.0,0.0,,,MEDIUM,0
CAC,2018,6,25,20,0,,,,12.5,11.0,12.0,0.0,0.0,,,MEDIUM,0
CAC,2018,7,31,31,6,,,,12.3,9.0,10.0,0.0,0.0,,,MEDIUM,0
CAC,2018,8,31,29,0,,,,10.1,14.0,16.0,0.0,50.0,,,MEDIUM,0
CAC,2018,9,27,13,0,,,,9.3,11.0,12.0,0.0,50.0,,,MEDIUM,0
CAC,2018,10,0,0,0,,,,3.6,12.0,12.0,6.0,50.0,,,MEDIUM,0
CAC,2018,11,0,0,0,,,,8.3,9.0,11.0,0.0,0.0,,,MEDIUM,0
CAC,2018,12,0,0,0,,,,7.5,10.0,12.0,0.0,0.0,,,MEDIUM,0
CAC,2019,1,0,0,0,,,,8.3,10.0,12.0,0.0,0.0,,,MEDIUM,0
CAC,2019,2,0,0,0,,,,6.9,14.0,15.0,11.0,0.0,,,MEDIUM,0
CAC,2019,3,0,0,0,,,,7.7,13.0,13.0,16.0,0.0,,,MEDIUM,0
CAC,2019,4,5,0,0,,,,8.4,13.0,13.0,16.0,0.0,,,MEDIUM,0
CAC,2019,5,0,0,0,,,,10.4,12.0,12.0,16.0,0.0,,,MEDIUM,0
CAC,2019,6,25,13,0,,,,8.3,12.0,13.0,11.0,0.0,,,MEDIUM,0
CAC,2019,7,31,24,0,,,,11.9,20.0,21.0,16.0,0.0,,,MEDIUM,0
CAC,2019,8,31,28,0,,,,10.7,27.0,21.0,50.0,0.0,,,MEDIUM,0
CAC,2019,9,13,9,0,,,,8.5,19.0,22.0,0.0,0.0,,,MEDIUM,0
CAC,2019,10,1,0,0,,,,13.8,17.0,19.0,0.0,0.0,,,MEDIUM,0
CAC,2019,11,0,0,0,,,,9.7,13.0,15.0,0.0,0.0,,,MEDIUM,0
CAC,2019,12,0,0,0,,,,9.4,12.0,13.0,6.0,0.0,,,MEDIUM,0
CAC,2020,1,0,0,0,,,,12.6,12.0,12.0,6.0,0.0,,,MEDIUM,0
CAC,2020,2,0,0,0,,,,15.3,5.0,5.0,0.0,0.0,,,MEDIUM,0
CAC,2020,3,0,0,0,,,,9.3,6.0,6.0,6.0,0.0,,,MEDIUM,0
CAC,2020,4,3,0,0,,,,15.1,8.0,9.0,6.0,0.0,,,MEDIUM,0
CAC,2020,5,11,6,0,,,,13.0,8.0,10.0,0.0,0.0,,,MEDIUM,0
CAC,2020,6,20,14,0,,,,6.6,10.0,12.0,0.0,0.0,,,MEDIUM,0
CAC,2020,7,31,28,1,,,,9.6,5.0,5.0,0.0,50.0,,,MEDIUM,0
CAC,2020,8,30,28,2,,,,4.8,3.0,3.0,0.0,50.0,,,MEDIUM,0
CAC,2020,9,27,9,1,,,,2.3,3.0,3.0,0.0,50.0,,,MEDIUM,0
CAC,2020,10,12,4,0,,,,5.5,5.0,6.0,0.0,50.0,,,MEDIUM,0
CAC,2020,11,0,0,0,,,,6.7,7.0,7.0,0.0,50.0,,,MEDIUM,0
CAC,2020,12,0,0,0,,,,14.7,8.0,9.0,0.0,50.0,,,MEDIUM,0
CAC,2021,1,0,0,0,,,,9.0,7.0,9.0,0.0,0.0,,,MEDIUM,0
CAC,2021,2,0,0,0,,,,7.4,5.0,6.0,0.0,0.0,,,MEDIUM,0
CAC,2021,3,0,0,0,,,,8.1,8.0,9.0,0.0,0.0,,,MEDIUM,0
CAC,2021,4,1,0,0,,,,17.1,8.0,9.0,0.0,50.0,,,MEDIUM,0
CAC,2021,5,8,2,0,,,,6.9,11.0,11.0,0.0,50.0,,,MEDIUM,0
CAC,2021,6,26,22,4,,,,7.7,9.0,10.0,0.0,0.0,,,MEDIUM,0
CAC,2021,7,30,30,3,0.0,1.41,,8.6,8.0,10.0,-6.0,0.0,,,MEDIUM,0
CAC,2021,8,29,24,0,0.0,9.94,,9.5,9.0,11.0,-6.0,0.0,,,MEDIUM,0
CAC,2021,9,21,11,0,0.0,11.07,,10.9,7.0,9.0,-6.0,0.0,,,MEDIUM,0
CAC,2021,10,1,0,0,0.0,0.0,,13.7,7.0,8.0,0.0,0.0,,,MEDIUM,0
CAC,2021,11,0,0,0,13.8,0.0,,9.6,9.0,10.0,0.0,0.0,,,MEDIUM,0
CAC,2021,12,0,0,0,33.35,3.28,,11.3,11.0,13.0,0.0,0.0,,,MEDIUM,0
CAC,2022,1,0,0,0,32.2,27.7,,8.0,10.0,12.0,0.0,0.0,,,MEDIUM,0
CAC,2022,2,0,0,0,32.2,14.3,,10.4,10.0,12.0,-6.0,0.0,,,MEDIUM,0
CAC,2022,3,0,0,0,34.5,0.0,,11.2,11.0,12.0,0.0,0.0,,,MEDIUM,0
CAC,2022,4,0,0,0,34.5,0.0,,6.0,10.0,12.0,0.0,0.0,,,MEDIUM,0
CAC,2022,5,8,3,0,,,,5.4,9.0,11.0,0.0,0.0,,,MEDIUM,0
CAC,2022,6,21,16,0,,,,7.5,9.0,10.0,6.0,0.0,,,MEDIUM,0
CAC,2022,7,29,26,0,36.8,5.08,,6.3,9.0,9.0,6.0,50.0,,,MEDIUM,0
CAC,2022,8,31,29,0,34.5,0.58,,9.2,11.0,11.0,0.0,50.0,,,MEDIUM,0
CAC,2022,9,18,13,3,31.05,1.35,,6.8,12.0,12.0,6.0,50.0,,,MEDIUM,0
CAC,2022,10,8,0,0,35.65,0.45,,7.6,11.0,10.0,11.0,50.0,,,MEDIUM,0
CAC,2022,11,0,0,0,33.35,10.25,,6.2,10.0,10.0,6.0,50.0,,,MEDIUM,0
CAC,2022,12,0,0,0,35.65,8.68,,13.3,9.0,9.0,6.0,50.0,,,MEDIUM,0
CAC,2023,1,0,0,0,35.65,5.32,,10.0,10.0,10.0,6.0,50.0,,,MEDIUM,0
CAC,2023,2,0,0,0,31.05,5.39,,14.5,10.0,10.0,6.0,50.0,,,MEDIUM,0
CAC,2023,3,0,0,0,34.5,0.3,,6.7,16.0,16.0,11.0,50.0,,,MEDIUM,0
CAC,2023,4,2,0,0,34.5,6.87,,10.3,16.0,18.0,0.0,50.0,,,MEDIUM,0
CAC,2023,5,11,4,0,,,,4.4,17.0,17.0,6.0,100.0,,,MEDIUM,0
CAC,2023,6,9,3,0,,,,9.6,23.0,25.0,11.0,,,,MEDIUM,0
CAC,2023,7,31,29,3,35.55,0.0,,12.7,-114.0,-462.0,11.0,,,,MEDIUM,0
CAC,2023,8,27,19,0,34.05,0.0,,11.5,-94.0,-431.0,28.0,,,,MEDIUM,0
CAC,2023,9,12,1,0,34.35,0.0,,16.6,2.0,-115.0,44.0,,,,MEDIUM,0
CAC,2023,10,5,0,0,434.0,,,14.0,39.0,8.0,50.0,,,,MEDIUM,0
CAC,2023,11,0,0,0,0.0,,,9.1,,,,,,,MEDIUM,0
CAC,2023,12,0,0,0,0.0,,,,,,,,,,MEDIUM,0
CAC,2024,1,0,0,0,0.0,,,,,,,,,,MEDIUM,0
CAC,2024,2,0,0,0,0.0,,,,,,,,,,MEDIUM,0
CAC,2024,3,0,0,0,,,,,,,,,,,MEDIUM,0
CAC,2024,4,1,0,0,,,,,,,,,,,MEDIUM,0
CAC,2024,5,11,3,0,,,,,,,,,,,MEDIUM,0
CAC,2024,6,29,22,0,,,,,,,,,,,MEDIUM,0
CAC,2024,7,31,31,15,,,,,,,,,,,MEDIUM,0
CAC,2024,8,28,26,0,,,,,,,,,,,MEDIUM,0
CAC,2024,9,22,14,0,,,,,,,,,,,MEDIUM,0
CAC,2024,10,12,7,0,,,,,,,,,,,MEDIUM,0
CAC,2024,11,0,0,0,,,,,,,,,,,MEDIUM,0
CAC,2024,12,0,0,0,,,,,,,,,,,MEDIUM,0
CAC,2025,1,0,0,0,,,,,,,,,,,MEDIUM,0
CAC,2025,2,0,0,0,,,,,,,,,,,MEDIUM,0
CAC,2025,3,0,0,0,,,,,,,,,,,MEDIUM,0
CAC,2025,4,0,0,0,,,,,,,,,,,MEDIUM,0
CAC,2025,5,12,5,0,,,,,,,,,,,MEDIUM,0
CAC,2025,6,25,19,0,,,,,,,,,,,MEDIUM,0
CAC,2025,7,29,22,0,,,,,,,,,,,MEDIUM,0
CAC,2025,8,31,26,0,,,,,,,,,,,MEDIUM,0
CAC,2025,9,15,7,0,,,,,,,,,,,MEDIUM,0
CAC,2025,10,0,0,0,,,,,,,,,,,MEDIUM,0
CAC,2025,11,0,0,0,,,,,,,,,,,MEDIUM,0
CAC,2025,12,0,0,0,,,,,,,,,,,MEDIUM,0
CAL,2016,1,0,0,0,,,,,,,,,165.3,mechanical,MAXIMUM,0
CAL,2016,2,2,0,0,,,,,,,,,164.1,mechanical,MAXIMUM,0
CAL,2016,3,10,0,0,,,,,,,,,160.2,mechanical,MAXIMUM,0
CAL,2016,4,11,4,0,,,,,,,,,159.1,mechanical,MAXIMUM,0
CAL,2016,5,19,11,0,,,,,,,,,163.0,mechanical,MAXIMUM,0
CAL,2016,6,30,29,1,,,,,,,,,163.7,mechanical,MAXIMUM,0
CAL,2016,7,31,31,0,,,,,,,,,163.0,mechanical,MAXIMUM,0
CAL,2016,8,31,31,0,,,,,,,,,163.6,mechanical,MAXIMUM,0
CAL,2016,9,27,23,0,,,,,,,,,167.5,mechanical,MAXIMUM,0
CAL,2016,10,23,9,0,,,,,,,,,168.8,mechanical,MAXIMUM,0
CAL,2016,11,3,0,0,,,,,,,,,168.1,mechanical,MAXIMUM,0
CAL,2016,12,0,0,0,,,,,,,,,167.8,mechanical,MAXIMUM,0
CAL,2017,1,0,0,0,,,,8.7,10.0,11.0,3.0,8.0,165.8,mechanical,MAXIMUM,0
CAL,2017,2,0,0,0,,,,5.6,10.0,11.0,9.0,8.0,164.0,mechanical,MAXIMUM,0
CAL,2017,3,14,7,0,,,,7.7,12.0,14.0,3.0,8.0,164.4,mechanical,MAXIMUM,0
CAL,2017,4,15,4,0,,,,8.0,11.0,14.0,-3.0,8.0,166.7,mechanical,MAXIMUM,0
CAL,2017,5,22,17,0,,,,7.8,11.0,13.0,3.0,8.0,168.0,mechanical,MAXIMUM,0
CAL,2017,6,30,27,2,,,,6.5,11.0,15.0,0.0,8.0,165.6,mechanical,MAXIMUM,0
CAL,2017,7,31,31,1,,,,10.6,11.0,14.0,0.0,8.0,163.6,mechanical,MAXIMUM,0
CAL,2017,8,31,31,0,,,,13.1,10.0,12.0,0.0,8.0,161.1,mechanical,MAXIMUM,0
CAL,2017,9,26,20,0,,,,8.7,12.0,14.0,3.0,17.0,160.9,mechanical,MAXIMUM,0
CAL,2017,10,24,15,0,,,,9.6,14.0,15.0,3.0,25.0,160.8,mechanical,MAXIMUM,0
CAL,2017,11,2,0,0,,,,12.9,11.0,13.0,3.0,9.0,161.3,mechanical,MAXIMUM,0
CAL,2017,12,0,0,0,,,,11.1,11.0,13.0,3.0,9.0,162.7,mechanical,MAXIMUM,0
CAL,2018,1,0,0,0,,,,9.3,10.0,11.0,3.0,9.0,160.3,mechanical,MAXIMUM,0
CAL,2018,2,0,0,0,,,,9.2,9.0,11.0,3.0,0.0,159.7,mechanical,MAXIMUM,0
CAL,2018,3,3,1,0,,,,8.0,9.0,11.0,3.0,0.0,158.2,mechanical,MAXIMUM,0
CAL,2018,4,18,10,0,,,,8.5,9.0,11.0,3.0,9.0,157.7,mechanical,MAXIMUM,0
CAL,2018,5,24,16,0,,,,10.4,10.0,11.0,6.0,9.0,157.2,mechanical,MAXIMUM,0
CAL,2018,6,30,28,0,,,,8.8,9.0,10.0,3.0,18.0,156.1,mechanical,MAXIMUM,0
CAL,2018,7,31,31,1,,,,10.8,10.0,12.0,3.0,18.0,154.6,mechanical,MAXIMUM,0
CAL,2018,8,31,31,0,,,,6.8,10.0,11.0,9.0,9.0,149.5,mechanical,MAXIMUM,0
CAL,2018,9,30,30,0,,,,12.2,8.0,7.0,12.0,9.0,148.4,mechanical,MAXIMUM,0
CAL,2018,10,11,1,0,,,,7.9,7.0,6.0,12.0,9.0,149.0,mechanical,MAXIMUM,0
CAL,2018,11,1,0,0,,,,8.3,5.0,4.0,9.0,9.0,150.7,mechanical,MAXIMUM,0
CAL,2018,12,0,0,0,,,,12.5,6.0,4.0,12.0,18.0,151.3,mechanical,MAXIMUM,0
CAL,2019,1,0,0,0,,,,14.6,6.0,6.0,6.0,18.0,151.2,mechanical,MAXIMUM,0
CAL,2019,2,0,0,0,,,,15.8,6.0,6.0,0.0,25.0,153.9,mechanical,MAXIMUM,0
CAL,2019,3,0,0,0,,,,8.2,7.0,7.0,0.0,25.0,153.6,mechanical,MAXIMUM,0
CAL,2019,4,13,8,0,,,,10.8,7.0,7.0,0.0,25.0,153.3,mechanical,MAXIMUM,0
CAL,2019,5,13,7,0,,,,10.4,8.0,8.0,0.0,25.0,151.9,mechanical,MAXIMUM,0
CAL,2019,6,30,28,0,,,,6.9,8.0,7.0,3.0,25.0,151.3,mechanical,MAXIMUM,0
CAL,2019,7,31,31,0,,,,9.7,13.0,14.0,3.0,25.0,150.5,mechanical,MAXIMUM,0
CAL,2019,8,31,31,2,,,,11.1,17.0,16.0,12.0,42.0,149.4,mechanical,MAXIMUM,0
CAL,2019,9,27,23,0,,,,12.6,19.0,19.0,9.0,42.0,149.1,mechanical,MAXIMUM,0
CAL,2019,10,18,10,0,,,,15.5,20.0,20.0,9.0,42.0,146.6,mechanical,MAXIMUM,0
CAL,2019,11,2,0,0,,,,14.1,17.0,16.0,9.0,50.0,142.6,mechanical,MAXIMUM,0
CAL,2019,12,0,0,0,,,,15.4,15.0,14.0,6.0,50.0,138.2,mechanical,MAXIMUM,0
CAL,2020,1,0,0,0,,,,10.9,14.0,12.0,6.0,50.0,134.9,mechanical,MAXIMUM,0
CAL,2020,2,0,0,0,,,,13.4,14.0,14.0,3.0,50.0,129.0,mechanical,MAXIMUM,0
CAL,2020,3,0,0,0,,,,12.8,13.0,12.0,3.0,50.0,132.4,mechanical,MAXIMUM,0
CAL,2020,4,9,9,0,,,,12.4,12.0,10.0,3.0,67.0,127.2,mechanical,MAXIMUM,0
CAL,2020,5,28,22,0,,,,9.8,11.0,10.0,3.0,58.0,133.6,mechanical,MAXIMUM,0
CAL,2020,6,28,26,0,,,,10.6,12.0,11.0,3.0,50.0,134.9,mechanical,MAXIMUM,0
CAL,2020,7,31,31,1,,,,10.3,14.0,12.0,6.0,50.0,128.0,mechanical,MAXIMUM,0
CAL,2020,8,31,31,1,,,,7.0,13.0,12.0,6.0,55.0,125.3,mechanical,MAXIMUM,0
CAL,2020,9,30,28,1,,,,11.2,13.0,11.0,9.0,48.0,125.6,mechanical,MAXIMUM,0
CAL,2020,10,23,19,0,,,,8.9,14.0,12.0,9.0,48.0,129.4,mechanical,MAXIMUM,0
CAL,2020,11,5,0,0,,,,8.3,13.0,12.0,9.0,36.0,128.4,mechanical,MAXIMUM,0
CAL,2020,12,0,0,0,,,,7.1,13.0,14.0,9.0,18.0,126.8,mechanical,MAXIMUM,0
CAL,2021,1,0,0,0,,,,9.1,15.0,13.0,21.0,30.0,126.3,mechanical,MAXIMUM,0
CAL,2021,2,0,0,0,,,,5.9,13.0,10.0,18.0,30.0,127.3,mechanical,MAXIMUM,0
CAL,2021,3,1,0,0,,,,6.0,13.0,10.0,18.0,30.0,128.5,mechanical,MAXIMUM,0
CAL,2021,4,17,7,0,,,,6.7,15.0,12.0,18.0,50.0,127.2,mechanical,MAXIMUM,0
CAL,2021,5,27,20,0,,,,9.4,16.0,14.0,15.0,40.0,127.3,mechanical,MAXIMUM,0
CAL,2021,6,30,28,0,,,,8.3,14.0,13.0,12.0,40.0,126.3,mechanical,MAXIMUM,0
CAL,2021,7,31,31,0,55.0,0.0,,8.6,12.0,12.0,3.0,36.0,126.0,mechanical,MAXIMUM,0
CAL,2021,8,31,31,1,34.8,0.29,,10.6,9.0,10.0,0.0,27.0,124.4,mechanical,MAXIMUM,0
CAL,2021,9,29,27,0,24.45,0.0,,10.0,8.0,8.0,0.0,27.0,123.1,mechanical,MAXIMUM,0
CAL,2021,10,14,4,0,67.65,9.61,,6.4,8.0,8.0,0.0,18.0,126.2,mechanical,MAXIMUM,0
CAL,2021,11,7,0,0,43.5,12.47,1.0,8.1,9.0,10.0,-3.0,18.0,126.4,mechanical,MAXIMUM,0
CAL,2021,12,0,0,0,38.2,2.96,,7.2,11.0,11.0,6.0,27.0,124.9,mechanical,MAXIMUM,0
CAL,2022,1,0,0,0,55.75,23.82,,6.2,10.0,9.0,10.0,27.0,121.3,mechanical,MAXIMUM,0
CAL,2022,2,0,0,0,41.15,19.2,,10.8,10.0,8.0,10.0,27.0,117.8,mechanical,MAXIMUM,0
CAL,2022,3,3,0,0,24.0,4.59,,8.5,9.0,8.0,3.0,36.0,118.6,mechanical,MAXIMUM,0
CAL,2022,4,15,4,0,24.0,4.88,,7.9,10.0,10.0,3.0,27.0,115.1,mechanical,MAXIMUM,0
CAL,2022,5,26,20,0,,,,6.3,9.0,11.0,-3.0,27.0,115.6,mechanical,MAXIMUM,0
CAL,2022,6,30,30,0,,,,7.2,9.0,11.0,-7.0,18.0,113.6,mechanical,MAXIMUM,0
CAL,2022,7,31,31,0,24.0,7.51,1.0,7.5,10.0,12.0,0.0,9.0,110.2,mechanical,MAXIMUM,0
CAL,2022,8,31,31,0,24.0,5.01,1.0,6.7,10.0,14.0,-7.0,9.0,110.5,mechanical,MAXIMUM,0
CAL,2022,9,28,26,0,16.0,0.87,,7.7,8.0,11.0,-7.0,0.0,110.7,mechanical,MAXIMUM,0
CAL,2022,10,18,13,0,16.0,0.0,1.0,6.7,9.0,11.0,0.0,0.0,109.8,mechanical,MAXIMUM,0
CAL,2022,11,0,0,0,0.0,0.66,,9.6,10.0,13.0,0.0,0.0,108.5,mechanical,MAXIMUM,0
CAL,2022,12,0,0,0,16.0,1.3,,5.0,12.0,14.0,0.0,9.0,109.7,mechanical,MAXIMUM,0
CAL,2023,1,0,0,0,19.45,0.85,,7.3,15.0,16.0,13.0,0.0,108.3,mechanical,MAXIMUM,0
CAL,2023,2,0,0,0,21.05,13.79,,8.5,14.0,15.0,9.0,18.0,106.3,mechanical,MAXIMUM,0
CAL,2023,3,0,0,0,32.0,12.32,,9.7,15.0,15.0,10.0,27.0,108.4,mechanical,MAXIMUM,0
CAL,2023,4,13,7,0,34.75,0.0,,11.2,13.0,13.0,7.0,27.0,107.8,mechanical,MAXIMUM,0
CAL,2023,5,21,15,0,,,,9.0,9.0,9.0,7.0,18.0,108.1,mechanical,MAXIMUM,0
CAL,2023,6,27,18,0,,,,8.0,13.0,13.0,10.0,18.0,114.1,mechanical,MAXIMUM,0
CAL,2023,7,31,31,2,41.65,0.0,,10.1,12.0,13.0,7.0,18.0,117.2,mechanical,MAXIMUM,0
CAL,2023,8,29,28,2,31.0,0.0,,9.8,11.0,11.0,10.0,18.0,117.9,mechanical,MAXIMUM,0
CAL,2023,9,28,26,0,15.48,0.0,,11.0,11.0,10.0,10.0,27.0,115.7,mechanical,MAXIMUM,0
CAL,2023,10,16,13,0,34.0,0.0,,6.7,13.0,12.0,17.0,27.0,117.2,mechanical,MAXIMUM,0
CAL,2023,11,2,0,0,48.0,0.0,,8.3,14.0,11.0,20.0,27.0,121.3,mechanical,MAXIMUM,0
CAL,2023,12,0,0,0,0.0,0.0,,9.7,13.0,10.0,20.0,36.0,118.8,mechanical,MAXIMUM,0
CAL,2024,1,0,0,0,0.0,0.0,,10.2,13.0,12.0,13.0,27.0,115.0,mechanical,MAXIMUM,0
CAL,2024,2,2,0,0,0.0,0.0,,13.4,13.0,12.0,13.0,27.0,112.3,mechanical,MAXIMUM,0
CAL,2024,3,0,0,0,0.0,0.0,,12.3,13.0,12.0,10.0,36.0,123.0,mechanical,MAXIMUM,0
CAL,2024,4,14,4,0,0.0,5.04,1.0,13.6,10.0,10.0,3.0,36.0,120.8,mechanical,MAXIMUM,0
CAL,2024,5,28,19,0,,,,12.6,9.0,7.0,10.0,36.0,123.1,mechanical,MAXIMUM,0
CAL,2024,6,30,30,0,,,,14.0,12.0,10.0,13.0,39.0,125.6,mechanical,MAXIMUM,0
CAL,2024,7,31,31,1,0.5,0.0,,15.9,10.0,9.0,9.0,24.0,125.4,mechanical,MAXIMUM,0
CAL,2024,8,31,31,0,0.0,0.0,,11.3,8.0,7.0,6.0,24.0,121.0,mechanical,MAXIMUM,0
CAL,2024,9,28,25,1,0.0,1.09,,16.6,9.0,8.0,6.0,24.0,113.2,mechanical,MAXIMUM,0
CAL,2024,10,22,18,0,0.0,0.57,,14.9,11.0,9.0,13.0,24.0,109.3,mechanical,MAXIMUM,0
CAL,2024,11,0,0,0,0.0,0.0,1.0,11.9,12.0,10.0,19.0,24.0,106.8,mechanical,MAXIMUM,0
CAL,2024,12,0,0,0,0.0,1.49,,17.2,12.0,10.0,19.0,14.0,103.6,mechanical,MAXIMUM,0
CAL,2025,1,0,0,0,0.0,0.0,,13.0,10.0,8.0,16.0,14.0,137.4,mechanical,MAXIMUM,0
CAL,2025,2,4,0,0,2.5,0.0,,15.2,12.0,9.0,22.0,24.0,140.4,mechanical,MAXIMUM,0
CAL,2025,3,4,2,0,0.0,20.72,,15.9,13.0,9.0,25.0,24.0,141.3,mechanical,MAXIMUM,0
CAL,2025,4,8,4,0,0.0,1.03,1.0,17.3,15.0,13.0,25.0,24.0,137.3,mechanical,MAXIMUM,0
CAL,2025,5,23,15,0,,,,17.1,12.0,10.0,19.0,24.0,134.3,mechanical,MAXIMUM,0
CAL,2025,6,30,28,0,,,,19.0,11.0,10.0,16.0,24.0,130.8,mechanical,MAXIMUM,0
CAL,2025,7,31,31,1,,,,11.2,14.0,12.0,13.0,39.0,131.3,mechanical,MAXIMUM,0
CAL,2025,8,31,30,1,,,,8.3,14.0,12.0,13.0,39.0,131.6,mechanical,MAXIMUM,0
CAL,2025,9,26,19,0,,,,12.2,14.0,12.0,10.0,39.0,133.0,mechanical,MAXIMUM,0
CAL,2025,10,17,3,0,,,,13.3,15.0,12.0,16.0,39.0,139.2,mechanical,MAXIMUM,0
CAL,2025,11,5,0,0,,,,14.5,15.0,12.0,19.0,39.0,138.4,mechanical,MAXIMUM,0
CAL,2025,12,0,0,0,,,,9.5,15.0,12.0,19.0,39.0,138.8,mechanical,MAXIMUM,0
CCI,2016,1,0,0,0,,,,,,,,,127.5,mixed_ventilation_only,MAXIMUM,0
CCI,2016,2,0,0,0,,,,,,,,,123.3,mixed_ventilation_only,MAXIMUM,0
CCI,2016,3,0,0,0,,,,,,,,,117.9,mixed_ventilation_only,MAXIMUM,0
CCI,2016,4,0,0,0,,,,,,,,,116.1,mixed_ventilation_only,MAXIMUM,0
CCI,2016,5,0,0,0,,,,,,,,,111.9,mixed_ventilation_only,MAXIMUM,0
CCI,2016,6,8,0,1,,,,,,,,,112.8,mixed_ventilation_only,MAXIMUM,0
CCI,2016,7,11,2,4,,,,,,,,,117.7,mixed_ventilation_only,MAXIMUM,0
CCI,2016,8,6,0,0,,,,,,,,,123.2,mixed_ventilation_only,MAXIMUM,0
CCI,2016,9,0,0,0,,,,,,,,,128.3,mixed_ventilation_only,MAXIMUM,0
CCI,2016,10,0,0,0,,,,,,,,,130.4,mixed_ventilation_only,MAXIMUM,0
CCI,2016,11,0,0,0,,,,,,,,,131.3,mixed_ventilation_only,MAXIMUM,0
CCI,2016,12,0,0,0,,,,,,,,,131.9,mixed_ventilation_only,MAXIMUM,0
CCI,2017,1,0,0,0,,,,8.9,27.0,29.0,6.0,32.0,132.9,mixed_ventilation_only,MAXIMUM,0
CCI,2017,2,0,0,0,,,,8.2,27.0,30.0,14.0,27.0,135.9,mixed_ventilation_only,MAXIMUM,0
CCI,2017,3,0,0,0,,,,7.6,26.0,28.0,6.0,29.0,138.6,mixed_ventilation_only,MAXIMUM,0
CCI,2017,4,0,0,0,,,,11.0,26.0,28.0,6.0,31.0,139.0,mixed_ventilation_only,MAXIMUM,0
CCI,2017,5,0,0,0,,,,9.1,22.0,23.0,3.0,31.0,135.5,mixed_ventilation_only,MAXIMUM,0
CCI,2017,6,8,4,5,,,,8.8,24.0,26.0,3.0,31.0,135.6,mixed_ventilation_only,MAXIMUM,0
CCI,2017,7,9,0,1,,,,11.8,16.0,13.0,3.0,32.0,135.5,mixed_ventilation_only,MAXIMUM,0
CCI,2017,8,8,3,5,,,,11.6,20.0,17.0,9.0,33.0,138.0,mixed_ventilation_only,MAXIMUM,0
CCI,2017,9,3,1,1,,,,11.6,19.0,15.0,12.0,32.0,137.5,mixed_ventilation_only,MAXIMUM,0
CCI,2017,10,0,0,0,,,,9.7,19.0,15.0,12.0,34.0,137.0,mixed_ventilation_only,MAXIMUM,0
CCI,2017,11,0,0,0,,,,10.5,15.0,11.0,0.0,35.0,137.5,mixed_ventilation_only,MAXIMUM,0
CCI,2017,12,0,0,0,,,,14.0,15.0,11.0,0.0,35.0,129.4,mixed_ventilation_only,MAXIMUM,0
CCI,2018,1,0,0,0,,,,13.7,15.0,10.0,0.0,36.0,121.5,mixed_ventilation_only,MAXIMUM,0
CCI,2018,2,0,0,0,,,,11.3,14.0,10.0,0.0,33.0,120.4,mixed_ventilation_only,MAXIMUM,0
CCI,2018,3,0,0,0,,,,8.6,12.0,8.0,0.0,32.0,118.2,mixed_ventilation_only,MAXIMUM,0
CCI,2018,4,0,0,0,,,,16.2,12.0,10.0,0.0,27.0,116.3,mixed_ventilation_only,MAXIMUM,0
CCI,2018,5,0,0,0,,,,11.8,13.0,11.0,0.0,24.0,117.0,mixed_ventilation_only,MAXIMUM,0
CCI,2018,6,4,0,0,,,,13.0,12.0,11.0,0.0,23.0,119.2,mixed_ventilation_only,MAXIMUM,0
CCI,2018,7,16,0,1,,,,14.2,10.0,9.0,0.0,22.0,120.3,mixed_ventilation_only,MAXIMUM,0
CCI,2018,8,5,0,1,,,,11.1,11.0,11.0,0.0,19.0,121.7,mixed_ventilation_only,MAXIMUM,0
CCI,2018,9,0,0,0,,,,15.9,13.0,10.0,6.0,24.0,128.1,mixed_ventilation_only,MAXIMUM,0
CCI,2018,10,0,0,0,,,,12.6,11.0,9.0,3.0,24.0,136.4,mixed_ventilation_only,MAXIMUM,0
CCI,2018,11,0,0,0,,,,13.7,10.0,7.0,3.0,23.0,141.6,mixed_ventilation_only,MAXIMUM,0
CCI,2018,12,0,0,0,,,,16.6,10.0,7.0,6.0,23.0,145.1,mixed_ventilation_only,MAXIMUM,0
CCI,2019,1,0,0,0,,,,8.0,10.0,7.0,6.0,23.0,145.8,mixed_ventilation_only,MAXIMUM,0
CCI,2019,2,0,0,0,,,,12.6,14.0,9.0,6.0,31.0,143.7,mixed_ventilation_only,MAXIMUM,0
CCI,2019,3,0,0,0,,,,10.2,15.0,11.0,6.0,30.0,141.2,mixed_ventilation_only,MAXIMUM,0
CCI,2019,4,0,0,0,,,,8.8,13.0,10.0,3.0,30.0,139.8,mixed_ventilation_only,MAXIMUM,0
CCI,2019,5,0,0,0,,,,8.6,13.0,9.0,3.0,30.0,138.6,mixed_ventilation_only,MAXIMUM,0
CCI,2019,6,0,0,0,,,,9.9,12.0,7.0,6.0,31.0,134.4,mixed_ventilation_only,MAXIMUM,0
CCI,2019,7,5,0,0,,,,6.3,17.0,17.0,6.0,25.0,132.2,mixed_ventilation_only,MAXIMUM,0
CCI,2019,8,11,0,0,,,,11.5,17.0,16.0,6.0,25.0,133.3,mixed_ventilation_only,MAXIMUM,0
CCI,2019,9,3,0,0,,,,10.8,18.0,19.0,6.0,24.0,135.8,mixed_ventilation_only,MAXIMUM,0
CCI,2019,10,0,0,0,,,,10.4,19.0,20.0,9.0,24.0,134.7,mixed_ventilation_only,MAXIMUM,0
CCI,2019,11,0,0,0,,,,7.8,17.0,17.0,6.0,24.0,133.7,mixed_ventilation_only,MAXIMUM,0
CCI,2019,12,0,0,0,,,,8.6,15.0,15.0,6.0,22.0,132.7,mixed_ventilation_only,MAXIMUM,0
CCI,2020,1,0,0,0,,,,9.5,14.0,13.0,12.0,20.0,133.0,mixed_ventilation_only,MAXIMUM,0
CCI,2020,2,0,0,0,,,,6.6,13.0,13.0,9.0,13.0,131.5,mixed_ventilation_only,MAXIMUM,0
CCI,2020,3,0,0,0,,,,10.2,13.0,12.0,12.0,17.0,131.7,mixed_ventilation_only,MAXIMUM,0
CCI,2020,4,0,0,0,,,,12.9,12.0,10.0,15.0,17.0,126.3,mixed_ventilation_only,MAXIMUM,0
CCI,2020,5,1,0,0,,,,7.8,11.0,10.0,12.0,13.0,131.3,mixed_ventilation_only,MAXIMUM,0
CCI,2020,6,4,0,0,,,,10.3,12.0,12.0,6.0,14.0,133.5,mixed_ventilation_only,MAXIMUM,0
CCI,2020,7,8,0,1,,,,10.6,10.0,12.0,6.0,7.0,123.8,mixed_ventilation_only,MAXIMUM,0
CCI,2020,8,6,0,1,,,,7.6,10.0,12.0,6.0,9.0,119.0,mixed_ventilation_only,MAXIMUM,0
CCI,2020,9,4,2,2,,,,10.9,9.0,10.0,6.0,6.0,111.5,mixed_ventilation_only,MAXIMUM,0
CCI,2020,10,0,0,0,,,,13.9,9.0,10.0,6.0,6.0,107.8,mixed_ventilation_only,MAXIMUM,0
CCI,2020,11,0,0,0,,,,14.4,10.0,11.0,12.0,6.0,107.2,mixed_ventilation_only,MAXIMUM,0
CCI,2020,12,0,0,0,,,,14.4,10.0,10.0,9.0,13.0,104.7,mixed_ventilation_only,MAXIMUM,0
CCI,2021,1,0,0,0,,,,10.9,10.0,10.0,12.0,8.0,105.2,mixed_ventilation_only,MAXIMUM,0
CCI,2021,2,0,0,0,,,,14.5,11.0,11.0,12.0,12.0,104.6,mixed_ventilation_only,MAXIMUM,0
CCI,2021,3,0,0,0,,,,8.3,12.0,12.0,9.0,12.0,104.1,mixed_ventilation_only,MAXIMUM,0
CCI,2021,4,0,0,0,,,,19.4,13.0,13.0,9.0,17.0,106.3,mixed_ventilation_only,MAXIMUM,0
CCI,2021,5,0,0,0,,,,12.2,12.0,11.0,9.0,14.0,106.1,mixed_ventilation_only,MAXIMUM,0
CCI,2021,6,9,3,3,,,,9.9,12.0,12.0,9.0,12.0,107.3,mixed_ventilation_only,MAXIMUM,0
CCI,2021,7,8,1,2,125.9,6.48,,9.9,10.0,12.0,9.0,3.0,103.8,mixed_ventilation_only,MAXIMUM,0
CCI,2021,8,5,0,1,154.75,0.99,,12.8,13.0,13.0,12.0,10.0,101.7,mixed_ventilation_only,MAXIMUM,0
CCI,2021,9,4,1,1,189.25,0.0,,10.8,15.0,16.0,12.0,11.0,98.4,mixed_ventilation_only,MAXIMUM,0
CCI,2021,10,0,0,0,172.95,0.0,,12.6,16.0,16.0,15.0,17.0,122.2,mixed_ventilation_only,MAXIMUM,0
CCI,2021,11,0,0,0,133.9,3.24,,17.4,16.0,15.0,21.0,19.0,123.3,mixed_ventilation_only,MAXIMUM,0
CCI,2021,12,0,0,0,95.1,1.57,,13.5,18.0,16.0,24.0,22.0,141.5,mixed_ventilation_only,MAXIMUM,0
CCI,2022,1,0,0,0,141.8,23.97,,13.6,16.0,16.0,21.0,15.0,140.1,mixed_ventilation_only,MAXIMUM,0
CCI,2022,2,0,0,0,134.95,12.76,,14.2,16.0,15.0,24.0,15.0,143.9,mixed_ventilation_only,MAXIMUM,0
CCI,2022,3,0,0,0,186.65,1.41,,9.6,16.0,15.0,21.0,15.0,143.7,mixed_ventilation_only,MAXIMUM,0
CCI,2022,4,0,0,0,162.5,2.0,,10.0,16.0,16.0,21.0,13.0,143.6,mixed_ventilation_only,MAXIMUM,0
CCI,2022,5,0,0,0,,,,13.0,16.0,16.0,13.0,13.0,139.6,mixed_ventilation_only,MAXIMUM,0
CCI,2022,6,0,0,0,,,,5.1,14.0,16.0,11.0,7.0,138.7,mixed_ventilation_only,MAXIMUM,0
CCI,2022,7,8,0,0,138.1,2.52,,11.1,19.0,19.0,15.0,25.0,136.4,mixed_ventilation_only,MAXIMUM,0
CCI,2022,8,5,0,0,151.05,1.33,,12.4,21.0,21.0,11.0,25.0,134.3,mixed_ventilation_only,MAXIMUM,0
CCI,2022,9,6,3,3,127.85,1.31,,17.6,21.0,21.0,11.0,27.0,134.3,mixed_ventilation_only,MAXIMUM,0
CCI,2022,10,0,0,0,102.9,1.18,,12.1,18.0,18.0,11.0,22.0,131.1,mixed_ventilation_only,MAXIMUM,0
CCI,2022,11,0,0,0,112.1,1.07,,9.3,18.0,18.0,11.0,20.0,127.2,mixed_ventilation_only,MAXIMUM,0
CCI,2022,12,0,0,0,96.5,1.02,,13.5,19.0,20.0,11.0,20.0,123.4,mixed_ventilation_only,MAXIMUM,0
CCI,2023,1,0,0,0,95.15,2.51,1.0,12.8,16.0,18.0,11.0,14.0,120.2,mixed_ventilation_only,MAXIMUM,0
CCI,2023,2,0,0,0,116.45,0.59,,11.8,19.0,19.0,11.0,24.0,116.6,mixed_ventilation_only,MAXIMUM,0
CCI,2023,3,0,0,0,77.85,2.55,,11.4,19.0,20.0,8.0,24.0,108.1,mixed_ventilation_only,MAXIMUM,0
CCI,2023,4,0,0,0,94.3,0.1,,10.7,22.0,23.0,12.0,26.0,98.9,mixed_ventilation_only,MAXIMUM,0
CCI,2023,5,0,0,0,,,,9.1,23.0,24.0,12.0,23.0,87.5,mixed_ventilation_only,MAXIMUM,0
CCI,2023,6,0,0,0,,,,13.6,24.0,25.0,12.0,26.0,108.0,mixed_ventilation_only,MAXIMUM,0
CCI,2023,7,6,2,2,79.3,0.0,,11.3,15.0,15.0,12.0,19.0,107.9,mixed_ventilation_only,MAXIMUM,0
CCI,2023,8,1,0,0,64.25,0.97,,14.2,20.0,21.0,15.0,22.0,109.9,mixed_ventilation_only,MAXIMUM,0
CCI,2023,9,0,0,0,72.15,0.0,,17.6,20.0,20.0,16.0,22.0,112.6,mixed_ventilation_only,MAXIMUM,0
CCI,2023,10,0,0,0,848.0,2.48,,19.3,16.0,16.0,9.0,22.0,113.7,mixed_ventilation_only,MAXIMUM,0
CCI,2023,11,0,0,0,987.0,0.37,,17.6,14.0,15.0,9.0,19.0,113.9,mixed_ventilation_only,MAXIMUM,0
CCI,2023,12,0,0,0,775.75,0.53,,17.3,15.0,16.0,5.0,19.0,116.0,mixed_ventilation_only,MAXIMUM,0
CCI,2024,1,0,0,0,1036.5,0.39,1.0,20.3,19.0,16.0,2.0,39.0,118.3,mixed_ventilation_only,MAXIMUM,0
CCI,2024,2,0,0,0,613.5,1.2,,12.6,22.0,21.0,2.0,41.0,117.6,mixed_ventilation_only,MAXIMUM,0
CCI,2024,3,0,0,0,335.0,0.0,,14.9,22.0,20.0,6.0,41.0,116.1,mixed_ventilation_only,MAXIMUM,0
CCI,2024,4,0,0,0,66.25,0.66,,17.5,24.0,21.0,10.0,43.0,112.9,mixed_ventilation_only,MAXIMUM,0
CCI,2024,5,0,0,0,,,,15.5,26.0,24.0,13.0,43.0,111.3,mixed_ventilation_only,MAXIMUM,0
CCI,2024,6,2,0,0,,,,11.7,25.0,24.0,15.0,38.0,109.9,mixed_ventilation_only,MAXIMUM,0
CCI,2024,7,16,4,7,55.0,2.27,,18.0,24.0,22.0,15.0,38.0,113.4,mixed_ventilation_only,MAXIMUM,0
CCI,2024,8,5,0,0,85.5,2.73,,16.8,21.0,22.0,12.0,19.0,113.3,mixed_ventilation_only,MAXIMUM,0
CCI,2024,9,1,0,0,75.25,0.83,2.0,28.2,20.0,20.0,12.0,26.0,105.7,mixed_ventilation_only,MAXIMUM,0
CCI,2024,10,3,0,0,101.25,1.21,,20.8,19.0,19.0,12.0,26.0,108.2,mixed_ventilation_only,MAXIMUM,0
CCI,2024,11,0,0,0,95.25,0.32,,19.0,19.0,18.0,12.0,27.0,115.4,mixed_ventilation_only,MAXIMUM,0
CCI,2024,12,0,0,0,81.0,0.15,,22.4,19.0,17.0,12.0,30.0,135.5,mixed_ventilation_only,MAXIMUM,0
CCI,2025,1,0,0,0,19.75,0.1,1.0,27.9,20.0,16.0,8.0,43.0,157.2,mixed_ventilation_only,MAXIMUM,0
CCI,2025,2,0,0,0,82.25,2.34,,23.0,20.0,15.0,8.0,45.0,160.5,mixed_ventilation_only,MAXIMUM,0
CCI,2025,3,0,0,0,90.25,7.5,,19.9,20.0,16.0,8.0,41.0,160.0,mixed_ventilation_only,MAXIMUM,0
CCI,2025,4,0,0,0,152.3,1.07,,17.9,23.0,19.0,8.0,43.0,164.4,mixed_ventilation_only,MAXIMUM,0
CCI,2025,5,1,0,0,,,,24.8,21.0,19.0,8.0,37.0,163.9,mixed_ventilation_only,MAXIMUM,0
CCI,2025,6,0,0,0,,,,16.0,19.0,17.0,4.0,35.0,160.7,mixed_ventilation_only,MAXIMUM,0
CCI,2025,7,0,0,0,,,,25.4,32.0,25.0,12.0,57.0,158.8,mixed_ventilation_only,MAXIMUM,0
CCI,2025,8,2,0,1,,,,21.5,33.0,26.0,15.0,57.0,165.0,mixed_ventilation_only,MAXIMUM,0
CCI,2025,9,1,0,0,,,,26.4,33.0,25.0,15.0,60.0,167.0,mixed_ventilation_only,MAXIMUM,0
CCI,2025,10,0,0,0,,,,20.8,33.0,25.0,15.0,60.0,163.0,mixed_ventilation_only,MAXIMUM,0
CCI,2025,11,0,0,0,,,,26.0,34.0,27.0,19.0,60.0,158.6,mixed_ventilation_only,MAXIMUM,0
CCI,2025,12,0,0,0,,,,21.5,33.0,27.0,19.0,56.0,157.6,mixed_ventilation_only,MAXIMUM,0
CCWF,2016,1,0,0,0,,,,,,,,,136.7,evaporative,MAXIMUM,0
CCWF,2016,2,0,0,0,,,,,,,,,143.0,evaporative,MAXIMUM,0
CCWF,2016,3,0,0,0,,,,,,,,,143.0,evaporative,MAXIMUM,0
CCWF,2016,4,0,0,0,,,,,,,,,145.4,evaporative,MAXIMUM,0
CCWF,2016,5,7,2,0,,,,,,,,,145.8,evaporative,MAXIMUM,0
CCWF,2016,6,22,17,1,,,,,,,,,142.2,evaporative,MAXIMUM,0
CCWF,2016,7,29,21,4,,,,,,,,,142.0,evaporative,MAXIMUM,0
CCWF,2016,8,29,20,1,,,,,,,,,142.1,evaporative,MAXIMUM,0
CCWF,2016,9,17,7,0,,,,,,,,,142.9,evaporative,MAXIMUM,0
CCWF,2016,10,1,0,0,,,,,,,,,143.6,evaporative,MAXIMUM,0
CCWF,2016,11,0,0,0,,,,,,,,,145.1,evaporative,MAXIMUM,0
CCWF,2016,12,0,0,0,,,,,,,,,146.4,evaporative,MAXIMUM,0
CCWF,2017,1,0,0,0,,,,13.2,14.0,15.0,0.0,16.0,145.8,evaporative,MAXIMUM,0
CCWF,2017,2,0,0,0,,,,15.0,13.0,14.0,10.0,12.0,146.0,evaporative,MAXIMUM,0
CCWF,2017,3,0,0,0,,,,13.6,12.0,14.0,4.0,10.0,143.4,evaporative,MAXIMUM,0
CCWF,2017,4,0,0,0,,,,13.9,13.0,14.0,7.0,10.0,141.9,evaporative,MAXIMUM,0
CCWF,2017,5,6,4,0,,,,18.5,12.0,14.0,7.0,9.0,148.3,evaporative,MAXIMUM,0
CCWF,2017,6,23,15,4,,,,14.0,12.0,13.0,7.0,9.0,148.7,evaporative,MAXIMUM,0
CCWF,2017,7,31,30,1,,,,11.9,13.0,15.0,7.0,12.0,147.2,evaporative,MAXIMUM,0
CCWF,2017,8,28,24,4,,,,15.5,12.0,14.0,4.0,10.0,150.5,evaporative,MAXIMUM,0
CCWF,2017,9,14,7,2,,,,15.0,13.0,15.0,0.0,13.0,149.4,evaporative,MAXIMUM,0
CCWF,2017,10,0,0,0,,,,19.4,14.0,16.0,4.0,13.0,149.8,evaporative,MAXIMUM,0
CCWF,2017,11,0,0,0,,,,15.0,13.0,15.0,4.0,10.0,147.2,evaporative,MAXIMUM,0
CCWF,2017,12,0,0,0,,,,18.3,13.0,15.0,4.0,10.0,147.4,evaporative,MAXIMUM,0
CCWF,2018,1,0,0,0,,,,12.0,14.0,16.0,4.0,13.0,146.8,evaporative,MAXIMUM,0
CCWF,2018,2,0,0,0,,,,12.6,12.0,13.0,4.0,13.0,146.1,evaporative,MAXIMUM,0
CCWF,2018,3,0,0,0,,,,8.8,11.0,12.0,4.0,12.0,148.9,evaporative,MAXIMUM,0
CCWF,2018,4,0,0,0,,,,10.1,11.0,13.0,0.0,11.0,146.4,evaporative,MAXIMUM,0
CCWF,2018,5,2,1,0,,,,14.1,12.0,14.0,4.0,11.0,146.6,evaporative,MAXIMUM,0
CCWF,2018,6,19,13,0,,,,10.1,13.0,14.0,4.0,15.0,147.0,evaporative,MAXIMUM,0
CCWF,2018,7,31,28,1,,,,7.7,14.0,15.0,4.0,16.0,144.6,evaporative,MAXIMUM,0
CCWF,2018,8,26,19,0,,,,9.6,14.0,13.0,4.0,19.0,144.9,evaporative,MAXIMUM,0
CCWF,2018,9,20,15,0,,,,9.8,11.0,9.0,4.0,17.0,144.7,evaporative,MAXIMUM,0
CCWF,2018,10,0,0,0,,,,8.1,11.0,10.0,4.0,16.0,144.1,evaporative,MAXIMUM,0
CCWF,2018,11,0,0,0,,,,14.4,11.0,9.0,4.0,18.0,143.3,evaporative,MAXIMUM,0
CCWF,2018,12,0,0,0,,,,8.9,12.0,9.0,8.0,20.0,140.8,evaporative,MAXIMUM,0
CCWF,2019,1,0,0,0,,,,11.0,13.0,10.0,11.0,21.0,140.3,evaporative,MAXIMUM,0
CCWF,2019,2,0,0,0,,,,10.6,13.0,9.0,0.0,26.0,141.5,evaporative,MAXIMUM,0
CCWF,2019,3,0,0,0,,,,7.6,13.0,9.0,8.0,24.0,142.8,evaporative,MAXIMUM,0
CCWF,2019,4,5,1,0,,,,7.7,15.0,12.0,15.0,24.0,144.4,evaporative,MAXIMUM,0
CCWF,2019,5,0,0,0,,,,9.1,15.0,12.0,11.0,23.0,138.9,evaporative,MAXIMUM,0
CCWF,2019,6,23,13,1,,,,9.0,14.0,12.0,4.0,23.0,138.8,evaporative,MAXIMUM,0
CCWF,2019,7,28,19,1,,,,15.5,21.0,21.0,4.0,25.0,141.0,evaporative,MAXIMUM,0
CCWF,2019,8,29,21,2,,,,12.6,19.0,21.0,0.0,17.0,137.3,evaporative,MAXIMUM,0
CCWF,2019,9,14,9,0,,,,20.5,18.0,20.0,0.0,17.0,138.5,evaporative,MAXIMUM,0
CCWF,2019,10,1,0,0,,,,14.9,16.0,17.0,0.0,16.0,141.3,evaporative,MAXIMUM,0
CCWF,2019,11,0,0,0,,,,19.5,14.0,15.0,0.0,15.0,139.8,evaporative,MAXIMUM,0
CCWF,2019,12,0,0,0,,,,21.4,13.0,12.0,4.0,16.0,138.7,evaporative,MAXIMUM,0
CCWF,2020,1,0,0,0,,,,12.7,13.0,12.0,4.0,15.0,140.5,evaporative,MAXIMUM,0
CCWF,2020,2,0,0,0,,,,17.7,15.0,14.0,0.0,22.0,137.7,evaporative,MAXIMUM,0
CCWF,2020,3,0,0,0,,,,18.2,14.0,13.0,8.0,19.0,139.5,evaporative,MAXIMUM,0
CCWF,2020,4,1,0,0,,,,17.7,14.0,12.0,11.0,19.0,131.7,evaporative,MAXIMUM,0
CCWF,2020,5,7,5,0,,,,7.3,13.0,11.0,11.0,20.0,130.2,evaporative,MAXIMUM,0
CCWF,2020,6,17,14,1,,,,14.2,13.0,11.0,15.0,18.0,125.7,evaporative,MAXIMUM,0
CCWF,2020,7,31,25,2,,,,15.1,11.0,9.0,8.0,20.0,107.5,evaporative,MAXIMUM,0
CCWF,2020,8,30,22,4,,,,10.8,11.0,8.0,8.0,20.0,101.6,evaporative,MAXIMUM,0
CCWF,2020,9,17,5,2,,,,8.7,14.0,9.0,8.0,30.0,97.7,evaporative,MAXIMUM,0
CCWF,2020,10,6,2,0,,,,9.7,9.0,9.0,8.0,10.0,99.7,evaporative,MAXIMUM,0
CCWF,2020,11,0,0,0,,,,7.6,10.0,10.0,8.0,9.0,102.2,evaporative,MAXIMUM,0
CCWF,2020,12,0,0,0,,,,11.0,11.0,11.0,8.0,9.0,99.8,evaporative,MAXIMUM,0
CCWF,2021,1,0,0,0,,,,4.5,12.0,13.0,11.0,8.0,99.4,evaporative,MAXIMUM,0
CCWF,2021,2,0,0,0,,,,5.4,12.0,12.0,11.0,10.0,101.6,evaporative,MAXIMUM,0
CCWF,2021,3,0,0,0,,,,8.6,11.0,12.0,11.0,8.0,108.2,evaporative,MAXIMUM,0
CCWF,2021,4,1,0,0,,,,10.8,8.0,7.0,11.0,10.0,117.3,evaporative,MAXIMUM,0
CCWF,2021,5,8,2,0,,,,16.7,10.0,10.0,11.0,11.0,119.2,evaporative,MAXIMUM,0
CCWF,2021,6,21,14,3,,,,11.5,11.0,12.0,4.0,8.0,119.7,evaporative,MAXIMUM,0
CCWF,2021,7,31,28,3,230.5,1.21,,15.4,14.0,12.0,0.0,24.0,118.1,evaporative,MAXIMUM,0
CCWF,2021,8,26,22,1,75.0,2.77,,13.3,13.0,12.0,-8.0,24.0,119.5,evaporative,MAXIMUM,0
CCWF,2021,9,19,12,0,34.0,1.94,,13.6,14.0,12.0,-8.0,26.0,117.0,evaporative,MAXIMUM,0
CCWF,2021,10,2,0,0,31.5,2.16,,11.0,13.0,11.0,-4.0,24.0,112.8,evaporative,MAXIMUM,0
CCWF,2021,11,0,0,0,71.75,8.88,1.0,13.8,14.0,12.0,0.0,25.0,111.9,evaporative,MAXIMUM,0
CCWF,2021,12,0,0,0,38.5,2.84,,14.8,16.0,13.0,0.0,29.0,114.5,evaporative,MAXIMUM,0
CCWF,2022,1,0,0,0,41.0,14.82,,13.4,16.0,14.0,0.0,26.0,111.3,evaporative,MAXIMUM,0
CCWF,2022,2,0,0,0,51.0,22.63,,14.4,16.0,14.0,-4.0,29.0,106.5,evaporative,MAXIMUM,0
CCWF,2022,3,0,0,0,43.0,3.74,,12.8,18.0,16.0,0.0,29.0,112.6,evaporative,MAXIMUM,0
CCWF,2022,4,2,0,0,51.0,2.48,,14.2,18.0,17.0,0.0,27.0,110.8,evaporative,MAXIMUM,0
CCWF,2022,5,7,2,0,,,,11.1,19.0,18.0,0.0,29.0,108.8,evaporative,MAXIMUM,0
CCWF,2022,6,21,12,0,,,,12.0,19.0,18.0,0.0,30.0,105.4,evaporative,MAXIMUM,0
CCWF,2022,7,25,22,1,51.75,11.02,,17.0,23.0,24.0,12.0,25.0,109.4,evaporative,MAXIMUM,0
CCWF,2022,8,30,23,1,56.01,2.46,,15.1,23.0,25.0,0.0,23.0,111.1,evaporative,MAXIMUM,0
CCWF,2022,9,18,12,7,38.29,15.02,,25.2,23.0,26.0,-4.0,23.0,111.0,evaporative,MAXIMUM,0
CCWF,2022,10,8,0,0,46.0,2.18,,21.4,24.0,25.0,0.0,25.0,107.5,evaporative,MAXIMUM,0
CCWF,2022,11,0,0,0,35.0,1.22,1.0,18.5,21.0,23.0,0.0,23.0,107.0,evaporative,MAXIMUM,0
CCWF,2022,12,0,0,0,67.0,7.13,,20.8,22.0,23.0,0.0,24.0,113.2,evaporative,MAXIMUM,0
CCWF,2023,1,0,0,0,56.0,3.91,,18.5,21.0,21.0,0.0,28.0,114.5,evaporative,MAXIMUM,0
CCWF,2023,2,0,0,0,44.56,0.0,,22.8,22.0,23.0,0.0,26.0,117.3,evaporative,MAXIMUM,0
CCWF,2023,3,0,0,0,30.5,0.0,,17.0,22.0,22.0,4.0,25.0,116.4,evaporative,MAXIMUM,0
CCWF,2023,4,3,0,0,37.0,3.0,,20.4,21.0,22.0,4.0,22.0,117.7,evaporative,MAXIMUM,0
CCWF,2023,5,7,0,0,,,,13.3,20.0,21.0,4.0,21.0,118.3,evaporative,MAXIMUM,0
CCWF,2023,6,5,1,0,,,,12.2,18.0,19.0,4.0,19.0,120.4,evaporative,MAXIMUM,0
CCWF,2023,7,27,25,6,87.27,0.0,,15.7,19.0,19.0,16.0,20.0,119.8,evaporative,MAXIMUM,0
CCWF,2023,8,28,19,1,43.75,0.7,1.0,15.9,18.0,17.0,16.0,23.0,122.2,evaporative,MAXIMUM,0
CCWF,2023,9,11,1,0,49.75,1.32,,18.3,19.0,18.0,16.0,24.0,122.8,evaporative,MAXIMUM,0
CCWF,2023,10,5,2,0,1430.25,0.56,,19.3,20.0,19.0,16.0,24.0,115.1,evaporative,MAXIMUM,0
CCWF,2023,11,0,0,0,980.5,1.24,1.0,19.4,19.0,19.0,8.0,23.0,111.4,evaporative,MAXIMUM,0
CCWF,2023,12,0,0,0,56.75,0.86,,15.3,16.0,16.0,8.0,22.0,110.4,evaporative,MAXIMUM,0
CCWF,2024,1,0,0,0,581.0,0.0,,17.7,16.0,13.0,12.0,25.0,109.7,evaporative,MAXIMUM,0
CCWF,2024,2,0,0,0,45.25,0.0,,14.6,17.0,14.0,12.0,25.0,111.7,evaporative,MAXIMUM,0
CCWF,2024,3,0,0,0,30.0,0.25,,17.7,16.0,14.0,4.0,25.0,113.1,evaporative,MAXIMUM,0
CCWF,2024,4,0,0,0,65.0,0.0,,15.2,15.0,13.0,4.0,22.0,111.5,evaporative,MAXIMUM,0
CCWF,2024,5,4,0,0,,,,20.3,14.0,13.0,0.0,21.0,113.0,evaporative,MAXIMUM,0
CCWF,2024,6,19,12,1,,,,21.7,15.0,13.0,0.0,25.0,111.5,evaporative,MAXIMUM,0
CCWF,2024,7,30,25,10,41.25,0.0,,23.5,13.0,13.0,4.0,17.0,106.0,evaporative,MAXIMUM,0
CCWF,2024,8,26,17,1,64.0,0.37,,27.0,14.0,12.0,4.0,20.0,105.3,evaporative,MAXIMUM,0
CCWF,2024,9,19,9,0,97.25,0.0,,27.9,14.0,12.0,8.0,22.0,106.1,evaporative,MAXIMUM,0
CCWF,2024,10,9,8,0,46.0,0.0,,28.8,13.0,11.0,8.0,24.0,106.3,evaporative,MAXIMUM,0
CCWF,2024,11,0,0,0,62.0,0.0,,32.5,13.0,10.0,4.0,25.0,105.9,evaporative,MAXIMUM,0
CCWF,2024,12,0,0,0,82.75,0.0,,38.9,12.0,10.0,4.0,22.0,101.8,evaporative,MAXIMUM,0
CCWF,2025,1,0,0,0,59.75,0.0,,30.7,13.0,11.0,8.0,20.0,100.5,evaporative,MAXIMUM,0
CCWF,2025,2,0,0,0,39.0,0.0,,27.4,12.0,10.0,11.0,19.0,101.9,evaporative,MAXIMUM,0
CCWF,2025,3,0,0,0,76.25,0.0,,35.4,13.0,10.0,11.0,22.0,101.0,evaporative,MAXIMUM,0
CCWF,2025,4,0,0,0,71.0,0.0,1.0,30.6,14.0,11.0,11.0,23.0,100.1,evaporative,MAXIMUM,0
CCWF,2025,5,5,4,0,,,,28.1,14.0,12.0,11.0,22.0,102.1,evaporative,MAXIMUM,0
CCWF,2025,6,24,9,0,,,,28.2,14.0,12.0,8.0,22.0,98.8,evaporative,MAXIMUM,0
CCWF,2025,7,22,11,0,,,,43.1,18.0,17.0,4.0,23.0,99.8,evaporative,MAXIMUM,0
CCWF,2025,8,27,21,0,,,,42.9,18.0,17.0,4.0,24.0,102.4,evaporative,MAXIMUM,0
CCWF,2025,9,13,7,0,,,,31.9,19.0,18.0,8.0,23.0,103.8,evaporative,MAXIMUM,0
CCWF,2025,10,1,0,0,,,,39.4,18.0,17.0,8.0,24.0,105.8,evaporative,MAXIMUM,0
CCWF,2025,11,0,0,0,,,,44.6,18.0,17.0,8.0,25.0,107.3,evaporative,MAXIMUM,0
CCWF,2025,12,0,0,0,,,,44.9,15.0,15.0,8.0,16.0,109.2,evaporative,MAXIMUM,0
CEN,2016,1,0,0,0,,,,,,,,,144.8,mechanical,MAXIMUM,0
CEN,2016,2,1,0,0,,,,,,,,,153.1,mechanical,MAXIMUM,0
CEN,2016,3,8,0,0,,,,,,,,,157.4,mechanical,MAXIMUM,0
CEN,2016,4,10,4,0,,,,,,,,,158.2,mechanical,MAXIMUM,0
CEN,2016,5,18,8,0,,,,,,,,,154.4,mechanical,MAXIMUM,0
CEN,2016,6,30,30,3,,,,,,,,,155.4,mechanical,MAXIMUM,0
CEN,2016,7,31,31,2,,,,,,,,,157.5,mechanical,MAXIMUM,0
CEN,2016,8,31,31,0,,,,,,,,,157.8,mechanical,MAXIMUM,0
CEN,2016,9,27,23,0,,,,,,,,,156.7,mechanical,MAXIMUM,0
CEN,2016,10,24,11,0,,,,,,,,,158.0,mechanical,MAXIMUM,0
CEN,2016,11,3,0,0,,,,,,,,,158.0,mechanical,MAXIMUM,0
CEN,2016,12,0,0,0,,,,,,,,,157.0,mechanical,MAXIMUM,0
CEN,2017,1,0,0,0,,,,5.7,5.0,8.0,-9.0,0.0,155.6,mechanical,MAXIMUM,0
CEN,2017,2,0,0,0,,,,4.0,6.0,8.0,1.0,0.0,154.4,mechanical,MAXIMUM,0
CEN,2017,3,12,4,0,,,,6.0,4.0,7.0,-6.0,0.0,156.8,mechanical,MAXIMUM,0
CEN,2017,4,15,2,0,,,,6.3,4.0,7.0,-6.0,0.0,155.4,mechanical,MAXIMUM,0
CEN,2017,5,20,16,0,,,,8.0,4.0,3.0,4.0,0.0,153.2,mechanical,MAXIMUM,0
CEN,2017,6,30,27,3,,,,5.8,4.0,4.0,1.0,0.0,154.0,mechanical,MAXIMUM,0
CEN,2017,7,31,31,1,,,,9.6,5.0,5.0,1.0,0.0,149.7,mechanical,MAXIMUM,0
CEN,2017,8,31,31,0,,,,6.4,6.0,6.0,1.0,0.0,148.5,mechanical,MAXIMUM,0
CEN,2017,9,24,20,0,,,,4.8,6.0,7.0,1.0,0.0,150.5,mechanical,MAXIMUM,0
CEN,2017,10,25,14,0,,,,7.5,6.0,7.0,1.0,0.0,151.0,mechanical,MAXIMUM,0
CEN,2017,11,2,0,0,,,,7.0,9.0,11.0,1.0,0.0,150.3,mechanical,MAXIMUM,0
CEN,2017,12,0,0,0,,,,8.0,9.0,11.0,1.0,0.0,148.7,mechanical,MAXIMUM,0
CEN,2018,1,0,0,0,,,,5.4,7.0,8.0,1.0,0.0,145.0,mechanical,MAXIMUM,0
CEN,2018,2,0,0,0,,,,6.2,7.0,8.0,8.0,-9.0,143.8,mechanical,MAXIMUM,0
CEN,2018,3,3,0,0,,,,8.0,9.0,9.0,11.0,0.0,146.1,mechanical,MAXIMUM,0
CEN,2018,4,18,10,0,,,,9.0,9.0,8.0,11.0,9.0,146.6,mechanical,MAXIMUM,0
CEN,2018,5,24,13,0,,,,6.5,11.0,11.0,11.0,9.0,147.1,mechanical,MAXIMUM,0
CEN,2018,6,30,29,0,,,,3.9,11.0,13.0,1.0,9.0,146.6,mechanical,MAXIMUM,0
CEN,2018,7,31,31,3,,,,9.1,12.0,12.0,8.0,9.0,146.1,mechanical,MAXIMUM,0
CEN,2018,8,31,31,0,,,,7.0,12.0,12.0,8.0,9.0,145.6,mechanical,MAXIMUM,0
CEN,2018,9,30,30,0,,,,7.9,11.0,10.0,11.0,9.0,146.3,mechanical,MAXIMUM,0
CEN,2018,10,11,1,0,,,,7.9,9.0,9.0,8.0,0.0,148.2,mechanical,MAXIMUM,0
CEN,2018,11,1,0,0,,,,9.5,6.0,7.0,4.0,0.0,148.7,mechanical,MAXIMUM,0
CEN,2018,12,0,0,0,,,,10.0,5.0,6.0,4.0,0.0,146.7,mechanical,MAXIMUM,0
CEN,2019,1,0,0,0,,,,6.7,7.0,7.0,8.0,0.0,146.9,mechanical,MAXIMUM,0
CEN,2019,2,0,0,0,,,,9.0,7.0,7.0,7.0,0.0,149.5,mechanical,MAXIMUM,0
CEN,2019,3,0,0,0,,,,7.8,7.0,7.0,7.0,9.0,151.1,mechanical,MAXIMUM,0
CEN,2019,4,12,8,0,,,,10.3,7.0,7.0,10.0,0.0,152.2,mechanical,MAXIMUM,0
CEN,2019,5,13,5,0,,,,9.4,8.0,8.0,13.0,0.0,153.0,mechanical,MAXIMUM,0
CEN,2019,6,30,28,0,,,,10.6,10.0,10.0,13.0,0.0,152.3,mechanical,MAXIMUM,0
CEN,2019,7,31,31,0,,,,5.7,15.0,16.0,14.0,9.0,151.4,mechanical,MAXIMUM,0
CEN,2019,8,31,31,2,,,,6.2,16.0,18.0,8.0,9.0,152.9,mechanical,MAXIMUM,0
CEN,2019,9,26,22,0,,,,3.6,18.0,20.0,11.0,0.0,153.6,mechanical,MAXIMUM,0
CEN,2019,10,13,6,0,,,,5.1,16.0,18.0,11.0,0.0,154.5,mechanical,MAXIMUM,0
CEN,2019,11,2,0,0,,,,10.2,14.0,16.0,10.0,0.0,156.2,mechanical,MAXIMUM,0
CEN,2019,12,0,0,0,,,,9.3,14.0,16.0,10.0,0.0,153.8,mechanical,MAXIMUM,0
CEN,2020,1,0,0,0,,,,8.4,11.0,12.0,7.0,9.0,150.6,mechanical,MAXIMUM,0
CEN,2020,2,0,0,0,,,,6.7,9.0,9.0,7.0,9.0,147.5,mechanical,MAXIMUM,0
CEN,2020,3,0,0,0,,,,7.1,10.0,9.0,16.0,9.0,146.7,mechanical,MAXIMUM,0
CEN,2020,4,9,9,0,,,,11.2,10.0,10.0,13.0,9.0,142.3,mechanical,MAXIMUM,0
CEN,2020,5,27,22,0,,,,9.4,10.0,11.0,7.0,9.0,144.8,mechanical,MAXIMUM,0
CEN,2020,6,28,27,0,,,,11.9,10.0,11.0,8.0,9.0,145.0,mechanical,MAXIMUM,0
CEN,2020,7,31,31,3,,,,13.4,7.0,7.0,4.0,9.0,140.3,mechanical,MAXIMUM,0
CEN,2020,8,31,31,1,,,,10.8,8.0,8.0,4.0,18.0,135.9,mechanical,MAXIMUM,0
CEN,2020,9,30,28,2,,,,10.3,6.0,5.0,4.0,18.0,135.3,mechanical,MAXIMUM,0
CEN,2020,10,23,19,0,,,,8.2,6.0,6.0,4.0,18.0,136.1,mechanical,MAXIMUM,0
CEN,2020,11,5,1,0,,,,13.1,8.0,8.0,8.0,9.0,134.5,mechanical,MAXIMUM,0
CEN,2020,12,0,0,0,,,,9.1,7.0,8.0,4.0,0.0,132.9,mechanical,MAXIMUM,0
CEN,2021,1,0,0,0,,,,11.0,6.0,7.0,4.0,0.0,133.4,mechanical,MAXIMUM,0
CEN,2021,2,0,0,0,,,,9.1,7.0,8.0,4.0,0.0,132.4,mechanical,MAXIMUM,0
CEN,2021,3,1,0,0,,,,10.2,8.0,9.0,8.0,0.0,132.4,mechanical,MAXIMUM,0
CEN,2021,4,16,8,0,,,,16.7,7.0,7.0,8.0,0.0,131.6,mechanical,MAXIMUM,0
CEN,2021,5,26,21,0,,,,10.9,7.0,7.0,4.0,0.0,129.2,mechanical,MAXIMUM,0
CEN,2021,6,30,29,3,,,,7.7,8.0,9.0,4.0,0.0,120.8,mechanical,MAXIMUM,0
CEN,2021,7,31,31,1,190.6,0.46,,5.2,4.0,6.0,-6.0,0.0,124.3,mechanical,MAXIMUM,0
CEN,2021,8,31,31,2,204.9,0.52,,7.4,5.0,5.0,-2.0,18.0,127.3,mechanical,MAXIMUM,0
CEN,2021,9,29,27,0,213.8,0.4,,11.6,5.0,5.0,-2.0,18.0,124.1,mechanical,MAXIMUM,0
CEN,2021,10,15,4,0,215.8,5.72,,15.9,5.0,6.0,-2.0,9.0,124.1,mechanical,MAXIMUM,0
CEN,2021,11,9,0,0,159.9,3.24,,10.3,6.0,8.0,-9.0,18.0,123.5,mechanical,MAXIMUM,0
CEN,2021,12,0,0,0,83.05,0.66,,14.4,6.0,8.0,-9.0,18.0,122.7,mechanical,MAXIMUM,0
CEN,2022,1,0,0,0,115.45,5.08,,12.4,4.0,6.0,-9.0,14.0,119.0,mechanical,MAXIMUM,0
CEN,2022,2,0,0,0,134.8,3.69,,12.1,5.0,6.0,-6.0,14.0,124.0,mechanical,MAXIMUM,0
CEN,2022,3,4,1,0,118.0,4.43,,14.5,4.0,4.0,1.0,14.0,127.9,mechanical,MAXIMUM,0
CEN,2022,4,14,5,0,133.9,1.91,,11.1,3.0,3.0,1.0,5.0,125.8,mechanical,MAXIMUM,0
CEN,2022,5,26,18,0,,,,8.2,3.0,3.0,5.0,5.0,126.7,mechanical,MAXIMUM,0
CEN,2022,6,30,30,0,,,,8.3,2.0,2.0,1.0,5.0,127.0,mechanical,MAXIMUM,0
CEN,2022,7,31,31,0,142.1,6.45,,13.4,6.0,4.0,8.0,24.0,125.9,mechanical,MAXIMUM,0
CEN,2022,8,31,31,0,91.6,4.2,,11.5,11.0,13.0,-6.0,24.0,127.4,mechanical,MAXIMUM,0
CEN,2022,9,28,27,0,123.45,0.29,,11.1,12.0,14.0,-6.0,24.0,133.8,mechanical,MAXIMUM,0
CEN,2022,10,19,14,0,131.35,0.04,,11.1,10.0,11.0,5.0,14.0,131.4,mechanical,MAXIMUM,0
CEN,2022,11,0,0,0,175.35,0.05,,15.3,9.0,9.0,8.0,14.0,128.3,mechanical,MAXIMUM,0
CEN,2022,12,0,0,0,139.45,2.08,,13.4,7.0,7.0,5.0,14.0,124.7,mechanical,MAXIMUM,0
CEN,2023,1,0,0,0,120.2,0.14,,16.9,7.0,7.0,5.0,14.0,120.1,mechanical,MAXIMUM,0
CEN,2023,2,0,0,0,113.68,0.08,,21.4,8.0,8.0,5.0,14.0,115.4,mechanical,MAXIMUM,0
CEN,2023,3,0,0,0,128.17,0.07,,15.6,9.0,8.0,11.0,14.0,110.6,mechanical,MAXIMUM,0
CEN,2023,4,15,8,0,103.15,0.01,,15.0,9.0,9.0,12.0,14.0,110.0,mechanical,MAXIMUM,0
CEN,2023,5,21,17,0,,,,8.1,8.0,8.0,5.0,14.0,112.2,mechanical,MAXIMUM,0
CEN,2023,6,29,22,0,,,,11.0,13.0,13.0,8.0,14.0,119.8,mechanical,MAXIMUM,0
CEN,2023,7,31,31,8,110.99,0.01,,15.4,12.0,12.0,8.0,24.0,120.4,mechanical,MAXIMUM,0
CEN,2023,8,29,28,3,94.4,0.02,,20.6,12.0,11.0,12.0,24.0,121.1,mechanical,MAXIMUM,0
CEN,2023,9,29,26,0,134.25,0.03,,17.8,11.0,11.0,8.0,24.0,121.4,mechanical,MAXIMUM,0
CEN,2023,10,18,15,0,1340.75,0.06,,19.6,11.0,11.0,5.0,24.0,121.4,mechanical,MAXIMUM,0
CEN,2023,11,2,0,0,1258.0,0.09,,15.2,11.0,11.0,5.0,24.0,118.7,mechanical,MAXIMUM,0
CEN,2023,12,0,0,0,40.0,0.05,,14.7,11.0,11.0,5.0,24.0,116.6,mechanical,MAXIMUM,0
CEN,2024,1,0,0,0,60.25,0.04,,15.7,12.0,12.0,8.0,24.0,125.4,mechanical,MAXIMUM,0
CEN,2024,2,2,0,0,57.0,0.04,,21.0,12.0,11.0,12.0,24.0,127.6,mechanical,MAXIMUM,0
CEN,2024,3,0,0,0,53.0,0.02,,14.3,11.0,10.0,12.0,24.0,133.2,mechanical,MAXIMUM,0
CEN,2024,4,14,7,0,45.75,0.02,,18.5,8.0,8.0,5.0,14.0,135.7,mechanical,MAXIMUM,0
CEN,2024,5,28,20,0,,,,23.7,10.0,9.0,14.0,14.0,133.2,mechanical,MAXIMUM,0
CEN,2024,6,30,30,0,,,,18.3,10.0,9.0,14.0,18.0,130.2,mechanical,MAXIMUM,0
CEN,2024,7,31,31,8,49.75,0.04,,26.5,9.0,9.0,8.0,14.0,132.6,mechanical,MAXIMUM,0
CEN,2024,8,31,31,1,35.0,0.05,,24.5,10.0,10.0,8.0,14.0,134.4,mechanical,MAXIMUM,0
CEN,2024,9,28,25,1,55.0,0.03,,22.1,9.0,10.0,8.0,5.0,133.6,mechanical,MAXIMUM,0
CEN,2024,10,22,21,0,43.5,0.01,,21.6,9.0,10.0,4.0,5.0,127.8,mechanical,MAXIMUM,0
CEN,2024,11,0,0,0,84.0,0.02,,17.3,9.0,10.0,4.0,5.0,125.0,mechanical,MAXIMUM,0
CEN,2024,12,0,0,0,79.0,0.24,,25.3,9.0,10.0,4.0,5.0,121.1,mechanical,MAXIMUM,0
CEN,2025,1,0,0,0,88.0,0.08,,22.6,12.0,12.0,11.0,13.0,121.1,mechanical,MAXIMUM,0
CEN,2025,2,4,2,0,93.75,0.06,,28.7,12.0,12.0,11.0,22.0,121.2,mechanical,MAXIMUM,0
CEN,2025,3,5,3,0,73.0,0.01,,21.1,12.0,11.0,11.0,22.0,122.1,mechanical,MAXIMUM,0
CEN,2025,4,13,4,0,60.0,0.04,,18.0,11.0,11.0,11.0,13.0,125.7,mechanical,MAXIMUM,0
CEN,2025,5,23,16,0,,,,18.1,11.0,11.0,11.0,13.0,127.9,mechanical,MAXIMUM,0
CEN,2025,6,30,29,0,,,,19.7,9.0,9.0,11.0,13.0,129.2,mechanical,MAXIMUM,0
CEN,2025,7,31,31,1,,,,19.9,11.0,10.0,8.0,30.0,127.9,mechanical,MAXIMUM,0
CEN,2025,8,31,30,2,,,,17.7,14.0,12.0,14.0,30.0,130.7,mechanical,MAXIMUM,0
CEN,2025,9,28,22,0,,,,17.7,15.0,13.0,14.0,39.0,133.5,mechanical,MAXIMUM,0
CEN,2025,10,20,3,0,,,,19.2,16.0,14.0,14.0,39.0,138.1,mechanical,MAXIMUM,0
CEN,2025,11,9,0,0,,,,15.7,15.0,13.0,14.0,39.0,137.8,mechanical,MAXIMUM,0
CEN,2025,12,0,0,0,,,,11.1,15.0,13.0,14.0,39.0,136.5,mechanical,MAXIMUM,0
CHCF,2016,1,0,0,0,,,,,,,,,73.7,mechanical,,0
CHCF,2016,2,0,0,0,,,,,,,,,74.3,mechanical,,0
CHCF,2016,3,0,0,0,,,,,,,,,75.1,mechanical,,0
CHCF,2016,4,1,0,0,,,,,,,,,74.9,mechanical,,0
CHCF,2016,5,6,2,0,,,,,,,,,75.8,mechanical,,0
CHCF,2016,6,20,16,4,,,,,,,,,75.4,mechanical,,0
CHCF,2016,7,24,14,6,,,,,,,,,77.7,mechanical,,0
CHCF,2016,8,26,10,0,,,,,,,,,82.1,mechanical,,0
CHCF,2016,9,13,6,0,,,,,,,,,83.9,mechanical,,0
CHCF,2016,10,1,0,0,,,,,,,,,83.1,mechanical,,0
CHCF,2016,11,0,0,0,,,,,,,,,84.0,mechanical,,0
CHCF,2016,12,0,0,0,,,,,,,,,83.7,mechanical,,0
CHCF,2017,1,0,0,0,,,,38.6,24.0,23.0,6.0,27.0,84.3,mechanical,,0
CHCF,2017,2,0,0,0,,,,36.0,17.0,15.0,20.0,28.0,83.4,mechanical,,0
CHCF,2017,3,0,0,0,,,,26.4,38.0,39.0,12.0,27.0,81.5,mechanical,,0
CHCF,2017,4,0,0,0,,,,35.0,19.0,18.0,12.0,27.0,79.3,mechanical,,0
CHCF,2017,5,9,4,0,,,,36.4,19.0,18.0,12.0,25.0,80.6,mechanical,,0
CHCF,2017,6,21,9,5,,,,34.7,19.0,18.0,12.0,24.0,81.5,mechanical,,0
CHCF,2017,7,30,26,7,,,,40.2,19.0,18.0,6.0,27.0,81.5,mechanical,,0
CHCF,2017,8,28,15,4,,,,41.3,19.0,18.0,6.0,27.0,80.4,mechanical,,0
CHCF,2017,9,13,6,3,,,,41.4,19.0,18.0,6.0,29.0,79.3,mechanical,,0
CHCF,2017,10,0,0,0,,,,39.9,18.0,18.0,6.0,27.0,78.6,mechanical,,0
CHCF,2017,11,0,0,0,,,,50.5,17.0,16.0,0.0,24.0,80.4,mechanical,,0
CHCF,2017,12,0,0,0,,,,42.2,17.0,16.0,0.0,24.0,82.0,mechanical,,0
CHCF,2018,1,0,0,0,,,,47.5,16.0,15.0,0.0,24.0,84.0,mechanical,,0
CHCF,2018,2,0,0,0,,,,50.5,16.0,15.0,0.0,25.0,86.8,mechanical,,0
CHCF,2018,3,0,0,0,,,,37.6,16.0,16.0,11.0,21.0,88.4,mechanical,,0
CHCF,2018,4,0,0,0,,,,45.3,16.0,16.0,11.0,21.0,88.9,mechanical,,0
CHCF,2018,5,2,2,0,,,,46.8,16.0,15.0,16.0,21.0,90.6,mechanical,,0
CHCF,2018,6,21,11,2,,,,41.7,16.0,15.0,11.0,22.0,91.9,mechanical,,0
CHCF,2018,7,29,26,4,,,,51.7,16.0,15.0,11.0,27.0,91.2,mechanical,,0
CHCF,2018,8,18,13,0,,,,44.2,16.0,15.0,11.0,27.0,92.7,mechanical,,0
CHCF,2018,9,16,3,0,,,,40.9,15.0,14.0,5.0,25.0,91.8,mechanical,,0
CHCF,2018,10,0,0,0,,,,45.4,14.0,13.0,0.0,27.0,91.0,mechanical,,0
CHCF,2018,11,0,0,0,,,,37.3,14.0,12.0,5.0,27.0,90.5,mechanical,,0
CHCF,2018,12,0,0,0,,,,51.7,14.0,12.0,5.0,27.0,90.2,mechanical,,0
CHCF,2019,1,0,0,0,,,,38.9,14.0,13.0,0.0,27.0,90.0,mechanical,,0
CHCF,2019,2,0,0,0,,,,64.1,15.0,13.0,5.0,30.0,90.4,mechanical,,0
CHCF,2019,3,0,0,0,,,,50.4,15.0,13.0,5.0,34.0,89.7,mechanical,,0
CHCF,2019,4,3,0,0,,,,51.5,15.0,12.0,5.0,38.0,89.7,mechanical,,0
CHCF,2019,5,0,0,0,,,,60.1,15.0,11.0,0.0,39.0,90.6,mechanical,,0
CHCF,2019,6,19,11,3,,,,51.2,16.0,14.0,0.0,38.0,91.6,mechanical,,0
CHCF,2019,7,24,19,2,,,,55.7,22.0,20.0,5.0,37.0,94.3,mechanical,,0
CHCF,2019,8,25,19,3,,,,56.2,16.0,13.0,5.0,36.0,94.2,mechanical,,0
CHCF,2019,9,15,6,0,,,,53.9,15.0,13.0,5.0,36.0,95.5,mechanical,,0
CHCF,2019,10,2,0,0,,,,54.2,15.0,12.0,0.0,36.0,95.5,mechanical,,0
CHCF,2019,11,0,0,0,,,,57.0,14.0,12.0,0.0,34.0,96.2,mechanical,,0
CHCF,2019,12,0,0,0,,,,67.0,14.0,12.0,5.0,35.0,95.9,mechanical,,0
CHCF,2020,1,0,0,0,,,,46.0,14.0,12.0,11.0,34.0,96.5,mechanical,,0
CHCF,2020,2,0,0,0,,,,61.8,16.0,13.0,11.0,39.0,95.6,mechanical,,0
CHCF,2020,3,0,0,0,,,,38.7,15.0,12.0,0.0,39.0,96.0,mechanical,,0
CHCF,2020,4,3,0,0,,,,56.7,15.0,12.0,0.0,40.0,93.2,mechanical,,0
CHCF,2020,5,9,5,2,,,,50.0,16.0,13.0,0.0,41.0,92.3,mechanical,,0
CHCF,2020,6,19,15,2,,,,55.2,15.0,12.0,0.0,41.0,90.8,mechanical,,0
CHCF,2020,7,30,19,2,,,,54.1,16.0,13.0,5.0,44.0,87.3,mechanical,,0
CHCF,2020,8,29,20,6,,,,39.8,16.0,12.0,5.0,46.0,85.7,mechanical,,0
CHCF,2020,9,18,8,3,,,,44.3,16.0,12.0,5.0,46.0,83.4,mechanical,,0
CHCF,2020,10,12,2,0,,,,46.5,17.0,13.0,5.0,48.0,82.7,mechanical,,0
CHCF,2020,11,0,0,0,,,,43.0,17.0,13.0,5.0,50.0,81.3,mechanical,,0
CHCF,2020,12,0,0,0,,,,45.0,16.0,12.0,5.0,50.0,79.9,mechanical,,0
CHCF,2021,1,0,0,0,,,,54.1,16.0,13.0,5.0,43.0,80.6,mechanical,,0
CHCF,2021,2,0,0,0,,,,46.1,16.0,12.0,5.0,44.0,82.5,mechanical,,0
CHCF,2021,3,0,0,0,,,,47.3,16.0,13.0,5.0,43.0,82.9,mechanical,,0
CHCF,2021,4,0,0,0,,,,50.0,16.0,13.0,5.0,44.0,83.2,mechanical,,0
CHCF,2021,5,5,1,0,,,,62.2,13.0,10.0,5.0,40.0,84.3,mechanical,,0
CHCF,2021,6,16,9,3,,,,52.8,14.0,12.0,5.0,41.0,84.1,mechanical,,0
CHCF,2021,7,29,17,2,224.85,4.91,,60.7,48.0,45.0,0.0,75.0,82.5,mechanical,,0
CHCF,2021,8,22,14,0,183.55,9.02,,52.3,49.0,45.0,0.0,76.0,81.8,mechanical,,0
CHCF,2021,9,14,9,0,173.8,5.99,2.0,52.0,50.0,46.0,6.0,76.0,79.8,mechanical,,0
CHCF,2021,10,2,0,0,121.25,4.06,1.0,57.3,50.0,46.0,11.0,77.0,76.6,mechanical,,0
CHCF,2021,11,0,0,0,176.75,2.94,2.0,49.7,50.0,46.0,11.0,78.0,74.7,mechanical,,0
CHCF,2021,12,0,0,0,120.0,4.55,,63.5,51.0,47.0,11.0,78.0,75.2,mechanical,,0
CHCF,2022,1,0,0,0,104.0,25.97,1.0,54.4,53.0,50.0,11.0,77.0,73.9,mechanical,,0
CHCF,2022,2,0,0,0,121.65,17.97,1.0,66.5,52.0,48.0,6.0,77.0,72.5,mechanical,,0
CHCF,2022,3,0,0,0,106.5,7.38,,75.4,35.0,30.0,6.0,68.0,74.1,mechanical,,0
CHCF,2022,4,1,0,0,117.3,3.51,2.0,63.2,33.0,28.0,6.0,64.0,73.9,mechanical,,0
CHCF,2022,5,5,2,0,,,,61.9,32.0,28.0,0.0,61.0,74.9,mechanical,,0
CHCF,2022,6,17,11,1,,,,62.4,48.0,48.0,0.0,59.0,74.7,mechanical,,0
CHCF,2022,7,23,15,2,190.25,14.76,,63.7,31.0,27.0,11.0,60.0,75.4,mechanical,,0
CHCF,2022,8,26,14,2,125.5,9.79,1.0,68.0,30.0,26.0,6.0,58.0,77.1,mechanical,,0
CHCF,2022,9,16,10,8,177.0,12.7,2.0,71.1,30.0,26.0,6.0,57.0,77.6,mechanical,,0
CHCF,2022,10,6,0,0,156.75,4.43,,74.5,31.0,27.0,15.0,56.0,78.3,mechanical,,0
CHCF,2022,11,0,0,0,231.75,3.16,,89.2,31.0,28.0,15.0,56.0,78.9,mechanical,,0
CHCF,2022,12,0,0,0,121.75,12.3,5.0,67.2,32.0,29.0,15.0,57.0,80.4,mechanical,,0
CHCF,2023,1,0,0,0,182.5,9.3,1.0,58.6,32.0,28.0,15.0,56.0,81.3,mechanical,,0
CHCF,2023,2,0,0,0,255.5,9.58,2.0,68.2,31.0,27.0,10.0,55.0,82.3,mechanical,,0
CHCF,2023,3,0,0,0,206.5,7.7,3.0,57.7,31.0,28.0,5.0,56.0,83.9,mechanical,,0
CHCF,2023,4,2,0,0,249.5,3.29,,46.8,31.0,28.0,5.0,55.0,81.5,mechanical,,0
CHCF,2023,5,4,0,0,,,,34.2,31.0,28.0,5.0,56.0,79.9,mechanical,,0
CHCF,2023,6,5,1,0,,,,74.3,32.0,28.0,5.0,57.0,79.0,mechanical,,0
CHCF,2023,7,25,22,6,363.35,1.18,,65.4,32.0,29.0,5.0,56.0,79.2,mechanical,,0
CHCF,2023,8,26,14,2,349.0,4.62,1.0,80.4,32.0,29.0,5.0,56.0,79.0,mechanical,,0
CHCF,2023,9,9,0,0,395.0,4.15,,84.8,30.0,27.0,5.0,56.0,77.9,mechanical,,0
CHCF,2023,10,4,1,0,1442.75,1.55,2.0,72.7,30.0,26.0,5.0,56.0,76.5,mechanical,,0
CHCF,2023,11,0,0,0,922.25,0.85,,65.0,30.0,26.0,10.0,55.0,75.9,mechanical,,0
CHCF,2023,12,0,0,0,513.0,2.77,1.0,79.9,30.0,26.0,15.0,56.0,76.5,mechanical,,0
CHCF,2024,1,0,0,0,338.5,2.92,,72.8,30.0,26.0,15.0,55.0,75.8,mechanical,,0
CHCF,2024,2,0,0,0,277.15,3.1,1.0,77.8,29.0,25.0,15.0,55.0,74.9,mechanical,,0
CHCF,2024,3,0,0,0,252.75,0.0,,72.5,29.0,25.0,10.0,55.0,74.8,mechanical,,0
CHCF,2024,4,0,0,0,275.5,0.0,1.0,69.7,28.0,24.0,5.0,54.0,73.8,mechanical,,0
CHCF,2024,5,5,0,0,,,,72.3,27.0,23.0,5.0,54.0,72.9,mechanical,,0
CHCF,2024,6,20,13,0,,,,83.2,28.0,24.0,10.0,55.0,73.6,mechanical,,0
CHCF,2024,7,27,23,13,310.0,0.0,,91.2,27.0,24.0,10.0,53.0,73.6,mechanical,,0
CHCF,2024,8,24,12,1,226.0,2.04,,84.2,28.0,24.0,5.0,52.0,72.3,mechanical,,0
CHCF,2024,9,16,9,1,265.5,0.09,,84.1,27.0,24.0,0.0,52.0,71.8,mechanical,,0
CHCF,2024,10,8,8,2,325.75,0.04,,82.5,27.0,23.0,0.0,52.0,71.7,mechanical,,0
CHCF,2024,11,0,0,0,422.75,0.0,,90.0,27.0,23.0,0.0,52.0,71.1,mechanical,,0
CHCF,2024,12,0,0,0,262.0,0.0,1.0,88.1,27.0,23.0,0.0,51.0,71.1,mechanical,,0
CHCF,2025,1,0,0,0,447.0,0.45,,77.2,25.0,21.0,0.0,50.0,70.9,mechanical,,0
CHCF,2025,2,0,0,0,398.0,0.61,,88.9,25.0,21.0,0.0,49.0,70.4,mechanical,,0
CHCF,2025,3,0,0,0,508.25,0.1,,80.9,22.0,18.0,0.0,48.0,70.9,mechanical,,0
CHCF,2025,4,0,0,0,455.3,3.45,1.0,85.2,20.0,16.0,0.0,48.0,74.9,mechanical,,0
CHCF,2025,5,5,2,1,,,,76.8,20.0,16.0,0.0,48.0,78.2,mechanical,,0
CHCF,2025,6,16,5,0,,,,62.3,19.0,15.0,0.0,47.0,77.1,mechanical,,0
CHCF,2025,7,18,9,1,,,,69.8,16.0,10.0,0.0,49.0,77.2,mechanical,,0
CHCF,2025,8,26,16,3,,,,77.4,16.0,10.0,5.0,49.0,77.8,mechanical,,0
CHCF,2025,9,9,5,0,,,,78.5,16.0,10.0,5.0,49.0,79.0,mechanical,,0
CHCF,2025,10,1,0,0,,,,72.2,16.0,11.0,10.0,49.0,79.6,mechanical,,0
CHCF,2025,11,0,0,0,,,,81.6,17.0,11.0,20.0,48.0,79.1,mechanical,,0
CHCF,2025,12,0,0,0,,,,91.5,17.0,11.0,20.0,46.0,79.6,mechanical,,0
CIM,2016,1,0,0,0,,,,,,,,,115.1,mixed_ventilation_only,MAXIMUM,0
CIM,2016,2,3,0,0,,,,,,,,,115.2,mixed_ventilation_only,MAXIMUM,0
CIM,2016,3,0,0,0,,,,,,,,,116.0,mixed_ventilation_only,MAXIMUM,0
CIM,2016,4,6,1,0,,,,,,,,,115.2,mixed_ventilation_only,MAXIMUM,0
CIM,2016,5,2,0,0,,,,,,,,,120.1,mixed_ventilation_only,MAXIMUM,0
CIM,2016,6,16,11,5,,,,,,,,,119.4,mixed_ventilation_only,MAXIMUM,0
CIM,2016,7,23,13,8,,,,,,,,,121.9,mixed_ventilation_only,MAXIMUM,0
CIM,2016,8,25,10,3,,,,,,,,,123.2,mixed_ventilation_only,MAXIMUM,0
CIM,2016,9,14,6,2,,,,,,,,,124.5,mixed_ventilation_only,MAXIMUM,0
CIM,2016,10,10,5,0,,,,,,,,,121.7,mixed_ventilation_only,MAXIMUM,0
CIM,2016,11,6,1,0,,,,,,,,,122.3,mixed_ventilation_only,MAXIMUM,0
CIM,2016,12,0,0,0,,,,,,,,,118.7,mixed_ventilation_only,MAXIMUM,0
CIM,2017,1,0,0,0,,,,13.8,5.0,5.0,3.0,8.0,118.5,mixed_ventilation_only,MAXIMUM,0
CIM,2017,2,0,0,0,,,,13.2,7.0,5.0,10.0,9.0,117.4,mixed_ventilation_only,MAXIMUM,0
CIM,2017,3,1,0,0,,,,12.8,7.0,7.0,3.0,8.0,118.5,mixed_ventilation_only,MAXIMUM,0
CIM,2017,4,2,1,0,,,,14.2,5.0,5.0,3.0,6.0,117.7,mixed_ventilation_only,MAXIMUM,0
CIM,2017,5,9,2,0,,,,14.6,6.0,6.0,3.0,7.0,118.7,mixed_ventilation_only,MAXIMUM,0
CIM,2017,6,17,10,4,,,,13.4,5.0,6.0,3.0,4.0,120.5,mixed_ventilation_only,MAXIMUM,0
CIM,2017,7,29,13,4,,,,13.2,5.0,6.0,3.0,4.0,122.1,mixed_ventilation_only,MAXIMUM,0
CIM,2017,8,20,14,7,,,,17.1,6.0,7.0,3.0,5.0,121.3,mixed_ventilation_only,MAXIMUM,0
CIM,2017,9,15,8,3,,,,13.4,7.0,7.0,6.0,8.0,120.8,mixed_ventilation_only,MAXIMUM,0
CIM,2017,10,16,10,3,,,,11.8,9.0,9.0,6.0,9.0,119.0,mixed_ventilation_only,MAXIMUM,0
CIM,2017,11,3,2,0,,,,12.9,6.0,6.0,3.0,7.0,117.1,mixed_ventilation_only,MAXIMUM,0
CIM,2017,12,0,0,0,,,,17.6,6.0,6.0,3.0,7.0,117.4,mixed_ventilation_only,MAXIMUM,0
CIM,2018,1,0,0,0,,,,14.9,6.0,6.0,0.0,8.0,117.7,mixed_ventilation_only,MAXIMUM,0
CIM,2018,2,0,0,0,,,,13.9,4.0,6.0,0.0,-3.0,119.2,mixed_ventilation_only,MAXIMUM,0
CIM,2018,3,0,0,0,,,,13.2,4.0,6.0,0.0,2.0,119.9,mixed_ventilation_only,MAXIMUM,0
CIM,2018,4,2,1,0,,,,18.2,5.0,7.0,3.0,2.0,117.6,mixed_ventilation_only,MAXIMUM,0
CIM,2018,5,3,0,0,,,,13.5,5.0,6.0,3.0,3.0,119.5,mixed_ventilation_only,MAXIMUM,0
CIM,2018,6,8,1,0,,,,13.6,5.0,6.0,3.0,3.0,120.3,mixed_ventilation_only,MAXIMUM,0
CIM,2018,7,27,23,10,,,,15.0,6.0,7.0,3.0,3.0,123.2,mixed_ventilation_only,MAXIMUM,0
CIM,2018,8,25,10,4,,,,20.2,8.0,10.0,9.0,3.0,125.6,mixed_ventilation_only,MAXIMUM,0
CIM,2018,9,13,5,0,,,,18.4,6.0,7.0,6.0,6.0,125.6,mixed_ventilation_only,MAXIMUM,0
CIM,2018,10,3,0,0,,,,20.7,6.0,6.0,13.0,4.0,118.6,mixed_ventilation_only,MAXIMUM,0
CIM,2018,11,1,0,0,,,,16.4,6.0,6.0,6.0,4.0,116.8,mixed_ventilation_only,MAXIMUM,0
CIM,2018,12,0,0,0,,,,17.7,4.0,4.0,3.0,6.0,120.9,mixed_ventilation_only,MAXIMUM,0
CIM,2019,1,0,0,0,,,,21.4,5.0,5.0,3.0,7.0,123.1,mixed_ventilation_only,MAXIMUM,0
CIM,2019,2,0,0,0,,,,19.0,11.0,10.0,6.0,18.0,125.8,mixed_ventilation_only,MAXIMUM,0
CIM,2019,3,0,0,0,,,,13.8,10.0,9.0,6.0,20.0,126.5,mixed_ventilation_only,MAXIMUM,0
CIM,2019,4,0,0,0,,,,17.6,9.0,8.0,9.0,15.0,123.5,mixed_ventilation_only,MAXIMUM,0
CIM,2019,5,0,0,0,,,,11.6,10.0,8.0,9.0,17.0,123.1,mixed_ventilation_only,MAXIMUM,0
CIM,2019,6,5,3,2,,,,14.9,10.0,8.0,6.0,18.0,123.2,mixed_ventilation_only,MAXIMUM,0
CIM,2019,7,17,7,2,,,,15.1,11.0,10.0,6.0,16.0,122.4,mixed_ventilation_only,MAXIMUM,0
CIM,2019,8,20,11,0,,,,16.2,10.0,11.0,3.0,10.0,122.1,mixed_ventilation_only,MAXIMUM,0
CIM,2019,9,14,8,1,,,,16.3,12.0,14.0,0.0,9.0,121.1,mixed_ventilation_only,MAXIMUM,0
CIM,2019,10,10,2,0,,,,14.7,9.0,10.0,0.0,8.0,123.7,mixed_ventilation_only,MAXIMUM,0
CIM,2019,11,4,0,0,,,,16.9,8.0,9.0,0.0,8.0,122.8,mixed_ventilation_only,MAXIMUM,0
CIM,2019,12,0,0,0,,,,15.5,7.0,7.0,6.0,10.0,122.5,mixed_ventilation_only,MAXIMUM,0
CIM,2020,1,0,0,0,,,,19.5,6.0,6.0,6.0,8.0,121.9,mixed_ventilation_only,MAXIMUM,0
CIM,2020,2,0,0,0,,,,17.2,8.0,8.0,3.0,9.0,119.4,mixed_ventilation_only,MAXIMUM,0
CIM,2020,3,0,0,0,,,,14.4,9.0,8.0,3.0,12.0,118.1,mixed_ventilation_only,MAXIMUM,0
CIM,2020,4,5,2,0,,,,12.4,9.0,8.0,3.0,13.0,112.8,mixed_ventilation_only,MAXIMUM,0
CIM,2020,5,8,3,0,,,,18.2,9.0,8.0,0.0,15.0,104.1,mixed_ventilation_only,MAXIMUM,0
CIM,2020,6,8,4,2,,,,14.1,10.0,9.0,0.0,14.0,99.3,mixed_ventilation_only,MAXIMUM,0
CIM,2020,7,26,8,4,,,,10.1,10.0,10.0,3.0,12.0,85.9,mixed_ventilation_only,MAXIMUM,0
CIM,2020,8,25,19,11,,,,13.6,9.0,8.0,3.0,13.0,82.3,mixed_ventilation_only,MAXIMUM,0
CIM,2020,9,24,12,7,,,,24.1,5.0,6.0,3.0,-1.0,77.1,mixed_ventilation_only,MAXIMUM,0
CIM,2020,10,13,11,6,,,,29.7,8.0,9.0,3.0,7.0,73.2,mixed_ventilation_only,MAXIMUM,0
CIM,2020,11,4,0,0,,,,15.1,9.0,10.0,3.0,7.0,69.6,mixed_ventilation_only,MAXIMUM,0
CIM,2020,12,0,0,0,,,,11.6,9.0,10.0,3.0,9.0,68.1,mixed_ventilation_only,MAXIMUM,0
CIM,2021,1,1,0,0,,,,13.6,8.0,9.0,3.0,8.0,65.7,mixed_ventilation_only,MAXIMUM,0
CIM,2021,2,0,0,0,,,,18.3,9.0,10.0,6.0,6.0,64.0,mixed_ventilation_only,MAXIMUM,0
CIM,2021,3,0,0,0,,,,15.2,8.0,8.0,3.0,6.0,62.4,mixed_ventilation_only,MAXIMUM,0
CIM,2021,4,2,2,0,,,,15.5,-1.0,-2.0,3.0,6.0,65.4,mixed_ventilation_only,MAXIMUM,0
CIM,2021,5,2,0,0,,,,9.2,4.0,4.0,3.0,6.0,70.2,mixed_ventilation_only,MAXIMUM,0
CIM,2021,6,14,5,1,,,,11.5,5.0,4.0,3.0,8.0,77.7,mixed_ventilation_only,MAXIMUM,0
CIM,2021,7,22,4,0,202.4,0.0,,15.5,4.0,4.0,-7.0,9.0,87.4,mixed_ventilation_only,MAXIMUM,0
CIM,2021,8,21,13,4,216.3,0.0,1.0,13.1,6.0,5.0,-7.0,12.0,90.8,mixed_ventilation_only,MAXIMUM,0
CIM,2021,9,16,9,2,147.42,0.0,,12.1,5.0,4.0,-3.0,12.0,92.8,mixed_ventilation_only,MAXIMUM,0
CIM,2021,10,8,4,0,150.08,0.0,,11.8,6.0,6.0,-3.0,9.0,95.8,mixed_ventilation_only,MAXIMUM,0
CIM,2021,11,4,0,0,204.28,0.58,,14.2,6.0,6.0,-3.0,7.0,98.2,mixed_ventilation_only,MAXIMUM,0
CIM,2021,12,0,0,0,140.26,4.57,,13.3,6.0,6.0,-3.0,10.0,99.3,mixed_ventilation_only,MAXIMUM,0
CIM,2022,1,0,0,0,213.88,29.44,,10.4,10.0,9.0,-3.0,20.0,93.3,mixed_ventilation_only,MAXIMUM,0
CIM,2022,2,0,0,0,174.89,16.17,2.0,13.8,11.0,10.0,-3.0,23.0,92.2,mixed_ventilation_only,MAXIMUM,0
CIM,2022,3,1,0,0,175.08,1.24,,13.4,11.0,9.0,0.0,23.0,93.0,mixed_ventilation_only,MAXIMUM,0
CIM,2022,4,3,3,0,168.0,0.06,1.0,14.4,10.0,10.0,0.0,19.0,97.7,mixed_ventilation_only,MAXIMUM,0
CIM,2022,5,2,1,0,,,,10.3,11.0,10.0,-4.0,22.0,108.0,mixed_ventilation_only,MAXIMUM,0
CIM,2022,6,17,10,1,,,,9.3,9.0,9.0,-4.0,18.0,110.9,mixed_ventilation_only,MAXIMUM,0
CIM,2022,7,23,4,0,187.62,3.82,,12.6,13.0,9.0,13.0,28.0,114.6,mixed_ventilation_only,MAXIMUM,0
CIM,2022,8,25,14,3,157.14,10.0,,15.6,14.0,11.0,7.0,27.0,118.1,mixed_ventilation_only,MAXIMUM,0
CIM,2022,9,18,13,9,62.0,10.32,1.0,13.2,13.0,11.0,4.0,26.0,120.6,mixed_ventilation_only,MAXIMUM,0
CIM,2022,10,3,0,0,162.86,7.65,,7.7,13.0,11.0,10.0,23.0,115.4,mixed_ventilation_only,MAXIMUM,0
CIM,2022,11,0,0,0,179.6,0.24,,9.3,11.0,9.0,7.0,22.0,108.9,mixed_ventilation_only,MAXIMUM,0
CIM,2022,12,0,0,0,143.25,1.13,,11.2,14.0,12.0,7.0,25.0,109.9,mixed_ventilation_only,MAXIMUM,0
CIM,2023,1,0,0,0,198.9,1.82,,13.5,11.0,9.0,7.0,23.0,104.8,mixed_ventilation_only,MAXIMUM,0
CIM,2023,2,0,0,0,163.2,0.0,,11.0,13.0,10.0,7.0,25.0,99.3,mixed_ventilation_only,MAXIMUM,0
CIM,2023,3,0,0,0,80.35,0.0,,13.0,14.0,12.0,7.0,23.0,86.4,mixed_ventilation_only,MAXIMUM,0
CIM,2023,4,0,0,0,110.95,0.0,2.0,13.2,12.0,11.0,7.0,19.0,138.6,mixed_ventilation_only,MAXIMUM,0
CIM,2023,5,0,0,0,,,,8.8,13.0,12.0,7.0,21.0,136.9,mixed_ventilation_only,MAXIMUM,0
CIM,2023,6,1,0,0,,,,8.6,14.0,14.0,10.0,20.0,140.8,mixed_ventilation_only,MAXIMUM,0
CIM,2023,7,24,17,4,97.2,0.0,,14.8,9.0,11.0,7.0,4.0,143.1,mixed_ventilation_only,MAXIMUM,0
CIM,2023,8,21,11,3,84.6,0.0,,10.0,10.0,11.0,11.0,5.0,146.8,mixed_ventilation_only,MAXIMUM,0
CIM,2023,9,5,3,0,94.75,0.0,,13.7,10.0,9.0,7.0,18.0,147.5,mixed_ventilation_only,MAXIMUM,0
CIM,2023,10,10,5,0,741.0,0.0,,19.9,11.0,11.0,7.0,15.0,147.8,mixed_ventilation_only,MAXIMUM,0
CIM,2023,11,0,0,0,1091.0,0.0,1.0,19.1,11.0,10.0,11.0,15.0,147.6,mixed_ventilation_only,MAXIMUM,0
CIM,2023,12,0,0,0,1104.0,0.0,1.0,13.6,12.0,11.0,14.0,18.0,143.6,mixed_ventilation_only,MAXIMUM,0
CIM,2024,1,0,0,0,1112.0,0.0,,14.3,18.0,13.0,11.0,37.0,136.8,mixed_ventilation_only,MAXIMUM,0
CIM,2024,2,0,0,0,976.0,0.0,,10.5,16.0,12.0,14.0,32.0,136.0,mixed_ventilation_only,MAXIMUM,0
CIM,2024,3,0,0,0,952.0,0.0,,16.4,16.0,12.0,11.0,34.0,137.2,mixed_ventilation_only,MAXIMUM,0
CIM,2024,4,0,0,0,512.0,0.0,,15.2,15.0,11.0,7.0,33.0,138.4,mixed_ventilation_only,MAXIMUM,0
CIM,2024,5,0,0,0,,,,16.9,13.0,8.0,11.0,32.0,138.2,mixed_ventilation_only,MAXIMUM,0
CIM,2024,6,9,4,1,,,,16.4,12.0,7.0,11.0,29.0,139.9,mixed_ventilation_only,MAXIMUM,0
CIM,2024,7,30,11,1,662.0,0.0,,17.3,11.0,7.0,11.0,28.0,140.3,mixed_ventilation_only,MAXIMUM,0
CIM,2024,8,23,11,4,576.0,0.0,,20.2,12.0,8.0,15.0,28.0,139.2,mixed_ventilation_only,MAXIMUM,0
CIM,2024,9,12,10,6,618.0,0.0,,22.0,12.0,7.0,15.0,27.0,149.8,mixed_ventilation_only,MAXIMUM,0
CIM,2024,10,14,8,3,299.0,0.0,,24.8,11.0,7.0,19.0,26.0,145.5,mixed_ventilation_only,MAXIMUM,0
CIM,2024,11,0,0,0,171.5,0.0,,21.7,11.0,6.0,19.0,25.0,143.2,mixed_ventilation_only,MAXIMUM,0
CIM,2024,12,0,0,0,138.0,0.0,,24.4,11.0,7.0,15.0,23.0,144.7,mixed_ventilation_only,MAXIMUM,0
CIM,2025,1,0,0,0,163.5,0.0,,21.6,14.0,11.0,15.0,27.0,139.5,mixed_ventilation_only,MAXIMUM,0
CIM,2025,2,1,0,0,92.0,0.0,,18.5,15.0,11.0,19.0,27.0,144.0,mixed_ventilation_only,MAXIMUM,1
CIM,2025,3,1,0,0,49.5,0.0,,13.8,15.0,12.0,15.0,25.0,146.3,mixed_ventilation_only,MAXIMUM,1
CIM,2025,4,0,0,0,45.0,0.0,,20.7,16.0,13.0,15.0,26.0,144.1,mixed_ventilation_only,MAXIMUM,1
CIM,2025,5,8,4,3,,,,20.8,15.0,13.0,11.0,23.0,141.0,mixed_ventilation_only,MAXIMUM,1
CIM,2025,6,9,5,0,,,,18.5,15.0,13.0,11.0,22.0,141.4,mixed_ventilation_only,MAXIMUM,1
CIM,2025,7,10,2,0,,,,27.8,15.0,11.0,11.0,26.0,139.9,mixed_ventilation_only,MAXIMUM,1
CIM,2025,8,25,12,5,,,,18.9,15.0,11.0,11.0,28.0,139.0,mixed_ventilation_only,MAXIMUM,1
CIM,2025,9,13,11,1,,,,20.6,16.0,13.0,15.0,26.0,142.0,mixed_ventilation_only,MAXIMUM,1
CIM,2025,10,5,2,0,,,,15.4,16.0,13.0,15.0,26.0,141.9,mixed_ventilation_only,MAXIMUM,1
CIM,2025,11,2,0,0,,,,14.8,18.0,15.0,22.0,26.0,139.2,mixed_ventilation_only,MAXIMUM,1
CIM,2025,12,0,0,0,,,,20.2,12.0,11.0,17.0,15.0,143.0,mixed_ventilation_only,MAXIMUM,1
CIW,2016,1,0,0,0,,,,,,,,,135.8,mixed_evaporative,MAXIMUM,0
CIW,2016,2,3,0,0,,,,,,,,,130.3,mixed_evaporative,MAXIMUM,0
CIW,2016,3,0,0,0,,,,,,,,,132.5,mixed_evaporative,MAXIMUM,0
CIW,2016,4,6,1,0,,,,,,,,,131.0,mixed_evaporative,MAXIMUM,0
CIW,2016,5,3,0,0,,,,,,,,,129.3,mixed_evaporative,MAXIMUM,0
CIW,2016,6,16,13,5,,,,,,,,,131.8,mixed_evaporative,MAXIMUM,0
CIW,2016,7,26,15,8,,,,,,,,,132.1,mixed_evaporative,MAXIMUM,0
CIW,2016,8,26,12,3,,,,,,,,,132.7,mixed_evaporative,MAXIMUM,0
CIW,2016,9,16,9,4,,,,,,,,,131.8,mixed_evaporative,MAXIMUM,0
CIW,2016,10,10,5,0,,,,,,,,,132.0,mixed_evaporative,MAXIMUM,0
CIW,2016,11,6,1,0,,,,,,,,,134.4,mixed_evaporative,MAXIMUM,0
CIW,2016,12,0,0,0,,,,,,,,,136.6,mixed_evaporative,MAXIMUM,0
CIW,2017,1,0,0,0,,,,21.6,11.0,11.0,0.0,13.0,138.4,mixed_evaporative,MAXIMUM,0
CIW,2017,2,0,0,0,,,,23.7,11.0,10.0,13.0,13.0,137.8,mixed_evaporative,MAXIMUM,0
CIW,2017,3,1,0,0,,,,15.8,12.0,12.0,5.0,14.0,139.8,mixed_evaporative,MAXIMUM,0
CIW,2017,4,3,2,0,,,,17.4,10.0,11.0,5.0,10.0,137.5,mixed_evaporative,MAXIMUM,0
CIW,2017,5,9,2,0,,,,20.8,11.0,12.0,5.0,10.0,133.0,mixed_evaporative,MAXIMUM,0
CIW,2017,6,17,10,3,,,,23.4,11.0,11.0,5.0,11.0,134.9,mixed_evaporative,MAXIMUM,0
CIW,2017,7,29,18,4,,,,30.0,14.0,16.0,10.0,10.0,134.5,mixed_evaporative,MAXIMUM,0
CIW,2017,8,21,16,7,,,,21.2,15.0,16.0,20.0,11.0,132.2,mixed_evaporative,MAXIMUM,0
CIW,2017,9,16,9,4,,,,13.8,13.0,14.0,15.0,10.0,133.0,mixed_evaporative,MAXIMUM,0
CIW,2017,10,16,11,3,,,,14.1,13.0,14.0,10.0,9.0,131.3,mixed_evaporative,MAXIMUM,0
CIW,2017,11,3,1,0,,,,26.2,10.0,11.0,5.0,9.0,130.7,mixed_evaporative,MAXIMUM,0
CIW,2017,12,0,0,0,,,,13.7,10.0,11.0,5.0,10.0,131.2,mixed_evaporative,MAXIMUM,0
CIW,2018,1,0,0,0,,,,17.3,10.0,10.0,5.0,12.0,131.4,mixed_evaporative,MAXIMUM,0
CIW,2018,2,0,0,0,,,,15.5,9.0,8.0,5.0,11.0,130.1,mixed_evaporative,MAXIMUM,0
CIW,2018,3,0,0,0,,,,12.3,9.0,9.0,5.0,11.0,128.2,mixed_evaporative,MAXIMUM,0
CIW,2018,4,3,2,0,,,,13.9,9.0,8.0,5.0,14.0,130.0,mixed_evaporative,MAXIMUM,0
CIW,2018,5,3,1,0,,,,15.1,9.0,8.0,5.0,13.0,128.6,mixed_evaporative,MAXIMUM,0
CIW,2018,6,13,1,0,,,,15.8,10.0,8.0,5.0,18.0,129.1,mixed_evaporative,MAXIMUM,0
CIW,2018,7,28,25,11,,,,13.8,16.0,14.0,5.0,23.0,130.8,mixed_evaporative,MAXIMUM,0
CIW,2018,8,27,13,4,,,,16.6,16.0,15.0,5.0,24.0,133.8,mixed_evaporative,MAXIMUM,0
CIW,2018,9,16,7,1,,,,19.5,16.0,14.0,5.0,24.0,134.9,mixed_evaporative,MAXIMUM,0
CIW,2018,10,4,0,0,,,,22.2,15.0,14.0,5.0,22.0,133.3,mixed_evaporative,MAXIMUM,0
CIW,2018,11,1,0,0,,,,15.1,12.0,12.0,5.0,16.0,134.7,mixed_evaporative,MAXIMUM,0
CIW,2018,12,0,0,0,,,,18.3,10.0,10.0,5.0,13.0,135.1,mixed_evaporative,MAXIMUM,0
CIW,2019,1,0,0,0,,,,20.9,9.0,8.0,5.0,14.0,132.2,mixed_evaporative,MAXIMUM,0
CIW,2019,2,0,0,0,,,,20.7,13.0,9.0,10.0,27.0,131.3,mixed_evaporative,MAXIMUM,0
CIW,2019,3,0,0,0,,,,14.0,13.0,9.0,5.0,26.0,128.5,mixed_evaporative,MAXIMUM,0
CIW,2019,4,0,0,0,,,,17.2,14.0,9.0,5.0,28.0,125.8,mixed_evaporative,MAXIMUM,0
CIW,2019,5,0,0,0,,,,17.7,13.0,7.0,5.0,29.0,127.5,mixed_evaporative,MAXIMUM,0
CIW,2019,6,6,3,2,,,,11.8,12.0,7.0,5.0,27.0,128.6,mixed_evaporative,MAXIMUM,0
CIW,2019,7,20,9,2,,,,15.4,15.0,13.0,10.0,24.0,125.3,mixed_evaporative,MAXIMUM,0
CIW,2019,8,27,15,1,,,,10.1,12.0,12.0,10.0,13.0,121.7,mixed_evaporative,MAXIMUM,0
CIW,2019,9,15,12,3,,,,10.5,13.0,13.0,15.0,13.0,120.5,mixed_evaporative,MAXIMUM,0
CIW,2019,10,10,4,0,,,,12.1,13.0,13.0,5.0,11.0,120.9,mixed_evaporative,MAXIMUM,0
CIW,2019,11,4,0,0,,,,14.1,10.0,10.0,5.0,12.0,119.6,mixed_evaporative,MAXIMUM,0
CIW,2019,12,0,0,0,,,,15.6,10.0,9.0,0.0,13.0,120.2,mixed_evaporative,MAXIMUM,0
CIW,2020,1,0,0,0,,,,16.4,10.0,9.0,10.0,13.0,115.9,mixed_evaporative,MAXIMUM,0
CIW,2020,2,0,0,0,,,,16.4,7.0,6.0,5.0,10.0,117.0,mixed_evaporative,MAXIMUM,0
CIW,2020,3,0,0,0,,,,14.7,7.0,6.0,5.0,9.0,118.0,mixed_evaporative,MAXIMUM,0
CIW,2020,4,5,1,0,,,,17.0,9.0,8.0,5.0,11.0,111.1,mixed_evaporative,MAXIMUM,0
CIW,2020,5,11,5,0,,,,19.9,8.0,8.0,0.0,12.0,108.6,mixed_evaporative,MAXIMUM,0
CIW,2020,6,11,4,3,,,,16.8,7.0,6.0,0.0,11.0,105.7,mixed_evaporative,MAXIMUM,0
CIW,2020,7,26,13,4,,,,13.7,7.0,7.0,0.0,8.0,92.7,mixed_evaporative,MAXIMUM,0
CIW,2020,8,25,19,6,,,,10.2,8.0,8.0,0.0,10.0,86.7,mixed_evaporative,MAXIMUM,0
CIW,2020,9,23,11,6,,,,13.0,6.0,7.0,0.0,3.0,83.9,mixed_evaporative,MAXIMUM,0
CIW,2020,10,13,11,3,,,,11.4,9.0,9.0,0.0,8.0,81.2,mixed_evaporative,MAXIMUM,0
CIW,2020,11,3,0,0,,,,21.3,9.0,10.0,0.0,9.0,78.1,mixed_evaporative,MAXIMUM,0
CIW,2020,12,0,0,0,,,,21.1,10.0,10.0,0.0,11.0,76.4,mixed_evaporative,MAXIMUM,0
CIW,2021,1,1,0,0,,,,23.3,9.0,10.0,0.0,8.0,80.3,mixed_evaporative,MAXIMUM,0
CIW,2021,2,0,0,0,,,,28.3,10.0,10.0,0.0,12.0,77.6,mixed_evaporative,MAXIMUM,0
CIW,2021,3,0,0,0,,,,14.2,10.0,11.0,0.0,11.0,76.3,mixed_evaporative,MAXIMUM,0
CIW,2021,4,2,2,0,,,,18.2,6.0,6.0,0.0,7.0,75.0,mixed_evaporative,MAXIMUM,0
CIW,2021,5,2,1,0,,,,14.9,8.0,8.0,5.0,10.0,75.7,mixed_evaporative,MAXIMUM,0
CIW,2021,6,14,4,1,,,,15.4,8.0,8.0,5.0,9.0,76.3,mixed_evaporative,MAXIMUM,0
CIW,2021,7,19,3,0,192.9,0.0,,22.0,7.0,7.0,10.0,9.0,76.7,mixed_evaporative,MAXIMUM,0
CIW,2021,8,21,14,4,218.4,0.0,,19.5,8.0,8.0,10.0,7.0,75.7,mixed_evaporative,MAXIMUM,0
CIW,2021,9,17,9,2,180.8,7.1,,15.1,8.0,8.0,5.0,6.0,77.1,mixed_evaporative,MAXIMUM,0
CIW,2021,10,8,5,0,163.05,0.0,,18.9,9.0,10.0,5.0,8.0,80.1,mixed_evaporative,MAXIMUM,0
CIW,2021,11,4,0,0,333.8,0.0,1.0,20.0,9.0,10.0,5.0,8.0,80.7,mixed_evaporative,MAXIMUM,0
CIW,2021,12,0,0,0,182.2,2.83,,27.2,9.0,9.0,5.0,9.0,80.7,mixed_evaporative,MAXIMUM,0
CIW,2022,1,0,0,0,415.75,22.48,,21.9,17.0,10.0,5.0,38.0,77.7,mixed_evaporative,MAXIMUM,0
CIW,2022,2,0,0,0,244.05,12.13,,24.9,26.0,24.0,5.0,38.0,78.5,mixed_evaporative,MAXIMUM,0
CIW,2022,3,0,0,0,228.75,0.0,,23.7,20.0,19.0,5.0,24.0,77.3,mixed_evaporative,MAXIMUM,0
CIW,2022,4,3,3,0,246.3,0.0,,27.7,18.0,18.0,5.0,18.0,78.2,mixed_evaporative,MAXIMUM,0
CIW,2022,5,2,2,0,,,,27.7,17.0,18.0,0.0,18.0,77.7,mixed_evaporative,MAXIMUM,0
CIW,2022,6,17,10,1,,,,22.5,18.0,18.0,0.0,21.0,74.2,mixed_evaporative,MAXIMUM,0
CIW,2022,7,23,6,0,263.2,28.51,1.0,24.8,17.0,17.0,18.0,20.0,73.4,mixed_evaporative,MAXIMUM,0
CIW,2022,8,25,15,2,175.8,14.31,,37.4,17.0,17.0,18.0,19.0,70.8,mixed_evaporative,MAXIMUM,0
CIW,2022,9,19,14,9,172.4,0.0,,26.8,17.0,15.0,18.0,22.0,69.6,mixed_evaporative,MAXIMUM,0
CIW,2022,10,3,1,0,164.7,28.69,,29.0,18.0,16.0,15.0,25.0,72.1,mixed_evaporative,MAXIMUM,0
CIW,2022,11,0,0,0,278.7,6.38,,24.1,18.0,16.0,15.0,26.0,72.9,mixed_evaporative,MAXIMUM,0
CIW,2022,12,0,0,0,221.5,0.0,,33.7,19.0,18.0,21.0,22.0,72.4,mixed_evaporative,MAXIMUM,0
CIW,2023,1,0,0,0,228.7,8.92,,18.6,19.0,18.0,21.0,24.0,76.7,mixed_evaporative,MAXIMUM,0
CIW,2023,2,0,0,0,245.72,1.65,,26.5,20.0,18.0,21.0,26.0,75.7,mixed_evaporative,MAXIMUM,0
CIW,2023,3,0,0,0,234.93,0.0,,27.4,20.0,18.0,15.0,26.0,75.3,mixed_evaporative,MAXIMUM,0
CIW,2023,4,1,0,0,216.65,0.0,,21.2,18.0,17.0,9.0,25.0,74.1,mixed_evaporative,MAXIMUM,0
CIW,2023,5,0,0,0,,,,24.9,16.0,14.0,3.0,26.0,76.7,mixed_evaporative,MAXIMUM,0
CIW,2023,6,1,0,0,,,,24.3,17.0,15.0,3.0,28.0,76.0,mixed_evaporative,MAXIMUM,0
CIW,2023,7,24,18,2,225.8,0.0,,28.6,17.0,15.0,9.0,27.0,75.9,mixed_evaporative,MAXIMUM,0
CIW,2023,8,22,11,3,255.75,0.0,,32.2,17.0,15.0,9.0,27.0,75.6,mixed_evaporative,MAXIMUM,0
CIW,2023,9,5,3,0,230.49,0.0,,37.0,16.0,15.0,3.0,23.0,77.5,mixed_evaporative,MAXIMUM,0
CIW,2023,10,10,7,0,1490.0,0.0,,29.3,17.0,16.0,3.0,24.0,89.7,mixed_evaporative,MAXIMUM,0
CIW,2023,11,0,0,0,1198.0,0.0,,29.4,16.0,14.0,9.0,24.0,93.0,mixed_evaporative,MAXIMUM,0
CIW,2023,12,0,0,0,55.0,0.0,,34.7,15.0,13.0,6.0,22.0,92.9,mixed_evaporative,MAXIMUM,0
CIW,2024,1,0,0,0,176.0,0.0,,37.8,17.0,14.0,6.0,27.0,92.5,mixed_evaporative,MAXIMUM,0
CIW,2024,2,0,0,0,215.5,0.0,,27.8,17.0,14.0,6.0,29.0,91.4,mixed_evaporative,MAXIMUM,0
CIW,2024,3,0,0,0,200.0,0.0,,26.7,17.0,14.0,6.0,27.0,89.8,mixed_evaporative,MAXIMUM,0
CIW,2024,4,0,0,0,230.5,0.0,,23.2,17.0,15.0,6.0,27.0,91.6,mixed_evaporative,MAXIMUM,0
CIW,2024,5,0,0,0,,,,30.0,17.0,15.0,6.0,25.0,87.8,mixed_evaporative,MAXIMUM,0
CIW,2024,6,11,4,0,,,,36.0,13.0,11.0,18.0,19.0,91.1,mixed_evaporative,MAXIMUM,0
CIW,2024,7,29,12,0,164.0,0.68,,38.6,14.0,12.0,12.0,19.0,98.2,mixed_evaporative,MAXIMUM,0
CIW,2024,8,23,12,4,186.5,0.0,,40.5,13.0,11.0,6.0,22.0,100.4,mixed_evaporative,MAXIMUM,0
CIW,2024,9,12,10,6,324.0,0.0,,37.0,12.0,10.0,6.0,19.0,97.5,mixed_evaporative,MAXIMUM,0
CIW,2024,10,14,8,2,220.25,0.0,,37.3,11.0,10.0,6.0,18.0,94.3,mixed_evaporative,MAXIMUM,0
CIW,2024,11,0,0,0,272.75,0.0,,44.2,12.0,11.0,6.0,17.0,94.0,mixed_evaporative,MAXIMUM,0
CIW,2024,12,0,0,0,279.5,0.0,1.0,54.8,12.0,11.0,6.0,18.0,99.1,mixed_evaporative,MAXIMUM,0
CIW,2025,1,0,0,0,262.0,0.0,,44.4,15.0,14.0,11.0,22.0,100.0,mixed_evaporative,MAXIMUM,0
CIW,2025,2,1,0,0,321.75,0.0,,58.1,14.0,13.0,11.0,21.0,96.9,mixed_evaporative,MAXIMUM,0
CIW,2025,3,1,0,0,324.5,0.0,1.0,40.3,16.0,15.0,17.0,23.0,95.9,mixed_evaporative,MAXIMUM,0
CIW,2025,4,0,0,0,222.3,0.0,,31.3,18.0,16.0,17.0,26.0,95.0,mixed_evaporative,MAXIMUM,0
CIW,2025,5,8,4,2,,,,40.2,17.0,16.0,17.0,25.0,93.6,mixed_evaporative,MAXIMUM,0
CIW,2025,6,9,4,0,,,,31.9,18.0,16.0,22.0,22.0,96.4,mixed_evaporative,MAXIMUM,0
CIW,2025,7,11,1,0,,,,37.0,17.0,15.0,17.0,26.0,94.5,mixed_evaporative,MAXIMUM,0
CIW,2025,8,25,12,1,,,,34.1,19.0,17.0,17.0,26.0,89.8,mixed_evaporative,MAXIMUM,0
CIW,2025,9,16,11,1,,,,32.3,19.0,18.0,11.0,24.0,88.7,mixed_evaporative,MAXIMUM,0
CIW,2025,10,4,2,0,,,,32.1,20.0,19.0,11.0,23.0,88.1,mixed_evaporative,MAXIMUM,0
CIW,2025,11,2,0,0,,,,45.0,20.0,20.0,11.0,23.0,87.7,mixed_evaporative,MAXIMUM,0
CIW,2025,12,0,0,0,,,,37.2,13.0,13.0,6.0,15.0,85.8,mixed_evaporative,MAXIMUM,0
CMC,2016,1,0,0,0,,,,,,,,,105.8,mixed_ventilation_only,MEDIUM,0
CMC,2016,2,0,0,0,,,,,,,,,106.5,mixed_ventilation_only,MEDIUM,0
CMC,2016,3,0,0,0,,,,,,,,,106.8,mixed_ventilation_only,MEDIUM,0
CMC,2016,4,1,0,1,,,,,,,,,107.7,mixed_ventilation_only,MEDIUM,0
CMC,2016,5,0,0,0,,,,,,,,,108.4,mixed_ventilation_only,MEDIUM,0
CMC,2016,6,7,0,8,,,,,,,,,107.7,mixed_ventilation_only,MEDIUM,0
CMC,2016,7,1,0,3,,,,,,,,,108.2,mixed_ventilation_only,MEDIUM,0
CMC,2016,8,0,0,1,,,,,,,,,107.0,mixed_ventilation_only,MEDIUM,0
CMC,2016,9,5,4,6,,,,,,,,,106.3,mixed_ventilation_only,MEDIUM,0
CMC,2016,10,0,0,4,,,,,,,,,105.5,mixed_ventilation_only,MEDIUM,0
CMC,2016,11,0,0,1,,,,,,,,,105.3,mixed_ventilation_only,MEDIUM,0
CMC,2016,12,0,0,0,,,,,,,,,105.4,mixed_ventilation_only,MEDIUM,0
CMC,2017,1,0,0,0,,,,9.1,15.0,15.0,6.0,18.0,103.8,mixed_ventilation_only,MEDIUM,0
CMC,2017,2,0,0,0,,,,6.7,16.0,15.0,9.0,19.0,101.8,mixed_ventilation_only,MEDIUM,0
CMC,2017,3,0,0,0,,,,7.6,15.0,16.0,0.0,15.0,100.1,mixed_ventilation_only,MEDIUM,0
CMC,2017,4,0,0,0,,,,8.4,14.0,15.0,3.0,15.0,100.1,mixed_ventilation_only,MEDIUM,0
CMC,2017,5,0,0,0,,,,9.6,14.0,14.0,3.0,16.0,101.1,mixed_ventilation_only,MEDIUM,0
CMC,2017,6,2,0,2,,,,7.4,14.0,15.0,0.0,15.0,104.7,mixed_ventilation_only,MEDIUM,0
CMC,2017,7,3,1,3,,,,7.5,14.0,14.0,0.0,15.0,106.6,mixed_ventilation_only,MEDIUM,0
CMC,2017,8,1,0,2,,,,9.3,13.0,13.0,3.0,15.0,108.4,mixed_ventilation_only,MEDIUM,0
CMC,2017,9,4,3,5,,,,9.2,13.0,13.0,3.0,14.0,106.2,mixed_ventilation_only,MEDIUM,0
CMC,2017,10,8,3,9,,,,8.2,13.0,14.0,3.0,13.0,108.3,mixed_ventilation_only,MEDIUM,0
CMC,2017,11,1,0,2,,,,8.3,10.0,10.0,0.0,15.0,106.8,mixed_ventilation_only,MEDIUM,0
CMC,2017,12,0,0,0,,,,9.5,10.0,10.0,0.0,15.0,104.1,mixed_ventilation_only,MEDIUM,0
CMC,2018,1,0,0,0,,,,13.0,11.0,10.0,0.0,15.0,102.6,mixed_ventilation_only,MEDIUM,0
CMC,2018,2,0,0,0,,,,7.5,10.0,10.0,3.0,11.0,101.5,mixed_ventilation_only,MEDIUM,0
CMC,2018,3,0,0,0,,,,9.0,11.0,12.0,-3.0,13.0,100.3,mixed_ventilation_only,MEDIUM,0
CMC,2018,4,0,0,0,,,,10.2,11.0,12.0,0.0,12.0,99.7,mixed_ventilation_only,MEDIUM,0
CMC,2018,5,0,0,0,,,,8.6,11.0,12.0,0.0,12.0,99.7,mixed_ventilation_only,MEDIUM,0
CMC,2018,6,0,0,0,,,,7.9,11.0,12.0,6.0,10.0,101.9,mixed_ventilation_only,MEDIUM,0
CMC,2018,7,6,1,7,,,,12.7,9.0,11.0,0.0,6.0,102.2,mixed_ventilation_only,MEDIUM,0
CMC,2018,8,4,0,6,,,,10.7,10.0,12.0,0.0,7.0,104.7,mixed_ventilation_only,MEDIUM,0
CMC,2018,9,1,0,2,,,,10.4,5.0,5.0,6.0,6.0,103.3,mixed_ventilation_only,MEDIUM,0
CMC,2018,10,0,0,3,,,,11.9,4.0,4.0,6.0,5.0,100.4,mixed_ventilation_only,MEDIUM,0
CMC,2018,11,0,0,0,,,,7.6,3.0,2.0,3.0,5.0,97.2,mixed_ventilation_only,MEDIUM,0
CMC,2018,12,0,0,0,,,,7.2,4.0,3.0,9.0,5.0,96.5,mixed_ventilation_only,MEDIUM,0
CMC,2019,1,0,0,0,,,,9.6,4.0,4.0,3.0,3.0,95.5,mixed_ventilation_only,MEDIUM,0
CMC,2019,2,0,0,0,,,,9.0,5.0,4.0,6.0,8.0,95.0,mixed_ventilation_only,MEDIUM,0
CMC,2019,3,0,0,0,,,,8.3,5.0,3.0,6.0,8.0,91.8,mixed_ventilation_only,MEDIUM,0
CMC,2019,4,0,0,0,,,,8.6,5.0,3.0,6.0,10.0,89.3,mixed_ventilation_only,MEDIUM,0
CMC,2019,5,0,0,0,,,,10.3,6.0,3.0,6.0,10.0,90.2,mixed_ventilation_only,MEDIUM,0
CMC,2019,6,0,0,1,,,,12.0,7.0,5.0,6.0,9.0,92.2,mixed_ventilation_only,MEDIUM,0
CMC,2019,7,2,0,2,,,,9.3,10.0,11.0,12.0,6.0,95.9,mixed_ventilation_only,MEDIUM,0
CMC,2019,8,0,0,1,,,,9.8,12.0,9.0,6.0,20.0,99.9,mixed_ventilation_only,MEDIUM,0
CMC,2019,9,5,1,6,,,,11.7,10.0,11.0,3.0,10.0,99.9,mixed_ventilation_only,MEDIUM,0
CMC,2019,10,3,1,4,,,,8.4,11.0,10.0,3.0,14.0,99.3,mixed_ventilation_only,MEDIUM,0
CMC,2019,11,0,0,1,,,,8.4,9.0,8.0,3.0,13.0,99.3,mixed_ventilation_only,MEDIUM,0
CMC,2019,12,0,0,0,,,,11.9,10.0,8.0,13.0,14.0,97.8,mixed_ventilation_only,MEDIUM,0
CMC,2020,1,0,0,0,,,,11.1,8.0,7.0,3.0,14.0,98.1,mixed_ventilation_only,MEDIUM,0
CMC,2020,2,0,0,0,,,,11.5,12.0,8.0,3.0,22.0,98.5,mixed_ventilation_only,MEDIUM,0
CMC,2020,3,0,0,0,,,,9.4,12.0,7.0,0.0,24.0,99.6,mixed_ventilation_only,MEDIUM,0
CMC,2020,4,0,0,0,,,,7.1,11.0,6.0,0.0,24.0,97.1,mixed_ventilation_only,MEDIUM,0
CMC,2020,5,0,0,0,,,,8.4,11.0,6.0,0.0,26.0,96.7,mixed_ventilation_only,MEDIUM,0
CMC,2020,6,3,0,3,,,,9.7,11.0,6.0,3.0,24.0,94.8,mixed_ventilation_only,MEDIUM,0
CMC,2020,7,0,0,0,,,,9.1,11.0,5.0,7.0,24.0,90.8,mixed_ventilation_only,MEDIUM,0
CMC,2020,8,6,4,9,,,,8.3,10.0,5.0,10.0,24.0,86.4,mixed_ventilation_only,MEDIUM,0
CMC,2020,9,4,4,6,,,,7.0,9.0,5.0,10.0,18.0,83.4,mixed_ventilation_only,MEDIUM,0
CMC,2020,10,9,6,10,,,,6.3,9.0,6.0,10.0,17.0,81.2,mixed_ventilation_only,MEDIUM,0
CMC,2020,11,0,0,1,,,,7.7,9.0,6.0,14.0,17.0,81.7,mixed_ventilation_only,MEDIUM,0
CMC,2020,12,0,0,0,,,,7.2,11.0,8.0,17.0,17.0,80.1,mixed_ventilation_only,MEDIUM,0
CMC,2021,1,0,0,0,,,,6.8,11.0,8.0,14.0,16.0,78.8,mixed_ventilation_only,MEDIUM,0
CMC,2021,2,0,0,0,,,,4.1,10.0,8.0,14.0,17.0,78.3,mixed_ventilation_only,MEDIUM,0
CMC,2021,3,0,0,0,,,,7.0,12.0,9.0,10.0,17.0,77.6,mixed_ventilation_only,MEDIUM,0
CMC,2021,4,0,0,0,,,,8.7,11.0,8.0,14.0,19.0,78.3,mixed_ventilation_only,MEDIUM,0
CMC,2021,5,0,0,0,,,,9.8,11.0,7.0,17.0,19.0,80.2,mixed_ventilation_only,MEDIUM,0
CMC,2021,6,2,1,3,,,,4.0,10.0,5.0,11.0,22.0,79.9,mixed_ventilation_only,MEDIUM,0
CMC,2021,7,0,0,1,189.92,0.45,,9.0,12.0,9.0,4.0,21.0,79.1,mixed_ventilation_only,MEDIUM,0
CMC,2021,8,0,0,0,122.7,0.11,,9.6,13.0,10.0,4.0,21.0,80.9,mixed_ventilation_only,MEDIUM,0
CMC,2021,9,1,0,2,180.35,0.05,,8.7,12.0,10.0,4.0,19.0,80.3,mixed_ventilation_only,MEDIUM,0
CMC,2021,10,1,0,3,100.85,0.0,,16.9,12.0,10.0,4.0,19.0,79.9,mixed_ventilation_only,MEDIUM,0
CMC,2021,11,0,0,0,281.95,0.03,1.0,12.8,12.0,10.0,4.0,19.0,83.1,mixed_ventilation_only,MEDIUM,0
CMC,2021,12,0,0,0,185.8,0.08,,11.6,13.0,11.0,7.0,19.0,85.0,mixed_ventilation_only,MEDIUM,0
CMC,2022,1,0,0,0,216.41,21.84,,8.1,15.0,12.0,11.0,23.0,84.3,mixed_ventilation_only,MEDIUM,0
CMC,2022,2,0,0,0,193.7,26.31,1.0,12.7,16.0,13.0,11.0,23.0,83.8,mixed_ventilation_only,MEDIUM,0
CMC,2022,3,0,0,0,116.05,27.22,,11.3,17.0,15.0,11.0,23.0,83.8,mixed_ventilation_only,MEDIUM,0
CMC,2022,4,2,0,2,161.0,0.0,,8.6,17.0,16.0,7.0,22.0,86.8,mixed_ventilation_only,MEDIUM,0
CMC,2022,5,0,0,0,,,,6.5,17.0,16.0,7.0,22.0,89.5,mixed_ventilation_only,MEDIUM,0
CMC,2022,6,3,0,4,,,,11.2,18.0,17.0,7.0,23.0,90.8,mixed_ventilation_only,MEDIUM,0
CMC,2022,7,0,0,0,189.3,8.83,,9.0,21.0,18.0,14.0,30.0,89.5,mixed_ventilation_only,MEDIUM,0
CMC,2022,8,0,0,0,138.45,5.18,,8.7,22.0,20.0,11.0,29.0,88.9,mixed_ventilation_only,MEDIUM,0
CMC,2022,9,9,5,9,207.75,0.06,,17.7,21.0,18.0,11.0,27.0,88.1,mixed_ventilation_only,MEDIUM,0
CMC,2022,10,2,0,2,124.95,0.0,,12.0,19.0,16.0,7.0,28.0,86.1,mixed_ventilation_only,MEDIUM,0
CMC,2022,11,0,0,0,363.15,0.0,1.0,11.6,21.0,18.0,4.0,30.0,83.3,mixed_ventilation_only,MEDIUM,0
CMC,2022,12,0,0,0,251.4,1.04,,12.3,19.0,17.0,4.0,27.0,84.7,mixed_ventilation_only,MEDIUM,0
CMC,2023,1,0,0,0,350.15,0.0,,17.4,21.0,19.0,4.0,28.0,85.3,mixed_ventilation_only,MEDIUM,0
CMC,2023,2,0,0,0,255.15,0.0,1.0,11.4,21.0,19.0,4.0,28.0,88.0,mixed_ventilation_only,MEDIUM,0
CMC,2023,3,0,0,0,245.1,0.0,,12.4,21.0,19.0,7.0,29.0,86.9,mixed_ventilation_only,MEDIUM,0
CMC,2023,4,0,0,0,246.1,0.0,,11.0,21.0,18.0,8.0,29.0,84.8,mixed_ventilation_only,MEDIUM,0
CMC,2023,5,0,0,0,,,,12.4,21.0,18.0,8.0,31.0,82.8,mixed_ventilation_only,MEDIUM,0
CMC,2023,6,0,0,0,,,,15.6,22.0,19.0,12.0,31.0,76.3,mixed_ventilation_only,MEDIUM,0
CMC,2023,7,1,0,2,352.25,0.12,,14.0,24.0,22.0,12.0,33.0,70.5,mixed_ventilation_only,MEDIUM,0
CMC,2023,8,3,1,3,294.3,0.0,,11.3,26.0,24.0,12.0,33.0,60.9,mixed_ventilation_only,MEDIUM,0
CMC,2023,9,0,0,1,379.9,0.0,,17.8,26.0,22.0,27.0,35.0,55.9,mixed_ventilation_only,MEDIUM,0
CMC,2023,10,3,1,4,959.5,0.0,,12.9,25.0,22.0,24.0,34.0,54.1,mixed_ventilation_only,MEDIUM,0
CMC,2023,11,0,0,0,1870.5,0.0,,19.0,25.0,21.0,24.0,35.0,78.4,mixed_ventilation_only,MEDIUM,0
CMC,2023,12,0,0,0,1508.5,0.0,,14.4,25.0,20.0,28.0,38.0,81.0,mixed_ventilation_only,MEDIUM,0
CMC,2024,1,0,0,0,866.0,0.0,1.0,15.7,22.0,16.0,22.0,38.0,86.1,mixed_ventilation_only,MEDIUM,0
CMC,2024,2,0,0,0,333.25,0.0,,14.3,23.0,17.0,22.0,36.0,88.8,mixed_ventilation_only,MEDIUM,0
CMC,2024,3,0,0,0,269.25,0.0,,15.0,23.0,17.0,22.0,36.0,90.2,mixed_ventilation_only,MEDIUM,0
CMC,2024,4,0,0,0,274.5,0.0,,11.2,23.0,18.0,22.0,35.0,88.4,mixed_ventilation_only,MEDIUM,0
CMC,2024,5,0,0,0,,,,11.0,23.0,18.0,22.0,35.0,86.4,mixed_ventilation_only,MEDIUM,0
CMC,2024,6,0,0,0,,,,12.3,22.0,15.0,22.0,37.0,84.0,mixed_ventilation_only,MEDIUM,0
CMC,2024,7,0,0,0,84.0,0.0,,15.4,21.0,15.0,17.0,33.0,81.1,mixed_ventilation_only,MEDIUM,0
CMC,2024,8,0,0,1,40.0,0.0,,14.5,21.0,16.0,13.0,34.0,79.9,mixed_ventilation_only,MEDIUM,0
CMC,2024,9,3,3,4,148.0,0.0,,13.5,20.0,15.0,13.0,33.0,78.2,mixed_ventilation_only,MEDIUM,0
CMC,2024,10,5,2,6,84.0,0.0,,9.9,21.0,17.0,17.0,31.0,82.8,mixed_ventilation_only,MEDIUM,0
CMC,2024,11,0,0,0,238.0,0.0,1.0,14.4,19.0,14.0,13.0,31.0,85.6,mixed_ventilation_only,MEDIUM,0
CMC,2024,12,0,0,0,131.0,0.0,,23.1,20.0,14.0,17.0,32.0,85.2,mixed_ventilation_only,MEDIUM,0
CMC,2025,1,0,0,0,164.0,0.0,,21.7,18.0,13.0,13.0,30.0,84.2,mixed_ventilation_only,MEDIUM,0
CMC,2025,2,0,0,0,184.0,0.0,,20.5,18.0,13.0,13.0,30.0,84.4,mixed_ventilation_only,MEDIUM,0
CMC,2025,3,0,0,0,127.0,0.0,,11.1,18.0,14.0,13.0,29.0,83.6,mixed_ventilation_only,MEDIUM,0
CMC,2025,4,0,0,0,90.0,0.0,,16.4,18.0,13.0,13.0,29.0,85.2,mixed_ventilation_only,MEDIUM,0
CMC,2025,5,0,0,0,,,,11.2,18.0,13.0,17.0,29.0,86.2,mixed_ventilation_only,MEDIUM,0
CMC,2025,6,0,0,0,,,,13.0,19.0,14.0,17.0,30.0,84.5,mixed_ventilation_only,MEDIUM,0
CMC,2025,7,0,0,0,,,,18.5,18.0,11.0,14.0,33.0,82.4,mixed_ventilation_only,MEDIUM,0
CMC,2025,8,1,1,3,,,,16.4,19.0,12.0,14.0,33.0,79.8,mixed_ventilation_only,MEDIUM,0
CMC,2025,9,0,0,0,,,,17.6,19.0,12.0,14.0,34.0,80.4,mixed_ventilation_only,MEDIUM,0
CMC,2025,10,0,0,0,,,,22.0,20.0,13.0,14.0,33.0,80.8,mixed_ventilation_only,MEDIUM,0
CMC,2025,11,0,0,0,,,,16.1,18.0,11.0,18.0,33.0,81.7,mixed_ventilation_only,MEDIUM,0
CMC,2025,12,0,0,0,,,,13.8,17.0,11.0,23.0,28.0,84.2,mixed_ventilation_only,MEDIUM,0
CMF,2016,1,0,0,0,,,,,,,,,107.4,mixed_mechanical,MEDIUM,0
CMF,2016,2,0,0,0,,,,,,,,,107.2,mixed_mechanical,MEDIUM,0
CMF,2016,3,0,0,0,,,,,,,,,110.0,mixed_mechanical,MEDIUM,0
CMF,2016,4,0,0,0,,,,,,,,,110.2,mixed_mechanical,MEDIUM,0
CMF,2016,5,5,2,0,,,,,,,,,109.3,mixed_mechanical,MEDIUM,0
CMF,2016,6,18,10,4,,,,,,,,,109.9,mixed_mechanical,MEDIUM,0
CMF,2016,7,18,12,7,,,,,,,,,109.7,mixed_mechanical,MEDIUM,0
CMF,2016,8,18,6,2,,,,,,,,,107.9,mixed_mechanical,MEDIUM,0
CMF,2016,9,12,6,0,,,,,,,,,107.1,mixed_mechanical,MEDIUM,0
CMF,2016,10,0,0,0,,,,,,,,,107.2,mixed_mechanical,MEDIUM,0
CMF,2016,11,0,0,0,,,,,,,,,105.0,mixed_mechanical,MEDIUM,0
CMF,2016,12,0,0,0,,,,,,,,,105.5,mixed_mechanical,MEDIUM,0
CMF,2017,1,0,0,0,,,,21.3,13.0,13.0,6.0,14.0,104.4,mixed_mechanical,MEDIUM,0
CMF,2017,2,0,0,0,,,,27.0,13.0,13.0,13.0,14.0,107.3,mixed_mechanical,MEDIUM,0
CMF,2017,3,0,0,0,,,,20.4,17.0,19.0,1.0,14.0,108.7,mixed_mechanical,MEDIUM,0
CMF,2017,4,0,0,0,,,,21.5,13.0,14.0,6.0,13.0,107.1,mixed_mechanical,MEDIUM,0
CMF,2017,5,8,2,0,,,,20.9,22.0,24.0,6.0,15.0,106.7,mixed_mechanical,MEDIUM,0
CMF,2017,6,14,8,6,,,,13.7,22.0,24.0,6.0,15.0,105.8,mixed_mechanical,MEDIUM,0
CMF,2017,7,25,15,7,,,,22.5,27.0,31.0,6.0,17.0,106.4,mixed_mechanical,MEDIUM,0
CMF,2017,8,20,10,7,,,,23.6,24.0,27.0,6.0,17.0,107.6,mixed_mechanical,MEDIUM,0
CMF,2017,9,13,5,3,,,,26.0,24.0,27.0,6.0,16.0,107.8,mixed_mechanical,MEDIUM,0
CMF,2017,10,0,0,0,,,,25.2,24.0,27.0,6.0,15.0,108.8,mixed_mechanical,MEDIUM,0
CMF,2017,11,0,0,0,,,,22.9,21.0,23.0,6.0,19.0,108.6,mixed_mechanical,MEDIUM,0
CMF,2017,12,0,0,0,,,,27.2,21.0,23.0,6.0,19.0,107.3,mixed_mechanical,MEDIUM,0
CMF,2018,1,0,0,0,,,,23.9,20.0,21.0,6.0,19.0,104.8,mixed_mechanical,MEDIUM,0
CMF,2018,2,0,0,0,,,,16.9,20.0,22.0,2.0,15.0,101.7,mixed_mechanical,MEDIUM,0
CMF,2018,3,0,0,0,,,,16.6,20.0,21.0,2.0,17.0,99.9,mixed_mechanical,MEDIUM,0
CMF,2018,4,0,0,0,,,,23.4,19.0,21.0,2.0,17.0,100.5,mixed_mechanical,MEDIUM,0
CMF,2018,5,2,2,0,,,,26.4,18.0,19.0,2.0,17.0,103.4,mixed_mechanical,MEDIUM,0
CMF,2018,6,12,8,3,,,,26.4,18.0,20.0,2.0,14.0,104.0,mixed_mechanical,MEDIUM,0
CMF,2018,7,28,20,3,,,,26.5,19.0,20.0,2.0,17.0,102.2,mixed_mechanical,MEDIUM,0
CMF,2018,8,16,10,2,,,,24.5,19.0,20.0,6.0,17.0,101.1,mixed_mechanical,MEDIUM,0
CMF,2018,9,13,2,0,,,,19.4,17.0,19.0,6.0,12.0,100.5,mixed_mechanical,MEDIUM,0
CMF,2018,10,0,0,0,,,,31.6,14.0,15.0,11.0,10.0,100.3,mixed_mechanical,MEDIUM,0
CMF,2018,11,0,0,0,,,,31.8,14.0,14.0,11.0,12.0,99.7,mixed_mechanical,MEDIUM,0
CMF,2018,12,0,0,0,,,,28.3,11.0,10.0,11.0,13.0,99.2,mixed_mechanical,MEDIUM,0
CMF,2019,1,0,0,0,,,,20.3,10.0,9.0,6.0,13.0,98.7,mixed_mechanical,MEDIUM,0
CMF,2019,2,0,0,0,,,,32.3,12.0,10.0,2.0,18.0,98.9,mixed_mechanical,MEDIUM,0
CMF,2019,3,0,0,0,,,,28.3,13.0,12.0,-2.0,18.0,99.5,mixed_mechanical,MEDIUM,0
CMF,2019,4,2,0,0,,,,23.6,13.0,13.0,-2.0,17.0,106.7,mixed_mechanical,MEDIUM,0
CMF,2019,5,0,0,0,,,,24.3,14.0,12.0,-2.0,24.0,108.5,mixed_mechanical,MEDIUM,0
CMF,2019,6,13,8,3,,,,20.4,15.0,12.0,-2.0,25.0,107.5,mixed_mechanical,MEDIUM,0
CMF,2019,7,20,9,3,,,,28.7,16.0,14.0,2.0,26.0,108.3,mixed_mechanical,MEDIUM,0
CMF,2019,8,21,18,4,,,,21.7,16.0,15.0,2.0,24.0,108.9,mixed_mechanical,MEDIUM,0
CMF,2019,9,11,7,0,,,,24.5,16.0,14.0,2.0,24.0,111.2,mixed_mechanical,MEDIUM,0
CMF,2019,10,1,0,0,,,,21.6,15.0,14.0,2.0,20.0,109.6,mixed_mechanical,MEDIUM,0
CMF,2019,11,0,0,0,,,,22.9,15.0,14.0,-2.0,20.0,107.9,mixed_mechanical,MEDIUM,0
CMF,2019,12,0,0,0,,,,27.8,15.0,14.0,-2.0,23.0,108.2,mixed_mechanical,MEDIUM,0
CMF,2020,1,0,0,0,,,,26.5,15.0,14.0,-2.0,23.0,106.2,mixed_mechanical,MEDIUM,0
CMF,2020,2,0,0,0,,,,25.7,15.0,13.0,-2.0,24.0,105.3,mixed_mechanical,MEDIUM,0
CMF,2020,3,0,0,0,,,,26.5,16.0,14.0,2.0,24.0,104.8,mixed_mechanical,MEDIUM,0
CMF,2020,4,2,0,0,,,,27.3,16.0,14.0,2.0,26.0,101.5,mixed_mechanical,MEDIUM,0
CMF,2020,5,7,5,2,,,,30.5,17.0,14.0,2.0,29.0,100.7,mixed_mechanical,MEDIUM,0
CMF,2020,6,18,12,2,,,,30.7,18.0,15.0,11.0,28.0,99.7,mixed_mechanical,MEDIUM,0
CMF,2020,7,26,14,2,,,,25.7,17.0,13.0,11.0,31.0,93.5,mixed_mechanical,MEDIUM,0
CMF,2020,8,26,14,7,,,,14.1,15.0,11.0,11.0,29.0,91.0,mixed_mechanical,MEDIUM,0
CMF,2020,9,16,9,4,,,,15.4,14.0,11.0,6.0,28.0,88.0,mixed_mechanical,MEDIUM,0
CMF,2020,10,14,3,0,,,,19.0,15.0,12.0,6.0,28.0,86.6,mixed_mechanical,MEDIUM,0
CMF,2020,11,0,0,0,,,,9.9,14.0,11.0,6.0,27.0,86.7,mixed_mechanical,MEDIUM,0
CMF,2020,12,0,0,0,,,,11.5,15.0,12.0,11.0,26.0,85.0,mixed_mechanical,MEDIUM,0
CMF,2021,1,0,0,0,,,,14.8,15.0,11.0,11.0,28.0,0.1,mixed_mechanical,MEDIUM,0
CMF,2021,2,0,0,0,,,,14.1,15.0,12.0,11.0,26.0,81.2,mixed_mechanical,MEDIUM,0
CMF,2021,3,0,0,0,,,,12.6,17.0,15.0,11.0,26.0,81.5,mixed_mechanical,MEDIUM,0
CMF,2021,4,1,0,0,,,,20.6,16.0,13.0,15.0,27.0,83.1,mixed_mechanical,MEDIUM,0
CMF,2021,5,8,2,1,,,,19.6,17.0,14.0,15.0,28.0,85.0,mixed_mechanical,MEDIUM,0
CMF,2021,6,17,10,3,,,,10.9,17.0,13.0,19.0,30.0,84.2,mixed_mechanical,MEDIUM,0
CMF,2021,7,26,16,6,294.25,0.0,2.0,17.5,57.0,55.0,13.0,66.0,86.6,mixed_mechanical,MEDIUM,0
CMF,2021,8,20,17,8,381.25,0.0,,16.2,57.0,55.0,9.0,66.0,87.1,mixed_mechanical,MEDIUM,0
CMF,2021,9,16,12,3,305.51,0.0,,15.8,57.0,55.0,9.0,66.0,86.3,mixed_mechanical,MEDIUM,0
CMF,2021,10,4,0,0,345.19,0.0,2.0,19.0,57.0,55.0,0.0,67.0,86.2,mixed_mechanical,MEDIUM,0
CMF,2021,11,0,0,0,255.25,0.0,,24.2,57.0,55.0,0.0,67.0,85.8,mixed_mechanical,MEDIUM,0
CMF,2021,12,0,0,0,291.4,3.0,,13.8,58.0,56.0,4.0,68.0,87.7,mixed_mechanical,MEDIUM,0
CMF,2022,1,0,0,0,294.4,31.78,,17.8,58.0,56.0,4.0,69.0,85.2,mixed_mechanical,MEDIUM,0
CMF,2022,2,0,0,0,254.31,28.28,1.0,22.3,56.0,53.0,9.0,68.0,82.7,mixed_mechanical,MEDIUM,0
CMF,2022,3,0,0,0,297.9,15.04,,21.4,54.0,51.0,9.0,69.0,82.4,mixed_mechanical,MEDIUM,0
CMF,2022,4,0,0,0,681.85,0.0,,24.8,45.0,40.0,13.0,64.0,84.1,mixed_mechanical,MEDIUM,0
CMF,2022,5,6,3,0,,,,16.1,42.0,37.0,5.0,64.0,83.0,mixed_mechanical,MEDIUM,0
CMF,2022,6,17,11,4,,,,18.6,39.0,33.0,9.0,63.0,82.9,mixed_mechanical,MEDIUM,0
CMF,2022,7,21,14,3,750.45,31.2,,16.6,39.0,33.0,16.0,63.0,81.4,mixed_mechanical,MEDIUM,0
CMF,2022,8,22,14,4,500.57,30.13,,25.9,35.0,27.0,9.0,63.0,81.1,mixed_mechanical,MEDIUM,0
CMF,2022,9,15,9,9,421.48,0.0,,30.3,34.0,26.0,9.0,62.0,81.3,mixed_mechanical,MEDIUM,0
CMF,2022,10,7,2,0,481.95,0.0,,21.6,34.0,27.0,7.0,61.0,81.9,mixed_mechanical,MEDIUM,0
CMF,2022,11,0,0,0,380.87,0.0,1.0,24.7,35.0,27.0,20.0,62.0,81.5,mixed_mechanical,MEDIUM,0
CMF,2022,12,0,0,0,423.9,0.0,,27.4,36.0,28.0,20.0,63.0,81.1,mixed_mechanical,MEDIUM,0
CMF,2023,1,0,0,0,373.9,0.0,,25.8,34.0,26.0,20.0,63.0,82.4,mixed_mechanical,MEDIUM,0
CMF,2023,2,0,0,0,440.15,0.0,,20.8,35.0,26.0,20.0,64.0,82.2,mixed_mechanical,MEDIUM,0
CMF,2023,3,0,0,0,521.0,0.0,5.0,23.0,35.0,27.0,20.0,65.0,82.8,mixed_mechanical,MEDIUM,0
CMF,2023,4,1,0,0,483.25,0.0,1.0,23.1,35.0,27.0,16.0,66.0,83.1,mixed_mechanical,MEDIUM,0
CMF,2023,5,4,1,0,,,,14.0,36.0,27.0,16.0,67.0,85.2,mixed_mechanical,MEDIUM,0
CMF,2023,6,3,2,1,,,,19.2,37.0,29.0,16.0,67.0,89.8,mixed_mechanical,MEDIUM,0
CMF,2023,7,24,16,7,444.3,0.0,,28.4,38.0,29.0,20.0,68.0,93.4,mixed_mechanical,MEDIUM,0
CMF,2023,8,20,13,5,472.5,0.0,1.0,23.2,38.0,30.0,20.0,68.0,95.1,mixed_mechanical,MEDIUM,0
CMF,2023,9,7,0,0,544.09,0.0,,23.0,39.0,31.0,20.0,68.0,95.8,mixed_mechanical,MEDIUM,0
CMF,2023,10,6,1,0,1049.25,0.0,,16.6,36.0,28.0,16.0,67.0,95.7,mixed_mechanical,MEDIUM,0
CMF,2023,11,0,0,0,1350.0,0.0,,21.5,37.0,28.0,20.0,67.0,94.4,mixed_mechanical,MEDIUM,0
CMF,2023,12,0,0,0,544.25,0.0,,21.6,35.0,26.0,24.0,68.0,94.6,mixed_mechanical,MEDIUM,0
CMF,2024,1,0,0,0,600.75,0.0,1.0,17.8,36.0,26.0,24.0,69.0,93.9,mixed_mechanical,MEDIUM,0
CMF,2024,2,0,0,0,640.75,0.0,2.0,14.7,36.0,26.0,24.0,69.0,94.3,mixed_mechanical,MEDIUM,0
CMF,2024,3,0,0,0,781.5,0.0,1.0,12.7,35.0,25.0,24.0,68.0,93.1,mixed_mechanical,MEDIUM,0
CMF,2024,4,0,0,0,615.25,0.0,,23.1,34.0,25.0,29.0,67.0,90.6,mixed_mechanical,MEDIUM,0
CMF,2024,5,4,0,0,,,,13.2,34.0,25.0,32.0,66.0,89.2,mixed_mechanical,MEDIUM,0
CMF,2024,6,15,8,2,,,,12.6,34.0,24.0,45.0,66.0,88.5,mixed_mechanical,MEDIUM,0
CMF,2024,7,25,20,14,712.25,0.0,1.0,14.7,33.0,24.0,45.0,63.0,88.1,mixed_mechanical,MEDIUM,0
CMF,2024,8,20,9,2,565.0,0.0,,21.2,32.0,23.0,40.0,62.0,87.0,mixed_mechanical,MEDIUM,0
CMF,2024,9,13,7,1,677.75,0.0,,27.3,31.0,22.0,32.0,60.0,89.4,mixed_mechanical,MEDIUM,0
CMF,2024,10,8,8,3,742.75,0.0,1.0,18.3,30.0,22.0,32.0,58.0,86.9,mixed_mechanical,MEDIUM,0
CMF,2024,11,0,0,0,705.25,0.0,,25.1,29.0,22.0,32.0,56.0,86.0,mixed_mechanical,MEDIUM,0
CMF,2024,12,0,0,0,555.25,0.0,,24.5,30.0,22.0,36.0,55.0,84.1,mixed_mechanical,MEDIUM,0
CMF,2025,1,0,0,0,509.5,0.0,2.0,22.3,28.0,21.0,28.0,53.0,80.6,mixed_mechanical,MEDIUM,0
CMF,2025,2,0,0,0,373.25,0.0,,25.0,27.0,20.0,28.0,53.0,81.5,mixed_mechanical,MEDIUM,0
CMF,2025,3,0,0,0,344.17,0.0,,19.1,27.0,20.0,32.0,53.0,82.3,mixed_mechanical,MEDIUM,0
CMF,2025,4,0,0,0,361.3,0.0,,20.6,28.0,21.0,28.0,52.0,84.8,mixed_mechanical,MEDIUM,0
CMF,2025,5,5,2,0,,,,21.7,28.0,21.0,23.0,52.0,87.2,mixed_mechanical,MEDIUM,0
CMF,2025,6,7,2,0,,,,20.4,27.0,20.0,23.0,50.0,89.3,mixed_mechanical,MEDIUM,0
CMF,2025,7,11,4,0,,,,21.8,29.0,21.0,20.0,55.0,90.2,mixed_mechanical,MEDIUM,0
CMF,2025,8,22,12,3,,,,17.2,29.0,21.0,20.0,53.0,90.4,mixed_mechanical,MEDIUM,0
CMF,2025,9,8,4,1,,,,23.5,28.0,21.0,11.0,52.0,92.0,mixed_mechanical,MEDIUM,0
CMF,2025,10,1,0,0,,,,21.1,28.0,22.0,11.0,51.0,92.7,mixed_mechanical,MEDIUM,0
CMF,2025,11,0,0,0,,,,19.0,28.0,22.0,11.0,50.0,92.8,mixed_mechanical,MEDIUM,0
CMF,2025,12,0,0,0,,,,25.6,28.0,22.0,16.0,49.0,94.1,mixed_mechanical,MEDIUM,0
COR,2016,1,0,0,0,,,,,,,,,132.4,evaporative,MAXIMUM,0
COR,2016,2,0,0,0,,,,,,,,,133.2,evaporative,MAXIMUM,0
COR,2016,3,0,0,0,,,,,,,,,130.7,evaporative,MAXIMUM,0
COR,2016,4,3,0,0,,,,,,,,,130.0,evaporative,MAXIMUM,0
COR,2016,5,12,5,0,,,,,,,,,120.4,evaporative,MAXIMUM,0
COR,2016,6,23,20,3,,,,,,,,,116.9,evaporative,MAXIMUM,0
COR,2016,7,30,28,4,,,,,,,,,108.9,evaporative,MAXIMUM,0
COR,2016,8,31,27,0,,,,,,,,,105.1,evaporative,MAXIMUM,0
COR,2016,9,22,16,0,,,,,,,,,104.5,evaporative,MAXIMUM,0
COR,2016,10,1,0,0,,,,,,,,,106.5,evaporative,MAXIMUM,0
COR,2016,11,0,0,0,,,,,,,,,107.4,evaporative,MAXIMUM,0
COR,2016,12,0,0,0,,,,,,,,,108.9,evaporative,MAXIMUM,0
COR,2017,1,0,0,0,,,,26.9,16.0,14.0,3.0,24.0,110.5,evaporative,MAXIMUM,0
COR,2017,2,0,0,0,,,,32.0,18.0,15.0,9.0,29.0,110.9,evaporative,MAXIMUM,0
COR,2017,3,0,0,0,,,,30.5,18.0,16.0,3.0,28.0,107.4,evaporative,MAXIMUM,0
COR,2017,4,0,0,0,,,,34.0,17.0,15.0,3.0,27.0,105.1,evaporative,MAXIMUM,0
COR,2017,5,12,7,0,,,,34.6,18.0,14.0,6.0,30.0,97.2,evaporative,MAXIMUM,0
COR,2017,6,24,21,7,,,,31.1,16.0,12.0,6.0,27.0,99.9,evaporative,MAXIMUM,0
COR,2017,7,31,31,0,,,,34.5,19.0,17.0,3.0,27.0,104.6,evaporative,MAXIMUM,0
COR,2017,8,30,27,3,,,,25.5,17.0,15.0,3.0,26.0,103.9,evaporative,MAXIMUM,0
COR,2017,9,18,10,3,,,,40.4,17.0,15.0,3.0,27.0,102.3,evaporative,MAXIMUM,0
COR,2017,10,0,0,0,,,,27.7,18.0,16.0,3.0,25.0,99.4,evaporative,MAXIMUM,0
COR,2017,11,0,0,0,,,,36.1,14.0,12.0,3.0,23.0,97.6,evaporative,MAXIMUM,0
COR,2017,12,0,0,0,,,,40.8,14.0,12.0,3.0,23.0,95.6,evaporative,MAXIMUM,0
COR,2018,1,0,0,0,,,,27.0,12.0,9.0,3.0,22.0,98.5,evaporative,MAXIMUM,0
COR,2018,2,0,0,0,,,,25.2,12.0,9.0,3.0,24.0,99.9,evaporative,MAXIMUM,0
COR,2018,3,0,0,0,,,,28.4,11.0,7.0,6.0,20.0,101.7,evaporative,MAXIMUM,0
COR,2018,4,4,0,0,,,,26.8,11.0,7.0,6.0,19.0,102.6,evaporative,MAXIMUM,0
COR,2018,5,5,1,0,,,,28.7,9.0,7.0,0.0,17.0,101.2,evaporative,MAXIMUM,0
COR,2018,6,22,18,0,,,,28.4,12.0,8.0,3.0,22.0,102.5,evaporative,MAXIMUM,0
COR,2018,7,31,30,0,,,,28.7,17.0,12.0,6.0,31.0,104.3,evaporative,MAXIMUM,0
COR,2018,8,27,21,0,,,,21.3,17.0,12.0,9.0,31.0,100.7,evaporative,MAXIMUM,0
COR,2018,9,21,15,0,,,,30.5,16.0,10.0,3.0,30.0,102.9,evaporative,MAXIMUM,0
COR,2018,10,0,0,0,,,,33.5,15.0,10.0,0.0,31.0,103.7,evaporative,MAXIMUM,0
COR,2018,11,0,0,0,,,,33.2,15.0,10.0,0.0,29.0,107.1,evaporative,MAXIMUM,0
COR,2018,12,0,0,0,,,,31.6,14.0,8.0,0.0,31.0,104.0,evaporative,MAXIMUM,0
COR,2019,1,0,0,0,,,,23.6,12.0,9.0,0.0,24.0,105.6,evaporative,MAXIMUM,0
COR,2019,2,0,0,0,,,,20.5,12.0,7.0,3.0,28.0,107.4,evaporative,MAXIMUM,0
COR,2019,3,0,0,0,,,,24.7,13.0,8.0,3.0,28.0,107.5,evaporative,MAXIMUM,0
COR,2019,4,3,0,0,,,,25.4,13.0,9.0,6.0,26.0,103.8,evaporative,MAXIMUM,0
COR,2019,5,4,0,0,,,,23.8,14.0,10.0,6.0,26.0,102.4,evaporative,MAXIMUM,0
COR,2019,6,27,19,1,,,,23.1,15.0,11.0,6.0,27.0,102.0,evaporative,MAXIMUM,0
COR,2019,7,31,25,0,,,,29.2,12.0,6.0,6.0,27.0,101.4,evaporative,MAXIMUM,0
COR,2019,8,30,21,0,,,,25.9,16.0,13.0,6.0,26.0,102.1,evaporative,MAXIMUM,0
COR,2019,9,15,12,0,,,,32.2,16.0,13.0,6.0,28.0,103.1,evaporative,MAXIMUM,0
COR,2019,10,0,0,0,,,,27.6,15.0,12.0,3.0,27.0,103.5,evaporative,MAXIMUM,0
COR,2019,11,0,0,0,,,,20.3,15.0,11.0,0.0,29.0,101.0,evaporative,MAXIMUM,0
COR,2019,12,0,0,0,,,,21.9,15.0,11.0,0.0,29.0,100.8,evaporative,MAXIMUM,0
COR,2020,1,0,0,0,,,,16.8,16.0,11.0,9.0,31.0,97.6,evaporative,MAXIMUM,0
COR,2020,2,0,0,0,,,,19.9,14.0,11.0,3.0,26.0,93.5,evaporative,MAXIMUM,0
COR,2020,3,0,0,0,,,,19.1,13.0,11.0,0.0,23.0,90.5,evaporative,MAXIMUM,0
COR,2020,4,2,0,0,,,,17.0,13.0,11.0,9.0,21.0,119.4,evaporative,MAXIMUM,0
COR,2020,5,9,6,0,,,,27.9,13.0,10.0,9.0,24.0,120.1,evaporative,MAXIMUM,0
COR,2020,6,19,13,0,,,,25.3,10.0,7.0,3.0,23.0,114.6,evaporative,MAXIMUM,0
COR,2020,7,31,29,0,,,,22.1,9.0,3.0,3.0,27.0,110.8,evaporative,MAXIMUM,0
COR,2020,8,30,27,1,,,,11.5,9.0,3.0,3.0,30.0,106.4,evaporative,MAXIMUM,0
COR,2020,9,20,8,0,,,,9.8,10.0,4.0,3.0,31.0,103.8,evaporative,MAXIMUM,0
COR,2020,10,7,2,0,,,,14.1,10.0,4.0,3.0,32.0,94.9,evaporative,MAXIMUM,0
COR,2020,11,0,0,0,,,,12.3,9.0,4.0,3.0,29.0,95.3,evaporative,MAXIMUM,0
COR,2020,12,0,0,0,,,,8.3,10.0,4.0,9.0,31.0,93.6,evaporative,MAXIMUM,0
COR,2021,1,0,0,0,,,,11.6,7.0,7.0,9.0,10.0,93.6,evaporative,MAXIMUM,0
COR,2021,2,0,0,0,,,,11.3,10.0,8.0,9.0,18.0,95.1,evaporative,MAXIMUM,0
COR,2021,3,0,0,0,,,,8.6,11.0,9.0,9.0,18.0,96.6,evaporative,MAXIMUM,0
COR,2021,4,2,0,0,,,,9.8,10.0,7.0,6.0,22.0,98.8,evaporative,MAXIMUM,0
COR,2021,5,13,4,0,,,,11.1,11.0,9.0,6.0,22.0,100.6,evaporative,MAXIMUM,0
COR,2021,6,25,20,5,,,,9.3,12.0,10.0,6.0,23.0,104.6,evaporative,MAXIMUM,0
COR,2021,7,31,31,5,63.0,6.91,,12.1,16.0,12.0,3.0,35.0,104.0,evaporative,MAXIMUM,0
COR,2021,8,29,23,0,43.0,9.61,2.0,12.5,18.0,13.0,3.0,38.0,108.5,evaporative,MAXIMUM,0
COR,2021,9,21,13,0,36.75,11.22,,10.1,17.0,12.0,3.0,37.0,110.2,evaporative,MAXIMUM,0
COR,2021,10,2,0,0,53.5,12.82,1.0,13.4,15.0,11.0,6.0,35.0,112.1,evaporative,MAXIMUM,0
COR,2021,11,0,0,0,29.0,6.39,,12.9,15.0,11.0,6.0,34.0,116.4,evaporative,MAXIMUM,0
COR,2021,12,0,0,0,51.95,17.18,,12.6,16.0,11.0,10.0,36.0,116.1,evaporative,MAXIMUM,0
COR,2022,1,0,0,0,115.0,25.6,,16.8,18.0,12.0,10.0,38.0,112.3,evaporative,MAXIMUM,0
COR,2022,2,0,0,0,92.0,4.92,,15.6,20.0,14.0,16.0,38.0,110.6,evaporative,MAXIMUM,0
COR,2022,3,0,0,0,64.25,7.96,,15.9,19.0,14.0,16.0,38.0,109.9,evaporative,MAXIMUM,0
COR,2022,4,2,0,0,104.62,2.82,2.0,18.4,20.0,14.0,19.0,37.0,109.8,evaporative,MAXIMUM,0
COR,2022,5,9,3,0,,,,15.9,20.0,15.0,22.0,37.0,110.4,evaporative,MAXIMUM,0
COR,2022,6,22,14,0,,,,8.6,20.0,15.0,19.0,38.0,110.0,evaporative,MAXIMUM,0
COR,2022,7,28,25,1,371.5,14.42,2.0,17.0,21.0,16.0,12.0,41.0,110.4,evaporative,MAXIMUM,0
COR,2022,8,31,28,0,193.58,7.81,1.0,24.0,23.0,19.0,13.0,41.0,109.0,evaporative,MAXIMUM,0
COR,2022,9,19,14,4,98.96,3.95,,26.2,24.0,18.0,19.0,41.0,108.5,evaporative,MAXIMUM,0
COR,2022,10,12,3,0,209.55,3.13,1.0,27.7,22.0,17.0,9.0,41.0,105.5,evaporative,MAXIMUM,0
COR,2022,11,0,0,0,111.5,4.08,1.0,23.9,22.0,17.0,9.0,41.0,103.7,evaporative,MAXIMUM,0
COR,2022,12,0,0,0,173.3,3.23,,24.2,21.0,17.0,6.0,39.0,107.5,evaporative,MAXIMUM,0
COR,2023,1,0,0,0,173.5,3.63,,26.5,22.0,18.0,3.0,40.0,110.5,evaporative,MAXIMUM,0
COR,2023,2,0,0,0,144.0,2.17,,20.8,24.0,20.0,3.0,42.0,109.9,evaporative,MAXIMUM,0
COR,2023,3,0,0,0,155.0,2.37,,19.0,23.0,19.0,3.0,44.0,109.3,evaporative,MAXIMUM,0
COR,2023,4,3,0,0,206.75,2.46,,12.7,23.0,18.0,3.0,44.0,107.4,evaporative,MAXIMUM,0
COR,2023,5,10,6,0,,,,15.5,23.0,19.0,3.0,41.0,105.4,evaporative,MAXIMUM,0
COR,2023,6,11,4,0,,,,23.5,21.0,17.0,0.0,41.0,107.0,evaporative,MAXIMUM,0
COR,2023,7,30,26,7,184.3,4.87,,26.6,21.0,17.0,0.0,42.0,110.7,evaporative,MAXIMUM,0
COR,2023,8,27,21,0,66.3,1.37,,21.2,24.0,20.0,0.0,43.0,113.2,evaporative,MAXIMUM,0
COR,2023,9,12,4,0,137.75,0.0,,24.6,24.0,20.0,0.0,44.0,112.1,evaporative,MAXIMUM,0
COR,2023,10,5,2,0,774.75,1.62,,27.5,24.0,19.0,3.0,45.0,112.5,evaporative,MAXIMUM,0
COR,2023,11,0,0,0,502.0,0.72,,29.4,24.0,19.0,0.0,47.0,111.7,evaporative,MAXIMUM,0
COR,2023,12,0,0,0,558.0,0.42,1.0,27.9,25.0,20.0,0.0,47.0,111.2,evaporative,MAXIMUM,0
COR,2024,1,0,0,0,495.75,0.03,,28.1,24.0,19.0,0.0,46.0,110.8,evaporative,MAXIMUM,0
COR,2024,2,0,0,0,409.5,0.0,,19.0,23.0,17.0,0.0,46.0,110.5,evaporative,MAXIMUM,0
COR,2024,3,0,0,0,703.0,0.0,,24.2,22.0,17.0,0.0,45.0,83.5,evaporative,MAXIMUM,0
COR,2024,4,0,0,0,566.0,0.0,1.0,26.9,20.0,15.0,-3.0,42.0,80.0,evaporative,MAXIMUM,0
COR,2024,5,11,1,0,,,,25.9,20.0,15.0,0.0,42.0,81.9,evaporative,MAXIMUM,0
COR,2024,6,27,18,1,,,,25.7,15.0,11.0,3.0,35.0,80.6,evaporative,MAXIMUM,0
COR,2024,7,31,30,10,756.5,3.38,,27.0,14.0,11.0,3.0,31.0,80.1,evaporative,MAXIMUM,0
COR,2024,8,28,21,1,549.0,0.0,,21.9,16.0,12.0,3.0,36.0,80.2,evaporative,MAXIMUM,0
COR,2024,9,20,11,0,551.75,0.0,,35.7,16.0,12.0,6.0,36.0,111.5,evaporative,MAXIMUM,0
COR,2024,10,9,7,0,509.75,0.0,,22.2,18.0,13.0,13.0,36.0,119.1,evaporative,MAXIMUM,0
COR,2024,11,0,0,0,564.0,0.0,,24.8,18.0,14.0,16.0,36.0,123.4,evaporative,MAXIMUM,0
COR,2024,12,0,0,0,90.75,0.0,1.0,31.8,19.0,14.0,10.0,38.0,120.8,evaporative,MAXIMUM,0
COR,2025,1,0,0,0,60.75,3.45,,26.9,19.0,14.0,7.0,42.0,85.5,evaporative,MAXIMUM,0
COR,2025,2,0,0,0,83.0,0.0,,28.2,18.0,13.0,7.0,42.0,84.5,evaporative,MAXIMUM,0
COR,2025,3,0,0,0,65.0,1.23,1.0,28.7,20.0,14.0,7.0,42.0,84.1,evaporative,MAXIMUM,0
COR,2025,4,0,0,0,45.3,2.45,1.0,39.5,21.0,16.0,7.0,41.0,85.0,evaporative,MAXIMUM,0
COR,2025,5,9,4,0,,,,39.8,17.0,12.0,10.0,38.0,84.3,evaporative,MAXIMUM,0
COR,2025,6,26,17,0,,,,30.9,18.0,12.0,10.0,39.0,83.1,evaporative,MAXIMUM,0
COR,2025,7,28,21,0,,,,42.0,18.0,10.0,13.0,45.0,82.5,evaporative,MAXIMUM,0
COR,2025,8,31,27,0,,,,35.3,19.0,11.0,13.0,44.0,82.9,evaporative,MAXIMUM,0
COR,2025,9,16,8,0,,,,42.9,18.0,10.0,16.0,42.0,84.0,evaporative,MAXIMUM,0
COR,2025,10,1,0,0,,,,43.5,19.0,11.0,13.0,42.0,86.9,evaporative,MAXIMUM,0
COR,2025,11,0,0,0,,,,37.4,18.0,10.0,13.0,42.0,85.1,evaporative,MAXIMUM,0
COR,2025,12,0,0,0,,,,20.2,19.0,12.0,13.0,41.0,85.3,evaporative,MAXIMUM,0
CRC,2016,1,0,0,0,,,,,,,,,115.9,mixed_ventilation_only,MEDIUM,0
CRC,2016,2,0,0,0,,,,,,,,,120.7,mixed_ventilation_only,MEDIUM,0
CRC,2016,3,0,0,0,,,,,,,,,124.4,mixed_ventilation_only,MEDIUM,0
CRC,2016,4,6,1,0,,,,,,,,,124.4,mixed_ventilation_only,MEDIUM,0
CRC,2016,5,2,0,0,,,,,,,,,125.9,mixed_ventilation_only,MEDIUM,0
CRC,2016,6,16,11,3,,,,,,,,,127.1,mixed_ventilation_only,MEDIUM,0
CRC,2016,7,23,13,8,,,,,,,,,127.9,mixed_ventilation_only,MEDIUM,0
CRC,2016,8,24,9,3,,,,,,,,,122.6,mixed_ventilation_only,MEDIUM,0
CRC,2016,9,14,7,2,,,,,,,,,117.3,mixed_ventilation_only,MEDIUM,0
CRC,2016,10,9,3,0,,,,,,,,,113.9,mixed_ventilation_only,MEDIUM,0
CRC,2016,11,3,0,0,,,,,,,,,111.2,mixed_ventilation_only,MEDIUM,0
CRC,2016,12,0,0,0,,,,,,,,,108.9,mixed_ventilation_only,MEDIUM,0
CRC,2017,1,0,0,0,,,,8.8,11.0,12.0,4.0,15.0,108.6,mixed_ventilation_only,MEDIUM,0
CRC,2017,2,0,0,0,,,,5.6,12.0,11.0,13.0,15.0,109.6,mixed_ventilation_only,MEDIUM,0
CRC,2017,3,1,0,0,,,,7.2,11.0,11.0,4.0,15.0,109.3,mixed_ventilation_only,MEDIUM,0
CRC,2017,4,2,1,0,,,,6.9,11.0,12.0,4.0,15.0,108.7,mixed_ventilation_only,MEDIUM,0
CRC,2017,5,9,2,0,,,,9.2,14.0,14.0,11.0,17.0,106.3,mixed_ventilation_only,MEDIUM,0
CRC,2017,6,17,10,4,,,,8.3,14.0,14.0,11.0,15.0,106.7,mixed_ventilation_only,MEDIUM,0
CRC,2017,7,29,11,4,,,,13.4,12.0,12.0,4.0,15.0,106.1,mixed_ventilation_only,MEDIUM,0
CRC,2017,8,20,14,6,,,,10.7,12.0,12.0,4.0,19.0,106.0,mixed_ventilation_only,MEDIUM,0
CRC,2017,9,14,7,2,,,,10.1,11.0,10.0,4.0,17.0,106.3,mixed_ventilation_only,MEDIUM,0
CRC,2017,10,12,8,2,,,,16.4,10.0,9.0,7.0,15.0,103.4,mixed_ventilation_only,MEDIUM,0
CRC,2017,11,3,0,0,,,,9.7,13.0,12.0,14.0,16.0,104.0,mixed_ventilation_only,MEDIUM,0
CRC,2017,12,0,0,0,,,,8.6,12.0,11.0,14.0,16.0,103.2,mixed_ventilation_only,MEDIUM,0
CRC,2018,1,0,0,0,,,,8.2,12.0,10.0,11.0,18.0,102.2,mixed_ventilation_only,MEDIUM,0
CRC,2018,2,0,0,0,,,,12.1,7.0,7.0,4.0,9.0,100.4,mixed_ventilation_only,MEDIUM,0
CRC,2018,3,0,0,0,,,,9.1,6.0,5.0,4.0,11.0,100.0,mixed_ventilation_only,MEDIUM,0
CRC,2018,4,2,1,0,,,,12.7,6.0,6.0,7.0,9.0,98.3,mixed_ventilation_only,MEDIUM,0
CRC,2018,5,3,1,0,,,,10.9,5.0,5.0,0.0,7.0,95.9,mixed_ventilation_only,MEDIUM,0
CRC,2018,6,12,1,0,,,,7.2,7.0,8.0,0.0,7.0,96.7,mixed_ventilation_only,MEDIUM,0
CRC,2018,7,28,23,9,,,,11.9,5.0,7.0,0.0,2.0,97.4,mixed_ventilation_only,MEDIUM,0
CRC,2018,8,26,10,4,,,,12.1,8.0,9.0,0.0,9.0,100.0,mixed_ventilation_only,MEDIUM,0
CRC,2018,9,14,6,1,,,,16.6,6.0,6.0,0.0,14.0,100.1,mixed_ventilation_only,MEDIUM,0
CRC,2018,10,3,0,0,,,,11.9,6.0,6.0,0.0,11.0,84.8,mixed_ventilation_only,MEDIUM,0
CRC,2018,11,0,0,0,,,,14.6,6.0,6.0,0.0,9.0,90.0,mixed_ventilation_only,MEDIUM,0
CRC,2018,12,0,0,0,,,,12.8,6.0,6.0,8.0,9.0,96.0,mixed_ventilation_only,MEDIUM,0
CRC,2019,1,0,0,0,,,,13.0,9.0,6.0,8.0,20.0,92.9,mixed_ventilation_only,MEDIUM,0
CRC,2019,2,0,0,0,,,,12.7,11.0,9.0,8.0,21.0,98.2,mixed_ventilation_only,MEDIUM,0
CRC,2019,3,0,0,0,,,,11.9,10.0,9.0,0.0,21.0,105.1,mixed_ventilation_only,MEDIUM,0
CRC,2019,4,0,0,0,,,,9.0,11.0,10.0,0.0,19.0,110.5,mixed_ventilation_only,MEDIUM,0
CRC,2019,5,0,0,0,,,,10.3,9.0,8.0,0.0,19.0,116.0,mixed_ventilation_only,MEDIUM,0
CRC,2019,6,6,3,2,,,,8.9,10.0,9.0,4.0,16.0,117.7,mixed_ventilation_only,MEDIUM,0
CRC,2019,7,20,9,2,,,,9.5,14.0,13.0,4.0,22.0,118.7,mixed_ventilation_only,MEDIUM,0
CRC,2019,8,25,15,1,,,,11.6,12.0,11.0,4.0,20.0,122.6,mixed_ventilation_only,MEDIUM,0
CRC,2019,9,15,11,3,,,,11.7,14.0,16.0,4.0,14.0,131.8,mixed_ventilation_only,MEDIUM,0
CRC,2019,10,10,2,0,,,,12.2,11.0,13.0,0.0,9.0,139.7,mixed_ventilation_only,MEDIUM,0
CRC,2019,11,4,0,0,,,,10.1,7.0,7.0,0.0,12.0,142.1,mixed_ventilation_only,MEDIUM,0
CRC,2019,12,0,0,0,,,,12.7,7.0,7.0,0.0,8.0,143.4,mixed_ventilation_only,MEDIUM,0
CRC,2020,1,0,0,0,,,,16.1,6.0,7.0,0.0,6.0,153.0,mixed_ventilation_only,MEDIUM,0
CRC,2020,2,0,0,0,,,,14.0,10.0,9.0,8.0,13.0,158.0,mixed_ventilation_only,MEDIUM,0
CRC,2020,3,0,0,0,,,,7.3,10.0,9.0,11.0,13.0,161.2,mixed_ventilation_only,MEDIUM,0
CRC,2020,4,5,1,0,,,,14.1,6.0,5.0,4.0,10.0,134.1,mixed_ventilation_only,MEDIUM,0
CRC,2020,5,8,4,0,,,,13.8,6.0,4.0,4.0,12.0,130.6,mixed_ventilation_only,MEDIUM,0
CRC,2020,6,8,4,2,,,,11.3,5.0,4.0,4.0,10.0,124.3,mixed_ventilation_only,MEDIUM,0
CRC,2020,7,22,7,4,,,,11.6,5.0,5.0,0.0,8.0,113.9,mixed_ventilation_only,MEDIUM,0
CRC,2020,8,24,15,4,,,,12.5,5.0,5.0,0.0,9.0,103.9,mixed_ventilation_only,MEDIUM,0
CRC,2020,9,21,10,4,,,,8.5,5.0,6.0,0.0,5.0,95.1,mixed_ventilation_only,MEDIUM,0
CRC,2020,10,13,10,2,,,,11.8,6.0,4.0,0.0,19.0,90.7,mixed_ventilation_only,MEDIUM,0
CRC,2020,11,3,0,0,,,,11.5,7.0,5.0,0.0,19.0,86.3,mixed_ventilation_only,MEDIUM,0
CRC,2020,12,0,0,0,,,,17.6,7.0,5.0,0.0,19.0,82.9,mixed_ventilation_only,MEDIUM,0
CRC,2021,1,0,0,0,,,,15.9,1.0,5.0,0.0,-19.0,79.3,mixed_ventilation_only,MEDIUM,0
CRC,2021,2,0,0,0,,,,17.9,4.0,6.0,0.0,2.0,75.5,mixed_ventilation_only,MEDIUM,0
CRC,2021,3,0,0,0,,,,10.6,4.0,5.0,0.0,2.0,72.8,mixed_ventilation_only,MEDIUM,0
CRC,2021,4,2,0,0,,,,11.0,1.0,-3.0,4.0,14.0,76.1,mixed_ventilation_only,MEDIUM,0
CRC,2021,5,2,0,0,,,,12.0,3.0,1.0,4.0,14.0,81.6,mixed_ventilation_only,MEDIUM,0
CRC,2021,6,10,3,1,,,,6.3,4.0,2.0,7.0,11.0,89.9,mixed_ventilation_only,MEDIUM,0
CRC,2021,7,24,4,0,55.25,0.69,,12.5,2.0,1.0,4.0,3.0,100.6,mixed_ventilation_only,MEDIUM,0
CRC,2021,8,20,12,1,79.7,1.53,,5.9,3.0,1.0,4.0,14.0,106.4,mixed_ventilation_only,MEDIUM,0
CRC,2021,9,14,8,2,70.15,1.92,,14.2,5.0,3.0,4.0,17.0,112.2,mixed_ventilation_only,MEDIUM,0
CRC,2021,10,7,3,0,83.0,4.06,,11.5,7.0,4.0,11.0,14.0,117.1,mixed_ventilation_only,MEDIUM,0
CRC,2021,11,3,0,0,103.75,2.44,,7.9,5.0,5.0,4.0,7.0,116.3,mixed_ventilation_only,MEDIUM,0
CRC,2021,12,0,0,0,94.15,4.05,,12.6,9.0,10.0,7.0,7.0,113.0,mixed_ventilation_only,MEDIUM,0
CRC,2022,1,0,0,0,88.05,31.12,,10.4,20.0,16.0,7.0,40.0,105.8,mixed_ventilation_only,MEDIUM,0
CRC,2022,2,0,0,0,85.0,23.17,,17.8,21.0,14.0,15.0,44.0,100.2,mixed_ventilation_only,MEDIUM,0
CRC,2022,3,0,0,0,56.0,2.34,,16.1,13.0,10.0,15.0,19.0,96.5,mixed_ventilation_only,MEDIUM,0
CRC,2022,4,3,2,0,61.0,0.13,,12.9,16.0,13.0,22.0,22.0,97.0,mixed_ventilation_only,MEDIUM,0
CRC,2022,5,2,1,0,,,,13.4,13.0,13.0,4.0,15.0,94.6,mixed_ventilation_only,MEDIUM,0
CRC,2022,6,16,8,1,,,,7.9,11.0,13.0,4.0,11.0,96.2,mixed_ventilation_only,MEDIUM,0
CRC,2022,7,18,2,0,93.0,8.04,,8.6,7.0,10.0,8.0,-5.0,97.6,mixed_ventilation_only,MEDIUM,0
CRC,2022,8,25,13,1,93.0,6.85,,15.5,8.0,12.0,0.0,0.0,102.9,mixed_ventilation_only,MEDIUM,0
CRC,2022,9,18,14,8,87.0,3.43,,17.7,11.0,13.0,0.0,7.0,110.6,mixed_ventilation_only,MEDIUM,0
CRC,2022,10,3,0,0,86.0,1.15,,12.6,11.0,13.0,8.0,7.0,110.8,mixed_ventilation_only,MEDIUM,0
CRC,2022,11,0,0,0,169.0,1.46,,6.4,14.0,15.0,8.0,12.0,127.1,mixed_ventilation_only,MEDIUM,0
CRC,2022,12,0,0,0,129.0,16.5,,13.0,12.0,12.0,12.0,12.0,118.0,mixed_ventilation_only,MEDIUM,0
CRC,2023,1,0,0,0,172.0,13.04,,11.7,14.0,16.0,8.0,12.0,127.3,mixed_ventilation_only,MEDIUM,0
CRC,2023,2,0,0,0,128.0,4.68,,10.9,18.0,16.0,0.0,33.0,122.7,mixed_ventilation_only,MEDIUM,0
CRC,2023,3,0,0,0,78.6,13.11,,16.1,18.0,16.0,0.0,33.0,123.2,mixed_ventilation_only,MEDIUM,0
CRC,2023,4,0,0,0,103.0,2.03,,13.0,19.0,19.0,4.0,24.0,160.0,mixed_ventilation_only,MEDIUM,0
CRC,2023,5,0,0,0,,,,6.2,18.0,18.0,4.0,24.0,166.1,mixed_ventilation_only,MEDIUM,0
CRC,2023,6,1,0,0,,,,13.6,18.0,19.0,4.0,20.0,172.7,mixed_ventilation_only,MEDIUM,0
CRC,2023,7,24,12,0,101.0,1.99,,16.9,20.0,21.0,8.0,19.0,161.7,mixed_ventilation_only,MEDIUM,0
CRC,2023,8,20,9,3,80.05,1.2,1.0,18.0,17.0,19.0,4.0,15.0,155.9,mixed_ventilation_only,MEDIUM,0
CRC,2023,9,5,3,0,111.85,0.0,,15.1,14.0,15.0,4.0,13.0,157.5,mixed_ventilation_only,MEDIUM,0
CRC,2023,10,10,4,0,1077.75,0.12,,15.7,15.0,16.0,4.0,17.0,160.2,mixed_ventilation_only,MEDIUM,0
CRC,2023,11,0,0,0,334.5,0.0,,15.4,16.0,16.0,8.0,17.0,164.1,mixed_ventilation_only,MEDIUM,0
CRC,2023,12,0,0,0,26.0,0.0,,16.4,17.0,18.0,8.0,17.0,165.6,mixed_ventilation_only,MEDIUM,0
CRC,2024,1,0,0,0,23.0,0.0,1.0,19.4,16.0,18.0,8.0,16.0,171.7,mixed_ventilation_only,MEDIUM,0
CRC,2024,2,0,0,0,10.0,2.58,1.0,15.0,17.0,19.0,4.0,18.0,175.1,mixed_ventilation_only,MEDIUM,0
CRC,2024,3,0,0,0,0.0,0.0,,16.0,16.0,17.0,8.0,16.0,169.6,mixed_ventilation_only,MEDIUM,0
CRC,2024,4,0,0,0,10.0,0.0,,18.7,16.0,18.0,8.0,16.0,163.9,mixed_ventilation_only,MEDIUM,0
CRC,2024,5,0,0,0,,,,17.4,12.0,11.0,12.0,14.0,159.2,mixed_ventilation_only,MEDIUM,0
CRC,2024,6,10,4,0,,,,12.1,16.0,16.0,8.0,22.0,152.3,mixed_ventilation_only,MEDIUM,0
CRC,2024,7,29,12,0,46.0,0.0,,16.4,16.0,16.0,8.0,20.0,152.7,mixed_ventilation_only,MEDIUM,0
CRC,2024,8,23,11,4,30.0,0.0,,16.0,16.0,16.0,12.0,19.0,153.2,mixed_ventilation_only,MEDIUM,0
CRC,2024,9,12,10,6,17.0,0.0,,14.3,17.0,16.0,15.0,21.0,162.8,mixed_ventilation_only,MEDIUM,0
CRC,2024,10,12,6,0,22.0,0.0,,21.0,20.0,21.0,12.0,21.0,166.8,mixed_ventilation_only,MEDIUM,0
CRC,2024,11,0,0,0,71.0,0.72,,22.4,20.0,20.0,12.0,25.0,165.8,mixed_ventilation_only,MEDIUM,0
CRC,2024,12,0,0,0,66.0,0.57,,19.4,21.0,21.0,12.0,23.0,162.6,mixed_ventilation_only,MEDIUM,0
CRC,2025,1,0,0,0,71.0,0.82,,14.1,21.0,22.0,12.0,23.0,150.2,mixed_ventilation_only,MEDIUM,0
CRC,2025,2,1,0,0,42.0,1.78,,17.9,17.0,20.0,4.0,11.0,151.3,mixed_ventilation_only,MEDIUM,0
CRC,2025,3,1,0,0,54.5,0.0,,17.5,13.0,15.0,4.0,8.0,148.1,mixed_ventilation_only,MEDIUM,0
CRC,2025,4,0,0,0,10.0,0.0,,14.4,12.0,14.0,4.0,10.0,151.6,mixed_ventilation_only,MEDIUM,0
CRC,2025,5,7,3,1,,,,14.0,11.0,13.0,0.0,12.0,150.6,mixed_ventilation_only,MEDIUM,0
CRC,2025,6,8,1,0,,,,9.3,9.0,10.0,4.0,6.0,150.1,mixed_ventilation_only,MEDIUM,0
CRC,2025,7,6,1,0,,,,18.3,10.0,10.0,8.0,8.0,153.4,mixed_ventilation_only,MEDIUM,0
CRC,2025,8,24,12,1,,,,10.8,9.0,8.0,8.0,8.0,143.2,mixed_ventilation_only,MEDIUM,0
CRC,2025,9,13,7,0,,,,16.2,10.0,9.0,8.0,10.0,118.2,mixed_ventilation_only,MEDIUM,0
CRC,2025,10,4,1,0,,,,16.3,11.0,11.0,8.0,10.0,89.6,mixed_ventilation_only,MEDIUM,0
CRC,2025,11,2,0,0,,,,17.0,13.0,14.0,8.0,10.0,73.3,mixed_ventilation_only,MEDIUM,0
CRC,2025,12,0,0,0,,,,16.3,64.0,61.0,35.0,87.0,54.8,mixed_ventilation_only,MEDIUM,0
CTF,2016,1,0,0,0,,,,,,,,,154.0,mixed_ventilation_only,MEDIUM,0
CTF,2016,2,0,0,0,,,,,,,,,152.5,mixed_ventilation_only,MEDIUM,0
CTF,2016,3,0,0,0,,,,,,,,,154.5,mixed_ventilation_only,MEDIUM,0
CTF,2016,4,1,0,3,,,,,,,,,155.3,mixed_ventilation_only,MEDIUM,0
CTF,2016,5,0,0,0,,,,,,,,,154.9,mixed_ventilation_only,MEDIUM,0
CTF,2016,6,1,0,2,,,,,,,,,152.9,mixed_ventilation_only,MEDIUM,0
CTF,2016,7,0,0,0,,,,,,,,,153.5,mixed_ventilation_only,MEDIUM,0
CTF,2016,8,0,0,0,,,,,,,,,156.1,mixed_ventilation_only,MEDIUM,0
CTF,2016,9,5,1,5,,,,,,,,,156.4,mixed_ventilation_only,MEDIUM,0
CTF,2016,10,1,0,2,,,,,,,,,159.9,mixed_ventilation_only,MEDIUM,0
CTF,2016,11,0,0,0,,,,,,,,,163.7,mixed_ventilation_only,MEDIUM,0
CTF,2016,12,0,0,0,,,,,,,,,161.6,mixed_ventilation_only,MEDIUM,0
CTF,2017,1,0,0,0,,,,4.0,14.0,13.0,9.0,24.0,160.1,mixed_ventilation_only,MEDIUM,0
CTF,2017,2,0,0,0,,,,5.8,15.0,14.0,14.0,22.0,159.0,mixed_ventilation_only,MEDIUM,0
CTF,2017,3,0,0,0,,,,5.1,16.0,17.0,6.0,22.0,157.5,mixed_ventilation_only,MEDIUM,0
CTF,2017,4,0,0,0,,,,6.3,17.0,18.0,6.0,20.0,154.8,mixed_ventilation_only,MEDIUM,0
CTF,2017,5,3,0,5,,,,8.9,15.0,18.0,3.0,18.0,153.4,mixed_ventilation_only,MEDIUM,0
CTF,2017,6,4,0,5,,,,4.4,13.0,14.0,6.0,16.0,153.5,mixed_ventilation_only,MEDIUM,0
CTF,2017,7,3,0,3,,,,6.3,19.0,21.0,11.0,16.0,153.8,mixed_ventilation_only,MEDIUM,0
CTF,2017,8,2,0,4,,,,7.8,17.0,19.0,9.0,14.0,155.0,mixed_ventilation_only,MEDIUM,0
CTF,2017,9,6,2,8,,,,9.6,17.0,20.0,9.0,14.0,152.1,mixed_ventilation_only,MEDIUM,0
CTF,2017,10,7,2,9,,,,7.6,15.0,17.0,9.0,16.0,150.8,mixed_ventilation_only,MEDIUM,0
CTF,2017,11,0,0,1,,,,5.1,15.0,18.0,6.0,12.0,153.1,mixed_ventilation_only,MEDIUM,0
CTF,2017,12,0,0,0,,,,7.0,15.0,18.0,6.0,12.0,154.0,mixed_ventilation_only,MEDIUM,0
CTF,2018,1,0,0,0,,,,9.6,15.0,17.0,11.0,12.0,155.2,mixed_ventilation_only,MEDIUM,0
CTF,2018,2,0,0,0,,,,7.2,14.0,15.0,6.0,14.0,158.1,mixed_ventilation_only,MEDIUM,0
CTF,2018,3,0,0,1,,,,6.1,14.0,15.0,9.0,13.0,161.4,mixed_ventilation_only,MEDIUM,0
CTF,2018,4,0,0,0,,,,8.6,14.0,16.0,6.0,13.0,160.9,mixed_ventilation_only,MEDIUM,0
CTF,2018,5,0,0,1,,,,8.1,13.0,14.0,9.0,14.0,160.4,mixed_ventilation_only,MEDIUM,0
CTF,2018,6,2,0,3,,,,8.0,13.0,13.0,9.0,16.0,161.0,mixed_ventilation_only,MEDIUM,0
CTF,2018,7,2,0,5,,,,8.0,18.0,17.0,11.0,26.0,161.2,mixed_ventilation_only,MEDIUM,0
CTF,2018,8,2,1,6,,,,8.5,18.0,18.0,9.0,24.0,160.5,mixed_ventilation_only,MEDIUM,0
CTF,2018,9,1,0,1,,,,11.1,15.0,15.0,0.0,24.0,159.8,mixed_ventilation_only,MEDIUM,0
CTF,2018,10,0,0,0,,,,9.0,12.0,12.0,6.0,18.0,160.9,mixed_ventilation_only,MEDIUM,0
CTF,2018,11,0,0,0,,,,11.0,12.0,13.0,3.0,14.0,157.0,mixed_ventilation_only,MEDIUM,0
CTF,2018,12,0,0,0,,,,14.0,11.0,12.0,6.0,12.0,154.6,mixed_ventilation_only,MEDIUM,0
CTF,2019,1,0,0,0,,,,8.1,12.0,12.0,6.0,13.0,158.5,mixed_ventilation_only,MEDIUM,0
CTF,2019,2,0,0,0,,,,10.6,11.0,9.0,9.0,18.0,163.8,mixed_ventilation_only,MEDIUM,0
CTF,2019,3,0,0,0,,,,7.3,10.0,8.0,6.0,21.0,164.5,mixed_ventilation_only,MEDIUM,0
CTF,2019,4,0,0,2,,,,8.9,9.0,8.0,3.0,19.0,167.6,mixed_ventilation_only,MEDIUM,0
CTF,2019,5,0,0,0,,,,5.5,8.0,6.0,3.0,18.0,168.2,mixed_ventilation_only,MEDIUM,0
CTF,2019,6,3,3,3,,,,4.9,9.0,7.0,3.0,17.0,165.8,mixed_ventilation_only,MEDIUM,0
CTF,2019,7,1,0,1,,,,7.7,14.0,13.0,6.0,22.0,163.5,mixed_ventilation_only,MEDIUM,0
CTF,2019,8,2,1,7,,,,7.0,17.0,17.0,6.0,22.0,160.9,mixed_ventilation_only,MEDIUM,0
CTF,2019,9,6,3,7,,,,9.4,17.0,17.0,6.0,23.0,159.2,mixed_ventilation_only,MEDIUM,0
CTF,2019,10,4,0,8,,,,11.6,18.0,19.0,6.0,22.0,157.5,mixed_ventilation_only,MEDIUM,0
CTF,2019,11,0,0,0,,,,10.1,16.0,16.0,6.0,22.0,156.8,mixed_ventilation_only,MEDIUM,0
CTF,2019,12,0,0,0,,,,7.8,15.0,14.0,9.0,19.0,153.8,mixed_ventilation_only,MEDIUM,0
CTF,2020,1,0,0,0,,,,8.6,15.0,15.0,9.0,15.0,152.9,mixed_ventilation_only,MEDIUM,0
CTF,2020,2,0,0,0,,,,7.8,17.0,17.0,6.0,24.0,153.2,mixed_ventilation_only,MEDIUM,0
CTF,2020,3,0,0,0,,,,8.0,15.0,14.0,6.0,24.0,153.9,mixed_ventilation_only,MEDIUM,0
CTF,2020,4,0,0,0,,,,8.2,12.0,13.0,3.0,14.0,145.0,mixed_ventilation_only,MEDIUM,0
CTF,2020,5,3,0,4,,,,6.5,13.0,14.0,3.0,15.0,145.4,mixed_ventilation_only,MEDIUM,0
CTF,2020,6,1,0,3,,,,10.4,12.0,13.0,0.0,15.0,146.7,mixed_ventilation_only,MEDIUM,0
CTF,2020,7,0,0,0,,,,9.5,10.0,12.0,0.0,8.0,139.8,mixed_ventilation_only,MEDIUM,0
CTF,2020,8,3,3,5,,,,3.1,11.0,13.0,0.0,12.0,134.1,mixed_ventilation_only,MEDIUM,0
CTF,2020,9,6,3,6,,,,5.2,9.0,12.0,0.0,4.0,131.9,mixed_ventilation_only,MEDIUM,0
CTF,2020,10,11,4,12,,,,4.9,12.0,13.0,3.0,11.0,132.5,mixed_ventilation_only,MEDIUM,0
CTF,2020,11,0,0,1,,,,2.6,12.0,15.0,0.0,8.0,131.2,mixed_ventilation_only,MEDIUM,0
CTF,2020,12,0,0,0,,,,3.1,13.0,14.0,0.0,17.0,128.0,mixed_ventilation_only,MEDIUM,0
CTF,2021,1,0,0,0,,,,4.3,12.0,12.0,0.0,21.0,126.8,mixed_ventilation_only,MEDIUM,0
CTF,2021,2,0,0,0,,,,5.9,12.0,11.0,0.0,24.0,128.6,mixed_ventilation_only,MEDIUM,0
CTF,2021,3,0,0,0,,,,6.6,11.0,10.0,3.0,20.0,131.1,mixed_ventilation_only,MEDIUM,0
CTF,2021,4,0,0,0,,,,10.2,9.0,7.0,6.0,21.0,137.4,mixed_ventilation_only,MEDIUM,0
CTF,2021,5,0,0,0,,,,5.6,11.0,9.0,12.0,18.0,139.8,mixed_ventilation_only,MEDIUM,0
CTF,2021,6,2,0,2,,,,5.3,12.0,10.0,12.0,18.0,142.4,mixed_ventilation_only,MEDIUM,0
CTF,2021,7,0,0,0,69.25,11.99,2.0,4.3,13.0,12.0,9.0,21.0,140.8,mixed_ventilation_only,MEDIUM,0
CTF,2021,8,1,0,2,7.25,4.78,,5.0,14.0,12.0,9.0,24.0,137.5,mixed_ventilation_only,MEDIUM,0
CTF,2021,9,2,0,7,7.75,4.62,,9.4,15.0,14.0,9.0,24.0,134.5,mixed_ventilation_only,MEDIUM,0
CTF,2021,10,4,3,6,6.75,4.83,,5.5,14.0,14.0,9.0,17.0,155.8,mixed_ventilation_only,MEDIUM,0
CTF,2021,11,0,0,0,2.5,4.72,,4.9,13.0,12.0,9.0,18.0,153.9,mixed_ventilation_only,MEDIUM,0
CTF,2021,12,0,0,0,6.0,4.86,,5.2,16.0,16.0,9.0,17.0,151.5,mixed_ventilation_only,MEDIUM,0
CTF,2022,1,0,0,0,0.0,24.39,,5.4,14.0,15.0,9.0,13.0,148.8,mixed_ventilation_only,MEDIUM,0
CTF,2022,2,0,0,1,0.0,13.8,,7.5,14.0,15.0,6.0,15.0,145.8,mixed_ventilation_only,MEDIUM,0
CTF,2022,3,0,0,0,1.75,24.03,,6.0,15.0,16.0,9.0,14.0,144.3,mixed_ventilation_only,MEDIUM,0
CTF,2022,4,2,1,2,7.0,4.57,,10.3,15.0,16.0,15.0,12.0,142.3,mixed_ventilation_only,MEDIUM,0
CTF,2022,5,1,0,1,,,,3.1,14.0,15.0,13.0,13.0,144.1,mixed_ventilation_only,MEDIUM,0
CTF,2022,6,3,2,5,,,,3.9,15.0,15.0,13.0,13.0,147.6,mixed_ventilation_only,MEDIUM,0
CTF,2022,7,0,0,0,4.75,5.42,,5.6,15.0,15.0,12.0,13.0,145.6,mixed_ventilation_only,MEDIUM,0
CTF,2022,8,0,0,3,3.0,14.12,,8.5,19.0,21.0,9.0,16.0,143.4,mixed_ventilation_only,MEDIUM,0
CTF,2022,9,8,5,11,0.0,17.34,,9.1,20.0,22.0,6.0,16.0,142.3,mixed_ventilation_only,MEDIUM,0
CTF,2022,10,3,1,3,0.0,4.54,,12.0,18.0,21.0,6.0,13.0,140.6,mixed_ventilation_only,MEDIUM,0
CTF,2022,11,0,0,0,1.25,4.11,,12.2,18.0,21.0,3.0,18.0,138.1,mixed_ventilation_only,MEDIUM,0
CTF,2022,12,0,0,0,0.0,8.03,,6.4,20.0,22.0,9.0,21.0,137.9,mixed_ventilation_only,MEDIUM,0
CTF,2023,1,0,0,0,0.0,1.16,,6.5,20.0,22.0,13.0,19.0,140.3,mixed_ventilation_only,MEDIUM,0
CTF,2023,2,0,0,0,0.0,9.39,,11.1,20.0,21.0,9.0,19.0,141.3,mixed_ventilation_only,MEDIUM,0
CTF,2023,3,0,0,0,0.0,0.91,,8.2,20.0,22.0,9.0,19.0,142.7,mixed_ventilation_only,MEDIUM,0
CTF,2023,4,0,0,1,0.0,0.0,,7.4,20.0,22.0,9.0,19.0,145.4,mixed_ventilation_only,MEDIUM,0
CTF,2023,5,0,0,1,,,,5.0,20.0,21.0,9.0,22.0,152.3,mixed_ventilation_only,MEDIUM,0
CTF,2023,6,0,0,0,,,,7.7,17.0,19.0,6.0,16.0,151.7,mixed_ventilation_only,MEDIUM,0
CTF,2023,7,0,0,0,25.15,4.93,,6.9,21.0,23.0,6.0,22.0,151.8,mixed_ventilation_only,MEDIUM,0
CTF,2023,8,2,0,2,0.0,0.0,,7.5,21.0,24.0,0.0,22.0,153.0,mixed_ventilation_only,MEDIUM,0
CTF,2023,9,0,0,0,0.0,0.0,1.0,9.5,19.0,22.0,0.0,22.0,153.9,mixed_ventilation_only,MEDIUM,0
CTF,2023,10,6,3,6,740.0,0.0,,10.7,20.0,22.0,0.0,22.0,153.3,mixed_ventilation_only,MEDIUM,0
CTF,2023,11,0,0,0,652.0,0.0,,10.0,18.0,20.0,0.0,25.0,150.4,mixed_ventilation_only,MEDIUM,0
CTF,2023,12,0,0,0,572.0,0.0,,9.7,17.0,18.0,0.0,25.0,147.5,mixed_ventilation_only,MEDIUM,0
CTF,2024,1,0,0,0,535.5,0.0,,9.9,17.0,18.0,0.0,22.0,147.2,mixed_ventilation_only,MEDIUM,0
CTF,2024,2,0,0,0,3.0,0.0,1.0,10.6,18.0,20.0,3.0,22.0,145.9,mixed_ventilation_only,MEDIUM,0
CTF,2024,3,0,0,0,14.25,0.0,,8.5,19.0,22.0,0.0,20.0,144.4,mixed_ventilation_only,MEDIUM,0
CTF,2024,4,0,0,0,9.5,1.86,,10.5,21.0,23.0,0.0,23.0,141.5,mixed_ventilation_only,MEDIUM,0
CTF,2024,5,0,0,0,,,,9.4,21.0,22.0,3.0,28.0,142.4,mixed_ventilation_only,MEDIUM,0
CTF,2024,6,0,0,0,,,,9.2,16.0,18.0,6.0,19.0,140.5,mixed_ventilation_only,MEDIUM,0
CTF,2024,7,0,0,0,2.0,0.0,,12.5,15.0,17.0,0.0,17.0,141.6,mixed_ventilation_only,MEDIUM,0
CTF,2024,8,0,0,1,7.25,0.0,,10.5,15.0,15.0,6.0,17.0,143.9,mixed_ventilation_only,MEDIUM,0
CTF,2024,9,5,0,8,1.25,0.0,,12.0,15.0,15.0,9.0,17.0,148.9,mixed_ventilation_only,MEDIUM,0
CTF,2024,10,6,4,6,8.25,0.0,,7.1,16.0,16.0,13.0,19.0,156.7,mixed_ventilation_only,MEDIUM,0
CTF,2024,11,0,0,0,11.5,0.0,,9.3,16.0,17.0,13.0,19.0,159.7,mixed_ventilation_only,MEDIUM,0
CTF,2024,12,0,0,0,16.0,0.0,,9.6,16.0,17.0,13.0,19.0,156.6,mixed_ventilation_only,MEDIUM,0
CTF,2025,1,0,0,0,15.0,0.0,,6.2,18.0,18.0,9.0,26.0,155.2,mixed_ventilation_only,MEDIUM,0
CTF,2025,2,0,0,0,14.75,0.0,,8.4,19.0,19.0,13.0,26.0,154.4,mixed_ventilation_only,MEDIUM,0
CTF,2025,3,0,0,2,1.0,0.0,1.0,12.6,18.0,17.0,13.0,26.0,153.7,mixed_ventilation_only,MEDIUM,0
CTF,2025,4,0,0,0,3.5,0.0,,10.4,16.0,16.0,9.0,23.0,153.2,mixed_ventilation_only,MEDIUM,0
CTF,2025,5,0,0,1,,,,10.7,14.0,14.0,6.0,23.0,151.6,mixed_ventilation_only,MEDIUM,0
CTF,2025,6,0,0,0,,,,6.9,13.0,13.0,3.0,17.0,151.0,mixed_ventilation_only,MEDIUM,0
CTF,2025,7,0,0,0,,,,6.7,14.0,16.0,3.0,13.0,149.0,mixed_ventilation_only,MEDIUM,0
CTF,2025,8,1,0,2,,,,6.9,14.0,16.0,3.0,13.0,148.8,mixed_ventilation_only,MEDIUM,0
CTF,2025,9,1,0,3,,,,11.0,17.0,18.0,3.0,15.0,149.1,mixed_ventilation_only,MEDIUM,0
CTF,2025,10,0,0,0,,,,9.2,17.0,19.0,6.0,15.0,148.4,mixed_ventilation_only,MEDIUM,0
CTF,2025,11,1,0,2,,,,8.8,17.0,19.0,6.0,15.0,148.7,mixed_ventilation_only,MEDIUM,0
CTF,2025,12,0,0,0,,,,7.4,18.0,19.0,6.0,18.0,147.5,mixed_ventilation_only,MEDIUM,0
CVSP,2016,1,0,0,0,,,,,,,,,135.3,,MEDIUM,0
CVSP,2016,2,0,0,0,,,,,,,,,140.0,,MEDIUM,0
CVSP,2016,3,6,0,0,,,,,,,,,138.6,,MEDIUM,0
CVSP,2016,4,10,5,0,,,,,,,,,139.1,,MEDIUM,0
CVSP,2016,5,18,9,0,,,,,,,,,138.3,,MEDIUM,0
CVSP,2016,6,30,30,2,,,,,,,,,135.5,,MEDIUM,0
CVSP,2016,7,31,31,0,,,,,,,,,134.8,,MEDIUM,0
CVSP,2016,8,31,31,0,,,,,,,,,135.0,,MEDIUM,0
CVSP,2016,9,27,19,0,,,,,,,,,136.1,,MEDIUM,0
CVSP,2016,10,20,7,0,,,,,,,,,140.3,,MEDIUM,0
CVSP,2016,11,1,0,0,,,,,,,,,146.6,,MEDIUM,0
CVSP,2016,12,0,0,0,,,,,,,,,147.9,,MEDIUM,0
CVSP,2017,1,0,0,0,,,,5.0,17.0,20.0,0.0,20.0,146.1,,MEDIUM,0
CVSP,2017,2,0,0,0,,,,6.5,17.0,18.0,10.0,20.0,147.0,,MEDIUM,0
CVSP,2017,3,11,1,0,,,,6.7,16.0,19.0,0.0,20.0,153.7,,MEDIUM,0
CVSP,2017,4,14,2,0,,,,11.2,15.0,17.0,4.0,20.0,152.0,,MEDIUM,0
CVSP,2017,5,19,17,0,,,,11.0,13.0,13.0,4.0,20.0,157.3,,MEDIUM,0
CVSP,2017,6,29,28,4,,,,7.0,15.0,13.0,12.0,20.0,160.1,,MEDIUM,0
CVSP,2017,7,31,31,1,,,,12.1,17.0,15.0,15.0,20.0,162.4,,MEDIUM,0
CVSP,2017,8,31,31,0,,,,10.9,17.0,16.0,12.0,10.0,161.7,,MEDIUM,0
CVSP,2017,9,25,20,0,,,,9.8,15.0,16.0,8.0,0.0,160.9,,MEDIUM,0
CVSP,2017,10,25,8,0,,,,11.1,15.0,15.0,15.0,0.0,161.3,,MEDIUM,0
CVSP,2017,11,0,0,0,,,,9.5,13.0,13.0,12.0,10.0,163.1,,MEDIUM,0
CVSP,2017,12,0,0,0,,,,10.6,13.0,12.0,12.0,10.0,164.7,,MEDIUM,0
CVSP,2018,1,0,0,0,,,,13.5,13.0,13.0,8.0,0.0,166.0,,MEDIUM,0
CVSP,2018,2,0,0,0,,,,8.1,13.0,14.0,8.0,0.0,167.0,,MEDIUM,0
CVSP,2018,3,3,0,0,,,,10.8,10.0,11.0,8.0,0.0,171.1,,MEDIUM,0
CVSP,2018,4,18,9,0,,,,8.3,12.0,13.0,11.0,0.0,173.4,,MEDIUM,0
CVSP,2018,5,25,19,0,,,,16.6,14.0,15.0,11.0,0.0,171.7,,MEDIUM,0
CVSP,2018,6,30,30,0,,,,11.7,14.0,15.0,15.0,0.0,169.7,,MEDIUM,0
CVSP,2018,7,31,31,3,,,,14.9,16.0,18.0,8.0,0.0,164.8,,MEDIUM,0
CVSP,2018,8,31,31,0,,,,11.5,14.0,18.0,4.0,0.0,168.4,,MEDIUM,0
CVSP,2018,9,30,30,0,,,,11.1,10.0,13.0,0.0,0.0,167.3,,MEDIUM,0
CVSP,2018,10,5,0,0,,,,12.2,11.0,13.0,0.0,10.0,158.7,,MEDIUM,0
CVSP,2018,11,0,0,0,,,,14.1,11.0,15.0,0.0,0.0,156.6,,MEDIUM,0
CVSP,2018,12,0,0,0,,,,11.9,12.0,14.0,7.0,0.0,156.0,,MEDIUM,0
CVSP,2019,1,0,0,0,,,,11.6,12.0,14.0,7.0,0.0,157.2,,MEDIUM,0
CVSP,2019,2,0,0,0,,,,8.7,10.0,12.0,7.0,0.0,157.5,,MEDIUM,0
CVSP,2019,3,0,0,0,,,,13.1,9.0,11.0,4.0,0.0,158.5,,MEDIUM,0
CVSP,2019,4,12,9,0,,,,7.7,12.0,14.0,4.0,0.0,160.5,,MEDIUM,0
CVSP,2019,5,13,7,0,,,,12.2,13.0,16.0,4.0,0.0,158.0,,MEDIUM,0
CVSP,2019,6,30,28,0,,,,13.8,14.0,16.0,7.0,0.0,157.7,,MEDIUM,0
CVSP,2019,7,31,31,0,,,,13.0,17.0,20.0,7.0,0.0,155.9,,MEDIUM,0
CVSP,2019,8,31,31,1,,,,17.2,17.0,21.0,7.0,0.0,154.9,,MEDIUM,0
CVSP,2019,9,26,21,0,,,,16.0,20.0,22.0,15.0,0.0,156.3,,MEDIUM,0
CVSP,2019,10,12,6,0,,,,15.7,20.0,23.0,15.0,0.0,157.9,,MEDIUM,0
CVSP,2019,11,0,0,0,,,,9.6,20.0,21.0,15.0,10.0,159.0,,MEDIUM,0
CVSP,2019,12,0,0,0,,,,14.4,19.0,21.0,15.0,10.0,158.6,,MEDIUM,0
CVSP,2020,1,0,0,0,,,,15.0,20.0,23.0,7.0,10.0,159.4,,MEDIUM,0
CVSP,2020,2,0,0,0,,,,15.6,16.0,18.0,7.0,10.0,167.1,,MEDIUM,0
CVSP,2020,3,0,0,0,,,,16.2,16.0,18.0,7.0,20.0,169.6,,MEDIUM,0
CVSP,2020,4,9,9,0,,,,12.6,17.0,20.0,0.0,20.0,133.7,,MEDIUM,0
CVSP,2020,5,28,23,0,,,,9.7,17.0,20.0,0.0,20.0,130.1,,MEDIUM,0
CVSP,2020,6,30,28,0,,,,8.9,17.0,20.0,0.0,20.0,127.3,,MEDIUM,0
CVSP,2020,7,31,31,2,,,,14.2,12.0,14.0,-4.0,20.0,121.7,,MEDIUM,0
CVSP,2020,8,31,31,2,,,,9.4,12.0,14.0,0.0,20.0,118.0,,MEDIUM,0
CVSP,2020,9,30,28,2,,,,21.9,12.0,15.0,0.0,10.0,110.8,,MEDIUM,0
CVSP,2020,10,23,19,0,,,,31.0,15.0,16.0,0.0,30.0,111.4,,MEDIUM,0
CVSP,2020,11,5,0,0,,,,11.7,18.0,18.0,7.0,40.0,108.5,,MEDIUM,0
CVSP,2020,12,0,0,0,,,,8.7,21.0,22.0,7.0,50.0,106.6,,MEDIUM,0
CVSP,2021,1,0,0,0,,,,14.4,24.0,25.0,11.0,40.0,106.7,,MEDIUM,0
CVSP,2021,2,0,0,0,,,,16.9,23.0,24.0,7.0,40.0,107.1,,MEDIUM,0
CVSP,2021,3,1,0,0,,,,45.7,20.0,22.0,4.0,40.0,110.1,,MEDIUM,0
CVSP,2021,4,15,5,0,,,,11.8,18.0,19.0,7.0,40.0,110.0,,MEDIUM,0
CVSP,2021,5,27,22,0,,,,11.8,22.0,22.0,11.0,40.0,114.0,,MEDIUM,0
CVSP,2021,6,30,30,0,,,,9.6,20.0,21.0,7.0,40.0,122.9,,MEDIUM,0
CVSP,2021,7,31,31,0,201.65,0.0,,10.9,19.0,20.0,4.0,37.0,125.5,,MEDIUM,0
CVSP,2021,8,31,31,1,19.5,0.0,,13.0,19.0,22.0,4.0,16.0,130.8,,MEDIUM,0
CVSP,2021,9,29,24,0,35.95,0.0,,13.1,17.0,19.0,7.0,16.0,134.8,,MEDIUM,0
CVSP,2021,10,8,3,0,23.5,0.0,,14.5,16.0,19.0,4.0,16.0,139.1,,MEDIUM,0
CVSP,2021,11,1,0,0,17.2,0.0,,11.4,16.0,19.0,0.0,21.0,143.5,,MEDIUM,0
CVSP,2021,12,0,0,0,36.1,0.0,,16.6,16.0,19.0,0.0,21.0,144.4,,MEDIUM,0
CVSP,2022,1,0,0,0,390.95,23.24,,14.9,20.0,24.0,0.0,21.0,141.3,,MEDIUM,0
CVSP,2022,2,0,0,0,117.2,28.33,,19.3,19.0,22.0,0.0,21.0,138.2,,MEDIUM,0
CVSP,2022,3,4,2,0,36.05,8.99,1.0,18.4,21.0,25.0,0.0,21.0,138.1,,MEDIUM,0
CVSP,2022,4,18,6,0,36.6,0.0,,17.0,18.0,20.0,0.0,32.0,135.1,,MEDIUM,0
CVSP,2022,5,27,22,0,,,,11.3,16.0,18.0,0.0,32.0,132.2,,MEDIUM,0
CVSP,2022,6,30,30,0,,,,9.5,17.0,18.0,7.0,32.0,128.3,,MEDIUM,0
CVSP,2022,7,31,31,0,155.5,10.65,,8.7,18.0,20.0,7.0,32.0,125.2,,MEDIUM,0
CVSP,2022,8,31,30,0,35.45,11.7,,17.3,22.0,24.0,7.0,32.0,124.5,,MEDIUM,0
CVSP,2022,9,30,28,0,59.3,4.99,,15.2,22.0,23.0,14.0,32.0,121.6,,MEDIUM,0
CVSP,2022,10,17,13,0,27.3,3.04,,9.8,24.0,26.0,14.0,32.0,119.6,,MEDIUM,0
CVSP,2022,11,0,0,0,43.6,0.0,,6.4,23.0,26.0,11.0,21.0,117.4,,MEDIUM,0
CVSP,2022,12,0,0,0,36.75,5.0,,10.6,24.0,26.0,14.0,21.0,120.3,,MEDIUM,0
CVSP,2023,1,0,0,0,60.5,21.17,,10.8,24.0,27.0,11.0,21.0,99.6,,MEDIUM,0
CVSP,2023,2,0,0,0,21.8,2.48,,9.6,23.0,25.0,7.0,42.0,105.5,,MEDIUM,0
CVSP,2023,3,0,0,0,14.8,3.0,,4.4,24.0,25.0,11.0,42.0,106.9,,MEDIUM,0
CVSP,2023,4,16,8,0,17.25,2.14,,1.9,25.0,27.0,11.0,32.0,110.8,,MEDIUM,0
CVSP,2023,5,25,19,0,,,,1.2,25.0,27.0,11.0,32.0,120.5,,MEDIUM,0
CVSP,2023,6,30,25,0,,,,8.7,30.0,32.0,11.0,47.0,127.4,,MEDIUM,0
CVSP,2023,7,31,31,10,18.4,0.93,,13.4,33.0,35.0,15.0,58.0,125.0,,MEDIUM,0
CVSP,2023,8,30,29,2,13.8,0.0,,11.9,33.0,35.0,19.0,58.0,122.7,,MEDIUM,0
CVSP,2023,9,30,27,0,13.8,0.0,,15.2,34.0,37.0,19.0,47.0,118.9,,MEDIUM,0
CVSP,2023,10,17,15,0,184.3,0.0,1.0,11.2,33.0,35.0,19.0,47.0,116.3,,MEDIUM,0
CVSP,2023,11,2,0,0,197.5,0.0,,11.4,33.0,35.0,19.0,47.0,113.1,,MEDIUM,0
CVSP,2023,12,0,0,0,210.0,0.0,,10.2,36.0,37.0,19.0,58.0,103.7,,MEDIUM,0
CVSP,2024,1,0,0,0,168.0,0.0,,12.0,37.0,39.0,22.0,58.0,101.0,,MEDIUM,0
CVSP,2024,2,0,0,0,168.0,3.13,,6.9,38.0,39.0,22.0,58.0,86.2,,MEDIUM,0
CVSP,2024,3,0,0,0,210.0,6.41,,12.2,38.0,40.0,19.0,58.0,65.4,,MEDIUM,0
CVSP,2024,4,15,6,0,196.0,0.0,,11.6,39.0,42.0,19.0,58.0,43.1,,MEDIUM,0
CVSP,2024,5,28,19,0,,,,9.6,43.0,44.0,30.0,58.0,28.1,,MEDIUM,0
CVSP,2024,6,30,30,0,,,,6.6,67.0,69.0,56.0,73.0,15.7,,MEDIUM,0
CVSP,2024,7,31,31,6,0.0,,,7.8,,,,,,,MEDIUM,0
CVSP,2024,8,31,31,1,0.0,,,,,,,,,,MEDIUM,0
CVSP,2024,9,29,24,0,,,,,,,,,,,MEDIUM,0
CVSP,2024,10,22,19,0,0.0,,,,,,,,,,MEDIUM,0
CVSP,2024,11,0,0,0,,,,,,,,,,,MEDIUM,0
CVSP,2024,12,0,0,0,,,,,,,,,,,MEDIUM,0
CVSP,2025,1,0,0,0,,,,,,,,,,,MEDIUM,0
CVSP,2025,2,4,0,0,,,,,,,,,,,MEDIUM,0
CVSP,2025,3,5,3,0,,,,,,,,,,,MEDIUM,0
CVSP,2025,4,15,5,0,,,,,,,,,,,MEDIUM,0
CVSP,2025,5,25,20,0,,,,,,,,,,,MEDIUM,0
CVSP,2025,6,30,29,0,,,,,,,,,,,MEDIUM,0
CVSP,2025,7,31,31,1,,,,,,,,,,,MEDIUM,0
CVSP,2025,8,31,31,1,,,,,,,,,,,MEDIUM,0
CVSP,2025,9,27,22,0,,,,,,,,,,,MEDIUM,0
CVSP,2025,10,18,5,0,,,,,,,,,,,MEDIUM,0
CVSP,2025,11,4,0,0,,,,,,,,,,,MEDIUM,0
CVSP,2025,12,0,0,0,,,,,,,,,,,MEDIUM,0
FOL,2016,1,0,0,0,,,,,,,,,125.6,,MEDIUM,0
FOL,2016,2,0,0,0,,,,,,,,,122.3,,MEDIUM,0
FOL,2016,3,0,0,0,,,,,,,,,125.3,,MEDIUM,0
FOL,2016,4,0,0,0,,,,,,,,,120.6,,MEDIUM,0
FOL,2016,5,6,1,0,,,,,,,,,120.8,,MEDIUM,0
FOL,2016,6,19,13,2,,,,,,,,,126.6,,MEDIUM,0
FOL,2016,7,23,14,6,,,,,,,,,115.4,,MEDIUM,0
FOL,2016,8,20,9,0,,,,,,,,,123.6,,MEDIUM,0
FOL,2016,9,13,4,0,,,,,,,,,122.3,,MEDIUM,0
FOL,2016,10,0,0,0,,,,,,,,,121.3,,MEDIUM,0
FOL,2016,11,0,0,0,,,,,,,,,110.4,,MEDIUM,0
FOL,2016,12,0,0,0,,,,,,,,,108.2,,MEDIUM,0
FOL,2017,1,0,0,0,,,,6.4,25.0,23.0,22.0,39.0,101.0,,MEDIUM,0
FOL,2017,2,0,0,0,,,,8.4,32.0,23.0,60.0,36.0,101.5,,MEDIUM,0
FOL,2017,3,0,0,0,,,,7.1,25.0,24.0,20.0,32.0,102.7,,MEDIUM,0
FOL,2017,4,0,0,0,,,,7.9,23.0,22.0,20.0,32.0,112.2,,MEDIUM,0
FOL,2017,5,5,2,0,,,,8.0,23.0,23.0,19.0,29.0,109.7,,MEDIUM,0
FOL,2017,6,16,9,5,,,,7.7,22.0,23.0,15.0,29.0,109.2,,MEDIUM,0
FOL,2017,7,31,26,6,,,,10.0,22.0,22.0,15.0,29.0,106.9,,MEDIUM,0
FOL,2017,8,27,16,6,,,,5.9,22.0,23.0,11.0,29.0,107.7,,MEDIUM,0
FOL,2017,9,12,6,3,,,,6.2,21.0,21.0,11.0,29.0,103.5,,MEDIUM,0
FOL,2017,10,0,0,0,,,,9.7,21.0,22.0,11.0,25.0,97.5,,MEDIUM,0
FOL,2017,11,0,0,0,,,,9.2,23.0,24.0,11.0,25.0,104.7,,MEDIUM,0
FOL,2017,12,0,0,0,,,,8.9,23.0,24.0,11.0,25.0,100.0,,MEDIUM,0
FOL,2018,1,0,0,0,,,,5.3,22.0,24.0,8.0,25.0,93.8,,MEDIUM,0
FOL,2018,2,0,0,0,,,,6.2,21.0,24.0,8.0,22.0,99.0,,MEDIUM,0
FOL,2018,3,0,0,0,,,,8.3,19.0,21.0,8.0,22.0,100.5,,MEDIUM,0
FOL,2018,4,0,0,0,,,,10.1,20.0,22.0,11.0,22.0,101.7,,MEDIUM,0
FOL,2018,5,2,1,0,,,,10.6,18.0,19.0,11.0,22.0,102.7,,MEDIUM,0
FOL,2018,6,15,8,0,,,,9.2,18.0,18.0,11.0,22.0,101.7,,MEDIUM,0
FOL,2018,7,29,25,6,,,,7.1,17.0,17.0,8.0,26.0,112.2,,MEDIUM,0
FOL,2018,8,18,12,0,,,,12.4,17.0,16.0,8.0,30.0,109.7,,MEDIUM,0
FOL,2018,9,15,2,0,,,,9.7,15.0,14.0,4.0,30.0,103.2,,MEDIUM,0
FOL,2018,10,0,0,0,,,,11.3,16.0,17.0,4.0,26.0,108.9,,MEDIUM,0
FOL,2018,11,0,0,0,,,,11.6,16.0,16.0,4.0,26.0,105.0,,MEDIUM,0
FOL,2018,12,0,0,0,,,,9.3,17.0,16.0,8.0,30.0,102.2,,MEDIUM,0
FOL,2019,1,0,0,0,,,,5.4,16.0,16.0,8.0,30.0,111.7,,MEDIUM,0
FOL,2019,2,0,0,0,,,,10.2,16.0,16.0,4.0,30.0,103.0,,MEDIUM,0
FOL,2019,3,0,0,0,,,,10.1,16.0,17.0,0.0,28.0,110.9,,MEDIUM,0
FOL,2019,4,0,0,0,,,,8.1,17.0,18.0,0.0,28.0,111.7,,MEDIUM,0
FOL,2019,5,0,0,0,,,,8.8,16.0,16.0,0.0,26.0,112.7,,MEDIUM,0
FOL,2019,6,14,7,0,,,,9.3,16.0,17.0,0.0,26.0,107.7,,MEDIUM,0
FOL,2019,7,24,12,2,,,,10.4,20.0,22.0,4.0,20.0,112.7,,MEDIUM,0
FOL,2019,8,23,17,2,,,,10.0,20.0,22.0,4.0,23.0,121.1,,MEDIUM,0
FOL,2019,9,11,7,0,,,,10.3,22.0,24.0,7.0,23.0,118.1,,MEDIUM,0
FOL,2019,10,0,0,0,,,,12.1,22.0,24.0,4.0,23.0,111.7,,MEDIUM,0
FOL,2019,11,0,0,0,,,,12.3,21.0,23.0,4.0,23.0,115.9,,MEDIUM,0
FOL,2019,12,0,0,0,,,,8.6,22.0,23.0,7.0,25.0,108.2,,MEDIUM,0
FOL,2020,1,0,0,0,,,,10.6,21.0,22.0,7.0,21.0,103.0,,MEDIUM,0
FOL,2020,2,0,0,0,,,,8.9,19.0,21.0,4.0,20.0,101.0,,MEDIUM,0
FOL,2020,3,0,0,0,,,,6.3,18.0,20.0,4.0,24.0,96.5,,MEDIUM,0
FOL,2020,4,1,0,0,,,,8.8,18.0,19.0,7.0,24.0,68.5,,MEDIUM,0
FOL,2020,5,7,4,0,,,,11.5,18.0,20.0,7.0,20.0,64.8,,MEDIUM,0
FOL,2020,6,16,10,1,,,,7.5,20.0,22.0,7.0,20.0,54.6,,MEDIUM,0
FOL,2020,7,28,17,2,,,,5.2,19.0,21.0,7.0,21.0,34.2,,MEDIUM,0
FOL,2020,8,29,16,4,,,,2.7,20.0,21.0,7.0,25.0,26.6,,MEDIUM,0
FOL,2020,9,10,5,2,,,,5.8,19.0,20.0,7.0,26.0,23.1,,MEDIUM,0
FOL,2020,10,8,0,0,,,,5.8,20.0,21.0,11.0,23.0,21.6,,MEDIUM,0
FOL,2020,11,0,0,0,,,,5.2,20.0,21.0,11.0,23.0,19.6,,MEDIUM,0
FOL,2020,12,0,0,0,,,,10.2,20.0,21.0,11.0,23.0,18.4,,MEDIUM,0
FOL,2021,1,0,0,0,,,,12.9,20.0,22.0,11.0,18.0,16.1,,MEDIUM,0
FOL,2021,2,0,0,0,,,,7.3,22.0,24.0,15.0,18.0,13.4,,MEDIUM,0
FOL,2021,3,0,0,0,,,,4.9,22.0,23.0,22.0,14.0,11.2,,MEDIUM,0
FOL,2021,4,0,0,0,,,,6.9,21.0,20.0,25.0,22.0,13.4,,MEDIUM,0
FOL,2021,5,3,1,0,,,,5.2,17.0,16.0,22.0,26.0,36.5,,MEDIUM,0
FOL,2021,6,15,8,2,,,,1.5,18.0,16.0,19.0,29.0,53.1,,MEDIUM,0
FOL,2021,7,26,15,5,185.1,0.0,,10.0,19.0,18.0,19.0,24.0,60.5,,MEDIUM,0
FOL,2021,8,18,10,0,104.5,0.0,,6.4,18.0,18.0,19.0,24.0,58.1,,MEDIUM,0
FOL,2021,9,13,5,0,151.15,0.0,,8.7,18.0,18.0,11.0,20.0,55.8,,MEDIUM,0
FOL,2021,10,0,0,0,129.2,0.0,,9.9,18.0,18.0,11.0,24.0,66.5,,MEDIUM,0
FOL,2021,11,0,0,0,211.25,0.0,,5.9,19.0,18.0,15.0,29.0,127.7,,MEDIUM,0
FOL,2021,12,0,0,0,116.6,0.15,,7.0,17.0,15.0,19.0,30.0,130.8,,MEDIUM,0
FOL,2022,1,0,0,0,176.2,31.6,,7.6,21.0,18.0,23.0,42.0,129.1,,MEDIUM,0
FOL,2022,2,0,0,0,136.55,27.93,,8.6,22.0,19.0,23.0,42.0,129.9,,MEDIUM,0
FOL,2022,3,0,0,0,145.6,0.0,,8.3,21.0,19.0,19.0,38.0,132.8,,MEDIUM,0
FOL,2022,4,0,0,0,127.27,0.0,,6.4,19.0,19.0,11.0,28.0,132.3,,MEDIUM,0
FOL,2022,5,4,3,0,,,,6.9,20.0,20.0,15.0,28.0,134.6,,MEDIUM,0
FOL,2022,6,17,11,0,,,,5.5,22.0,21.0,23.0,28.0,132.6,,MEDIUM,0
FOL,2022,7,23,19,3,176.15,18.09,,9.1,23.0,22.0,11.0,37.0,129.0,,MEDIUM,0
FOL,2022,8,28,16,3,100.25,4.93,,8.3,23.0,24.0,11.0,30.0,124.5,,MEDIUM,0
FOL,2022,9,14,9,8,89.7,0.0,,8.7,24.0,25.0,11.0,29.0,124.2,,MEDIUM,0
FOL,2022,10,6,0,0,94.35,0.0,,9.8,26.0,26.0,22.0,25.0,121.5,,MEDIUM,0
FOL,2022,11,0,0,0,118.4,0.0,,5.1,27.0,27.0,22.0,25.0,120.4,,MEDIUM,0
FOL,2022,12,0,0,0,131.3,0.0,,10.7,27.0,29.0,18.0,25.0,116.4,,MEDIUM,0
FOL,2023,1,0,0,0,94.45,0.03,,10.0,14.0,15.0,11.0,11.0,121.7,,MEDIUM,0
FOL,2023,2,0,0,0,94.35,0.12,,7.3,16.0,15.0,13.0,20.0,128.7,,MEDIUM,0
FOL,2023,3,0,0,0,144.35,20.8,,5.5,21.0,21.0,20.0,16.0,137.4,,MEDIUM,0
FOL,2023,4,0,0,0,81.45,0.0,,7.5,23.0,24.0,20.0,16.0,143.1,,MEDIUM,0
FOL,2023,5,4,0,0,,,,2.0,19.0,20.0,15.0,16.0,146.4,,MEDIUM,0
FOL,2023,6,4,2,0,,,,4.1,6.0,3.0,15.0,11.0,143.2,,MEDIUM,0
FOL,2023,7,26,21,8,88.35,0.02,,8.3,19.0,20.0,15.0,19.0,139.3,,MEDIUM,0
FOL,2023,8,24,13,3,123.85,5.6,,8.4,18.0,19.0,7.0,19.0,140.5,,MEDIUM,0
FOL,2023,9,6,0,0,145.85,0.0,,6.9,17.0,18.0,4.0,19.0,140.2,,MEDIUM,0
FOL,2023,10,4,0,0,1243.0,0.0,,7.7,18.0,19.0,4.0,22.0,138.9,,MEDIUM,0
FOL,2023,11,0,0,0,249.0,0.0,,5.2,18.0,20.0,4.0,18.0,136.9,,MEDIUM,0
FOL,2023,12,0,0,0,45.0,0.0,,12.9,16.0,19.0,7.0,10.0,134.9,,MEDIUM,0
FOL,2024,1,0,0,0,30.0,0.0,,13.0,16.0,19.0,7.0,9.0,133.9,,MEDIUM,0
FOL,2024,2,0,0,0,10.0,0.0,,6.5,14.0,16.0,7.0,9.0,131.2,,MEDIUM,0
FOL,2024,3,0,0,0,65.0,0.0,,8.7,14.0,15.0,7.0,9.0,128.9,,MEDIUM,0
FOL,2024,4,0,0,0,18.0,0.0,,11.3,14.0,15.0,7.0,14.0,125.9,,MEDIUM,0
FOL,2024,5,3,0,0,,,,8.2,12.0,13.0,7.0,14.0,124.8,,MEDIUM,0
FOL,2024,6,17,12,0,,,,8.7,13.0,13.0,7.0,19.0,126.4,,MEDIUM,0
FOL,2024,7,28,25,15,35.0,0.0,,5.6,14.0,13.0,11.0,19.0,132.3,,MEDIUM,0
FOL,2024,8,20,15,0,20.0,0.0,,8.7,14.0,13.0,18.0,19.0,135.4,,MEDIUM,0
FOL,2024,9,13,8,0,38.0,0.0,1.0,11.1,14.0,12.0,18.0,19.0,134.8,,MEDIUM,0
FOL,2024,10,8,8,0,15.0,0.0,,11.0,14.0,12.0,18.0,19.0,133.0,,MEDIUM,0
FOL,2024,11,0,0,0,23.0,0.0,,9.4,13.0,13.0,11.0,19.0,137.8,,MEDIUM,0
FOL,2024,12,0,0,0,10.0,0.0,,6.3,14.0,15.0,7.0,14.0,135.4,,MEDIUM,0
FOL,2025,1,0,0,0,23.0,0.0,,8.5,14.0,12.0,7.0,33.0,133.9,,MEDIUM,0
FOL,2025,2,0,0,0,23.0,0.0,1.0,7.9,14.0,11.0,7.0,33.0,136.4,,MEDIUM,0
FOL,2025,3,0,0,0,33.0,7.63,,14.9,14.0,10.0,18.0,33.0,137.0,,MEDIUM,0
FOL,2025,4,0,0,0,5.0,0.0,,8.1,16.0,12.0,22.0,28.0,138.3,,MEDIUM,0
FOL,2025,5,4,2,0,,,,11.1,15.0,11.0,22.0,28.0,138.8,,MEDIUM,0
FOL,2025,6,14,6,0,,,,9.8,16.0,13.0,22.0,22.0,137.0,,MEDIUM,0
FOL,2025,7,19,10,1,,,,11.6,15.0,12.0,22.0,22.0,134.8,,MEDIUM,0
FOL,2025,8,25,16,4,,,,7.3,14.0,11.0,22.0,18.0,132.0,,MEDIUM,0
FOL,2025,9,9,5,0,,,,10.0,12.0,11.0,18.0,12.0,132.3,,MEDIUM,0
FOL,2025,10,0,0,0,,,,10.5,13.0,11.0,18.0,17.0,132.5,,MEDIUM,0
FOL,2025,11,0,0,0,,,,5.0,12.0,11.0,15.0,17.0,129.8,,MEDIUM,0
FOL,2025,12,0,0,0,,,,7.6,13.0,12.0,15.0,17.0,131.0,,MEDIUM,0
FWF,2016,1,0,0,0,,,,,,,,,,,MEDIUM,0
FWF,2016,2,0,0,0,,,,,,,,,,,MEDIUM,0
FWF,2016,3,0,0,0,,,,,,,,,,,MEDIUM,0
FWF,2016,4,0,0,0,,,,,,,,,,,MEDIUM,0
FWF,2016,5,5,1,0,,,,,,,,,,,MEDIUM,0
FWF,2016,6,17,13,2,,,,,,,,,,,MEDIUM,0
FWF,2016,7,22,13,6,,,,,,,,,,,MEDIUM,0
FWF,2016,8,20,9,0,,,,,,,,,,,MEDIUM,0
FWF,2016,9,13,4,0,,,,,,,,,,,MEDIUM,0
FWF,2016,10,0,0,0,,,,,,,,,,,MEDIUM,0
FWF,2016,11,0,0,0,,,,,,,,,,,MEDIUM,0
FWF,2016,12,0,0,0,,,,,,,,,,,MEDIUM,0
FWF,2017,1,0,0,0,,,,,,,,,,,MEDIUM,0
FWF,2017,2,0,0,0,,,,,,,,,,,MEDIUM,0
FWF,2017,3,0,0,0,,,,,,,,,,,MEDIUM,0
FWF,2017,4,0,0,0,,,,,,,,,,,MEDIUM,0
FWF,2017,5,4,2,0,,,,,,,,,,,MEDIUM,0
FWF,2017,6,16,9,5,,,,,,,,,,,MEDIUM,0
FWF,2017,7,31,23,7,,,,,,,,,,,MEDIUM,0
FWF,2017,8,27,15,6,,,,,,,,,,,MEDIUM,0
FWF,2017,9,11,6,3,,,,,,,,,,,MEDIUM,0
FWF,2017,10,0,0,0,,,,,,,,,,,MEDIUM,0
FWF,2017,11,0,0,0,,,,,,,,,,,MEDIUM,0
FWF,2017,12,0,0,0,,,,,,,,,,,MEDIUM,0
FWF,2018,1,0,0,0,,,,,,,,,,,MEDIUM,0
FWF,2018,2,0,0,0,,,,,,,,,,,MEDIUM,0
FWF,2018,3,0,0,0,,,,,,,,,,,MEDIUM,0
FWF,2018,4,0,0,0,,,,,,,,,,,MEDIUM,0
FWF,2018,5,2,1,0,,,,,,,,,,,MEDIUM,0
FWF,2018,6,15,8,0,,,,,,,,,,,MEDIUM,0
FWF,2018,7,29,25,6,,,,,,,,,,,MEDIUM,0
FWF,2018,8,18,12,0,,,,,,,,,,,MEDIUM,0
FWF,2018,9,16,2,0,,,,,,,,,,,MEDIUM,0
FWF,2018,10,0,0,0,,,,,,,,,,,MEDIUM,0
FWF,2018,11,0,0,0,,,,,,,,,,,MEDIUM,0
FWF,2018,12,0,0,0,,,,,,,,,,,MEDIUM,0
FWF,2019,1,0,0,0,,,,,,,,,,,MEDIUM,0
FWF,2019,2,0,0,0,,,,,,,,,,,MEDIUM,0
FWF,2019,3,0,0,0,,,,,,,,,,,MEDIUM,0
FWF,2019,4,0,0,0,,,,,,,,,,,MEDIUM,0
FWF,2019,5,0,0,0,,,,,,,,,,,MEDIUM,0
FWF,2019,6,13,6,0,,,,,,,,,,,MEDIUM,0
FWF,2019,7,24,11,2,,,,,,,,,,,MEDIUM,0
FWF,2019,8,23,17,2,,,,,,,,,,,MEDIUM,0
FWF,2019,9,11,7,0,,,,,,,,,,,MEDIUM,0
FWF,2019,10,0,0,0,,,,,,,,,,,MEDIUM,0
FWF,2019,11,0,0,0,,,,,,,,,,,MEDIUM,0
FWF,2019,12,0,0,0,,,,,,,,,,,MEDIUM,0
FWF,2020,1,0,0,0,,,,,,,,,,,MEDIUM,0
FWF,2020,2,0,0,0,,,,,,,,,,,MEDIUM,0
FWF,2020,3,0,0,0,,,,,,,,,,,MEDIUM,0
FWF,2020,4,0,0,0,,,,,,,,,,,MEDIUM,0
FWF,2020,5,6,4,0,,,,,,,,,,,MEDIUM,0
FWF,2020,6,16,9,1,,,,,,,,,,,MEDIUM,0
FWF,2020,7,26,17,2,,,,,,,,,,,MEDIUM,0
FWF,2020,8,29,16,4,,,,,,,,,,,MEDIUM,0
FWF,2020,9,11,5,2,,,,,,,,,,,MEDIUM,0
FWF,2020,10,8,0,0,,,,,,,,,,,MEDIUM,0
FWF,2020,11,0,0,0,,,,,,,,,,,MEDIUM,0
FWF,2020,12,0,0,0,,,,,,,,,,,MEDIUM,0
FWF,2021,1,0,0,0,,,,,,,,,,,MEDIUM,0
FWF,2021,2,0,0,0,,,,,,,,,,,MEDIUM,0
FWF,2021,3,0,0,0,,,,,,,,,,,MEDIUM,0
FWF,2021,4,0,0,0,,,,,,,,,,,MEDIUM,0
FWF,2021,5,3,1,0,,,,,,,,,,,MEDIUM,0
FWF,2021,6,15,8,2,,,,,,,,,,,MEDIUM,0
FWF,2021,7,26,15,5,,0.0,,,,,,,,,MEDIUM,0
FWF,2021,8,18,10,0,,0.0,,,,,,,,,MEDIUM,0
FWF,2021,9,13,5,0,,0.0,,,,,,,,,MEDIUM,0
FWF,2021,10,0,0,0,,0.0,,,,,,,,,MEDIUM,0
FWF,2021,11,0,0,0,,0.0,,,,,,,59.6,,MEDIUM,0
FWF,2021,12,0,0,0,,16.41,,,,,,,55.6,,MEDIUM,0
FWF,2022,1,0,0,0,,34.32,,,,,,,49.4,,MEDIUM,0
FWF,2022,2,0,0,0,,27.14,,,,,,,46.9,,MEDIUM,0
FWF,2022,3,0,0,0,,0.0,,,,,,,45.2,,MEDIUM,0
FWF,2022,4,0,0,0,,0.0,,,,,,,53.6,,MEDIUM,0
FWF,2022,5,4,1,0,,,,,,,,,67.5,,MEDIUM,0
FWF,2022,6,16,11,0,,,,,,,,,68.0,,MEDIUM,0
FWF,2022,7,23,19,3,,10.25,,,,,,,60.3,,MEDIUM,0
FWF,2022,8,28,16,3,,20.79,,,,,,,50.6,,MEDIUM,0
FWF,2022,9,14,9,8,,0.0,,,,,,,45.2,,MEDIUM,0
FWF,2022,10,5,0,0,,1.38,,,,,,,45.2,,MEDIUM,0
FWF,2022,11,0,0,0,,0.46,,,,,,,52.9,,MEDIUM,0
FWF,2022,12,0,0,0,,2.11,,,,,,,20.1,,MEDIUM,0
FWF,2023,1,0,0,0,,,,,,,,,,,MEDIUM,0
FWF,2023,2,0,0,0,,,,,,,,,,,MEDIUM,0
FWF,2023,3,0,0,0,,,,,,,,,,,MEDIUM,0
FWF,2023,4,0,0,0,,,,,,,,,,,MEDIUM,0
FWF,2023,5,4,0,0,,,,,,,,,,,MEDIUM,0
FWF,2023,6,4,2,0,,,,,,,,,,,MEDIUM,0
FWF,2023,7,25,22,8,,,,,,,,,,,MEDIUM,0
FWF,2023,8,25,13,3,,,,,,,,,,,MEDIUM,0
FWF,2023,9,6,0,0,,,,,,,,,,,MEDIUM,0
FWF,2023,10,4,0,0,,,,,,,,,,,MEDIUM,0
FWF,2023,11,0,0,0,,,,,,,,,,,MEDIUM,0
FWF,2023,12,0,0,0,,,,,,,,,,,MEDIUM,0
FWF,2024,1,0,0,0,,,,,,,,,,,MEDIUM,0
FWF,2024,2,0,0,0,,,,,,,,,,,MEDIUM,0
FWF,2024,3,0,0,0,,,,,,,,,,,MEDIUM,0
FWF,2024,4,0,0,0,,,,,,,,,,,MEDIUM,0
FWF,2024,5,3,0,0,,,,,,,,,,,MEDIUM,0
FWF,2024,6,17,11,0,,,,,,,,,,,MEDIUM,0
FWF,2024,7,27,23,15,,,,,,,,,,,MEDIUM,0
FWF,2024,8,19,12,0,,,,,,,,,,,MEDIUM,0
FWF,2024,9,13,8,0,,,,,,,,,,,MEDIUM,0
FWF,2024,10,8,8,0,,,,,,,,,,,MEDIUM,0
FWF,2024,11,0,0,0,,,,,,,,,,,MEDIUM,0
FWF,2024,12,0,0,0,,,,,,,,,,,MEDIUM,0
FWF,2025,1,0,0,0,,,,,,,,,,,MEDIUM,0
FWF,2025,2,0,0,0,,,,,,,,,,,MEDIUM,0
FWF,2025,3,0,0,0,,,,,,,,,,,MEDIUM,0
FWF,2025,4,0,0,0,,,,,,,,,,,MEDIUM,0
FWF,2025,5,4,2,0,,,,,,,,,,,MEDIUM,0
FWF,2025,6,13,3,0,,,,,,,,,,,MEDIUM,0
FWF,2025,7,18,8,0,,,,,,,,,,,MEDIUM,0
FWF,2025,8,24,15,3,,,,,,,,,,,MEDIUM,0
FWF,2025,9,8,4,0,,,,,,,,,,,MEDIUM,0
FWF,2025,10,0,0,0,,,,,,,,,,,MEDIUM,0
FWF,2025,11,0,0,0,,,,,,,,,,,MEDIUM,0
FWF,2025,12,0,0,0,,,,,,,,,,,MEDIUM,0
HDSP,2016,1,0,0,0,,,,,,,,,154.1,mixed_evaporative,MAXIMUM,0
HDSP,2016,2,0,0,0,,,,,,,,,155.2,mixed_evaporative,MAXIMUM,0
HDSP,2016,3,0,0,0,,,,,,,,,157.1,mixed_evaporative,MAXIMUM,0
HDSP,2016,4,0,0,0,,,,,,,,,156.2,mixed_evaporative,MAXIMUM,0
HDSP,2016,5,0,0,0,,,,,,,,,159.0,mixed_evaporative,MAXIMUM,0
HDSP,2016,6,11,2,0,,,,,,,,,159.6,mixed_evaporative,MAXIMUM,0
HDSP,2016,7,14,7,5,,,,,,,,,160.2,mixed_evaporative,MAXIMUM,0
HDSP,2016,8,20,9,5,,,,,,,,,164.1,mixed_evaporative,MAXIMUM,0
HDSP,2016,9,1,0,0,,,,,,,,,162.9,mixed_evaporative,MAXIMUM,0
HDSP,2016,10,0,0,0,,,,,,,,,160.5,mixed_evaporative,MAXIMUM,0
HDSP,2016,11,0,0,0,,,,,,,,,160.7,mixed_evaporative,MAXIMUM,0
HDSP,2016,12,0,0,0,,,,,,,,,160.6,mixed_evaporative,MAXIMUM,0
HDSP,2017,1,0,0,0,,,,5.8,22.0,24.0,6.0,24.0,160.2,mixed_evaporative,MAXIMUM,0
HDSP,2017,2,0,0,0,,,,8.3,23.0,23.0,15.0,27.0,159.3,mixed_evaporative,MAXIMUM,0
HDSP,2017,3,0,0,0,,,,8.0,22.0,24.0,3.0,24.0,157.2,mixed_evaporative,MAXIMUM,0
HDSP,2017,4,0,0,0,,,,8.3,21.0,22.0,3.0,27.0,159.5,mixed_evaporative,MAXIMUM,0
HDSP,2017,5,0,0,0,,,,9.5,20.0,20.0,3.0,29.0,163.1,mixed_evaporative,MAXIMUM,0
HDSP,2017,6,11,5,4,,,,13.2,19.0,19.0,3.0,27.0,161.3,mixed_evaporative,MAXIMUM,0
HDSP,2017,7,27,9,3,,,,9.0,20.0,18.0,6.0,31.0,155.1,mixed_evaporative,MAXIMUM,0
HDSP,2017,8,17,7,6,,,,4.3,21.0,21.0,6.0,33.0,153.0,mixed_evaporative,MAXIMUM,0
HDSP,2017,9,6,4,4,,,,8.4,21.0,23.0,6.0,26.0,155.6,mixed_evaporative,MAXIMUM,0
HDSP,2017,10,0,0,0,,,,11.2,19.0,21.0,6.0,21.0,151.3,mixed_evaporative,MAXIMUM,0
HDSP,2017,11,0,0,0,,,,8.1,18.0,20.0,3.0,19.0,148.5,mixed_evaporative,MAXIMUM,0
HDSP,2017,12,0,0,0,,,,10.1,19.0,20.0,3.0,22.0,147.5,mixed_evaporative,MAXIMUM,0
HDSP,2018,1,0,0,0,,,,6.7,20.0,21.0,3.0,22.0,146.9,mixed_evaporative,MAXIMUM,0
HDSP,2018,2,0,0,0,,,,11.7,21.0,23.0,6.0,22.0,149.6,mixed_evaporative,MAXIMUM,0
HDSP,2018,3,0,0,0,,,,9.5,19.0,22.0,6.0,16.0,149.5,mixed_evaporative,MAXIMUM,0
HDSP,2018,4,0,0,0,,,,6.7,21.0,24.0,6.0,19.0,149.1,mixed_evaporative,MAXIMUM,0
HDSP,2018,5,0,0,0,,,,7.0,21.0,24.0,10.0,21.0,148.4,mixed_evaporative,MAXIMUM,0
HDSP,2018,6,4,0,0,,,,9.5,22.0,25.0,13.0,20.0,146.2,mixed_evaporative,MAXIMUM,0
HDSP,2018,7,27,15,12,,,,6.9,23.0,26.0,10.0,20.0,150.0,mixed_evaporative,MAXIMUM,0
HDSP,2018,8,17,6,5,,,,5.8,21.0,23.0,6.0,25.0,147.3,mixed_evaporative,MAXIMUM,0
HDSP,2018,9,4,0,0,,,,5.2,19.0,22.0,3.0,20.0,144.2,mixed_evaporative,MAXIMUM,0
HDSP,2018,10,0,0,0,,,,6.1,18.0,20.0,3.0,22.0,142.0,mixed_evaporative,MAXIMUM,0
HDSP,2018,11,0,0,0,,,,9.2,18.0,20.0,0.0,25.0,143.7,mixed_evaporative,MAXIMUM,0
HDSP,2018,12,0,0,0,,,,8.2,16.0,17.0,0.0,25.0,143.5,mixed_evaporative,MAXIMUM,0
HDSP,2019,1,0,0,0,,,,8.6,17.0,17.0,0.0,27.0,139.4,mixed_evaporative,MAXIMUM,0
HDSP,2019,2,0,0,0,,,,8.8,15.0,16.0,0.0,23.0,136.8,mixed_evaporative,MAXIMUM,0
HDSP,2019,3,0,0,0,,,,10.2,16.0,17.0,0.0,23.0,138.7,mixed_evaporative,MAXIMUM,0
HDSP,2019,4,0,0,0,,,,8.1,16.0,17.0,0.0,23.0,137.1,mixed_evaporative,MAXIMUM,0
HDSP,2019,5,0,0,0,,,,5.5,16.0,18.0,0.0,20.0,134.6,mixed_evaporative,MAXIMUM,0
HDSP,2019,6,2,0,0,,,,4.4,16.0,17.0,0.0,23.0,134.6,mixed_evaporative,MAXIMUM,0
HDSP,2019,7,14,1,0,,,,4.3,20.0,21.0,0.0,28.0,134.7,mixed_evaporative,MAXIMUM,0
HDSP,2019,8,22,4,1,,,,6.6,20.0,22.0,0.0,26.0,142.9,mixed_evaporative,MAXIMUM,0
HDSP,2019,9,4,0,0,,,,9.9,22.0,25.0,0.0,26.0,137.3,mixed_evaporative,MAXIMUM,0
HDSP,2019,10,0,0,0,,,,11.8,22.0,25.0,0.0,26.0,137.7,mixed_evaporative,MAXIMUM,0
HDSP,2019,11,0,0,0,,,,10.5,20.0,22.0,0.0,24.0,136.1,mixed_evaporative,MAXIMUM,0
HDSP,2019,12,0,0,0,,,,8.1,18.0,20.0,3.0,22.0,133.8,mixed_evaporative,MAXIMUM,0
HDSP,2020,1,0,0,0,,,,8.7,17.0,18.0,3.0,22.0,136.0,mixed_evaporative,MAXIMUM,0
HDSP,2020,2,0,0,0,,,,9.3,17.0,19.0,3.0,21.0,140.1,mixed_evaporative,MAXIMUM,0
HDSP,2020,3,0,0,0,,,,8.2,17.0,19.0,3.0,18.0,144.2,mixed_evaporative,MAXIMUM,0
HDSP,2020,4,0,0,0,,,,10.2,16.0,17.0,6.0,18.0,141.4,mixed_evaporative,MAXIMUM,0
HDSP,2020,5,3,0,0,,,,11.3,16.0,18.0,6.0,16.0,148.6,mixed_evaporative,MAXIMUM,0
HDSP,2020,6,10,3,3,,,,11.0,18.0,21.0,3.0,15.0,153.7,mixed_evaporative,MAXIMUM,0
HDSP,2020,7,20,9,7,,,,11.6,17.0,20.0,3.0,15.0,148.9,mixed_evaporative,MAXIMUM,0
HDSP,2020,8,20,4,2,,,,4.9,17.0,17.0,3.0,27.0,144.1,mixed_evaporative,MAXIMUM,0
HDSP,2020,9,6,4,4,,,,4.6,17.0,17.0,3.0,28.0,144.2,mixed_evaporative,MAXIMUM,0
HDSP,2020,10,0,0,0,,,,8.1,18.0,17.0,3.0,30.0,143.8,mixed_evaporative,MAXIMUM,0
HDSP,2020,11,0,0,0,,,,6.9,18.0,18.0,3.0,30.0,143.6,mixed_evaporative,MAXIMUM,0
HDSP,2020,12,0,0,0,,,,5.9,19.0,19.0,3.0,30.0,142.1,mixed_evaporative,MAXIMUM,0
HDSP,2021,1,0,0,0,,,,8.3,20.0,21.0,0.0,29.0,0.0,mixed_evaporative,MAXIMUM,0
HDSP,2021,2,0,0,0,,,,7.4,21.0,22.0,0.0,29.0,141.6,mixed_evaporative,MAXIMUM,0
HDSP,2021,3,0,0,0,,,,12.5,21.0,22.0,3.0,27.0,141.7,mixed_evaporative,MAXIMUM,0
HDSP,2021,4,0,0,0,,,,11.7,23.0,24.0,6.0,29.0,142.1,mixed_evaporative,MAXIMUM,0
HDSP,2021,5,1,0,0,,,,6.6,23.0,25.0,6.0,29.0,140.4,mixed_evaporative,MAXIMUM,0
HDSP,2021,6,16,10,7,,,,6.0,24.0,25.0,10.0,29.0,141.4,mixed_evaporative,MAXIMUM,0
HDSP,2021,7,29,19,15,153.15,2.79,,9.0,23.0,25.0,0.0,28.0,138.6,mixed_evaporative,MAXIMUM,0
HDSP,2021,8,15,9,8,114.95,4.27,,10.8,24.0,25.0,3.0,33.0,139.1,mixed_evaporative,MAXIMUM,0
HDSP,2021,9,5,3,1,136.25,5.09,,11.8,25.0,26.0,3.0,35.0,138.0,mixed_evaporative,MAXIMUM,0
HDSP,2021,10,0,0,0,106.4,0.0,1.0,11.8,28.0,29.0,3.0,39.0,137.4,mixed_evaporative,MAXIMUM,0
HDSP,2021,11,0,0,0,182.7,1.27,,8.9,29.0,30.0,7.0,39.0,126.9,mixed_evaporative,MAXIMUM,0
HDSP,2021,12,0,0,0,57.05,3.54,,8.6,30.0,32.0,7.0,39.0,99.7,mixed_evaporative,MAXIMUM,0
HDSP,2022,1,0,0,0,70.3,23.34,,9.6,30.0,33.0,7.0,32.0,96.1,mixed_evaporative,MAXIMUM,0
HDSP,2022,2,0,0,0,74.5,21.47,,9.3,32.0,35.0,7.0,34.0,95.7,mixed_evaporative,MAXIMUM,0
HDSP,2022,3,0,0,0,87.3,0.0,,12.4,33.0,36.0,10.0,34.0,96.9,mixed_evaporative,MAXIMUM,0
HDSP,2022,4,0,0,0,95.85,0.0,,12.4,33.0,36.0,10.0,37.0,101.7,mixed_evaporative,MAXIMUM,0
HDSP,2022,5,0,0,0,,,,10.1,32.0,35.0,4.0,37.0,93.3,mixed_evaporative,MAXIMUM,0
HDSP,2022,6,4,0,0,,,,10.6,31.0,33.0,0.0,40.0,83.1,mixed_evaporative,MAXIMUM,0
HDSP,2022,7,22,15,13,55.75,0.0,,10.1,30.0,34.0,14.0,21.0,78.4,mixed_evaporative,MAXIMUM,0
HDSP,2022,8,26,8,2,55.45,0.0,,8.7,30.0,34.0,7.0,24.0,76.5,mixed_evaporative,MAXIMUM,0
HDSP,2022,9,8,8,8,81.9,0.0,,11.3,31.0,35.0,7.0,24.0,74.2,mixed_evaporative,MAXIMUM,0
HDSP,2022,10,0,0,0,73.5,5.17,,8.6,32.0,34.0,7.0,35.0,100.7,mixed_evaporative,MAXIMUM,0
HDSP,2022,11,0,0,0,106.8,3.02,,10.8,32.0,35.0,7.0,37.0,98.6,mixed_evaporative,MAXIMUM,0
HDSP,2022,12,0,0,0,61.95,0.0,,10.4,32.0,34.0,7.0,37.0,101.6,mixed_evaporative,MAXIMUM,0
HDSP,2023,1,0,0,0,63.05,1.38,,14.7,34.0,37.0,11.0,34.0,89.6,mixed_evaporative,MAXIMUM,0
HDSP,2023,2,0,0,0,59.2,2.78,,3.4,36.0,40.0,11.0,34.0,85.2,mixed_evaporative,MAXIMUM,0
HDSP,2023,3,0,0,0,83.9,0.0,,10.3,42.0,46.0,17.0,34.0,99.7,mixed_evaporative,MAXIMUM,0
HDSP,2023,4,0,0,0,62.4,0.0,,8.7,43.0,46.0,23.0,38.0,108.8,mixed_evaporative,MAXIMUM,0
HDSP,2023,5,1,0,0,,,,5.7,30.0,32.0,13.0,34.0,108.3,mixed_evaporative,MAXIMUM,0
HDSP,2023,6,1,0,0,,,,9.8,34.0,36.0,17.0,31.0,105.3,mixed_evaporative,MAXIMUM,0
HDSP,2023,7,26,10,8,56.5,11.76,,13.6,30.0,28.0,23.0,51.0,103.3,mixed_evaporative,MAXIMUM,0
HDSP,2023,8,15,3,1,57.35,3.98,,14.8,25.0,23.0,10.0,51.0,108.5,mixed_evaporative,MAXIMUM,0
HDSP,2023,9,0,0,0,95.7,1.59,,17.2,24.0,21.0,10.0,52.0,105.9,mixed_evaporative,MAXIMUM,0
HDSP,2023,10,0,0,0,1186.0,1.59,,17.6,23.0,20.0,7.0,47.0,102.1,mixed_evaporative,MAXIMUM,0
HDSP,2023,11,0,0,0,1044.5,3.51,,19.6,22.0,20.0,7.0,42.0,98.2,mixed_evaporative,MAXIMUM,0
HDSP,2023,12,0,0,0,1120.0,2.85,,21.0,22.0,20.0,7.0,40.0,95.9,mixed_evaporative,MAXIMUM,0
HDSP,2024,1,0,0,0,1152.5,0.2,,15.2,22.0,19.0,7.0,44.0,96.1,mixed_evaporative,MAXIMUM,0
HDSP,2024,2,0,0,0,1116.0,1.77,,18.6,25.0,23.0,7.0,44.0,102.1,mixed_evaporative,MAXIMUM,0
HDSP,2024,3,0,0,0,1161.25,1.02,,21.1,25.0,23.0,3.0,44.0,112.2,mixed_evaporative,MAXIMUM,0
HDSP,2024,4,0,0,0,1129.25,1.12,,20.2,24.0,22.0,7.0,40.0,112.8,mixed_evaporative,MAXIMUM,0
HDSP,2024,5,0,0,0,,,,19.7,24.0,23.0,7.0,41.0,109.7,mixed_evaporative,MAXIMUM,0
HDSP,2024,6,12,2,0,,,,14.9,33.0,26.0,7.0,65.0,109.0,mixed_evaporative,MAXIMUM,0
HDSP,2024,7,25,18,15,1121.0,0.0,,20.0,32.0,26.0,10.0,59.0,109.4,mixed_evaporative,MAXIMUM,0
HDSP,2024,8,13,4,1,237.25,0.0,,27.3,32.0,26.0,13.0,59.0,116.3,mixed_evaporative,MAXIMUM,0
HDSP,2024,9,3,0,0,274.75,0.24,,23.5,33.0,28.0,10.0,62.0,121.5,mixed_evaporative,MAXIMUM,0
HDSP,2024,10,1,0,0,255.75,0.0,,27.5,34.0,28.0,10.0,64.0,123.5,mixed_evaporative,MAXIMUM,0
HDSP,2024,11,0,0,0,293.75,6.51,,27.4,33.0,28.0,10.0,63.0,122.6,mixed_evaporative,MAXIMUM,0
HDSP,2024,12,0,0,0,183.5,3.83,,22.2,32.0,27.0,7.0,63.0,121.4,mixed_evaporative,MAXIMUM,0
HDSP,2025,1,0,0,0,270.75,0.0,,16.6,34.0,28.0,10.0,63.0,134.6,mixed_evaporative,MAXIMUM,0
HDSP,2025,2,0,0,0,250.75,0.9,,12.0,34.0,29.0,10.0,62.0,134.2,mixed_evaporative,MAXIMUM,0
HDSP,2025,3,0,0,0,263.0,10.13,,12.8,33.0,28.0,16.0,61.0,139.5,mixed_evaporative,MAXIMUM,0
HDSP,2025,4,0,0,0,265.5,0.02,,13.6,33.0,27.0,16.0,60.0,135.7,mixed_evaporative,MAXIMUM,0
HDSP,2025,5,3,2,1,,,,16.6,33.0,28.0,16.0,58.0,130.5,mixed_evaporative,MAXIMUM,0
HDSP,2025,6,12,3,2,,,,17.1,31.0,26.0,13.0,57.0,126.6,mixed_evaporative,MAXIMUM,0
HDSP,2025,7,21,9,7,,,,15.4,34.0,27.0,13.0,61.0,121.6,mixed_evaporative,MAXIMUM,0
HDSP,2025,8,19,8,6,,,,18.3,35.0,28.0,13.0,61.0,114.5,mixed_evaporative,MAXIMUM,0
HDSP,2025,9,4,0,0,,,,15.3,34.0,29.0,10.0,59.0,124.6,mixed_evaporative,MAXIMUM,0
HDSP,2025,10,0,0,0,,,,15.4,33.0,28.0,10.0,58.0,131.6,mixed_evaporative,MAXIMUM,0
HDSP,2025,11,0,0,0,,,,19.6,33.0,28.0,10.0,58.0,135.2,mixed_evaporative,MAXIMUM,0
HDSP,2025,12,0,0,0,,,,14.5,32.0,27.0,6.0,58.0,139.2,mixed_evaporative,MAXIMUM,0
ISP,2016,1,0,0,0,,,,,,,,,156.5,mechanical,MEDIUM,0
ISP,2016,2,1,0,0,,,,,,,,,154.9,mechanical,MEDIUM,0
ISP,2016,3,7,0,0,,,,,,,,,159.2,mechanical,MEDIUM,0
ISP,2016,4,10,5,0,,,,,,,,,154.4,mechanical,MEDIUM,0
ISP,2016,5,19,9,0,,,,,,,,,147.5,mechanical,MEDIUM,0
ISP,2016,6,30,30,2,,,,,,,,,146.6,mechanical,MEDIUM,0
ISP,2016,7,31,31,0,,,,,,,,,142.3,mechanical,MEDIUM,0
ISP,2016,8,31,31,0,,,,,,,,,143.7,mechanical,MEDIUM,0
ISP,2016,9,27,20,0,,,,,,,,,145.2,mechanical,MEDIUM,0
ISP,2016,10,18,6,0,,,,,,,,,142.6,mechanical,MEDIUM,0
ISP,2016,11,1,0,0,,,,,,,,,137.4,mechanical,MEDIUM,0
ISP,2016,12,0,0,0,,,,,,,,,137.3,mechanical,MEDIUM,0
ISP,2017,1,0,0,0,,,,8.5,12.0,13.0,6.0,27.0,137.4,mechanical,MEDIUM,0
ISP,2017,2,0,0,0,,,,8.2,13.0,12.0,15.0,27.0,138.7,mechanical,MEDIUM,0
ISP,2017,3,11,2,0,,,,7.2,14.0,13.0,10.0,27.0,137.7,mechanical,MEDIUM,0
ISP,2017,4,15,2,0,,,,8.5,14.0,14.0,6.0,27.0,136.9,mechanical,MEDIUM,0
ISP,2017,5,21,17,0,,,,9.5,11.0,11.0,0.0,18.0,137.7,mechanical,MEDIUM,0
ISP,2017,6,30,28,5,,,,4.9,10.0,11.0,0.0,18.0,138.3,mechanical,MEDIUM,0
ISP,2017,7,31,31,1,,,,7.6,9.0,9.0,3.0,18.0,142.0,mechanical,MEDIUM,0
ISP,2017,8,31,31,0,,,,3.9,9.0,8.0,3.0,18.0,143.7,mechanical,MEDIUM,0
ISP,2017,9,25,20,0,,,,5.9,10.0,7.0,10.0,36.0,142.7,mechanical,MEDIUM,0
ISP,2017,10,24,8,0,,,,6.1,10.0,8.0,10.0,36.0,137.1,mechanical,MEDIUM,0
ISP,2017,11,0,0,0,,,,10.8,8.0,8.0,0.0,18.0,134.1,mechanical,MEDIUM,0
ISP,2017,12,0,0,0,,,,4.4,8.0,8.0,0.0,18.0,133.9,mechanical,MEDIUM,0
ISP,2018,1,0,0,0,,,,8.8,11.0,11.0,3.0,27.0,127.5,mechanical,MEDIUM,0
ISP,2018,2,0,0,0,,,,6.5,11.0,11.0,3.0,27.0,128.3,mechanical,MEDIUM,0
ISP,2018,3,3,0,0,,,,9.6,10.0,11.0,3.0,18.0,128.7,mechanical,MEDIUM,0
ISP,2018,4,18,9,0,,,,9.1,12.0,12.0,6.0,27.0,131.0,mechanical,MEDIUM,0
ISP,2018,5,25,19,0,,,,7.8,13.0,14.0,3.0,27.0,134.6,mechanical,MEDIUM,0
ISP,2018,6,30,30,0,,,,12.0,12.0,14.0,3.0,27.0,131.4,mechanical,MEDIUM,0
ISP,2018,7,31,31,3,,,,10.2,13.0,14.0,6.0,18.0,136.5,mechanical,MEDIUM,0
ISP,2018,8,31,31,0,,,,11.0,13.0,13.0,6.0,18.0,141.5,mechanical,MEDIUM,0
ISP,2018,9,30,30,0,,,,11.1,11.0,10.0,6.0,18.0,138.1,mechanical,MEDIUM,0
ISP,2018,10,6,0,0,,,,14.9,9.0,10.0,6.0,18.0,139.2,mechanical,MEDIUM,0
ISP,2018,11,0,0,0,,,,9.2,10.0,11.0,3.0,18.0,135.2,mechanical,MEDIUM,0
ISP,2018,12,0,0,0,,,,12.1,8.0,8.0,6.0,18.0,129.8,mechanical,MEDIUM,0
ISP,2019,1,0,0,0,,,,7.8,9.0,9.0,6.0,18.0,122.3,mechanical,MEDIUM,0
ISP,2019,2,0,0,0,,,,10.3,12.0,13.0,6.0,18.0,117.5,mechanical,MEDIUM,0
ISP,2019,3,0,0,0,,,,15.2,8.0,9.0,3.0,18.0,117.2,mechanical,MEDIUM,0
ISP,2019,4,12,9,0,,,,15.0,9.0,10.0,3.0,18.0,120.1,mechanical,MEDIUM,0
ISP,2019,5,13,7,0,,,,11.3,8.0,9.0,3.0,9.0,119.4,mechanical,MEDIUM,0
ISP,2019,6,30,28,0,,,,11.9,7.0,8.0,3.0,18.0,122.4,mechanical,MEDIUM,0
ISP,2019,7,31,31,0,,,,14.6,15.0,16.0,10.0,14.0,121.9,mechanical,MEDIUM,0
ISP,2019,8,31,31,1,,,,7.8,16.0,18.0,6.0,14.0,124.5,mechanical,MEDIUM,0
ISP,2019,9,26,21,0,,,,14.7,17.0,18.0,6.0,24.0,124.5,mechanical,MEDIUM,0
ISP,2019,10,12,6,0,,,,15.0,16.0,18.0,3.0,24.0,129.0,mechanical,MEDIUM,0
ISP,2019,11,0,0,0,,,,15.8,16.0,18.0,3.0,24.0,129.3,mechanical,MEDIUM,0
ISP,2019,12,0,0,0,,,,11.5,14.0,15.0,6.0,24.0,129.1,mechanical,MEDIUM,0
ISP,2020,1,0,0,0,,,,12.3,14.0,14.0,6.0,33.0,131.7,mechanical,MEDIUM,0
ISP,2020,2,0,0,0,,,,14.0,14.0,14.0,10.0,24.0,133.0,mechanical,MEDIUM,0
ISP,2020,3,0,0,0,,,,16.0,15.0,14.0,10.0,43.0,128.1,mechanical,MEDIUM,0
ISP,2020,4,9,9,0,,,,19.5,13.0,13.0,6.0,24.0,145.6,mechanical,MEDIUM,0
ISP,2020,5,28,23,0,,,,20.6,11.0,11.0,6.0,24.0,147.8,mechanical,MEDIUM,0
ISP,2020,6,29,28,0,,,,17.0,11.0,12.0,6.0,24.0,145.7,mechanical,MEDIUM,0
ISP,2020,7,31,31,3,,,,13.0,13.0,15.0,3.0,24.0,139.0,mechanical,MEDIUM,0
ISP,2020,8,31,31,4,,,,4.3,13.0,14.0,3.0,33.0,133.6,mechanical,MEDIUM,0
ISP,2020,9,30,28,2,,,,3.0,13.0,14.0,0.0,43.0,132.7,mechanical,MEDIUM,0
ISP,2020,10,23,19,0,,,,5.6,15.0,16.0,0.0,43.0,131.5,mechanical,MEDIUM,0
ISP,2020,11,5,0,0,,,,10.1,15.0,18.0,0.0,24.0,128.4,mechanical,MEDIUM,0
ISP,2020,12,0,0,0,,,,11.8,15.0,18.0,0.0,24.0,126.0,mechanical,MEDIUM,0
ISP,2021,1,0,0,0,,,,10.5,15.0,18.0,0.0,20.0,124.6,mechanical,MEDIUM,0
ISP,2021,2,0,0,0,,,,7.9,15.0,18.0,0.0,20.0,122.8,mechanical,MEDIUM,0
ISP,2021,3,1,0,0,,,,7.4,14.0,15.0,3.0,20.0,120.1,mechanical,MEDIUM,0
ISP,2021,4,15,5,0,,,,9.6,17.0,19.0,6.0,20.0,119.7,mechanical,MEDIUM,0
ISP,2021,5,27,23,0,,,,20.1,18.0,21.0,3.0,20.0,117.7,mechanical,MEDIUM,0
ISP,2021,6,30,30,0,,,,15.0,19.0,22.0,3.0,30.0,116.8,mechanical,MEDIUM,0
ISP,2021,7,31,30,0,149.0,0.56,,7.5,15.0,17.0,3.0,22.0,110.7,mechanical,MEDIUM,0
ISP,2021,8,31,31,1,26.0,3.12,,9.4,15.0,16.0,3.0,22.0,107.4,mechanical,MEDIUM,0
ISP,2021,9,29,25,0,57.0,0.0,,6.9,15.0,17.0,3.0,22.0,103.6,mechanical,MEDIUM,0
ISP,2021,10,9,3,0,8.0,0.0,,8.9,16.0,20.0,0.0,22.0,101.9,mechanical,MEDIUM,0
ISP,2021,11,1,0,0,52.5,0.0,,8.1,17.0,20.0,0.0,22.0,101.2,mechanical,MEDIUM,0
ISP,2021,12,0,0,0,12.6,0.0,,10.0,17.0,20.0,3.0,22.0,102.1,mechanical,MEDIUM,0
ISP,2022,1,0,0,0,69.85,24.8,1.0,10.4,17.0,18.0,10.0,30.0,97.6,mechanical,MEDIUM,0
ISP,2022,2,0,0,0,53.0,14.04,,8.8,17.0,18.0,7.0,30.0,94.4,mechanical,MEDIUM,0
ISP,2022,3,4,2,0,6.0,5.65,,10.7,19.0,21.0,10.0,30.0,93.7,mechanical,MEDIUM,0
ISP,2022,4,18,6,0,22.0,0.69,,7.0,18.0,19.0,10.0,30.0,90.5,mechanical,MEDIUM,0
ISP,2022,5,27,22,0,,,,8.3,19.0,21.0,7.0,30.0,93.2,mechanical,MEDIUM,0
ISP,2022,6,30,30,0,,,,7.6,20.0,22.0,7.0,30.0,106.4,mechanical,MEDIUM,0
ISP,2022,7,31,31,0,54.25,5.5,,5.7,23.0,24.0,14.0,26.0,112.0,mechanical,MEDIUM,0
ISP,2022,8,31,30,0,38.25,14.71,,8.4,22.0,24.0,11.0,26.0,116.4,mechanical,MEDIUM,0
ISP,2022,9,30,28,0,44.75,8.04,,11.1,20.0,22.0,11.0,26.0,117.8,mechanical,MEDIUM,0
ISP,2022,10,17,13,0,19.15,3.44,,7.6,18.0,20.0,10.0,16.0,119.5,mechanical,MEDIUM,0
ISP,2022,11,0,0,0,80.1,0.0,,13.7,20.0,22.0,10.0,16.0,117.2,mechanical,MEDIUM,0
ISP,2022,12,0,0,0,34.6,5.29,,9.3,20.0,21.0,17.0,16.0,116.7,mechanical,MEDIUM,0
ISP,2023,1,0,0,0,20.6,16.01,,11.0,21.0,22.0,17.0,16.0,118.2,mechanical,MEDIUM,0
ISP,2023,2,0,0,0,46.85,0.03,,8.6,20.0,21.0,14.0,16.0,119.1,mechanical,MEDIUM,0
ISP,2023,3,0,0,0,52.15,0.05,,2.7,20.0,21.0,17.0,16.0,122.5,mechanical,MEDIUM,0
ISP,2023,4,16,9,0,40.25,2.16,,2.7,21.0,21.0,21.0,16.0,135.8,mechanical,MEDIUM,0
ISP,2023,5,24,18,0,,,,0.8,21.0,21.0,23.0,16.0,144.5,mechanical,MEDIUM,0
ISP,2023,6,29,25,0,,,,5.6,23.0,25.0,17.0,16.0,145.3,mechanical,MEDIUM,0
ISP,2023,7,31,31,7,65.0,1.3,1.0,9.5,26.0,27.0,20.0,20.0,141.0,mechanical,MEDIUM,0
ISP,2023,8,30,28,2,28.6,0.0,,10.9,25.0,27.0,17.0,20.0,140.6,mechanical,MEDIUM,0
ISP,2023,9,29,27,0,13.75,0.0,,14.6,25.0,27.0,13.0,30.0,141.5,mechanical,MEDIUM,0
ISP,2023,10,17,15,0,792.0,0.0,,9.0,24.0,27.0,10.0,30.0,138.7,mechanical,MEDIUM,0
ISP,2023,11,2,0,0,805.0,0.0,,8.6,22.0,24.0,6.0,40.0,141.8,mechanical,MEDIUM,0
ISP,2023,12,0,0,0,0.0,0.0,,12.5,22.0,25.0,6.0,30.0,138.7,mechanical,MEDIUM,0
ISP,2024,1,0,0,0,0.0,0.0,,9.5,22.0,25.0,3.0,33.0,115.1,mechanical,MEDIUM,0
ISP,2024,2,0,0,0,0.0,4.01,,9.1,21.0,24.0,3.0,33.0,118.2,mechanical,MEDIUM,0
ISP,2024,3,0,0,0,0.0,0.0,,18.7,21.0,24.0,6.0,33.0,133.3,mechanical,MEDIUM,1
ISP,2024,4,15,10,0,0.0,0.0,,19.4,22.0,24.0,10.0,33.0,149.2,mechanical,MEDIUM,1
ISP,2024,5,27,19,0,,,,14.4,22.0,22.0,16.0,33.0,144.8,mechanical,MEDIUM,1
ISP,2024,6,30,30,0,,,,18.6,14.0,15.0,6.0,30.0,143.0,mechanical,MEDIUM,1
ISP,2024,7,31,31,6,0.0,0.0,,13.8,15.0,14.0,13.0,27.0,138.6,mechanical,MEDIUM,1
ISP,2024,8,31,31,1,0.0,0.0,,6.6,16.0,16.0,9.0,27.0,134.3,mechanical,MEDIUM,1
ISP,2024,9,29,24,0,0.0,0.0,,11.8,18.0,20.0,9.0,18.0,134.0,mechanical,MEDIUM,1
ISP,2024,10,22,19,0,0.0,0.0,,17.3,17.0,19.0,6.0,18.0,132.8,mechanical,MEDIUM,1
ISP,2024,11,0,0,0,0.0,0.0,,15.9,13.0,14.0,6.0,18.0,134.3,mechanical,MEDIUM,1
ISP,2024,12,0,0,0,14.0,0.0,,18.4,12.0,13.0,9.0,18.0,132.6,mechanical,MEDIUM,1
ISP,2025,1,0,0,0,0.0,0.0,,11.4,16.0,17.0,9.0,22.0,127.9,mechanical,MEDIUM,1
ISP,2025,2,4,1,0,0.0,0.0,,13.5,15.0,16.0,6.0,22.0,118.2,mechanical,MEDIUM,1
ISP,2025,3,5,3,0,0.0,0.0,,9.7,16.0,17.0,6.0,22.0,113.9,mechanical,MEDIUM,1
ISP,2025,4,15,5,0,0.0,0.0,,11.2,15.0,17.0,6.0,22.0,118.8,mechanical,MEDIUM,1
ISP,2025,5,25,20,0,,,,10.0,15.0,16.0,6.0,22.0,118.7,mechanical,MEDIUM,1
ISP,2025,6,30,29,0,,,,9.1,12.0,15.0,3.0,4.0,120.0,mechanical,MEDIUM,1
ISP,2025,7,31,31,1,,,,6.7,13.0,14.0,3.0,13.0,122.2,mechanical,MEDIUM,1
ISP,2025,8,31,31,1,,,,16.2,15.0,17.0,3.0,13.0,123.3,mechanical,MEDIUM,1
ISP,2025,9,27,22,0,,,,15.9,15.0,15.0,13.0,13.0,128.8,mechanical,MEDIUM,1
ISP,2025,10,19,4,0,,,,11.6,15.0,14.0,19.0,13.0,131.9,mechanical,MEDIUM,1
ISP,2025,11,5,0,0,,,,12.9,15.0,15.0,19.0,13.0,135.1,mechanical,MEDIUM,1
ISP,2025,12,0,0,0,,,,15.3,16.0,15.0,22.0,13.0,143.7,mechanical,MEDIUM,1
KVSP,2016,1,0,0,0,,,,,,,,,161.6,mixed_ventilation_only,MAXIMUM,0
KVSP,2016,2,0,0,0,,,,,,,,,160.6,mixed_ventilation_only,MAXIMUM,0
KVSP,2016,3,0,0,0,,,,,,,,,160.9,mixed_ventilation_only,MAXIMUM,0
KVSP,2016,4,3,0,0,,,,,,,,,162.2,mixed_ventilation_only,MAXIMUM,0
KVSP,2016,5,12,6,0,,,,,,,,,164.5,mixed_ventilation_only,MAXIMUM,0
KVSP,2016,6,23,19,2,,,,,,,,,161.8,mixed_ventilation_only,MAXIMUM,0
KVSP,2016,7,30,28,5,,,,,,,,,159.7,mixed_ventilation_only,MAXIMUM,0
KVSP,2016,8,31,28,0,,,,,,,,,158.9,mixed_ventilation_only,MAXIMUM,0
KVSP,2016,9,22,13,0,,,,,,,,,159.5,mixed_ventilation_only,MAXIMUM,0
KVSP,2016,10,1,0,0,,,,,,,,,158.4,mixed_ventilation_only,MAXIMUM,0
KVSP,2016,11,0,0,0,,,,,,,,,153.3,mixed_ventilation_only,MAXIMUM,0
KVSP,2016,12,0,0,0,,,,,,,,,151.3,mixed_ventilation_only,MAXIMUM,0
KVSP,2017,1,0,0,0,,,,20.7,11.0,5.0,0.0,31.0,153.4,mixed_ventilation_only,MAXIMUM,0
KVSP,2017,2,0,0,0,,,,18.2,20.0,5.0,54.0,30.0,154.1,mixed_ventilation_only,MAXIMUM,0
KVSP,2017,3,0,0,0,,,,19.1,10.0,3.0,3.0,32.0,151.5,mixed_ventilation_only,MAXIMUM,0
KVSP,2017,4,0,0,0,,,,15.4,11.0,4.0,3.0,32.0,151.1,mixed_ventilation_only,MAXIMUM,0
KVSP,2017,5,12,5,0,,,,19.4,12.0,6.0,3.0,31.0,151.7,mixed_ventilation_only,MAXIMUM,0
KVSP,2017,6,23,16,0,,,,15.2,12.0,8.0,3.0,30.0,150.0,mixed_ventilation_only,MAXIMUM,0
KVSP,2017,7,31,31,0,,,,17.3,16.0,13.0,0.0,32.0,148.4,mixed_ventilation_only,MAXIMUM,0
KVSP,2017,8,30,27,2,,,,17.6,16.0,14.0,0.0,30.0,148.7,mixed_ventilation_only,MAXIMUM,0
KVSP,2017,9,15,9,1,,,,18.7,16.0,14.0,0.0,29.0,151.2,mixed_ventilation_only,MAXIMUM,0
KVSP,2017,10,1,0,0,,,,26.8,16.0,14.0,0.0,28.0,151.2,mixed_ventilation_only,MAXIMUM,0
KVSP,2017,11,0,0,0,,,,23.6,14.0,9.0,0.0,33.0,152.2,mixed_ventilation_only,MAXIMUM,0
KVSP,2017,12,0,0,0,,,,21.4,14.0,9.0,0.0,33.0,151.0,mixed_ventilation_only,MAXIMUM,0
KVSP,2018,1,0,0,0,,,,22.4,13.0,8.0,3.0,29.0,146.7,mixed_ventilation_only,MAXIMUM,0
KVSP,2018,2,0,0,0,,,,19.6,11.0,9.0,3.0,21.0,140.5,mixed_ventilation_only,MAXIMUM,0
KVSP,2018,3,0,0,0,,,,22.7,11.0,8.0,3.0,25.0,140.9,mixed_ventilation_only,MAXIMUM,0
KVSP,2018,4,2,0,0,,,,32.4,10.0,8.0,0.0,23.0,140.0,mixed_ventilation_only,MAXIMUM,0
KVSP,2018,5,3,1,0,,,,29.9,11.0,9.0,0.0,22.0,140.6,mixed_ventilation_only,MAXIMUM,0
KVSP,2018,6,20,15,0,,,,23.7,11.0,10.0,0.0,20.0,146.4,mixed_ventilation_only,MAXIMUM,0
KVSP,2018,7,31,29,0,,,,17.5,10.0,8.0,6.0,17.0,146.2,mixed_ventilation_only,MAXIMUM,0
KVSP,2018,8,29,22,0,,,,19.7,11.0,9.0,3.0,20.0,150.8,mixed_ventilation_only,MAXIMUM,0
KVSP,2018,9,21,14,0,,,,23.9,9.0,5.0,3.0,24.0,149.1,mixed_ventilation_only,MAXIMUM,0
KVSP,2018,10,0,0,0,,,,25.9,11.0,6.0,3.0,27.0,150.4,mixed_ventilation_only,MAXIMUM,0
KVSP,2018,11,0,0,0,,,,38.0,10.0,6.0,3.0,26.0,151.6,mixed_ventilation_only,MAXIMUM,0
KVSP,2018,12,0,0,0,,,,29.9,9.0,5.0,0.0,24.0,153.1,mixed_ventilation_only,MAXIMUM,0
KVSP,2019,1,0,0,0,,,,24.7,9.0,6.0,0.0,22.0,151.3,mixed_ventilation_only,MAXIMUM,0
KVSP,2019,2,0,0,0,,,,29.2,12.0,9.0,0.0,26.0,151.1,mixed_ventilation_only,MAXIMUM,0
KVSP,2019,3,0,0,0,,,,25.5,13.0,10.0,0.0,29.0,151.8,mixed_ventilation_only,MAXIMUM,0
KVSP,2019,4,3,0,0,,,,29.8,14.0,10.0,3.0,29.0,150.3,mixed_ventilation_only,MAXIMUM,0
KVSP,2019,5,0,0,0,,,,27.3,12.0,9.0,0.0,28.0,148.9,mixed_ventilation_only,MAXIMUM,0
KVSP,2019,6,25,12,0,,,,21.7,11.0,6.0,0.0,32.0,147.2,mixed_ventilation_only,MAXIMUM,0
KVSP,2019,7,31,22,0,,,,32.8,15.0,10.0,3.0,33.0,145.8,mixed_ventilation_only,MAXIMUM,0
KVSP,2019,8,30,22,0,,,,31.8,14.0,13.0,0.0,22.0,146.4,mixed_ventilation_only,MAXIMUM,0
KVSP,2019,9,15,12,0,,,,33.2,14.0,12.0,3.0,24.0,145.2,mixed_ventilation_only,MAXIMUM,0
KVSP,2019,10,0,0,0,,,,30.0,14.0,13.0,3.0,22.0,146.0,mixed_ventilation_only,MAXIMUM,0
KVSP,2019,11,0,0,0,,,,26.6,13.0,12.0,3.0,22.0,147.8,mixed_ventilation_only,MAXIMUM,0
KVSP,2019,12,0,0,0,,,,36.1,12.0,10.0,0.0,25.0,146.6,mixed_ventilation_only,MAXIMUM,0
KVSP,2020,1,0,0,0,,,,33.5,11.0,9.0,0.0,25.0,145.1,mixed_ventilation_only,MAXIMUM,0
KVSP,2020,2,0,0,0,,,,33.3,12.0,10.0,0.0,27.0,143.5,mixed_ventilation_only,MAXIMUM,0
KVSP,2020,3,0,0,0,,,,34.8,12.0,9.0,0.0,30.0,147.1,mixed_ventilation_only,MAXIMUM,0
KVSP,2020,4,2,0,0,,,,25.7,13.0,9.0,0.0,31.0,144.4,mixed_ventilation_only,MAXIMUM,0
KVSP,2020,5,8,6,0,,,,28.7,13.0,9.0,0.0,31.0,148.9,mixed_ventilation_only,MAXIMUM,0
KVSP,2020,6,18,12,0,,,,28.7,14.0,10.0,0.0,34.0,151.1,mixed_ventilation_only,MAXIMUM,0
KVSP,2020,7,31,28,0,,,,35.1,14.0,12.0,0.0,30.0,146.2,mixed_ventilation_only,MAXIMUM,0
KVSP,2020,8,30,28,1,,,,22.6,14.0,11.0,3.0,30.0,143.8,mixed_ventilation_only,MAXIMUM,0
KVSP,2020,9,19,8,0,,,,21.4,15.0,12.0,3.0,32.0,143.6,mixed_ventilation_only,MAXIMUM,0
KVSP,2020,10,6,1,0,,,,25.6,14.0,12.0,3.0,29.0,148.0,mixed_ventilation_only,MAXIMUM,0
KVSP,2020,11,0,0,0,,,,22.6,17.0,13.0,3.0,34.0,148.8,mixed_ventilation_only,MAXIMUM,0
KVSP,2020,12,0,0,0,,,,13.7,15.0,12.0,3.0,31.0,147.8,mixed_ventilation_only,MAXIMUM,0
KVSP,2021,1,0,0,0,,,,15.4,14.0,10.0,3.0,31.0,148.2,mixed_ventilation_only,MAXIMUM,0
KVSP,2021,2,0,0,0,,,,16.5,13.0,8.0,6.0,30.0,148.3,mixed_ventilation_only,MAXIMUM,0
KVSP,2021,3,0,0,0,,,,16.4,14.0,9.0,6.0,31.0,148.6,mixed_ventilation_only,MAXIMUM,0
KVSP,2021,4,1,0,0,,,,21.4,14.0,10.0,6.0,31.0,146.4,mixed_ventilation_only,MAXIMUM,0
KVSP,2021,5,9,4,0,,,,18.9,15.0,10.0,9.0,31.0,142.9,mixed_ventilation_only,MAXIMUM,0
KVSP,2021,6,24,21,3,,,,17.6,15.0,10.0,3.0,37.0,140.8,mixed_ventilation_only,MAXIMUM,0
KVSP,2021,7,31,30,5,253.65,0.0,,20.3,16.0,10.0,6.0,39.0,140.0,mixed_ventilation_only,MAXIMUM,0
KVSP,2021,8,27,24,0,237.25,1.54,,18.3,17.0,11.0,6.0,39.0,140.4,mixed_ventilation_only,MAXIMUM,0
KVSP,2021,9,19,15,1,383.55,5.04,,23.2,17.0,12.0,6.0,35.0,139.5,mixed_ventilation_only,MAXIMUM,0
KVSP,2021,10,3,0,0,348.8,2.52,1.0,21.8,14.0,10.0,3.0,30.0,139.3,mixed_ventilation_only,MAXIMUM,0
KVSP,2021,11,0,0,0,291.55,3.21,1.0,24.0,14.0,12.0,0.0,27.0,138.3,mixed_ventilation_only,MAXIMUM,0
KVSP,2021,12,0,0,0,206.25,1.86,,24.7,15.0,14.0,0.0,27.0,137.4,mixed_ventilation_only,MAXIMUM,0
KVSP,2022,1,0,0,0,253.58,23.2,,22.6,12.0,10.0,-3.0,23.0,135.0,mixed_ventilation_only,MAXIMUM,0
KVSP,2022,2,0,0,0,251.45,14.02,,20.4,12.0,11.0,-3.0,21.0,135.9,mixed_ventilation_only,MAXIMUM,0
KVSP,2022,3,0,0,0,230.4,0.22,,21.8,12.0,11.0,-3.0,24.0,132.8,mixed_ventilation_only,MAXIMUM,0
KVSP,2022,4,2,0,0,256.65,2.9,,17.8,13.0,13.0,-3.0,20.0,130.5,mixed_ventilation_only,MAXIMUM,0
KVSP,2022,5,8,3,0,,,,20.7,15.0,16.0,-3.0,21.0,125.8,mixed_ventilation_only,MAXIMUM,0
KVSP,2022,6,21,13,0,,,,15.3,15.0,15.0,0.0,20.0,121.4,mixed_ventilation_only,MAXIMUM,0
KVSP,2022,7,29,25,1,267.98,0.0,1.0,23.8,19.0,20.0,6.0,24.0,118.8,mixed_ventilation_only,MAXIMUM,0
KVSP,2022,8,31,30,0,188.24,1.62,,22.4,25.0,28.0,6.0,26.0,115.1,mixed_ventilation_only,MAXIMUM,0
KVSP,2022,9,20,14,4,196.39,4.76,,24.5,24.0,26.0,9.0,26.0,106.9,mixed_ventilation_only,MAXIMUM,0
KVSP,2022,10,8,0,0,221.8,18.27,,28.2,21.0,21.0,12.0,26.0,103.8,mixed_ventilation_only,MAXIMUM,0
KVSP,2022,11,0,0,0,314.25,0.0,,28.7,21.0,21.0,12.0,24.0,100.7,mixed_ventilation_only,MAXIMUM,0
KVSP,2022,12,0,0,0,150.25,0.0,,31.7,20.0,21.0,12.0,21.0,98.8,mixed_ventilation_only,MAXIMUM,0
KVSP,2023,1,0,0,0,231.25,3.21,,30.6,18.0,22.0,9.0,8.0,99.3,mixed_ventilation_only,MAXIMUM,0
KVSP,2023,2,0,0,0,215.4,0.0,,28.8,17.0,19.0,12.0,10.0,98.9,mixed_ventilation_only,MAXIMUM,0
KVSP,2023,3,0,0,0,150.4,3.02,,24.5,16.0,19.0,6.0,14.0,103.1,mixed_ventilation_only,MAXIMUM,0
KVSP,2023,4,2,0,0,249.8,2.07,,21.3,15.0,17.0,3.0,14.0,106.9,mixed_ventilation_only,MAXIMUM,0
KVSP,2023,5,10,4,0,,,,22.1,15.0,18.0,3.0,12.0,110.0,mixed_ventilation_only,MAXIMUM,0
KVSP,2023,6,10,3,0,,,,24.2,14.0,16.0,3.0,12.0,111.4,mixed_ventilation_only,MAXIMUM,0
KVSP,2023,7,30,26,2,279.35,0.0,,27.4,15.0,14.0,0.0,25.0,114.2,mixed_ventilation_only,MAXIMUM,0
KVSP,2023,8,27,21,0,182.25,1.55,,31.7,16.0,15.0,3.0,27.0,115.0,mixed_ventilation_only,MAXIMUM,0
KVSP,2023,9,13,4,0,206.4,1.7,,26.4,15.0,14.0,6.0,25.0,116.3,mixed_ventilation_only,MAXIMUM,0
KVSP,2023,10,5,2,0,700.0,3.11,,34.0,15.0,14.0,3.0,25.0,117.3,mixed_ventilation_only,MAXIMUM,0
KVSP,2023,11,0,0,0,457.5,0.0,,33.1,13.0,11.0,3.0,25.0,117.1,mixed_ventilation_only,MAXIMUM,0
KVSP,2023,12,0,0,0,367.0,1.54,,35.9,11.0,10.0,3.0,16.0,119.0,mixed_ventilation_only,MAXIMUM,0
KVSP,2024,1,0,0,0,296.75,1.06,,28.0,19.0,16.0,3.0,32.0,119.6,mixed_ventilation_only,MAXIMUM,0
KVSP,2024,2,0,0,0,232.5,2.78,,30.9,19.0,17.0,0.0,33.0,122.3,mixed_ventilation_only,MAXIMUM,0
KVSP,2024,3,0,0,0,368.5,1.22,,29.9,19.0,18.0,0.0,31.0,128.0,mixed_ventilation_only,MAXIMUM,0
KVSP,2024,4,1,0,0,329.0,0.0,,29.2,21.0,19.0,6.0,32.0,130.6,mixed_ventilation_only,MAXIMUM,0
KVSP,2024,5,14,3,0,,,,40.0,19.0,18.0,6.0,28.0,136.4,mixed_ventilation_only,MAXIMUM,0
KVSP,2024,6,27,18,1,,,,37.5,19.0,14.0,6.0,37.0,133.5,mixed_ventilation_only,MAXIMUM,0
KVSP,2024,7,31,30,7,467.25,1.44,,40.5,17.0,13.0,3.0,29.0,131.5,mixed_ventilation_only,MAXIMUM,0
KVSP,2024,8,28,22,1,489.75,0.0,,44.0,17.0,14.0,3.0,29.0,129.2,mixed_ventilation_only,MAXIMUM,0
KVSP,2024,9,20,13,0,564.25,2.9,,38.7,18.0,14.0,3.0,30.0,145.5,mixed_ventilation_only,MAXIMUM,0
KVSP,2024,10,9,8,0,344.5,3.08,,35.3,18.0,15.0,3.0,29.0,146.4,mixed_ventilation_only,MAXIMUM,0
KVSP,2024,11,0,0,0,377.25,5.25,,45.3,17.0,14.0,3.0,29.0,148.9,mixed_ventilation_only,MAXIMUM,0
KVSP,2024,12,0,0,0,475.5,1.74,,42.0,18.0,14.0,3.0,31.0,151.5,mixed_ventilation_only,MAXIMUM,0
KVSP,2025,1,0,0,0,403.25,5.66,,41.0,22.0,18.0,3.0,37.0,130.0,mixed_ventilation_only,MAXIMUM,0
KVSP,2025,2,0,0,0,430.0,1.55,,47.3,22.0,19.0,3.0,37.0,128.8,mixed_ventilation_only,MAXIMUM,0
KVSP,2025,3,0,0,0,580.0,20.13,,43.5,22.0,19.0,3.0,37.0,125.5,mixed_ventilation_only,MAXIMUM,0
KVSP,2025,4,0,0,0,425.5,5.67,,32.9,22.0,19.0,6.0,37.0,127.1,mixed_ventilation_only,MAXIMUM,0
KVSP,2025,5,9,4,0,,,,38.4,23.0,19.0,6.0,38.0,127.2,mixed_ventilation_only,MAXIMUM,0
KVSP,2025,6,26,17,0,,,,51.7,21.0,16.0,13.0,37.0,129.1,mixed_ventilation_only,MAXIMUM,0
KVSP,2025,7,30,22,0,,,,29.8,22.0,14.0,9.0,42.0,127.8,mixed_ventilation_only,MAXIMUM,0
KVSP,2025,8,31,25,0,,,,32.0,23.0,15.0,13.0,42.0,125.0,mixed_ventilation_only,MAXIMUM,0
KVSP,2025,9,18,8,0,,,,36.7,22.0,14.0,9.0,42.0,117.8,mixed_ventilation_only,MAXIMUM,0
KVSP,2025,10,0,0,0,,,,31.2,20.0,13.0,9.0,38.0,119.2,mixed_ventilation_only,MAXIMUM,0
KVSP,2025,11,0,0,0,,,,36.4,21.0,14.0,9.0,39.0,125.4,mixed_ventilation_only,MAXIMUM,0
KVSP,2025,12,0,0,0,,,,38.8,21.0,14.0,9.0,40.0,132.7,mixed_ventilation_only,MAXIMUM,0
LAC,2016,1,0,0,0,,,,,,,,,154.3,mixed_evaporative,MAXIMUM,0
LAC,2016,2,0,0,0,,,,,,,,,152.2,mixed_evaporative,MAXIMUM,0
LAC,2016,3,0,0,0,,,,,,,,,153.9,mixed_evaporative,MAXIMUM,0
LAC,2016,4,0,0,0,,,,,,,,,154.4,mixed_evaporative,MAXIMUM,0
LAC,2016,5,6,2,0,,,,,,,,,153.1,mixed_evaporative,MAXIMUM,0
LAC,2016,6,24,22,6,,,,,,,,,153.4,mixed_evaporative,MAXIMUM,0
LAC,2016,7,31,28,6,,,,,,,,,152.3,mixed_evaporative,MAXIMUM,0
LAC,2016,8,31,26,0,,,,,,,,,149.7,mixed_evaporative,MAXIMUM,0
LAC,2016,9,17,7,0,,,,,,,,,148.4,mixed_evaporative,MAXIMUM,0
LAC,2016,10,0,0,0,,,,,,,,,141.7,mixed_evaporative,MAXIMUM,0
LAC,2016,11,0,0,0,,,,,,,,,144.0,mixed_evaporative,MAXIMUM,0
LAC,2016,12,0,0,0,,,,,,,,,145.9,mixed_evaporative,MAXIMUM,0
LAC,2017,1,0,0,0,,,,20.8,12.0,10.0,3.0,20.0,148.9,mixed_evaporative,MAXIMUM,0
LAC,2017,2,0,0,0,,,,27.2,12.0,9.0,11.0,18.0,148.3,mixed_evaporative,MAXIMUM,0
LAC,2017,3,0,0,0,,,,28.4,11.0,10.0,3.0,16.0,148.8,mixed_evaporative,MAXIMUM,0
LAC,2017,4,1,0,0,,,,28.0,11.0,9.0,6.0,16.0,143.2,mixed_evaporative,MAXIMUM,0
LAC,2017,5,12,6,0,,,,24.9,10.0,9.0,6.0,14.0,144.3,mixed_evaporative,MAXIMUM,0
LAC,2017,6,23,22,7,,,,24.5,9.0,7.0,6.0,14.0,145.9,mixed_evaporative,MAXIMUM,0
LAC,2017,7,31,30,6,,,,30.6,14.0,16.0,6.0,11.0,146.9,mixed_evaporative,MAXIMUM,0
LAC,2017,8,28,27,4,,,,24.9,14.0,17.0,6.0,9.0,148.7,mixed_evaporative,MAXIMUM,0
LAC,2017,9,13,7,1,,,,25.1,14.0,16.0,3.0,11.0,149.2,mixed_evaporative,MAXIMUM,0
LAC,2017,10,3,0,0,,,,26.7,15.0,17.0,3.0,12.0,149.0,mixed_evaporative,MAXIMUM,0
LAC,2017,11,0,0,0,,,,25.9,13.0,12.0,6.0,15.0,146.5,mixed_evaporative,MAXIMUM,0
LAC,2017,12,0,0,0,,,,34.9,13.0,12.0,6.0,15.0,146.9,mixed_evaporative,MAXIMUM,0
LAC,2018,1,0,0,0,,,,30.1,12.0,13.0,3.0,12.0,145.4,mixed_evaporative,MAXIMUM,0
LAC,2018,2,0,0,0,,,,25.1,11.0,12.0,0.0,10.0,142.3,mixed_evaporative,MAXIMUM,0
LAC,2018,3,0,0,0,,,,22.6,13.0,13.0,0.0,13.0,139.7,mixed_evaporative,MAXIMUM,0
LAC,2018,4,0,0,0,,,,29.9,12.0,12.0,0.0,13.0,140.3,mixed_evaporative,MAXIMUM,0
LAC,2018,5,6,2,0,,,,34.6,13.0,13.0,0.0,15.0,137.9,mixed_evaporative,MAXIMUM,0
LAC,2018,6,21,17,0,,,,22.9,13.0,12.0,0.0,15.0,135.6,mixed_evaporative,MAXIMUM,0
LAC,2018,7,31,29,10,,,,25.8,11.0,14.0,3.0,5.0,136.9,mixed_evaporative,MAXIMUM,0
LAC,2018,8,30,21,1,,,,19.8,11.0,14.0,6.0,6.0,138.2,mixed_evaporative,MAXIMUM,0
LAC,2018,9,25,12,0,,,,33.8,10.0,11.0,6.0,8.0,137.6,mixed_evaporative,MAXIMUM,0
LAC,2018,10,0,0,0,,,,31.1,8.0,8.0,6.0,10.0,137.9,mixed_evaporative,MAXIMUM,0
LAC,2018,11,0,0,0,,,,45.6,9.0,8.0,6.0,10.0,137.0,mixed_evaporative,MAXIMUM,0
LAC,2018,12,0,0,0,,,,36.0,8.0,7.0,9.0,10.0,136.7,mixed_evaporative,MAXIMUM,0
LAC,2019,1,0,0,0,,,,33.8,7.0,7.0,0.0,10.0,136.1,mixed_evaporative,MAXIMUM,0
LAC,2019,2,0,0,0,,,,26.8,11.0,8.0,3.0,21.0,135.5,mixed_evaporative,MAXIMUM,0
LAC,2019,3,0,0,0,,,,31.4,11.0,7.0,3.0,19.0,136.3,mixed_evaporative,MAXIMUM,0
LAC,2019,4,3,0,0,,,,27.6,9.0,6.0,3.0,17.0,139.1,mixed_evaporative,MAXIMUM,0
LAC,2019,5,0,0,0,,,,27.2,9.0,6.0,3.0,17.0,138.8,mixed_evaporative,MAXIMUM,0
LAC,2019,6,24,9,0,,,,26.4,11.0,8.0,3.0,17.0,139.4,mixed_evaporative,MAXIMUM,0
LAC,2019,7,28,19,2,,,,25.6,12.0,12.0,6.0,14.0,138.0,mixed_evaporative,MAXIMUM,0
LAC,2019,8,31,25,0,,,,29.7,11.0,13.0,6.0,11.0,137.3,mixed_evaporative,MAXIMUM,0
LAC,2019,9,13,10,0,,,,30.3,16.0,19.0,6.0,11.0,135.6,mixed_evaporative,MAXIMUM,0
LAC,2019,10,1,0,0,,,,35.5,13.0,15.0,6.0,9.0,135.8,mixed_evaporative,MAXIMUM,0
LAC,2019,11,0,0,0,,,,33.9,13.0,14.0,6.0,13.0,136.4,mixed_evaporative,MAXIMUM,0
LAC,2019,12,0,0,0,,,,32.8,13.0,14.0,6.0,14.0,138.8,mixed_evaporative,MAXIMUM,0
LAC,2020,1,0,0,0,,,,37.4,13.0,13.0,6.0,14.0,140.0,mixed_evaporative,MAXIMUM,0
LAC,2020,2,0,0,0,,,,31.3,9.0,9.0,3.0,10.0,139.1,mixed_evaporative,MAXIMUM,0
LAC,2020,3,0,0,0,,,,22.9,11.0,12.0,3.0,11.0,140.0,mixed_evaporative,MAXIMUM,0
LAC,2020,4,4,1,0,,,,22.9,12.0,12.0,3.0,13.0,137.3,mixed_evaporative,MAXIMUM,0
LAC,2020,5,12,4,0,,,,33.5,11.0,10.0,9.0,14.0,136.9,mixed_evaporative,MAXIMUM,0
LAC,2020,6,19,14,0,,,,27.4,10.0,9.0,9.0,14.0,134.8,mixed_evaporative,MAXIMUM,0
LAC,2020,7,30,25,2,,,,28.8,13.0,9.0,9.0,21.0,133.4,mixed_evaporative,MAXIMUM,0
LAC,2020,8,30,28,7,,,,25.2,13.0,9.0,9.0,21.0,131.1,mixed_evaporative,MAXIMUM,0
LAC,2020,9,27,15,4,,,,29.1,12.0,8.0,9.0,20.0,128.7,mixed_evaporative,MAXIMUM,0
LAC,2020,10,14,4,0,,,,35.6,12.0,9.0,9.0,20.0,122.0,mixed_evaporative,MAXIMUM,0
LAC,2020,11,0,0,0,,,,29.5,12.0,9.0,9.0,21.0,119.1,mixed_evaporative,MAXIMUM,0
LAC,2020,12,0,0,0,,,,20.9,12.0,10.0,9.0,19.0,117.6,mixed_evaporative,MAXIMUM,0
LAC,2021,1,0,0,0,,,,20.8,10.0,10.0,9.0,13.0,116.5,mixed_evaporative,MAXIMUM,0
LAC,2021,2,0,0,0,,,,22.6,11.0,10.0,11.0,14.0,0.0,mixed_evaporative,MAXIMUM,0
LAC,2021,3,0,0,0,,,,29.6,13.0,12.0,6.0,18.0,115.9,mixed_evaporative,MAXIMUM,0
LAC,2021,4,2,1,0,,,,32.8,11.0,10.0,9.0,14.0,118.3,mixed_evaporative,MAXIMUM,0
LAC,2021,5,8,2,0,,,,23.3,11.0,10.0,11.0,16.0,119.7,mixed_evaporative,MAXIMUM,0
LAC,2021,6,25,21,7,,,,21.7,12.0,9.0,3.0,21.0,118.7,mixed_evaporative,MAXIMUM,0
LAC,2021,7,30,30,4,291.95,0.0,,28.6,15.0,12.0,6.0,23.0,117.2,mixed_evaporative,MAXIMUM,0
LAC,2021,8,27,23,4,303.8,0.0,,25.2,15.0,12.0,6.0,25.0,117.6,mixed_evaporative,MAXIMUM,0
LAC,2021,9,21,12,0,341.55,0.0,,24.5,14.0,12.0,3.0,23.0,119.5,mixed_evaporative,MAXIMUM,0
LAC,2021,10,1,0,0,438.45,0.0,,21.0,14.0,13.0,0.0,22.0,119.8,mixed_evaporative,MAXIMUM,0
LAC,2021,11,0,0,0,737.85,1.45,,25.3,13.0,13.0,0.0,18.0,118.8,mixed_evaporative,MAXIMUM,0
LAC,2021,12,0,0,0,336.95,0.0,,25.9,12.0,12.0,0.0,17.0,120.5,mixed_evaporative,MAXIMUM,0
LAC,2022,1,0,0,0,356.72,27.0,,24.5,15.0,13.0,3.0,21.0,119.7,mixed_evaporative,MAXIMUM,0
LAC,2022,2,0,0,0,343.3,12.11,1.0,28.8,14.0,12.0,6.0,20.0,119.1,mixed_evaporative,MAXIMUM,0
LAC,2022,3,0,0,0,445.2,0.0,,29.6,15.0,14.0,3.0,20.0,119.3,mixed_evaporative,MAXIMUM,0
LAC,2022,4,1,0,0,520.75,0.0,1.0,31.2,15.0,13.0,3.0,22.0,114.8,mixed_evaporative,MAXIMUM,0
LAC,2022,5,8,3,0,,,,27.5,14.0,13.0,-7.0,23.0,112.7,mixed_evaporative,MAXIMUM,0
LAC,2022,6,23,15,0,,,,25.8,15.0,13.0,-7.0,24.0,101.2,mixed_evaporative,MAXIMUM,0
LAC,2022,7,27,25,4,789.79,0.0,,26.1,21.0,19.0,3.0,29.0,101.0,mixed_evaporative,MAXIMUM,0
LAC,2022,8,31,30,2,598.61,0.0,,34.5,22.0,22.0,-3.0,28.0,102.0,mixed_evaporative,MAXIMUM,0
LAC,2022,9,18,15,7,799.0,0.0,,38.8,23.0,24.0,-3.0,28.0,102.3,mixed_evaporative,MAXIMUM,0
LAC,2022,10,9,1,0,538.85,0.0,,44.2,23.0,23.0,6.0,26.0,103.3,mixed_evaporative,MAXIMUM,0
LAC,2022,11,0,0,0,676.05,0.0,,46.4,21.0,20.0,6.0,27.0,105.3,mixed_evaporative,MAXIMUM,0
LAC,2022,12,0,0,0,659.9,0.0,1.0,34.6,21.0,19.0,9.0,28.0,107.5,mixed_evaporative,MAXIMUM,0
LAC,2023,1,0,0,0,572.0,0.0,,29.5,18.0,15.0,9.0,26.0,108.8,mixed_evaporative,MAXIMUM,0
LAC,2023,2,0,0,0,567.3,0.0,,26.2,17.0,14.0,9.0,26.0,109.3,mixed_evaporative,MAXIMUM,0
LAC,2023,3,0,0,0,551.87,0.0,,38.3,19.0,16.0,16.0,27.0,111.7,mixed_evaporative,MAXIMUM,0
LAC,2023,4,3,0,0,531.25,0.0,,28.2,18.0,15.0,13.0,27.0,111.7,mixed_evaporative,MAXIMUM,0
LAC,2023,5,11,3,0,,,,27.8,17.0,14.0,9.0,27.0,111.2,mixed_evaporative,MAXIMUM,0
LAC,2023,6,5,2,0,,,,36.6,18.0,15.0,9.0,27.0,112.5,mixed_evaporative,MAXIMUM,0
LAC,2023,7,31,25,12,768.1,0.0,,32.6,19.0,15.0,6.0,31.0,114.4,mixed_evaporative,MAXIMUM,0
LAC,2023,8,26,21,0,401.35,0.0,,35.3,19.0,15.0,6.0,32.0,113.1,mixed_evaporative,MAXIMUM,0
LAC,2023,9,11,4,0,632.75,0.0,2.0,41.1,19.0,15.0,3.0,32.0,113.5,mixed_evaporative,MAXIMUM,0
LAC,2023,10,6,0,0,1984.0,0.0,,34.6,20.0,16.0,6.0,31.0,116.5,mixed_evaporative,MAXIMUM,0
LAC,2023,11,0,0,0,2345.5,1.05,,35.8,18.0,14.0,6.0,31.0,121.3,mixed_evaporative,MAXIMUM,0
LAC,2023,12,0,0,0,2407.0,1.28,,37.2,18.0,14.0,6.0,28.0,122.1,mixed_evaporative,MAXIMUM,0
LAC,2024,1,0,0,0,2126.25,0.0,,35.4,22.0,16.0,6.0,38.0,125.8,mixed_evaporative,MAXIMUM,0
LAC,2024,2,0,0,0,1951.0,0.0,1.0,45.3,21.0,16.0,3.0,34.0,131.2,mixed_evaporative,MAXIMUM,0
LAC,2024,3,0,0,0,1627.25,2.64,1.0,33.0,23.0,18.0,6.0,40.0,136.9,mixed_evaporative,MAXIMUM,0
LAC,2024,4,0,0,0,990.5,1.81,,34.4,24.0,19.0,3.0,41.0,139.7,mixed_evaporative,MAXIMUM,0
LAC,2024,5,4,0,0,,,,27.2,25.0,21.0,6.0,38.0,139.3,mixed_evaporative,MAXIMUM,0
LAC,2024,6,26,16,0,,,,33.9,23.0,18.0,9.0,38.0,139.1,mixed_evaporative,MAXIMUM,0
LAC,2024,7,31,29,14,1130.75,0.76,2.0,31.5,24.0,18.0,12.0,38.0,140.3,mixed_evaporative,MAXIMUM,0
LAC,2024,8,27,25,1,953.52,0.0,,24.0,23.0,18.0,6.0,39.0,140.0,mixed_evaporative,MAXIMUM,0
LAC,2024,9,21,15,1,1262.0,1.93,,40.8,23.0,17.0,9.0,38.0,148.6,mixed_evaporative,MAXIMUM,0
LAC,2024,10,9,7,0,535.25,14.78,,35.8,23.0,16.0,12.0,41.0,150.8,mixed_evaporative,MAXIMUM,0
LAC,2024,11,0,0,0,805.75,0.0,,48.0,23.0,16.0,6.0,41.0,149.5,mixed_evaporative,MAXIMUM,0
LAC,2024,12,0,0,0,737.75,0.0,,39.4,23.0,16.0,9.0,41.0,145.0,mixed_evaporative,MAXIMUM,0
LAC,2025,1,0,0,0,701.5,1.05,,31.1,27.0,20.0,9.0,45.0,135.3,mixed_evaporative,MAXIMUM,0
LAC,2025,2,0,0,0,591.25,0.89,,29.5,27.0,23.0,6.0,42.0,136.7,mixed_evaporative,MAXIMUM,0
LAC,2025,3,0,0,0,556.25,16.39,,30.0,27.0,22.0,3.0,44.0,134.0,mixed_evaporative,MAXIMUM,0
LAC,2025,4,0,0,0,538.5,4.64,2.0,32.5,28.0,24.0,3.0,41.0,124.1,mixed_evaporative,MAXIMUM,0
LAC,2025,5,11,4,0,,,,28.1,27.0,23.0,3.0,40.0,116.8,mixed_evaporative,MAXIMUM,0
LAC,2025,6,23,17,0,,,,26.7,27.0,22.0,6.0,42.0,119.6,mixed_evaporative,MAXIMUM,0
LAC,2025,7,25,17,0,,,,32.4,20.0,17.0,6.0,28.0,125.1,mixed_evaporative,MAXIMUM,0
LAC,2025,8,31,25,0,,,,22.9,21.0,17.0,6.0,32.0,131.8,mixed_evaporative,MAXIMUM,0
LAC,2025,9,14,6,0,,,,22.9,20.0,16.0,6.0,32.0,134.1,mixed_evaporative,MAXIMUM,0
LAC,2025,10,0,0,0,,,,17.4,20.0,15.0,6.0,34.0,121.1,mixed_evaporative,MAXIMUM,0
LAC,2025,11,0,0,0,,,,19.4,21.0,17.0,6.0,35.0,126.7,mixed_evaporative,MAXIMUM,0
LAC,2025,12,0,0,0,,,,25.9,22.0,17.0,6.0,34.0,133.3,mixed_evaporative,MAXIMUM,0
MCSP,2016,1,0,0,0,,,,,,,,,164.8,mixed_evaporative,MAXIMUM,0
MCSP,2016,2,0,0,0,,,,,,,,,112.6,mixed_evaporative,MAXIMUM,0
MCSP,2016,3,0,0,0,,,,,,,,,86.0,mixed_evaporative,MAXIMUM,0
MCSP,2016,4,0,0,0,,,,,,,,,87.2,mixed_evaporative,MAXIMUM,0
MCSP,2016,5,5,1,0,,,,,,,,,94.2,mixed_evaporative,MAXIMUM,0
MCSP,2016,6,19,15,2,,,,,,,,,103.4,mixed_evaporative,MAXIMUM,0
MCSP,2016,7,23,15,5,,,,,,,,,106.0,mixed_evaporative,MAXIMUM,0
MCSP,2016,8,25,10,0,,,,,,,,,106.6,mixed_evaporative,MAXIMUM,0
MCSP,2016,9,13,4,0,,,,,,,,,106.7,mixed_evaporative,MAXIMUM,0
MCSP,2016,10,0,0,0,,,,,,,,,107.1,mixed_evaporative,MAXIMUM,0
MCSP,2016,11,0,0,0,,,,,,,,,107.2,mixed_evaporative,MAXIMUM,0
MCSP,2016,12,0,0,0,,,,,,,,,107.7,mixed_evaporative,MAXIMUM,0
MCSP,2017,1,0,0,0,,,,25.4,16.0,14.0,6.0,21.0,109.2,mixed_evaporative,MAXIMUM,0
MCSP,2017,2,0,0,0,,,,32.8,17.0,14.0,14.0,22.0,110.0,mixed_evaporative,MAXIMUM,0
MCSP,2017,3,0,0,0,,,,29.4,15.0,13.0,6.0,21.0,110.7,mixed_evaporative,MAXIMUM,0
MCSP,2017,4,0,0,0,,,,30.0,15.0,12.0,6.0,22.0,109.7,mixed_evaporative,MAXIMUM,0
MCSP,2017,5,5,2,0,,,,25.5,14.0,12.0,6.0,20.0,109.5,mixed_evaporative,MAXIMUM,0
MCSP,2017,6,18,9,6,,,,19.8,13.0,12.0,6.0,16.0,110.1,mixed_evaporative,MAXIMUM,0
MCSP,2017,7,31,27,5,,,,26.7,18.0,22.0,6.0,15.0,109.6,mixed_evaporative,MAXIMUM,0
MCSP,2017,8,27,17,5,,,,30.3,18.0,21.0,6.0,15.0,111.9,mixed_evaporative,MAXIMUM,0
MCSP,2017,9,13,6,3,,,,28.3,18.0,22.0,6.0,13.0,111.9,mixed_evaporative,MAXIMUM,0
MCSP,2017,10,0,0,0,,,,24.2,17.0,21.0,3.0,11.0,112.9,mixed_evaporative,MAXIMUM,0
MCSP,2017,11,0,0,0,,,,26.3,13.0,16.0,3.0,7.0,117.5,mixed_evaporative,MAXIMUM,0
MCSP,2017,12,0,0,0,,,,24.9,13.0,16.0,3.0,7.0,121.7,mixed_evaporative,MAXIMUM,0
MCSP,2018,1,0,0,0,,,,20.2,13.0,16.0,3.0,10.0,124.3,mixed_evaporative,MAXIMUM,0
MCSP,2018,2,0,0,0,,,,25.3,12.0,16.0,3.0,3.0,125.7,mixed_evaporative,MAXIMUM,0
MCSP,2018,3,0,0,0,,,,23.6,11.0,16.0,0.0,3.0,126.6,mixed_evaporative,MAXIMUM,0
MCSP,2018,4,0,0,0,,,,23.5,11.0,15.0,0.0,3.0,128.3,mixed_evaporative,MAXIMUM,0
MCSP,2018,5,2,1,0,,,,28.6,11.0,15.0,0.0,5.0,129.7,mixed_evaporative,MAXIMUM,0
MCSP,2018,6,15,9,0,,,,17.1,13.0,17.0,0.0,5.0,130.4,mixed_evaporative,MAXIMUM,0
MCSP,2018,7,29,26,4,,,,16.0,17.0,20.0,6.0,16.0,128.6,mixed_evaporative,MAXIMUM,0
MCSP,2018,8,20,13,0,,,,29.9,17.0,19.0,6.0,17.0,126.4,mixed_evaporative,MAXIMUM,0
MCSP,2018,9,16,3,0,,,,22.9,15.0,15.0,3.0,17.0,125.0,mixed_evaporative,MAXIMUM,0
MCSP,2018,10,0,0,0,,,,26.6,13.0,14.0,0.0,14.0,122.6,mixed_evaporative,MAXIMUM,0
MCSP,2018,11,0,0,0,,,,23.7,11.0,12.0,3.0,13.0,121.1,mixed_evaporative,MAXIMUM,0
MCSP,2018,12,0,0,0,,,,24.4,12.0,12.0,6.0,14.0,121.3,mixed_evaporative,MAXIMUM,0
MCSP,2019,1,0,0,0,,,,29.3,8.0,11.0,8.0,2.0,121.6,mixed_evaporative,MAXIMUM,0
MCSP,2019,2,0,0,0,,,,29.6,9.0,9.0,11.0,8.0,122.4,mixed_evaporative,MAXIMUM,0
MCSP,2019,3,0,0,0,,,,24.9,8.0,8.0,8.0,9.0,123.4,mixed_evaporative,MAXIMUM,0
MCSP,2019,4,0,0,0,,,,30.6,7.0,6.0,11.0,8.0,124.5,mixed_evaporative,MAXIMUM,0
MCSP,2019,5,0,0,0,,,,22.7,7.0,5.0,19.0,8.0,123.4,mixed_evaporative,MAXIMUM,0
MCSP,2019,6,16,7,0,,,,20.0,9.0,7.0,19.0,10.0,122.9,mixed_evaporative,MAXIMUM,0
MCSP,2019,7,25,15,2,,,,20.1,10.0,10.0,11.0,9.0,120.9,mixed_evaporative,MAXIMUM,0
MCSP,2019,8,23,17,2,,,,27.5,10.0,12.0,8.0,6.0,122.0,mixed_evaporative,MAXIMUM,0
MCSP,2019,9,11,6,0,,,,28.5,11.0,13.0,6.0,8.0,122.1,mixed_evaporative,MAXIMUM,0
MCSP,2019,10,0,0,0,,,,24.9,10.0,11.0,8.0,9.0,123.4,mixed_evaporative,MAXIMUM,0
MCSP,2019,11,0,0,0,,,,24.0,10.0,10.0,8.0,11.0,122.6,mixed_evaporative,MAXIMUM,0
MCSP,2019,12,0,0,0,,,,28.5,11.0,11.0,8.0,13.0,121.5,mixed_evaporative,MAXIMUM,0
MCSP,2020,1,0,0,0,,,,24.5,12.0,10.0,16.0,15.0,122.0,mixed_evaporative,MAXIMUM,0
MCSP,2020,2,0,0,0,,,,23.3,13.0,11.0,16.0,16.0,121.9,mixed_evaporative,MAXIMUM,0
MCSP,2020,3,0,0,0,,,,23.0,13.0,10.0,16.0,18.0,121.9,mixed_evaporative,MAXIMUM,0
MCSP,2020,4,0,0,0,,,,19.7,11.0,10.0,11.0,15.0,120.2,mixed_evaporative,MAXIMUM,0
MCSP,2020,5,7,4,0,,,,16.9,11.0,11.0,8.0,14.0,121.5,mixed_evaporative,MAXIMUM,0
MCSP,2020,6,17,13,1,,,,19.9,12.0,11.0,8.0,16.0,121.6,mixed_evaporative,MAXIMUM,0
MCSP,2020,7,30,19,2,,,,15.2,16.0,14.0,5.0,22.0,119.3,mixed_evaporative,MAXIMUM,0
MCSP,2020,8,28,17,5,,,,13.4,16.0,14.0,8.0,24.0,116.4,mixed_evaporative,MAXIMUM,0
MCSP,2020,9,14,7,2,,,,20.2,16.0,13.0,5.0,26.0,115.3,mixed_evaporative,MAXIMUM,0
MCSP,2020,10,9,0,0,,,,17.7,16.0,14.0,5.0,22.0,118.5,mixed_evaporative,MAXIMUM,0
MCSP,2020,11,0,0,0,,,,21.8,16.0,14.0,5.0,23.0,119.2,mixed_evaporative,MAXIMUM,0
MCSP,2020,12,0,0,0,,,,21.8,17.0,16.0,5.0,22.0,117.5,mixed_evaporative,MAXIMUM,0
MCSP,2021,1,0,0,0,,,,11.3,16.0,15.0,3.0,19.0,0.0,mixed_evaporative,MAXIMUM,0
MCSP,2021,2,0,0,0,,,,14.8,16.0,16.0,5.0,18.0,117.6,mixed_evaporative,MAXIMUM,0
MCSP,2021,3,0,0,0,,,,11.9,14.0,14.0,11.0,16.0,118.3,mixed_evaporative,MAXIMUM,0
MCSP,2021,4,0,0,0,,,,23.6,16.0,15.0,8.0,18.0,118.6,mixed_evaporative,MAXIMUM,0
MCSP,2021,5,5,1,0,,,,18.8,15.0,14.0,8.0,20.0,119.1,mixed_evaporative,MAXIMUM,0
MCSP,2021,6,17,11,3,,,,12.6,15.0,13.0,8.0,22.0,118.8,mixed_evaporative,MAXIMUM,0
MCSP,2021,7,30,20,3,320.84,1.18,,19.1,15.0,14.0,8.0,20.0,118.1,mixed_evaporative,MAXIMUM,0
MCSP,2021,8,21,15,1,190.52,0.07,,19.6,16.0,14.0,11.0,19.0,117.0,mixed_evaporative,MAXIMUM,0
MCSP,2021,9,14,8,1,97.13,0.8,,15.5,17.0,15.0,16.0,21.0,114.0,mixed_evaporative,MAXIMUM,0
MCSP,2021,10,0,0,0,64.29,0.2,,13.5,16.0,15.0,16.0,19.0,114.4,mixed_evaporative,MAXIMUM,0
MCSP,2021,11,0,0,0,105.14,0.82,1.0,18.7,17.0,15.0,16.0,19.0,114.6,mixed_evaporative,MAXIMUM,0
MCSP,2021,12,0,0,0,125.06,4.55,,14.0,18.0,17.0,16.0,21.0,116.4,mixed_evaporative,MAXIMUM,0
MCSP,2022,1,0,0,0,170.25,24.77,2.0,13.5,19.0,19.0,11.0,22.0,114.7,mixed_evaporative,MAXIMUM,0
MCSP,2022,2,0,0,0,53.68,26.87,2.0,12.7,21.0,20.0,11.0,24.0,114.5,mixed_evaporative,MAXIMUM,0
MCSP,2022,3,0,0,0,87.56,25.2,1.0,13.4,22.0,21.0,13.0,25.0,115.9,mixed_evaporative,MAXIMUM,0
MCSP,2022,4,0,0,0,94.0,3.94,2.0,16.1,24.0,23.0,14.0,29.0,117.0,mixed_evaporative,MAXIMUM,0
MCSP,2022,5,3,1,0,,,,11.3,25.0,23.0,14.0,32.0,116.2,mixed_evaporative,MAXIMUM,0
MCSP,2022,6,16,10,0,,,,10.0,24.0,22.0,8.0,33.0,116.5,mixed_evaporative,MAXIMUM,0
MCSP,2022,7,23,14,1,154.0,9.02,,13.8,26.0,20.0,14.0,39.0,115.3,mixed_evaporative,MAXIMUM,0
MCSP,2022,8,26,15,2,82.0,9.6,,15.7,31.0,27.0,17.0,42.0,114.7,mixed_evaporative,MAXIMUM,0
MCSP,2022,9,15,9,8,121.14,4.01,,15.6,30.0,26.0,14.0,43.0,114.9,mixed_evaporative,MAXIMUM,0
MCSP,2022,10,6,0,0,109.0,0.28,2.0,20.7,29.0,23.0,17.0,44.0,115.4,mixed_evaporative,MAXIMUM,0
MCSP,2022,11,0,0,0,116.54,0.0,,20.9,29.0,23.0,14.0,44.0,115.7,mixed_evaporative,MAXIMUM,0
MCSP,2022,12,0,0,0,43.42,0.0,,24.2,28.0,24.0,14.0,42.0,116.0,mixed_evaporative,MAXIMUM,0
MCSP,2023,1,0,0,0,157.5,2.06,,21.0,27.0,22.0,14.0,42.0,116.4,mixed_evaporative,MAXIMUM,0
MCSP,2023,2,0,0,0,113.25,0.0,,20.7,27.0,23.0,11.0,39.0,117.2,mixed_evaporative,MAXIMUM,0
MCSP,2023,3,0,0,0,152.02,1.03,2.0,15.4,28.0,23.0,11.0,41.0,116.8,mixed_evaporative,MAXIMUM,0
MCSP,2023,4,0,0,0,158.96,0.62,,17.9,28.0,24.0,11.0,42.0,117.3,mixed_evaporative,MAXIMUM,0
MCSP,2023,5,5,0,0,,,,12.9,28.0,23.0,11.0,41.0,117.1,mixed_evaporative,MAXIMUM,0
MCSP,2023,6,7,2,0,,,,20.8,28.0,23.0,11.0,41.0,118.1,mixed_evaporative,MAXIMUM,0
MCSP,2023,7,27,23,8,216.9,0.0,,24.0,29.0,24.0,8.0,44.0,116.8,mixed_evaporative,MAXIMUM,0
MCSP,2023,8,26,14,4,119.45,0.83,1.0,25.9,28.0,23.0,11.0,43.0,116.6,mixed_evaporative,MAXIMUM,0
MCSP,2023,9,7,0,0,114.25,0.0,,28.2,27.0,22.0,17.0,39.0,116.3,mixed_evaporative,MAXIMUM,0
MCSP,2023,10,4,0,0,1082.5,0.0,1.0,28.3,28.0,23.0,17.0,42.0,115.8,mixed_evaporative,MAXIMUM,0
MCSP,2023,11,0,0,0,1396.0,0.0,1.0,22.2,25.0,20.0,8.0,41.0,115.6,mixed_evaporative,MAXIMUM,0
MCSP,2023,12,0,0,0,1464.0,0.0,,31.0,26.0,20.0,8.0,41.0,116.5,mixed_evaporative,MAXIMUM,0
MCSP,2024,1,0,0,0,1538.0,0.76,,22.5,28.0,23.0,11.0,43.0,119.8,mixed_evaporative,MAXIMUM,0
MCSP,2024,2,0,0,0,1358.0,0.0,,30.1,26.0,20.0,6.0,42.0,119.7,mixed_evaporative,MAXIMUM,0
MCSP,2024,3,0,0,0,1155.25,1.0,,19.3,25.0,20.0,11.0,39.0,120.2,mixed_evaporative,MAXIMUM,0
MCSP,2024,4,0,0,0,722.0,0.0,,21.8,26.0,21.0,11.0,41.0,120.5,mixed_evaporative,MAXIMUM,0
MCSP,2024,5,1,0,0,,,,19.4,26.0,21.0,16.0,41.0,121.1,mixed_evaporative,MAXIMUM,0
MCSP,2024,6,17,10,0,,,,25.7,26.0,16.0,16.0,47.0,120.8,mixed_evaporative,MAXIMUM,0
MCSP,2024,7,26,22,11,18.5,0.0,,20.8,24.0,15.0,16.0,45.0,120.9,mixed_evaporative,MAXIMUM,0
MCSP,2024,8,19,10,0,2.0,0.85,,20.0,25.0,16.0,24.0,44.0,122.3,mixed_evaporative,MAXIMUM,0
MCSP,2024,9,12,8,0,30.0,7.83,,26.1,25.0,16.0,24.0,43.0,129.3,mixed_evaporative,MAXIMUM,0
MCSP,2024,10,8,7,0,0.0,8.77,1.0,30.4,25.0,16.0,26.0,43.0,127.6,mixed_evaporative,MAXIMUM,0
MCSP,2024,11,0,0,0,16.0,4.37,,29.7,25.0,16.0,26.0,45.0,125.8,mixed_evaporative,MAXIMUM,0
MCSP,2024,12,0,0,0,47.0,8.98,,29.6,26.0,18.0,21.0,45.0,125.5,mixed_evaporative,MAXIMUM,0
MCSP,2025,1,0,0,0,43.25,0.0,,23.9,24.0,17.0,21.0,40.0,117.3,mixed_evaporative,MAXIMUM,0
MCSP,2025,2,0,0,0,16.75,6.29,,23.9,23.0,17.0,18.0,40.0,115.9,mixed_evaporative,MAXIMUM,0
MCSP,2025,3,0,0,0,8.0,5.12,,20.4,23.0,18.0,15.0,38.0,115.8,mixed_evaporative,MAXIMUM,0
MCSP,2025,4,0,0,0,10.0,1.41,1.0,29.0,23.0,18.0,10.0,38.0,115.0,mixed_evaporative,MAXIMUM,0
MCSP,2025,5,4,2,0,,,,23.6,23.0,18.0,10.0,37.0,115.1,mixed_evaporative,MAXIMUM,0
MCSP,2025,6,8,2,0,,,,23.7,24.0,19.0,13.0,38.0,115.6,mixed_evaporative,MAXIMUM,0
MCSP,2025,7,14,5,0,,,,31.5,25.0,18.0,10.0,43.0,115.6,mixed_evaporative,MAXIMUM,0
MCSP,2025,8,22,11,0,,,,27.6,26.0,19.0,10.0,42.0,116.0,mixed_evaporative,MAXIMUM,0
MCSP,2025,9,8,5,0,,,,24.4,27.0,20.0,13.0,43.0,113.8,mixed_evaporative,MAXIMUM,0
MCSP,2025,10,0,0,0,,,,26.1,26.0,19.0,13.0,42.0,113.6,mixed_evaporative,MAXIMUM,0
MCSP,2025,11,0,0,0,,,,27.0,25.0,18.0,13.0,42.0,112.6,mixed_evaporative,MAXIMUM,0
MCSP,2025,12,0,0,0,,,,24.5,25.0,17.0,15.0,43.0,108.0,mixed_evaporative,MAXIMUM,0
NKSP,2016,1,0,0,0,,,,,,,,,155.5,mixed_evaporative,MEDIUM,0
NKSP,2016,2,0,0,0,,,,,,,,,153.8,mixed_evaporative,MEDIUM,0
NKSP,2016,3,0,0,0,,,,,,,,,161.8,mixed_evaporative,MEDIUM,0
NKSP,2016,4,3,0,0,,,,,,,,,163.1,mixed_evaporative,MEDIUM,0
NKSP,2016,5,12,6,0,,,,,,,,,167.6,mixed_evaporative,MEDIUM,0
NKSP,2016,6,23,19,2,,,,,,,,,158.4,mixed_evaporative,MEDIUM,0
NKSP,2016,7,30,28,5,,,,,,,,,154.2,mixed_evaporative,MEDIUM,0
NKSP,2016,8,31,28,0,,,,,,,,,163.8,mixed_evaporative,MEDIUM,0
NKSP,2016,9,22,13,0,,,,,,,,,162.7,mixed_evaporative,MEDIUM,0
NKSP,2016,10,1,0,0,,,,,,,,,165.2,mixed_evaporative,MEDIUM,0
NKSP,2016,11,0,0,0,,,,,,,,,160.3,mixed_evaporative,MEDIUM,0
NKSP,2016,12,0,0,0,,,,,,,,,168.3,mixed_evaporative,MEDIUM,0
NKSP,2017,1,0,0,0,,,,9.1,13.0,8.0,4.0,30.0,161.5,mixed_evaporative,MEDIUM,0
NKSP,2017,2,0,0,0,,,,10.1,14.0,8.0,9.0,33.0,172.3,mixed_evaporative,MEDIUM,0
NKSP,2017,3,0,0,0,,,,6.5,13.0,7.0,4.0,33.0,177.2,mixed_evaporative,MEDIUM,0
NKSP,2017,4,0,0,0,,,,5.6,13.0,9.0,4.0,30.0,170.8,mixed_evaporative,MEDIUM,0
NKSP,2017,5,12,5,0,,,,7.1,12.0,7.0,4.0,27.0,171.4,mixed_evaporative,MEDIUM,0
NKSP,2017,6,23,16,0,,,,8.2,12.0,7.0,4.0,26.0,172.2,mixed_evaporative,MEDIUM,0
NKSP,2017,7,31,31,0,,,,10.0,16.0,14.0,6.0,27.0,171.2,mixed_evaporative,MEDIUM,0
NKSP,2017,8,30,27,2,,,,8.8,18.0,16.0,6.0,27.0,170.5,mixed_evaporative,MEDIUM,0
NKSP,2017,9,15,9,1,,,,9.5,17.0,16.0,6.0,26.0,169.9,mixed_evaporative,MEDIUM,0
NKSP,2017,10,1,0,0,,,,9.3,18.0,16.0,6.0,29.0,167.9,mixed_evaporative,MEDIUM,0
NKSP,2017,11,0,0,0,,,,11.8,14.0,11.0,9.0,28.0,164.4,mixed_evaporative,MEDIUM,0
NKSP,2017,12,0,0,0,,,,12.4,14.0,11.0,9.0,28.0,161.9,mixed_evaporative,MEDIUM,0
NKSP,2018,1,0,0,0,,,,12.5,13.0,9.0,9.0,27.0,160.4,mixed_evaporative,MEDIUM,0
NKSP,2018,2,0,0,0,,,,14.1,14.0,10.0,9.0,26.0,158.2,mixed_evaporative,MEDIUM,0
NKSP,2018,3,0,0,0,,,,9.8,13.0,9.0,6.0,27.0,159.3,mixed_evaporative,MEDIUM,0
NKSP,2018,4,2,0,0,,,,10.5,13.0,11.0,4.0,26.0,168.4,mixed_evaporative,MEDIUM,0
NKSP,2018,5,3,1,0,,,,10.8,13.0,9.0,4.0,27.0,166.7,mixed_evaporative,MEDIUM,0
NKSP,2018,6,20,15,0,,,,12.1,12.0,8.0,4.0,26.0,158.7,mixed_evaporative,MEDIUM,0
NKSP,2018,7,31,29,0,,,,10.1,12.0,9.0,6.0,23.0,163.3,mixed_evaporative,MEDIUM,0
NKSP,2018,8,29,22,0,,,,11.0,13.0,11.0,1.0,28.0,152.4,mixed_evaporative,MEDIUM,0
NKSP,2018,9,21,14,0,,,,9.7,11.0,7.0,1.0,26.0,147.8,mixed_evaporative,MEDIUM,0
NKSP,2018,10,0,0,0,,,,9.0,10.0,7.0,1.0,23.0,152.4,mixed_evaporative,MEDIUM,0
NKSP,2018,11,0,0,0,,,,12.6,10.0,6.0,4.0,26.0,154.1,mixed_evaporative,MEDIUM,0
NKSP,2018,12,0,0,0,,,,11.3,11.0,6.0,9.0,28.0,152.0,mixed_evaporative,MEDIUM,0
NKSP,2019,1,0,0,0,,,,9.4,10.0,6.0,6.0,24.0,153.3,mixed_evaporative,MEDIUM,0
NKSP,2019,2,0,0,0,,,,10.8,12.0,7.0,4.0,34.0,150.6,mixed_evaporative,MEDIUM,0
NKSP,2019,3,0,0,0,,,,13.8,13.0,8.0,4.0,34.0,154.0,mixed_evaporative,MEDIUM,0
NKSP,2019,4,3,0,0,,,,10.0,14.0,8.0,6.0,35.0,146.8,mixed_evaporative,MEDIUM,0
NKSP,2019,5,0,0,0,,,,9.4,13.0,7.0,4.0,35.0,149.7,mixed_evaporative,MEDIUM,0
NKSP,2019,6,25,12,0,,,,10.8,13.0,8.0,4.0,33.0,157.6,mixed_evaporative,MEDIUM,0
NKSP,2019,7,31,22,0,,,,13.6,12.0,8.0,6.0,28.0,155.7,mixed_evaporative,MEDIUM,0
NKSP,2019,8,30,22,0,,,,10.1,12.0,12.0,4.0,19.0,150.6,mixed_evaporative,MEDIUM,0
NKSP,2019,9,15,12,0,,,,8.2,13.0,12.0,4.0,19.0,160.2,mixed_evaporative,MEDIUM,0
NKSP,2019,10,0,0,0,,,,13.3,12.0,12.0,1.0,19.0,150.7,mixed_evaporative,MEDIUM,0
NKSP,2019,11,0,0,0,,,,12.5,11.0,11.0,1.0,19.0,148.6,mixed_evaporative,MEDIUM,0
NKSP,2019,12,0,0,0,,,,15.0,12.0,11.0,1.0,20.0,161.2,mixed_evaporative,MEDIUM,0
NKSP,2020,1,0,0,0,,,,11.7,10.0,8.0,1.0,20.0,161.7,mixed_evaporative,MEDIUM,0
NKSP,2020,2,0,0,0,,,,15.2,10.0,9.0,1.0,20.0,157.7,mixed_evaporative,MEDIUM,0
NKSP,2020,3,0,0,0,,,,9.6,11.0,9.0,4.0,22.0,143.5,mixed_evaporative,MEDIUM,0
NKSP,2020,4,2,0,0,,,,16.1,11.0,8.0,4.0,24.0,134.7,mixed_evaporative,MEDIUM,0
NKSP,2020,5,8,6,0,,,,11.5,11.0,8.0,4.0,26.0,107.3,mixed_evaporative,MEDIUM,0
NKSP,2020,6,18,12,0,,,,10.2,11.0,9.0,4.0,24.0,82.7,mixed_evaporative,MEDIUM,0
NKSP,2020,7,31,28,0,,,,12.5,13.0,11.0,4.0,22.0,66.8,mixed_evaporative,MEDIUM,0
NKSP,2020,8,30,28,1,,,,6.4,12.0,10.0,4.0,21.0,60.8,mixed_evaporative,MEDIUM,0
NKSP,2020,9,19,8,0,,,,8.5,12.0,11.0,4.0,19.0,68.9,mixed_evaporative,MEDIUM,0
NKSP,2020,10,6,1,0,,,,11.7,9.0,10.0,4.0,8.0,81.4,mixed_evaporative,MEDIUM,0
NKSP,2020,11,0,0,0,,,,7.1,6.0,7.0,4.0,8.0,98.1,mixed_evaporative,MEDIUM,0
NKSP,2020,12,0,0,0,,,,3.9,8.0,7.0,4.0,12.0,93.6,mixed_evaporative,MEDIUM,0
NKSP,2021,1,0,0,0,,,,3.5,14.0,8.0,6.0,38.0,85.6,mixed_evaporative,MEDIUM,0
NKSP,2021,2,0,0,0,,,,7.7,14.0,8.0,6.0,41.0,96.4,mixed_evaporative,MEDIUM,0
NKSP,2021,3,0,0,0,,,,7.5,14.0,9.0,6.0,40.0,109.8,mixed_evaporative,MEDIUM,0
NKSP,2021,4,1,0,0,,,,8.3,10.0,7.0,9.0,21.0,113.6,mixed_evaporative,MEDIUM,0
NKSP,2021,5,9,4,0,,,,7.8,10.0,6.0,12.0,22.0,126.7,mixed_evaporative,MEDIUM,0
NKSP,2021,6,24,21,3,,,,7.3,18.0,9.0,12.0,45.0,126.7,mixed_evaporative,MEDIUM,0
NKSP,2021,7,31,30,5,187.6,5.77,1.0,9.1,20.0,12.0,12.0,44.0,137.6,mixed_evaporative,MEDIUM,0
NKSP,2021,8,27,24,0,207.31,6.12,1.0,7.4,19.0,11.0,12.0,45.0,135.5,mixed_evaporative,MEDIUM,0
NKSP,2021,9,19,15,1,156.7,8.11,1.0,13.0,20.0,12.0,12.0,46.0,140.6,mixed_evaporative,MEDIUM,0
NKSP,2021,10,3,0,0,157.13,6.25,,10.7,20.0,11.0,12.0,48.0,133.1,mixed_evaporative,MEDIUM,0
NKSP,2021,11,0,0,0,77.25,5.81,,9.1,21.0,13.0,12.0,48.0,135.0,mixed_evaporative,MEDIUM,0
NKSP,2021,12,0,0,0,146.18,4.56,,9.4,22.0,15.0,12.0,45.0,138.9,mixed_evaporative,MEDIUM,0
NKSP,2022,1,0,0,0,160.84,9.2,,4.8,20.0,17.0,12.0,36.0,140.8,mixed_evaporative,MEDIUM,0
NKSP,2022,2,0,0,0,91.2,4.06,,10.2,20.0,16.0,12.0,36.0,130.5,mixed_evaporative,MEDIUM,0
NKSP,2022,3,0,0,0,155.8,5.5,1.0,7.2,20.0,16.0,15.0,39.0,138.0,mixed_evaporative,MEDIUM,0
NKSP,2022,4,2,0,0,48.3,4.38,,9.4,20.0,15.0,15.0,41.0,151.3,mixed_evaporative,MEDIUM,0
NKSP,2022,5,8,3,0,,,,9.9,18.0,14.0,4.0,39.0,155.2,mixed_evaporative,MEDIUM,0
NKSP,2022,6,21,13,0,,,,8.2,19.0,14.0,4.0,42.0,153.5,mixed_evaporative,MEDIUM,0
NKSP,2022,7,29,25,1,169.47,9.89,1.0,8.3,22.0,13.0,7.0,55.0,152.2,mixed_evaporative,MEDIUM,0
NKSP,2022,8,31,30,0,93.0,8.28,,9.1,26.0,18.0,4.0,61.0,142.9,mixed_evaporative,MEDIUM,0
NKSP,2022,9,20,14,4,160.15,6.1,,10.7,25.0,16.0,1.0,61.0,143.8,mixed_evaporative,MEDIUM,0
NKSP,2022,10,8,0,0,131.95,4.38,,9.6,25.0,16.0,7.0,58.0,153.0,mixed_evaporative,MEDIUM,0
NKSP,2022,11,0,0,0,136.91,3.89,1.0,10.4,21.0,13.0,10.0,52.0,151.1,mixed_evaporative,MEDIUM,0
NKSP,2022,12,0,0,0,77.25,9.01,,11.0,21.0,12.0,10.0,54.0,159.8,mixed_evaporative,MEDIUM,0
NKSP,2023,1,0,0,0,135.9,7.9,,11.6,24.0,15.0,10.0,55.0,162.6,mixed_evaporative,MEDIUM,0
NKSP,2023,2,0,0,0,214.14,5.95,,8.7,21.0,12.0,10.0,53.0,156.1,mixed_evaporative,MEDIUM,0
NKSP,2023,3,0,0,0,242.8,9.33,,6.9,22.0,13.0,13.0,54.0,156.7,mixed_evaporative,MEDIUM,0
NKSP,2023,4,2,0,0,297.1,4.52,,8.1,22.0,14.0,13.0,52.0,158.5,mixed_evaporative,MEDIUM,0
NKSP,2023,5,10,4,0,,,,5.1,22.0,14.0,4.0,53.0,154.2,mixed_evaporative,MEDIUM,0
NKSP,2023,6,10,3,0,,,,6.2,22.0,14.0,4.0,53.0,140.0,mixed_evaporative,MEDIUM,0
NKSP,2023,7,30,26,2,265.0,2.66,,8.0,25.0,16.0,4.0,56.0,143.2,mixed_evaporative,MEDIUM,0
NKSP,2023,8,27,21,0,289.55,3.19,,12.0,24.0,15.0,7.0,56.0,132.7,mixed_evaporative,MEDIUM,0
NKSP,2023,9,13,4,0,246.05,0.72,,12.3,23.0,13.0,7.0,58.0,138.0,mixed_evaporative,MEDIUM,0
NKSP,2023,10,5,2,0,1356.0,11.02,,11.5,22.0,13.0,4.0,57.0,141.0,mixed_evaporative,MEDIUM,0
NKSP,2023,11,0,0,0,763.25,2.35,,11.0,23.0,13.0,10.0,57.0,145.9,mixed_evaporative,MEDIUM,0
NKSP,2023,12,0,0,0,178.0,2.46,,9.1,22.0,12.0,10.0,57.0,149.1,mixed_evaporative,MEDIUM,0
NKSP,2024,1,0,0,0,107.0,2.74,,11.4,21.0,12.0,10.0,52.0,140.0,mixed_evaporative,MEDIUM,0
NKSP,2024,2,0,0,0,96.0,5.35,,14.7,21.0,13.0,13.0,52.0,129.4,mixed_evaporative,MEDIUM,0
NKSP,2024,3,0,0,0,90.0,4.67,,10.8,19.0,9.0,16.0,52.0,122.2,mixed_evaporative,MEDIUM,0
NKSP,2024,4,1,0,0,71.0,3.26,,12.4,17.0,9.0,13.0,48.0,120.6,mixed_evaporative,MEDIUM,0
NKSP,2024,5,14,3,0,,,,17.0,19.0,10.0,13.0,50.0,125.4,mixed_evaporative,MEDIUM,0
NKSP,2024,6,27,18,1,,,,13.2,19.0,10.0,10.0,50.0,123.3,mixed_evaporative,MEDIUM,0
NKSP,2024,7,31,30,7,121.5,1.51,,15.4,15.0,8.0,10.0,41.0,115.8,mixed_evaporative,MEDIUM,0
NKSP,2024,8,28,22,1,71.5,4.55,,14.7,16.0,9.0,4.0,42.0,116.5,mixed_evaporative,MEDIUM,0
NKSP,2024,9,20,13,0,95.5,1.31,,18.1,14.0,8.0,4.0,40.0,115.2,mixed_evaporative,MEDIUM,0
NKSP,2024,10,9,8,0,81.0,0.18,,15.6,14.0,7.0,7.0,41.0,114.0,mixed_evaporative,MEDIUM,0
NKSP,2024,11,0,0,0,238.5,8.85,,18.3,15.0,8.0,7.0,41.0,111.9,mixed_evaporative,MEDIUM,0
NKSP,2024,12,0,0,0,90.25,0.38,,14.3,16.0,10.0,13.0,38.0,111.3,mixed_evaporative,MEDIUM,0
NKSP,2025,1,0,0,0,73.5,0.0,,18.7,15.0,7.0,10.0,41.0,141.2,mixed_evaporative,MEDIUM,0
NKSP,2025,2,0,0,0,129.0,0.39,,13.7,16.0,8.0,7.0,43.0,138.7,mixed_evaporative,MEDIUM,0
NKSP,2025,3,0,0,0,116.0,0.68,,19.0,17.0,9.0,7.0,44.0,135.9,mixed_evaporative,MEDIUM,0
NKSP,2025,4,0,0,0,103.0,0.14,,16.3,15.0,8.0,4.0,41.0,131.8,mixed_evaporative,MEDIUM,0
NKSP,2025,5,9,4,0,,,,15.4,14.0,7.0,4.0,41.0,126.2,mixed_evaporative,MEDIUM,0
NKSP,2025,6,26,17,0,,,,14.1,14.0,5.0,7.0,41.0,124.8,mixed_evaporative,MEDIUM,0
NKSP,2025,7,30,22,0,,,,12.5,13.0,4.0,10.0,41.0,118.6,mixed_evaporative,MEDIUM,0
NKSP,2025,8,31,25,0,,,,12.9,18.0,7.0,17.0,47.0,126.0,mixed_evaporative,MEDIUM,0
NKSP,2025,9,18,8,0,,,,13.8,16.0,6.0,14.0,46.0,133.9,mixed_evaporative,MEDIUM,0
NKSP,2025,10,0,0,0,,,,25.9,16.0,6.0,7.0,48.0,142.7,mixed_evaporative,MEDIUM,0
NKSP,2025,11,0,0,0,,,,26.7,16.0,5.0,7.0,49.0,145.8,mixed_evaporative,MEDIUM,0
NKSP,2025,12,0,0,0,,,,24.4,16.0,5.0,7.0,49.0,148.7,mixed_evaporative,MEDIUM,0
PBSP,2016,1,0,0,0,,,,,,,,,96.0,mixed_ventilation_only,MAXIMUM,0
PBSP,2016,2,0,0,0,,,,,,,,,96.1,mixed_ventilation_only,MAXIMUM,0
PBSP,2016,3,0,0,0,,,,,,,,,92.9,mixed_ventilation_only,MAXIMUM,0
PBSP,2016,4,0,0,3,,,,,,,,,92.9,mixed_ventilation_only,MAXIMUM,0
PBSP,2016,5,0,0,2,,,,,,,,,90.8,mixed_ventilation_only,MAXIMUM,0
PBSP,2016,6,0,0,0,,,,,,,,,95.5,mixed_ventilation_only,MAXIMUM,0
PBSP,2016,7,0,0,0,,,,,,,,,98.0,mixed_ventilation_only,MAXIMUM,0
PBSP,2016,8,0,0,0,,,,,,,,,98.7,mixed_ventilation_only,MAXIMUM,0
PBSP,2016,9,0,0,3,,,,,,,,,95.2,mixed_ventilation_only,MAXIMUM,0
PBSP,2016,10,0,0,0,,,,,,,,,94.8,mixed_ventilation_only,MAXIMUM,0
PBSP,2016,11,0,0,0,,,,,,,,,92.8,mixed_ventilation_only,MAXIMUM,0
PBSP,2016,12,0,0,0,,,,,,,,,91.1,mixed_ventilation_only,MAXIMUM,0
PBSP,2017,1,0,0,0,,,,1.8,15.0,18.0,10.0,5.0,89.4,mixed_ventilation_only,MAXIMUM,0
PBSP,2017,2,0,0,0,,,,3.6,17.0,17.0,18.0,17.0,88.7,mixed_ventilation_only,MAXIMUM,0
PBSP,2017,3,0,0,0,,,,1.8,17.0,18.0,10.0,14.0,87.6,mixed_ventilation_only,MAXIMUM,0
PBSP,2017,4,0,0,0,,,,1.9,19.0,21.0,10.0,17.0,86.0,mixed_ventilation_only,MAXIMUM,0
PBSP,2017,5,0,0,0,,,,0.5,23.0,26.0,10.0,20.0,85.0,mixed_ventilation_only,MAXIMUM,0
PBSP,2017,6,0,0,4,,,,1.9,23.0,26.0,10.0,20.0,87.0,mixed_ventilation_only,MAXIMUM,0
PBSP,2017,7,0,0,1,,,,6.3,20.0,20.0,12.0,26.0,86.7,mixed_ventilation_only,MAXIMUM,0
PBSP,2017,8,0,0,3,,,,2.9,21.0,21.0,12.0,29.0,92.4,mixed_ventilation_only,MAXIMUM,0
PBSP,2017,9,0,0,6,,,,6.4,22.0,23.0,12.0,29.0,96.0,mixed_ventilation_only,MAXIMUM,0
PBSP,2017,10,0,0,1,,,,1.9,23.0,25.0,12.0,26.0,102.3,mixed_ventilation_only,MAXIMUM,0
PBSP,2017,11,0,0,0,,,,1.0,23.0,24.0,14.0,23.0,105.5,mixed_ventilation_only,MAXIMUM,0
PBSP,2017,12,0,0,0,,,,5.0,23.0,24.0,14.0,23.0,107.6,mixed_ventilation_only,MAXIMUM,0
PBSP,2018,1,0,0,0,,,,2.2,22.0,25.0,7.0,18.0,110.0,mixed_ventilation_only,MAXIMUM,0
PBSP,2018,2,0,0,0,,,,4.1,22.0,23.0,4.0,27.0,111.6,mixed_ventilation_only,MAXIMUM,0
PBSP,2018,3,0,0,0,,,,2.8,20.0,23.0,7.0,15.0,113.7,mixed_ventilation_only,MAXIMUM,0
PBSP,2018,4,0,0,1,,,,1.6,21.0,23.0,11.0,15.0,113.1,mixed_ventilation_only,MAXIMUM,0
PBSP,2018,5,0,0,0,,,,6.1,20.0,23.0,11.0,15.0,112.9,mixed_ventilation_only,MAXIMUM,0
PBSP,2018,6,0,0,2,,,,2.3,18.0,20.0,7.0,13.0,112.0,mixed_ventilation_only,MAXIMUM,0
PBSP,2018,7,0,0,0,,,,3.3,19.0,21.0,7.0,19.0,110.3,mixed_ventilation_only,MAXIMUM,0
PBSP,2018,8,0,0,0,,,,4.1,18.0,21.0,7.0,15.0,109.8,mixed_ventilation_only,MAXIMUM,0
PBSP,2018,9,0,0,0,,,,4.1,16.0,16.0,7.0,23.0,108.1,mixed_ventilation_only,MAXIMUM,0
PBSP,2018,10,0,0,2,,,,5.7,16.0,17.0,7.0,19.0,107.1,mixed_ventilation_only,MAXIMUM,0
PBSP,2018,11,0,0,0,,,,6.1,15.0,15.0,11.0,19.0,107.9,mixed_ventilation_only,MAXIMUM,0
PBSP,2018,12,0,0,0,,,,4.2,16.0,16.0,11.0,19.0,107.2,mixed_ventilation_only,MAXIMUM,0
PBSP,2019,1,0,0,0,,,,8.1,17.0,17.0,11.0,23.0,108.3,mixed_ventilation_only,MAXIMUM,0
PBSP,2019,2,0,0,0,,,,5.5,18.0,16.0,11.0,33.0,107.5,mixed_ventilation_only,MAXIMUM,0
PBSP,2019,3,0,0,0,,,,2.3,19.0,18.0,11.0,33.0,107.3,mixed_ventilation_only,MAXIMUM,0
PBSP,2019,4,0,0,0,,,,4.3,17.0,18.0,11.0,21.0,108.7,mixed_ventilation_only,MAXIMUM,0
PBSP,2019,5,0,0,0,,,,4.3,16.0,16.0,11.0,25.0,109.2,mixed_ventilation_only,MAXIMUM,0
PBSP,2019,6,0,0,4,,,,3.1,15.0,15.0,11.0,25.0,111.9,mixed_ventilation_only,MAXIMUM,0
PBSP,2019,7,0,0,0,,,,4.7,19.0,19.0,11.0,26.0,110.3,mixed_ventilation_only,MAXIMUM,0
PBSP,2019,8,0,0,2,,,,4.2,19.0,20.0,11.0,20.0,109.9,mixed_ventilation_only,MAXIMUM,0
PBSP,2019,9,0,0,0,,,,1.9,19.0,20.0,11.0,20.0,109.9,mixed_ventilation_only,MAXIMUM,0
PBSP,2019,10,0,0,1,,,,4.1,22.0,24.0,11.0,24.0,111.1,mixed_ventilation_only,MAXIMUM,0
PBSP,2019,11,0,0,0,,,,5.3,18.0,19.0,7.0,28.0,109.2,mixed_ventilation_only,MAXIMUM,0
PBSP,2019,12,0,0,0,,,,3.4,18.0,19.0,11.0,24.0,109.2,mixed_ventilation_only,MAXIMUM,0
PBSP,2020,1,0,0,0,,,,3.4,19.0,19.0,7.0,28.0,111.3,mixed_ventilation_only,MAXIMUM,0
PBSP,2020,2,0,0,0,,,,4.9,23.0,22.0,14.0,35.0,110.4,mixed_ventilation_only,MAXIMUM,0
PBSP,2020,3,0,0,0,,,,2.3,22.0,23.0,11.0,28.0,112.5,mixed_ventilation_only,MAXIMUM,0
PBSP,2020,4,0,0,0,,,,2.3,21.0,23.0,7.0,21.0,109.6,mixed_ventilation_only,MAXIMUM,0
PBSP,2020,5,0,0,0,,,,8.3,21.0,24.0,7.0,19.0,108.3,mixed_ventilation_only,MAXIMUM,0
PBSP,2020,6,0,0,0,,,,5.7,21.0,23.0,7.0,26.0,106.1,mixed_ventilation_only,MAXIMUM,0
PBSP,2020,7,0,0,0,,,,3.7,21.0,22.0,11.0,24.0,102.2,mixed_ventilation_only,MAXIMUM,0
PBSP,2020,8,0,0,4,,,,0.0,19.0,20.0,14.0,19.0,100.0,mixed_ventilation_only,MAXIMUM,0
PBSP,2020,9,1,0,6,,,,2.7,20.0,22.0,14.0,19.0,97.4,mixed_ventilation_only,MAXIMUM,0
PBSP,2020,10,0,0,2,,,,1.6,22.0,24.0,14.0,19.0,96.2,mixed_ventilation_only,MAXIMUM,0
PBSP,2020,11,0,0,0,,,,2.9,22.0,24.0,14.0,19.0,94.2,mixed_ventilation_only,MAXIMUM,0
PBSP,2020,12,0,0,0,,,,3.8,24.0,26.0,14.0,22.0,92.8,mixed_ventilation_only,MAXIMUM,0
PBSP,2021,1,0,0,0,,,,5.1,23.0,25.0,14.0,19.0,92.1,mixed_ventilation_only,MAXIMUM,0
PBSP,2021,2,0,0,0,,,,4.3,22.0,25.0,14.0,12.0,91.7,mixed_ventilation_only,MAXIMUM,0
PBSP,2021,3,0,0,0,,,,3.5,23.0,26.0,14.0,12.0,90.5,mixed_ventilation_only,MAXIMUM,0
PBSP,2021,4,0,0,0,,,,3.1,22.0,25.0,14.0,12.0,89.7,mixed_ventilation_only,MAXIMUM,0
PBSP,2021,5,0,0,0,,,,5.4,25.0,27.0,21.0,12.0,87.9,mixed_ventilation_only,MAXIMUM,0
PBSP,2021,6,0,0,1,,,,2.3,26.0,29.0,18.0,15.0,88.7,mixed_ventilation_only,MAXIMUM,0
PBSP,2021,7,0,0,0,8.0,1.25,1.0,4.1,24.0,26.0,12.0,21.0,89.4,mixed_ventilation_only,MAXIMUM,0
PBSP,2021,8,0,0,1,0.0,20.76,,5.6,26.0,29.0,8.0,25.0,89.1,mixed_ventilation_only,MAXIMUM,0
PBSP,2021,9,0,0,1,0.0,9.58,,2.9,27.0,30.0,4.0,25.0,87.7,mixed_ventilation_only,MAXIMUM,0
PBSP,2021,10,0,0,0,0.0,0.62,,5.6,29.0,32.0,8.0,25.0,85.9,mixed_ventilation_only,MAXIMUM,0
PBSP,2021,11,0,0,0,0.0,0.0,1.0,5.6,30.0,34.0,12.0,21.0,85.0,mixed_ventilation_only,MAXIMUM,0
PBSP,2021,12,0,0,0,0.0,1.27,,7.0,30.0,33.0,16.0,25.0,83.4,mixed_ventilation_only,MAXIMUM,0
PBSP,2022,1,0,0,0,0.0,26.43,,4.8,33.0,36.0,12.0,31.0,81.2,mixed_ventilation_only,MAXIMUM,0
PBSP,2022,2,0,0,0,0.0,26.97,,7.3,33.0,36.0,12.0,31.0,80.5,mixed_ventilation_only,MAXIMUM,0
PBSP,2022,3,0,0,0,0.0,20.12,,9.3,32.0,35.0,12.0,31.0,77.8,mixed_ventilation_only,MAXIMUM,0
PBSP,2022,4,0,0,0,0.0,0.0,,6.5,34.0,38.0,8.0,31.0,76.3,mixed_ventilation_only,MAXIMUM,0
PBSP,2022,5,0,0,0,,,,8.7,34.0,38.0,4.0,31.0,72.4,mixed_ventilation_only,MAXIMUM,0
PBSP,2022,6,0,0,0,,,,7.8,33.0,37.0,0.0,35.0,70.2,mixed_ventilation_only,MAXIMUM,0
PBSP,2022,7,0,0,0,0.0,6.41,,7.5,33.0,36.0,11.0,37.0,69.5,mixed_ventilation_only,MAXIMUM,0
PBSP,2022,8,0,0,0,0.0,0.0,,15.8,33.0,37.0,0.0,37.0,69.9,mixed_ventilation_only,MAXIMUM,0
PBSP,2022,9,0,0,1,20.0,0.0,1.0,12.0,33.0,38.0,4.0,33.0,73.0,mixed_ventilation_only,MAXIMUM,0
PBSP,2022,10,0,0,0,8.0,1.08,,11.8,35.0,38.0,18.0,33.0,73.9,mixed_ventilation_only,MAXIMUM,0
PBSP,2022,11,0,0,0,24.0,6.4,,13.7,36.0,40.0,18.0,30.0,75.2,mixed_ventilation_only,MAXIMUM,0
PBSP,2022,12,0,0,0,24.0,4.99,,13.0,36.0,41.0,18.0,26.0,73.3,mixed_ventilation_only,MAXIMUM,0
PBSP,2023,1,0,0,0,0.0,4.23,,13.1,37.0,40.0,18.0,38.0,71.9,mixed_ventilation_only,MAXIMUM,0
PBSP,2023,2,0,0,0,8.75,3.43,,18.0,36.0,38.0,18.0,38.0,70.8,mixed_ventilation_only,MAXIMUM,0
PBSP,2023,3,0,0,0,8.0,3.79,,16.0,35.0,39.0,15.0,28.0,69.0,mixed_ventilation_only,MAXIMUM,0
PBSP,2023,4,0,0,0,24.0,0.0,,14.7,34.0,38.0,15.0,28.0,67.2,mixed_ventilation_only,MAXIMUM,0
PBSP,2023,5,0,0,1,,,,11.5,35.0,39.0,15.0,31.0,67.3,mixed_ventilation_only,MAXIMUM,0
PBSP,2023,6,0,0,1,,,,15.8,37.0,42.0,15.0,31.0,67.2,mixed_ventilation_only,MAXIMUM,0
PBSP,2023,7,0,0,0,0.0,7.05,,16.1,37.0,41.0,15.0,31.0,66.4,mixed_ventilation_only,MAXIMUM,0
PBSP,2023,8,0,0,2,8.0,8.97,,17.8,36.0,41.0,15.0,28.0,64.3,mixed_ventilation_only,MAXIMUM,0
PBSP,2023,9,0,0,0,18.3,0.0,,12.3,35.0,40.0,15.0,28.0,64.9,mixed_ventilation_only,MAXIMUM,0
PBSP,2023,10,0,0,3,80.0,0.0,,12.3,36.0,40.0,15.0,28.0,66.2,mixed_ventilation_only,MAXIMUM,0
PBSP,2023,11,0,0,0,392.0,4.01,,16.2,37.0,41.0,15.0,32.0,64.5,mixed_ventilation_only,MAXIMUM,0
PBSP,2023,12,0,0,0,32.0,1.35,,12.9,36.0,39.0,15.0,35.0,84.5,mixed_ventilation_only,MAXIMUM,0
PBSP,2024,1,0,0,0,388.0,0.0,,16.7,41.0,41.0,15.0,54.0,79.4,mixed_ventilation_only,MAXIMUM,0
PBSP,2024,2,0,0,0,0.0,0.0,,13.8,40.0,42.0,11.0,49.0,85.6,mixed_ventilation_only,MAXIMUM,0
PBSP,2024,3,0,0,0,0.0,3.11,1.0,11.6,39.0,41.0,7.0,49.0,93.0,mixed_ventilation_only,MAXIMUM,0
PBSP,2024,4,0,0,0,5.0,2.74,,19.4,38.0,39.0,7.0,49.0,102.4,mixed_ventilation_only,MAXIMUM,0
PBSP,2024,5,0,0,3,,,,19.4,39.0,42.0,15.0,45.0,109.4,mixed_ventilation_only,MAXIMUM,0
PBSP,2024,6,0,0,1,,,,15.4,43.0,44.0,11.0,55.0,121.0,mixed_ventilation_only,MAXIMUM,0
PBSP,2024,7,0,0,6,12.25,0.0,,23.6,44.0,45.0,18.0,51.0,124.8,mixed_ventilation_only,MAXIMUM,0
PBSP,2024,8,0,0,1,7.75,0.0,,15.5,43.0,44.0,11.0,55.0,122.6,mixed_ventilation_only,MAXIMUM,0
PBSP,2024,9,0,0,4,28.25,0.0,,25.6,44.0,47.0,11.0,55.0,121.7,mixed_ventilation_only,MAXIMUM,0
PBSP,2024,10,0,0,2,11.5,0.0,,20.4,46.0,50.0,15.0,48.0,119.4,mixed_ventilation_only,MAXIMUM,0
PBSP,2024,11,0,0,0,28.0,0.0,,18.1,47.0,51.0,11.0,50.0,118.0,mixed_ventilation_only,MAXIMUM,0
PBSP,2024,12,0,0,0,21.0,2.23,,17.0,47.0,51.0,7.0,50.0,112.0,mixed_ventilation_only,MAXIMUM,0
PBSP,2025,1,0,0,0,21.75,3.0,,21.7,48.0,54.0,7.0,47.0,112.5,mixed_ventilation_only,MAXIMUM,0
PBSP,2025,2,0,0,0,13.0,3.13,,18.9,47.0,53.0,7.0,43.0,111.9,mixed_ventilation_only,MAXIMUM,0
PBSP,2025,3,0,0,0,13.0,7.34,,23.2,45.0,52.0,7.0,41.0,111.1,mixed_ventilation_only,MAXIMUM,0
PBSP,2025,4,0,0,0,0.0,5.72,,29.0,44.0,51.0,4.0,39.0,111.2,mixed_ventilation_only,MAXIMUM,0
PBSP,2025,5,0,0,0,,,,11.3,45.0,52.0,4.0,43.0,111.1,mixed_ventilation_only,MAXIMUM,0
PBSP,2025,6,0,0,0,,,,22.1,44.0,51.0,4.0,42.0,112.6,mixed_ventilation_only,MAXIMUM,0
PBSP,2025,7,0,0,1,,,,12.4,46.0,49.0,4.0,53.0,116.5,mixed_ventilation_only,MAXIMUM,0
PBSP,2025,8,0,0,2,,,,14.4,45.0,48.0,4.0,51.0,120.6,mixed_ventilation_only,MAXIMUM,0
PBSP,2025,9,0,0,1,,,,26.8,44.0,46.0,4.0,52.0,121.3,mixed_ventilation_only,MAXIMUM,0
PBSP,2025,10,0,0,1,,,,16.7,43.0,45.0,7.0,51.0,123.4,mixed_ventilation_only,MAXIMUM,0
PBSP,2025,11,0,0,0,,,,16.6,42.0,45.0,7.0,49.0,121.7,mixed_ventilation_only,MAXIMUM,0
PBSP,2025,12,0,0,0,,,,18.3,43.0,45.0,7.0,52.0,120.2,mixed_ventilation_only,MAXIMUM,0
PVSP,2016,1,0,0,0,,,,,,,,,134.8,mixed_evaporative,MAXIMUM,0
PVSP,2016,2,0,0,0,,,,,,,,,136.5,mixed_evaporative,MAXIMUM,0
PVSP,2016,3,0,0,0,,,,,,,,,139.6,mixed_evaporative,MAXIMUM,0
PVSP,2016,4,4,0,0,,,,,,,,,141.5,mixed_evaporative,MAXIMUM,0
PVSP,2016,5,11,4,0,,,,,,,,,140.2,mixed_evaporative,MAXIMUM,0
PVSP,2016,6,22,17,0,,,,,,,,,139.3,mixed_evaporative,MAXIMUM,0
PVSP,2016,7,31,29,6,,,,,,,,,141.2,mixed_evaporative,MAXIMUM,0
PVSP,2016,8,31,27,0,,,,,,,,,139.4,mixed_evaporative,MAXIMUM,0
PVSP,2016,9,21,16,0,,,,,,,,,138.3,mixed_evaporative,MAXIMUM,0
PVSP,2016,10,2,0,0,,,,,,,,,136.9,mixed_evaporative,MAXIMUM,0
PVSP,2016,11,0,0,0,,,,,,,,,136.8,mixed_evaporative,MAXIMUM,0
PVSP,2016,12,0,0,0,,,,,,,,,137.7,mixed_evaporative,MAXIMUM,0
PVSP,2017,1,0,0,0,,,,5.0,10.0,9.0,-3.0,24.0,138.6,mixed_evaporative,MAXIMUM,0
PVSP,2017,2,0,0,0,,,,3.8,10.0,9.0,3.0,21.0,138.2,mixed_evaporative,MAXIMUM,0
PVSP,2017,3,0,0,0,,,,4.7,11.0,10.0,0.0,21.0,136.7,mixed_evaporative,MAXIMUM,0
PVSP,2017,4,0,0,0,,,,2.5,11.0,9.0,0.0,24.0,136.7,mixed_evaporative,MAXIMUM,0
PVSP,2017,5,13,5,0,,,,3.1,11.0,11.0,3.0,19.0,138.3,mixed_evaporative,MAXIMUM,0
PVSP,2017,6,23,16,2,,,,3.7,12.0,13.0,0.0,21.0,135.4,mixed_evaporative,MAXIMUM,0
PVSP,2017,7,31,31,0,,,,7.9,13.0,14.0,3.0,19.0,130.9,mixed_evaporative,MAXIMUM,0
PVSP,2017,8,31,29,6,,,,4.4,14.0,14.0,6.0,21.0,128.7,mixed_evaporative,MAXIMUM,0
PVSP,2017,9,15,9,1,,,,7.2,13.0,11.0,6.0,24.0,127.2,mixed_evaporative,MAXIMUM,0
PVSP,2017,10,0,0,0,,,,4.8,12.0,11.0,3.0,24.0,123.5,mixed_evaporative,MAXIMUM,0
PVSP,2017,11,0,0,0,,,,7.0,14.0,11.0,7.0,30.0,121.7,mixed_evaporative,MAXIMUM,0
PVSP,2017,12,0,0,0,,,,3.7,14.0,11.0,7.0,30.0,123.4,mixed_evaporative,MAXIMUM,0
PVSP,2018,1,0,0,0,,,,6.8,13.0,10.0,10.0,32.0,124.2,mixed_evaporative,MAXIMUM,0
PVSP,2018,2,0,0,0,,,,4.2,14.0,12.0,7.0,29.0,125.1,mixed_evaporative,MAXIMUM,0
PVSP,2018,3,0,0,0,,,,2.5,12.0,13.0,3.0,17.0,124.4,mixed_evaporative,MAXIMUM,0
PVSP,2018,4,2,0,0,,,,6.6,13.0,14.0,3.0,22.0,125.3,mixed_evaporative,MAXIMUM,0
PVSP,2018,5,3,1,0,,,,5.2,14.0,16.0,3.0,17.0,124.9,mixed_evaporative,MAXIMUM,0
PVSP,2018,6,20,14,0,,,,2.8,15.0,17.0,3.0,19.0,128.5,mixed_evaporative,MAXIMUM,0
PVSP,2018,7,31,28,0,,,,5.2,10.0,13.0,0.0,5.0,131.6,mixed_evaporative,MAXIMUM,0
PVSP,2018,8,26,20,0,,,,6.2,11.0,12.0,0.0,17.0,134.8,mixed_evaporative,MAXIMUM,0
PVSP,2018,9,17,9,0,,,,4.8,10.0,11.0,0.0,14.0,138.3,mixed_evaporative,MAXIMUM,0
PVSP,2018,10,0,0,0,,,,3.0,9.0,8.0,7.0,17.0,141.5,mixed_evaporative,MAXIMUM,0
PVSP,2018,11,0,0,0,,,,2.9,8.0,6.0,3.0,20.0,140.1,mixed_evaporative,MAXIMUM,0
PVSP,2018,12,0,0,0,,,,4.8,8.0,6.0,7.0,20.0,134.9,mixed_evaporative,MAXIMUM,0
PVSP,2019,1,0,0,0,,,,4.0,8.0,7.0,7.0,15.0,135.6,mixed_evaporative,MAXIMUM,0
PVSP,2019,2,0,0,0,,,,8.5,11.0,8.0,17.0,22.0,138.0,mixed_evaporative,MAXIMUM,0
PVSP,2019,3,0,0,0,,,,5.5,11.0,9.0,13.0,22.0,141.2,mixed_evaporative,MAXIMUM,0
PVSP,2019,4,5,1,0,,,,3.2,11.0,10.0,10.0,22.0,145.5,mixed_evaporative,MAXIMUM,0
PVSP,2019,5,1,0,0,,,,1.6,11.0,10.0,7.0,19.0,149.9,mixed_evaporative,MAXIMUM,0
PVSP,2019,6,23,13,0,,,,2.8,10.0,9.0,7.0,19.0,148.0,mixed_evaporative,MAXIMUM,0
PVSP,2019,7,31,22,0,,,,4.0,14.0,14.0,3.0,24.0,144.4,mixed_evaporative,MAXIMUM,0
PVSP,2019,8,28,21,0,,,,4.1,14.0,15.0,3.0,19.0,140.1,mixed_evaporative,MAXIMUM,0
PVSP,2019,9,15,11,0,,,,4.3,13.0,14.0,3.0,15.0,136.2,mixed_evaporative,MAXIMUM,0
PVSP,2019,10,0,0,0,,,,4.4,12.0,14.0,3.0,12.0,136.5,mixed_evaporative,MAXIMUM,0
PVSP,2019,11,0,0,0,,,,7.4,11.0,13.0,3.0,8.0,136.9,mixed_evaporative,MAXIMUM,0
PVSP,2019,12,0,0,0,,,,5.8,8.0,9.0,3.0,12.0,136.9,mixed_evaporative,MAXIMUM,0
PVSP,2020,1,0,0,0,,,,8.2,9.0,10.0,3.0,12.0,135.7,mixed_evaporative,MAXIMUM,0
PVSP,2020,2,0,0,0,,,,5.4,12.0,13.0,7.0,12.0,138.8,mixed_evaporative,MAXIMUM,0
PVSP,2020,3,0,0,0,,,,4.1,12.0,11.0,7.0,19.0,137.3,mixed_evaporative,MAXIMUM,0
PVSP,2020,4,3,0,0,,,,4.7,11.0,11.0,7.0,19.0,132.7,mixed_evaporative,MAXIMUM,0
PVSP,2020,5,10,6,0,,,,3.8,11.0,12.0,0.0,23.0,140.1,mixed_evaporative,MAXIMUM,0
PVSP,2020,6,19,14,0,,,,5.6,12.0,12.0,3.0,19.0,138.6,mixed_evaporative,MAXIMUM,0
PVSP,2020,7,31,30,0,,,,3.1,11.0,12.0,3.0,19.0,130.7,mixed_evaporative,MAXIMUM,0
PVSP,2020,8,31,29,1,,,,1.9,13.0,12.0,3.0,25.0,124.6,mixed_evaporative,MAXIMUM,0
PVSP,2020,9,22,11,0,,,,1.2,13.0,13.0,3.0,22.0,123.1,mixed_evaporative,MAXIMUM,0
PVSP,2020,10,9,3,0,,,,4.0,16.0,16.0,10.0,20.0,122.7,mixed_evaporative,MAXIMUM,0
PVSP,2020,11,0,0,0,,,,6.2,12.0,13.0,3.0,20.0,121.1,mixed_evaporative,MAXIMUM,0
PVSP,2020,12,0,0,0,,,,4.1,13.0,14.0,3.0,16.0,119.3,mixed_evaporative,MAXIMUM,0
PVSP,2021,1,0,0,0,,,,2.4,11.0,11.0,0.0,19.0,118.8,mixed_evaporative,MAXIMUM,0
PVSP,2021,2,0,0,0,,,,1.7,12.0,12.0,0.0,22.0,116.8,mixed_evaporative,MAXIMUM,0
PVSP,2021,3,0,0,0,,,,5.6,11.0,11.0,3.0,19.0,116.1,mixed_evaporative,MAXIMUM,0
PVSP,2021,4,2,0,0,,,,9.0,10.0,11.0,3.0,16.0,118.8,mixed_evaporative,MAXIMUM,0
PVSP,2021,5,11,4,0,,,,3.6,11.0,11.0,3.0,16.0,115.7,mixed_evaporative,MAXIMUM,0
PVSP,2021,6,25,20,4,,,,2.9,12.0,14.0,0.0,16.0,114.6,mixed_evaporative,MAXIMUM,0
PVSP,2021,7,31,31,4,160.15,7.8,,3.3,12.0,13.0,0.0,23.0,114.6,mixed_evaporative,MAXIMUM,0
PVSP,2021,8,29,25,0,23.0,9.54,,3.6,13.0,14.0,-4.0,29.0,117.2,mixed_evaporative,MAXIMUM,0
PVSP,2021,9,22,15,0,32.4,14.54,,1.1,16.0,15.0,-4.0,39.0,114.9,mixed_evaporative,MAXIMUM,0
PVSP,2021,10,4,0,0,42.46,8.5,,1.5,16.0,16.0,-4.0,32.0,114.0,mixed_evaporative,MAXIMUM,0
PVSP,2021,11,0,0,0,42.75,6.94,,3.0,15.0,16.0,-7.0,29.0,113.8,mixed_evaporative,MAXIMUM,0
PVSP,2021,12,0,0,0,33.89,9.9,,1.5,11.0,12.0,-7.0,25.0,112.7,mixed_evaporative,MAXIMUM,0
PVSP,2022,1,0,0,0,27.68,26.13,,2.6,11.0,12.0,-7.0,25.0,109.4,mixed_evaporative,MAXIMUM,0
PVSP,2022,2,0,0,0,31.75,16.17,,3.4,11.0,11.0,-7.0,27.0,109.1,mixed_evaporative,MAXIMUM,0
PVSP,2022,3,0,0,0,43.5,9.67,,1.9,13.0,13.0,-4.0,29.0,114.2,mixed_evaporative,MAXIMUM,0
PVSP,2022,4,2,0,0,82.9,6.23,,6.5,13.0,14.0,-4.0,26.0,110.9,mixed_evaporative,MAXIMUM,0
PVSP,2022,5,8,5,0,,,,1.6,12.0,12.0,-4.0,26.0,112.2,mixed_evaporative,MAXIMUM,0
PVSP,2022,6,22,15,0,,,,2.7,12.0,13.0,-7.0,22.0,116.8,mixed_evaporative,MAXIMUM,0
PVSP,2022,7,28,25,1,52.15,11.8,,4.5,17.0,17.0,7.0,24.0,116.5,mixed_evaporative,MAXIMUM,0
PVSP,2022,8,31,29,0,37.35,9.48,,3.1,17.0,19.0,4.0,16.0,118.6,mixed_evaporative,MAXIMUM,0
PVSP,2022,9,19,16,6,48.25,7.81,,4.2,17.0,18.0,11.0,16.0,119.0,mixed_evaporative,MAXIMUM,0
PVSP,2022,10,12,3,0,36.57,6.26,,4.4,18.0,19.0,10.0,16.0,116.8,mixed_evaporative,MAXIMUM,0
PVSP,2022,11,0,0,0,66.93,7.59,,5.1,16.0,17.0,7.0,20.0,113.8,mixed_evaporative,MAXIMUM,0
PVSP,2022,12,0,0,0,68.08,10.01,,5.7,18.0,19.0,10.0,20.0,111.7,mixed_evaporative,MAXIMUM,0
PVSP,2023,1,0,0,0,72.89,16.54,,7.2,21.0,21.0,10.0,30.0,111.0,mixed_evaporative,MAXIMUM,0
PVSP,2023,2,0,0,0,88.7,5.86,,5.8,19.0,19.0,7.0,30.0,108.9,mixed_evaporative,MAXIMUM,0
PVSP,2023,3,0,0,0,77.24,2.84,,6.7,17.0,19.0,3.0,19.0,114.3,mixed_evaporative,MAXIMUM,0
PVSP,2023,4,3,1,0,39.24,7.75,,5.3,18.0,20.0,3.0,19.0,121.3,mixed_evaporative,MAXIMUM,0
PVSP,2023,5,10,6,0,,,,3.8,17.0,18.0,7.0,19.0,127.4,mixed_evaporative,MAXIMUM,0
PVSP,2023,6,10,4,0,,,,7.0,14.0,14.0,3.0,19.0,134.7,mixed_evaporative,MAXIMUM,0
PVSP,2023,7,30,26,5,29.84,7.69,,6.0,20.0,20.0,10.0,27.0,133.8,mixed_evaporative,MAXIMUM,0
PVSP,2023,8,28,22,0,24.8,7.83,,5.6,18.0,18.0,7.0,30.0,130.4,mixed_evaporative,MAXIMUM,0
PVSP,2023,9,13,5,0,77.78,7.84,,9.8,15.0,14.0,3.0,30.0,122.1,mixed_evaporative,MAXIMUM,0
PVSP,2023,10,6,2,0,506.5,8.22,,5.7,15.0,16.0,3.0,24.0,115.3,mixed_evaporative,MAXIMUM,0
PVSP,2023,11,0,0,0,317.5,8.18,,11.5,16.0,16.0,7.0,27.0,111.1,mixed_evaporative,MAXIMUM,0
PVSP,2023,12,0,0,0,187.0,8.62,,9.2,15.0,12.0,10.0,33.0,108.3,mixed_evaporative,MAXIMUM,0
PVSP,2024,1,0,0,0,0.0,8.22,,8.7,15.0,12.0,13.0,35.0,117.3,mixed_evaporative,MAXIMUM,0
PVSP,2024,2,0,0,0,6.0,7.97,,8.2,14.0,11.0,10.0,32.0,117.7,mixed_evaporative,MAXIMUM,0
PVSP,2024,3,0,0,0,0.0,8.8,,11.1,14.0,11.0,10.0,32.0,115.1,mixed_evaporative,MAXIMUM,0
PVSP,2024,4,0,0,0,0.0,8.53,,10.2,12.0,10.0,10.0,24.0,113.0,mixed_evaporative,MAXIMUM,0
PVSP,2024,5,11,0,0,,,,10.2,10.0,9.0,3.0,21.0,107.2,mixed_evaporative,MAXIMUM,0
PVSP,2024,6,25,17,0,,,,8.7,18.0,11.0,3.0,52.0,103.8,mixed_evaporative,MAXIMUM,0
PVSP,2024,7,31,29,9,0.0,8.68,,9.3,17.0,12.0,3.0,48.0,102.4,mixed_evaporative,MAXIMUM,0
PVSP,2024,8,28,20,1,0.0,7.75,,11.7,18.0,12.0,3.0,50.0,112.6,mixed_evaporative,MAXIMUM,0
PVSP,2024,9,21,11,0,0.0,6.84,,14.0,14.0,12.0,0.0,31.0,124.4,mixed_evaporative,MAXIMUM,0
PVSP,2024,10,9,8,0,0.0,6.73,,9.5,15.0,14.0,0.0,32.0,128.4,mixed_evaporative,MAXIMUM,0
PVSP,2024,11,0,0,0,0.0,8.2,,7.5,16.0,15.0,0.0,32.0,126.5,mixed_evaporative,MAXIMUM,0
PVSP,2024,12,0,0,0,12.0,10.08,,4.6,15.0,14.0,3.0,29.0,125.2,mixed_evaporative,MAXIMUM,0
PVSP,2025,1,0,0,0,10.0,6.84,,7.9,19.0,18.0,7.0,34.0,125.6,mixed_evaporative,MAXIMUM,0
PVSP,2025,2,0,0,0,6.0,5.77,,6.7,18.0,16.0,7.0,32.0,122.8,mixed_evaporative,MAXIMUM,0
PVSP,2025,3,0,0,0,14.0,6.34,,7.5,18.0,17.0,7.0,28.0,123.2,mixed_evaporative,MAXIMUM,0
PVSP,2025,4,0,0,0,50.0,5.96,,9.2,18.0,17.0,7.0,30.0,129.2,mixed_evaporative,MAXIMUM,0
PVSP,2025,5,6,4,0,,,,7.8,14.0,13.0,7.0,26.0,128.2,mixed_evaporative,MAXIMUM,0
PVSP,2025,6,26,14,0,,,,7.3,15.0,13.0,7.0,26.0,125.6,mixed_evaporative,MAXIMUM,0
PVSP,2025,7,29,21,0,,,,10.8,16.0,7.0,3.0,46.0,129.9,mixed_evaporative,MAXIMUM,0
PVSP,2025,8,31,25,0,,,,10.0,17.0,8.0,3.0,47.0,133.5,mixed_evaporative,MAXIMUM,0
PVSP,2025,9,18,8,0,,,,7.0,22.0,16.0,3.0,47.0,132.8,mixed_evaporative,MAXIMUM,0
PVSP,2025,10,1,0,0,,,,4.8,22.0,16.0,0.0,46.0,136.1,mixed_evaporative,MAXIMUM,0
PVSP,2025,11,0,0,0,,,,7.6,20.0,13.0,0.0,46.0,134.9,mixed_evaporative,MAXIMUM,0
PVSP,2025,12,0,0,0,,,,5.4,18.0,14.0,3.0,34.0,133.6,mixed_evaporative,MAXIMUM,0
RJD,2016,1,0,0,0,,,,,,,,,145.0,mixed_ventilation_only,MAXIMUM,0
RJD,2016,2,1,0,1,,,,,,,,,144.0,mixed_ventilation_only,MAXIMUM,0
RJD,2016,3,0,0,0,,,,,,,,,142.1,mixed_ventilation_only,MAXIMUM,0
RJD,2016,4,0,0,0,,,,,,,,,141.9,mixed_ventilation_only,MAXIMUM,0
RJD,2016,5,0,0,0,,,,,,,,,141.8,mixed_ventilation_only,MAXIMUM,0
RJD,2016,6,2,2,2,,,,,,,,,140.7,mixed_ventilation_only,MAXIMUM,0
RJD,2016,7,3,0,4,,,,,,,,,137.6,mixed_ventilation_only,MAXIMUM,0
RJD,2016,8,3,0,3,,,,,,,,,137.0,mixed_ventilation_only,MAXIMUM,0
RJD,2016,9,2,0,3,,,,,,,,,136.1,mixed_ventilation_only,MAXIMUM,0
RJD,2016,10,2,0,3,,,,,,,,,137.4,mixed_ventilation_only,MAXIMUM,0
RJD,2016,11,1,0,2,,,,,,,,,138.5,mixed_ventilation_only,MAXIMUM,0
RJD,2016,12,0,0,0,,,,,,,,,101.5,mixed_ventilation_only,MAXIMUM,0
RJD,2017,1,0,0,0,,,,0.3,9.0,9.0,-3.0,12.0,106.4,mixed_ventilation_only,MAXIMUM,0
RJD,2017,2,0,0,0,,,,1.0,9.0,9.0,3.0,11.0,115.6,mixed_ventilation_only,MAXIMUM,0
RJD,2017,3,0,0,0,,,,1.0,9.0,9.0,-3.0,10.0,121.6,mixed_ventilation_only,MAXIMUM,0
RJD,2017,4,0,0,0,,,,39.2,9.0,10.0,-3.0,10.0,124.0,mixed_ventilation_only,MAXIMUM,0
RJD,2017,5,0,0,0,,,,28.4,9.0,9.0,6.0,10.0,127.9,mixed_ventilation_only,MAXIMUM,0
RJD,2017,6,0,0,1,,,,0.6,10.0,11.0,6.0,10.0,127.8,mixed_ventilation_only,MAXIMUM,0
RJD,2017,7,0,0,0,,,,0.8,15.0,17.0,6.0,12.0,126.9,mixed_ventilation_only,MAXIMUM,0
RJD,2017,8,3,0,3,,,,33.7,15.0,17.0,3.0,12.0,129.2,mixed_ventilation_only,MAXIMUM,0
RJD,2017,9,2,2,2,,,,30.9,14.0,18.0,0.0,10.0,130.0,mixed_ventilation_only,MAXIMUM,0
RJD,2017,10,8,3,10,,,,34.7,13.0,15.0,0.0,10.0,131.8,mixed_ventilation_only,MAXIMUM,0
RJD,2017,11,2,0,2,,,,27.9,12.0,12.0,3.0,13.0,131.1,mixed_ventilation_only,MAXIMUM,0
RJD,2017,12,0,0,0,,,,32.1,12.0,12.0,3.0,13.0,129.3,mixed_ventilation_only,MAXIMUM,0
RJD,2018,1,0,0,0,,,,19.5,13.0,11.0,3.0,17.0,129.5,mixed_ventilation_only,MAXIMUM,0
RJD,2018,2,0,0,0,,,,30.2,9.0,10.0,6.0,8.0,129.8,mixed_ventilation_only,MAXIMUM,0
RJD,2018,3,0,0,0,,,,26.1,9.0,9.0,6.0,9.0,129.8,mixed_ventilation_only,MAXIMUM,0
RJD,2018,4,0,0,0,,,,21.2,10.0,10.0,3.0,9.0,130.0,mixed_ventilation_only,MAXIMUM,0
RJD,2018,5,0,0,0,,,,28.6,10.0,10.0,9.0,11.0,128.3,mixed_ventilation_only,MAXIMUM,0
RJD,2018,6,0,0,0,,,,30.5,9.0,9.0,6.0,10.0,129.2,mixed_ventilation_only,MAXIMUM,0
RJD,2018,7,3,1,4,,,,37.3,12.0,17.0,3.0,3.0,130.3,mixed_ventilation_only,MAXIMUM,0
RJD,2018,8,4,0,4,,,,34.0,12.0,15.0,6.0,6.0,133.0,mixed_ventilation_only,MAXIMUM,0
RJD,2018,9,0,0,0,,,,38.6,11.0,14.0,3.0,7.0,131.6,mixed_ventilation_only,MAXIMUM,0
RJD,2018,10,0,0,0,,,,36.1,9.0,11.0,3.0,7.0,130.7,mixed_ventilation_only,MAXIMUM,0
RJD,2018,11,0,0,0,,,,39.7,9.0,9.0,3.0,8.0,130.4,mixed_ventilation_only,MAXIMUM,0
RJD,2018,12,0,0,0,,,,43.6,10.0,11.0,6.0,10.0,128.8,mixed_ventilation_only,MAXIMUM,0
RJD,2019,1,0,0,0,,,,40.3,10.0,11.0,6.0,10.0,128.4,mixed_ventilation_only,MAXIMUM,0
RJD,2019,2,0,0,0,,,,42.7,13.0,12.0,9.0,16.0,125.8,mixed_ventilation_only,MAXIMUM,0
RJD,2019,3,0,0,0,,,,34.6,12.0,11.0,9.0,15.0,125.8,mixed_ventilation_only,MAXIMUM,0
RJD,2019,4,0,0,0,,,,35.8,12.0,11.0,9.0,15.0,126.1,mixed_ventilation_only,MAXIMUM,0
RJD,2019,5,0,0,0,,,,37.1,12.0,11.0,6.0,17.0,129.5,mixed_ventilation_only,MAXIMUM,0
RJD,2019,6,0,0,1,,,,35.0,13.0,12.0,6.0,18.0,133.0,mixed_ventilation_only,MAXIMUM,0
RJD,2019,7,0,0,0,,,,37.7,15.0,15.0,9.0,15.0,137.0,mixed_ventilation_only,MAXIMUM,0
RJD,2019,8,0,0,0,,,,37.9,13.0,14.0,6.0,11.0,136.1,mixed_ventilation_only,MAXIMUM,0
RJD,2019,9,2,0,2,,,,37.0,14.0,16.0,6.0,11.0,134.2,mixed_ventilation_only,MAXIMUM,0
RJD,2019,10,2,0,3,,,,34.7,14.0,16.0,6.0,12.0,131.9,mixed_ventilation_only,MAXIMUM,0
RJD,2019,11,1,0,1,,,,40.6,12.0,13.0,3.0,12.0,131.2,mixed_ventilation_only,MAXIMUM,0
RJD,2019,12,0,0,0,,,,39.7,10.0,11.0,3.0,11.0,129.5,mixed_ventilation_only,MAXIMUM,0
RJD,2020,1,0,0,0,,,,41.3,9.0,9.0,3.0,11.0,128.5,mixed_ventilation_only,MAXIMUM,0
RJD,2020,2,0,0,0,,,,32.5,11.0,11.0,3.0,11.0,130.1,mixed_ventilation_only,MAXIMUM,0
RJD,2020,3,0,0,0,,,,36.7,10.0,10.0,3.0,11.0,129.4,mixed_ventilation_only,MAXIMUM,0
RJD,2020,4,0,0,1,,,,43.7,9.0,9.0,0.0,11.0,127.2,mixed_ventilation_only,MAXIMUM,0
RJD,2020,5,0,0,0,,,,42.6,10.0,9.0,0.0,12.0,126.7,mixed_ventilation_only,MAXIMUM,0
RJD,2020,6,2,0,2,,,,35.3,9.0,9.0,0.0,11.0,127.1,mixed_ventilation_only,MAXIMUM,0
RJD,2020,7,0,0,1,,,,34.8,12.0,11.0,0.0,15.0,121.8,mixed_ventilation_only,MAXIMUM,0
RJD,2020,8,2,0,5,,,,22.1,12.0,11.0,3.0,16.0,120.9,mixed_ventilation_only,MAXIMUM,0
RJD,2020,9,7,6,8,,,,29.7,13.0,11.0,6.0,18.0,119.2,mixed_ventilation_only,MAXIMUM,0
RJD,2020,10,9,2,9,,,,25.2,12.0,10.0,3.0,17.0,120.6,mixed_ventilation_only,MAXIMUM,0
RJD,2020,11,1,0,2,,,,28.9,12.0,10.0,6.0,16.0,120.5,mixed_ventilation_only,MAXIMUM,0
RJD,2020,12,0,0,0,,,,25.1,12.0,10.0,9.0,16.0,119.0,mixed_ventilation_only,MAXIMUM,0
RJD,2021,1,0,0,0,,,,28.4,12.0,9.0,12.0,18.0,117.4,mixed_ventilation_only,MAXIMUM,0
RJD,2021,2,0,0,0,,,,27.7,13.0,10.0,15.0,19.0,117.0,mixed_ventilation_only,MAXIMUM,0
RJD,2021,3,0,0,0,,,,23.9,13.0,11.0,12.0,20.0,115.7,mixed_ventilation_only,MAXIMUM,0
RJD,2021,4,0,0,0,,,,33.3,12.0,9.0,12.0,19.0,113.7,mixed_ventilation_only,MAXIMUM,0
RJD,2021,5,0,0,0,,,,29.9,14.0,12.0,15.0,20.0,112.5,mixed_ventilation_only,MAXIMUM,0
RJD,2021,6,1,0,1,,,,25.6,13.0,13.0,7.0,14.0,111.3,mixed_ventilation_only,MAXIMUM,0
RJD,2021,7,0,0,0,447.9,0.0,,24.8,12.0,12.0,7.0,15.0,110.3,mixed_ventilation_only,MAXIMUM,0
RJD,2021,8,0,0,1,207.75,0.0,,31.2,11.0,11.0,3.0,13.0,109.9,mixed_ventilation_only,MAXIMUM,0
RJD,2021,9,2,0,3,309.35,0.0,,26.9,11.0,11.0,3.0,13.0,108.8,mixed_ventilation_only,MAXIMUM,0
RJD,2021,10,2,0,3,333.55,0.0,,27.8,10.0,10.0,3.0,13.0,109.1,mixed_ventilation_only,MAXIMUM,0
RJD,2021,11,0,0,1,437.0,0.0,1.0,27.5,12.0,11.0,3.0,16.0,111.2,mixed_ventilation_only,MAXIMUM,0
RJD,2021,12,0,0,0,281.35,1.0,,36.3,13.0,11.0,0.0,19.0,112.7,mixed_ventilation_only,MAXIMUM,0
RJD,2022,1,0,0,0,342.15,30.82,1.0,36.9,14.0,10.0,0.0,25.0,112.1,mixed_ventilation_only,MAXIMUM,0
RJD,2022,2,0,0,0,276.25,28.03,2.0,40.1,15.0,11.0,0.0,27.0,111.3,mixed_ventilation_only,MAXIMUM,0
RJD,2022,3,0,0,0,455.65,0.0,1.0,30.3,16.0,12.0,0.0,27.0,112.6,mixed_ventilation_only,MAXIMUM,0
RJD,2022,4,2,0,2,416.2,0.0,,37.7,15.0,12.0,3.0,26.0,111.6,mixed_ventilation_only,MAXIMUM,0
RJD,2022,5,0,0,0,,,,38.8,18.0,14.0,18.0,27.0,107.4,mixed_ventilation_only,MAXIMUM,0
RJD,2022,6,0,0,0,,,,37.8,18.0,14.0,21.0,28.0,103.3,mixed_ventilation_only,MAXIMUM,0
RJD,2022,7,0,0,0,525.95,30.8,1.0,39.2,21.0,17.0,19.0,29.0,102.7,mixed_ventilation_only,MAXIMUM,0
RJD,2022,8,1,0,1,329.85,31.0,1.0,60.1,21.0,20.0,9.0,28.0,100.3,mixed_ventilation_only,MAXIMUM,0
RJD,2022,9,3,1,6,458.0,3.12,,45.5,21.0,20.0,9.0,25.0,100.8,mixed_ventilation_only,MAXIMUM,0
RJD,2022,10,1,0,1,414.8,1.96,,45.8,20.0,18.0,14.0,25.0,101.0,mixed_ventilation_only,MAXIMUM,0
RJD,2022,11,0,0,0,691.05,0.41,,54.1,18.0,17.0,14.0,23.0,100.5,mixed_ventilation_only,MAXIMUM,0
RJD,2022,12,0,0,0,301.15,0.0,1.0,54.4,18.0,17.0,14.0,23.0,99.4,mixed_ventilation_only,MAXIMUM,0
RJD,2023,1,0,0,0,501.95,5.19,1.0,62.5,20.0,19.0,9.0,25.0,97.6,mixed_ventilation_only,MAXIMUM,0
RJD,2023,2,0,0,0,238.25,2.77,,71.6,22.0,21.0,12.0,27.0,98.1,mixed_ventilation_only,MAXIMUM,0
RJD,2023,3,0,0,0,307.85,6.23,,68.9,21.0,19.0,12.0,27.0,97.0,mixed_ventilation_only,MAXIMUM,0
RJD,2023,4,0,0,0,304.9,3.0,1.0,48.6,21.0,20.0,9.0,27.0,97.1,mixed_ventilation_only,MAXIMUM,0
RJD,2023,5,0,0,0,,,,46.1,21.0,19.0,9.0,27.0,98.2,mixed_ventilation_only,MAXIMUM,0
RJD,2023,6,0,0,0,,,,61.9,22.0,20.0,6.0,29.0,98.8,mixed_ventilation_only,MAXIMUM,0
RJD,2023,7,0,0,0,280.6,0.0,,86.3,20.0,17.0,3.0,30.0,101.2,mixed_ventilation_only,MAXIMUM,0
RJD,2023,8,1,0,2,300.57,0.08,1.0,76.3,21.0,18.0,3.0,31.0,106.8,mixed_ventilation_only,MAXIMUM,0
RJD,2023,9,0,0,0,440.55,1.47,2.0,60.4,21.0,18.0,3.0,31.0,109.3,mixed_ventilation_only,MAXIMUM,0
RJD,2023,10,0,0,0,925.94,0.0,,70.1,21.0,17.0,9.0,32.0,110.0,mixed_ventilation_only,MAXIMUM,0
RJD,2023,11,0,0,0,1379.13,3.0,1.0,78.5,21.0,18.0,9.0,30.0,109.6,mixed_ventilation_only,MAXIMUM,0
RJD,2023,12,0,0,0,927.04,3.42,1.0,61.1,20.0,17.0,6.0,30.0,110.2,mixed_ventilation_only,MAXIMUM,0
RJD,2024,1,0,0,0,1263.5,0.0,2.0,62.8,25.0,23.0,6.0,33.0,110.3,mixed_ventilation_only,MAXIMUM,0
RJD,2024,2,0,0,0,1721.5,0.0,2.0,66.9,26.0,25.0,9.0,32.0,110.3,mixed_ventilation_only,MAXIMUM,0
RJD,2024,3,0,0,0,1539.86,0.0,1.0,58.3,26.0,25.0,9.0,31.0,112.2,mixed_ventilation_only,MAXIMUM,0
RJD,2024,4,0,0,0,1700.3,0.85,1.0,49.8,26.0,25.0,9.0,31.0,112.2,mixed_ventilation_only,MAXIMUM,0
RJD,2024,5,0,0,0,,,,45.8,25.0,24.0,9.0,31.0,112.7,mixed_ventilation_only,MAXIMUM,0
RJD,2024,6,0,0,0,,,,39.8,23.0,20.0,6.0,34.0,111.8,mixed_ventilation_only,MAXIMUM,0
RJD,2024,7,0,0,0,1274.0,0.0,,46.9,25.0,22.0,9.0,33.0,103.5,mixed_ventilation_only,MAXIMUM,0
RJD,2024,8,0,0,0,893.0,0.0,,49.3,26.0,23.0,9.0,36.0,98.0,mixed_ventilation_only,MAXIMUM,0
RJD,2024,9,5,2,5,318.75,0.0,,42.6,26.0,23.0,9.0,36.0,102.3,mixed_ventilation_only,MAXIMUM,0
RJD,2024,10,0,0,0,88.25,0.0,,57.8,25.0,22.0,12.0,36.0,101.4,mixed_ventilation_only,MAXIMUM,0
RJD,2024,11,0,0,0,171.0,0.0,,51.7,24.0,21.0,9.0,35.0,105.9,mixed_ventilation_only,MAXIMUM,0
RJD,2024,12,0,0,0,127.25,3.0,1.0,49.7,24.0,19.0,15.0,35.0,112.8,mixed_ventilation_only,MAXIMUM,0
RJD,2025,1,0,0,0,106.0,8.72,,42.5,20.0,15.0,18.0,31.0,109.4,mixed_ventilation_only,MAXIMUM,0
RJD,2025,2,1,0,1,153.0,0.0,,42.1,19.0,15.0,15.0,30.0,112.5,mixed_ventilation_only,MAXIMUM,0
RJD,2025,3,0,0,0,128.5,1.32,,32.2,20.0,16.0,18.0,31.0,114.7,mixed_ventilation_only,MAXIMUM,0
RJD,2025,4,0,0,0,104.3,0.0,,37.4,21.0,17.0,18.0,30.0,116.0,mixed_ventilation_only,MAXIMUM,0
RJD,2025,5,0,0,0,,,,35.6,21.0,16.0,21.0,32.0,118.8,mixed_ventilation_only,MAXIMUM,0
RJD,2025,6,0,0,0,,,,29.4,20.0,16.0,21.0,30.0,119.8,mixed_ventilation_only,MAXIMUM,0
RJD,2025,7,0,0,0,,,,30.7,24.0,19.0,15.0,36.0,122.1,mixed_ventilation_only,MAXIMUM,0
RJD,2025,8,0,0,1,,,,33.2,24.0,19.0,15.0,36.0,124.1,mixed_ventilation_only,MAXIMUM,0
RJD,2025,9,0,0,0,,,,27.8,24.0,20.0,15.0,34.0,124.7,mixed_ventilation_only,MAXIMUM,0
RJD,2025,10,1,0,1,,,,31.7,24.0,21.0,18.0,31.0,126.6,mixed_ventilation_only,MAXIMUM,0
RJD,2025,11,0,0,0,,,,23.6,22.0,21.0,15.0,26.0,125.6,mixed_ventilation_only,MAXIMUM,0
RJD,2025,12,0,0,0,,,,30.9,23.0,21.0,15.0,27.0,126.1,mixed_ventilation_only,MAXIMUM,0
SAC,2016,1,0,0,0,,,,,,,,,122.8,mixed_evaporative,MAXIMUM,0
SAC,2016,2,0,0,0,,,,,,,,,125.4,mixed_evaporative,MAXIMUM,0
SAC,2016,3,0,0,0,,,,,,,,,131.6,mixed_evaporative,MAXIMUM,0
SAC,2016,4,0,0,0,,,,,,,,,130.8,mixed_evaporative,MAXIMUM,0
SAC,2016,5,5,1,0,,,,,,,,,130.4,mixed_evaporative,MAXIMUM,0
SAC,2016,6,17,13,2,,,,,,,,,130.4,mixed_evaporative,MAXIMUM,0
SAC,2016,7,22,13,6,,,,,,,,,128.1,mixed_evaporative,MAXIMUM,0
SAC,2016,8,20,9,0,,,,,,,,,126.4,mixed_evaporative,MAXIMUM,0
SAC,2016,9,13,4,0,,,,,,,,,125.9,mixed_evaporative,MAXIMUM,0
SAC,2016,10,0,0,0,,,,,,,,,125.7,mixed_evaporative,MAXIMUM,0
SAC,2016,11,0,0,0,,,,,,,,,124.0,mixed_evaporative,MAXIMUM,0
SAC,2016,12,0,0,0,,,,,,,,,122.2,mixed_evaporative,MAXIMUM,0
SAC,2017,1,0,0,0,,,,17.3,15.0,14.0,0.0,19.0,121.3,mixed_evaporative,MAXIMUM,0
SAC,2017,2,0,0,0,,,,12.4,17.0,15.0,4.0,21.0,120.9,mixed_evaporative,MAXIMUM,0
SAC,2017,3,0,0,0,,,,23.2,17.0,14.0,0.0,23.0,124.0,mixed_evaporative,MAXIMUM,0
SAC,2017,4,0,0,0,,,,24.8,15.0,14.0,0.0,19.0,125.3,mixed_evaporative,MAXIMUM,0
SAC,2017,5,4,2,0,,,,24.9,16.0,15.0,0.0,19.0,127.0,mixed_evaporative,MAXIMUM,0
SAC,2017,6,16,9,5,,,,23.5,15.0,15.0,0.0,17.0,125.8,mixed_evaporative,MAXIMUM,0
SAC,2017,7,31,23,7,,,,22.2,19.0,20.0,0.0,20.0,126.2,mixed_evaporative,MAXIMUM,0
SAC,2017,8,27,15,6,,,,21.6,19.0,20.0,0.0,21.0,120.2,mixed_evaporative,MAXIMUM,0
SAC,2017,9,11,6,3,,,,23.1,20.0,20.0,0.0,24.0,118.5,mixed_evaporative,MAXIMUM,0
SAC,2017,10,0,0,0,,,,18.9,21.0,21.0,0.0,23.0,118.8,mixed_evaporative,MAXIMUM,0
SAC,2017,11,0,0,0,,,,15.8,13.0,15.0,0.0,13.0,114.3,mixed_evaporative,MAXIMUM,0
SAC,2017,12,0,0,0,,,,19.4,13.0,15.0,0.0,13.0,113.2,mixed_evaporative,MAXIMUM,0
SAC,2018,1,0,0,0,,,,11.9,16.0,17.0,4.0,16.0,116.1,mixed_evaporative,MAXIMUM,0
SAC,2018,2,0,0,0,,,,18.4,14.0,18.0,0.0,9.0,118.3,mixed_evaporative,MAXIMUM,0
SAC,2018,3,0,0,0,,,,17.5,14.0,18.0,0.0,11.0,117.5,mixed_evaporative,MAXIMUM,0
SAC,2018,4,0,0,0,,,,20.5,14.0,17.0,0.0,10.0,116.6,mixed_evaporative,MAXIMUM,0
SAC,2018,5,2,1,0,,,,18.6,14.0,16.0,0.0,11.0,119.4,mixed_evaporative,MAXIMUM,0
SAC,2018,6,15,8,0,,,,19.2,14.0,16.0,0.0,11.0,117.2,mixed_evaporative,MAXIMUM,0
SAC,2018,7,29,25,6,,,,22.3,19.0,18.0,0.0,22.0,116.6,mixed_evaporative,MAXIMUM,0
SAC,2018,8,18,12,0,,,,20.2,19.0,18.0,0.0,23.0,115.5,mixed_evaporative,MAXIMUM,0
SAC,2018,9,16,2,0,,,,15.4,17.0,16.0,0.0,22.0,113.8,mixed_evaporative,MAXIMUM,0
SAC,2018,10,0,0,0,,,,17.4,17.0,16.0,0.0,22.0,111.5,mixed_evaporative,MAXIMUM,0
SAC,2018,11,0,0,0,,,,20.1,16.0,14.0,4.0,21.0,110.7,mixed_evaporative,MAXIMUM,0
SAC,2018,12,0,0,0,,,,15.7,15.0,13.0,4.0,21.0,112.5,mixed_evaporative,MAXIMUM,0
SAC,2019,1,0,0,0,,,,17.6,15.0,13.0,4.0,19.0,115.3,mixed_evaporative,MAXIMUM,0
SAC,2019,2,0,0,0,,,,23.2,12.0,14.0,4.0,11.0,111.8,mixed_evaporative,MAXIMUM,0
SAC,2019,3,0,0,0,,,,27.0,12.0,12.0,4.0,12.0,112.5,mixed_evaporative,MAXIMUM,0
SAC,2019,4,0,0,0,,,,31.6,13.0,15.0,0.0,12.0,114.9,mixed_evaporative,MAXIMUM,0
SAC,2019,5,0,0,0,,,,25.9,14.0,16.0,0.0,12.0,114.9,mixed_evaporative,MAXIMUM,0
SAC,2019,6,13,6,0,,,,25.1,15.0,17.0,0.0,12.0,115.5,mixed_evaporative,MAXIMUM,0
SAC,2019,7,24,11,2,,,,27.4,18.0,20.0,0.0,18.0,116.3,mixed_evaporative,MAXIMUM,0
SAC,2019,8,23,17,2,,,,19.3,17.0,18.0,4.0,16.0,116.8,mixed_evaporative,MAXIMUM,0
SAC,2019,9,11,7,0,,,,24.5,18.0,20.0,4.0,15.0,116.6,mixed_evaporative,MAXIMUM,0
SAC,2019,10,0,0,0,,,,19.2,20.0,22.0,4.0,16.0,117.7,mixed_evaporative,MAXIMUM,0
SAC,2019,11,0,0,0,,,,19.6,20.0,21.0,0.0,19.0,121.1,mixed_evaporative,MAXIMUM,0
SAC,2019,12,0,0,0,,,,33.0,20.0,22.0,0.0,18.0,124.2,mixed_evaporative,MAXIMUM,0
SAC,2020,1,0,0,0,,,,24.7,18.0,19.0,0.0,19.0,128.8,mixed_evaporative,MAXIMUM,0
SAC,2020,2,0,0,0,,,,24.3,20.0,19.0,0.0,23.0,132.7,mixed_evaporative,MAXIMUM,0
SAC,2020,3,0,0,0,,,,14.8,20.0,20.0,0.0,24.0,132.2,mixed_evaporative,MAXIMUM,0
SAC,2020,4,0,0,0,,,,22.6,19.0,18.0,0.0,23.0,129.3,mixed_evaporative,MAXIMUM,0
SAC,2020,5,6,4,0,,,,23.1,20.0,20.0,0.0,24.0,128.3,mixed_evaporative,MAXIMUM,0
SAC,2020,6,16,9,1,,,,11.4,20.0,20.0,0.0,23.0,129.3,mixed_evaporative,MAXIMUM,0
SAC,2020,7,26,17,2,,,,11.1,19.0,18.0,0.0,22.0,126.7,mixed_evaporative,MAXIMUM,0
SAC,2020,8,29,16,4,,,,8.4,19.0,18.0,0.0,23.0,123.1,mixed_evaporative,MAXIMUM,0
SAC,2020,9,11,5,2,,,,7.2,19.0,19.0,0.0,21.0,122.7,mixed_evaporative,MAXIMUM,0
SAC,2020,10,8,0,0,,,,13.4,18.0,19.0,0.0,19.0,122.9,mixed_evaporative,MAXIMUM,0
SAC,2020,11,0,0,0,,,,12.4,18.0,20.0,0.0,18.0,123.0,mixed_evaporative,MAXIMUM,0
SAC,2020,12,0,0,0,,,,12.2,18.0,20.0,0.0,16.0,121.8,mixed_evaporative,MAXIMUM,0
SAC,2021,1,0,0,0,,,,12.7,19.0,21.0,4.0,17.0,122.2,mixed_evaporative,MAXIMUM,0
SAC,2021,2,0,0,0,,,,21.4,18.0,20.0,4.0,16.0,122.2,mixed_evaporative,MAXIMUM,0
SAC,2021,3,0,0,0,,,,14.9,19.0,21.0,9.0,18.0,122.1,mixed_evaporative,MAXIMUM,0
SAC,2021,4,0,0,0,,,,13.7,17.0,17.0,9.0,17.0,121.3,mixed_evaporative,MAXIMUM,0
SAC,2021,5,3,1,0,,,,11.9,18.0,18.0,9.0,18.0,120.2,mixed_evaporative,MAXIMUM,0
SAC,2021,6,15,8,2,,,,15.4,17.0,17.0,4.0,19.0,116.8,mixed_evaporative,MAXIMUM,0
SAC,2021,7,26,15,5,274.25,0.27,,17.2,18.0,19.0,0.0,18.0,113.6,mixed_evaporative,MAXIMUM,0
SAC,2021,8,18,10,0,243.85,0.0,,16.5,19.0,20.0,0.0,19.0,113.6,mixed_evaporative,MAXIMUM,0
SAC,2021,9,13,5,0,234.95,0.0,,18.5,19.0,21.0,5.0,18.0,110.1,mixed_evaporative,MAXIMUM,0
SAC,2021,10,0,0,0,204.6,0.0,,11.1,20.0,21.0,0.0,19.0,109.7,mixed_evaporative,MAXIMUM,0
SAC,2021,11,0,0,0,231.35,1.64,,13.7,21.0,22.0,5.0,21.0,108.9,mixed_evaporative,MAXIMUM,0
SAC,2021,12,0,0,0,265.85,11.05,,16.6,22.0,23.0,9.0,21.0,104.4,mixed_evaporative,MAXIMUM,0
SAC,2022,1,0,0,0,209.65,28.68,,12.2,23.0,24.0,5.0,23.0,99.8,mixed_evaporative,MAXIMUM,0
SAC,2022,2,0,0,0,139.2,28.18,,19.6,24.0,24.0,5.0,25.0,97.7,mixed_evaporative,MAXIMUM,0
SAC,2022,3,0,0,0,163.25,11.49,,31.6,24.0,25.0,5.0,26.0,95.4,mixed_evaporative,MAXIMUM,0
SAC,2022,4,0,0,0,282.3,3.53,,21.2,23.0,23.0,5.0,25.0,104.8,mixed_evaporative,MAXIMUM,0
SAC,2022,5,4,1,0,,,,20.5,24.0,22.0,5.0,28.0,108.3,mixed_evaporative,MAXIMUM,0
SAC,2022,6,16,11,0,,,,16.5,22.0,21.0,5.0,25.0,113.1,mixed_evaporative,MAXIMUM,0
SAC,2022,7,23,19,3,244.25,6.73,,28.7,21.0,21.0,9.0,24.0,111.1,mixed_evaporative,MAXIMUM,0
SAC,2022,8,28,16,3,218.18,3.64,,17.5,24.0,23.0,18.0,25.0,111.2,mixed_evaporative,MAXIMUM,0
SAC,2022,9,14,9,8,225.43,1.69,,23.9,25.0,24.0,23.0,26.0,106.2,mixed_evaporative,MAXIMUM,0
SAC,2022,10,5,0,0,256.8,2.57,,24.3,25.0,24.0,21.0,27.0,104.9,mixed_evaporative,MAXIMUM,0
SAC,2022,11,0,0,0,212.73,0.77,,20.8,26.0,25.0,21.0,27.0,103.0,mixed_evaporative,MAXIMUM,0
SAC,2022,12,0,0,0,239.9,10.74,,21.2,26.0,24.0,25.0,28.0,94.9,mixed_evaporative,MAXIMUM,0
SAC,2023,1,0,0,0,241.7,2.68,,22.1,26.0,26.0,29.0,26.0,86.7,mixed_evaporative,MAXIMUM,0
SAC,2023,2,0,0,0,340.95,0.0,1.0,16.3,25.0,25.0,29.0,24.0,84.0,mixed_evaporative,MAXIMUM,0
SAC,2023,3,0,0,0,291.05,0.0,,17.1,23.0,24.0,17.0,24.0,79.9,mixed_evaporative,MAXIMUM,0
SAC,2023,4,0,0,0,377.45,0.0,,16.3,23.0,23.0,13.0,23.0,80.3,mixed_evaporative,MAXIMUM,0
SAC,2023,5,4,0,0,,,,11.0,22.0,23.0,13.0,23.0,82.8,mixed_evaporative,MAXIMUM,0
SAC,2023,6,4,2,0,,,,23.2,22.0,23.0,9.0,21.0,93.9,mixed_evaporative,MAXIMUM,0
SAC,2023,7,25,22,8,486.15,9.82,,18.6,25.0,26.0,9.0,24.0,94.9,mixed_evaporative,MAXIMUM,0
SAC,2023,8,25,13,3,226.56,1.88,,16.6,24.0,24.0,9.0,26.0,98.6,mixed_evaporative,MAXIMUM,0
SAC,2023,9,6,0,0,326.0,3.71,,15.5,24.0,25.0,4.0,26.0,101.9,mixed_evaporative,MAXIMUM,0
SAC,2023,10,4,0,0,2063.0,0.0,,13.7,26.0,25.0,4.0,31.0,100.7,mixed_evaporative,MAXIMUM,0
SAC,2023,11,0,0,0,1923.0,0.05,,24.2,26.0,26.0,4.0,29.0,99.5,mixed_evaporative,MAXIMUM,0
SAC,2023,12,0,0,0,98.0,0.0,1.0,25.0,27.0,26.0,4.0,31.0,98.2,mixed_evaporative,MAXIMUM,0
SAC,2024,1,0,0,0,200.0,2.49,,16.3,25.0,25.0,4.0,28.0,100.4,mixed_evaporative,MAXIMUM,0
SAC,2024,2,0,0,0,188.0,0.0,,40.5,26.0,26.0,4.0,29.0,102.0,mixed_evaporative,MAXIMUM,0
SAC,2024,3,0,0,0,198.0,0.0,,19.4,25.0,25.0,4.0,28.0,101.9,mixed_evaporative,MAXIMUM,0
SAC,2024,4,0,0,0,222.5,0.87,,34.2,26.0,26.0,4.0,28.0,102.2,mixed_evaporative,MAXIMUM,0
SAC,2024,5,3,0,0,,,,25.6,26.0,25.0,4.0,30.0,102.2,mixed_evaporative,MAXIMUM,0
SAC,2024,6,17,11,0,,,,24.2,21.0,23.0,4.0,18.0,102.2,mixed_evaporative,MAXIMUM,0
SAC,2024,7,27,23,15,286.0,1.28,,26.3,19.0,22.0,4.0,14.0,105.5,mixed_evaporative,MAXIMUM,0
SAC,2024,8,19,12,0,244.0,0.69,,19.9,21.0,22.0,17.0,20.0,111.2,mixed_evaporative,MAXIMUM,0
SAC,2024,9,13,8,0,287.0,2.01,,30.8,22.0,22.0,17.0,21.0,142.4,mixed_evaporative,MAXIMUM,0
SAC,2024,10,8,8,0,226.5,0.08,,21.5,22.0,22.0,17.0,23.0,144.7,mixed_evaporative,MAXIMUM,0
SAC,2024,11,0,0,0,115.0,1.11,,21.8,24.0,23.0,17.0,26.0,148.8,mixed_evaporative,MAXIMUM,0
SAC,2024,12,0,0,0,142.0,0.39,,32.4,23.0,22.0,17.0,26.0,149.1,mixed_evaporative,MAXIMUM,0
SAC,2025,1,0,0,0,140.0,4.12,,28.9,25.0,22.0,9.0,33.0,115.6,mixed_evaporative,MAXIMUM,0
SAC,2025,2,0,0,0,135.5,0.0,,22.1,24.0,20.0,5.0,33.0,112.6,mixed_evaporative,MAXIMUM,0
SAC,2025,3,0,0,0,207.0,14.64,,22.3,24.0,20.0,5.0,34.0,113.5,mixed_evaporative,MAXIMUM,0
SAC,2025,4,0,0,0,137.0,0.62,,23.6,24.0,20.0,9.0,33.0,112.9,mixed_evaporative,MAXIMUM,0
SAC,2025,5,4,2,0,,,,29.3,23.0,20.0,9.0,31.0,117.3,mixed_evaporative,MAXIMUM,0
SAC,2025,6,13,3,0,,,,24.4,25.0,22.0,9.0,34.0,119.0,mixed_evaporative,MAXIMUM,0
SAC,2025,7,18,8,0,,,,24.7,29.0,20.0,13.0,45.0,119.1,mixed_evaporative,MAXIMUM,0
SAC,2025,8,24,15,3,,,,24.8,29.0,20.0,13.0,45.0,118.1,mixed_evaporative,MAXIMUM,0
SAC,2025,9,8,4,0,,,,27.2,29.0,20.0,17.0,43.0,119.0,mixed_evaporative,MAXIMUM,0
SAC,2025,10,0,0,0,,,,25.8,29.0,20.0,22.0,43.0,117.3,mixed_evaporative,MAXIMUM,0
SAC,2025,11,0,0,0,,,,23.0,29.0,20.0,22.0,45.0,116.8,mixed_evaporative,MAXIMUM,0
SAC,2025,12,0,0,0,,,,24.1,28.0,20.0,17.0,42.0,117.6,mixed_evaporative,MAXIMUM,0
SATF,2016,1,0,0,0,,,,,,,,,158.1,mixed_evaporative,,0
SATF,2016,2,0,0,0,,,,,,,,,156.5,mixed_evaporative,,0
SATF,2016,3,0,0,0,,,,,,,,,148.9,mixed_evaporative,,0
SATF,2016,4,3,0,0,,,,,,,,,150.4,mixed_evaporative,,0
SATF,2016,5,12,5,0,,,,,,,,,154.1,mixed_evaporative,,0
SATF,2016,6,23,20,3,,,,,,,,,154.1,mixed_evaporative,,0
SATF,2016,7,30,28,4,,,,,,,,,156.1,mixed_evaporative,,0
SATF,2016,8,31,27,0,,,,,,,,,155.8,mixed_evaporative,,0
SATF,2016,9,22,16,0,,,,,,,,,154.6,mixed_evaporative,,0
SATF,2016,10,1,0,0,,,,,,,,,155.6,mixed_evaporative,,0
SATF,2016,11,0,0,0,,,,,,,,,155.2,mixed_evaporative,,0
SATF,2016,12,0,0,0,,,,,,,,,157.9,mixed_evaporative,,0
SATF,2017,1,0,0,0,,,,8.5,15.0,11.0,3.0,28.0,160.1,mixed_evaporative,,0
SATF,2017,2,0,0,0,,,,9.9,15.0,12.0,7.0,26.0,161.8,mixed_evaporative,,0
SATF,2017,3,0,0,0,,,,8.2,13.0,11.0,0.0,21.0,164.6,mixed_evaporative,,0
SATF,2017,4,0,0,0,,,,8.3,12.0,10.0,2.0,20.0,163.5,mixed_evaporative,,0
SATF,2017,5,12,7,0,,,,8.3,13.0,11.0,0.0,21.0,165.1,mixed_evaporative,,0
SATF,2017,6,24,21,7,,,,9.2,12.0,11.0,0.0,19.0,165.7,mixed_evaporative,,0
SATF,2017,7,31,31,0,,,,9.9,19.0,20.0,0.0,21.0,167.5,mixed_evaporative,,0
SATF,2017,8,30,27,3,,,,7.7,18.0,21.0,0.0,20.0,165.7,mixed_evaporative,,0
SATF,2017,9,18,10,3,,,,12.1,17.0,19.0,0.0,19.0,168.0,mixed_evaporative,,0
SATF,2017,10,0,0,0,,,,10.4,16.0,18.0,0.0,17.0,169.9,mixed_evaporative,,0
SATF,2017,11,0,0,0,,,,9.1,13.0,12.0,5.0,17.0,166.2,mixed_evaporative,,0
SATF,2017,12,0,0,0,,,,12.8,13.0,12.0,5.0,17.0,166.3,mixed_evaporative,,0
SATF,2018,1,0,0,0,,,,9.9,11.0,11.0,2.0,14.0,164.2,mixed_evaporative,,0
SATF,2018,2,0,0,0,,,,11.2,10.0,9.0,2.0,16.0,167.7,mixed_evaporative,,0
SATF,2018,3,0,0,0,,,,9.1,9.0,7.0,2.0,16.0,170.6,mixed_evaporative,,0
SATF,2018,4,4,0,0,,,,8.1,9.0,8.0,5.0,14.0,174.3,mixed_evaporative,,0
SATF,2018,5,5,1,0,,,,8.5,11.0,11.0,2.0,13.0,175.6,mixed_evaporative,,0
SATF,2018,6,22,18,0,,,,9.0,12.0,12.0,2.0,16.0,172.7,mixed_evaporative,,0
SATF,2018,7,31,30,0,,,,9.9,17.0,15.0,0.0,27.0,171.7,mixed_evaporative,,0
SATF,2018,8,27,21,0,,,,12.0,18.0,15.0,2.0,29.0,171.2,mixed_evaporative,,0
SATF,2018,9,21,15,0,,,,11.1,17.0,11.0,2.0,32.0,169.8,mixed_evaporative,,0
SATF,2018,10,0,0,0,,,,10.9,16.0,10.0,5.0,29.0,165.8,mixed_evaporative,,0
SATF,2018,11,0,0,0,,,,12.5,13.0,8.0,7.0,25.0,164.5,mixed_evaporative,,0
SATF,2018,12,0,0,0,,,,14.8,13.0,8.0,7.0,24.0,163.3,mixed_evaporative,,0
SATF,2019,1,0,0,0,,,,13.3,12.0,8.0,7.0,23.0,163.1,mixed_evaporative,,0
SATF,2019,2,0,0,0,,,,13.3,13.0,7.0,10.0,25.0,161.4,mixed_evaporative,,0
SATF,2019,3,0,0,0,,,,17.6,13.0,8.0,5.0,25.0,160.9,mixed_evaporative,,0
SATF,2019,4,3,0,0,,,,15.2,13.0,7.0,7.0,27.0,163.5,mixed_evaporative,,0
SATF,2019,5,4,0,0,,,,11.7,14.0,7.0,10.0,29.0,160.6,mixed_evaporative,,0
SATF,2019,6,27,19,1,,,,10.6,13.0,7.0,7.0,25.0,159.3,mixed_evaporative,,0
SATF,2019,7,31,25,0,,,,11.0,13.0,8.0,7.0,26.0,161.1,mixed_evaporative,,0
SATF,2019,8,30,21,0,,,,16.3,15.0,12.0,5.0,23.0,161.8,mixed_evaporative,,0
SATF,2019,9,15,12,0,,,,15.9,14.0,13.0,0.0,22.0,160.0,mixed_evaporative,,0
SATF,2019,10,0,0,0,,,,14.9,15.0,13.0,0.0,22.0,157.1,mixed_evaporative,,0
SATF,2019,11,0,0,0,,,,17.9,16.0,12.0,0.0,26.0,156.6,mixed_evaporative,,0
SATF,2019,12,0,0,0,,,,17.8,14.0,11.0,0.0,24.0,154.9,mixed_evaporative,,0
SATF,2020,1,0,0,0,,,,11.6,13.0,11.0,0.0,22.0,154.7,mixed_evaporative,,0
SATF,2020,2,0,0,0,,,,12.7,12.0,10.0,2.0,20.0,154.7,mixed_evaporative,,0
SATF,2020,3,0,0,0,,,,12.2,12.0,10.0,2.0,19.0,154.1,mixed_evaporative,,0
SATF,2020,4,2,0,0,,,,9.0,12.0,9.0,7.0,20.0,141.5,mixed_evaporative,,0
SATF,2020,5,9,6,0,,,,10.5,12.0,8.0,7.0,20.0,141.5,mixed_evaporative,,0
SATF,2020,6,19,13,0,,,,10.7,12.0,9.0,5.0,20.0,141.2,mixed_evaporative,,0
SATF,2020,7,31,29,0,,,,13.0,14.0,8.0,10.0,26.0,136.5,mixed_evaporative,,0
SATF,2020,8,30,27,1,,,,11.5,14.0,7.0,12.0,27.0,132.3,mixed_evaporative,,0
SATF,2020,9,20,8,0,,,,12.3,14.0,6.0,12.0,32.0,129.7,mixed_evaporative,,0
SATF,2020,10,7,2,0,,,,13.3,11.0,7.0,12.0,19.0,129.8,mixed_evaporative,,0
SATF,2020,11,0,0,0,,,,8.3,11.0,7.0,12.0,19.0,127.8,mixed_evaporative,,0
SATF,2020,12,0,0,0,,,,11.6,13.0,9.0,20.0,20.0,126.0,mixed_evaporative,,0
SATF,2021,1,0,0,0,,,,11.8,11.0,9.0,22.0,15.0,0.1,mixed_evaporative,,0
SATF,2021,2,0,0,0,,,,10.6,13.0,10.0,27.0,16.0,129.8,mixed_evaporative,,0
SATF,2021,3,0,0,0,,,,13.0,14.0,11.0,27.0,17.0,131.7,mixed_evaporative,,0
SATF,2021,4,2,0,0,,,,13.7,11.0,7.0,25.0,17.0,135.9,mixed_evaporative,,0
SATF,2021,5,13,4,0,,,,6.8,12.0,8.0,27.0,17.0,139.9,mixed_evaporative,,0
SATF,2021,6,25,20,5,,,,10.2,12.0,9.0,27.0,17.0,145.1,mixed_evaporative,,0
SATF,2021,7,31,31,5,124.64,1.32,,14.9,12.0,8.0,18.0,20.0,147.7,mixed_evaporative,,0
SATF,2021,8,29,23,0,149.3,5.71,,13.6,12.0,8.0,11.0,21.0,146.9,mixed_evaporative,,0
SATF,2021,9,21,13,0,117.37,2.93,1.0,13.2,11.0,8.0,8.0,20.0,146.2,mixed_evaporative,,0
SATF,2021,10,2,0,0,188.41,0.49,1.0,9.7,12.0,9.0,5.0,20.0,146.5,mixed_evaporative,,0
SATF,2021,11,0,0,0,194.39,5.47,1.0,12.9,12.0,10.0,-3.0,21.0,146.2,mixed_evaporative,,0
SATF,2021,12,0,0,0,140.35,1.55,1.0,12.4,12.0,10.0,-3.0,21.0,144.8,mixed_evaporative,,0
SATF,2022,1,0,0,0,90.72,23.0,,12.1,17.0,14.0,-3.0,29.0,141.9,mixed_evaporative,,0
SATF,2022,2,0,0,0,88.43,25.65,,10.5,19.0,15.0,-3.0,33.0,139.9,mixed_evaporative,,0
SATF,2022,3,0,0,0,71.5,9.54,,12.7,20.0,16.0,-3.0,35.0,138.2,mixed_evaporative,,0
SATF,2022,4,2,0,0,113.35,6.21,,11.6,22.0,17.0,0.0,37.0,129.8,mixed_evaporative,,0
SATF,2022,5,9,3,0,,,,10.0,20.0,14.0,8.0,37.0,129.5,mixed_evaporative,,0
SATF,2022,6,22,14,0,,,,8.7,20.0,13.0,8.0,37.0,132.7,mixed_evaporative,,0
SATF,2022,7,28,25,1,151.35,1.08,1.0,13.2,21.0,15.0,12.0,36.0,134.4,mixed_evaporative,,0
SATF,2022,8,31,28,0,101.55,1.88,,15.1,23.0,20.0,8.0,34.0,136.4,mixed_evaporative,,0
SATF,2022,9,19,14,4,175.15,4.51,1.0,20.9,22.0,20.0,8.0,32.0,138.0,mixed_evaporative,,0
SATF,2022,10,12,3,0,217.55,1.39,1.0,16.5,27.0,27.0,14.0,30.0,137.2,mixed_evaporative,,0
SATF,2022,11,0,0,0,176.95,0.51,,14.8,20.0,17.0,5.0,31.0,137.5,mixed_evaporative,,0
SATF,2022,12,0,0,0,152.45,3.89,,17.1,19.0,15.0,10.0,32.0,136.8,mixed_evaporative,,0
SATF,2023,1,0,0,0,195.85,4.41,,14.6,25.0,19.0,12.0,40.0,135.8,mixed_evaporative,,0
SATF,2023,2,0,0,0,165.65,0.67,2.0,14.2,26.0,20.0,12.0,42.0,135.5,mixed_evaporative,,0
SATF,2023,3,0,0,0,248.26,0.4,1.0,12.3,27.0,21.0,12.0,44.0,137.0,mixed_evaporative,,0
SATF,2023,4,3,0,0,343.99,0.91,2.0,16.8,27.0,22.0,10.0,43.0,134.6,mixed_evaporative,,0
SATF,2023,5,10,6,0,,,,12.6,27.0,21.0,10.0,45.0,132.4,mixed_evaporative,,0
SATF,2023,6,11,4,0,,,,18.2,27.0,21.0,10.0,45.0,131.8,mixed_evaporative,,0
SATF,2023,7,30,26,7,477.13,1.45,,15.9,26.0,21.0,10.0,44.0,132.8,mixed_evaporative,,0
SATF,2023,8,27,21,0,376.18,0.16,,18.7,26.0,21.0,10.0,44.0,136.6,mixed_evaporative,,0
SATF,2023,9,12,4,0,247.64,1.62,1.0,18.2,27.0,21.0,10.0,46.0,138.9,mixed_evaporative,,0
SATF,2023,10,5,2,0,1984.5,0.95,1.0,17.4,25.0,19.0,5.0,45.0,140.8,mixed_evaporative,,0
SATF,2023,11,0,0,0,1469.0,1.45,,24.0,25.0,19.0,2.0,44.0,141.8,mixed_evaporative,,0
SATF,2023,12,0,0,0,217.75,0.92,,18.5,24.0,18.0,5.0,44.0,138.9,mixed_evaporative,,0
SATF,2024,1,0,0,0,720.75,1.56,,18.6,28.0,22.0,5.0,48.0,129.0,mixed_evaporative,,0
SATF,2024,2,0,0,0,704.75,0.65,,21.5,27.0,21.0,5.0,47.0,123.1,mixed_evaporative,,0
SATF,2024,3,0,0,0,1023.5,2.61,2.0,19.1,28.0,20.0,7.0,49.0,126.7,mixed_evaporative,,0
SATF,2024,4,0,0,0,940.88,1.73,1.0,17.6,27.0,19.0,12.0,49.0,130.5,mixed_evaporative,,0
SATF,2024,5,11,1,0,,,,14.0,27.0,20.0,7.0,47.0,137.9,mixed_evaporative,,0
SATF,2024,6,27,18,1,,,,14.5,23.0,15.0,5.0,45.0,145.2,mixed_evaporative,,0
SATF,2024,7,31,30,10,946.0,0.0,1.0,16.6,20.0,14.0,5.0,38.0,160.2,mixed_evaporative,,0
SATF,2024,8,28,21,1,859.0,1.5,,20.3,20.0,14.0,2.0,38.0,159.5,mixed_evaporative,,0
SATF,2024,9,20,11,0,988.0,1.86,,15.2,20.0,14.0,2.0,38.0,159.8,mixed_evaporative,,0
SATF,2024,10,9,7,0,809.0,3.92,3.0,15.5,21.0,14.0,0.0,41.0,157.6,mixed_evaporative,,0
SATF,2024,11,0,0,0,1077.25,0.98,,17.8,21.0,14.0,5.0,41.0,155.8,mixed_evaporative,,0
SATF,2024,12,0,0,0,1017.5,2.42,,15.9,21.0,13.0,7.0,41.0,153.7,mixed_evaporative,,0
SATF,2025,1,0,0,0,1079.5,0.32,,14.8,26.0,19.0,14.0,44.0,150.3,mixed_evaporative,,0
SATF,2025,2,0,0,0,980.25,3.27,,12.3,24.0,18.0,7.0,43.0,152.9,mixed_evaporative,,0
SATF,2025,3,0,0,0,1289.0,4.86,,10.2,24.0,18.0,5.0,42.0,155.9,mixed_evaporative,,0
SATF,2025,4,0,0,0,1081.5,0.08,,12.8,23.0,16.0,5.0,43.0,158.0,mixed_evaporative,,0
SATF,2025,5,9,4,0,,,,12.5,20.0,14.0,7.0,38.0,157.9,mixed_evaporative,,0
SATF,2025,6,26,17,0,,,,11.3,19.0,14.0,7.0,34.0,157.7,mixed_evaporative,,0
SATF,2025,7,28,21,0,,,,19.3,25.0,19.0,9.0,40.0,157.3,mixed_evaporative,,0
SATF,2025,8,31,27,0,,,,13.4,26.0,20.0,9.0,41.0,157.0,mixed_evaporative,,0
SATF,2025,9,16,8,0,,,,11.9,25.0,20.0,9.0,39.0,157.8,mixed_evaporative,,0
SATF,2025,10,1,0,0,,,,13.4,25.0,19.0,7.0,40.0,159.8,mixed_evaporative,,0
SATF,2025,11,0,0,0,,,,13.0,25.0,18.0,9.0,40.0,158.1,mixed_evaporative,,0
SATF,2025,12,0,0,0,,,,11.4,22.0,15.0,7.0,38.0,155.3,mixed_evaporative,,0
SCC,2016,1,0,0,0,,,,,,,,,109.8,mixed_ventilation_only,MEDIUM,0
SCC,2016,2,0,0,0,,,,,,,,,110.4,mixed_ventilation_only,MEDIUM,0
SCC,2016,3,0,0,0,,,,,,,,,111.6,mixed_ventilation_only,MEDIUM,0
SCC,2016,4,0,0,0,,,,,,,,,109.7,mixed_ventilation_only,MEDIUM,0
SCC,2016,5,4,1,0,,,,,,,,,110.6,mixed_ventilation_only,MEDIUM,0
SCC,2016,6,20,16,2,,,,,,,,,110.2,mixed_ventilation_only,MEDIUM,0
SCC,2016,7,23,17,5,,,,,,,,,109.1,mixed_ventilation_only,MEDIUM,0
SCC,2016,8,27,12,1,,,,,,,,,106.7,mixed_ventilation_only,MEDIUM,0
SCC,2016,9,13,3,0,,,,,,,,,106.0,mixed_ventilation_only,MEDIUM,0
SCC,2016,10,1,0,0,,,,,,,,,106.3,mixed_ventilation_only,MEDIUM,0
SCC,2016,11,0,0,0,,,,,,,,,108.9,mixed_ventilation_only,MEDIUM,0
SCC,2016,12,0,0,0,,,,,,,,,108.4,mixed_ventilation_only,MEDIUM,0
SCC,2017,1,0,0,0,,,,4.0,18.0,20.0,6.0,22.0,107.5,mixed_ventilation_only,MEDIUM,0
SCC,2017,2,0,0,0,,,,5.2,19.0,20.0,14.0,22.0,105.5,mixed_ventilation_only,MEDIUM,0
SCC,2017,3,0,0,0,,,,3.5,17.0,20.0,6.0,15.0,104.3,mixed_ventilation_only,MEDIUM,0
SCC,2017,4,0,0,0,,,,7.0,17.0,20.0,6.0,19.0,107.7,mixed_ventilation_only,MEDIUM,0
SCC,2017,5,6,2,0,,,,6.3,18.0,22.0,6.0,19.0,105.4,mixed_ventilation_only,MEDIUM,0
SCC,2017,6,19,11,5,,,,3.4,15.0,17.0,3.0,19.0,106.6,mixed_ventilation_only,MEDIUM,0
SCC,2017,7,31,26,3,,,,4.3,16.0,19.0,3.0,19.0,106.7,mixed_ventilation_only,MEDIUM,0
SCC,2017,8,27,17,6,,,,4.7,14.0,16.0,3.0,15.0,110.2,mixed_ventilation_only,MEDIUM,0
SCC,2017,9,11,5,3,,,,7.4,14.0,17.0,6.0,13.0,112.3,mixed_ventilation_only,MEDIUM,0
SCC,2017,10,0,0,0,,,,4.2,17.0,20.0,6.0,13.0,111.6,mixed_ventilation_only,MEDIUM,0
SCC,2017,11,0,0,0,,,,8.5,16.0,20.0,6.0,13.0,111.2,mixed_ventilation_only,MEDIUM,0
SCC,2017,12,0,0,0,,,,6.6,16.0,20.0,6.0,13.0,109.5,mixed_ventilation_only,MEDIUM,0
SCC,2018,1,0,0,0,,,,4.7,19.0,22.0,10.0,16.0,108.6,mixed_ventilation_only,MEDIUM,0
SCC,2018,2,0,0,0,,,,6.5,21.0,24.0,14.0,23.0,108.5,mixed_ventilation_only,MEDIUM,0
SCC,2018,3,0,0,0,,,,2.7,22.0,25.0,14.0,23.0,109.1,mixed_ventilation_only,MEDIUM,0
SCC,2018,4,0,0,0,,,,4.4,24.0,27.0,14.0,23.0,107.5,mixed_ventilation_only,MEDIUM,0
SCC,2018,5,2,0,0,,,,3.9,25.0,28.0,17.0,23.0,108.5,mixed_ventilation_only,MEDIUM,0
SCC,2018,6,16,6,0,,,,4.4,25.0,28.0,14.0,24.0,107.3,mixed_ventilation_only,MEDIUM,0
SCC,2018,7,29,26,0,,,,5.1,21.0,26.0,11.0,7.0,107.4,mixed_ventilation_only,MEDIUM,0
SCC,2018,8,20,13,0,,,,5.2,22.0,26.0,11.0,17.0,108.8,mixed_ventilation_only,MEDIUM,0
SCC,2018,9,16,3,0,,,,6.5,21.0,24.0,14.0,17.0,108.8,mixed_ventilation_only,MEDIUM,0
SCC,2018,10,0,0,0,,,,5.8,20.0,24.0,11.0,12.0,109.5,mixed_ventilation_only,MEDIUM,0
SCC,2018,11,0,0,0,,,,5.4,20.0,23.0,11.0,17.0,107.5,mixed_ventilation_only,MEDIUM,0
SCC,2018,12,0,0,0,,,,4.2,20.0,22.0,11.0,17.0,108.7,mixed_ventilation_only,MEDIUM,0
SCC,2019,1,0,0,0,,,,4.4,14.0,16.0,8.0,3.0,105.9,mixed_ventilation_only,MEDIUM,0
SCC,2019,2,0,0,0,,,,4.8,16.0,17.0,8.0,22.0,102.8,mixed_ventilation_only,MEDIUM,0
SCC,2019,3,0,0,0,,,,3.7,16.0,17.0,8.0,17.0,102.0,mixed_ventilation_only,MEDIUM,0
SCC,2019,4,0,0,0,,,,4.7,16.0,17.0,8.0,22.0,104.3,mixed_ventilation_only,MEDIUM,0
SCC,2019,5,0,0,0,,,,7.4,17.0,16.0,17.0,22.0,97.8,mixed_ventilation_only,MEDIUM,0
SCC,2019,6,14,6,0,,,,8.3,16.0,16.0,14.0,14.0,99.5,mixed_ventilation_only,MEDIUM,0
SCC,2019,7,25,11,1,,,,4.2,21.0,23.0,6.0,31.0,103.3,mixed_ventilation_only,MEDIUM,0
SCC,2019,8,26,16,0,,,,6.1,23.0,25.0,6.0,28.0,105.3,mixed_ventilation_only,MEDIUM,0
SCC,2019,9,12,7,0,,,,7.5,22.0,25.0,6.0,27.0,103.6,mixed_ventilation_only,MEDIUM,0
SCC,2019,10,0,0,0,,,,7.1,21.0,25.0,6.0,22.0,107.9,mixed_ventilation_only,MEDIUM,0
SCC,2019,11,0,0,0,,,,7.6,18.0,20.0,6.0,18.0,113.0,mixed_ventilation_only,MEDIUM,0
SCC,2019,12,0,0,0,,,,4.1,19.0,20.0,6.0,27.0,114.2,mixed_ventilation_only,MEDIUM,0
SCC,2020,1,0,0,0,,,,5.4,14.0,15.0,5.0,22.0,114.6,mixed_ventilation_only,MEDIUM,0
SCC,2020,2,0,0,0,,,,5.6,18.0,19.0,5.0,28.0,112.8,mixed_ventilation_only,MEDIUM,0
SCC,2020,3,0,0,0,,,,3.7,16.0,15.0,6.0,32.0,113.0,mixed_ventilation_only,MEDIUM,0
SCC,2020,4,0,0,0,,,,4.8,14.0,14.0,3.0,32.0,104.6,mixed_ventilation_only,MEDIUM,0
SCC,2020,5,7,3,0,,,,4.5,15.0,14.0,3.0,32.0,104.7,mixed_ventilation_only,MEDIUM,0
SCC,2020,6,16,11,0,,,,6.9,13.0,12.0,3.0,32.0,105.0,mixed_ventilation_only,MEDIUM,0
SCC,2020,7,29,15,0,,,,4.8,14.0,14.0,3.0,25.0,95.9,mixed_ventilation_only,MEDIUM,0
SCC,2020,8,28,17,5,,,,6.2,14.0,15.0,0.0,25.0,85.3,mixed_ventilation_only,MEDIUM,0
SCC,2020,9,15,7,2,,,,6.9,15.0,17.0,0.0,20.0,78.8,mixed_ventilation_only,MEDIUM,0
SCC,2020,10,8,0,0,,,,5.7,18.0,21.0,3.0,20.0,80.2,mixed_ventilation_only,MEDIUM,0
SCC,2020,11,0,0,0,,,,4.9,18.0,19.0,6.0,24.0,80.7,mixed_ventilation_only,MEDIUM,0
SCC,2020,12,0,0,0,,,,3.9,21.0,22.0,10.0,33.0,76.6,mixed_ventilation_only,MEDIUM,0
SCC,2021,1,0,0,0,,,,4.6,24.0,25.0,13.0,30.0,82.2,mixed_ventilation_only,MEDIUM,0
SCC,2021,2,0,0,0,,,,3.2,23.0,23.0,13.0,35.0,83.9,mixed_ventilation_only,MEDIUM,0
SCC,2021,3,0,0,0,,,,1.9,24.0,24.0,14.0,35.0,83.6,mixed_ventilation_only,MEDIUM,0
SCC,2021,4,0,0,0,,,,8.7,23.0,24.0,11.0,35.0,82.7,mixed_ventilation_only,MEDIUM,0
SCC,2021,5,6,1,0,,,,4.1,17.0,17.0,8.0,30.0,86.6,mixed_ventilation_only,MEDIUM,0
SCC,2021,6,20,15,4,,,,3.4,15.0,14.0,8.0,30.0,91.8,mixed_ventilation_only,MEDIUM,0
SCC,2021,7,31,26,4,0.0,2.47,,5.8,15.0,14.0,7.0,29.0,97.4,mixed_ventilation_only,MEDIUM,0
SCC,2021,8,24,18,2,12.6,5.52,,4.1,17.0,16.0,10.0,33.0,96.7,mixed_ventilation_only,MEDIUM,0
SCC,2021,9,18,10,1,32.0,2.23,,5.9,18.0,16.0,14.0,33.0,96.4,mixed_ventilation_only,MEDIUM,0
SCC,2021,10,0,0,0,21.0,1.23,,8.1,15.0,15.0,7.0,29.0,96.2,mixed_ventilation_only,MEDIUM,0
SCC,2021,11,0,0,0,74.1,0.64,,5.4,17.0,15.0,14.0,33.0,94.9,mixed_ventilation_only,MEDIUM,0
SCC,2021,12,0,0,0,56.0,0.58,,4.8,19.0,17.0,14.0,38.0,93.5,mixed_ventilation_only,MEDIUM,0
SCC,2022,1,0,0,0,44.0,7.72,,5.8,16.0,15.0,14.0,31.0,88.5,mixed_ventilation_only,MEDIUM,0
SCC,2022,2,0,0,0,24.0,8.6,,5.8,18.0,17.0,14.0,31.0,86.7,mixed_ventilation_only,MEDIUM,0
SCC,2022,3,0,0,0,17.15,2.52,,6.5,17.0,16.0,14.0,35.0,85.3,mixed_ventilation_only,MEDIUM,0
SCC,2022,4,1,0,0,16.0,0.28,,1.9,21.0,20.0,17.0,38.0,78.1,mixed_ventilation_only,MEDIUM,0
SCC,2022,5,4,1,0,,,,6.2,22.0,21.0,21.0,31.0,76.4,mixed_ventilation_only,MEDIUM,0
SCC,2022,6,16,10,0,,,,4.0,20.0,19.0,15.0,38.0,76.5,mixed_ventilation_only,MEDIUM,0
SCC,2022,7,24,18,2,8.0,2.39,,7.5,21.0,20.0,24.0,27.0,74.3,mixed_ventilation_only,MEDIUM,0
SCC,2022,8,29,18,1,6.9,3.12,,3.0,27.0,29.0,23.0,20.0,78.3,mixed_ventilation_only,MEDIUM,0
SCC,2022,9,17,10,9,8.05,0.99,,6.5,28.0,30.0,19.0,27.0,81.4,mixed_ventilation_only,MEDIUM,0
SCC,2022,10,7,0,0,8.0,0.0,,7.6,28.0,30.0,19.0,27.0,111.5,mixed_ventilation_only,MEDIUM,0
SCC,2022,11,0,0,0,45.0,0.0,,9.4,26.0,28.0,16.0,27.0,114.2,mixed_ventilation_only,MEDIUM,0
SCC,2022,12,0,0,0,47.0,0.0,,5.6,25.0,25.0,16.0,33.0,123.8,mixed_ventilation_only,MEDIUM,0
SCC,2023,1,0,0,0,8.0,0.18,,6.8,30.0,31.0,15.0,47.0,131.1,mixed_ventilation_only,MEDIUM,0
SCC,2023,2,0,0,0,50.15,1.14,1.0,8.2,29.0,29.0,19.0,40.0,130.2,mixed_ventilation_only,MEDIUM,0
SCC,2023,3,0,0,0,35.6,0.0,,3.3,30.0,30.0,26.0,40.0,122.9,mixed_ventilation_only,MEDIUM,0
SCC,2023,4,0,0,0,43.0,0.0,,5.9,29.0,28.0,26.0,40.0,117.6,mixed_ventilation_only,MEDIUM,0
SCC,2023,5,6,0,0,,,,6.9,27.0,28.0,18.0,40.0,116.2,mixed_ventilation_only,MEDIUM,0
SCC,2023,6,4,1,0,,,,7.0,28.0,29.0,14.0,47.0,80.5,mixed_ventilation_only,MEDIUM,0
SCC,2023,7,26,21,7,42.43,0.0,,9.5,25.0,27.0,11.0,40.0,81.8,mixed_ventilation_only,MEDIUM,0
SCC,2023,8,23,8,1,43.0,0.53,,10.7,26.0,25.0,18.0,53.0,87.9,mixed_ventilation_only,MEDIUM,0
SCC,2023,9,6,0,0,86.45,0.16,,11.0,25.0,24.0,14.0,47.0,87.7,mixed_ventilation_only,MEDIUM,0
SCC,2023,10,4,0,0,1362.0,0.0,,10.4,22.0,21.0,14.0,47.0,85.8,mixed_ventilation_only,MEDIUM,0
SCC,2023,11,0,0,0,1687.0,0.0,,13.5,21.0,19.0,18.0,47.0,83.7,mixed_ventilation_only,MEDIUM,0
SCC,2023,12,0,0,0,1778.0,0.0,,12.3,22.0,21.0,14.0,47.0,81.0,mixed_ventilation_only,MEDIUM,0
SCC,2024,1,0,0,0,25.0,2.75,,10.5,22.0,20.0,14.0,50.0,79.2,mixed_ventilation_only,MEDIUM,0
SCC,2024,2,0,0,0,25.0,1.43,1.0,10.3,19.0,17.0,14.0,38.0,80.1,mixed_ventilation_only,MEDIUM,0
SCC,2024,3,0,0,0,38.0,0.0,,9.8,18.0,17.0,11.0,38.0,79.8,mixed_ventilation_only,MEDIUM,0
SCC,2024,4,0,0,0,0.0,0.0,,11.1,14.0,15.0,7.0,25.0,79.7,mixed_ventilation_only,MEDIUM,0
SCC,2024,5,0,0,0,,,,8.6,15.0,15.0,11.0,25.0,81.3,mixed_ventilation_only,MEDIUM,0
SCC,2024,6,16,10,0,,,,8.5,17.0,17.0,11.0,27.0,80.8,mixed_ventilation_only,MEDIUM,0
SCC,2024,7,27,24,12,51.0,0.0,,10.3,18.0,18.0,11.0,27.0,81.4,mixed_ventilation_only,MEDIUM,0
SCC,2024,8,19,14,1,215.0,0.0,,12.1,19.0,19.0,11.0,27.0,79.7,mixed_ventilation_only,MEDIUM,0
SCC,2024,9,14,8,0,15.0,0.0,,9.9,20.0,22.0,11.0,27.0,80.5,mixed_ventilation_only,MEDIUM,0
SCC,2024,10,8,7,0,46.0,0.0,,7.6,19.0,20.0,11.0,21.0,81.1,mixed_ventilation_only,MEDIUM,0
SCC,2024,11,0,0,0,38.0,0.0,,9.3,18.0,19.0,7.0,27.0,83.3,mixed_ventilation_only,MEDIUM,0
SCC,2024,12,0,0,0,45.0,0.0,,9.2,19.0,19.0,14.0,27.0,83.7,mixed_ventilation_only,MEDIUM,0
SCC,2025,1,0,0,0,44.0,0.0,,7.9,20.0,20.0,18.0,27.0,83.9,mixed_ventilation_only,MEDIUM,0
SCC,2025,2,0,0,0,29.5,0.0,,11.8,21.0,22.0,14.0,27.0,84.1,mixed_ventilation_only,MEDIUM,0
SCC,2025,3,0,0,0,24.0,0.76,,8.1,20.0,20.0,14.0,27.0,82.7,mixed_ventilation_only,MEDIUM,0
SCC,2025,4,0,0,0,25.0,1.15,,9.8,21.0,20.0,21.0,21.0,81.0,mixed_ventilation_only,MEDIUM,0
SCC,2025,5,4,2,0,,,,8.1,19.0,18.0,25.0,21.0,80.0,mixed_ventilation_only,MEDIUM,0
SCC,2025,6,14,4,0,,,,7.1,17.0,16.0,18.0,21.0,79.4,mixed_ventilation_only,MEDIUM,0
SCC,2025,7,17,6,0,,,,8.7,16.0,15.0,17.0,18.0,78.6,mixed_ventilation_only,MEDIUM,0
SCC,2025,8,26,13,0,,,,13.1,15.0,13.0,14.0,18.0,78.4,mixed_ventilation_only,MEDIUM,0
SCC,2025,9,9,5,0,,,,13.4,15.0,13.0,14.0,18.0,79.7,mixed_ventilation_only,MEDIUM,0
SCC,2025,10,0,0,0,,,,9.3,15.0,14.0,10.0,18.0,81.9,mixed_ventilation_only,MEDIUM,0
SCC,2025,11,0,0,0,,,,13.0,14.0,13.0,10.0,18.0,81.7,mixed_ventilation_only,MEDIUM,0
SCC,2025,12,0,0,0,,,,10.7,13.0,14.0,7.0,15.0,82.5,mixed_ventilation_only,MEDIUM,0
SOL,2016,1,0,0,0,,,,,,,,,146.5,mixed_ventilation_only,MAXIMUM,0
SOL,2016,2,0,0,0,,,,,,,,,147.8,mixed_ventilation_only,MAXIMUM,0
SOL,2016,3,0,0,0,,,,,,,,,146.6,mixed_ventilation_only,MAXIMUM,0
SOL,2016,4,0,0,0,,,,,,,,,145.9,mixed_ventilation_only,MAXIMUM,0
SOL,2016,5,5,2,0,,,,,,,,,144.9,mixed_ventilation_only,MAXIMUM,0
SOL,2016,6,18,10,4,,,,,,,,,147.4,mixed_ventilation_only,MAXIMUM,0
SOL,2016,7,18,12,7,,,,,,,,,148.1,mixed_ventilation_only,MAXIMUM,0
SOL,2016,8,18,6,2,,,,,,,,,152.7,mixed_ventilation_only,MAXIMUM,0
SOL,2016,9,12,6,0,,,,,,,,,156.9,mixed_ventilation_only,MAXIMUM,0
SOL,2016,10,0,0,0,,,,,,,,,160.6,mixed_ventilation_only,MAXIMUM,0
SOL,2016,11,0,0,0,,,,,,,,,162.0,mixed_ventilation_only,MAXIMUM,0
SOL,2016,12,0,0,0,,,,,,,,,161.0,mixed_ventilation_only,MAXIMUM,0
SOL,2017,1,0,0,0,,,,11.1,19.0,18.0,8.0,28.0,160.3,mixed_ventilation_only,MAXIMUM,0
SOL,2017,2,0,0,0,,,,12.1,17.0,14.0,17.0,28.0,158.6,mixed_ventilation_only,MAXIMUM,0
SOL,2017,3,0,0,0,,,,9.6,16.0,15.0,8.0,26.0,156.2,mixed_ventilation_only,MAXIMUM,0
SOL,2017,4,0,0,0,,,,9.2,16.0,15.0,8.0,24.0,153.9,mixed_ventilation_only,MAXIMUM,0
SOL,2017,5,8,2,0,,,,8.3,16.0,14.0,14.0,24.0,150.0,mixed_ventilation_only,MAXIMUM,0
SOL,2017,6,14,8,6,,,,5.8,15.0,14.0,7.0,24.0,148.5,mixed_ventilation_only,MAXIMUM,0
SOL,2017,7,25,15,7,,,,9.3,16.0,15.0,7.0,26.0,148.1,mixed_ventilation_only,MAXIMUM,0
SOL,2017,8,20,10,7,,,,5.9,18.0,18.0,11.0,24.0,143.6,mixed_ventilation_only,MAXIMUM,0
SOL,2017,9,13,5,3,,,,10.4,19.0,19.0,14.0,24.0,142.5,mixed_ventilation_only,MAXIMUM,0
SOL,2017,10,0,0,0,,,,10.8,19.0,19.0,14.0,24.0,143.1,mixed_ventilation_only,MAXIMUM,0
SOL,2017,11,0,0,0,,,,8.0,17.0,17.0,18.0,18.0,142.7,mixed_ventilation_only,MAXIMUM,0
SOL,2017,12,0,0,0,,,,11.6,17.0,17.0,18.0,18.0,142.4,mixed_ventilation_only,MAXIMUM,0
SOL,2018,1,0,0,0,,,,12.1,16.0,17.0,11.0,17.0,144.3,mixed_ventilation_only,MAXIMUM,0
SOL,2018,2,0,0,0,,,,9.3,15.0,16.0,14.0,9.0,144.3,mixed_ventilation_only,MAXIMUM,0
SOL,2018,3,0,0,0,,,,14.3,14.0,15.0,14.0,9.0,147.0,mixed_ventilation_only,MAXIMUM,0
SOL,2018,4,0,0,0,,,,14.4,15.0,16.0,14.0,11.0,150.1,mixed_ventilation_only,MAXIMUM,0
SOL,2018,5,2,2,0,,,,11.9,15.0,17.0,11.0,9.0,150.6,mixed_ventilation_only,MAXIMUM,0
SOL,2018,6,12,8,3,,,,11.9,15.0,18.0,4.0,12.0,152.3,mixed_ventilation_only,MAXIMUM,0
SOL,2018,7,28,20,3,,,,10.3,16.0,19.0,7.0,3.0,153.8,mixed_ventilation_only,MAXIMUM,0
SOL,2018,8,16,10,2,,,,7.1,15.0,19.0,0.0,5.0,156.2,mixed_ventilation_only,MAXIMUM,0
SOL,2018,9,13,2,0,,,,7.5,14.0,16.0,0.0,15.0,156.7,mixed_ventilation_only,MAXIMUM,0
SOL,2018,10,0,0,0,,,,11.5,13.0,15.0,0.0,15.0,155.4,mixed_ventilation_only,MAXIMUM,0
SOL,2018,11,0,0,0,,,,10.5,12.0,13.0,0.0,17.0,158.4,mixed_ventilation_only,MAXIMUM,0
SOL,2018,12,0,0,0,,,,8.5,11.0,12.0,4.0,17.0,160.9,mixed_ventilation_only,MAXIMUM,0
SOL,2019,1,0,0,0,,,,7.0,9.0,10.0,4.0,12.0,161.8,mixed_ventilation_only,MAXIMUM,0
SOL,2019,2,0,0,0,,,,9.3,12.0,12.0,4.0,16.0,163.3,mixed_ventilation_only,MAXIMUM,0
SOL,2019,3,0,0,0,,,,8.1,13.0,13.0,4.0,18.0,164.5,mixed_ventilation_only,MAXIMUM,0
SOL,2019,4,2,0,0,,,,7.3,13.0,14.0,4.0,14.0,167.5,mixed_ventilation_only,MAXIMUM,0
SOL,2019,5,0,0,0,,,,8.5,13.0,14.0,4.0,13.0,171.6,mixed_ventilation_only,MAXIMUM,0
SOL,2019,6,13,8,3,,,,9.8,13.0,14.0,4.0,13.0,173.7,mixed_ventilation_only,MAXIMUM,0
SOL,2019,7,20,9,3,,,,9.7,14.0,16.0,4.0,11.0,175.3,mixed_ventilation_only,MAXIMUM,0
SOL,2019,8,21,18,4,,,,9.3,15.0,19.0,4.0,6.0,174.7,mixed_ventilation_only,MAXIMUM,0
SOL,2019,9,11,7,0,,,,13.7,16.0,20.0,0.0,6.0,173.9,mixed_ventilation_only,MAXIMUM,0
SOL,2019,10,1,0,0,,,,11.4,16.0,19.0,0.0,9.0,175.2,mixed_ventilation_only,MAXIMUM,0
SOL,2019,11,0,0,0,,,,10.4,15.0,18.0,0.0,9.0,170.8,mixed_ventilation_only,MAXIMUM,0
SOL,2019,12,0,0,0,,,,8.0,16.0,19.0,4.0,9.0,166.9,mixed_ventilation_only,MAXIMUM,0
SOL,2020,1,0,0,0,,,,7.8,14.0,16.0,3.0,6.0,165.1,mixed_ventilation_only,MAXIMUM,0
SOL,2020,2,0,0,0,,,,13.6,15.0,18.0,10.0,0.0,162.6,mixed_ventilation_only,MAXIMUM,0
SOL,2020,3,0,0,0,,,,12.2,15.0,17.0,10.0,7.0,160.1,mixed_ventilation_only,MAXIMUM,0
SOL,2020,4,2,0,0,,,,12.0,16.0,19.0,7.0,7.0,143.8,mixed_ventilation_only,MAXIMUM,0
SOL,2020,5,7,5,2,,,,11.0,15.0,17.0,7.0,9.0,142.5,mixed_ventilation_only,MAXIMUM,0
SOL,2020,6,18,12,2,,,,8.4,17.0,18.0,10.0,16.0,141.7,mixed_ventilation_only,MAXIMUM,0
SOL,2020,7,26,14,2,,,,9.2,17.0,18.0,10.0,16.0,137.0,mixed_ventilation_only,MAXIMUM,0
SOL,2020,8,26,14,7,,,,11.3,18.0,18.0,14.0,16.0,131.4,mixed_ventilation_only,MAXIMUM,0
SOL,2020,9,16,9,4,,,,11.4,17.0,18.0,17.0,13.0,127.9,mixed_ventilation_only,MAXIMUM,0
SOL,2020,10,14,3,0,,,,12.3,18.0,20.0,10.0,13.0,126.4,mixed_ventilation_only,MAXIMUM,0
SOL,2020,11,0,0,0,,,,7.2,18.0,20.0,14.0,10.0,123.8,mixed_ventilation_only,MAXIMUM,0
SOL,2020,12,0,0,0,,,,10.9,17.0,19.0,14.0,7.0,121.6,mixed_ventilation_only,MAXIMUM,0
SOL,2021,1,0,0,0,,,,11.8,17.0,19.0,14.0,5.0,121.3,mixed_ventilation_only,MAXIMUM,0
SOL,2021,2,0,0,0,,,,12.5,17.0,18.0,14.0,8.0,120.1,mixed_ventilation_only,MAXIMUM,0
SOL,2021,3,0,0,0,,,,7.9,17.0,18.0,14.0,8.0,118.4,mixed_ventilation_only,MAXIMUM,0
SOL,2021,4,1,0,0,,,,14.2,16.0,16.0,17.0,14.0,123.4,mixed_ventilation_only,MAXIMUM,0
SOL,2021,5,8,2,1,,,,13.3,15.0,15.0,17.0,14.0,124.8,mixed_ventilation_only,MAXIMUM,0
SOL,2021,6,17,10,3,,,,9.4,16.0,17.0,14.0,14.0,123.8,mixed_ventilation_only,MAXIMUM,0
SOL,2021,7,26,16,6,237.94,0.0,,9.9,14.0,16.0,7.0,12.0,125.7,mixed_ventilation_only,MAXIMUM,0
SOL,2021,8,20,17,8,150.55,0.79,,10.1,17.0,19.0,4.0,12.0,127.1,mixed_ventilation_only,MAXIMUM,0
SOL,2021,9,16,12,3,171.5,0.0,,9.7,15.0,15.0,14.0,12.0,124.9,mixed_ventilation_only,MAXIMUM,0
SOL,2021,10,4,0,0,93.6,23.92,,8.3,13.0,15.0,7.0,9.0,127.0,mixed_ventilation_only,MAXIMUM,0
SOL,2021,11,0,0,0,80.15,1.9,,12.5,13.0,13.0,11.0,9.0,127.6,mixed_ventilation_only,MAXIMUM,0
SOL,2021,12,0,0,0,66.1,2.55,,6.6,13.0,14.0,7.0,9.0,127.7,mixed_ventilation_only,MAXIMUM,0
SOL,2022,1,0,0,0,77.07,23.08,,11.6,12.0,14.0,7.0,5.0,125.2,mixed_ventilation_only,MAXIMUM,0
SOL,2022,2,0,0,0,41.99,20.91,,9.9,11.0,13.0,4.0,3.0,123.1,mixed_ventilation_only,MAXIMUM,0
SOL,2022,3,0,0,0,80.9,7.67,1.0,10.5,14.0,16.0,4.0,8.0,123.8,mixed_ventilation_only,MAXIMUM,0
SOL,2022,4,0,0,0,93.86,5.92,,7.5,15.0,17.0,4.0,12.0,125.0,mixed_ventilation_only,MAXIMUM,0
SOL,2022,5,6,3,0,,,,6.1,14.0,15.0,-4.0,20.0,126.4,mixed_ventilation_only,MAXIMUM,0
SOL,2022,6,17,11,4,,,,4.6,15.0,17.0,-4.0,20.0,128.5,mixed_ventilation_only,MAXIMUM,0
SOL,2022,7,21,14,3,49.09,5.36,,10.5,18.0,18.0,11.0,23.0,125.5,mixed_ventilation_only,MAXIMUM,0
SOL,2022,8,22,14,4,89.91,0.0,,8.8,20.0,20.0,12.0,29.0,125.9,mixed_ventilation_only,MAXIMUM,0
SOL,2022,9,15,9,9,34.51,0.0,,13.2,19.0,19.0,4.0,29.0,127.8,mixed_ventilation_only,MAXIMUM,0
SOL,2022,10,7,2,0,62.28,0.0,,8.6,18.0,19.0,11.0,23.0,128.3,mixed_ventilation_only,MAXIMUM,0
SOL,2022,11,0,0,0,35.35,0.0,,9.7,19.0,19.0,11.0,23.0,127.8,mixed_ventilation_only,MAXIMUM,0
SOL,2022,12,0,0,0,38.95,1.57,,15.6,20.0,21.0,7.0,26.0,127.1,mixed_ventilation_only,MAXIMUM,0
SOL,2023,1,0,0,0,60.31,2.84,,13.6,22.0,22.0,7.0,34.0,128.2,mixed_ventilation_only,MAXIMUM,0
SOL,2023,2,0,0,0,60.03,0.0,,8.8,21.0,21.0,7.0,31.0,128.1,mixed_ventilation_only,MAXIMUM,0
SOL,2023,3,0,0,0,62.25,16.05,1.0,12.7,22.0,22.0,11.0,31.0,127.2,mixed_ventilation_only,MAXIMUM,0
SOL,2023,4,1,0,0,79.21,1.09,,16.6,22.0,21.0,15.0,31.0,128.0,mixed_ventilation_only,MAXIMUM,0
SOL,2023,5,4,1,0,,,,10.3,21.0,20.0,11.0,31.0,132.5,mixed_ventilation_only,MAXIMUM,0
SOL,2023,6,3,2,1,,,,9.1,21.0,22.0,7.0,31.0,137.8,mixed_ventilation_only,MAXIMUM,0
SOL,2023,7,24,16,7,114.89,0.0,,14.0,19.0,15.0,22.0,38.0,140.8,mixed_ventilation_only,MAXIMUM,0
SOL,2023,8,20,13,5,114.93,0.0,,19.2,19.0,16.0,22.0,36.0,140.7,mixed_ventilation_only,MAXIMUM,0
SOL,2023,9,7,0,0,127.09,0.0,,19.7,22.0,20.0,22.0,33.0,141.5,mixed_ventilation_only,MAXIMUM,0
SOL,2023,10,6,1,0,1051.65,0.0,,23.3,23.0,22.0,19.0,32.0,143.3,mixed_ventilation_only,MAXIMUM,0
SOL,2023,11,0,0,0,1380.5,0.0,,20.2,23.0,22.0,15.0,31.0,144.6,mixed_ventilation_only,MAXIMUM,0
SOL,2023,12,0,0,0,1359.75,0.0,,15.6,22.0,21.0,11.0,33.0,146.0,mixed_ventilation_only,MAXIMUM,0
SOL,2024,1,0,0,0,1474.25,0.0,,17.4,24.0,21.0,18.0,43.0,150.2,mixed_ventilation_only,MAXIMUM,0
SOL,2024,2,0,0,0,1318.75,0.0,,18.0,23.0,20.0,21.0,39.0,152.2,mixed_ventilation_only,MAXIMUM,0
SOL,2024,3,0,0,0,74.5,0.0,,15.5,19.0,16.0,11.0,36.0,151.6,mixed_ventilation_only,MAXIMUM,0
SOL,2024,4,0,0,0,61.5,20.88,,14.0,18.0,16.0,11.0,36.0,150.7,mixed_ventilation_only,MAXIMUM,0
SOL,2024,5,4,0,0,,,,14.2,19.0,17.0,11.0,36.0,152.0,mixed_ventilation_only,MAXIMUM,0
SOL,2024,6,15,8,2,,,,12.2,14.0,13.0,0.0,31.0,154.2,mixed_ventilation_only,MAXIMUM,0
SOL,2024,7,25,20,14,54.0,0.0,,8.0,13.0,12.0,0.0,31.0,157.5,mixed_ventilation_only,MAXIMUM,0
SOL,2024,8,20,9,2,83.25,0.0,1.0,10.3,14.0,12.0,7.0,27.0,155.9,mixed_ventilation_only,MAXIMUM,0
SOL,2024,9,13,7,1,73.25,0.0,,20.0,15.0,15.0,7.0,26.0,154.4,mixed_ventilation_only,MAXIMUM,0
SOL,2024,10,8,8,3,5.0,0.0,,17.2,13.0,12.0,11.0,23.0,150.4,mixed_ventilation_only,MAXIMUM,0
SOL,2024,11,0,0,0,0.0,0.0,1.0,20.0,15.0,14.0,11.0,26.0,149.7,mixed_ventilation_only,MAXIMUM,0
SOL,2024,12,0,0,0,29.0,0.0,,13.1,16.0,15.0,14.0,23.0,151.3,mixed_ventilation_only,MAXIMUM,0
SOL,2025,1,0,0,0,278.54,0.0,,13.8,16.0,15.0,21.0,17.0,149.7,mixed_ventilation_only,MAXIMUM,0
SOL,2025,2,0,0,0,18.25,0.12,,15.9,14.0,13.0,21.0,16.0,149.4,mixed_ventilation_only,MAXIMUM,0
SOL,2025,3,0,0,0,0.0,0.0,,13.7,15.0,14.0,17.0,19.0,149.7,mixed_ventilation_only,MAXIMUM,0
SOL,2025,4,0,0,0,0.0,6.15,,12.3,14.0,15.0,3.0,19.0,146.1,mixed_ventilation_only,MAXIMUM,0
SOL,2025,5,5,2,0,,,,10.9,15.0,17.0,3.0,17.0,142.9,mixed_ventilation_only,MAXIMUM,0
SOL,2025,6,7,2,0,,,,10.9,14.0,14.0,3.0,22.0,138.6,mixed_ventilation_only,MAXIMUM,0
SOL,2025,7,11,4,0,,,,11.9,11.0,11.0,3.0,15.0,137.2,mixed_ventilation_only,MAXIMUM,0
SOL,2025,8,22,12,3,,,,10.7,12.0,12.0,3.0,18.0,137.5,mixed_ventilation_only,MAXIMUM,0
SOL,2025,9,8,4,1,,,,6.4,14.0,15.0,10.0,8.0,141.7,mixed_ventilation_only,MAXIMUM,0
SOL,2025,10,1,0,0,,,,9.6,15.0,15.0,14.0,12.0,144.2,mixed_ventilation_only,MAXIMUM,0
SOL,2025,11,0,0,0,,,,12.5,15.0,15.0,14.0,12.0,145.3,mixed_ventilation_only,MAXIMUM,0
SOL,2025,12,0,0,0,,,,8.3,16.0,14.0,24.0,15.0,145.8,mixed_ventilation_only,MAXIMUM,0
SQ,2016,1,0,0,0,,,,,,,,,123.1,,MAXIMUM,0
SQ,2016,2,0,0,0,,,,,,,,,124.9,,MAXIMUM,0
SQ,2016,3,0,0,0,,,,,,,,,129.5,,MAXIMUM,0
SQ,2016,4,0,0,1,,,,,,,,,129.5,,MAXIMUM,0
SQ,2016,5,0,0,1,,,,,,,,,130.9,,MAXIMUM,0
SQ,2016,6,0,0,0,,,,,,,,,132.3,,MAXIMUM,0
SQ,2016,7,0,0,0,,,,,,,,,133.5,,MAXIMUM,0
SQ,2016,8,0,0,0,,,,,,,,,126.3,,MAXIMUM,0
SQ,2016,9,2,0,4,,,,,,,,,123.8,,MAXIMUM,0
SQ,2016,10,0,0,1,,,,,,,,,123.2,,MAXIMUM,0
SQ,2016,11,0,0,0,,,,,,,,,123.8,,MAXIMUM,0
SQ,2016,12,0,0,0,,,,,,,,,124.4,,MAXIMUM,0
SQ,2017,1,0,0,0,,,,6.4,25.0,15.0,10.0,46.0,125.5,,MAXIMUM,0
SQ,2017,2,0,0,0,,,,5.7,27.0,17.0,26.0,46.0,119.7,,MAXIMUM,0
SQ,2017,3,0,0,0,,,,9.8,27.0,17.0,17.0,46.0,123.8,,MAXIMUM,0
SQ,2017,4,0,0,0,,,,7.0,25.0,14.0,17.0,47.0,122.9,,MAXIMUM,0
SQ,2017,5,0,0,0,,,,7.8,25.0,13.0,19.0,48.0,128.3,,MAXIMUM,0
SQ,2017,6,0,0,1,,,,10.4,25.0,12.0,19.0,49.0,129.8,,MAXIMUM,0
SQ,2017,7,0,0,1,,,,8.2,28.0,18.0,15.0,49.0,132.3,,MAXIMUM,0
SQ,2017,8,0,0,1,,,,6.4,27.0,17.0,11.0,49.0,131.7,,MAXIMUM,0
SQ,2017,9,3,2,7,,,,8.9,26.0,15.0,11.0,48.0,131.1,,MAXIMUM,0
SQ,2017,10,0,0,2,,,,5.9,26.0,16.0,8.0,48.0,129.1,,MAXIMUM,0
SQ,2017,11,0,0,0,,,,3.8,26.0,14.0,8.0,50.0,130.1,,MAXIMUM,0
SQ,2017,12,0,0,0,,,,7.9,26.0,14.0,8.0,50.0,128.7,,MAXIMUM,0
SQ,2018,1,0,0,0,,,,7.2,27.0,14.0,11.0,53.0,124.5,,MAXIMUM,0
SQ,2018,2,0,0,0,,,,6.0,17.0,15.0,11.0,23.0,121.5,,MAXIMUM,0
SQ,2018,3,0,0,0,,,,6.8,17.0,15.0,15.0,24.0,118.8,,MAXIMUM,0
SQ,2018,4,0,0,0,,,,7.5,17.0,15.0,15.0,26.0,114.6,,MAXIMUM,0
SQ,2018,5,0,0,0,,,,5.1,16.0,14.0,8.0,24.0,126.1,,MAXIMUM,0
SQ,2018,6,0,0,1,,,,6.8,15.0,14.0,8.0,20.0,134.5,,MAXIMUM,0
SQ,2018,7,0,0,4,,,,7.3,20.0,18.0,8.0,28.0,139.6,,MAXIMUM,0
SQ,2018,8,0,0,1,,,,7.4,19.0,19.0,4.0,24.0,142.6,,MAXIMUM,0
SQ,2018,9,0,0,0,,,,8.8,20.0,17.0,4.0,29.0,141.2,,MAXIMUM,0
SQ,2018,10,0,0,2,,,,5.2,17.0,15.0,0.0,25.0,143.8,,MAXIMUM,0
SQ,2018,11,0,0,0,,,,8.4,17.0,14.0,0.0,25.0,137.7,,MAXIMUM,0
SQ,2018,12,0,0,0,,,,9.1,16.0,15.0,0.0,23.0,133.6,,MAXIMUM,0
SQ,2019,1,0,0,0,,,,11.0,16.0,15.0,0.0,23.0,129.0,,MAXIMUM,0
SQ,2019,2,0,0,0,,,,7.5,22.0,19.0,4.0,32.0,0.0,,MAXIMUM,0
SQ,2019,3,0,0,0,,,,7.1,21.0,19.0,4.0,29.0,0.0,,MAXIMUM,0
SQ,2019,4,0,0,1,,,,8.3,21.0,19.0,4.0,28.0,0.0,,MAXIMUM,0
SQ,2019,5,0,0,0,,,,6.9,19.0,18.0,4.0,26.0,0.0,,MAXIMUM,0
SQ,2019,6,3,2,4,,,,5.3,19.0,18.0,0.0,26.0,0.0,,MAXIMUM,0
SQ,2019,7,0,0,3,,,,6.8,22.0,22.0,4.0,24.0,0.0,,MAXIMUM,0
SQ,2019,8,1,0,6,,,,7.9,19.0,19.0,4.0,23.0,0.0,,MAXIMUM,0
SQ,2019,9,4,3,6,,,,10.7,18.0,20.0,8.0,15.0,0.0,,MAXIMUM,0
SQ,2019,10,1,0,6,,,,11.0,19.0,21.0,8.0,14.0,0.0,,MAXIMUM,0
SQ,2019,11,0,0,0,,,,14.2,18.0,20.0,8.0,15.0,0.0,,MAXIMUM,0
SQ,2019,12,0,0,0,,,,11.4,18.0,20.0,4.0,15.0,0.0,,MAXIMUM,0
SQ,2020,1,0,0,0,,,,5.8,17.0,19.0,4.0,15.0,130.9,,MAXIMUM,0
SQ,2020,2,0,0,0,,,,9.8,19.0,21.0,4.0,15.0,131.4,,MAXIMUM,0
SQ,2020,3,0,0,0,,,,6.7,19.0,21.0,8.0,15.0,129.4,,MAXIMUM,0
SQ,2020,4,0,0,0,,,,8.9,20.0,22.0,8.0,17.0,122.5,,MAXIMUM,0
SQ,2020,5,0,0,2,,,,7.5,21.0,22.0,8.0,20.0,117.7,,MAXIMUM,0
SQ,2020,6,1,0,6,,,,6.0,21.0,22.0,8.0,22.0,112.3,,MAXIMUM,0
SQ,2020,7,0,0,2,,,,5.6,20.0,21.0,8.0,21.0,102.5,,MAXIMUM,0
SQ,2020,8,4,1,8,,,,4.1,19.0,20.0,8.0,19.0,99.4,,MAXIMUM,0
SQ,2020,9,5,3,6,,,,6.1,18.0,20.0,11.0,15.0,95.1,,MAXIMUM,0
SQ,2020,10,3,2,8,,,,6.9,18.0,20.0,8.0,16.0,92.5,,MAXIMUM,0
SQ,2020,11,0,0,0,,,,33.3,20.0,22.0,8.0,16.0,88.7,,MAXIMUM,0
SQ,2020,12,0,0,0,,,,25.8,20.0,23.0,8.0,14.0,86.3,,MAXIMUM,0
SQ,2021,1,0,0,0,,,,14.5,20.0,23.0,8.0,11.0,84.8,,MAXIMUM,0
SQ,2021,2,0,0,0,,,,9.8,22.0,25.0,8.0,14.0,82.1,,MAXIMUM,0
SQ,2021,3,0,0,0,,,,8.5,22.0,26.0,8.0,14.0,79.8,,MAXIMUM,0
SQ,2021,4,0,0,1,,,,4.0,17.0,19.0,8.0,14.0,77.4,,MAXIMUM,0
SQ,2021,5,0,0,2,,,,8.1,16.0,16.0,11.0,17.0,78.5,,MAXIMUM,0
SQ,2021,6,0,0,2,,,,6.9,14.0,15.0,4.0,12.0,80.6,,MAXIMUM,0
SQ,2021,7,0,0,0,264.64,30.46,1.0,7.5,14.0,13.0,8.0,18.0,82.7,,MAXIMUM,0
SQ,2021,8,0,0,3,160.25,30.32,,6.5,16.0,15.0,8.0,18.0,86.4,,MAXIMUM,0
SQ,2021,9,1,0,4,113.15,28.96,,10.9,17.0,17.0,16.0,17.0,91.0,,MAXIMUM,0
SQ,2021,10,3,0,4,180.8,30.23,,9.1,17.0,18.0,8.0,17.0,95.7,,MAXIMUM,0
SQ,2021,11,0,0,0,210.7,29.63,,8.1,18.0,19.0,8.0,17.0,99.1,,MAXIMUM,0
SQ,2021,12,0,0,0,153.8,30.58,,10.7,19.0,20.0,8.0,18.0,101.9,,MAXIMUM,0
SQ,2022,1,0,0,0,160.0,23.26,,14.4,23.0,25.0,8.0,23.0,99.4,,MAXIMUM,0
SQ,2022,2,0,0,0,95.55,27.92,,14.7,25.0,25.0,20.0,25.0,98.8,,MAXIMUM,0
SQ,2022,3,0,0,0,119.25,8.07,2.0,9.4,26.0,27.0,20.0,26.0,98.6,,MAXIMUM,0
SQ,2022,4,0,0,1,128.6,0.0,,13.5,31.0,28.0,27.0,39.0,102.4,,MAXIMUM,0
SQ,2022,5,0,0,1,,,,11.2,38.0,39.0,20.0,40.0,104.5,,MAXIMUM,0
SQ,2022,6,3,1,6,,,,11.0,28.0,28.0,20.0,32.0,106.1,,MAXIMUM,0
SQ,2022,7,0,0,0,212.9,21.07,,12.3,28.0,28.0,24.0,30.0,105.0,,MAXIMUM,0
SQ,2022,8,0,0,1,195.72,4.31,,14.1,29.0,29.0,20.0,30.0,103.5,,MAXIMUM,0
SQ,2022,9,2,2,6,286.8,7.98,1.0,14.7,29.0,29.0,20.0,31.0,102.3,,MAXIMUM,0
SQ,2022,10,0,0,2,210.6,5.11,,13.3,30.0,30.0,20.0,32.0,105.6,,MAXIMUM,0
SQ,2022,11,0,0,0,221.1,5.19,,11.6,29.0,30.0,20.0,27.0,106.2,,MAXIMUM,0
SQ,2022,12,0,0,0,179.35,2.03,1.0,14.2,29.0,30.0,27.0,28.0,106.8,,MAXIMUM,0
SQ,2023,1,0,0,0,304.98,1.07,,16.8,30.0,30.0,27.0,31.0,114.9,,MAXIMUM,0
SQ,2023,2,0,0,0,254.35,1.9,,12.1,30.0,31.0,24.0,30.0,121.4,,MAXIMUM,0
SQ,2023,3,0,0,0,257.05,1.87,1.0,9.3,31.0,30.0,30.0,31.0,130.5,,MAXIMUM,0
SQ,2023,4,0,0,0,142.2,0.0,,11.4,30.0,31.0,24.0,29.0,130.8,,MAXIMUM,0
SQ,2023,5,0,0,0,,,,8.4,30.0,31.0,34.0,28.0,126.4,,MAXIMUM,0
SQ,2023,6,0,0,0,,,,17.4,32.0,33.0,34.0,28.0,123.6,,MAXIMUM,0
SQ,2023,7,0,0,0,188.65,0.0,1.0,17.6,36.0,37.0,34.0,36.0,120.9,,MAXIMUM,0
SQ,2023,8,2,0,4,101.1,0.94,,14.9,36.0,36.0,36.0,35.0,118.0,,MAXIMUM,0
SQ,2023,9,0,0,0,323.1,0.0,,12.1,35.0,34.0,33.0,37.0,116.0,,MAXIMUM,0
SQ,2023,10,5,2,6,1059.5,2.03,,11.4,35.0,33.0,36.0,39.0,113.1,,MAXIMUM,0
SQ,2023,11,0,0,0,809.5,0.0,,13.5,34.0,32.0,36.0,39.0,112.8,,MAXIMUM,0
SQ,2023,12,0,0,0,1304.0,0.1,,12.8,32.0,28.0,36.0,39.0,113.0,,MAXIMUM,0
SQ,2024,1,0,0,0,168.0,0.05,2.0,17.4,33.0,28.0,33.0,45.0,115.1,,MAXIMUM,0
SQ,2024,2,0,0,0,64.75,0.0,,18.4,31.0,27.0,29.0,41.0,115.3,,MAXIMUM,0
SQ,2024,3,0,0,0,188.25,0.23,2.0,13.9,32.0,29.0,29.0,41.0,114.2,,MAXIMUM,0
SQ,2024,4,0,0,0,188.0,0.0,,10.7,33.0,29.0,29.0,42.0,113.0,,MAXIMUM,0
SQ,2024,5,0,0,0,,,,10.6,32.0,28.0,29.0,41.0,108.1,,MAXIMUM,0
SQ,2024,6,0,0,1,,,,9.5,28.0,29.0,29.0,25.0,109.0,,MAXIMUM,0
SQ,2024,7,0,0,4,110.0,4.89,,16.3,26.0,27.0,33.0,23.0,106.8,,MAXIMUM,0
SQ,2024,8,0,0,1,200.0,0.0,,14.5,27.0,27.0,33.0,24.0,104.4,,MAXIMUM,0
SQ,2024,9,0,0,4,172.75,0.0,,12.2,28.0,28.0,33.0,27.0,102.2,,MAXIMUM,0
SQ,2024,10,5,3,6,23.0,0.0,,13.8,27.0,26.0,33.0,27.0,98.7,,MAXIMUM,0
SQ,2024,11,0,0,0,237.0,0.0,,16.2,27.0,27.0,29.0,27.0,97.0,,MAXIMUM,0
SQ,2024,12,0,0,0,51.75,0.0,1.0,12.6,26.0,26.0,29.0,25.0,95.5,,MAXIMUM,0
SQ,2025,1,0,0,0,99.5,0.0,,11.3,27.0,26.0,29.0,26.0,95.0,,MAXIMUM,0
SQ,2025,2,0,0,0,96.5,0.0,,11.0,27.0,28.0,25.0,25.0,93.4,,MAXIMUM,0
SQ,2025,3,0,0,0,214.5,0.0,1.0,7.9,25.0,26.0,25.0,22.0,92.9,,MAXIMUM,0
SQ,2025,4,0,0,0,62.5,0.0,,15.4,24.0,24.0,25.0,21.0,91.0,,MAXIMUM,0
SQ,2025,5,0,0,1,,,,11.1,23.0,24.0,22.0,22.0,88.3,,MAXIMUM,0
SQ,2025,6,0,0,0,,,,10.6,23.0,23.0,22.0,23.0,87.6,,MAXIMUM,0
SQ,2025,7,0,0,0,,,,15.5,19.0,21.0,22.0,12.0,85.1,,MAXIMUM,0
SQ,2025,8,0,0,3,,,,10.6,19.0,21.0,25.0,10.0,84.2,,MAXIMUM,0
SQ,2025,9,1,0,2,,,,11.6,21.0,22.0,25.0,15.0,83.7,,MAXIMUM,0
SQ,2025,10,0,0,1,,,,10.7,20.0,22.0,25.0,11.0,82.1,,MAXIMUM,0
SQ,2025,11,0,0,0,,,,12.8,20.0,23.0,25.0,9.0,81.3,,MAXIMUM,0
SQ,2025,12,0,0,0,,,,12.9,21.0,24.0,25.0,9.0,81.3,,MAXIMUM,0
SVSP,2016,1,0,0,0,,,,,,,,,148.7,mixed_evaporative,MAXIMUM,0
SVSP,2016,2,0,0,0,,,,,,,,,148.7,mixed_evaporative,MAXIMUM,0
SVSP,2016,3,0,0,0,,,,,,,,,150.4,mixed_evaporative,MAXIMUM,0
SVSP,2016,4,1,0,3,,,,,,,,,147.9,mixed_evaporative,MAXIMUM,0
SVSP,2016,5,0,0,0,,,,,,,,,151.8,mixed_evaporative,MAXIMUM,0
SVSP,2016,6,1,0,2,,,,,,,,,152.4,mixed_evaporative,MAXIMUM,0
SVSP,2016,7,0,0,0,,,,,,,,,153.2,mixed_evaporative,MAXIMUM,0
SVSP,2016,8,0,0,0,,,,,,,,,153.0,mixed_evaporative,MAXIMUM,0
SVSP,2016,9,5,1,5,,,,,,,,,152.7,mixed_evaporative,MAXIMUM,0
SVSP,2016,10,1,0,2,,,,,,,,,153.1,mixed_evaporative,MAXIMUM,0
SVSP,2016,11,0,0,0,,,,,,,,,148.2,mixed_evaporative,MAXIMUM,0
SVSP,2016,12,0,0,0,,,,,,,,,151.0,mixed_evaporative,MAXIMUM,0
SVSP,2017,1,0,0,0,,,,23.4,21.0,17.0,6.0,32.0,140.3,mixed_evaporative,MAXIMUM,0
SVSP,2017,2,0,0,0,,,,22.5,21.0,18.0,9.0,32.0,137.6,mixed_evaporative,MAXIMUM,0
SVSP,2017,3,0,0,0,,,,13.9,23.0,19.0,6.0,35.0,140.9,mixed_evaporative,MAXIMUM,0
SVSP,2017,4,0,0,0,,,,16.9,24.0,19.0,9.0,37.0,146.9,mixed_evaporative,MAXIMUM,0
SVSP,2017,5,3,0,5,,,,15.1,24.0,19.0,13.0,37.0,147.6,mixed_evaporative,MAXIMUM,0
SVSP,2017,6,4,0,5,,,,18.0,22.0,17.0,9.0,36.0,146.9,mixed_evaporative,MAXIMUM,0
SVSP,2017,7,3,0,3,,,,25.9,22.0,18.0,3.0,37.0,145.2,mixed_evaporative,MAXIMUM,0
SVSP,2017,8,2,0,4,,,,31.0,24.0,19.0,3.0,41.0,144.8,mixed_evaporative,MAXIMUM,0
SVSP,2017,9,6,2,8,,,,25.2,24.0,19.0,6.0,41.0,144.3,mixed_evaporative,MAXIMUM,0
SVSP,2017,10,7,2,9,,,,24.6,25.0,21.0,6.0,37.0,143.2,mixed_evaporative,MAXIMUM,0
SVSP,2017,11,0,0,1,,,,28.1,24.0,19.0,6.0,38.0,145.3,mixed_evaporative,MAXIMUM,0
SVSP,2017,12,0,0,0,,,,29.1,22.0,19.0,6.0,33.0,146.8,mixed_evaporative,MAXIMUM,0
SVSP,2018,1,0,0,0,,,,34.8,21.0,18.0,3.0,35.0,144.7,mixed_evaporative,MAXIMUM,0
SVSP,2018,2,0,0,0,,,,32.4,19.0,15.0,3.0,32.0,142.3,mixed_evaporative,MAXIMUM,0
SVSP,2018,3,0,0,1,,,,27.8,16.0,13.0,3.0,27.0,140.7,mixed_evaporative,MAXIMUM,0
SVSP,2018,4,0,0,0,,,,27.3,15.0,11.0,3.0,28.0,137.0,mixed_evaporative,MAXIMUM,0
SVSP,2018,5,0,0,1,,,,34.6,16.0,12.0,3.0,30.0,133.5,mixed_evaporative,MAXIMUM,0
SVSP,2018,6,2,0,3,,,,23.6,16.0,13.0,3.0,29.0,130.4,mixed_evaporative,MAXIMUM,0
SVSP,2018,7,2,0,5,,,,24.7,13.0,12.0,6.0,20.0,130.5,mixed_evaporative,MAXIMUM,0
SVSP,2018,8,2,1,6,,,,18.6,14.0,11.0,6.0,25.0,131.0,mixed_evaporative,MAXIMUM,0
SVSP,2018,9,1,0,1,,,,31.5,13.0,10.0,13.0,24.0,135.0,mixed_evaporative,MAXIMUM,0
SVSP,2018,10,0,0,0,,,,32.3,13.0,10.0,9.0,22.0,135.7,mixed_evaporative,MAXIMUM,0
SVSP,2018,11,0,0,0,,,,26.9,12.0,9.0,6.0,23.0,138.0,mixed_evaporative,MAXIMUM,0
SVSP,2018,12,0,0,0,,,,32.0,13.0,10.0,6.0,26.0,136.5,mixed_evaporative,MAXIMUM,0
SVSP,2019,1,0,0,0,,,,28.7,15.0,11.0,6.0,30.0,136.7,mixed_evaporative,MAXIMUM,0
SVSP,2019,2,0,0,0,,,,30.1,18.0,13.0,9.0,35.0,139.8,mixed_evaporative,MAXIMUM,0
SVSP,2019,3,0,0,0,,,,30.0,19.0,14.0,6.0,36.0,139.0,mixed_evaporative,MAXIMUM,0
SVSP,2019,4,0,0,2,,,,34.1,20.0,16.0,6.0,35.0,136.1,mixed_evaporative,MAXIMUM,0
SVSP,2019,5,0,0,0,,,,28.0,19.0,15.0,3.0,35.0,130.1,mixed_evaporative,MAXIMUM,0
SVSP,2019,6,3,3,3,,,,22.2,18.0,14.0,3.0,35.0,128.4,mixed_evaporative,MAXIMUM,0
SVSP,2019,7,1,0,1,,,,27.5,18.0,17.0,6.0,28.0,128.2,mixed_evaporative,MAXIMUM,0
SVSP,2019,8,2,1,7,,,,34.3,24.0,23.0,6.0,35.0,124.4,mixed_evaporative,MAXIMUM,0
SVSP,2019,9,6,3,7,,,,20.4,24.0,23.0,6.0,33.0,123.0,mixed_evaporative,MAXIMUM,0
SVSP,2019,10,4,0,8,,,,23.1,25.0,23.0,6.0,35.0,119.5,mixed_evaporative,MAXIMUM,0
SVSP,2019,11,0,0,0,,,,27.3,24.0,22.0,3.0,35.0,120.8,mixed_evaporative,MAXIMUM,0
SVSP,2019,12,0,0,0,,,,30.7,24.0,23.0,3.0,36.0,120.1,mixed_evaporative,MAXIMUM,0
SVSP,2020,1,0,0,0,,,,24.9,26.0,23.0,6.0,42.0,119.1,mixed_evaporative,MAXIMUM,0
SVSP,2020,2,0,0,0,,,,29.6,24.0,18.0,9.0,46.0,120.6,mixed_evaporative,MAXIMUM,0
SVSP,2020,3,0,0,0,,,,30.3,23.0,17.0,13.0,43.0,119.5,mixed_evaporative,MAXIMUM,0
SVSP,2020,4,0,0,0,,,,26.8,20.0,15.0,16.0,38.0,117.3,mixed_evaporative,MAXIMUM,0
SVSP,2020,5,3,0,4,,,,29.7,19.0,14.0,13.0,38.0,118.4,mixed_evaporative,MAXIMUM,0
SVSP,2020,6,1,0,3,,,,27.7,19.0,13.0,13.0,40.0,118.1,mixed_evaporative,MAXIMUM,0
SVSP,2020,7,0,0,0,,,,24.6,21.0,12.0,16.0,49.0,114.9,mixed_evaporative,MAXIMUM,0
SVSP,2020,8,3,3,5,,,,17.5,21.0,12.0,16.0,49.0,112.3,mixed_evaporative,MAXIMUM,0
SVSP,2020,9,6,3,6,,,,16.0,21.0,13.0,19.0,46.0,112.5,mixed_evaporative,MAXIMUM,0
SVSP,2020,10,11,4,12,,,,22.5,22.0,14.0,19.0,46.0,114.2,mixed_evaporative,MAXIMUM,0
SVSP,2020,11,0,0,1,,,,29.0,24.0,17.0,19.0,45.0,115.0,mixed_evaporative,MAXIMUM,0
SVSP,2020,12,0,0,0,,,,20.4,24.0,17.0,23.0,44.0,114.3,mixed_evaporative,MAXIMUM,0
SVSP,2021,1,0,0,0,,,,22.5,25.0,19.0,19.0,44.0,117.7,mixed_evaporative,MAXIMUM,0
SVSP,2021,2,0,0,0,,,,22.2,26.0,19.0,19.0,46.0,121.4,mixed_evaporative,MAXIMUM,0
SVSP,2021,3,0,0,0,,,,28.0,25.0,18.0,23.0,45.0,123.9,mixed_evaporative,MAXIMUM,0
SVSP,2021,4,0,0,0,,,,25.3,28.0,22.0,29.0,46.0,124.3,mixed_evaporative,MAXIMUM,0
SVSP,2021,5,0,0,0,,,,31.1,28.0,22.0,26.0,46.0,123.2,mixed_evaporative,MAXIMUM,0
SVSP,2021,6,2,0,2,,,,30.8,29.0,23.0,26.0,47.0,122.7,mixed_evaporative,MAXIMUM,0
SVSP,2021,7,0,0,0,148.5,0.38,,25.6,62.0,62.0,21.0,71.0,122.6,mixed_evaporative,MAXIMUM,0
SVSP,2021,8,1,0,2,415.84,0.85,,23.6,62.0,62.0,17.0,71.0,122.2,mixed_evaporative,MAXIMUM,0
SVSP,2021,9,2,0,7,82.5,21.35,,29.4,62.0,62.0,14.0,72.0,121.5,mixed_evaporative,MAXIMUM,0
SVSP,2021,10,4,3,6,140.0,2.17,1.0,22.3,62.0,61.0,14.0,73.0,120.1,mixed_evaporative,MAXIMUM,0
SVSP,2021,11,0,0,0,312.18,1.48,,21.0,63.0,62.0,14.0,74.0,121.6,mixed_evaporative,MAXIMUM,0
SVSP,2021,12,0,0,0,120.15,12.27,,30.3,63.0,62.0,7.0,75.0,122.5,mixed_evaporative,MAXIMUM,0
SVSP,2022,1,0,0,0,159.1,31.25,1.0,22.8,63.0,63.0,10.0,74.0,121.1,mixed_evaporative,MAXIMUM,0
SVSP,2022,2,0,0,1,270.75,27.98,,26.4,57.0,54.0,10.0,73.0,120.6,mixed_evaporative,MAXIMUM,0
SVSP,2022,3,0,0,0,172.23,8.76,,33.3,52.0,49.0,7.0,71.0,116.6,mixed_evaporative,MAXIMUM,0
SVSP,2022,4,2,1,2,121.5,6.96,,36.0,43.0,40.0,-3.0,58.0,116.7,mixed_evaporative,MAXIMUM,0
SVSP,2022,5,1,0,1,,,,30.4,42.0,39.0,-3.0,60.0,117.0,mixed_evaporative,MAXIMUM,0
SVSP,2022,6,3,2,5,,,,32.8,42.0,40.0,0.0,57.0,118.8,mixed_evaporative,MAXIMUM,0
SVSP,2022,7,0,0,0,435.5,9.86,,41.4,44.0,42.0,3.0,58.0,119.9,mixed_evaporative,MAXIMUM,0
SVSP,2022,8,0,0,3,335.75,0.52,,40.4,46.0,43.0,0.0,62.0,120.9,mixed_evaporative,MAXIMUM,0
SVSP,2022,9,8,5,11,325.5,8.66,,38.6,47.0,45.0,-3.0,62.0,120.0,mixed_evaporative,MAXIMUM,0
SVSP,2022,10,3,1,3,623.88,2.42,,47.2,47.0,44.0,3.0,62.0,120.2,mixed_evaporative,MAXIMUM,0
SVSP,2022,11,0,0,0,450.75,0.44,2.0,44.4,46.0,44.0,3.0,59.0,121.0,mixed_evaporative,MAXIMUM,0
SVSP,2022,12,0,0,0,318.5,12.17,,46.5,47.0,45.0,3.0,59.0,121.1,mixed_evaporative,MAXIMUM,0
SVSP,2023,1,0,0,0,557.5,0.0,1.0,43.0,46.0,44.0,6.0,59.0,119.7,mixed_evaporative,MAXIMUM,0
SVSP,2023,2,0,0,0,437.75,0.88,,38.0,47.0,46.0,6.0,59.0,120.6,mixed_evaporative,MAXIMUM,0
SVSP,2023,3,0,0,0,392.25,1.02,,40.1,47.0,46.0,10.0,58.0,118.1,mixed_evaporative,MAXIMUM,0
SVSP,2023,4,0,0,1,666.46,13.47,1.0,31.2,47.0,45.0,10.0,58.0,118.3,mixed_evaporative,MAXIMUM,0
SVSP,2023,5,0,0,1,,,,26.3,47.0,46.0,10.0,59.0,118.3,mixed_evaporative,MAXIMUM,0
SVSP,2023,6,0,0,0,,,,47.9,47.0,47.0,10.0,56.0,118.0,mixed_evaporative,MAXIMUM,0
SVSP,2023,7,0,0,0,613.55,1.5,,53.3,46.0,45.0,13.0,56.0,115.5,mixed_evaporative,MAXIMUM,0
SVSP,2023,8,2,0,2,587.44,3.86,1.0,51.9,47.0,45.0,16.0,57.0,113.1,mixed_evaporative,MAXIMUM,0
SVSP,2023,9,0,0,0,566.57,1.9,,59.6,47.0,46.0,10.0,57.0,111.7,mixed_evaporative,MAXIMUM,0
SVSP,2023,10,6,3,6,1164.71,0.0,,53.7,48.0,47.0,10.0,57.0,109.6,mixed_evaporative,MAXIMUM,0
SVSP,2023,11,0,0,0,1098.72,0.0,,58.5,49.0,48.0,6.0,58.0,108.5,mixed_evaporative,MAXIMUM,0
SVSP,2023,12,0,0,0,1034.17,2.14,1.0,53.3,48.0,48.0,6.0,58.0,107.0,mixed_evaporative,MAXIMUM,0
SVSP,2024,1,0,0,0,629.0,0.0,,58.4,49.0,48.0,6.0,59.0,107.2,mixed_evaporative,MAXIMUM,0
SVSP,2024,2,0,0,0,417.0,5.96,,60.2,48.0,47.0,6.0,57.0,107.1,mixed_evaporative,MAXIMUM,0
SVSP,2024,3,0,0,0,499.0,5.35,,53.1,48.0,47.0,10.0,58.0,106.5,mixed_evaporative,MAXIMUM,0
SVSP,2024,4,0,0,0,522.5,0.77,,57.2,47.0,47.0,13.0,56.0,104.3,mixed_evaporative,MAXIMUM,0
SVSP,2024,5,0,0,0,,,,55.8,48.0,47.0,13.0,57.0,103.9,mixed_evaporative,MAXIMUM,0
SVSP,2024,6,0,0,0,,,,43.1,47.0,46.0,10.0,58.0,103.1,mixed_evaporative,MAXIMUM,0
SVSP,2024,7,0,0,0,417.75,1.6,,63.0,47.0,46.0,6.0,56.0,101.2,mixed_evaporative,MAXIMUM,0
SVSP,2024,8,0,0,1,467.75,2.1,,50.6,47.0,46.0,6.0,56.0,102.3,mixed_evaporative,MAXIMUM,0
SVSP,2024,9,5,0,8,536.0,2.07,,65.5,47.0,46.0,6.0,56.0,143.1,mixed_evaporative,MAXIMUM,0
SVSP,2024,10,6,4,6,407.0,2.24,,55.2,47.0,46.0,6.0,57.0,143.1,mixed_evaporative,MAXIMUM,0
SVSP,2024,11,0,0,0,409.0,2.64,,64.1,45.0,44.0,6.0,55.0,143.1,mixed_evaporative,MAXIMUM,0
SVSP,2024,12,0,0,0,506.25,3.94,,57.5,46.0,45.0,6.0,58.0,141.6,mixed_evaporative,MAXIMUM,0
SVSP,2025,1,0,0,0,348.43,0.52,1.0,66.0,47.0,45.0,10.0,57.0,96.1,mixed_evaporative,MAXIMUM,0
SVSP,2025,2,0,0,0,336.75,1.06,,74.5,47.0,46.0,10.0,58.0,96.7,mixed_evaporative,MAXIMUM,0
SVSP,2025,3,0,0,2,310.75,16.55,,72.8,47.0,46.0,10.0,59.0,98.0,mixed_evaporative,MAXIMUM,0
SVSP,2025,4,0,0,0,154.8,3.57,,76.6,48.0,46.0,13.0,59.0,94.9,mixed_evaporative,MAXIMUM,0
SVSP,2025,5,0,0,1,,,,61.1,47.0,46.0,13.0,57.0,96.9,mixed_evaporative,MAXIMUM,0
SVSP,2025,6,0,0,0,,,,67.3,47.0,46.0,16.0,55.0,96.4,mixed_evaporative,MAXIMUM,0
SVSP,2025,7,0,0,0,,,,53.8,35.0,30.0,19.0,50.0,96.9,mixed_evaporative,MAXIMUM,0
SVSP,2025,8,1,0,2,,,,63.6,34.0,30.0,19.0,49.0,97.6,mixed_evaporative,MAXIMUM,0
SVSP,2025,9,1,0,3,,,,54.8,35.0,31.0,19.0,50.0,99.4,mixed_evaporative,MAXIMUM,0
SVSP,2025,10,0,0,0,,,,60.1,35.0,30.0,19.0,50.0,100.0,mixed_evaporative,MAXIMUM,0
SVSP,2025,11,1,0,2,,,,54.9,33.0,27.0,19.0,50.0,98.9,mixed_evaporative,MAXIMUM,0
SVSP,2025,12,0,0,0,,,,60.1,32.0,27.0,16.0,50.0,96.5,mixed_evaporative,MAXIMUM,0
VSP,2016,1,0,0,0,,,,,,,,,171.2,evaporative,MEDIUM,0
VSP,2016,2,0,0,0,,,,,,,,,168.7,evaporative,MEDIUM,0
VSP,2016,3,0,0,0,,,,,,,,,175.4,evaporative,MEDIUM,0
VSP,2016,4,0,0,0,,,,,,,,,175.6,evaporative,MEDIUM,0
VSP,2016,5,7,2,0,,,,,,,,,170.8,evaporative,MEDIUM,0
VSP,2016,6,22,17,1,,,,,,,,,169.7,evaporative,MEDIUM,0
VSP,2016,7,29,21,4,,,,,,,,,172.4,evaporative,MEDIUM,0
VSP,2016,8,29,20,1,,,,,,,,,171.8,evaporative,MEDIUM,0
VSP,2016,9,17,7,0,,,,,,,,,176.1,evaporative,MEDIUM,0
VSP,2016,10,1,0,0,,,,,,,,,177.4,evaporative,MEDIUM,0
VSP,2016,11,0,0,0,,,,,,,,,180.0,evaporative,MEDIUM,0
VSP,2016,12,0,0,0,,,,,,,,,177.3,evaporative,MEDIUM,0
VSP,2017,1,0,0,0,,,,13.9,16.0,13.0,11.0,24.0,174.4,evaporative,MEDIUM,0
VSP,2017,2,0,0,0,,,,5.9,16.0,12.0,16.0,21.0,169.6,evaporative,MEDIUM,0
VSP,2017,3,0,0,0,,,,6.7,16.0,15.0,11.0,20.0,170.7,evaporative,MEDIUM,0
VSP,2017,4,0,0,0,,,,7.3,16.0,16.0,7.0,17.0,173.9,evaporative,MEDIUM,0
VSP,2017,5,6,4,0,,,,5.8,14.0,14.0,11.0,17.0,178.9,evaporative,MEDIUM,0
VSP,2017,6,23,15,4,,,,8.8,14.0,11.0,18.0,20.0,178.5,evaporative,MEDIUM,0
VSP,2017,7,31,30,1,,,,9.1,13.0,11.0,5.0,21.0,177.0,evaporative,MEDIUM,0
VSP,2017,8,28,24,4,,,,7.5,13.0,12.0,4.0,20.0,175.6,evaporative,MEDIUM,0
VSP,2017,9,14,7,2,,,,6.7,12.0,11.0,7.0,17.0,179.8,evaporative,MEDIUM,0
VSP,2017,10,0,0,0,,,,8.4,14.0,15.0,7.0,15.0,179.0,evaporative,MEDIUM,0
VSP,2017,11,0,0,0,,,,7.4,14.0,14.0,7.0,16.0,181.2,evaporative,MEDIUM,0
VSP,2017,12,0,0,0,,,,10.6,12.0,14.0,4.0,11.0,182.4,evaporative,MEDIUM,0
VSP,2018,1,0,0,0,,,,10.4,12.0,14.0,4.0,11.0,180.1,evaporative,MEDIUM,0
VSP,2018,2,0,0,0,,,,8.4,13.0,14.0,4.0,14.0,177.6,evaporative,MEDIUM,0
VSP,2018,3,0,0,0,,,,9.7,9.0,11.0,7.0,7.0,177.0,evaporative,MEDIUM,0
VSP,2018,4,0,0,0,,,,11.3,10.0,13.0,0.0,8.0,177.8,evaporative,MEDIUM,0
VSP,2018,5,2,1,0,,,,9.5,11.0,13.0,7.0,8.0,177.0,evaporative,MEDIUM,0
VSP,2018,6,19,13,0,,,,10.2,12.0,14.0,7.0,9.0,175.3,evaporative,MEDIUM,0
VSP,2018,7,31,28,1,,,,13.7,9.0,11.0,0.0,10.0,175.7,evaporative,MEDIUM,0
VSP,2018,8,26,19,0,,,,15.0,10.0,11.0,0.0,13.0,180.2,evaporative,MEDIUM,0
VSP,2018,9,20,15,0,,,,13.3,9.0,11.0,0.0,8.0,180.5,evaporative,MEDIUM,0
VSP,2018,10,0,0,0,,,,11.7,9.0,11.0,-3.0,10.0,175.8,evaporative,MEDIUM,0
VSP,2018,11,0,0,0,,,,10.6,9.0,9.0,0.0,11.0,166.6,evaporative,MEDIUM,0
VSP,2018,12,0,0,0,,,,10.1,7.0,6.0,0.0,13.0,163.8,evaporative,MEDIUM,0
VSP,2019,1,0,0,0,,,,12.8,7.0,6.0,0.0,14.0,160.9,evaporative,MEDIUM,0
VSP,2019,2,0,0,0,,,,10.0,12.0,7.0,0.0,26.0,157.8,evaporative,MEDIUM,0
VSP,2019,3,0,0,0,,,,12.1,10.0,7.0,0.0,20.0,154.9,evaporative,MEDIUM,0
VSP,2019,4,5,1,0,,,,13.5,11.0,9.0,0.0,18.0,149.6,evaporative,MEDIUM,0
VSP,2019,5,0,0,0,,,,11.3,9.0,6.0,0.0,17.0,146.8,evaporative,MEDIUM,0
VSP,2019,6,23,13,1,,,,9.5,8.0,5.0,0.0,17.0,145.7,evaporative,MEDIUM,0
VSP,2019,7,28,19,1,,,,12.3,7.0,6.0,0.0,11.0,143.7,evaporative,MEDIUM,0
VSP,2019,8,29,21,2,,,,12.8,10.0,13.0,-3.0,7.0,144.2,evaporative,MEDIUM,0
VSP,2019,9,14,9,0,,,,20.2,10.0,14.0,-3.0,8.0,144.2,evaporative,MEDIUM,0
VSP,2019,10,1,0,0,,,,19.7,10.0,14.0,0.0,3.0,144.8,evaporative,MEDIUM,0
VSP,2019,11,0,0,0,,,,14.7,8.0,12.0,-3.0,2.0,146.7,evaporative,MEDIUM,0
VSP,2019,12,0,0,0,,,,13.9,7.0,10.0,-3.0,2.0,149.0,evaporative,MEDIUM,0
VSP,2020,1,0,0,0,,,,11.9,7.0,9.0,3.0,2.0,151.8,evaporative,MEDIUM,0
VSP,2020,2,0,0,0,,,,14.6,7.0,9.0,0.0,2.0,150.9,evaporative,MEDIUM,0
VSP,2020,3,0,0,0,,,,11.0,7.0,9.0,4.0,2.0,152.7,evaporative,MEDIUM,0
VSP,2020,4,1,0,0,,,,14.8,8.0,8.0,4.0,8.0,150.1,evaporative,MEDIUM,0
VSP,2020,5,7,5,0,,,,10.9,7.0,8.0,0.0,6.0,152.8,evaporative,MEDIUM,0
VSP,2020,6,17,14,1,,,,16.3,7.0,8.0,0.0,6.0,152.6,evaporative,MEDIUM,0
VSP,2020,7,31,25,2,,,,12.8,10.0,7.0,7.0,18.0,147.4,evaporative,MEDIUM,0
VSP,2020,8,30,22,4,,,,7.7,10.0,6.0,10.0,18.0,142.1,evaporative,MEDIUM,0
VSP,2020,9,17,5,2,,,,8.5,8.0,7.0,7.0,10.0,139.7,evaporative,MEDIUM,0
VSP,2020,10,6,2,0,,,,6.3,7.0,7.0,7.0,8.0,139.5,evaporative,MEDIUM,0
VSP,2020,11,0,0,0,,,,9.9,8.0,8.0,14.0,8.0,140.4,evaporative,MEDIUM,0
VSP,2020,12,0,0,0,,,,9.9,10.0,10.0,17.0,10.0,138.0,evaporative,MEDIUM,0
VSP,2021,1,0,0,0,,,,11.8,9.0,9.0,14.0,6.0,134.4,evaporative,MEDIUM,0
VSP,2021,2,0,0,0,,,,12.2,8.0,9.0,14.0,4.0,139.0,evaporative,MEDIUM,0
VSP,2021,3,0,0,0,,,,8.6,6.0,6.0,10.0,3.0,139.4,evaporative,MEDIUM,0
VSP,2021,4,1,0,0,,,,10.9,3.0,2.0,7.0,3.0,145.7,evaporative,MEDIUM,0
VSP,2021,5,8,2,0,,,,7.4,4.0,5.0,7.0,3.0,148.8,evaporative,MEDIUM,0
VSP,2021,6,21,14,3,,,,11.5,3.0,4.0,-4.0,4.0,148.4,evaporative,MEDIUM,0
VSP,2021,7,31,28,3,81.75,0.0,,9.4,5.0,6.0,-4.0,8.0,150.7,evaporative,MEDIUM,0
VSP,2021,8,26,22,1,115.8,0.0,,10.4,4.0,5.0,-12.0,8.0,152.0,evaporative,MEDIUM,0
VSP,2021,9,19,12,0,70.0,12.94,,11.2,6.0,6.0,-4.0,9.0,151.6,evaporative,MEDIUM,0
VSP,2021,10,2,0,0,27.25,0.0,,15.6,4.0,4.0,-4.0,5.0,151.7,evaporative,MEDIUM,0
VSP,2021,11,0,0,0,24.0,0.0,,8.8,5.0,5.0,-8.0,9.0,152.3,evaporative,MEDIUM,0
VSP,2021,12,0,0,0,46.85,0.0,,9.3,6.0,7.0,-8.0,9.0,151.1,evaporative,MEDIUM,0
VSP,2022,1,0,0,0,27.45,25.44,,9.0,11.0,11.0,0.0,16.0,148.0,evaporative,MEDIUM,0
VSP,2022,2,0,0,0,14.9,18.0,2.0,5.7,11.0,13.0,0.0,11.0,148.3,evaporative,MEDIUM,0
VSP,2022,3,0,0,0,62.21,0.0,1.0,9.3,11.0,15.0,-11.0,10.0,150.0,evaporative,MEDIUM,0
VSP,2022,4,2,0,0,16.0,4.32,,9.7,11.0,16.0,-8.0,7.0,150.3,evaporative,MEDIUM,0
VSP,2022,5,7,2,0,,,,8.9,11.0,16.0,-8.0,7.0,151.2,evaporative,MEDIUM,0
VSP,2022,6,21,12,0,,,,11.6,12.0,16.0,-4.0,9.0,153.7,evaporative,MEDIUM,0
VSP,2022,7,25,22,1,284.5,23.41,1.0,9.1,14.0,16.0,3.0,13.0,153.7,evaporative,MEDIUM,0
VSP,2022,8,30,23,1,26.3,26.4,,9.4,16.0,19.0,-7.0,16.0,155.6,evaporative,MEDIUM,0
VSP,2022,9,18,12,7,34.0,14.68,,10.7,15.0,18.0,-7.0,17.0,154.3,evaporative,MEDIUM,0
VSP,2022,10,8,0,0,46.5,8.91,,13.8,16.0,19.0,0.0,17.0,152.5,evaporative,MEDIUM,0
VSP,2022,11,0,0,0,16.5,0.0,,10.2,15.0,16.0,3.0,15.0,149.7,evaporative,MEDIUM,0
VSP,2022,12,0,0,0,16.0,0.0,1.0,8.1,14.0,17.0,3.0,11.0,149.0,evaporative,MEDIUM,0
VSP,2023,1,0,0,0,49.5,0.0,1.0,8.2,16.0,19.0,7.0,13.0,151.6,evaporative,MEDIUM,0
VSP,2023,2,0,0,0,31.0,0.0,,8.9,16.0,18.0,7.0,12.0,152.3,evaporative,MEDIUM,0
VSP,2023,3,0,0,0,28.0,19.0,,9.1,16.0,19.0,10.0,13.0,151.1,evaporative,MEDIUM,0
VSP,2023,4,3,0,0,37.5,0.0,1.0,11.2,15.0,18.0,10.0,10.0,153.9,evaporative,MEDIUM,0
VSP,2023,5,7,0,0,,,,11.3,14.0,16.0,13.0,11.0,155.2,evaporative,MEDIUM,0
VSP,2023,6,5,1,0,,,,8.0,15.0,17.0,13.0,10.0,161.9,evaporative,MEDIUM,0
VSP,2023,7,27,25,6,123.75,0.0,,17.1,14.0,16.0,3.0,13.0,168.8,evaporative,MEDIUM,0
VSP,2023,8,28,19,1,64.85,1.92,,10.8,16.0,18.0,3.0,16.0,171.5,evaporative,MEDIUM,0
VSP,2023,9,11,1,0,49.9,7.53,,18.9,14.0,15.0,7.0,14.0,169.9,evaporative,MEDIUM,0
VSP,2023,10,5,2,0,28.75,3.45,,16.8,14.0,16.0,7.0,13.0,165.6,evaporative,MEDIUM,0
VSP,2023,11,0,0,0,259.5,0.0,,15.6,13.0,14.0,10.0,13.0,164.6,evaporative,MEDIUM,0
VSP,2023,12,0,0,0,25.75,0.0,,16.2,9.0,9.0,7.0,10.0,163.1,evaporative,MEDIUM,0
VSP,2024,1,0,0,0,3.5,0.0,,18.1,13.0,14.0,11.0,12.0,160.5,evaporative,MEDIUM,0
VSP,2024,2,0,0,0,10.5,0.57,,14.9,13.0,14.0,15.0,12.0,157.7,evaporative,MEDIUM,0
VSP,2024,3,0,0,0,0.75,2.27,,15.0,14.0,14.0,11.0,13.0,155.0,evaporative,MEDIUM,0
VSP,2024,4,0,0,0,0.0,0.0,1.0,18.6,12.0,13.0,5.0,13.0,152.9,evaporative,MEDIUM,0
VSP,2024,5,4,0,0,,,,16.7,11.0,11.0,5.0,15.0,155.4,evaporative,MEDIUM,0
VSP,2024,6,19,12,1,,,,14.1,10.0,10.0,5.0,13.0,160.4,evaporative,MEDIUM,0
VSP,2024,7,30,25,10,0.0,0.0,,15.3,9.0,11.0,5.0,8.0,163.8,evaporative,MEDIUM,0
VSP,2024,8,26,17,1,0.0,0.0,,12.9,9.0,11.0,2.0,5.0,166.4,evaporative,MEDIUM,0
VSP,2024,9,19,9,0,38.75,0.0,1.0,15.9,8.0,10.0,2.0,5.0,168.7,evaporative,MEDIUM,0
VSP,2024,10,9,8,0,67.25,11.01,,14.5,7.0,7.0,3.0,7.0,168.7,evaporative,MEDIUM,0
VSP,2024,11,0,0,0,41.75,0.0,,12.0,6.0,6.0,3.0,7.0,166.4,evaporative,MEDIUM,0
VSP,2024,12,0,0,0,19.0,0.28,,14.3,7.0,6.0,3.0,9.0,164.0,evaporative,MEDIUM,0
VSP,2025,1,0,0,0,65.25,0.0,,13.8,6.0,6.0,3.0,9.0,159.7,evaporative,MEDIUM,0
VSP,2025,2,0,0,0,34.5,0.0,,14.7,8.0,7.0,3.0,10.0,157.2,evaporative,MEDIUM,0
VSP,2025,3,0,0,0,35.25,0.0,,11.2,8.0,8.0,3.0,12.0,154.1,evaporative,MEDIUM,0
VSP,2025,4,0,0,0,4.3,0.0,,14.8,9.0,9.0,3.0,10.0,153.6,evaporative,MEDIUM,0
VSP,2025,5,5,4,0,,,,9.2,10.0,10.0,7.0,10.0,155.3,evaporative,MEDIUM,0
VSP,2025,6,24,9,0,,,,11.9,12.0,12.0,7.0,14.0,155.9,evaporative,MEDIUM,0
VSP,2025,7,22,11,0,,,,14.8,13.0,11.0,7.0,21.0,159.8,evaporative,MEDIUM,0
VSP,2025,8,27,21,0,,,,14.8,14.0,11.0,10.0,22.0,167.2,evaporative,MEDIUM,0
VSP,2025,9,13,7,0,,,,10.1,14.0,11.0,10.0,22.0,168.1,evaporative,MEDIUM,0
VSP,2025,10,1,0,0,,,,13.3,14.0,11.0,10.0,20.0,166.8,evaporative,MEDIUM,0
VSP,2025,11,0,0,0,,,,16.1,12.0,9.0,10.0,18.0,165.5,evaporative,MEDIUM,0
VSP,2025,12,0,0,0,,,,14.2,14.0,11.0,13.0,19.0,163.2,evaporative,MEDIUM,0
WSP,2016,1,0,0,0,,,,,,,,,165.4,evaporative,MEDIUM,0
WSP,2016,2,0,0,0,,,,,,,,,166.7,evaporative,MEDIUM,0
WSP,2016,3,0,0,0,,,,,,,,,168.1,evaporative,MEDIUM,0
WSP,2016,4,4,2,0,,,,,,,,,168.4,evaporative,MEDIUM,0
WSP,2016,5,14,7,0,,,,,,,,,162.1,evaporative,MEDIUM,0
WSP,2016,6,26,21,3,,,,,,,,,172.5,evaporative,MEDIUM,0
WSP,2016,7,31,30,5,,,,,,,,,165.6,evaporative,MEDIUM,0
WSP,2016,8,31,30,0,,,,,,,,,167.2,evaporative,MEDIUM,0
WSP,2016,9,22,13,0,,,,,,,,,165.0,evaporative,MEDIUM,0
WSP,2016,10,2,0,0,,,,,,,,,166.0,evaporative,MEDIUM,0
WSP,2016,11,0,0,0,,,,,,,,,163.5,evaporative,MEDIUM,0
WSP,2016,12,0,0,0,,,,,,,,,165.4,evaporative,MEDIUM,0
WSP,2017,1,0,0,0,,,,9.2,16.0,13.0,3.0,28.0,166.7,evaporative,MEDIUM,0
WSP,2017,2,0,0,0,,,,10.3,16.0,13.0,10.0,25.0,171.3,evaporative,MEDIUM,0
WSP,2017,3,0,0,0,,,,8.3,14.0,12.0,6.0,24.0,171.6,evaporative,MEDIUM,0
WSP,2017,4,0,0,0,,,,10.3,14.0,11.0,6.0,25.0,174.6,evaporative,MEDIUM,0
WSP,2017,5,11,5,0,,,,9.8,15.0,11.0,4.0,27.0,177.0,evaporative,MEDIUM,0
WSP,2017,6,23,20,6,,,,9.2,15.0,11.0,4.0,30.0,176.2,evaporative,MEDIUM,0
WSP,2017,7,31,31,0,,,,15.9,17.0,14.0,4.0,30.0,175.2,evaporative,MEDIUM,0
WSP,2017,8,30,28,0,,,,9.4,17.0,14.0,4.0,28.0,172.8,evaporative,MEDIUM,0
WSP,2017,9,15,9,0,,,,11.5,17.0,13.0,6.0,32.0,172.5,evaporative,MEDIUM,0
WSP,2017,10,4,0,0,,,,9.6,16.0,11.0,6.0,34.0,169.1,evaporative,MEDIUM,0
WSP,2017,11,0,0,0,,,,10.2,14.0,10.0,6.0,31.0,170.3,evaporative,MEDIUM,0
WSP,2017,12,0,0,0,,,,9.1,15.0,10.0,6.0,33.0,171.5,evaporative,MEDIUM,0
WSP,2018,1,0,0,0,,,,6.7,14.0,10.0,4.0,31.0,166.6,evaporative,MEDIUM,0
WSP,2018,2,0,0,0,,,,7.7,14.0,10.0,4.0,32.0,166.5,evaporative,MEDIUM,0
WSP,2018,3,0,0,0,,,,8.8,13.0,9.0,9.0,28.0,169.3,evaporative,MEDIUM,0
WSP,2018,4,5,0,0,,,,7.7,13.0,8.0,9.0,28.0,167.9,evaporative,MEDIUM,0
WSP,2018,5,4,1,0,,,,11.0,12.0,9.0,1.0,28.0,164.1,evaporative,MEDIUM,0
WSP,2018,6,24,19,0,,,,7.5,11.0,8.0,4.0,24.0,168.7,evaporative,MEDIUM,0
WSP,2018,7,31,29,0,,,,8.8,11.0,10.0,4.0,18.0,172.4,evaporative,MEDIUM,0
WSP,2018,8,30,25,0,,,,8.9,11.0,9.0,4.0,22.0,161.2,evaporative,MEDIUM,0
WSP,2018,9,21,16,0,,,,7.1,10.0,8.0,1.0,21.0,160.7,evaporative,MEDIUM,0
WSP,2018,10,0,0,0,,,,8.6,10.0,8.0,1.0,20.0,167.0,evaporative,MEDIUM,0
WSP,2018,11,0,0,0,,,,5.5,11.0,8.0,9.0,21.0,162.5,evaporative,MEDIUM,0
WSP,2018,12,0,0,0,,,,5.7,10.0,7.0,7.0,20.0,163.1,evaporative,MEDIUM,0
WSP,2019,1,0,0,0,,,,7.1,10.0,7.0,1.0,22.0,151.5,evaporative,MEDIUM,0
WSP,2019,2,0,0,0,,,,6.3,12.0,6.0,10.0,29.0,150.8,evaporative,MEDIUM,0
WSP,2019,3,0,0,0,,,,6.6,10.0,4.0,10.0,27.0,160.5,evaporative,MEDIUM,0
WSP,2019,4,4,2,0,,,,7.9,11.0,4.0,7.0,31.0,167.3,evaporative,MEDIUM,0
WSP,2019,5,0,0,0,,,,4.1,11.0,5.0,7.0,29.0,167.9,evaporative,MEDIUM,0
WSP,2019,6,26,16,0,,,,5.9,11.0,5.0,10.0,28.0,168.3,evaporative,MEDIUM,0
WSP,2019,7,31,23,0,,,,6.9,14.0,11.0,13.0,27.0,164.4,evaporative,MEDIUM,0
WSP,2019,8,31,24,0,,,,7.8,14.0,10.0,10.0,29.0,166.9,evaporative,MEDIUM,0
WSP,2019,9,15,12,0,,,,8.0,16.0,12.0,9.0,30.0,161.7,evaporative,MEDIUM,0
WSP,2019,10,1,0,0,,,,5.8,15.0,13.0,10.0,26.0,161.5,evaporative,MEDIUM,0
WSP,2019,11,0,0,0,,,,7.9,15.0,12.0,10.0,30.0,160.2,evaporative,MEDIUM,0
WSP,2019,12,0,0,0,,,,7.8,15.0,11.0,12.0,30.0,161.8,evaporative,MEDIUM,0
WSP,2020,1,0,0,0,,,,8.9,13.0,8.0,10.0,30.0,152.9,evaporative,MEDIUM,0
WSP,2020,2,0,0,0,,,,10.5,13.0,10.0,12.0,26.0,154.5,evaporative,MEDIUM,0
WSP,2020,3,0,0,0,,,,7.1,15.0,13.0,7.0,25.0,146.1,evaporative,MEDIUM,0
WSP,2020,4,2,0,0,,,,5.7,15.0,13.0,7.0,25.0,138.1,evaporative,MEDIUM,0
WSP,2020,5,9,7,0,,,,9.4,13.0,10.0,7.0,25.0,109.7,evaporative,MEDIUM,0
WSP,2020,6,20,15,0,,,,4.9,14.0,11.0,12.0,27.0,88.8,evaporative,MEDIUM,0
WSP,2020,7,31,29,0,,,,5.8,12.0,9.0,11.0,25.0,74.0,evaporative,MEDIUM,0
WSP,2020,8,30,28,1,,,,3.1,13.0,8.0,10.0,30.0,64.4,evaporative,MEDIUM,0
WSP,2020,9,20,10,0,,,,4.4,7.0,8.0,13.0,-2.0,59.8,evaporative,MEDIUM,0
WSP,2020,10,9,3,0,,,,5.4,11.0,10.0,10.0,13.0,70.2,evaporative,MEDIUM,0
WSP,2020,11,0,0,0,,,,4.2,9.0,8.0,13.0,11.0,89.5,evaporative,MEDIUM,0
WSP,2020,12,0,0,0,,,,4.9,9.0,8.0,13.0,12.0,84.2,evaporative,MEDIUM,0
WSP,2021,1,0,0,0,,,,14.1,13.0,10.0,10.0,28.0,78.6,evaporative,MEDIUM,0
WSP,2021,2,0,0,0,,,,6.8,13.0,10.0,10.0,31.0,83.1,evaporative,MEDIUM,0
WSP,2021,3,0,0,0,,,,6.8,14.0,10.0,13.0,34.0,101.4,evaporative,MEDIUM,0
WSP,2021,4,2,0,0,,,,5.7,11.0,4.0,13.0,37.0,99.9,evaporative,MEDIUM,0
WSP,2021,5,11,4,0,,,,6.5,12.0,4.0,17.0,38.0,105.7,evaporative,MEDIUM,0
WSP,2021,6,24,21,3,,,,10.4,18.0,10.0,12.0,45.0,109.8,evaporative,MEDIUM,0
WSP,2021,7,31,30,4,209.65,0.84,,7.7,17.0,10.0,12.0,44.0,124.6,evaporative,MEDIUM,0
WSP,2021,8,29,25,0,253.4,0.15,,7.1,19.0,12.0,14.0,42.0,117.0,evaporative,MEDIUM,0
WSP,2021,9,21,15,0,193.05,1.3,,6.2,19.0,10.0,15.0,47.0,119.7,evaporative,MEDIUM,0
WSP,2021,10,4,0,0,183.95,2.32,,5.4,19.0,10.0,15.0,48.0,128.8,evaporative,MEDIUM,0
WSP,2021,11,0,0,0,196.85,1.25,1.0,7.6,17.0,9.0,15.0,43.0,127.1,evaporative,MEDIUM,0
WSP,2021,12,0,0,0,156.2,0.88,,8.4,17.0,10.0,12.0,41.0,133.3,evaporative,MEDIUM,0
WSP,2022,1,0,0,0,288.75,14.07,1.0,4.4,17.0,12.0,10.0,37.0,121.5,evaporative,MEDIUM,0
WSP,2022,2,0,0,0,159.85,4.62,,6.6,18.0,13.0,10.0,37.0,106.6,evaporative,MEDIUM,0
WSP,2022,3,0,0,0,166.35,1.35,,5.7,17.0,12.0,7.0,36.0,109.9,evaporative,MEDIUM,0
WSP,2022,4,2,0,0,149.0,0.0,,5.2,16.0,12.0,7.0,34.0,123.2,evaporative,MEDIUM,0
WSP,2022,5,9,3,0,,,,5.6,15.0,11.0,10.0,31.0,124.4,evaporative,MEDIUM,0
WSP,2022,6,23,14,0,,,,4.3,17.0,10.0,20.0,37.0,119.9,evaporative,MEDIUM,0
WSP,2022,7,29,26,0,128.1,6.99,,5.0,18.0,10.0,27.0,40.0,122.9,evaporative,MEDIUM,0
WSP,2022,8,31,30,0,113.25,6.34,,6.1,18.0,11.0,24.0,40.0,115.5,evaporative,MEDIUM,0
WSP,2022,9,19,14,3,130.3,0.58,,6.6,17.0,10.0,18.0,40.0,105.8,evaporative,MEDIUM,0
WSP,2022,10,9,1,0,185.9,0.04,1.0,6.8,16.0,9.0,17.0,35.0,124.4,evaporative,MEDIUM,0
WSP,2022,11,0,0,0,170.15,0.16,,7.7,14.0,9.0,14.0,33.0,124.4,evaporative,MEDIUM,0
WSP,2022,12,0,0,0,119.4,7.31,,4.0,15.0,9.0,14.0,34.0,130.1,evaporative,MEDIUM,0
WSP,2023,1,0,0,0,145.45,5.64,,3.4,19.0,11.0,14.0,44.0,123.9,evaporative,MEDIUM,0
WSP,2023,2,0,0,0,152.95,0.1,1.0,4.7,20.0,12.0,14.0,46.0,125.7,evaporative,MEDIUM,0
WSP,2023,3,0,0,0,121.2,0.44,,5.0,19.0,11.0,11.0,46.0,125.4,evaporative,MEDIUM,0
WSP,2023,4,4,0,0,132.95,0.27,,5.3,20.0,12.0,8.0,46.0,127.5,evaporative,MEDIUM,0
WSP,2023,5,10,5,0,,,,3.7,19.0,12.0,11.0,40.0,132.4,evaporative,MEDIUM,0
WSP,2023,6,11,4,0,,,,4.7,17.0,10.0,11.0,37.0,122.4,evaporative,MEDIUM,0
WSP,2023,7,31,29,5,326.9,0.14,,9.6,16.0,6.0,11.0,42.0,118.2,evaporative,MEDIUM,0
WSP,2023,8,28,25,1,183.1,0.18,,9.5,19.0,12.0,8.0,41.0,111.7,evaporative,MEDIUM,0
WSP,2023,9,17,10,0,193.65,0.13,1.0,11.6,18.0,11.0,8.0,40.0,113.2,evaporative,MEDIUM,0
WSP,2023,10,7,2,0,1139.75,0.15,,8.3,18.0,11.0,6.0,40.0,121.3,evaporative,MEDIUM,0
WSP,2023,11,0,0,0,111.8,0.13,,5.5,19.0,10.0,14.0,43.0,122.5,evaporative,MEDIUM,0
WSP,2023,12,0,0,0,166.8,0.1,,7.3,20.0,12.0,14.0,43.0,126.5,evaporative,MEDIUM,0
WSP,2024,1,0,0,0,117.25,0.13,,6.0,23.0,14.0,32.0,45.0,126.5,evaporative,MEDIUM,0
WSP,2024,2,0,0,0,111.25,0.1,,6.2,23.0,14.0,29.0,45.0,121.1,evaporative,MEDIUM,0
WSP,2024,3,0,0,0,130.0,0.04,,6.9,25.0,16.0,29.0,46.0,121.4,evaporative,MEDIUM,0
WSP,2024,4,1,0,0,111.0,0.01,,7.8,22.0,13.0,3.0,50.0,127.2,evaporative,MEDIUM,0
WSP,2024,5,12,0,0,,,,6.0,22.0,13.0,6.0,49.0,128.2,evaporative,MEDIUM,0
WSP,2024,6,27,20,0,,,,7.6,21.0,9.0,3.0,53.0,124.0,evaporative,MEDIUM,0
WSP,2024,7,31,28,6,220.25,0.0,,5.4,20.0,11.0,6.0,47.0,115.9,evaporative,MEDIUM,0
WSP,2024,8,28,20,1,113.42,0.0,,6.7,20.0,10.0,10.0,49.0,111.1,evaporative,MEDIUM,0
WSP,2024,9,21,14,0,166.42,0.0,,9.0,18.0,10.0,10.0,42.0,115.4,evaporative,MEDIUM,0
WSP,2024,10,11,9,0,130.25,0.0,,6.9,19.0,11.0,10.0,42.0,116.0,evaporative,MEDIUM,0
WSP,2024,11,0,0,0,151.5,0.0,,7.1,19.0,11.0,13.0,44.0,108.2,evaporative,MEDIUM,0
WSP,2024,12,0,0,0,129.5,0.0,,13.8,19.0,11.0,13.0,41.0,113.4,evaporative,MEDIUM,0
WSP,2025,1,0,0,0,125.75,0.0,,9.6,15.0,10.0,3.0,37.0,160.8,evaporative,MEDIUM,0
WSP,2025,2,0,0,0,110.5,0.0,,13.0,17.0,11.0,3.0,39.0,160.2,evaporative,MEDIUM,0
WSP,2025,3,0,0,0,122.75,2.42,1.0,10.0,18.0,11.0,9.0,40.0,152.9,evaporative,MEDIUM,0
WSP,2025,4,3,0,0,82.3,0.0,,6.3,17.0,11.0,9.0,40.0,151.1,evaporative,MEDIUM,0
WSP,2025,5,11,3,0,,,,7.2,18.0,11.0,9.0,40.0,160.1,evaporative,MEDIUM,0
WSP,2025,6,28,17,0,,,,9.5,17.0,9.0,9.0,41.0,165.2,evaporative,MEDIUM,0
WSP,2025,7,31,22,0,,,,7.5,22.0,9.0,8.0,51.0,166.4,evaporative,MEDIUM,0
WSP,2025,8,31,27,0,,,,8.9,22.0,10.0,8.0,51.0,159.4,evaporative,MEDIUM,0
WSP,2025,9,18,9,0,,,,7.9,22.0,10.0,8.0,51.0,144.5,evaporative,MEDIUM,0
WSP,2025,10,2,0,0,,,,8.4,23.0,11.0,8.0,52.0,142.8,evaporative,MEDIUM,0
WSP,2025,11,0,0,0,,,,12.1,22.0,11.0,8.0,51.0,145.6,evaporative,MEDIUM,0
WSP,2025,12,0,0,0,,,,7.5,23.0,10.0,11.0,53.0,141.3,evaporative,MEDIUM,0
