facility,year,month,days_over_90f,days_over_95f,days_skarha10,dental_mh_overtime,modified_programs_days,deaths_unexpected,uof_incidents,ed_hospital_rate,actual_expenditure_monthly,institution_budget,vacancy_all,vacancy_medical,vacancy_dental,vacancy_mh,crowding_pct,ac_type,security_level,post_ac
ASP,2016,1,0,0,0,,,,,,,,,,,,113.2,evaporative,MEDIUM,0
ASP,2016,2,0,0,0,,,,,,,,,,,,113.2,evaporative,MEDIUM,0
ASP,2016,3,0,0,0,,,,,,,,,,,,109.8,evaporative,MEDIUM,0
ASP,2016,4,3,0,0,,,,,,,,,,,,109.3,evaporative,MEDIUM,0
ASP,2016,5,9,2,0,,,,,,,,,,,,111.7,evaporative,MEDIUM,0
ASP,2016,6,22,17,2,,,,,,,,,,,,110.4,evaporative,MEDIUM,0
ASP,2016,7,30,24,9,,,,,,,,,,,,110.4,evaporative,MEDIUM,0
ASP,2016,8,31,26,1,,,,,,,,,,,,111.1,evaporative,MEDIUM,0
ASP,2016,9,21,14,0,,,,,,,,,,,,111.9,evaporative,MEDIUM,0
ASP,2016,10,1,0,0,,,,,,,,,,,,111.4,evaporative,MEDIUM,0
ASP,2016,11,0,0,0,,,,,,,,,,,,114.9,evaporative,MEDIUM,0
ASP,2016,12,0,0,0,,,,,,,,,,,,114.6,evaporative,MEDIUM,0
ASP,2017,1,0,0,0,,,,,6.4,,,15.0,7.0,14.0,46.0,114.5,evaporative,MEDIUM,0
ASP,2017,2,0,0,0,,,,,6.4,,,17.0,10.0,11.0,48.0,116.0,evaporative,MEDIUM,0
ASP,2017,3,0,0,0,,,,,3.3,,,17.0,11.0,5.0,48.0,123.9,evaporative,MEDIUM,0
ASP,2017,4,0,0,0,,,,,4.4,,,16.0,10.0,8.0,48.0,125.5,evaporative,MEDIUM,0
ASP,2017,5,10,6,0,,,,,3.9,,,16.0,10.0,3.0,51.0,125.9,evaporative,MEDIUM,0
ASP,2017,6,23,15,4,,,,,6.4,,,15.0,8.0,6.0,49.0,126.8,evaporative,MEDIUM,0
ASP,2017,7,31,30,1,,,,,3.6,,,17.0,13.0,8.0,42.0,126.6,evaporative,MEDIUM,0
ASP,2017,8,30,27,5,,,,,4.1,,,14.0,10.0,3.0,37.0,131.2,evaporative,MEDIUM,0
ASP,2017,9,16,9,3,,,,,3.8,,,11.0,6.0,0.0,39.0,132.0,evaporative,MEDIUM,0
ASP,2017,10,0,0,0,,,,,8.6,,,11.0,6.0,0.0,39.0,132.5,evaporative,MEDIUM,0
ASP,2017,11,0,0,0,,,,,3.8,,,9.0,5.0,0.0,34.0,133.0,evaporative,MEDIUM,0
ASP,2017,12,0,0,0,,,,,4.9,,,9.0,5.0,0.0,34.0,139.5,evaporative,MEDIUM,0
ASP,2018,1,0,0,0,,,,,4.6,,,10.0,3.0,0.0,41.0,142.4,evaporative,MEDIUM,0
ASP,2018,2,0,0,0,,,,,2.3,,,8.0,3.0,0.0,33.0,145.1,evaporative,MEDIUM,0
ASP,2018,3,0,0,0,,,,,1.5,,,9.0,5.0,3.0,30.0,146.5,evaporative,MEDIUM,0
ASP,2018,4,2,0,0,,,,,3.6,,,8.0,5.0,3.0,27.0,145.7,evaporative,MEDIUM,0
ASP,2018,5,2,1,0,,,,,4.1,,,9.0,6.0,6.0,27.0,148.0,evaporative,MEDIUM,0
ASP,2018,6,19,13,0,,,,,2.4,,,10.0,7.0,3.0,27.0,148.3,evaporative,MEDIUM,0
ASP,2018,7,31,30,1,,,,,4.2,,,10.0,7.0,3.0,26.0,147.5,evaporative,MEDIUM,0
ASP,2018,8,27,21,0,,,,,3.7,,,9.0,7.0,3.0,24.0,148.6,evaporative,MEDIUM,0
ASP,2018,9,19,12,0,,,,,4.8,,,10.0,7.0,5.0,24.0,149.5,evaporative,MEDIUM,0
ASP,2018,10,0,0,0,,,,,2.3,,,9.0,7.0,3.0,23.0,147.5,evaporative,MEDIUM,0
ASP,2018,11,0,0,0,,,,,2.1,,,8.0,5.0,5.0,20.0,144.7,evaporative,MEDIUM,0
ASP,2018,12,0,0,0,,,,,2.8,,,10.0,7.0,8.0,23.0,143.8,evaporative,MEDIUM,0
ASP,2019,1,0,0,0,,,,,6.0,,,11.0,7.0,11.0,22.0,140.8,evaporative,MEDIUM,0
ASP,2019,2,0,0,0,,,,,4.2,,,13.0,10.0,11.0,24.0,141.5,evaporative,MEDIUM,0
ASP,2019,3,0,0,0,,,,,4.4,,,12.0,10.0,11.0,24.0,138.5,evaporative,MEDIUM,0
ASP,2019,4,4,0,0,,,,,3.3,,,12.0,11.0,5.0,24.0,136.6,evaporative,MEDIUM,0
ASP,2019,5,0,0,0,,,,,0.7,,,14.0,12.0,5.0,29.0,129.3,evaporative,MEDIUM,0
ASP,2019,6,22,11,1,,,,,3.4,,,13.0,11.0,5.0,27.0,128.2,evaporative,MEDIUM,0
ASP,2019,7,30,22,1,,,,,3.7,,,14.0,13.0,3.0,27.0,128.5,evaporative,MEDIUM,0
ASP,2019,8,29,21,1,,,,,3.7,,,12.0,13.0,3.0,17.0,129.4,evaporative,MEDIUM,0
ASP,2019,9,15,12,0,,,,,3.2,,,12.0,13.0,3.0,18.0,133.0,evaporative,MEDIUM,0
ASP,2019,10,1,0,0,,,,,3.7,,,12.0,13.0,3.0,18.0,137.0,evaporative,MEDIUM,0
ASP,2019,11,0,0,0,,,,,4.8,,,11.0,11.0,3.0,21.0,136.6,evaporative,MEDIUM,0
ASP,2019,12,0,0,0,,,,,3.9,,,13.0,12.0,11.0,21.0,138.2,evaporative,MEDIUM,0
ASP,2020,1,0,0,0,,,,,3.3,,,11.0,10.0,5.0,23.0,144.0,evaporative,MEDIUM,0
ASP,2020,2,0,0,0,,,,,4.5,,,13.0,12.0,5.0,25.0,144.6,evaporative,MEDIUM,0
ASP,2020,3,0,0,0,,,,,3.5,,,13.0,12.0,5.0,25.0,147.1,evaporative,MEDIUM,0
ASP,2020,4,1,0,0,,,,,2.5,,,12.0,11.0,5.0,28.0,143.7,evaporative,MEDIUM,0
ASP,2020,5,8,5,0,,,,,3.1,,,11.0,9.0,3.0,28.0,142.4,evaporative,MEDIUM,0
ASP,2020,6,17,12,1,,,,,4.2,,,10.0,8.0,0.0,28.0,138.5,evaporative,MEDIUM,0
ASP,2020,7,31,25,0,,,,,3.9,,,10.0,8.0,0.0,26.0,131.0,evaporative,MEDIUM,0
ASP,2020,8,30,27,2,,,,,2.6,,,10.0,8.0,0.0,29.0,127.6,evaporative,MEDIUM,0
ASP,2020,9,16,7,1,,,,,4.3,,,11.0,10.0,0.0,29.0,121.8,evaporative,MEDIUM,0
ASP,2020,10,7,0,0,,,,,6.4,,,10.0,10.0,0.0,18.0,118.9,evaporative,MEDIUM,0
ASP,2020,11,0,0,0,,,,,3.4,,,11.0,12.0,3.0,18.0,116.8,evaporative,MEDIUM,0
ASP,2020,12,0,0,0,,,,,6.7,,,12.0,13.0,3.0,18.0,114.1,evaporative,MEDIUM,0
ASP,2021,1,0,0,0,,,,,6.1,,,11.0,11.0,3.0,16.0,112.5,evaporative,MEDIUM,0
ASP,2021,2,0,0,0,,,,,11.4,,,10.0,10.0,3.0,16.0,110.7,evaporative,MEDIUM,0
ASP,2021,3,0,0,0,,,,,3.8,,,11.0,12.0,3.0,16.0,107.3,evaporative,MEDIUM,0
ASP,2021,4,1,0,0,,,,,4.8,,,10.0,10.0,3.0,16.0,106.8,evaporative,MEDIUM,0
ASP,2021,5,7,3,0,,,,,4.5,,,8.0,9.0,3.0,13.0,108.5,evaporative,MEDIUM,0
ASP,2021,6,22,16,4,,,,,6.2,,,9.0,10.0,3.0,13.0,115.6,evaporative,MEDIUM,0
ASP,2021,7,31,31,8,50.0,0.37,,13.0,3.8,14614190.17,176657974.0,8.0,8.0,3.0,11.0,116.7,evaporative,MEDIUM,0
ASP,2021,8,29,24,5,36.0,9.2,,5.0,4.1,16844236.939999998,176866486.0,8.0,8.0,3.0,15.0,122.0,evaporative,MEDIUM,0
ASP,2021,9,22,12,2,65.0,2.96,,10.0,4.4,16474750.43,176866486.0,8.0,8.0,5.0,15.0,124.1,evaporative,MEDIUM,0
ASP,2021,10,2,0,0,98.0,0.0,,5.0,5.9,16164570.46,177422996.0,8.0,8.0,5.0,15.0,126.0,evaporative,MEDIUM,0
ASP,2021,11,0,0,0,57.5,0.0,,14.0,6.1,17297766.400000006,188187662.0,10.0,10.0,8.0,16.0,129.2,evaporative,MEDIUM,0
ASP,2021,12,0,0,0,34.0,0.0,,12.0,5.9,19046354.03999999,188196110.0,10.0,10.0,8.0,13.0,132.0,evaporative,MEDIUM,0
ASP,2022,1,0,0,0,44.0,23.4,,4.0,2.8,16318397.14,190153172.0,13.0,11.0,5.0,31.0,128.3,evaporative,MEDIUM,0
ASP,2022,2,0,0,0,28.5,25.1,,7.0,4.3,17849238.33999999,191491532.0,13.0,11.0,5.0,32.0,128.6,evaporative,MEDIUM,0
ASP,2022,3,0,0,0,26.5,6.6,2.0,14.0,1.9,16537657.219999999,191368616.0,13.0,10.0,5.0,32.0,131.7,evaporative,MEDIUM,0
ASP,2022,4,2,0,0,52.5,0.13,,14.0,3.9,16615310.650000006,202662438.0,15.0,12.0,5.0,34.0,134.3,evaporative,MEDIUM,0
ASP,2022,5,7,2,0,37.0,0.0,,20.0,4.5,17188192.860000014,204196978.0,14.0,13.0,-3.0,32.0,138.5,evaporative,MEDIUM,0
ASP,2022,6,21,13,0,41.5,0.49,,17.0,4.8,17483050.829999983,204372676.0,13.0,12.0,-3.0,32.0,140.0,evaporative,MEDIUM,0
ASP,2022,7,28,25,2,31.5,6.77,,7.0,10.6,17712692.58,195110010.0,17.0,13.0,6.0,40.0,139.6,evaporative,MEDIUM,0
ASP,2022,8,31,28,6,59.0,6.48,,20.0,6.6,20148907.980000004,195428939.0,21.0,19.0,6.0,40.0,140.3,evaporative,MEDIUM,0
ASP,2022,9,19,15,8,44.5,17.37,,18.0,8.1,18110000.689999998,195443731.0,20.0,17.0,6.0,42.0,142.3,evaporative,MEDIUM,0
ASP,2022,10,10,0,0,53.0,1.24,,5.0,6.1,19669241.459999993,195724093.0,20.0,18.0,6.0,42.0,140.3,evaporative,MEDIUM,0
ASP,2022,11,0,0,0,19.0,2.16,,8.0,6.4,17356994.870000005,220758464.0,20.0,18.0,6.0,40.0,149.7,evaporative,MEDIUM,0
ASP,2022,12,0,0,0,65.0,3.51,,15.0,6.1,23110304.519999996,220814674.0,20.0,17.0,9.0,40.0,138.4,evaporative,MEDIUM,0
ASP,2023,1,0,0,0,41.0,0.0,,10.0,4.1,18588267.53999999,224782179.0,22.0,18.0,9.0,44.0,139.6,evaporative,MEDIUM,0
ASP,2023,2,0,0,0,15.5,0.0,,9.0,5.6,18629246.99000001,226502853.0,20.0,17.0,6.0,42.0,144.2,evaporative,MEDIUM,0
ASP,2023,3,0,0,0,44.56,0.0,,21.0,6.1,21147725.5,226436186.0,19.0,16.0,6.0,40.0,150.0,evaporative,MEDIUM,0
ASP,2023,4,3,0,0,47.3,0.28,,21.0,3.7,19317341.159999996,230776232.0,17.0,14.0,6.0,40.0,154.5,evaporative,MEDIUM,0
ASP,2023,5,10,4,0,52.5,0.5,,21.0,6.1,18140436.640000015,230929792.0,16.0,12.0,6.0,35.0,158.5,evaporative,MEDIUM,0
ASP,2023,6,9,2,0,65.5,2.19,,21.0,7.8,17984441.180000007,230942754.0,16.0,14.0,9.0,31.0,160.2,evaporative,MEDIUM,0
ASP,2023,7,29,26,7,99.5,0.58,,14.0,8.0,17989963.28,218824187.0,21.0,18.0,6.0,43.0,159.4,evaporative,MEDIUM,0
ASP,2023,8,27,22,3,64.0,2.46,,30.0,8.4,18404543.259999998,218826798.0,21.0,17.0,6.0,43.0,160.5,evaporative,MEDIUM,0
ASP,2023,9,13,2,0,80.5,0.0,,10.0,5.2,18862182.25,219329148.0,20.0,17.0,3.0,41.0,158.4,evaporative,MEDIUM,0
ASP,2023,10,5,1,0,608.0,0.0,,21.0,8.1,20681425.809999995,219491135.0,22.0,19.0,6.0,43.0,157.9,evaporative,MEDIUM,0
ASP,2023,11,0,0,0,358.5,0.0,,11.0,8.1,19718811.60000001,221760134.0,22.0,20.0,6.0,43.0,158.4,evaporative,MEDIUM,0
ASP,2023,12,0,0,0,440.5,0.0,1.0,26.0,7.7,23756569.959999993,221735501.0,21.0,18.0,6.0,43.0,159.3,evaporative,MEDIUM,0
ASP,2024,1,0,0,0,48.5,0.24,,26.0,6.0,20635725.640000015,223652762.0,19.0,16.0,3.0,41.0,162.2,evaporative,MEDIUM,0
ASP,2024,2,0,0,0,41.5,0.87,,29.0,8.6,19761456.560000002,226013375.0,17.0,15.0,0.0,36.0,167.1,evaporative,MEDIUM,0
ASP,2024,3,0,0,0,73.5,0.0,,32.0,4.5,22815489.859999985,226039796.0,17.0,15.0,0.0,36.0,164.9,evaporative,MEDIUM,0
ASP,2024,4,0,0,0,53.75,0.73,,13.0,6.2,19517327.699999988,242029716.0,17.0,14.0,3.0,36.0,163.1,evaporative,MEDIUM,0
ASP,2024,5,9,0,0,66.75,0.0,,17.0,10.1,19003809.49000001,242263039.0,18.0,15.0,8.0,36.0,161.9,evaporative,MEDIUM,0
ASP,2024,6,25,15,1,51.0,1.29,,13.0,4.3,19454355.310000002,242280009.0,17.0,15.0,8.0,33.0,160.0,evaporative,MEDIUM,0
ASP,2024,7,31,29,17,70.0,0.18,,15.0,6.6,18498763.86,238104051.0,17.0,15.0,10.0,34.0,156.8,evaporative,MEDIUM,0
ASP,2024,8,28,22,3,60.0,0.0,,3.0,5.2,20391250.189999998,238182006.0,17.0,14.0,10.0,34.0,152.3,evaporative,MEDIUM,0
ASP,2024,9,21,12,0,77.25,1.54,,6.0,6.1,18682081.730000004,238401029.0,18.0,15.0,10.0,36.0,168.6,evaporative,MEDIUM,0
ASP,2024,10,9,8,0,57.75,4.0,,2.0,7.2,18398404.58,237306201.0,18.0,14.0,13.0,36.0,161.7,evaporative,MEDIUM,0
ASP,2024,11,0,0,0,71.5,0.0,,10.0,7.2,19479738.75,238679601.0,18.0,14.0,15.0,36.0,155.2,evaporative,MEDIUM,0
ASP,2024,12,0,0,0,74.25,0.0,,8.0,8.0,19591071.42,223523934.0,17.0,13.0,15.0,36.0,150.8,evaporative,MEDIUM,0
ASP,2025,1,0,0,0,70.75,0.0,,11.0,7.0,18185620.53999999,223616636.0,11.0,8.0,18.0,16.0,130.1,evaporative,MEDIUM,0
ASP,2025,2,0,0,0,50.0,0.0,,11.0,6.6,18008440.340000004,225095915.69,12.0,9.0,15.0,21.0,129.4,evaporative,MEDIUM,0
ASP,2025,3,0,0,0,114.75,0.49,,9.0,9.4,18502198.97,224816815.69,11.0,8.0,15.0,21.0,130.9,evaporative,MEDIUM,0
ASP,2025,4,0,0,0,82.5,0.0,,24.0,5.8,17620554.200000018,225176554.69,9.0,5.0,13.0,27.0,135.6,evaporative,MEDIUM,0
ASP,2025,5,8,3,0,96.0,0.0,,12.0,6.8,17402907.399999976,225247905.69,9.0,4.0,10.0,28.0,137.2,evaporative,MEDIUM,0
ASP,2025,6,24,13,0,4.0,0.0,,12.0,6.8,18140293.130000025,225480246.69,9.0,6.0,10.0,25.0,138.5,evaporative,MEDIUM,0
ASP,2025,7,30,20,0,,,,,6.0,,,12.0,5.0,11.0,35.0,138.9,evaporative,MEDIUM,0
ASP,2025,8,31,25,3,,,,,5.5,,,14.0,8.0,11.0,33.0,135.2,evaporative,MEDIUM,0
ASP,2025,9,16,8,1,,,,,7.0,,,12.0,7.0,8.0,35.0,135.2,evaporative,MEDIUM,0
ASP,2025,10,1,0,0,,,,,5.4,,,12.0,7.0,5.0,38.0,132.4,evaporative,MEDIUM,0
ASP,2025,11,0,0,0,,,,,6.9,,,11.0,6.0,5.0,35.0,130.5,evaporative,MEDIUM,0
ASP,2025,12,0,0,0,,,,,7.6,,,11.0,7.0,8.0,31.0,131.4,evaporative,MEDIUM,0
CAC,2016,1,0,0,0,,,,,,,,,,,,,,MEDIUM,0
CAC,2016,2,0,0,0,,,,,,,,,,,,,,MEDIUM,0
CAC,2016,3,0,0,0,,,,,,,,,,,,,,MEDIUM,0
CAC,2016,4,0,0,0,,,,,,,,,,,,,,MEDIUM,0
CAC,2016,5,6,3,0,,,,,,,,,,,,,,MEDIUM,0
CAC,2016,6,27,22,4,,,,,,,,,,,,,,MEDIUM,0
CAC,2016,7,31,30,4,,,,,,,,,,,,,,MEDIUM,0
CAC,2016,8,31,29,0,,,,,,,,,,,,,,MEDIUM,0
CAC,2016,9,18,8,0,,,,,,,,,,,,,,MEDIUM,0
CAC,2016,10,0,0,0,,,,,,,,,,,,,,MEDIUM,0
CAC,2016,11,0,0,0,,,,,,,,,,,,,,MEDIUM,0
CAC,2016,12,0,0,0,,,,,,,,,,,,,,MEDIUM,0
CAC,2017,1,0,0,0,,,,,3.0,,,9.0,11.0,0.0,0.0,,,MEDIUM,0
CAC,2017,2,0,0,0,,,,,3.8,,,11.0,11.0,17.0,0.0,,,MEDIUM,0
CAC,2017,3,0,0,0,,,,,4.6,,,12.0,14.0,0.0,0.0,,,MEDIUM,0
CAC,2017,4,1,0,0,,,,,5.5,,,12.0,12.0,,0.0,,,MEDIUM,0
CAC,2017,5,11,4,0,,,,,6.5,,,12.0,11.0,0.0,0.0,,,MEDIUM,0
CAC,2017,6,23,22,5,,,,,8.6,,,13.0,12.0,7.0,0.0,,,MEDIUM,0
CAC,2017,7,31,30,3,,,,,8.7,,,13.0,13.0,7.0,0.0,,,MEDIUM,0
CAC,2017,8,30,27,0,,,,,6.7,,,13.0,14.0,7.0,0.0,,,MEDIUM,0
CAC,2017,9,11,8,0,,,,,9.1,,,14.0,15.0,7.0,0.0,,,MEDIUM,0
CAC,2017,10,2,0,0,,,,,5.8,,,18.0,19.0,6.0,0.0,,,MEDIUM,0
CAC,2017,11,0,0,0,,,,,9.7,,,20.0,22.0,6.0,0.0,,,MEDIUM,0
CAC,2017,12,0,0,0,,,,,14.1,,,20.0,22.0,6.0,0.0,,,MEDIUM,0
CAC,2018,1,0,0,0,,,,,6.8,,,17.0,19.0,0.0,0.0,,,MEDIUM,0
CAC,2018,2,0,0,0,,,,,9.4,,,14.0,16.0,0.0,0.0,,,MEDIUM,0
CAC,2018,3,0,0,0,,,,,11.2,,,12.0,13.0,6.0,0.0,,,MEDIUM,0
CAC,2018,4,2,0,0,,,,,6.9,,,13.0,15.0,0.0,0.0,,,MEDIUM,0
CAC,2018,5,5,3,0,,,,,13.6,,,10.0,11.0,0.0,0.0,,,MEDIUM,0
CAC,2018,6,25,20,0,,,,,12.5,,,11.0,12.0,0.0,0.0,,,MEDIUM,0
CAC,2018,7,31,31,6,,,,,12.3,,,9.0,10.0,0.0,0.0,,,MEDIUM,0
CAC,2018,8,31,29,0,,,,,10.1,,,14.0,16.0,0.0,50.0,,,MEDIUM,0
CAC,2018,9,27,13,0,,,,,9.3,,,11.0,12.0,0.0,50.0,,,MEDIUM,0
CAC,2018,10,0,0,0,,,,,3.6,,,12.0,12.0,6.0,50.0,,,MEDIUM,0
CAC,2018,11,0,0,0,,,,,8.3,,,9.0,11.0,0.0,0.0,,,MEDIUM,0
CAC,2018,12,0,0,0,,,,,7.5,,,10.0,12.0,0.0,0.0,,,MEDIUM,0
CAC,2019,1,0,0,0,,,,,8.3,,,10.0,12.0,0.0,0.0,,,MEDIUM,0
CAC,2019,2,0,0,0,,,,,6.9,,,14.0,15.0,11.0,0.0,,,MEDIUM,0
CAC,2019,3,0,0,0,,,,,7.7,,,13.0,13.0,16.0,0.0,,,MEDIUM,0
CAC,2019,4,5,0,0,,,,,8.4,,,13.0,13.0,16.0,0.0,,,MEDIUM,0
CAC,2019,5,0,0,0,,,,,10.4,,,12.0,12.0,16.0,0.0,,,MEDIUM,0
CAC,2019,6,25,13,0,,,,,8.3,,,12.0,13.0,11.0,0.0,,,MEDIUM,0
CAC,2019,7,31,24,0,,,,,11.9,,,20.0,21.0,16.0,0.0,,,MEDIUM,0
CAC,2019,8,31,28,0,,,,,10.7,,,27.0,21.0,50.0,0.0,,,MEDIUM,0
CAC,2019,9,13,9,0,,,,,8.5,,,19.0,22.0,0.0,0.0,,,MEDIUM,0
CAC,2019,10,1,0,0,,,,,13.8,,,17.0,19.0,0.0,0.0,,,MEDIUM,0
CAC,2019,11,0,0,0,,,,,9.7,,,13.0,15.0,0.0,0.0,,,MEDIUM,0
CAC,2019,12,0,0,0,,,,,9.4,,,12.0,13.0,6.0,0.0,,,MEDIUM,0
CAC,2020,1,0,0,0,,,,,12.6,,,12.0,12.0,6.0,0.0,,,MEDIUM,0
CAC,2020,2,0,0,0,,,,,15.3,,,5.0,5.0,0.0,0.0,,,MEDIUM,0
CAC,2020,3,0,0,0,,,,,9.3,,,6.0,6.0,6.0,0.0,,,MEDIUM,0
CAC,2020,4,3,0,0,,,,,15.1,,,8.0,9.0,6.0,0.0,,,MEDIUM,0
CAC,2020,5,11,6,0,,,,,13.0,,,8.0,10.0,0.0,0.0,,,MEDIUM,0
CAC,2020,6,20,14,0,,,,,6.6,,,10.0,12.0,0.0,0.0,,,MEDIUM,0
CAC,2020,7,31,28,1,,,,,9.6,,,5.0,5.0,0.0,50.0,,,MEDIUM,0
CAC,2020,8,30,28,2,,,,,4.8,,,3.0,3.0,0.0,50.0,,,MEDIUM,0
CAC,2020,9,27,9,1,,,,,2.3,,,3.0,3.0,0.0,50.0,,,MEDIUM,0
CAC,2020,10,12,4,0,,,,,5.5,,,5.0,6.0,0.0,50.0,,,MEDIUM,0
CAC,2020,11,0,0,0,,,,,6.7,,,7.0,7.0,0.0,50.0,,,MEDIUM,0
CAC,2020,12,0,0,0,,,,,14.7,,,8.0,9.0,0.0,50.0,,,MEDIUM,0
CAC,2021,1,0,0,0,,,,,9.0,,,7.0,9.0,0.0,0.0,,,MEDIUM,0
CAC,2021,2,0,0,0,,,,,7.4,,,5.0,6.0,0.0,0.0,,,MEDIUM,0
CAC,2021,3,0,0,0,,,,,8.1,,,8.0,9.0,0.0,0.0,,,MEDIUM,0
CAC,2021,4,1,0,0,,,,,17.1,,,8.0,9.0,0.0,50.0,,,MEDIUM,0
CAC,2021,5,8,2,0,,,,,6.9,,,11.0,11.0,0.0,50.0,,,MEDIUM,0
CAC,2021,6,26,22,4,,,,,7.7,,,9.0,10.0,0.0,0.0,,,MEDIUM,0
CAC,2021,7,30,30,3,0.0,1.41,,9.0,8.6,8838319.11,79107580.0,8.0,10.0,-6.0,0.0,,,MEDIUM,0
CAC,2021,8,29,24,0,0.0,9.94,,6.0,9.5,7399798.16,79162632.0,9.0,11.0,-6.0,0.0,,,MEDIUM,0
CAC,2021,9,21,11,0,0.0,11.07,,4.0,10.9,6877604.620000001,79162632.0,7.0,9.0,-6.0,0.0,,,MEDIUM,0
CAC,2021,10,1,0,0,0.0,0.0,,11.0,13.7,6818244.949999999,79175847.0,7.0,8.0,0.0,0.0,,,MEDIUM,0
CAC,2021,11,0,0,0,13.8,0.0,,6.0,9.6,7883525.260000002,84889225.0,9.0,10.0,0.0,0.0,,,MEDIUM,0
CAC,2021,12,0,0,0,33.35,3.28,,1.0,11.3,7954764.1000000015,84889225.0,11.0,13.0,0.0,0.0,,,MEDIUM,0
CAC,2022,1,0,0,0,32.2,27.7,,1.0,8.0,7122260.739999995,85524136.0,10.0,12.0,0.0,0.0,,,MEDIUM,0
CAC,2022,2,0,0,0,32.2,14.3,,6.0,10.4,7360066.1000000015,86279829.0,10.0,12.0,-6.0,0.0,,,MEDIUM,0
CAC,2022,3,0,0,0,34.5,0.0,,5.0,11.2,7434785.990000002,86197250.0,11.0,12.0,0.0,0.0,,,MEDIUM,0
CAC,2022,4,0,0,0,34.5,0.0,,3.0,6.0,6434596.519999996,90635394.0,10.0,12.0,0.0,0.0,,,MEDIUM,0
CAC,2022,5,8,3,0,43.65,8.99,,0.0,5.4,7095893.019999996,90731713.0,9.0,11.0,0.0,0.0,,,MEDIUM,0
CAC,2022,6,21,16,0,34.5,28.55,,1.0,7.5,7642876.070000008,90850569.0,9.0,10.0,6.0,0.0,,,MEDIUM,0
CAC,2022,7,29,26,0,36.8,5.08,,4.0,6.3,8003078.6,86657361.0,9.0,9.0,6.0,50.0,,,MEDIUM,0
CAC,2022,8,31,29,0,34.5,0.58,,7.0,9.2,8797006.040000001,86782888.0,11.0,11.0,0.0,50.0,,,MEDIUM,0
CAC,2022,9,18,13,3,31.05,1.35,,8.0,6.8,8727711.329999998,86796562.0,12.0,12.0,6.0,50.0,,,MEDIUM,0
CAC,2022,10,8,0,0,35.65,0.45,,12.0,7.6,8448140.25,86818768.0,11.0,10.0,11.0,50.0,,,MEDIUM,0
CAC,2022,11,0,0,0,33.35,10.25,,4.0,6.2,8685115.920000002,97501992.0,10.0,10.0,6.0,50.0,,,MEDIUM,0
CAC,2022,12,0,0,0,35.65,8.68,,4.0,13.3,9221186.39,97807130.0,9.0,9.0,6.0,50.0,,,MEDIUM,0
CAC,2023,1,0,0,0,35.65,5.32,,7.0,10.0,8099122.030000001,99066805.0,10.0,10.0,6.0,50.0,,,MEDIUM,0
CAC,2023,2,0,0,0,31.05,5.39,,4.0,14.5,8592361.769999996,99768076.0,10.0,10.0,6.0,50.0,,,MEDIUM,0
CAC,2023,3,0,0,0,34.5,0.3,,7.0,6.7,7487837.570000008,99644089.0,16.0,16.0,11.0,50.0,,,MEDIUM,0
CAC,2023,4,2,0,0,34.5,6.87,,6.0,10.3,8496823.949999988,102930324.0,16.0,18.0,0.0,50.0,,,MEDIUM,0
CAC,2023,5,11,4,0,34.35,5.21,,2.0,4.4,7477199.260000005,102930603.0,17.0,17.0,6.0,100.0,,,MEDIUM,0
CAC,2023,6,9,3,0,39.35,3.51,,0.0,9.6,6707474.0,102682989.0,23.0,25.0,11.0,,,,MEDIUM,0
CAC,2023,7,31,29,3,35.55,0.0,,0.0,12.7,7144798.38,75368421.0,-114.0,-462.0,11.0,,,,MEDIUM,0
CAC,2023,8,27,19,0,34.05,0.0,,0.0,11.5,5789317.56,75368421.0,-94.0,-431.0,28.0,,,,MEDIUM,0
CAC,2023,9,12,1,0,34.35,0.0,,,16.6,4633066.1,75257339.0,2.0,-115.0,44.0,,,,MEDIUM,0
CAC,2023,10,5,0,0,434.0,,,,14.0,3357513.3100000024,75295597.0,39.0,8.0,50.0,,,,MEDIUM,0
CAC,2023,11,0,0,0,0.0,,,,9.1,2132450.799999997,75188333.0,,,,,,,MEDIUM,0
CAC,2023,12,0,0,0,0.0,,,,,750077.3800000027,75157011.0,,,,,,,MEDIUM,0
CAC,2024,1,0,0,0,0.0,,,,,564213.7899999991,75518677.0,,,,,,,MEDIUM,0
CAC,2024,2,0,0,0,0.0,,,,,613788.2800000012,75395082.0,,,,,,,MEDIUM,0
CAC,2024,3,0,0,0,,,,,,1052025.3299999982,75395082.0,,,,,,,MEDIUM,0
CAC,2024,4,1,0,0,,,,,,270567.19999999925,29322314.0,,,,,,,MEDIUM,0
CAC,2024,5,11,3,0,,,,,,206955.5700000003,29322314.0,,,,,,,MEDIUM,0
CAC,2024,6,29,22,0,,,,,,231431.4600000009,29325527.0,,,,,,,MEDIUM,0
CAC,2024,7,31,31,15,,,,,,-49517.47,2302146.0,,,,,,,MEDIUM,0
CAC,2024,8,28,26,0,,,,,,270534.43,2302146.0,,,,,,,MEDIUM,0
CAC,2024,9,22,14,0,,,,,,110788.11000000002,2331647.0,,,,,,,MEDIUM,0
CAC,2024,10,12,7,0,,,,,,292861.29,2331647.0,,,,,,,MEDIUM,0
CAC,2024,11,0,0,0,,,,,,272207.82000000007,2331647.0,,,,,,,MEDIUM,0
CAC,2024,12,0,0,0,,,,,,176466.92000000004,2331647.0,,,,,,,MEDIUM,0
CAC,2025,1,0,0,0,,,,,,160851.5299999998,2331647.0,,,,,,,MEDIUM,0
CAC,2025,2,0,0,0,,,,,,318729.06000000006,2331647.0,,,,,,,MEDIUM,0
CAC,2025,3,0,0,0,,,,,,222049.78000000003,2336830.0,,,,,,,MEDIUM,0
CAC,2025,4,0,0,0,,,,,,212344.6100000001,2798062.0,,,,,,,MEDIUM,0
CAC,2025,5,12,5,0,,,,,,397310.23999999976,2798062.0,,,,,,,MEDIUM,0
CAC,2025,6,25,19,0,,,,,,179857.39000000013,2798062.0,,,,,,,MEDIUM,0
CAC,2025,7,29,22,0,,,,,,,,,,,,,,MEDIUM,0
CAC,2025,8,31,26,0,,,,,,,,,,,,,,MEDIUM,0
CAC,2025,9,15,7,0,,,,,,,,,,,,,,MEDIUM,0
CAC,2025,10,0,0,0,,,,,,,,,,,,,,MEDIUM,0
CAC,2025,11,0,0,0,,,,,,,,,,,,,,MEDIUM,0
CAC,2025,12,0,0,0,,,,,,,,,,,,,,MEDIUM,0
CAL,2016,1,0,0,0,,,,,,,,,,,,165.3,mechanical,MAXIMUM,0
CAL,2016,2,2,0,0,,,,,,,,,,,,164.1,mechanical,MAXIMUM,0
CAL,2016,3,10,0,0,,,,,,,,,,,,160.2,mechanical,MAXIMUM,0
CAL,2016,4,11,4,0,,,,,,,,,,,,159.1,mechanical,MAXIMUM,0
CAL,2016,5,19,11,0,,,,,,,,,,,,163.0,mechanical,MAXIMUM,0
CAL,2016,6,30,29,1,,,,,,,,,,,,163.7,mechanical,MAXIMUM,0
CAL,2016,7,31,31,0,,,,,,,,,,,,163.0,mechanical,MAXIMUM,0
CAL,2016,8,31,31,0,,,,,,,,,,,,163.6,mechanical,MAXIMUM,0
CAL,2016,9,27,23,0,,,,,,,,,,,,167.5,mechanical,MAXIMUM,0
CAL,2016,10,23,9,0,,,,,,,,,,,,168.8,mechanical,MAXIMUM,0
CAL,2016,11,3,0,0,,,,,,,,,,,,168.1,mechanical,MAXIMUM,0
CAL,2016,12,0,0,0,,,,,,,,,,,,167.8,mechanical,MAXIMUM,0
CAL,2017,1,0,0,0,,,,,8.7,,,10.0,11.0,3.0,8.0,165.8,mechanical,MAXIMUM,0
CAL,2017,2,0,0,0,,,,,5.6,,,10.0,11.0,9.0,8.0,164.0,mechanical,MAXIMUM,0
CAL,2017,3,14,7,0,,,,,7.7,,,12.0,14.0,3.0,8.0,164.4,mechanical,MAXIMUM,0
CAL,2017,4,15,4,0,,,,,8.0,,,11.0,14.0,-3.0,8.0,166.7,mechanical,MAXIMUM,0
CAL,2017,5,22,17,0,,,,,7.8,,,11.0,13.0,3.0,8.0,168.0,mechanical,MAXIMUM,0
CAL,2017,6,30,27,2,,,,,6.5,,,11.0,15.0,0.0,8.0,165.6,mechanical,MAXIMUM,0
CAL,2017,7,31,31,1,,,,,10.6,,,11.0,14.0,0.0,8.0,163.6,mechanical,MAXIMUM,0
CAL,2017,8,31,31,0,,,,,13.1,,,10.0,12.0,0.0,8.0,161.1,mechanical,MAXIMUM,0
CAL,2017,9,26,20,0,,,,,8.7,,,12.0,14.0,3.0,17.0,160.9,mechanical,MAXIMUM,0
CAL,2017,10,24,15,0,,,,,9.6,,,14.0,15.0,3.0,25.0,160.8,mechanical,MAXIMUM,0
CAL,2017,11,2,0,0,,,,,12.9,,,11.0,13.0,3.0,9.0,161.3,mechanical,MAXIMUM,0
CAL,2017,12,0,0,0,,,,,11.1,,,11.0,13.0,3.0,9.0,162.7,mechanical,MAXIMUM,0
CAL,2018,1,0,0,0,,,,,9.3,,,10.0,11.0,3.0,9.0,160.3,mechanical,MAXIMUM,0
CAL,2018,2,0,0,0,,,,,9.2,,,9.0,11.0,3.0,0.0,159.7,mechanical,MAXIMUM,0
CAL,2018,3,3,1,0,,,,,8.0,,,9.0,11.0,3.0,0.0,158.2,mechanical,MAXIMUM,0
CAL,2018,4,18,10,0,,,,,8.5,,,9.0,11.0,3.0,9.0,157.7,mechanical,MAXIMUM,0
CAL,2018,5,24,16,0,,,,,10.4,,,10.0,11.0,6.0,9.0,157.2,mechanical,MAXIMUM,0
CAL,2018,6,30,28,0,,,,,8.8,,,9.0,10.0,3.0,18.0,156.1,mechanical,MAXIMUM,0
CAL,2018,7,31,31,1,,,,,10.8,,,10.0,12.0,3.0,18.0,154.6,mechanical,MAXIMUM,0
CAL,2018,8,31,31,0,,,,,6.8,,,10.0,11.0,9.0,9.0,149.5,mechanical,MAXIMUM,0
CAL,2018,9,30,30,0,,,,,12.2,,,8.0,7.0,12.0,9.0,148.4,mechanical,MAXIMUM,0
CAL,2018,10,11,1,0,,,,,7.9,,,7.0,6.0,12.0,9.0,149.0,mechanical,MAXIMUM,0
CAL,2018,11,1,0,0,,,,,8.3,,,5.0,4.0,9.0,9.0,150.7,mechanical,MAXIMUM,0
CAL,2018,12,0,0,0,,,,,12.5,,,6.0,4.0,12.0,18.0,151.3,mechanical,MAXIMUM,0
CAL,2019,1,0,0,0,,,,,14.6,,,6.0,6.0,6.0,18.0,151.2,mechanical,MAXIMUM,0
CAL,2019,2,0,0,0,,,,,15.8,,,6.0,6.0,0.0,25.0,153.9,mechanical,MAXIMUM,0
CAL,2019,3,0,0,0,,,,,8.2,,,7.0,7.0,0.0,25.0,153.6,mechanical,MAXIMUM,0
CAL,2019,4,13,8,0,,,,,10.8,,,7.0,7.0,0.0,25.0,153.3,mechanical,MAXIMUM,0
CAL,2019,5,13,7,0,,,,,10.4,,,8.0,8.0,0.0,25.0,151.9,mechanical,MAXIMUM,0
CAL,2019,6,30,28,0,,,,,6.9,,,8.0,7.0,3.0,25.0,151.3,mechanical,MAXIMUM,0
CAL,2019,7,31,31,0,,,,,9.7,,,13.0,14.0,3.0,25.0,150.5,mechanical,MAXIMUM,0
CAL,2019,8,31,31,2,,,,,11.1,,,17.0,16.0,12.0,42.0,149.4,mechanical,MAXIMUM,0
CAL,2019,9,27,23,0,,,,,12.6,,,19.0,19.0,9.0,42.0,149.1,mechanical,MAXIMUM,0
CAL,2019,10,18,10,0,,,,,15.5,,,20.0,20.0,9.0,42.0,146.6,mechanical,MAXIMUM,0
CAL,2019,11,2,0,0,,,,,14.1,,,17.0,16.0,9.0,50.0,142.6,mechanical,MAXIMUM,0
CAL,2019,12,0,0,0,,,,,15.4,,,15.0,14.0,6.0,50.0,138.2,mechanical,MAXIMUM,0
CAL,2020,1,0,0,0,,,,,10.9,,,14.0,12.0,6.0,50.0,134.9,mechanical,MAXIMUM,0
CAL,2020,2,0,0,0,,,,,13.4,,,14.0,14.0,3.0,50.0,129.0,mechanical,MAXIMUM,0
CAL,2020,3,0,0,0,,,,,12.8,,,13.0,12.0,3.0,50.0,132.4,mechanical,MAXIMUM,0
CAL,2020,4,9,9,0,,,,,12.4,,,12.0,10.0,3.0,67.0,127.2,mechanical,MAXIMUM,0
CAL,2020,5,28,22,0,,,,,9.8,,,11.0,10.0,3.0,58.0,133.6,mechanical,MAXIMUM,0
CAL,2020,6,28,26,0,,,,,10.6,,,12.0,11.0,3.0,50.0,134.9,mechanical,MAXIMUM,0
CAL,2020,7,31,31,1,,,,,10.3,,,14.0,12.0,6.0,50.0,128.0,mechanical,MAXIMUM,0
CAL,2020,8,31,31,1,,,,,7.0,,,13.0,12.0,6.0,55.0,125.3,mechanical,MAXIMUM,0
CAL,2020,9,30,28,1,,,,,11.2,,,13.0,11.0,9.0,48.0,125.6,mechanical,MAXIMUM,0
CAL,2020,10,23,19,0,,,,,8.9,,,14.0,12.0,9.0,48.0,129.4,mechanical,MAXIMUM,0
CAL,2020,11,5,0,0,,,,,8.3,,,13.0,12.0,9.0,36.0,128.4,mechanical,MAXIMUM,0
CAL,2020,12,0,0,0,,,,,7.1,,,13.0,14.0,9.0,18.0,126.8,mechanical,MAXIMUM,0
CAL,2021,1,0,0,0,,,,,9.1,,,15.0,13.0,21.0,30.0,126.3,mechanical,MAXIMUM,0
CAL,2021,2,0,0,0,,,,,5.9,,,13.0,10.0,18.0,30.0,127.3,mechanical,MAXIMUM,0
CAL,2021,3,1,0,0,,,,,6.0,,,13.0,10.0,18.0,30.0,128.5,mechanical,MAXIMUM,0
CAL,2021,4,17,7,0,,,,,6.7,,,15.0,12.0,18.0,50.0,127.2,mechanical,MAXIMUM,0
CAL,2021,5,27,20,0,,,,,9.4,,,16.0,14.0,15.0,40.0,127.3,mechanical,MAXIMUM,0
CAL,2021,6,30,28,0,,,,,8.3,,,14.0,13.0,12.0,40.0,126.3,mechanical,MAXIMUM,0
CAL,2021,7,31,31,0,55.0,0.0,,10.0,8.6,13970011.64,168478102.0,12.0,12.0,3.0,36.0,126.0,mechanical,MAXIMUM,0
CAL,2021,8,31,31,1,34.8,0.29,,7.0,10.6,14678192.509999998,168442302.0,9.0,10.0,0.0,27.0,124.4,mechanical,MAXIMUM,0
CAL,2021,9,29,27,0,24.45,0.0,,14.0,10.0,15675523.39,168449473.0,8.0,8.0,0.0,27.0,123.1,mechanical,MAXIMUM,0
CAL,2021,10,14,4,0,67.65,9.61,,10.0,6.4,15350915.5,168783396.0,8.0,8.0,0.0,18.0,126.2,mechanical,MAXIMUM,0
CAL,2021,11,7,0,0,43.5,12.47,1.0,9.0,8.1,15896011.270000003,178870311.0,9.0,10.0,-3.0,18.0,126.4,mechanical,MAXIMUM,0
CAL,2021,12,0,0,0,38.2,2.96,,4.0,7.2,18051510.25,178893934.0,11.0,11.0,6.0,27.0,124.9,mechanical,MAXIMUM,0
CAL,2022,1,0,0,0,55.75,23.82,,8.0,6.2,15386897.909999996,180460297.0,10.0,9.0,10.0,27.0,121.3,mechanical,MAXIMUM,0
CAL,2022,2,0,0,0,41.15,19.2,,8.0,10.8,16475744.519999996,181496187.0,10.0,8.0,10.0,27.0,117.8,mechanical,MAXIMUM,0
CAL,2022,3,3,0,0,24.0,4.59,,11.0,8.5,14600301.89,181392819.0,9.0,8.0,3.0,36.0,118.6,mechanical,MAXIMUM,0
CAL,2022,4,15,4,0,24.0,4.88,,8.0,7.9,15590801.800000012,186163665.0,10.0,10.0,3.0,27.0,115.1,mechanical,MAXIMUM,0
CAL,2022,5,26,20,0,8.5,0.0,,6.0,6.3,15195407.419999987,188874181.0,9.0,11.0,-3.0,27.0,115.6,mechanical,MAXIMUM,0
CAL,2022,6,30,30,0,16.0,2.03,,3.0,7.2,16696940.879999995,189092826.0,9.0,11.0,-7.0,18.0,113.6,mechanical,MAXIMUM,0
CAL,2022,7,31,31,0,24.0,7.51,1.0,4.0,7.5,16195278.66,182058873.0,10.0,12.0,0.0,9.0,110.2,mechanical,MAXIMUM,0
CAL,2022,8,31,31,0,24.0,5.01,1.0,11.0,6.7,18061203.01,182237951.0,10.0,14.0,-7.0,9.0,110.5,mechanical,MAXIMUM,0
CAL,2022,9,28,26,0,16.0,0.87,,6.0,7.7,16926203.15,182476314.0,8.0,11.0,-7.0,0.0,110.7,mechanical,MAXIMUM,0
CAL,2022,10,18,13,0,16.0,0.0,1.0,4.0,6.7,18573305.360000007,182840886.0,9.0,11.0,0.0,0.0,109.8,mechanical,MAXIMUM,0
CAL,2022,11,0,0,0,0.0,0.66,,3.0,9.6,17370550.50999999,203569982.0,10.0,13.0,0.0,0.0,108.5,mechanical,MAXIMUM,0
CAL,2022,12,0,0,0,16.0,1.3,,10.0,5.0,20991061.799999997,203595182.0,12.0,14.0,0.0,9.0,109.7,mechanical,MAXIMUM,0
CAL,2023,1,0,0,0,19.45,0.85,,5.0,7.3,16693422.219999999,206935502.0,15.0,16.0,13.0,0.0,108.3,mechanical,MAXIMUM,0
CAL,2023,2,0,0,0,21.05,13.79,,6.0,8.5,17775605.200000003,207916338.0,14.0,15.0,9.0,18.0,106.3,mechanical,MAXIMUM,0
CAL,2023,3,0,0,0,32.0,12.32,,13.0,9.7,17291541.28999999,207738233.0,15.0,15.0,10.0,27.0,108.4,mechanical,MAXIMUM,0
CAL,2023,4,13,7,0,34.75,0.0,,17.0,11.2,16726446.860000014,211762752.28,13.0,13.0,7.0,27.0,107.8,mechanical,MAXIMUM,0
CAL,2023,5,21,15,0,25.15,0.0,,12.0,9.0,17324263.800000012,211997506.28,9.0,9.0,7.0,18.0,108.1,mechanical,MAXIMUM,0
CAL,2023,6,27,18,0,8.0,0.0,,20.0,8.0,17031899.52999997,212054314.28,13.0,13.0,10.0,18.0,114.1,mechanical,MAXIMUM,0
CAL,2023,7,31,31,2,41.65,0.0,,15.0,10.1,15931402.12,201985342.0,12.0,13.0,7.0,18.0,117.2,mechanical,MAXIMUM,0
CAL,2023,8,29,28,2,31.0,0.0,,13.0,9.8,17510324.369999997,202377583.0,11.0,11.0,10.0,18.0,117.9,mechanical,MAXIMUM,0
CAL,2023,9,28,26,0,15.48,0.0,,2.0,11.0,16794903.280000005,202504096.0,11.0,10.0,10.0,27.0,115.7,mechanical,MAXIMUM,0
CAL,2023,10,16,13,0,34.0,0.0,,22.0,6.7,16987416.559999995,202699805.0,13.0,12.0,17.0,27.0,117.2,mechanical,MAXIMUM,0
CAL,2023,11,2,0,0,48.0,0.0,,19.0,8.3,18903463.35000001,204150027.0,14.0,11.0,20.0,27.0,121.3,mechanical,MAXIMUM,0
CAL,2023,12,0,0,0,0.0,0.0,,8.0,9.7,21722255.08999999,204186698.0,13.0,10.0,20.0,36.0,118.8,mechanical,MAXIMUM,0
CAL,2024,1,0,0,0,0.0,0.0,,10.0,10.2,18375842.61,205302496.0,13.0,12.0,13.0,27.0,115.0,mechanical,MAXIMUM,0
CAL,2024,2,2,0,0,0.0,0.0,,13.0,13.4,19116944.860000014,206508388.0,13.0,12.0,13.0,27.0,112.3,mechanical,MAXIMUM,0
CAL,2024,3,0,0,0,0.0,0.0,,13.0,12.3,19027049.049999982,206649982.0,13.0,12.0,10.0,36.0,123.0,mechanical,MAXIMUM,0
CAL,2024,4,14,4,0,0.0,5.04,1.0,16.0,13.6,18170185.71000001,221332385.0,10.0,10.0,3.0,36.0,120.8,mechanical,MAXIMUM,0
CAL,2024,5,28,19,0,4.0,0.0,,26.0,12.6,17986949.569999993,221679263.0,9.0,7.0,10.0,36.0,123.1,mechanical,MAXIMUM,0
CAL,2024,6,30,30,0,0.0,0.0,,32.0,14.0,17688587.580000013,221702252.0,12.0,10.0,13.0,39.0,125.6,mechanical,MAXIMUM,0
CAL,2024,7,31,31,1,0.5,0.0,,14.0,15.9,15660971.98,213081437.0,10.0,9.0,9.0,24.0,125.4,mechanical,MAXIMUM,0
CAL,2024,8,31,31,0,0.0,0.0,,22.0,11.3,18008683.429999996,213099304.0,8.0,7.0,6.0,24.0,121.0,mechanical,MAXIMUM,0
CAL,2024,9,28,25,1,0.0,1.09,,24.0,16.6,18452391.020000003,213315721.0,9.0,8.0,6.0,24.0,113.2,mechanical,MAXIMUM,0
CAL,2024,10,22,18,0,0.0,0.57,,10.0,14.9,18748139.889999993,213482092.0,11.0,9.0,13.0,24.0,109.3,mechanical,MAXIMUM,0
CAL,2024,11,0,0,0,0.0,0.0,1.0,23.0,11.9,18325451.040000007,214434849.0,12.0,10.0,19.0,24.0,106.8,mechanical,MAXIMUM,0
CAL,2024,12,0,0,0,0.0,1.49,,18.0,17.2,18644341.760000005,205609464.0,12.0,10.0,19.0,14.0,103.6,mechanical,MAXIMUM,0
CAL,2025,1,0,0,0,0.0,0.0,,20.0,13.0,17568252.22999999,206385757.0,10.0,8.0,16.0,14.0,137.4,mechanical,MAXIMUM,0
CAL,2025,2,4,0,0,2.5,0.0,,31.0,15.2,16160837.909999996,207352221.69,12.0,9.0,22.0,24.0,140.4,mechanical,MAXIMUM,0
CAL,2025,3,4,2,0,0.0,20.72,,20.0,15.9,16901804.25,208014650.69,13.0,9.0,25.0,24.0,141.3,mechanical,MAXIMUM,0
CAL,2025,4,8,4,0,0.0,1.03,1.0,21.0,17.3,16222127.439999998,209110624.69,15.0,13.0,25.0,24.0,137.3,mechanical,MAXIMUM,0
CAL,2025,5,23,15,0,0.0,0.0,,16.0,17.1,16468057.02000001,209277534.69,12.0,10.0,19.0,24.0,134.3,mechanical,MAXIMUM,0
CAL,2025,6,30,28,0,0.0,16.8,,8.0,19.0,15323128.099999994,209530957.69,11.0,10.0,16.0,24.0,130.8,mechanical,MAXIMUM,0
CAL,2025,7,31,31,1,,,,,11.2,,,14.0,12.0,13.0,39.0,131.3,mechanical,MAXIMUM,0
CAL,2025,8,31,30,1,,,,,8.3,,,14.0,12.0,13.0,39.0,131.6,mechanical,MAXIMUM,0
CAL,2025,9,26,19,0,,,,,12.2,,,14.0,12.0,10.0,39.0,133.0,mechanical,MAXIMUM,0
CAL,2025,10,17,3,0,,,,,13.3,,,15.0,12.0,16.0,39.0,139.2,mechanical,MAXIMUM,0
CAL,2025,11,5,0,0,,,,,14.5,,,15.0,12.0,19.0,39.0,138.4,mechanical,MAXIMUM,0
CAL,2025,12,0,0,0,,,,,9.5,,,15.0,12.0,19.0,39.0,138.8,mechanical,MAXIMUM,0
CCI,2016,1,0,0,0,,,,,,,,,,,,127.5,mixed_ventilation_only,MAXIMUM,0
CCI,2016,2,0,0,0,,,,,,,,,,,,123.3,mixed_ventilation_only,MAXIMUM,0
CCI,2016,3,0,0,0,,,,,,,,,,,,117.9,mixed_ventilation_only,MAXIMUM,0
CCI,2016,4,0,0,0,,,,,,,,,,,,116.1,mixed_ventilation_only,MAXIMUM,0
CCI,2016,5,0,0,0,,,,,,,,,,,,111.9,mixed_ventilation_only,MAXIMUM,0
CCI,2016,6,8,0,1,,,,,,,,,,,,112.8,mixed_ventilation_only,MAXIMUM,0
CCI,2016,7,11,2,4,,,,,,,,,,,,117.7,mixed_ventilation_only,MAXIMUM,0
CCI,2016,8,6,0,0,,,,,,,,,,,,123.2,mixed_ventilation_only,MAXIMUM,0
CCI,2016,9,0,0,0,,,,,,,,,,,,128.3,mixed_ventilation_only,MAXIMUM,0
CCI,2016,10,0,0,0,,,,,,,,,,,,130.4,mixed_ventilation_only,MAXIMUM,0
CCI,2016,11,0,0,0,,,,,,,,,,,,131.3,mixed_ventilation_only,MAXIMUM,0
CCI,2016,12,0,0,0,,,,,,,,,,,,131.9,mixed_ventilation_only,MAXIMUM,0
CCI,2017,1,0,0,0,,,,,8.9,,,27.0,29.0,6.0,32.0,132.9,mixed_ventilation_only,MAXIMUM,0
CCI,2017,2,0,0,0,,,,,8.2,,,27.0,30.0,14.0,27.0,135.9,mixed_ventilation_only,MAXIMUM,0
CCI,2017,3,0,0,0,,,,,7.6,,,26.0,28.0,6.0,29.0,138.6,mixed_ventilation_only,MAXIMUM,0
CCI,2017,4,0,0,0,,,,,11.0,,,26.0,28.0,6.0,31.0,139.0,mixed_ventilation_only,MAXIMUM,0
CCI,2017,5,0,0,0,,,,,9.1,,,22.0,23.0,3.0,31.0,135.5,mixed_ventilation_only,MAXIMUM,0
CCI,2017,6,8,4,5,,,,,8.8,,,24.0,26.0,3.0,31.0,135.6,mixed_ventilation_only,MAXIMUM,0
CCI,2017,7,9,0,1,,,,,11.8,,,16.0,13.0,3.0,32.0,135.5,mixed_ventilation_only,MAXIMUM,0
CCI,2017,8,8,3,5,,,,,11.6,,,20.0,17.0,9.0,33.0,138.0,mixed_ventilation_only,MAXIMUM,0
CCI,2017,9,3,1,1,,,,,11.6,,,19.0,15.0,12.0,32.0,137.5,mixed_ventilation_only,MAXIMUM,0
CCI,2017,10,0,0,0,,,,,9.7,,,19.0,15.0,12.0,34.0,137.0,mixed_ventilation_only,MAXIMUM,0
CCI,2017,11,0,0,0,,,,,10.5,,,15.0,11.0,0.0,35.0,137.5,mixed_ventilation_only,MAXIMUM,0
CCI,2017,12,0,0,0,,,,,14.0,,,15.0,11.0,0.0,35.0,129.4,mixed_ventilation_only,MAXIMUM,0
CCI,2018,1,0,0,0,,,,,13.7,,,15.0,10.0,0.0,36.0,121.5,mixed_ventilation_only,MAXIMUM,0
CCI,2018,2,0,0,0,,,,,11.3,,,14.0,10.0,0.0,33.0,120.4,mixed_ventilation_only,MAXIMUM,0
CCI,2018,3,0,0,0,,,,,8.6,,,12.0,8.0,0.0,32.0,118.2,mixed_ventilation_only,MAXIMUM,0
CCI,2018,4,0,0,0,,,,,16.2,,,12.0,10.0,0.0,27.0,116.3,mixed_ventilation_only,MAXIMUM,0
CCI,2018,5,0,0,0,,,,,11.8,,,13.0,11.0,0.0,24.0,117.0,mixed_ventilation_only,MAXIMUM,0
CCI,2018,6,4,0,0,,,,,13.0,,,12.0,11.0,0.0,23.0,119.2,mixed_ventilation_only,MAXIMUM,0
CCI,2018,7,16,0,1,,,,,14.2,,,10.0,9.0,0.0,22.0,120.3,mixed_ventilation_only,MAXIMUM,0
CCI,2018,8,5,0,1,,,,,11.1,,,11.0,11.0,0.0,19.0,121.7,mixed_ventilation_only,MAXIMUM,0
CCI,2018,9,0,0,0,,,,,15.9,,,13.0,10.0,6.0,24.0,128.1,mixed_ventilation_only,MAXIMUM,0
CCI,2018,10,0,0,0,,,,,12.6,,,11.0,9.0,3.0,24.0,136.4,mixed_ventilation_only,MAXIMUM,0
CCI,2018,11,0,0,0,,,,,13.7,,,10.0,7.0,3.0,23.0,141.6,mixed_ventilation_only,MAXIMUM,0
CCI,2018,12,0,0,0,,,,,16.6,,,10.0,7.0,6.0,23.0,145.1,mixed_ventilation_only,MAXIMUM,0
CCI,2019,1,0,0,0,,,,,8.0,,,10.0,7.0,6.0,23.0,145.8,mixed_ventilation_only,MAXIMUM,0
CCI,2019,2,0,0,0,,,,,12.6,,,14.0,9.0,6.0,31.0,143.7,mixed_ventilation_only,MAXIMUM,0
CCI,2019,3,0,0,0,,,,,10.2,,,15.0,11.0,6.0,30.0,141.2,mixed_ventilation_only,MAXIMUM,0
CCI,2019,4,0,0,0,,,,,8.8,,,13.0,10.0,3.0,30.0,139.8,mixed_ventilation_only,MAXIMUM,0
CCI,2019,5,0,0,0,,,,,8.6,,,13.0,9.0,3.0,30.0,138.6,mixed_ventilation_only,MAXIMUM,0
CCI,2019,6,0,0,0,,,,,9.9,,,12.0,7.0,6.0,31.0,134.4,mixed_ventilation_only,MAXIMUM,0
CCI,2019,7,5,0,0,,,,,6.3,,,17.0,17.0,6.0,25.0,132.2,mixed_ventilation_only,MAXIMUM,0
CCI,2019,8,11,0,0,,,,,11.5,,,17.0,16.0,6.0,25.0,133.3,mixed_ventilation_only,MAXIMUM,0
CCI,2019,9,3,0,0,,,,,10.8,,,18.0,19.0,6.0,24.0,135.8,mixed_ventilation_only,MAXIMUM,0
CCI,2019,10,0,0,0,,,,,10.4,,,19.0,20.0,9.0,24.0,134.7,mixed_ventilation_only,MAXIMUM,0
CCI,2019,11,0,0,0,,,,,7.8,,,17.0,17.0,6.0,24.0,133.7,mixed_ventilation_only,MAXIMUM,0
CCI,2019,12,0,0,0,,,,,8.6,,,15.0,15.0,6.0,22.0,132.7,mixed_ventilation_only,MAXIMUM,0
CCI,2020,1,0,0,0,,,,,9.5,,,14.0,13.0,12.0,20.0,133.0,mixed_ventilation_only,MAXIMUM,0
CCI,2020,2,0,0,0,,,,,6.6,,,13.0,13.0,9.0,13.0,131.5,mixed_ventilation_only,MAXIMUM,0
CCI,2020,3,0,0,0,,,,,10.2,,,13.0,12.0,12.0,17.0,131.7,mixed_ventilation_only,MAXIMUM,0
CCI,2020,4,0,0,0,,,,,12.9,,,12.0,10.0,15.0,17.0,126.3,mixed_ventilation_only,MAXIMUM,0
CCI,2020,5,1,0,0,,,,,7.8,,,11.0,10.0,12.0,13.0,131.3,mixed_ventilation_only,MAXIMUM,0
CCI,2020,6,4,0,0,,,,,10.3,,,12.0,12.0,6.0,14.0,133.5,mixed_ventilation_only,MAXIMUM,0
CCI,2020,7,8,0,1,,,,,10.6,,,10.0,12.0,6.0,7.0,123.8,mixed_ventilation_only,MAXIMUM,0
CCI,2020,8,6,0,1,,,,,7.6,,,10.0,12.0,6.0,9.0,119.0,mixed_ventilation_only,MAXIMUM,0
CCI,2020,9,4,2,2,,,,,10.9,,,9.0,10.0,6.0,6.0,111.5,mixed_ventilation_only,MAXIMUM,0
CCI,2020,10,0,0,0,,,,,13.9,,,9.0,10.0,6.0,6.0,107.8,mixed_ventilation_only,MAXIMUM,0
CCI,2020,11,0,0,0,,,,,14.4,,,10.0,11.0,12.0,6.0,107.2,mixed_ventilation_only,MAXIMUM,0
CCI,2020,12,0,0,0,,,,,14.4,,,10.0,10.0,9.0,13.0,104.7,mixed_ventilation_only,MAXIMUM,0
CCI,2021,1,0,0,0,,,,,10.9,,,10.0,10.0,12.0,8.0,105.2,mixed_ventilation_only,MAXIMUM,0
CCI,2021,2,0,0,0,,,,,14.5,,,11.0,11.0,12.0,12.0,104.6,mixed_ventilation_only,MAXIMUM,0
CCI,2021,3,0,0,0,,,,,8.3,,,12.0,12.0,9.0,12.0,104.1,mixed_ventilation_only,MAXIMUM,0
CCI,2021,4,0,0,0,,,,,19.4,,,13.0,13.0,9.0,17.0,106.3,mixed_ventilation_only,MAXIMUM,0
CCI,2021,5,0,0,0,,,,,12.2,,,12.0,11.0,9.0,14.0,106.1,mixed_ventilation_only,MAXIMUM,0
CCI,2021,6,9,3,3,,,,,9.9,,,12.0,12.0,9.0,12.0,107.3,mixed_ventilation_only,MAXIMUM,0
CCI,2021,7,8,1,2,125.9,6.48,,22.0,9.9,18376325.36,212182893.0,10.0,12.0,9.0,3.0,103.8,mixed_ventilation_only,MAXIMUM,0
CCI,2021,8,5,0,1,154.75,0.99,,26.0,12.8,19067402.04,212127152.0,13.0,13.0,12.0,10.0,101.7,mixed_ventilation_only,MAXIMUM,0
CCI,2021,9,4,1,1,189.25,0.0,,23.0,10.8,18756326.160000004,212128155.0,15.0,16.0,12.0,11.0,98.4,mixed_ventilation_only,MAXIMUM,0
CCI,2021,10,0,0,0,172.95,0.0,,15.0,12.6,18500153.519999996,212390122.0,16.0,16.0,15.0,17.0,122.2,mixed_ventilation_only,MAXIMUM,0
CCI,2021,11,0,0,0,133.9,3.24,,24.0,17.4,18631905.97,226179413.0,16.0,15.0,21.0,19.0,123.3,mixed_ventilation_only,MAXIMUM,0
CCI,2021,12,0,0,0,95.1,1.57,,39.0,13.5,21716801.61,226191506.0,18.0,16.0,24.0,22.0,141.5,mixed_ventilation_only,MAXIMUM,0
CCI,2022,1,0,0,0,141.8,23.97,,46.0,13.6,17527871.78,227447041.0,16.0,16.0,21.0,15.0,140.1,mixed_ventilation_only,MAXIMUM,0
CCI,2022,2,0,0,0,134.95,12.76,,26.0,14.2,18096424.620000005,228552265.0,16.0,15.0,24.0,15.0,143.9,mixed_ventilation_only,MAXIMUM,0
CCI,2022,3,0,0,0,186.65,1.41,,39.0,9.6,16681639.199999988,228474258.0,16.0,15.0,21.0,15.0,143.7,mixed_ventilation_only,MAXIMUM,0
CCI,2022,4,0,0,0,162.5,2.0,,52.0,10.0,18037963.909999996,231189788.0,16.0,16.0,21.0,13.0,143.6,mixed_ventilation_only,MAXIMUM,0
CCI,2022,5,0,0,0,196.65,1.6,,39.0,13.0,17523072.630000025,225912219.0,16.0,16.0,13.0,13.0,139.6,mixed_ventilation_only,MAXIMUM,0
CCI,2022,6,0,0,0,154.85,0.52,,28.0,5.1,18489524.609999985,226049637.0,14.0,16.0,11.0,7.0,138.7,mixed_ventilation_only,MAXIMUM,0
CCI,2022,7,8,0,0,138.1,2.52,,32.0,11.1,19231965.44,216548512.0,19.0,19.0,15.0,25.0,136.4,mixed_ventilation_only,MAXIMUM,0
CCI,2022,8,5,0,0,151.05,1.33,,38.0,12.4,20501768.359999996,216704486.0,21.0,21.0,11.0,25.0,134.3,mixed_ventilation_only,MAXIMUM,0
CCI,2022,9,6,3,3,127.85,1.31,,38.0,17.6,19712990.17,216746918.0,21.0,21.0,11.0,27.0,134.3,mixed_ventilation_only,MAXIMUM,0
CCI,2022,10,0,0,0,102.9,1.18,,41.0,12.1,20986867.33,216766678.0,18.0,18.0,11.0,22.0,131.1,mixed_ventilation_only,MAXIMUM,0
CCI,2022,11,0,0,0,112.1,1.07,,38.0,9.3,20595246.33,228620736.0,18.0,18.0,11.0,20.0,127.2,mixed_ventilation_only,MAXIMUM,0
CCI,2022,12,0,0,0,96.5,1.02,,29.0,13.5,22686964.74000001,228854378.0,19.0,20.0,11.0,20.0,123.4,mixed_ventilation_only,MAXIMUM,0
CCI,2023,1,0,0,0,95.15,2.51,1.0,34.0,12.8,19635838.129999995,232407027.0,16.0,18.0,11.0,14.0,120.2,mixed_ventilation_only,MAXIMUM,0
CCI,2023,2,0,0,0,116.45,0.59,,44.0,11.8,20129541.110000014,233424938.0,19.0,19.0,11.0,24.0,116.6,mixed_ventilation_only,MAXIMUM,0
CCI,2023,3,0,0,0,77.85,2.55,,19.0,11.4,19699833.559999973,233579457.0,19.0,20.0,8.0,24.0,108.1,mixed_ventilation_only,MAXIMUM,0
CCI,2023,4,0,0,0,94.3,0.1,,23.0,10.7,18554003.070000023,247529120.0,22.0,23.0,12.0,26.0,98.9,mixed_ventilation_only,MAXIMUM,0
CCI,2023,5,0,0,0,74.15,1.72,,19.0,9.1,19098676.049999982,248328377.0,23.0,24.0,12.0,23.0,87.5,mixed_ventilation_only,MAXIMUM,0
CCI,2023,6,0,0,0,80.9,2.1,,25.0,13.6,19912437.46000001,249024344.0,24.0,25.0,12.0,26.0,108.0,mixed_ventilation_only,MAXIMUM,0
CCI,2023,7,6,2,2,79.3,0.0,,23.0,11.3,16869010.2,228931975.0,15.0,15.0,12.0,19.0,107.9,mixed_ventilation_only,MAXIMUM,0
CCI,2023,8,1,0,0,64.25,0.97,,37.0,14.2,16942221.24,228931975.0,20.0,21.0,15.0,22.0,109.9,mixed_ventilation_only,MAXIMUM,0
CCI,2023,9,0,0,0,72.15,0.0,,27.0,17.6,16449921.350000001,229047110.0,20.0,20.0,16.0,22.0,112.6,mixed_ventilation_only,MAXIMUM,0
CCI,2023,10,0,0,0,848.0,2.48,,18.0,19.3,16786369.980000004,229143900.0,16.0,16.0,9.0,22.0,113.7,mixed_ventilation_only,MAXIMUM,0
CCI,2023,11,0,0,0,987.0,0.37,,28.0,17.6,19089558.859999992,229630007.0,14.0,15.0,9.0,19.0,113.9,mixed_ventilation_only,MAXIMUM,0
CCI,2023,12,0,0,0,775.75,0.53,,33.0,17.3,19840198.88000001,229645847.0,15.0,16.0,5.0,19.0,116.0,mixed_ventilation_only,MAXIMUM,0
CCI,2024,1,0,0,0,1036.5,0.39,1.0,38.0,20.3,18647623.699999988,231223880.0,19.0,16.0,2.0,39.0,118.3,mixed_ventilation_only,MAXIMUM,0
CCI,2024,2,0,0,0,613.5,1.2,,38.0,12.6,18181205.86,232306437.0,22.0,21.0,2.0,41.0,117.6,mixed_ventilation_only,MAXIMUM,0
CCI,2024,3,0,0,0,335.0,0.0,,28.0,14.9,19391644.050000012,232338737.0,22.0,20.0,6.0,41.0,116.1,mixed_ventilation_only,MAXIMUM,0
CCI,2024,4,0,0,0,66.25,0.66,,35.0,17.5,18779534.079999983,217506344.0,24.0,21.0,10.0,43.0,112.9,mixed_ventilation_only,MAXIMUM,0
CCI,2024,5,0,0,0,59.75,3.3,,57.0,15.5,17086613.370000005,217892998.0,26.0,24.0,13.0,43.0,111.3,mixed_ventilation_only,MAXIMUM,0
CCI,2024,6,2,0,0,86.0,8.21,,25.0,11.7,17288137.150000006,217898578.0,25.0,24.0,15.0,38.0,109.9,mixed_ventilation_only,MAXIMUM,0
CCI,2024,7,16,4,7,55.0,2.27,,34.0,18.0,16118527.44,212865373.0,24.0,22.0,15.0,38.0,113.4,mixed_ventilation_only,MAXIMUM,0
CCI,2024,8,5,0,0,85.5,2.73,,39.0,16.8,17177701.4,213050738.0,21.0,22.0,12.0,19.0,113.3,mixed_ventilation_only,MAXIMUM,0
CCI,2024,9,1,0,0,75.25,0.83,2.0,44.0,28.2,15965738.819999997,213363013.0,20.0,20.0,12.0,26.0,105.7,mixed_ventilation_only,MAXIMUM,0
CCI,2024,10,3,0,0,101.25,1.21,,39.0,20.8,16653452.71,213763157.0,19.0,19.0,12.0,26.0,108.2,mixed_ventilation_only,MAXIMUM,0
CCI,2024,11,0,0,0,95.25,0.32,,40.0,19.0,17999075.940000005,214482791.0,19.0,18.0,12.0,27.0,115.4,mixed_ventilation_only,MAXIMUM,0
CCI,2024,12,0,0,0,81.0,0.15,,37.0,22.4,17729242.33,199182802.0,19.0,17.0,12.0,30.0,135.5,mixed_ventilation_only,MAXIMUM,0
CCI,2025,1,0,0,0,19.75,0.1,1.0,58.0,27.9,17353081.319999993,199965914.0,20.0,16.0,8.0,43.0,157.2,mixed_ventilation_only,MAXIMUM,0
CCI,2025,2,0,0,0,82.25,2.34,,49.0,23.0,18704655.08,200928689.38,20.0,15.0,8.0,45.0,160.5,mixed_ventilation_only,MAXIMUM,0
CCI,2025,3,0,0,0,90.25,7.5,,38.0,19.9,17155068.570000023,200307711.38,20.0,16.0,8.0,41.0,160.0,mixed_ventilation_only,MAXIMUM,0
CCI,2025,4,0,0,0,152.3,1.07,,38.0,17.9,17096040.549999982,211351949.38,23.0,19.0,8.0,43.0,164.4,mixed_ventilation_only,MAXIMUM,0
CCI,2025,5,1,0,0,103.0,4.87,,36.0,24.8,16706530.900000006,211458991.38,21.0,19.0,8.0,37.0,163.9,mixed_ventilation_only,MAXIMUM,0
CCI,2025,6,0,0,0,152.3,6.53,1.0,27.0,16.0,17365956.629999995,211696653.38,19.0,17.0,4.0,35.0,160.7,mixed_ventilation_only,MAXIMUM,0
CCI,2025,7,0,0,0,,,,,25.4,,,32.0,25.0,12.0,57.0,158.8,mixed_ventilation_only,MAXIMUM,0
CCI,2025,8,2,0,1,,,,,21.5,,,33.0,26.0,15.0,57.0,165.0,mixed_ventilation_only,MAXIMUM,0
CCI,2025,9,1,0,0,,,,,26.4,,,33.0,25.0,15.0,60.0,167.0,mixed_ventilation_only,MAXIMUM,0
CCI,2025,10,0,0,0,,,,,20.8,,,33.0,25.0,15.0,60.0,163.0,mixed_ventilation_only,MAXIMUM,0
CCI,2025,11,0,0,0,,,,,26.0,,,34.0,27.0,19.0,60.0,158.6,mixed_ventilation_only,MAXIMUM,0
CCI,2025,12,0,0,0,,,,,21.5,,,33.0,27.0,19.0,56.0,157.6,mixed_ventilation_only,MAXIMUM,0
CCWF,2016,1,0,0,0,,,,,,,,,,,,136.7,evaporative,MAXIMUM,0
CCWF,2016,2,0,0,0,,,,,,,,,,,,143.0,evaporative,MAXIMUM,0
CCWF,2016,3,0,0,0,,,,,,,,,,,,143.0,evaporative,MAXIMUM,0
CCWF,2016,4,0,0,0,,,,,,,,,,,,145.4,evaporative,MAXIMUM,0
CCWF,2016,5,7,2,0,,,,,,,,,,,,145.8,evaporative,MAXIMUM,0
CCWF,2016,6,22,17,1,,,,,,,,,,,,142.2,evaporative,MAXIMUM,0
CCWF,2016,7,29,21,4,,,,,,,,,,,,142.0,evaporative,MAXIMUM,0
CCWF,2016,8,29,20,1,,,,,,,,,,,,142.1,evaporative,MAXIMUM,0
CCWF,2016,9,17,7,0,,,,,,,,,,,,142.9,evaporative,MAXIMUM,0
CCWF,2016,10,1,0,0,,,,,,,,,,,,143.6,evaporative,MAXIMUM,0
CCWF,2016,11,0,0,0,,,,,,,,,,,,145.1,evaporative,MAXIMUM,0
CCWF,2016,12,0,0,0,,,,,,,,,,,,146.4,evaporative,MAXIMUM,0
CCWF,2017,1,0,0,0,,,,,13.2,,,14.0,15.0,0.0,16.0,145.8,evaporative,MAXIMUM,0
CCWF,2017,2,0,0,0,,,,,15.0,,,13.0,14.0,10.0,12.0,146.0,evaporative,MAXIMUM,0
CCWF,2017,3,0,0,0,,,,,13.6,,,12.0,14.0,4.0,10.0,143.4,evaporative,MAXIMUM,0
CCWF,2017,4,0,0,0,,,,,13.9,,,13.0,14.0,7.0,10.0,141.9,evaporative,MAXIMUM,0
CCWF,2017,5,6,4,0,,,,,18.5,,,12.0,14.0,7.0,9.0,148.3,evaporative,MAXIMUM,0
CCWF,2017,6,23,15,4,,,,,14.0,,,12.0,13.0,7.0,9.0,148.7,evaporative,MAXIMUM,0
CCWF,2017,7,31,30,1,,,,,11.9,,,13.0,15.0,7.0,12.0,147.2,evaporative,MAXIMUM,0
CCWF,2017,8,28,24,4,,,,,15.5,,,12.0,14.0,4.0,10.0,150.5,evaporative,MAXIMUM,0
CCWF,2017,9,14,7,2,,,,,15.0,,,13.0,15.0,0.0,13.0,149.4,evaporative,MAXIMUM,0
CCWF,2017,10,0,0,0,,,,,19.4,,,14.0,16.0,4.0,13.0,149.8,evaporative,MAXIMUM,0
CCWF,2017,11,0,0,0,,,,,15.0,,,13.0,15.0,4.0,10.0,147.2,evaporative,MAXIMUM,0
CCWF,2017,12,0,0,0,,,,,18.3,,,13.0,15.0,4.0,10.0,147.4,evaporative,MAXIMUM,0
CCWF,2018,1,0,0,0,,,,,12.0,,,14.0,16.0,4.0,13.0,146.8,evaporative,MAXIMUM,0
CCWF,2018,2,0,0,0,,,,,12.6,,,12.0,13.0,4.0,13.0,146.1,evaporative,MAXIMUM,0
CCWF,2018,3,0,0,0,,,,,8.8,,,11.0,12.0,4.0,12.0,148.9,evaporative,MAXIMUM,0
CCWF,2018,4,0,0,0,,,,,10.1,,,11.0,13.0,0.0,11.0,146.4,evaporative,MAXIMUM,0
CCWF,2018,5,2,1,0,,,,,14.1,,,12.0,14.0,4.0,11.0,146.6,evaporative,MAXIMUM,0
CCWF,2018,6,19,13,0,,,,,10.1,,,13.0,14.0,4.0,15.0,147.0,evaporative,MAXIMUM,0
CCWF,2018,7,31,28,1,,,,,7.7,,,14.0,15.0,4.0,16.0,144.6,evaporative,MAXIMUM,0
CCWF,2018,8,26,19,0,,,,,9.6,,,14.0,13.0,4.0,19.0,144.9,evaporative,MAXIMUM,0
CCWF,2018,9,20,15,0,,,,,9.8,,,11.0,9.0,4.0,17.0,144.7,evaporative,MAXIMUM,0
CCWF,2018,10,0,0,0,,,,,8.1,,,11.0,10.0,4.0,16.0,144.1,evaporative,MAXIMUM,0
CCWF,2018,11,0,0,0,,,,,14.4,,,11.0,9.0,4.0,18.0,143.3,evaporative,MAXIMUM,0
CCWF,2018,12,0,0,0,,,,,8.9,,,12.0,9.0,8.0,20.0,140.8,evaporative,MAXIMUM,0
CCWF,2019,1,0,0,0,,,,,11.0,,,13.0,10.0,11.0,21.0,140.3,evaporative,MAXIMUM,0
CCWF,2019,2,0,0,0,,,,,10.6,,,13.0,9.0,0.0,26.0,141.5,evaporative,MAXIMUM,0
CCWF,2019,3,0,0,0,,,,,7.6,,,13.0,9.0,8.0,24.0,142.8,evaporative,MAXIMUM,0
CCWF,2019,4,5,1,0,,,,,7.7,,,15.0,12.0,15.0,24.0,144.4,evaporative,MAXIMUM,0
CCWF,2019,5,0,0,0,,,,,9.1,,,15.0,12.0,11.0,23.0,138.9,evaporative,MAXIMUM,0
CCWF,2019,6,23,13,1,,,,,9.0,,,14.0,12.0,4.0,23.0,138.8,evaporative,MAXIMUM,0
CCWF,2019,7,28,19,1,,,,,15.5,,,21.0,21.0,4.0,25.0,141.0,evaporative,MAXIMUM,0
CCWF,2019,8,29,21,2,,,,,12.6,,,19.0,21.0,0.0,17.0,137.3,evaporative,MAXIMUM,0
CCWF,2019,9,14,9,0,,,,,20.5,,,18.0,20.0,0.0,17.0,138.5,evaporative,MAXIMUM,0
CCWF,2019,10,1,0,0,,,,,14.9,,,16.0,17.0,0.0,16.0,141.3,evaporative,MAXIMUM,0
CCWF,2019,11,0,0,0,,,,,19.5,,,14.0,15.0,0.0,15.0,139.8,evaporative,MAXIMUM,0
CCWF,2019,12,0,0,0,,,,,21.4,,,13.0,12.0,4.0,16.0,138.7,evaporative,MAXIMUM,0
CCWF,2020,1,0,0,0,,,,,12.7,,,13.0,12.0,4.0,15.0,140.5,evaporative,MAXIMUM,0
CCWF,2020,2,0,0,0,,,,,17.7,,,15.0,14.0,0.0,22.0,137.7,evaporative,MAXIMUM,0
CCWF,2020,3,0,0,0,,,,,18.2,,,14.0,13.0,8.0,19.0,139.5,evaporative,MAXIMUM,0
CCWF,2020,4,1,0,0,,,,,17.7,,,14.0,12.0,11.0,19.0,131.7,evaporative,MAXIMUM,0
CCWF,2020,5,7,5,0,,,,,7.3,,,13.0,11.0,11.0,20.0,130.2,evaporative,MAXIMUM,0
CCWF,2020,6,17,14,1,,,,,14.2,,,13.0,11.0,15.0,18.0,125.7,evaporative,MAXIMUM,0
CCWF,2020,7,31,25,2,,,,,15.1,,,11.0,9.0,8.0,20.0,107.5,evaporative,MAXIMUM,0
CCWF,2020,8,30,22,4,,,,,10.8,,,11.0,8.0,8.0,20.0,101.6,evaporative,MAXIMUM,0
CCWF,2020,9,17,5,2,,,,,8.7,,,14.0,9.0,8.0,30.0,97.7,evaporative,MAXIMUM,0
CCWF,2020,10,6,2,0,,,,,9.7,,,9.0,9.0,8.0,10.0,99.7,evaporative,MAXIMUM,0
CCWF,2020,11,0,0,0,,,,,7.6,,,10.0,10.0,8.0,9.0,102.2,evaporative,MAXIMUM,0
CCWF,2020,12,0,0,0,,,,,11.0,,,11.0,11.0,8.0,9.0,99.8,evaporative,MAXIMUM,0
CCWF,2021,1,0,0,0,,,,,4.5,,,12.0,13.0,11.0,8.0,99.4,evaporative,MAXIMUM,0
CCWF,2021,2,0,0,0,,,,,5.4,,,12.0,12.0,11.0,10.0,101.6,evaporative,MAXIMUM,0
CCWF,2021,3,0,0,0,,,,,8.6,,,11.0,12.0,11.0,8.0,108.2,evaporative,MAXIMUM,0
CCWF,2021,4,1,0,0,,,,,10.8,,,8.0,7.0,11.0,10.0,117.3,evaporative,MAXIMUM,0
CCWF,2021,5,8,2,0,,,,,16.7,,,10.0,10.0,11.0,11.0,119.2,evaporative,MAXIMUM,0
CCWF,2021,6,21,14,3,,,,,11.5,,,11.0,12.0,4.0,8.0,119.7,evaporative,MAXIMUM,0
CCWF,2021,7,31,28,3,230.5,1.21,,17.0,15.4,12023111.03,138598053.0,14.0,12.0,0.0,24.0,118.1,evaporative,MAXIMUM,0
CCWF,2021,8,26,22,1,75.0,2.77,,22.0,13.3,12708528.63,138593788.0,13.0,12.0,-8.0,24.0,119.5,evaporative,MAXIMUM,0
CCWF,2021,9,19,12,0,34.0,1.94,,21.0,13.6,12956746.029999997,138593788.0,14.0,12.0,-8.0,26.0,117.0,evaporative,MAXIMUM,0
CCWF,2021,10,2,0,0,31.5,2.16,,19.0,11.0,12574327.150000006,138600408.0,13.0,11.0,-4.0,24.0,112.8,evaporative,MAXIMUM,0
CCWF,2021,11,0,0,0,71.75,8.88,1.0,8.0,13.8,12726390.75,146422100.0,14.0,12.0,0.0,25.0,111.9,evaporative,MAXIMUM,0
CCWF,2021,12,0,0,0,38.5,2.84,,21.0,14.8,14833340.89,146482610.0,16.0,13.0,0.0,29.0,114.5,evaporative,MAXIMUM,0
CCWF,2022,1,0,0,0,41.0,14.82,,12.0,13.4,12342447.060000002,148329310.0,16.0,14.0,0.0,26.0,111.3,evaporative,MAXIMUM,0
CCWF,2022,2,0,0,0,51.0,22.63,,16.0,14.4,12303478.36999999,149231909.0,16.0,14.0,-4.0,29.0,106.5,evaporative,MAXIMUM,0
CCWF,2022,3,0,0,0,43.0,3.74,,19.0,12.8,13480715.590000004,149088382.0,18.0,16.0,0.0,29.0,112.6,evaporative,MAXIMUM,0
CCWF,2022,4,2,0,0,51.0,2.48,,13.0,14.2,12169716.340000004,155436768.0,18.0,17.0,0.0,27.0,110.8,evaporative,MAXIMUM,0
CCWF,2022,5,7,2,0,61.25,3.13,,20.0,11.1,11914533.889999986,156147105.0,19.0,18.0,0.0,29.0,108.8,evaporative,MAXIMUM,0
CCWF,2022,6,21,12,0,24.0,15.05,,15.0,12.0,13351164.99000001,156274294.0,19.0,18.0,0.0,30.0,105.4,evaporative,MAXIMUM,0
CCWF,2022,7,25,22,1,51.75,11.02,,20.0,17.0,14774048.96,150810617.0,23.0,24.0,12.0,25.0,109.4,evaporative,MAXIMUM,0
CCWF,2022,8,30,23,1,56.01,2.46,,10.0,15.1,14547436.529999997,151044672.0,23.0,25.0,0.0,23.0,111.1,evaporative,MAXIMUM,0
CCWF,2022,9,18,12,7,38.29,15.02,,17.0,25.2,13712471.010000002,151144447.0,23.0,26.0,-4.0,23.0,111.0,evaporative,MAXIMUM,0
CCWF,2022,10,8,0,0,46.0,2.18,,21.0,21.4,15361295.799999997,151391087.0,24.0,25.0,0.0,25.0,107.5,evaporative,MAXIMUM,0
CCWF,2022,11,0,0,0,35.0,1.22,1.0,26.0,18.5,14386335.070000008,166671218.0,21.0,23.0,0.0,23.0,107.0,evaporative,MAXIMUM,0
CCWF,2022,12,0,0,0,67.0,7.13,,25.0,20.8,15946704.629999995,166824376.0,22.0,23.0,0.0,24.0,113.2,evaporative,MAXIMUM,0
CCWF,2023,1,0,0,0,56.0,3.91,,26.0,18.5,13197516.689999998,169679459.0,21.0,21.0,0.0,28.0,114.5,evaporative,MAXIMUM,0
CCWF,2023,2,0,0,0,44.56,0.0,,19.0,22.8,14425539.870000005,170697991.0,22.0,23.0,0.0,26.0,117.3,evaporative,MAXIMUM,0
CCWF,2023,3,0,0,0,30.5,0.0,,17.0,17.0,14017639.439999998,171022380.0,22.0,22.0,4.0,25.0,116.4,evaporative,MAXIMUM,0
CCWF,2023,4,3,0,0,37.0,3.0,,23.0,20.4,13474602.0,175523588.0,21.0,22.0,4.0,22.0,117.7,evaporative,MAXIMUM,0
CCWF,2023,5,7,0,0,48.0,1.02,,23.0,13.3,13910192.280000001,175484410.0,20.0,21.0,4.0,21.0,118.3,evaporative,MAXIMUM,0
CCWF,2023,6,5,1,0,59.0,0.0,,27.0,12.2,13188647.900000006,175564307.0,18.0,19.0,4.0,19.0,120.4,evaporative,MAXIMUM,0
CCWF,2023,7,27,25,6,87.27,0.0,,32.0,15.7,13847480.64,165949458.0,19.0,19.0,16.0,20.0,119.8,evaporative,MAXIMUM,0
CCWF,2023,8,28,19,1,43.75,0.7,1.0,32.0,15.9,14622180.77,165949558.0,18.0,17.0,16.0,23.0,122.2,evaporative,MAXIMUM,0
CCWF,2023,9,11,1,0,49.75,1.32,,22.0,18.3,14138018.099999998,166006540.0,19.0,18.0,16.0,24.0,122.8,evaporative,MAXIMUM,0
CCWF,2023,10,5,2,0,1430.25,0.56,,26.0,19.3,14441476.36,166106313.0,20.0,19.0,16.0,24.0,115.1,evaporative,MAXIMUM,0
CCWF,2023,11,0,0,0,980.5,1.24,1.0,27.0,19.4,16757889.750000007,167733523.0,19.0,19.0,8.0,23.0,111.4,evaporative,MAXIMUM,0
CCWF,2023,12,0,0,0,56.75,0.86,,35.0,15.3,16524117.459999993,167755880.0,16.0,16.0,8.0,22.0,110.4,evaporative,MAXIMUM,0
CCWF,2024,1,0,0,0,581.0,0.0,,30.0,17.7,16047221.969999999,170176832.0,16.0,13.0,12.0,25.0,109.7,evaporative,MAXIMUM,0
CCWF,2024,2,0,0,0,45.25,0.0,,41.0,14.6,15697541.189999998,171186796.0,17.0,14.0,12.0,25.0,111.7,evaporative,MAXIMUM,0
CCWF,2024,3,0,0,0,30.0,0.25,,44.0,17.7,16595798.070000008,171370127.0,16.0,14.0,4.0,25.0,113.1,evaporative,MAXIMUM,0
CCWF,2024,4,0,0,0,65.0,0.0,,57.0,15.2,14918844.939999998,185078600.0,15.0,13.0,4.0,22.0,111.5,evaporative,MAXIMUM,0
CCWF,2024,5,4,0,0,49.0,0.0,,46.0,20.3,15584957.47999999,185181018.0,14.0,13.0,0.0,21.0,113.0,evaporative,MAXIMUM,0
CCWF,2024,6,19,12,1,46.0,0.4,,56.0,21.7,14973102.909999996,185194805.0,15.0,13.0,0.0,25.0,111.5,evaporative,MAXIMUM,0
CCWF,2024,7,30,25,10,41.25,0.0,,56.0,23.5,16101488.57,183856159.0,13.0,13.0,4.0,17.0,106.0,evaporative,MAXIMUM,0
CCWF,2024,8,26,17,1,64.0,0.37,,60.0,27.0,13965481.370000001,183871031.0,14.0,12.0,4.0,20.0,105.3,evaporative,MAXIMUM,0
CCWF,2024,9,19,9,0,97.25,0.0,,56.0,27.9,15959146.219999995,184321828.0,14.0,12.0,8.0,22.0,106.1,evaporative,MAXIMUM,0
CCWF,2024,10,9,8,0,46.0,0.0,,62.0,28.8,13992342.090000004,184983160.0,13.0,11.0,8.0,24.0,106.3,evaporative,MAXIMUM,0
CCWF,2024,11,0,0,0,62.0,0.0,,38.0,32.5,16427682.560000002,185770383.0,13.0,10.0,4.0,25.0,105.9,evaporative,MAXIMUM,0
CCWF,2024,12,0,0,0,82.75,0.0,,52.0,38.9,15537963.709999993,179187621.0,12.0,10.0,4.0,22.0,101.8,evaporative,MAXIMUM,0
CCWF,2025,1,0,0,0,59.75,0.0,,44.0,30.7,15111192.950000003,179737395.0,13.0,11.0,8.0,20.0,100.5,evaporative,MAXIMUM,0
CCWF,2025,2,0,0,0,39.0,0.0,,51.0,27.4,14602581.61,180559583.0,12.0,10.0,11.0,19.0,101.9,evaporative,MAXIMUM,0
CCWF,2025,3,0,0,0,76.25,0.0,,93.0,35.4,16326289.760000005,180686292.0,13.0,10.0,11.0,22.0,101.0,evaporative,MAXIMUM,0
CCWF,2025,4,0,0,0,71.0,0.0,1.0,61.0,30.6,15105541.840000004,185272121.0,14.0,11.0,11.0,23.0,100.1,evaporative,MAXIMUM,0
CCWF,2025,5,5,4,0,90.5,0.37,,70.0,28.1,14371677.959999979,185099643.0,14.0,12.0,11.0,22.0,102.1,evaporative,MAXIMUM,0
CCWF,2025,6,24,9,0,229.3,0.0,,61.0,28.2,13892356.150000006,185175407.0,14.0,12.0,8.0,22.0,98.8,evaporative,MAXIMUM,0
CCWF,2025,7,22,11,0,,,,,43.1,,,18.0,17.0,4.0,23.0,99.8,evaporative,MAXIMUM,0
CCWF,2025,8,27,21,0,,,,,42.9,,,18.0,17.0,4.0,24.0,102.4,evaporative,MAXIMUM,0
CCWF,2025,9,13,7,0,,,,,31.9,,,19.0,18.0,8.0,23.0,103.8,evaporative,MAXIMUM,0
CCWF,2025,10,1,0,0,,,,,39.4,,,18.0,17.0,8.0,24.0,105.8,evaporative,MAXIMUM,0
CCWF,2025,11,0,0,0,,,,,44.6,,,18.0,17.0,8.0,25.0,107.3,evaporative,MAXIMUM,0
CCWF,2025,12,0,0,0,,,,,44.9,,,15.0,15.0,8.0,16.0,109.2,evaporative,MAXIMUM,0
CEN,2016,1,0,0,0,,,,,,,,,,,,144.8,mechanical,MAXIMUM,0
CEN,2016,2,1,0,0,,,,,,,,,,,,153.1,mechanical,MAXIMUM,0
CEN,2016,3,8,0,0,,,,,,,,,,,,157.4,mechanical,MAXIMUM,0
CEN,2016,4,10,4,0,,,,,,,,,,,,158.2,mechanical,MAXIMUM,0
CEN,2016,5,18,8,0,,,,,,,,,,,,154.4,mechanical,MAXIMUM,0
CEN,2016,6,30,30,3,,,,,,,,,,,,155.4,mechanical,MAXIMUM,0
CEN,2016,7,31,31,2,,,,,,,,,,,,157.5,mechanical,MAXIMUM,0
CEN,2016,8,31,31,0,,,,,,,,,,,,157.8,mechanical,MAXIMUM,0
CEN,2016,9,27,23,0,,,,,,,,,,,,156.7,mechanical,MAXIMUM,0
CEN,2016,10,24,11,0,,,,,,,,,,,,158.0,mechanical,MAXIMUM,0
CEN,2016,11,3,0,0,,,,,,,,,,,,158.0,mechanical,MAXIMUM,0
CEN,2016,12,0,0,0,,,,,,,,,,,,157.0,mechanical,MAXIMUM,0
CEN,2017,1,0,0,0,,,,,5.7,,,5.0,8.0,-9.0,0.0,155.6,mechanical,MAXIMUM,0
CEN,2017,2,0,0,0,,,,,4.0,,,6.0,8.0,1.0,0.0,154.4,mechanical,MAXIMUM,0
CEN,2017,3,12,4,0,,,,,6.0,,,4.0,7.0,-6.0,0.0,156.8,mechanical,MAXIMUM,0
CEN,2017,4,15,2,0,,,,,6.3,,,4.0,7.0,-6.0,0.0,155.4,mechanical,MAXIMUM,0
CEN,2017,5,20,16,0,,,,,8.0,,,4.0,3.0,4.0,0.0,153.2,mechanical,MAXIMUM,0
CEN,2017,6,30,27,3,,,,,5.8,,,4.0,4.0,1.0,0.0,154.0,mechanical,MAXIMUM,0
CEN,2017,7,31,31,1,,,,,9.6,,,5.0,5.0,1.0,0.0,149.7,mechanical,MAXIMUM,0
CEN,2017,8,31,31,0,,,,,6.4,,,6.0,6.0,1.0,0.0,148.5,mechanical,MAXIMUM,0
CEN,2017,9,24,20,0,,,,,4.8,,,6.0,7.0,1.0,0.0,150.5,mechanical,MAXIMUM,0
CEN,2017,10,25,14,0,,,,,7.5,,,6.0,7.0,1.0,0.0,151.0,mechanical,MAXIMUM,0
CEN,2017,11,2,0,0,,,,,7.0,,,9.0,11.0,1.0,0.0,150.3,mechanical,MAXIMUM,0
CEN,2017,12,0,0,0,,,,,8.0,,,9.0,11.0,1.0,0.0,148.7,mechanical,MAXIMUM,0
CEN,2018,1,0,0,0,,,,,5.4,,,7.0,8.0,1.0,0.0,145.0,mechanical,MAXIMUM,0
CEN,2018,2,0,0,0,,,,,6.2,,,7.0,8.0,8.0,-9.0,143.8,mechanical,MAXIMUM,0
CEN,2018,3,3,0,0,,,,,8.0,,,9.0,9.0,11.0,0.0,146.1,mechanical,MAXIMUM,0
CEN,2018,4,18,10,0,,,,,9.0,,,9.0,8.0,11.0,9.0,146.6,mechanical,MAXIMUM,0
CEN,2018,5,24,13,0,,,,,6.5,,,11.0,11.0,11.0,9.0,147.1,mechanical,MAXIMUM,0
CEN,2018,6,30,29,0,,,,,3.9,,,11.0,13.0,1.0,9.0,146.6,mechanical,MAXIMUM,0
CEN,2018,7,31,31,3,,,,,9.1,,,12.0,12.0,8.0,9.0,146.1,mechanical,MAXIMUM,0
CEN,2018,8,31,31,0,,,,,7.0,,,12.0,12.0,8.0,9.0,145.6,mechanical,MAXIMUM,0
CEN,2018,9,30,30,0,,,,,7.9,,,11.0,10.0,11.0,9.0,146.3,mechanical,MAXIMUM,0
CEN,2018,10,11,1,0,,,,,7.9,,,9.0,9.0,8.0,0.0,148.2,mechanical,MAXIMUM,0
CEN,2018,11,1,0,0,,,,,9.5,,,6.0,7.0,4.0,0.0,148.7,mechanical,MAXIMUM,0
CEN,2018,12,0,0,0,,,,,10.0,,,5.0,6.0,4.0,0.0,146.7,mechanical,MAXIMUM,0
CEN,2019,1,0,0,0,,,,,6.7,,,7.0,7.0,8.0,0.0,146.9,mechanical,MAXIMUM,0
CEN,2019,2,0,0,0,,,,,9.0,,,7.0,7.0,7.0,0.0,149.5,mechanical,MAXIMUM,0
CEN,2019,3,0,0,0,,,,,7.8,,,7.0,7.0,7.0,9.0,151.1,mechanical,MAXIMUM,0
CEN,2019,4,12,8,0,,,,,10.3,,,7.0,7.0,10.0,0.0,152.2,mechanical,MAXIMUM,0
CEN,2019,5,13,5,0,,,,,9.4,,,8.0,8.0,13.0,0.0,153.0,mechanical,MAXIMUM,0
CEN,2019,6,30,28,0,,,,,10.6,,,10.0,10.0,13.0,0.0,152.3,mechanical,MAXIMUM,0
CEN,2019,7,31,31,0,,,,,5.7,,,15.0,16.0,14.0,9.0,151.4,mechanical,MAXIMUM,0
CEN,2019,8,31,31,2,,,,,6.2,,,16.0,18.0,8.0,9.0,152.9,mechanical,MAXIMUM,0
CEN,2019,9,26,22,0,,,,,3.6,,,18.0,20.0,11.0,0.0,153.6,mechanical,MAXIMUM,0
CEN,2019,10,13,6,0,,,,,5.1,,,16.0,18.0,11.0,0.0,154.5,mechanical,MAXIMUM,0
CEN,2019,11,2,0,0,,,,,10.2,,,14.0,16.0,10.0,0.0,156.2,mechanical,MAXIMUM,0
CEN,2019,12,0,0,0,,,,,9.3,,,14.0,16.0,10.0,0.0,153.8,mechanical,MAXIMUM,0
CEN,2020,1,0,0,0,,,,,8.4,,,11.0,12.0,7.0,9.0,150.6,mechanical,MAXIMUM,0
CEN,2020,2,0,0,0,,,,,6.7,,,9.0,9.0,7.0,9.0,147.5,mechanical,MAXIMUM,0
CEN,2020,3,0,0,0,,,,,7.1,,,10.0,9.0,16.0,9.0,146.7,mechanical,MAXIMUM,0
CEN,2020,4,9,9,0,,,,,11.2,,,10.0,10.0,13.0,9.0,142.3,mechanical,MAXIMUM,0
CEN,2020,5,27,22,0,,,,,9.4,,,10.0,11.0,7.0,9.0,144.8,mechanical,MAXIMUM,0
CEN,2020,6,28,27,0,,,,,11.9,,,10.0,11.0,8.0,9.0,145.0,mechanical,MAXIMUM,0
CEN,2020,7,31,31,3,,,,,13.4,,,7.0,7.0,4.0,9.0,140.3,mechanical,MAXIMUM,0
CEN,2020,8,31,31,1,,,,,10.8,,,8.0,8.0,4.0,18.0,135.9,mechanical,MAXIMUM,0
CEN,2020,9,30,28,2,,,,,10.3,,,6.0,5.0,4.0,18.0,135.3,mechanical,MAXIMUM,0
CEN,2020,10,23,19,0,,,,,8.2,,,6.0,6.0,4.0,18.0,136.1,mechanical,MAXIMUM,0
CEN,2020,11,5,1,0,,,,,13.1,,,8.0,8.0,8.0,9.0,134.5,mechanical,MAXIMUM,0
CEN,2020,12,0,0,0,,,,,9.1,,,7.0,8.0,4.0,0.0,132.9,mechanical,MAXIMUM,0
CEN,2021,1,0,0,0,,,,,11.0,,,6.0,7.0,4.0,0.0,133.4,mechanical,MAXIMUM,0
CEN,2021,2,0,0,0,,,,,9.1,,,7.0,8.0,4.0,0.0,132.4,mechanical,MAXIMUM,0
CEN,2021,3,1,0,0,,,,,10.2,,,8.0,9.0,8.0,0.0,132.4,mechanical,MAXIMUM,0
CEN,2021,4,16,8,0,,,,,16.7,,,7.0,7.0,8.0,0.0,131.6,mechanical,MAXIMUM,0
CEN,2021,5,26,21,0,,,,,10.9,,,7.0,7.0,4.0,0.0,129.2,mechanical,MAXIMUM,0
CEN,2021,6,30,29,3,,,,,7.7,,,8.0,9.0,4.0,0.0,120.8,mechanical,MAXIMUM,0
CEN,2021,7,31,31,1,190.6,0.46,,11.0,5.2,14921594.51,169679623.0,4.0,6.0,-6.0,0.0,124.3,mechanical,MAXIMUM,0
CEN,2021,8,31,31,2,204.9,0.52,,8.0,7.4,16066773.24,169632829.0,5.0,5.0,-2.0,18.0,127.3,mechanical,MAXIMUM,0
CEN,2021,9,29,27,0,213.8,0.4,,4.0,11.6,15201972.259999998,169659880.0,5.0,5.0,-2.0,18.0,124.1,mechanical,MAXIMUM,0
CEN,2021,10,15,4,0,215.8,5.72,,8.0,15.9,15469719.190000005,169980840.0,5.0,6.0,-2.0,9.0,124.1,mechanical,MAXIMUM,0
CEN,2021,11,9,0,0,159.9,3.24,,8.0,10.3,15924316.39,180101575.0,6.0,8.0,-9.0,18.0,123.5,mechanical,MAXIMUM,0
CEN,2021,12,0,0,0,83.05,0.66,,4.0,14.4,17894435.659999996,180142330.0,6.0,8.0,-9.0,18.0,122.7,mechanical,MAXIMUM,0
CEN,2022,1,0,0,0,115.45,5.08,,8.0,12.4,14967310.14,181904590.0,4.0,6.0,-9.0,14.0,119.0,mechanical,MAXIMUM,0
CEN,2022,2,0,0,0,134.8,3.69,,5.0,12.1,16695916.920000002,182927260.0,5.0,6.0,-6.0,14.0,124.0,mechanical,MAXIMUM,0
CEN,2022,3,4,1,0,118.0,4.43,,6.0,14.5,14958680.609999985,182877246.0,4.0,4.0,1.0,14.0,127.9,mechanical,MAXIMUM,0
CEN,2022,4,14,5,0,133.9,1.91,,4.0,11.1,15690237.360000014,189820962.0,3.0,3.0,1.0,5.0,125.8,mechanical,MAXIMUM,0
CEN,2022,5,26,18,0,142.35,3.25,,5.0,8.2,15154357.849999994,190868981.0,3.0,3.0,5.0,5.0,126.7,mechanical,MAXIMUM,0
CEN,2022,6,30,30,0,111.75,5.96,,7.0,8.3,15894096.360000014,191019083.0,2.0,2.0,1.0,5.0,127.0,mechanical,MAXIMUM,0
CEN,2022,7,31,31,0,142.1,6.45,,13.0,13.4,16155213.89,184339716.0,6.0,4.0,8.0,24.0,125.9,mechanical,MAXIMUM,0
CEN,2022,8,31,31,0,91.6,4.2,,6.0,11.5,18067647.769999996,184589843.0,11.0,13.0,-6.0,24.0,127.4,mechanical,MAXIMUM,0
CEN,2022,9,28,27,0,123.45,0.29,,11.0,11.1,17133922.42,184630870.0,12.0,14.0,-6.0,24.0,133.8,mechanical,MAXIMUM,0
CEN,2022,10,19,14,0,131.35,0.04,,10.0,11.1,18282904.939999998,184945789.0,10.0,11.0,5.0,14.0,131.4,mechanical,MAXIMUM,0
CEN,2022,11,0,0,0,175.35,0.05,,7.0,15.3,17412778.689999998,200905142.0,9.0,9.0,8.0,14.0,128.3,mechanical,MAXIMUM,0
CEN,2022,12,0,0,0,139.45,2.08,,7.0,13.4,20143066.61,200941234.0,7.0,7.0,5.0,14.0,124.7,mechanical,MAXIMUM,0
CEN,2023,1,0,0,0,120.2,0.14,,8.0,16.9,18383803.480000004,204138578.0,7.0,7.0,5.0,14.0,120.1,mechanical,MAXIMUM,0
CEN,2023,2,0,0,0,113.68,0.08,,12.0,21.4,18054468.200000003,205201736.0,8.0,8.0,5.0,14.0,115.4,mechanical,MAXIMUM,0
CEN,2023,3,0,0,0,128.17,0.07,,7.0,15.6,17930222.77000001,205244175.0,9.0,8.0,11.0,14.0,110.6,mechanical,MAXIMUM,0
CEN,2023,4,15,8,0,103.15,0.01,,13.0,15.0,17175228.840000004,215168346.98,9.0,9.0,12.0,14.0,110.0,mechanical,MAXIMUM,0
CEN,2023,5,21,17,0,168.2,0.02,,10.0,8.1,17178931.51999998,215242597.98,8.0,8.0,5.0,14.0,112.2,mechanical,MAXIMUM,0
CEN,2023,6,29,22,0,96.65,0.03,,8.0,11.0,16936707.099999994,215266910.98,13.0,13.0,8.0,14.0,119.8,mechanical,MAXIMUM,0
CEN,2023,7,31,31,8,110.99,0.01,,10.0,15.4,16213705.51,203648952.0,12.0,12.0,8.0,24.0,120.4,mechanical,MAXIMUM,0
CEN,2023,8,29,28,3,94.4,0.02,,10.0,20.6,16484166.24,203648952.0,12.0,11.0,12.0,24.0,121.1,mechanical,MAXIMUM,0
CEN,2023,9,29,26,0,134.25,0.03,,8.0,17.8,17307826.659999996,203671715.0,11.0,11.0,8.0,24.0,121.4,mechanical,MAXIMUM,0
CEN,2023,10,18,15,0,1340.75,0.06,,14.0,19.6,17127514.150000006,203795425.0,11.0,11.0,5.0,24.0,121.4,mechanical,MAXIMUM,0
CEN,2023,11,2,0,0,1258.0,0.09,,5.0,15.2,18711378.36,205036098.0,11.0,11.0,5.0,24.0,118.7,mechanical,MAXIMUM,0
CEN,2023,12,0,0,0,40.0,0.05,,6.0,14.7,22324066.64,205065978.0,11.0,11.0,5.0,24.0,116.6,mechanical,MAXIMUM,0
CEN,2024,1,0,0,0,60.25,0.04,,9.0,15.7,18928246.159999996,206290860.0,12.0,12.0,8.0,24.0,125.4,mechanical,MAXIMUM,0
CEN,2024,2,2,0,0,57.0,0.04,,7.0,21.0,18658968.909999996,207657269.0,12.0,11.0,12.0,24.0,127.6,mechanical,MAXIMUM,0
CEN,2024,3,0,0,0,53.0,0.02,,5.0,14.3,19491489.439999998,207688547.0,11.0,10.0,12.0,24.0,133.2,mechanical,MAXIMUM,0
CEN,2024,4,14,7,0,45.75,0.02,,7.0,18.5,18490052.409999996,224102266.0,8.0,8.0,5.0,14.0,135.7,mechanical,MAXIMUM,0
CEN,2024,5,28,20,0,26.5,0.03,,5.0,23.7,17728121.640000015,224229857.0,10.0,9.0,14.0,14.0,133.2,mechanical,MAXIMUM,0
CEN,2024,6,30,30,0,35.0,0.02,,7.0,18.3,18762533.329999983,224507481.0,10.0,9.0,14.0,18.0,130.2,mechanical,MAXIMUM,0
CEN,2024,7,31,31,8,49.75,0.04,,16.0,26.5,17818597.89,218921124.0,9.0,9.0,8.0,14.0,132.6,mechanical,MAXIMUM,0
CEN,2024,8,31,31,1,35.0,0.05,,17.0,24.5,18288392.75,218909814.0,10.0,10.0,8.0,14.0,134.4,mechanical,MAXIMUM,0
CEN,2024,9,28,25,1,55.0,0.03,,19.0,22.1,18381486.439999998,219093124.0,9.0,10.0,8.0,5.0,133.6,mechanical,MAXIMUM,0
CEN,2024,10,22,21,0,43.5,0.01,,14.0,21.6,17684876.22,219161132.0,9.0,10.0,4.0,5.0,127.8,mechanical,MAXIMUM,0
CEN,2024,11,0,0,0,84.0,0.02,,11.0,17.3,18375172.33,220168106.0,9.0,10.0,4.0,5.0,125.0,mechanical,MAXIMUM,0
CEN,2024,12,0,0,0,79.0,0.24,,8.0,25.3,20425554.74000001,217344192.0,9.0,10.0,4.0,5.0,121.1,mechanical,MAXIMUM,0
CEN,2025,1,0,0,0,88.0,0.08,,8.0,22.6,18607809.08999999,218139351.0,12.0,12.0,11.0,13.0,121.1,mechanical,MAXIMUM,0
CEN,2025,2,4,2,0,93.75,0.06,,14.0,28.7,18618197.679999992,219228985.69,12.0,12.0,11.0,22.0,121.2,mechanical,MAXIMUM,0
CEN,2025,3,5,3,0,73.0,0.01,,9.0,21.1,17708076.78,219235897.69,12.0,11.0,11.0,22.0,122.1,mechanical,MAXIMUM,0
CEN,2025,4,13,4,0,60.0,0.04,,9.0,18.0,18014844.640000015,222581843.69,11.0,11.0,11.0,13.0,125.7,mechanical,MAXIMUM,0
CEN,2025,5,23,16,0,93.5,0.01,,25.0,18.1,17575796.550000012,222611299.69,11.0,11.0,11.0,13.0,127.9,mechanical,MAXIMUM,0
CEN,2025,6,30,29,0,60.0,0.01,,9.0,19.7,17906165.819999993,222690555.69,9.0,9.0,11.0,13.0,129.2,mechanical,MAXIMUM,0
CEN,2025,7,31,31,1,,,,,19.9,,,11.0,10.0,8.0,30.0,127.9,mechanical,MAXIMUM,0
CEN,2025,8,31,30,2,,,,,17.7,,,14.0,12.0,14.0,30.0,130.7,mechanical,MAXIMUM,0
CEN,2025,9,28,22,0,,,,,17.7,,,15.0,13.0,14.0,39.0,133.5,mechanical,MAXIMUM,0
CEN,2025,10,20,3,0,,,,,19.2,,,16.0,14.0,14.0,39.0,138.1,mechanical,MAXIMUM,0
CEN,2025,11,9,0,0,,,,,15.7,,,15.0,13.0,14.0,39.0,137.8,mechanical,MAXIMUM,0
CEN,2025,12,0,0,0,,,,,11.1,,,15.0,13.0,14.0,39.0,136.5,mechanical,MAXIMUM,0
CHCF,2016,1,0,0,0,,,,,,,,,,,,73.7,mechanical,,0
CHCF,2016,2,0,0,0,,,,,,,,,,,,74.3,mechanical,,0
CHCF,2016,3,0,0,0,,,,,,,,,,,,75.1,mechanical,,0
CHCF,2016,4,1,0,0,,,,,,,,,,,,74.9,mechanical,,0
CHCF,2016,5,6,2,0,,,,,,,,,,,,75.8,mechanical,,0
CHCF,2016,6,20,16,4,,,,,,,,,,,,75.4,mechanical,,0
CHCF,2016,7,24,14,6,,,,,,,,,,,,77.7,mechanical,,0
CHCF,2016,8,26,10,0,,,,,,,,,,,,82.1,mechanical,,0
CHCF,2016,9,13,6,0,,,,,,,,,,,,83.9,mechanical,,0
CHCF,2016,10,1,0,0,,,,,,,,,,,,83.1,mechanical,,0
CHCF,2016,11,0,0,0,,,,,,,,,,,,84.0,mechanical,,0
CHCF,2016,12,0,0,0,,,,,,,,,,,,83.7,mechanical,,0
CHCF,2017,1,0,0,0,,,,,38.6,,,24.0,23.0,6.0,27.0,84.3,mechanical,,0
CHCF,2017,2,0,0,0,,,,,36.0,,,17.0,15.0,20.0,28.0,83.4,mechanical,,0
CHCF,2017,3,0,0,0,,,,,26.4,,,38.0,39.0,12.0,27.0,81.5,mechanical,,0
CHCF,2017,4,0,0,0,,,,,35.0,,,19.0,18.0,12.0,27.0,79.3,mechanical,,0
CHCF,2017,5,9,4,0,,,,,36.4,,,19.0,18.0,12.0,25.0,80.6,mechanical,,0
CHCF,2017,6,21,9,5,,,,,34.7,,,19.0,18.0,12.0,24.0,81.5,mechanical,,0
CHCF,2017,7,30,26,7,,,,,40.2,,,19.0,18.0,6.0,27.0,81.5,mechanical,,0
CHCF,2017,8,28,15,4,,,,,41.3,,,19.0,18.0,6.0,27.0,80.4,mechanical,,0
CHCF,2017,9,13,6,3,,,,,41.4,,,19.0,18.0,6.0,29.0,79.3,mechanical,,0
CHCF,2017,10,0,0,0,,,,,39.9,,,18.0,18.0,6.0,27.0,78.6,mechanical,,0
CHCF,2017,11,0,0,0,,,,,50.5,,,17.0,16.0,0.0,24.0,80.4,mechanical,,0
CHCF,2017,12,0,0,0,,,,,42.2,,,17.0,16.0,0.0,24.0,82.0,mechanical,,0
CHCF,2018,1,0,0,0,,,,,47.5,,,16.0,15.0,0.0,24.0,84.0,mechanical,,0
CHCF,2018,2,0,0,0,,,,,50.5,,,16.0,15.0,0.0,25.0,86.8,mechanical,,0
CHCF,2018,3,0,0,0,,,,,37.6,,,16.0,16.0,11.0,21.0,88.4,mechanical,,0
CHCF,2018,4,0,0,0,,,,,45.3,,,16.0,16.0,11.0,21.0,88.9,mechanical,,0
CHCF,2018,5,2,2,0,,,,,46.8,,,16.0,15.0,16.0,21.0,90.6,mechanical,,0
CHCF,2018,6,21,11,2,,,,,41.7,,,16.0,15.0,11.0,22.0,91.9,mechanical,,0
CHCF,2018,7,29,26,4,,,,,51.7,,,16.0,15.0,11.0,27.0,91.2,mechanical,,0
CHCF,2018,8,18,13,0,,,,,44.2,,,16.0,15.0,11.0,27.0,92.7,mechanical,,0
CHCF,2018,9,16,3,0,,,,,40.9,,,15.0,14.0,5.0,25.0,91.8,mechanical,,0
CHCF,2018,10,0,0,0,,,,,45.4,,,14.0,13.0,0.0,27.0,91.0,mechanical,,0
CHCF,2018,11,0,0,0,,,,,37.3,,,14.0,12.0,5.0,27.0,90.5,mechanical,,0
CHCF,2018,12,0,0,0,,,,,51.7,,,14.0,12.0,5.0,27.0,90.2,mechanical,,0
CHCF,2019,1,0,0,0,,,,,38.9,,,14.0,13.0,0.0,27.0,90.0,mechanical,,0
CHCF,2019,2,0,0,0,,,,,64.1,,,15.0,13.0,5.0,30.0,90.4,mechanical,,0
CHCF,2019,3,0,0,0,,,,,50.4,,,15.0,13.0,5.0,34.0,89.7,mechanical,,0
CHCF,2019,4,3,0,0,,,,,51.5,,,15.0,12.0,5.0,38.0,89.7,mechanical,,0
CHCF,2019,5,0,0,0,,,,,60.1,,,15.0,11.0,0.0,39.0,90.6,mechanical,,0
CHCF,2019,6,19,11,3,,,,,51.2,,,16.0,14.0,0.0,38.0,91.6,mechanical,,0
CHCF,2019,7,24,19,2,,,,,55.7,,,22.0,20.0,5.0,37.0,94.3,mechanical,,0
CHCF,2019,8,25,19,3,,,,,56.2,,,16.0,13.0,5.0,36.0,94.2,mechanical,,0
CHCF,2019,9,15,6,0,,,,,53.9,,,15.0,13.0,5.0,36.0,95.5,mechanical,,0
CHCF,2019,10,2,0,0,,,,,54.2,,,15.0,12.0,0.0,36.0,95.5,mechanical,,0
CHCF,2019,11,0,0,0,,,,,57.0,,,14.0,12.0,0.0,34.0,96.2,mechanical,,0
CHCF,2019,12,0,0,0,,,,,67.0,,,14.0,12.0,5.0,35.0,95.9,mechanical,,0
CHCF,2020,1,0,0,0,,,,,46.0,,,14.0,12.0,11.0,34.0,96.5,mechanical,,0
CHCF,2020,2,0,0,0,,,,,61.8,,,16.0,13.0,11.0,39.0,95.6,mechanical,,0
CHCF,2020,3,0,0,0,,,,,38.7,,,15.0,12.0,0.0,39.0,96.0,mechanical,,0
CHCF,2020,4,3,0,0,,,,,56.7,,,15.0,12.0,0.0,40.0,93.2,mechanical,,0
CHCF,2020,5,9,5,2,,,,,50.0,,,16.0,13.0,0.0,41.0,92.3,mechanical,,0
CHCF,2020,6,19,15,2,,,,,55.2,,,15.0,12.0,0.0,41.0,90.8,mechanical,,0
CHCF,2020,7,30,19,2,,,,,54.1,,,16.0,13.0,5.0,44.0,87.3,mechanical,,0
CHCF,2020,8,29,20,6,,,,,39.8,,,16.0,12.0,5.0,46.0,85.7,mechanical,,0
CHCF,2020,9,18,8,3,,,,,44.3,,,16.0,12.0,5.0,46.0,83.4,mechanical,,0
CHCF,2020,10,12,2,0,,,,,46.5,,,17.0,13.0,5.0,48.0,82.7,mechanical,,0
CHCF,2020,11,0,0,0,,,,,43.0,,,17.0,13.0,5.0,50.0,81.3,mechanical,,0
CHCF,2020,12,0,0,0,,,,,45.0,,,16.0,12.0,5.0,50.0,79.9,mechanical,,0
CHCF,2021,1,0,0,0,,,,,54.1,,,16.0,13.0,5.0,43.0,80.6,mechanical,,0
CHCF,2021,2,0,0,0,,,,,46.1,,,16.0,12.0,5.0,44.0,82.5,mechanical,,0
CHCF,2021,3,0,0,0,,,,,47.3,,,16.0,13.0,5.0,43.0,82.9,mechanical,,0
CHCF,2021,4,0,0,0,,,,,50.0,,,16.0,13.0,5.0,44.0,83.2,mechanical,,0
CHCF,2021,5,5,1,0,,,,,62.2,,,13.0,10.0,5.0,40.0,84.3,mechanical,,0
CHCF,2021,6,16,9,3,,,,,52.8,,,14.0,12.0,5.0,41.0,84.1,mechanical,,0
CHCF,2021,7,29,17,2,224.85,4.91,,28.0,60.7,36982952.2,344052293.0,48.0,45.0,0.0,75.0,82.5,mechanical,,0
CHCF,2021,8,22,14,0,183.55,9.02,,28.0,52.3,18362505.14,343983153.0,49.0,45.0,0.0,76.0,81.8,mechanical,,0
CHCF,2021,9,14,9,0,173.8,5.99,2.0,19.0,52.0,25954988.019999996,343983153.0,50.0,46.0,6.0,76.0,79.8,mechanical,,0
CHCF,2021,10,2,0,0,121.25,4.06,1.0,18.0,57.3,22903557.870000005,343983153.0,50.0,46.0,11.0,77.0,76.6,mechanical,,0
CHCF,2021,11,0,0,0,176.75,2.94,2.0,20.0,49.7,26425170.629999995,284545314.0,50.0,46.0,11.0,78.0,74.7,mechanical,,0
CHCF,2021,12,0,0,0,120.0,4.55,,16.0,63.5,27875738.940000013,284715689.0,51.0,47.0,11.0,78.0,75.2,mechanical,,0
CHCF,2022,1,0,0,0,104.0,25.97,1.0,18.0,54.4,24188064.179999977,286871018.0,53.0,50.0,11.0,77.0,73.9,mechanical,,0
CHCF,2022,2,0,0,0,121.65,17.97,1.0,12.0,66.5,23445184.340000004,288389293.0,52.0,48.0,6.0,77.0,72.5,mechanical,,0
CHCF,2022,3,0,0,0,106.5,7.38,,19.0,75.4,26937824.610000014,287004389.0,35.0,30.0,6.0,68.0,74.1,mechanical,,0
CHCF,2022,4,1,0,0,117.3,3.51,2.0,11.0,63.2,23926998.150000006,299640713.0,33.0,28.0,6.0,64.0,73.9,mechanical,,0
CHCF,2022,5,5,2,0,151.0,16.5,3.0,15.0,61.9,22671991.919999987,306976241.0,32.0,28.0,0.0,61.0,74.9,mechanical,,0
CHCF,2022,6,17,11,1,117.25,17.39,3.0,21.0,62.4,24868922.75,307163283.0,48.0,48.0,0.0,59.0,74.7,mechanical,,0
CHCF,2022,7,23,15,2,190.25,14.76,,25.0,63.7,38493106.18,304584874.0,31.0,27.0,11.0,60.0,75.4,mechanical,,0
CHCF,2022,8,26,14,2,125.5,9.79,1.0,18.0,68.0,24080972.160000004,304625285.0,30.0,26.0,6.0,58.0,77.1,mechanical,,0
CHCF,2022,9,16,10,8,177.0,12.7,2.0,19.0,71.1,25058208.14,304653367.0,30.0,26.0,6.0,57.0,77.6,mechanical,,0
CHCF,2022,10,6,0,0,156.75,4.43,,21.0,74.5,25912867.450000003,304734217.0,31.0,27.0,15.0,56.0,78.3,mechanical,,0
CHCF,2022,11,0,0,0,231.75,3.16,,21.0,89.2,26286568.659999996,324680203.0,31.0,28.0,15.0,56.0,78.9,mechanical,,0
CHCF,2022,12,0,0,0,121.75,12.3,5.0,11.0,67.2,31088762.75,324727524.0,32.0,29.0,15.0,57.0,80.4,mechanical,,0
CHCF,2023,1,0,0,0,182.5,9.3,1.0,23.0,58.6,25491893.169999987,329310995.0,32.0,28.0,15.0,56.0,81.3,mechanical,,0
CHCF,2023,2,0,0,0,255.5,9.58,2.0,12.0,68.2,26005677.22,330850417.0,31.0,27.0,10.0,55.0,82.3,mechanical,,0
CHCF,2023,3,0,0,0,206.5,7.7,3.0,27.0,57.7,27344347.950000018,331213722.0,31.0,28.0,5.0,56.0,83.9,mechanical,,0
CHCF,2023,4,2,0,0,249.5,3.29,,23.0,46.8,25761843.680000007,337826860.0,31.0,28.0,5.0,55.0,81.5,mechanical,,0
CHCF,2023,5,4,0,0,254.9,4.54,1.0,33.0,34.2,28792432.930000007,337916542.0,31.0,28.0,5.0,56.0,79.9,mechanical,,0
CHCF,2023,6,5,1,0,306.5,2.04,,27.0,74.3,27815398.189999998,338056810.0,32.0,28.0,5.0,57.0,79.0,mechanical,,0
CHCF,2023,7,25,22,6,363.35,1.18,,31.0,65.4,24171417.7,330913699.0,32.0,29.0,5.0,56.0,79.2,mechanical,,0
CHCF,2023,8,26,14,2,349.0,4.62,1.0,34.0,80.4,27094471.599999998,331221451.0,32.0,29.0,5.0,56.0,79.0,mechanical,,0
CHCF,2023,9,9,0,0,395.0,4.15,,25.0,84.8,27797842.47,331357526.0,30.0,27.0,5.0,56.0,77.9,mechanical,,0
CHCF,2023,10,4,1,0,1442.75,1.55,2.0,31.0,72.7,27829923.439999998,331594078.0,30.0,26.0,5.0,56.0,76.5,mechanical,,0
CHCF,2023,11,0,0,0,922.25,0.85,,29.0,65.0,45884178.510000005,333553934.0,30.0,26.0,10.0,55.0,75.9,mechanical,,0
CHCF,2023,12,0,0,0,513.0,2.77,1.0,31.0,79.9,33063097.169999987,333474229.0,30.0,26.0,15.0,56.0,76.5,mechanical,,0
CHCF,2024,1,0,0,0,338.5,2.92,,26.0,72.8,31545674.96000001,340335772.0,30.0,26.0,15.0,55.0,75.8,mechanical,,0
CHCF,2024,2,0,0,0,277.15,3.1,1.0,34.0,77.8,29206152.920000017,342021428.0,29.0,25.0,15.0,55.0,74.9,mechanical,,0
CHCF,2024,3,0,0,0,252.75,0.0,,39.0,72.5,31766252.72,342241526.0,29.0,25.0,10.0,55.0,74.8,mechanical,,0
CHCF,2024,4,0,0,0,275.5,0.0,1.0,41.0,69.7,29006853.75999999,368386471.0,28.0,24.0,5.0,54.0,73.8,mechanical,,0
CHCF,2024,5,5,0,0,301.5,0.01,,32.0,72.3,27713059.04000002,368235422.0,27.0,23.0,5.0,54.0,72.9,mechanical,,0
CHCF,2024,6,20,13,0,417.25,0.03,,42.0,83.2,29588784.089999974,368276641.0,28.0,24.0,10.0,55.0,73.6,mechanical,,0
CHCF,2024,7,27,23,13,310.0,0.0,,42.0,91.2,37459007.47,367105918.0,27.0,24.0,10.0,53.0,73.6,mechanical,,0
CHCF,2024,8,24,12,1,226.0,2.04,,42.0,84.2,31675933.849999994,367219521.0,28.0,24.0,5.0,52.0,72.3,mechanical,,0
CHCF,2024,9,16,9,1,265.5,0.09,,45.0,84.1,28109941.610000014,367488144.0,27.0,24.0,0.0,52.0,71.8,mechanical,,0
CHCF,2024,10,8,8,2,325.75,0.04,,33.0,82.5,29342912.179999992,366193415.0,27.0,23.0,0.0,52.0,71.7,mechanical,,0
CHCF,2024,11,0,0,0,422.75,0.0,,51.0,90.0,29569015.13000001,367626551.0,27.0,23.0,0.0,52.0,71.1,mechanical,,0
CHCF,2024,12,0,0,0,262.0,0.0,1.0,32.0,88.1,30304642.70999998,353916227.0,27.0,23.0,0.0,51.0,71.1,mechanical,,0
CHCF,2025,1,0,0,0,447.0,0.45,,27.0,77.2,29230491.140000015,355048889.0,25.0,21.0,0.0,50.0,70.9,mechanical,,0
CHCF,2025,2,0,0,0,398.0,0.61,,17.0,88.9,28390760.370000005,372482295.69,25.0,21.0,0.0,49.0,70.4,mechanical,,0
CHCF,2025,3,0,0,0,508.25,0.1,,37.0,80.9,28399739.340000004,372204636.69,22.0,18.0,0.0,48.0,70.9,mechanical,,0
CHCF,2025,4,0,0,0,455.3,3.45,1.0,47.0,85.2,28866908.25999999,376572690.69,20.0,16.0,0.0,48.0,74.9,mechanical,,0
CHCF,2025,5,5,2,1,606.0,0.0,1.0,36.0,76.8,28042494.069999993,376425130.69,20.0,16.0,0.0,48.0,78.2,mechanical,,0
CHCF,2025,6,16,5,0,675.5,0.0,,32.0,62.3,31463202.870000005,376772165.69,19.0,15.0,0.0,47.0,77.1,mechanical,,0
CHCF,2025,7,18,9,1,,,,,69.8,,,16.0,10.0,0.0,49.0,77.2,mechanical,,0
CHCF,2025,8,26,16,3,,,,,77.4,,,16.0,10.0,5.0,49.0,77.8,mechanical,,0
CHCF,2025,9,9,5,0,,,,,78.5,,,16.0,10.0,5.0,49.0,79.0,mechanical,,0
CHCF,2025,10,1,0,0,,,,,72.2,,,16.0,11.0,10.0,49.0,79.6,mechanical,,0
CHCF,2025,11,0,0,0,,,,,81.6,,,17.0,11.0,20.0,48.0,79.1,mechanical,,0
CHCF,2025,12,0,0,0,,,,,91.5,,,17.0,11.0,20.0,46.0,79.6,mechanical,,0
CIM,2016,1,0,0,0,,,,,,,,,,,,115.1,mixed_ventilation_only,MAXIMUM,0
CIM,2016,2,3,0,0,,,,,,,,,,,,115.2,mixed_ventilation_only,MAXIMUM,0
CIM,2016,3,0,0,0,,,,,,,,,,,,116.0,mixed_ventilation_only,MAXIMUM,0
CIM,2016,4,6,1,0,,,,,,,,,,,,115.2,mixed_ventilation_only,MAXIMUM,0
CIM,2016,5,2,0,0,,,,,,,,,,,,120.1,mixed_ventilation_only,MAXIMUM,0
CIM,2016,6,16,11,5,,,,,,,,,,,,119.4,mixed_ventilation_only,MAXIMUM,0
CIM,2016,7,23,13,8,,,,,,,,,,,,121.9,mixed_ventilation_only,MAXIMUM,0
CIM,2016,8,25,10,3,,,,,,,,,,,,123.2,mixed_ventilation_only,MAXIMUM,0
CIM,2016,9,14,6,2,,,,,,,,,,,,124.5,mixed_ventilation_only,MAXIMUM,0
CIM,2016,10,10,5,0,,,,,,,,,,,,121.7,mixed_ventilation_only,MAXIMUM,0
CIM,2016,11,6,1,0,,,,,,,,,,,,122.3,mixed_ventilation_only,MAXIMUM,0
CIM,2016,12,0,0,0,,,,,,,,,,,,118.7,mixed_ventilation_only,MAXIMUM,0
CIM,2017,1,0,0,0,,,,,13.8,,,5.0,5.0,3.0,8.0,118.5,mixed_ventilation_only,MAXIMUM,0
CIM,2017,2,0,0,0,,,,,13.2,,,7.0,5.0,10.0,9.0,117.4,mixed_ventilation_only,MAXIMUM,0
CIM,2017,3,1,0,0,,,,,12.8,,,7.0,7.0,3.0,8.0,118.5,mixed_ventilation_only,MAXIMUM,0
CIM,2017,4,2,1,0,,,,,14.2,,,5.0,5.0,3.0,6.0,117.7,mixed_ventilation_only,MAXIMUM,0
CIM,2017,5,9,2,0,,,,,14.6,,,6.0,6.0,3.0,7.0,118.7,mixed_ventilation_only,MAXIMUM,0
CIM,2017,6,17,10,4,,,,,13.4,,,5.0,6.0,3.0,4.0,120.5,mixed_ventilation_only,MAXIMUM,0
CIM,2017,7,29,13,4,,,,,13.2,,,5.0,6.0,3.0,4.0,122.1,mixed_ventilation_only,MAXIMUM,0
CIM,2017,8,20,14,7,,,,,17.1,,,6.0,7.0,3.0,5.0,121.3,mixed_ventilation_only,MAXIMUM,0
CIM,2017,9,15,8,3,,,,,13.4,,,7.0,7.0,6.0,8.0,120.8,mixed_ventilation_only,MAXIMUM,0
CIM,2017,10,16,10,3,,,,,11.8,,,9.0,9.0,6.0,9.0,119.0,mixed_ventilation_only,MAXIMUM,0
CIM,2017,11,3,2,0,,,,,12.9,,,6.0,6.0,3.0,7.0,117.1,mixed_ventilation_only,MAXIMUM,0
CIM,2017,12,0,0,0,,,,,17.6,,,6.0,6.0,3.0,7.0,117.4,mixed_ventilation_only,MAXIMUM,0
CIM,2018,1,0,0,0,,,,,14.9,,,6.0,6.0,0.0,8.0,117.7,mixed_ventilation_only,MAXIMUM,0
CIM,2018,2,0,0,0,,,,,13.9,,,4.0,6.0,0.0,-3.0,119.2,mixed_ventilation_only,MAXIMUM,0
CIM,2018,3,0,0,0,,,,,13.2,,,4.0,6.0,0.0,2.0,119.9,mixed_ventilation_only,MAXIMUM,0
CIM,2018,4,2,1,0,,,,,18.2,,,5.0,7.0,3.0,2.0,117.6,mixed_ventilation_only,MAXIMUM,0
CIM,2018,5,3,0,0,,,,,13.5,,,5.0,6.0,3.0,3.0,119.5,mixed_ventilation_only,MAXIMUM,0
CIM,2018,6,8,1,0,,,,,13.6,,,5.0,6.0,3.0,3.0,120.3,mixed_ventilation_only,MAXIMUM,0
CIM,2018,7,27,23,10,,,,,15.0,,,6.0,7.0,3.0,3.0,123.2,mixed_ventilation_only,MAXIMUM,0
CIM,2018,8,25,10,4,,,,,20.2,,,8.0,10.0,9.0,3.0,125.6,mixed_ventilation_only,MAXIMUM,0
CIM,2018,9,13,5,0,,,,,18.4,,,6.0,7.0,6.0,6.0,125.6,mixed_ventilation_only,MAXIMUM,0
CIM,2018,10,3,0,0,,,,,20.7,,,6.0,6.0,13.0,4.0,118.6,mixed_ventilation_only,MAXIMUM,0
CIM,2018,11,1,0,0,,,,,16.4,,,6.0,6.0,6.0,4.0,116.8,mixed_ventilation_only,MAXIMUM,0
CIM,2018,12,0,0,0,,,,,17.7,,,4.0,4.0,3.0,6.0,120.9,mixed_ventilation_only,MAXIMUM,0
CIM,2019,1,0,0,0,,,,,21.4,,,5.0,5.0,3.0,7.0,123.1,mixed_ventilation_only,MAXIMUM,0
CIM,2019,2,0,0,0,,,,,19.0,,,11.0,10.0,6.0,18.0,125.8,mixed_ventilation_only,MAXIMUM,0
CIM,2019,3,0,0,0,,,,,13.8,,,10.0,9.0,6.0,20.0,126.5,mixed_ventilation_only,MAXIMUM,0
CIM,2019,4,0,0,0,,,,,17.6,,,9.0,8.0,9.0,15.0,123.5,mixed_ventilation_only,MAXIMUM,0
CIM,2019,5,0,0,0,,,,,11.6,,,10.0,8.0,9.0,17.0,123.1,mixed_ventilation_only,MAXIMUM,0
CIM,2019,6,5,3,2,,,,,14.9,,,10.0,8.0,6.0,18.0,123.2,mixed_ventilation_only,MAXIMUM,0
CIM,2019,7,17,7,2,,,,,15.1,,,11.0,10.0,6.0,16.0,122.4,mixed_ventilation_only,MAXIMUM,0
CIM,2019,8,20,11,0,,,,,16.2,,,10.0,11.0,3.0,10.0,122.1,mixed_ventilation_only,MAXIMUM,0
CIM,2019,9,14,8,1,,,,,16.3,,,12.0,14.0,0.0,9.0,121.1,mixed_ventilation_only,MAXIMUM,0
CIM,2019,10,10,2,0,,,,,14.7,,,9.0,10.0,0.0,8.0,123.7,mixed_ventilation_only,MAXIMUM,0
CIM,2019,11,4,0,0,,,,,16.9,,,8.0,9.0,0.0,8.0,122.8,mixed_ventilation_only,MAXIMUM,0
CIM,2019,12,0,0,0,,,,,15.5,,,7.0,7.0,6.0,10.0,122.5,mixed_ventilation_only,MAXIMUM,0
CIM,2020,1,0,0,0,,,,,19.5,,,6.0,6.0,6.0,8.0,121.9,mixed_ventilation_only,MAXIMUM,0
CIM,2020,2,0,0,0,,,,,17.2,,,8.0,8.0,3.0,9.0,119.4,mixed_ventilation_only,MAXIMUM,0
CIM,2020,3,0,0,0,,,,,14.4,,,9.0,8.0,3.0,12.0,118.1,mixed_ventilation_only,MAXIMUM,0
CIM,2020,4,5,2,0,,,,,12.4,,,9.0,8.0,3.0,13.0,112.8,mixed_ventilation_only,MAXIMUM,0
CIM,2020,5,8,3,0,,,,,18.2,,,9.0,8.0,0.0,15.0,104.1,mixed_ventilation_only,MAXIMUM,0
CIM,2020,6,8,4,2,,,,,14.1,,,10.0,9.0,0.0,14.0,99.3,mixed_ventilation_only,MAXIMUM,0
CIM,2020,7,26,8,4,,,,,10.1,,,10.0,10.0,3.0,12.0,85.9,mixed_ventilation_only,MAXIMUM,0
CIM,2020,8,25,19,11,,,,,13.6,,,9.0,8.0,3.0,13.0,82.3,mixed_ventilation_only,MAXIMUM,0
CIM,2020,9,24,12,7,,,,,24.1,,,5.0,6.0,3.0,-1.0,77.1,mixed_ventilation_only,MAXIMUM,0
CIM,2020,10,13,11,6,,,,,29.7,,,8.0,9.0,3.0,7.0,73.2,mixed_ventilation_only,MAXIMUM,0
CIM,2020,11,4,0,0,,,,,15.1,,,9.0,10.0,3.0,7.0,69.6,mixed_ventilation_only,MAXIMUM,0
CIM,2020,12,0,0,0,,,,,11.6,,,9.0,10.0,3.0,9.0,68.1,mixed_ventilation_only,MAXIMUM,0
CIM,2021,1,1,0,0,,,,,13.6,,,8.0,9.0,3.0,8.0,65.7,mixed_ventilation_only,MAXIMUM,0
CIM,2021,2,0,0,0,,,,,18.3,,,9.0,10.0,6.0,6.0,64.0,mixed_ventilation_only,MAXIMUM,0
CIM,2021,3,0,0,0,,,,,15.2,,,8.0,8.0,3.0,6.0,62.4,mixed_ventilation_only,MAXIMUM,0
CIM,2021,4,2,2,0,,,,,15.5,,,-1.0,-2.0,3.0,6.0,65.4,mixed_ventilation_only,MAXIMUM,0
CIM,2021,5,2,0,0,,,,,9.2,,,4.0,4.0,3.0,6.0,70.2,mixed_ventilation_only,MAXIMUM,0
CIM,2021,6,14,5,1,,,,,11.5,,,5.0,4.0,3.0,8.0,77.7,mixed_ventilation_only,MAXIMUM,0
CIM,2021,7,22,4,0,202.4,0.0,,4.0,15.5,17551867.82,213668924.0,4.0,4.0,-7.0,9.0,87.4,mixed_ventilation_only,MAXIMUM,0
CIM,2021,8,21,13,4,216.3,0.0,1.0,4.0,13.1,18180834.060000002,213898082.0,6.0,5.0,-7.0,12.0,90.8,mixed_ventilation_only,MAXIMUM,0
CIM,2021,9,16,9,2,147.42,0.0,,5.0,12.1,22332814.46,213898082.0,5.0,4.0,-3.0,12.0,92.8,mixed_ventilation_only,MAXIMUM,0
CIM,2021,10,8,4,0,150.08,0.0,,3.0,11.8,18554576.879999995,213984790.0,6.0,6.0,-3.0,9.0,95.8,mixed_ventilation_only,MAXIMUM,0
CIM,2021,11,4,0,0,204.28,0.58,,2.0,14.2,19797814.92,221290949.0,6.0,6.0,-3.0,7.0,98.2,mixed_ventilation_only,MAXIMUM,0
CIM,2021,12,0,0,0,140.26,4.57,,6.0,13.3,22792871.61,221325670.0,6.0,6.0,-3.0,10.0,99.3,mixed_ventilation_only,MAXIMUM,0
CIM,2022,1,0,0,0,213.88,29.44,,1.0,10.4,19317791.439999998,223022275.0,10.0,9.0,-3.0,20.0,93.3,mixed_ventilation_only,MAXIMUM,0
CIM,2022,2,0,0,0,174.89,16.17,2.0,2.0,13.8,20018581.49000001,224047718.0,11.0,10.0,-3.0,23.0,92.2,mixed_ventilation_only,MAXIMUM,0
CIM,2022,3,1,0,0,175.08,1.24,,3.0,13.4,18794569.419999987,224001809.0,11.0,9.0,0.0,23.0,93.0,mixed_ventilation_only,MAXIMUM,0
CIM,2022,4,3,3,0,168.0,0.06,1.0,7.0,14.4,19626963.53999999,234125697.0,10.0,10.0,0.0,19.0,97.7,mixed_ventilation_only,MAXIMUM,0
CIM,2022,5,2,1,0,182.83,0.54,,15.0,10.3,19883600.950000018,237231120.0,11.0,10.0,-4.0,22.0,108.0,mixed_ventilation_only,MAXIMUM,0
CIM,2022,6,17,10,1,147.04,0.0,,6.0,9.3,20733963.430000007,237377477.0,9.0,9.0,-4.0,18.0,110.9,mixed_ventilation_only,MAXIMUM,0
CIM,2022,7,23,4,0,187.62,3.82,,6.0,12.6,22296337.2,228016449.0,13.0,9.0,13.0,28.0,114.6,mixed_ventilation_only,MAXIMUM,0
CIM,2022,8,25,14,3,157.14,10.0,,10.0,15.6,22801096.500000004,228408445.0,14.0,11.0,7.0,27.0,118.1,mixed_ventilation_only,MAXIMUM,0
CIM,2022,9,18,13,9,62.0,10.32,1.0,5.0,13.2,21521120.08,228674204.0,13.0,11.0,4.0,26.0,120.6,mixed_ventilation_only,MAXIMUM,0
CIM,2022,10,3,0,0,162.86,7.65,,5.0,7.7,21768426.069999993,229558997.0,13.0,11.0,10.0,23.0,115.4,mixed_ventilation_only,MAXIMUM,0
CIM,2022,11,0,0,0,179.6,0.24,,2.0,9.3,22279732.49000001,255036557.0,11.0,9.0,7.0,22.0,108.9,mixed_ventilation_only,MAXIMUM,0
CIM,2022,12,0,0,0,143.25,1.13,,8.0,11.2,25766593.139999986,256196354.0,14.0,12.0,7.0,25.0,109.9,mixed_ventilation_only,MAXIMUM,0
CIM,2023,1,0,0,0,198.9,1.82,,3.0,13.5,20826811.820000023,260497592.0,11.0,9.0,7.0,23.0,104.8,mixed_ventilation_only,MAXIMUM,0
CIM,2023,2,0,0,0,163.2,0.0,,2.0,11.0,21304285.310000002,261607397.0,13.0,10.0,7.0,25.0,99.3,mixed_ventilation_only,MAXIMUM,0
CIM,2023,3,0,0,0,80.35,0.0,,1.0,13.0,21737551.949999988,263797791.0,14.0,12.0,7.0,23.0,86.4,mixed_ventilation_only,MAXIMUM,0
CIM,2023,4,0,0,0,110.95,0.0,2.0,1.0,13.2,20044744.74000001,269285512.0,12.0,11.0,7.0,19.0,138.6,mixed_ventilation_only,MAXIMUM,0
CIM,2023,5,0,0,0,92.6,0.0,,1.0,8.8,22728476.429999977,269743143.0,13.0,12.0,7.0,21.0,136.9,mixed_ventilation_only,MAXIMUM,0
CIM,2023,6,1,0,0,83.5,0.0,,2.0,8.6,20605630.110000014,269846733.0,14.0,14.0,10.0,20.0,140.8,mixed_ventilation_only,MAXIMUM,0
CIM,2023,7,24,17,4,97.2,0.0,,6.0,14.8,21291853.36,246810632.0,9.0,11.0,7.0,4.0,143.1,mixed_ventilation_only,MAXIMUM,0
CIM,2023,8,21,11,3,84.6,0.0,,1.0,10.0,20162391.39,246810632.0,10.0,11.0,11.0,5.0,146.8,mixed_ventilation_only,MAXIMUM,0
CIM,2023,9,5,3,0,94.75,0.0,,3.0,13.7,19272540.490000002,246831558.0,10.0,9.0,7.0,18.0,147.5,mixed_ventilation_only,MAXIMUM,0
CIM,2023,10,10,5,0,741.0,0.0,,3.0,19.9,18775485.259999998,247044569.0,11.0,11.0,7.0,15.0,147.8,mixed_ventilation_only,MAXIMUM,0
CIM,2023,11,0,0,0,1091.0,0.0,1.0,3.0,19.1,21194498.22,247933995.0,11.0,10.0,11.0,15.0,147.6,mixed_ventilation_only,MAXIMUM,0
CIM,2023,12,0,0,0,1104.0,0.0,1.0,5.0,13.6,23996522.72,247891788.0,12.0,11.0,14.0,18.0,143.6,mixed_ventilation_only,MAXIMUM,0
CIM,2024,1,0,0,0,1112.0,0.0,,2.0,14.3,21408912.78999999,250679088.0,18.0,13.0,11.0,37.0,136.8,mixed_ventilation_only,MAXIMUM,0
CIM,2024,2,0,0,0,976.0,0.0,,4.0,10.5,19969658.620000005,251483593.0,16.0,12.0,14.0,32.0,136.0,mixed_ventilation_only,MAXIMUM,0
CIM,2024,3,0,0,0,952.0,0.0,,8.0,16.4,22708632.349999994,251528499.0,16.0,12.0,11.0,34.0,137.2,mixed_ventilation_only,MAXIMUM,0
CIM,2024,4,0,0,0,512.0,0.0,,3.0,15.2,20099185.830000013,251093914.0,15.0,11.0,7.0,33.0,138.4,mixed_ventilation_only,MAXIMUM,0
CIM,2024,5,0,0,0,513.0,0.0,,5.0,16.9,21383985.620000005,251197626.0,13.0,8.0,11.0,32.0,138.2,mixed_ventilation_only,MAXIMUM,0
CIM,2024,6,9,4,1,447.25,0.0,,8.0,16.4,19995318.21000001,251217733.0,12.0,7.0,11.0,29.0,139.9,mixed_ventilation_only,MAXIMUM,0
CIM,2024,7,30,11,1,662.0,0.0,,5.0,17.3,20877687.35,243948348.0,11.0,7.0,11.0,28.0,140.3,mixed_ventilation_only,MAXIMUM,0
CIM,2024,8,23,11,4,576.0,0.0,,13.0,20.2,19915934.549999997,243948009.0,12.0,8.0,15.0,28.0,139.2,mixed_ventilation_only,MAXIMUM,0
CIM,2024,9,12,10,6,618.0,0.0,,10.0,22.0,19129601.93,244132440.0,12.0,7.0,15.0,27.0,149.8,mixed_ventilation_only,MAXIMUM,0
CIM,2024,10,14,8,3,299.0,0.0,,6.0,24.8,20001801.25,244104958.0,11.0,7.0,19.0,26.0,145.5,mixed_ventilation_only,MAXIMUM,0
CIM,2024,11,0,0,0,171.5,0.0,,2.0,21.7,20890014.620000005,244872454.0,11.0,6.0,19.0,25.0,143.2,mixed_ventilation_only,MAXIMUM,0
CIM,2024,12,0,0,0,138.0,0.0,,4.0,24.4,20103759.739999995,230720614.0,11.0,7.0,15.0,23.0,144.7,mixed_ventilation_only,MAXIMUM,0
CIM,2025,1,0,0,0,163.5,0.0,,5.0,21.6,20217577.069999993,230814817.0,14.0,11.0,15.0,27.0,139.5,mixed_ventilation_only,MAXIMUM,0
CIM,2025,2,1,0,0,92.0,0.0,,5.0,18.5,21372269.5,233078771.69,15.0,11.0,19.0,27.0,144.0,mixed_ventilation_only,MAXIMUM,1
CIM,2025,3,1,0,0,49.5,0.0,,6.0,13.8,20433699.610000014,232315319.69,15.0,12.0,15.0,25.0,146.3,mixed_ventilation_only,MAXIMUM,1
CIM,2025,4,0,0,0,45.0,0.0,,5.0,20.7,19120064.650000006,243258318.69,16.0,13.0,15.0,26.0,144.1,mixed_ventilation_only,MAXIMUM,1
CIM,2025,5,8,4,3,43.0,0.0,,7.0,20.8,18933824.72999999,243330967.69,15.0,13.0,11.0,23.0,141.0,mixed_ventilation_only,MAXIMUM,1
CIM,2025,6,9,5,0,60.0,0.0,,9.0,18.5,18933193.77000001,243610239.69,15.0,13.0,11.0,22.0,141.4,mixed_ventilation_only,MAXIMUM,1
CIM,2025,7,10,2,0,,,,,27.8,,,15.0,11.0,11.0,26.0,139.9,mixed_ventilation_only,MAXIMUM,1
CIM,2025,8,25,12,5,,,,,18.9,,,15.0,11.0,11.0,28.0,139.0,mixed_ventilation_only,MAXIMUM,1
CIM,2025,9,13,11,1,,,,,20.6,,,16.0,13.0,15.0,26.0,142.0,mixed_ventilation_only,MAXIMUM,1
CIM,2025,10,5,2,0,,,,,15.4,,,16.0,13.0,15.0,26.0,141.9,mixed_ventilation_only,MAXIMUM,1
CIM,2025,11,2,0,0,,,,,14.8,,,18.0,15.0,22.0,26.0,139.2,mixed_ventilation_only,MAXIMUM,1
CIM,2025,12,0,0,0,,,,,20.2,,,12.0,11.0,17.0,15.0,143.0,mixed_ventilation_only,MAXIMUM,1
CIW,2016,1,0,0,0,,,,,,,,,,,,135.8,mixed_evaporative,MAXIMUM,0
CIW,2016,2,3,0,0,,,,,,,,,,,,130.3,mixed_evaporative,MAXIMUM,0
CIW,2016,3,0,0,0,,,,,,,,,,,,132.5,mixed_evaporative,MAXIMUM,0
CIW,2016,4,6,1,0,,,,,,,,,,,,131.0,mixed_evaporative,MAXIMUM,0
CIW,2016,5,3,0,0,,,,,,,,,,,,129.3,mixed_evaporative,MAXIMUM,0
CIW,2016,6,16,13,5,,,,,,,,,,,,131.8,mixed_evaporative,MAXIMUM,0
CIW,2016,7,26,15,8,,,,,,,,,,,,132.1,mixed_evaporative,MAXIMUM,0
CIW,2016,8,26,12,3,,,,,,,,,,,,132.7,mixed_evaporative,MAXIMUM,0
CIW,2016,9,16,9,4,,,,,,,,,,,,131.8,mixed_evaporative,MAXIMUM,0
CIW,2016,10,10,5,0,,,,,,,,,,,,132.0,mixed_evaporative,MAXIMUM,0
CIW,2016,11,6,1,0,,,,,,,,,,,,134.4,mixed_evaporative,MAXIMUM,0
CIW,2016,12,0,0,0,,,,,,,,,,,,136.6,mixed_evaporative,MAXIMUM,0
CIW,2017,1,0,0,0,,,,,21.6,,,11.0,11.0,0.0,13.0,138.4,mixed_evaporative,MAXIMUM,0
CIW,2017,2,0,0,0,,,,,23.7,,,11.0,10.0,13.0,13.0,137.8,mixed_evaporative,MAXIMUM,0
CIW,2017,3,1,0,0,,,,,15.8,,,12.0,12.0,5.0,14.0,139.8,mixed_evaporative,MAXIMUM,0
CIW,2017,4,3,2,0,,,,,17.4,,,10.0,11.0,5.0,10.0,137.5,mixed_evaporative,MAXIMUM,0
CIW,2017,5,9,2,0,,,,,20.8,,,11.0,12.0,5.0,10.0,133.0,mixed_evaporative,MAXIMUM,0
CIW,2017,6,17,10,3,,,,,23.4,,,11.0,11.0,5.0,11.0,134.9,mixed_evaporative,MAXIMUM,0
CIW,2017,7,29,18,4,,,,,30.0,,,14.0,16.0,10.0,10.0,134.5,mixed_evaporative,MAXIMUM,0
CIW,2017,8,21,16,7,,,,,21.2,,,15.0,16.0,20.0,11.0,132.2,mixed_evaporative,MAXIMUM,0
CIW,2017,9,16,9,4,,,,,13.8,,,13.0,14.0,15.0,10.0,133.0,mixed_evaporative,MAXIMUM,0
CIW,2017,10,16,11,3,,,,,14.1,,,13.0,14.0,10.0,9.0,131.3,mixed_evaporative,MAXIMUM,0
CIW,2017,11,3,1,0,,,,,26.2,,,10.0,11.0,5.0,9.0,130.7,mixed_evaporative,MAXIMUM,0
CIW,2017,12,0,0,0,,,,,13.7,,,10.0,11.0,5.0,10.0,131.2,mixed_evaporative,MAXIMUM,0
CIW,2018,1,0,0,0,,,,,17.3,,,10.0,10.0,5.0,12.0,131.4,mixed_evaporative,MAXIMUM,0
CIW,2018,2,0,0,0,,,,,15.5,,,9.0,8.0,5.0,11.0,130.1,mixed_evaporative,MAXIMUM,0
CIW,2018,3,0,0,0,,,,,12.3,,,9.0,9.0,5.0,11.0,128.2,mixed_evaporative,MAXIMUM,0
CIW,2018,4,3,2,0,,,,,13.9,,,9.0,8.0,5.0,14.0,130.0,mixed_evaporative,MAXIMUM,0
CIW,2018,5,3,1,0,,,,,15.1,,,9.0,8.0,5.0,13.0,128.6,mixed_evaporative,MAXIMUM,0
CIW,2018,6,13,1,0,,,,,15.8,,,10.0,8.0,5.0,18.0,129.1,mixed_evaporative,MAXIMUM,0
CIW,2018,7,28,25,11,,,,,13.8,,,16.0,14.0,5.0,23.0,130.8,mixed_evaporative,MAXIMUM,0
CIW,2018,8,27,13,4,,,,,16.6,,,16.0,15.0,5.0,24.0,133.8,mixed_evaporative,MAXIMUM,0
CIW,2018,9,16,7,1,,,,,19.5,,,16.0,14.0,5.0,24.0,134.9,mixed_evaporative,MAXIMUM,0
CIW,2018,10,4,0,0,,,,,22.2,,,15.0,14.0,5.0,22.0,133.3,mixed_evaporative,MAXIMUM,0
CIW,2018,11,1,0,0,,,,,15.1,,,12.0,12.0,5.0,16.0,134.7,mixed_evaporative,MAXIMUM,0
CIW,2018,12,0,0,0,,,,,18.3,,,10.0,10.0,5.0,13.0,135.1,mixed_evaporative,MAXIMUM,0
CIW,2019,1,0,0,0,,,,,20.9,,,9.0,8.0,5.0,14.0,132.2,mixed_evaporative,MAXIMUM,0
CIW,2019,2,0,0,0,,,,,20.7,,,13.0,9.0,10.0,27.0,131.3,mixed_evaporative,MAXIMUM,0
CIW,2019,3,0,0,0,,,,,14.0,,,13.0,9.0,5.0,26.0,128.5,mixed_evaporative,MAXIMUM,0
CIW,2019,4,0,0,0,,,,,17.2,,,14.0,9.0,5.0,28.0,125.8,mixed_evaporative,MAXIMUM,0
CIW,2019,5,0,0,0,,,,,17.7,,,13.0,7.0,5.0,29.0,127.5,mixed_evaporative,MAXIMUM,0
CIW,2019,6,6,3,2,,,,,11.8,,,12.0,7.0,5.0,27.0,128.6,mixed_evaporative,MAXIMUM,0
CIW,2019,7,20,9,2,,,,,15.4,,,15.0,13.0,10.0,24.0,125.3,mixed_evaporative,MAXIMUM,0
CIW,2019,8,27,15,1,,,,,10.1,,,12.0,12.0,10.0,13.0,121.7,mixed_evaporative,MAXIMUM,0
CIW,2019,9,15,12,3,,,,,10.5,,,13.0,13.0,15.0,13.0,120.5,mixed_evaporative,MAXIMUM,0
CIW,2019,10,10,4,0,,,,,12.1,,,13.0,13.0,5.0,11.0,120.9,mixed_evaporative,MAXIMUM,0
CIW,2019,11,4,0,0,,,,,14.1,,,10.0,10.0,5.0,12.0,119.6,mixed_evaporative,MAXIMUM,0
CIW,2019,12,0,0,0,,,,,15.6,,,10.0,9.0,0.0,13.0,120.2,mixed_evaporative,MAXIMUM,0
CIW,2020,1,0,0,0,,,,,16.4,,,10.0,9.0,10.0,13.0,115.9,mixed_evaporative,MAXIMUM,0
CIW,2020,2,0,0,0,,,,,16.4,,,7.0,6.0,5.0,10.0,117.0,mixed_evaporative,MAXIMUM,0
CIW,2020,3,0,0,0,,,,,14.7,,,7.0,6.0,5.0,9.0,118.0,mixed_evaporative,MAXIMUM,0
CIW,2020,4,5,1,0,,,,,17.0,,,9.0,8.0,5.0,11.0,111.1,mixed_evaporative,MAXIMUM,0
CIW,2020,5,11,5,0,,,,,19.9,,,8.0,8.0,0.0,12.0,108.6,mixed_evaporative,MAXIMUM,0
CIW,2020,6,11,4,3,,,,,16.8,,,7.0,6.0,0.0,11.0,105.7,mixed_evaporative,MAXIMUM,0
CIW,2020,7,26,13,4,,,,,13.7,,,7.0,7.0,0.0,8.0,92.7,mixed_evaporative,MAXIMUM,0
CIW,2020,8,25,19,6,,,,,10.2,,,8.0,8.0,0.0,10.0,86.7,mixed_evaporative,MAXIMUM,0
CIW,2020,9,23,11,6,,,,,13.0,,,6.0,7.0,0.0,3.0,83.9,mixed_evaporative,MAXIMUM,0
CIW,2020,10,13,11,3,,,,,11.4,,,9.0,9.0,0.0,8.0,81.2,mixed_evaporative,MAXIMUM,0
CIW,2020,11,3,0,0,,,,,21.3,,,9.0,10.0,0.0,9.0,78.1,mixed_evaporative,MAXIMUM,0
CIW,2020,12,0,0,0,,,,,21.1,,,10.0,10.0,0.0,11.0,76.4,mixed_evaporative,MAXIMUM,0
CIW,2021,1,1,0,0,,,,,23.3,,,9.0,10.0,0.0,8.0,80.3,mixed_evaporative,MAXIMUM,0
CIW,2021,2,0,0,0,,,,,28.3,,,10.0,10.0,0.0,12.0,77.6,mixed_evaporative,MAXIMUM,0
CIW,2021,3,0,0,0,,,,,14.2,,,10.0,11.0,0.0,11.0,76.3,mixed_evaporative,MAXIMUM,0
CIW,2021,4,2,2,0,,,,,18.2,,,6.0,6.0,0.0,7.0,75.0,mixed_evaporative,MAXIMUM,0
CIW,2021,5,2,1,0,,,,,14.9,,,8.0,8.0,5.0,10.0,75.7,mixed_evaporative,MAXIMUM,0
CIW,2021,6,14,4,1,,,,,15.4,,,8.0,8.0,5.0,9.0,76.3,mixed_evaporative,MAXIMUM,0
CIW,2021,7,19,3,0,192.9,0.0,,3.0,22.0,9940408.96,129929435.0,7.0,7.0,10.0,9.0,76.7,mixed_evaporative,MAXIMUM,0
CIW,2021,8,21,14,4,218.4,0.0,,11.0,19.5,11471926.14,129899314.0,8.0,8.0,10.0,7.0,75.7,mixed_evaporative,MAXIMUM,0
CIW,2021,9,17,9,2,180.8,7.1,,7.0,15.1,11626556.649999999,129899314.0,8.0,8.0,5.0,6.0,77.1,mixed_evaporative,MAXIMUM,0
CIW,2021,10,8,5,0,163.05,0.0,,10.0,18.9,11549697.280000001,129899314.0,9.0,10.0,5.0,8.0,80.1,mixed_evaporative,MAXIMUM,0
CIW,2021,11,4,0,0,333.8,0.0,1.0,10.0,20.0,11808473.64,136651718.0,9.0,10.0,5.0,8.0,80.7,mixed_evaporative,MAXIMUM,0
CIW,2021,12,0,0,0,182.2,2.83,,11.0,27.2,13874462.049999997,136651718.0,9.0,9.0,5.0,9.0,80.7,mixed_evaporative,MAXIMUM,0
CIW,2022,1,0,0,0,415.75,22.48,,15.0,21.9,11201057.780000001,136899572.0,17.0,10.0,5.0,38.0,77.7,mixed_evaporative,MAXIMUM,0
CIW,2022,2,0,0,0,244.05,12.13,,6.0,24.9,11865367.39,137326910.0,26.0,24.0,5.0,38.0,78.5,mixed_evaporative,MAXIMUM,0
CIW,2022,3,0,0,0,228.75,0.0,,6.0,23.7,11789593.280000001,137090764.0,20.0,19.0,5.0,24.0,77.3,mixed_evaporative,MAXIMUM,0
CIW,2022,4,3,3,0,246.3,0.0,,15.0,27.7,11390902.510000005,142024829.0,18.0,18.0,5.0,18.0,78.2,mixed_evaporative,MAXIMUM,0
CIW,2022,5,2,2,0,259.45,0.0,,10.0,27.7,11529722.75,142028769.0,17.0,18.0,0.0,18.0,77.7,mixed_evaporative,MAXIMUM,0
CIW,2022,6,17,10,1,240.6,0.88,,9.0,22.5,12678417.099999994,142130658.0,18.0,18.0,0.0,21.0,74.2,mixed_evaporative,MAXIMUM,0
CIW,2022,7,23,6,0,263.2,28.51,1.0,4.0,24.8,11377148.03,139099222.0,17.0,17.0,18.0,20.0,73.4,mixed_evaporative,MAXIMUM,0
CIW,2022,8,25,15,2,175.8,14.31,,5.0,37.4,13088720.459999999,139136193.0,17.0,17.0,18.0,19.0,70.8,mixed_evaporative,MAXIMUM,0
CIW,2022,9,19,14,9,172.4,0.0,,4.0,26.8,12346257.690000001,139155620.0,17.0,15.0,18.0,22.0,69.6,mixed_evaporative,MAXIMUM,0
CIW,2022,10,3,1,0,164.7,28.69,,3.0,29.0,13582197.280000001,139223024.0,18.0,16.0,15.0,25.0,72.1,mixed_evaporative,MAXIMUM,0
CIW,2022,11,0,0,0,278.7,6.38,,8.0,24.1,13063470.64,153735011.0,18.0,16.0,15.0,26.0,72.9,mixed_evaporative,MAXIMUM,0
CIW,2022,12,0,0,0,221.5,0.0,,5.0,33.7,14518107.869999997,154163528.0,19.0,18.0,21.0,22.0,72.4,mixed_evaporative,MAXIMUM,0
CIW,2023,1,0,0,0,228.7,8.92,,7.0,18.6,12516347.969999999,156098776.0,19.0,18.0,21.0,24.0,76.7,mixed_evaporative,MAXIMUM,0
CIW,2023,2,0,0,0,245.72,1.65,,10.0,26.5,12812903.290000007,156474701.0,20.0,18.0,21.0,26.0,75.7,mixed_evaporative,MAXIMUM,0
CIW,2023,3,0,0,0,234.93,0.0,,4.0,27.4,13263769.030000001,156691854.0,20.0,18.0,15.0,26.0,75.3,mixed_evaporative,MAXIMUM,0
CIW,2023,4,1,0,0,216.65,0.0,,7.0,21.2,12970020.449999988,158601527.0,18.0,17.0,9.0,25.0,74.1,mixed_evaporative,MAXIMUM,0
CIW,2023,5,0,0,0,162.8,0.0,,2.0,24.9,12668497.540000007,158764482.0,16.0,14.0,3.0,26.0,76.7,mixed_evaporative,MAXIMUM,0
CIW,2023,6,1,0,0,239.55,0.0,,9.0,24.3,12895990.0,158791206.0,17.0,15.0,3.0,28.0,76.0,mixed_evaporative,MAXIMUM,0
CIW,2023,7,24,18,2,225.8,0.0,,6.0,28.6,11948830.76,152589276.0,17.0,15.0,9.0,27.0,75.9,mixed_evaporative,MAXIMUM,0
CIW,2023,8,22,11,3,255.75,0.0,,11.0,32.2,12628463.53,152589276.0,17.0,15.0,9.0,27.0,75.6,mixed_evaporative,MAXIMUM,0
CIW,2023,9,5,3,0,230.49,0.0,,11.0,37.0,12940768.32,152621127.0,16.0,15.0,3.0,23.0,77.5,mixed_evaporative,MAXIMUM,0
CIW,2023,10,10,7,0,1490.0,0.0,,4.0,29.3,12674906.770000003,152772212.0,17.0,16.0,3.0,24.0,89.7,mixed_evaporative,MAXIMUM,0
CIW,2023,11,0,0,0,1198.0,0.0,,13.0,29.4,13895504.96,153458705.0,16.0,14.0,9.0,24.0,93.0,mixed_evaporative,MAXIMUM,0
CIW,2023,12,0,0,0,55.0,0.0,,6.0,34.7,15743301.299999997,153438777.0,15.0,13.0,6.0,22.0,92.9,mixed_evaporative,MAXIMUM,0
CIW,2024,1,0,0,0,176.0,0.0,,6.0,37.8,14632186.760000005,156047020.0,17.0,14.0,6.0,27.0,92.5,mixed_evaporative,MAXIMUM,0
CIW,2024,2,0,0,0,215.5,0.0,,3.0,27.8,13686193.61999999,156718294.0,17.0,14.0,6.0,29.0,91.4,mixed_evaporative,MAXIMUM,0
CIW,2024,3,0,0,0,200.0,0.0,,12.0,26.7,15788130.540000007,156838780.0,17.0,14.0,6.0,27.0,89.8,mixed_evaporative,MAXIMUM,0
CIW,2024,4,0,0,0,230.5,0.0,,11.0,23.2,13932158.800000012,168145031.0,17.0,15.0,6.0,27.0,91.6,mixed_evaporative,MAXIMUM,0
CIW,2024,5,0,0,0,132.0,0.0,,7.0,30.0,14075660.929999977,168186806.0,17.0,15.0,6.0,25.0,87.8,mixed_evaporative,MAXIMUM,0
CIW,2024,6,11,4,0,213.0,0.0,,7.0,36.0,13993169.599999994,168220432.0,13.0,11.0,18.0,19.0,91.1,mixed_evaporative,MAXIMUM,0
CIW,2024,7,29,12,0,164.0,0.68,,11.0,38.6,12472785.4,169573472.0,14.0,12.0,12.0,19.0,98.2,mixed_evaporative,MAXIMUM,0
CIW,2024,8,23,12,4,186.5,0.0,,12.0,40.5,13697686.459999999,169577189.0,13.0,11.0,6.0,22.0,100.4,mixed_evaporative,MAXIMUM,0
CIW,2024,9,12,10,6,324.0,0.0,,7.0,37.0,13035368.719999999,169834491.0,12.0,10.0,6.0,19.0,97.5,mixed_evaporative,MAXIMUM,0
CIW,2024,10,14,8,2,220.25,0.0,,10.0,37.3,13404865.530000001,169502897.0,11.0,10.0,6.0,18.0,94.3,mixed_evaporative,MAXIMUM,0
CIW,2024,11,0,0,0,272.75,0.0,,5.0,44.2,13829479.880000003,170122101.0,12.0,11.0,6.0,17.0,94.0,mixed_evaporative,MAXIMUM,0
CIW,2024,12,0,0,0,279.5,0.0,1.0,11.0,54.8,13847787.339999996,157633009.0,12.0,11.0,6.0,18.0,99.1,mixed_evaporative,MAXIMUM,0
CIW,2025,1,0,0,0,262.0,0.0,,16.0,44.4,13072901.019999996,158152234.0,15.0,14.0,11.0,22.0,100.0,mixed_evaporative,MAXIMUM,0
CIW,2025,2,1,0,0,321.75,0.0,,23.0,58.1,13372501.760000005,158711829.32,14.0,13.0,11.0,21.0,96.9,mixed_evaporative,MAXIMUM,0
CIW,2025,3,1,0,0,324.5,0.0,1.0,14.0,40.3,13888754.730000004,159126190.32,16.0,15.0,17.0,23.0,95.9,mixed_evaporative,MAXIMUM,0
CIW,2025,4,0,0,0,222.3,0.0,,11.0,31.3,13749319.569999993,166752043.32,18.0,16.0,17.0,26.0,95.0,mixed_evaporative,MAXIMUM,0
CIW,2025,5,8,4,2,234.0,0.0,,15.0,40.2,14724084.569999993,166950883.32,17.0,16.0,17.0,25.0,93.6,mixed_evaporative,MAXIMUM,0
CIW,2025,6,9,4,0,367.0,0.0,,17.0,31.9,13719929.140000015,167162264.32,18.0,16.0,22.0,22.0,96.4,mixed_evaporative,MAXIMUM,0
CIW,2025,7,11,1,0,,,,,37.0,,,17.0,15.0,17.0,26.0,94.5,mixed_evaporative,MAXIMUM,0
CIW,2025,8,25,12,1,,,,,34.1,,,19.0,17.0,17.0,26.0,89.8,mixed_evaporative,MAXIMUM,0
CIW,2025,9,16,11,1,,,,,32.3,,,19.0,18.0,11.0,24.0,88.7,mixed_evaporative,MAXIMUM,0
CIW,2025,10,4,2,0,,,,,32.1,,,20.0,19.0,11.0,23.0,88.1,mixed_evaporative,MAXIMUM,0
CIW,2025,11,2,0,0,,,,,45.0,,,20.0,20.0,11.0,23.0,87.7,mixed_evaporative,MAXIMUM,0
CIW,2025,12,0,0,0,,,,,37.2,,,13.0,13.0,6.0,15.0,85.8,mixed_evaporative,MAXIMUM,0
CMC,2016,1,0,0,0,,,,,,,,,,,,105.8,mixed_ventilation_only,MEDIUM,0
CMC,2016,2,0,0,0,,,,,,,,,,,,106.5,mixed_ventilation_only,MEDIUM,0
CMC,2016,3,0,0,0,,,,,,,,,,,,106.8,mixed_ventilation_only,MEDIUM,0
CMC,2016,4,1,0,1,,,,,,,,,,,,107.7,mixed_ventilation_only,MEDIUM,0
CMC,2016,5,0,0,0,,,,,,,,,,,,108.4,mixed_ventilation_only,MEDIUM,0
CMC,2016,6,7,0,8,,,,,,,,,,,,107.7,mixed_ventilation_only,MEDIUM,0
CMC,2016,7,1,0,3,,,,,,,,,,,,108.2,mixed_ventilation_only,MEDIUM,0
CMC,2016,8,0,0,1,,,,,,,,,,,,107.0,mixed_ventilation_only,MEDIUM,0
CMC,2016,9,5,4,6,,,,,,,,,,,,106.3,mixed_ventilation_only,MEDIUM,0
CMC,2016,10,0,0,4,,,,,,,,,,,,105.5,mixed_ventilation_only,MEDIUM,0
CMC,2016,11,0,0,1,,,,,,,,,,,,105.3,mixed_ventilation_only,MEDIUM,0
CMC,2016,12,0,0,0,,,,,,,,,,,,105.4,mixed_ventilation_only,MEDIUM,0
CMC,2017,1,0,0,0,,,,,9.1,,,15.0,15.0,6.0,18.0,103.8,mixed_ventilation_only,MEDIUM,0
CMC,2017,2,0,0,0,,,,,6.7,,,16.0,15.0,9.0,19.0,101.8,mixed_ventilation_only,MEDIUM,0
CMC,2017,3,0,0,0,,,,,7.6,,,15.0,16.0,0.0,15.0,100.1,mixed_ventilation_only,MEDIUM,0
CMC,2017,4,0,0,0,,,,,8.4,,,14.0,15.0,3.0,15.0,100.1,mixed_ventilation_only,MEDIUM,0
CMC,2017,5,0,0,0,,,,,9.6,,,14.0,14.0,3.0,16.0,101.1,mixed_ventilation_only,MEDIUM,0
CMC,2017,6,2,0,2,,,,,7.4,,,14.0,15.0,0.0,15.0,104.7,mixed_ventilation_only,MEDIUM,0
CMC,2017,7,3,1,3,,,,,7.5,,,14.0,14.0,0.0,15.0,106.6,mixed_ventilation_only,MEDIUM,0
CMC,2017,8,1,0,2,,,,,9.3,,,13.0,13.0,3.0,15.0,108.4,mixed_ventilation_only,MEDIUM,0
CMC,2017,9,4,3,5,,,,,9.2,,,13.0,13.0,3.0,14.0,106.2,mixed_ventilation_only,MEDIUM,0
CMC,2017,10,8,3,9,,,,,8.2,,,13.0,14.0,3.0,13.0,108.3,mixed_ventilation_only,MEDIUM,0
CMC,2017,11,1,0,2,,,,,8.3,,,10.0,10.0,0.0,15.0,106.8,mixed_ventilation_only,MEDIUM,0
CMC,2017,12,0,0,0,,,,,9.5,,,10.0,10.0,0.0,15.0,104.1,mixed_ventilation_only,MEDIUM,0
CMC,2018,1,0,0,0,,,,,13.0,,,11.0,10.0,0.0,15.0,102.6,mixed_ventilation_only,MEDIUM,0
CMC,2018,2,0,0,0,,,,,7.5,,,10.0,10.0,3.0,11.0,101.5,mixed_ventilation_only,MEDIUM,0
CMC,2018,3,0,0,0,,,,,9.0,,,11.0,12.0,-3.0,13.0,100.3,mixed_ventilation_only,MEDIUM,0
CMC,2018,4,0,0,0,,,,,10.2,,,11.0,12.0,0.0,12.0,99.7,mixed_ventilation_only,MEDIUM,0
CMC,2018,5,0,0,0,,,,,8.6,,,11.0,12.0,0.0,12.0,99.7,mixed_ventilation_only,MEDIUM,0
CMC,2018,6,0,0,0,,,,,7.9,,,11.0,12.0,6.0,10.0,101.9,mixed_ventilation_only,MEDIUM,0
CMC,2018,7,6,1,7,,,,,12.7,,,9.0,11.0,0.0,6.0,102.2,mixed_ventilation_only,MEDIUM,0
CMC,2018,8,4,0,6,,,,,10.7,,,10.0,12.0,0.0,7.0,104.7,mixed_ventilation_only,MEDIUM,0
CMC,2018,9,1,0,2,,,,,10.4,,,5.0,5.0,6.0,6.0,103.3,mixed_ventilation_only,MEDIUM,0
CMC,2018,10,0,0,3,,,,,11.9,,,4.0,4.0,6.0,5.0,100.4,mixed_ventilation_only,MEDIUM,0
CMC,2018,11,0,0,0,,,,,7.6,,,3.0,2.0,3.0,5.0,97.2,mixed_ventilation_only,MEDIUM,0
CMC,2018,12,0,0,0,,,,,7.2,,,4.0,3.0,9.0,5.0,96.5,mixed_ventilation_only,MEDIUM,0
CMC,2019,1,0,0,0,,,,,9.6,,,4.0,4.0,3.0,3.0,95.5,mixed_ventilation_only,MEDIUM,0
CMC,2019,2,0,0,0,,,,,9.0,,,5.0,4.0,6.0,8.0,95.0,mixed_ventilation_only,MEDIUM,0
CMC,2019,3,0,0,0,,,,,8.3,,,5.0,3.0,6.0,8.0,91.8,mixed_ventilation_only,MEDIUM,0
CMC,2019,4,0,0,0,,,,,8.6,,,5.0,3.0,6.0,10.0,89.3,mixed_ventilation_only,MEDIUM,0
CMC,2019,5,0,0,0,,,,,10.3,,,6.0,3.0,6.0,10.0,90.2,mixed_ventilation_only,MEDIUM,0
CMC,2019,6,0,0,1,,,,,12.0,,,7.0,5.0,6.0,9.0,92.2,mixed_ventilation_only,MEDIUM,0
CMC,2019,7,2,0,2,,,,,9.3,,,10.0,11.0,12.0,6.0,95.9,mixed_ventilation_only,MEDIUM,0
CMC,2019,8,0,0,1,,,,,9.8,,,12.0,9.0,6.0,20.0,99.9,mixed_ventilation_only,MEDIUM,0
CMC,2019,9,5,1,6,,,,,11.7,,,10.0,11.0,3.0,10.0,99.9,mixed_ventilation_only,MEDIUM,0
CMC,2019,10,3,1,4,,,,,8.4,,,11.0,10.0,3.0,14.0,99.3,mixed_ventilation_only,MEDIUM,0
CMC,2019,11,0,0,1,,,,,8.4,,,9.0,8.0,3.0,13.0,99.3,mixed_ventilation_only,MEDIUM,0
CMC,2019,12,0,0,0,,,,,11.9,,,10.0,8.0,13.0,14.0,97.8,mixed_ventilation_only,MEDIUM,0
CMC,2020,1,0,0,0,,,,,11.1,,,8.0,7.0,3.0,14.0,98.1,mixed_ventilation_only,MEDIUM,0
CMC,2020,2,0,0,0,,,,,11.5,,,12.0,8.0,3.0,22.0,98.5,mixed_ventilation_only,MEDIUM,0
CMC,2020,3,0,0,0,,,,,9.4,,,12.0,7.0,0.0,24.0,99.6,mixed_ventilation_only,MEDIUM,0
CMC,2020,4,0,0,0,,,,,7.1,,,11.0,6.0,0.0,24.0,97.1,mixed_ventilation_only,MEDIUM,0
CMC,2020,5,0,0,0,,,,,8.4,,,11.0,6.0,0.0,26.0,96.7,mixed_ventilation_only,MEDIUM,0
CMC,2020,6,3,0,3,,,,,9.7,,,11.0,6.0,3.0,24.0,94.8,mixed_ventilation_only,MEDIUM,0
CMC,2020,7,0,0,0,,,,,9.1,,,11.0,5.0,7.0,24.0,90.8,mixed_ventilation_only,MEDIUM,0
CMC,2020,8,6,4,9,,,,,8.3,,,10.0,5.0,10.0,24.0,86.4,mixed_ventilation_only,MEDIUM,0
CMC,2020,9,4,4,6,,,,,7.0,,,9.0,5.0,10.0,18.0,83.4,mixed_ventilation_only,MEDIUM,0
CMC,2020,10,9,6,10,,,,,6.3,,,9.0,6.0,10.0,17.0,81.2,mixed_ventilation_only,MEDIUM,0
CMC,2020,11,0,0,1,,,,,7.7,,,9.0,6.0,14.0,17.0,81.7,mixed_ventilation_only,MEDIUM,0
CMC,2020,12,0,0,0,,,,,7.2,,,11.0,8.0,17.0,17.0,80.1,mixed_ventilation_only,MEDIUM,0
CMC,2021,1,0,0,0,,,,,6.8,,,11.0,8.0,14.0,16.0,78.8,mixed_ventilation_only,MEDIUM,0
CMC,2021,2,0,0,0,,,,,4.1,,,10.0,8.0,14.0,17.0,78.3,mixed_ventilation_only,MEDIUM,0
CMC,2021,3,0,0,0,,,,,7.0,,,12.0,9.0,10.0,17.0,77.6,mixed_ventilation_only,MEDIUM,0
CMC,2021,4,0,0,0,,,,,8.7,,,11.0,8.0,14.0,19.0,78.3,mixed_ventilation_only,MEDIUM,0
CMC,2021,5,0,0,0,,,,,9.8,,,11.0,7.0,17.0,19.0,80.2,mixed_ventilation_only,MEDIUM,0
CMC,2021,6,2,1,3,,,,,4.0,,,10.0,5.0,11.0,22.0,79.9,mixed_ventilation_only,MEDIUM,0
CMC,2021,7,0,0,1,189.92,0.45,,7.0,9.0,18851986.16,210272742.0,12.0,9.0,4.0,21.0,79.1,mixed_ventilation_only,MEDIUM,0
CMC,2021,8,0,0,0,122.7,0.11,,9.0,9.6,19259324.26,210262420.0,13.0,10.0,4.0,21.0,80.9,mixed_ventilation_only,MEDIUM,0
CMC,2021,9,1,0,2,180.35,0.05,,11.0,8.7,20003578.92,210262420.0,12.0,10.0,4.0,19.0,80.3,mixed_ventilation_only,MEDIUM,0
CMC,2021,10,1,0,3,100.85,0.0,,7.0,16.9,18978706.86,210262420.0,12.0,10.0,4.0,19.0,79.9,mixed_ventilation_only,MEDIUM,0
CMC,2021,11,0,0,0,281.95,0.03,1.0,12.0,12.8,19328339.89,224519294.0,12.0,10.0,4.0,19.0,83.1,mixed_ventilation_only,MEDIUM,0
CMC,2021,12,0,0,0,185.8,0.08,,9.0,11.6,22260397.83,224537714.0,13.0,11.0,7.0,19.0,85.0,mixed_ventilation_only,MEDIUM,0
CMC,2022,1,0,0,0,216.41,21.84,,7.0,8.1,19343718.60000001,225940167.0,15.0,12.0,11.0,23.0,84.3,mixed_ventilation_only,MEDIUM,0
CMC,2022,2,0,0,0,193.7,26.31,1.0,11.0,12.7,20123980.47,227250052.0,16.0,13.0,11.0,23.0,83.8,mixed_ventilation_only,MEDIUM,0
CMC,2022,3,0,0,0,116.05,27.22,,10.0,11.3,18915431.47,226955611.0,17.0,15.0,11.0,23.0,83.8,mixed_ventilation_only,MEDIUM,0
CMC,2022,4,2,0,2,161.0,0.0,,10.0,8.6,19199619.97,237082892.0,17.0,16.0,7.0,22.0,86.8,mixed_ventilation_only,MEDIUM,0
CMC,2022,5,0,0,0,169.65,3.91,,10.0,6.5,19394689.97,237682392.0,17.0,16.0,7.0,22.0,89.5,mixed_ventilation_only,MEDIUM,0
CMC,2022,6,3,0,4,136.8,9.32,1.0,15.0,11.2,20399656.50999999,238084165.0,18.0,17.0,7.0,23.0,90.8,mixed_ventilation_only,MEDIUM,0
CMC,2022,7,0,0,0,189.3,8.83,,7.0,9.0,21146075.94,230732081.0,21.0,18.0,14.0,30.0,89.5,mixed_ventilation_only,MEDIUM,0
CMC,2022,8,0,0,0,138.45,5.18,,11.0,8.7,23227146.789999995,230974636.0,22.0,20.0,11.0,29.0,88.9,mixed_ventilation_only,MEDIUM,0
CMC,2022,9,9,5,9,207.75,0.06,,12.0,17.7,20872967.21,230983982.0,21.0,18.0,11.0,27.0,88.1,mixed_ventilation_only,MEDIUM,0
CMC,2022,10,2,0,2,124.95,0.0,,10.0,12.0,22645114.72,231100052.0,19.0,16.0,7.0,28.0,86.1,mixed_ventilation_only,MEDIUM,0
CMC,2022,11,0,0,0,363.15,0.0,1.0,10.0,11.6,21552843.299999997,253130430.0,21.0,18.0,4.0,30.0,83.3,mixed_ventilation_only,MEDIUM,0
CMC,2022,12,0,0,0,251.4,1.04,,19.0,12.3,25621301.42,253175180.0,19.0,17.0,4.0,27.0,84.7,mixed_ventilation_only,MEDIUM,0
CMC,2023,1,0,0,0,350.15,0.0,,17.0,17.4,20977595.75,257012156.0,21.0,19.0,4.0,28.0,85.3,mixed_ventilation_only,MEDIUM,0
CMC,2023,2,0,0,0,255.15,0.0,1.0,14.0,11.4,21543884.99000001,258357543.0,21.0,19.0,4.0,28.0,88.0,mixed_ventilation_only,MEDIUM,0
CMC,2023,3,0,0,0,245.1,0.0,,14.0,12.4,22355081.620000005,258151833.0,21.0,19.0,7.0,29.0,86.9,mixed_ventilation_only,MEDIUM,0
CMC,2023,4,0,0,0,246.1,0.0,,10.0,11.0,21603514.379999995,268027146.0,21.0,18.0,8.0,29.0,84.8,mixed_ventilation_only,MEDIUM,0
CMC,2023,5,0,0,0,335.8,0.0,,14.0,12.4,21406434.28999999,268269050.0,21.0,18.0,8.0,31.0,82.8,mixed_ventilation_only,MEDIUM,0
CMC,2023,6,0,0,0,265.5,0.0,,10.0,15.6,21296115.25999999,269137691.0,22.0,19.0,12.0,31.0,76.3,mixed_ventilation_only,MEDIUM,0
CMC,2023,7,1,0,2,352.25,0.12,,10.0,14.0,19501935.56,249408857.0,24.0,22.0,12.0,33.0,70.5,mixed_ventilation_only,MEDIUM,0
CMC,2023,8,3,1,3,294.3,0.0,,16.0,11.3,20835413.849999998,249408857.0,26.0,24.0,12.0,33.0,60.9,mixed_ventilation_only,MEDIUM,0
CMC,2023,9,0,0,1,379.9,0.0,,18.0,17.8,19681603.110000007,249457431.0,26.0,22.0,27.0,35.0,55.9,mixed_ventilation_only,MEDIUM,0
CMC,2023,10,3,1,4,959.5,0.0,,8.0,12.9,18313232.869999997,249563810.0,25.0,22.0,24.0,34.0,54.1,mixed_ventilation_only,MEDIUM,0
CMC,2023,11,0,0,0,1870.5,0.0,,7.0,19.0,19319828.099999994,249748300.0,25.0,21.0,24.0,35.0,78.4,mixed_ventilation_only,MEDIUM,0
CMC,2023,12,0,0,0,1508.5,0.0,,11.0,14.4,21553341.83,249991184.0,25.0,20.0,28.0,38.0,81.0,mixed_ventilation_only,MEDIUM,0
CMC,2024,1,0,0,0,866.0,0.0,1.0,11.0,15.7,20173330.090000004,254065596.0,22.0,16.0,22.0,38.0,86.1,mixed_ventilation_only,MEDIUM,0
CMC,2024,2,0,0,0,333.25,0.0,,10.0,14.3,18227873.27000001,255024458.0,23.0,17.0,22.0,36.0,88.8,mixed_ventilation_only,MEDIUM,0
CMC,2024,3,0,0,0,269.25,0.0,,19.0,15.0,20467651.169999987,255032087.0,23.0,17.0,22.0,36.0,90.2,mixed_ventilation_only,MEDIUM,0
CMC,2024,4,0,0,0,274.5,0.0,,19.0,11.2,17855650.860000014,238207139.0,23.0,18.0,22.0,35.0,88.4,mixed_ventilation_only,MEDIUM,0
CMC,2024,5,0,0,0,206.0,0.0,,25.0,11.0,17766761.72999999,238444774.0,23.0,18.0,22.0,35.0,86.4,mixed_ventilation_only,MEDIUM,0
CMC,2024,6,0,0,0,171.5,0.0,,19.0,12.3,18214254.99000001,238453241.0,22.0,15.0,22.0,37.0,84.0,mixed_ventilation_only,MEDIUM,0
CMC,2024,7,0,0,0,84.0,0.0,,9.0,15.4,16313294.69,222624626.0,21.0,15.0,17.0,33.0,81.1,mixed_ventilation_only,MEDIUM,0
CMC,2024,8,0,0,1,40.0,0.0,,13.0,14.5,18836866.200000003,222607223.0,21.0,16.0,13.0,34.0,79.9,mixed_ventilation_only,MEDIUM,0
CMC,2024,9,3,3,4,148.0,0.0,,12.0,13.5,16782585.79,222799308.0,20.0,15.0,13.0,33.0,78.2,mixed_ventilation_only,MEDIUM,0
CMC,2024,10,5,2,6,84.0,0.0,,18.0,9.9,18135187.68,224850995.0,21.0,17.0,17.0,31.0,82.8,mixed_ventilation_only,MEDIUM,0
CMC,2024,11,0,0,0,238.0,0.0,1.0,14.0,14.4,19197902.549999997,225700355.0,19.0,14.0,13.0,31.0,85.6,mixed_ventilation_only,MEDIUM,0
CMC,2024,12,0,0,0,131.0,0.0,,18.0,23.1,17335952.24000001,213827868.0,20.0,14.0,17.0,32.0,85.2,mixed_ventilation_only,MEDIUM,0
CMC,2025,1,0,0,0,164.0,0.0,,5.0,21.7,18243177.86999999,213964576.0,18.0,13.0,13.0,30.0,84.2,mixed_ventilation_only,MEDIUM,0
CMC,2025,2,0,0,0,184.0,0.0,,12.0,20.5,17975121.66000001,214790634.0,18.0,13.0,13.0,30.0,84.4,mixed_ventilation_only,MEDIUM,0
CMC,2025,3,0,0,0,127.0,0.0,,10.0,11.1,17248308.120000005,215207161.0,18.0,14.0,13.0,29.0,83.6,mixed_ventilation_only,MEDIUM,0
CMC,2025,4,0,0,0,90.0,0.0,,59.0,16.4,16116007.389999986,214867933.0,18.0,13.0,13.0,29.0,85.2,mixed_ventilation_only,MEDIUM,0
CMC,2025,5,0,0,0,123.5,1.23,1.0,13.0,11.2,17639663.800000012,214835689.0,18.0,13.0,17.0,29.0,86.2,mixed_ventilation_only,MEDIUM,0
CMC,2025,6,0,0,0,119.3,13.66,,25.0,13.0,17882679.28,215136825.0,19.0,14.0,17.0,30.0,84.5,mixed_ventilation_only,MEDIUM,0
CMC,2025,7,0,0,0,,,,,18.5,,,18.0,11.0,14.0,33.0,82.4,mixed_ventilation_only,MEDIUM,0
CMC,2025,8,1,1,3,,,,,16.4,,,19.0,12.0,14.0,33.0,79.8,mixed_ventilation_only,MEDIUM,0
CMC,2025,9,0,0,0,,,,,17.6,,,19.0,12.0,14.0,34.0,80.4,mixed_ventilation_only,MEDIUM,0
CMC,2025,10,0,0,0,,,,,22.0,,,20.0,13.0,14.0,33.0,80.8,mixed_ventilation_only,MEDIUM,0
CMC,2025,11,0,0,0,,,,,16.1,,,18.0,11.0,18.0,33.0,81.7,mixed_ventilation_only,MEDIUM,0
CMC,2025,12,0,0,0,,,,,13.8,,,17.0,11.0,23.0,28.0,84.2,mixed_ventilation_only,MEDIUM,0
CMF,2016,1,0,0,0,,,,,,,,,,,,107.4,mixed_mechanical,MEDIUM,0
CMF,2016,2,0,0,0,,,,,,,,,,,,107.2,mixed_mechanical,MEDIUM,0
CMF,2016,3,0,0,0,,,,,,,,,,,,110.0,mixed_mechanical,MEDIUM,0
CMF,2016,4,0,0,0,,,,,,,,,,,,110.2,mixed_mechanical,MEDIUM,0
CMF,2016,5,5,2,0,,,,,,,,,,,,109.3,mixed_mechanical,MEDIUM,0
CMF,2016,6,18,10,4,,,,,,,,,,,,109.9,mixed_mechanical,MEDIUM,0
CMF,2016,7,18,12,7,,,,,,,,,,,,109.7,mixed_mechanical,MEDIUM,0
CMF,2016,8,18,6,2,,,,,,,,,,,,107.9,mixed_mechanical,MEDIUM,0
CMF,2016,9,12,6,0,,,,,,,,,,,,107.1,mixed_mechanical,MEDIUM,0
CMF,2016,10,0,0,0,,,,,,,,,,,,107.2,mixed_mechanical,MEDIUM,0
CMF,2016,11,0,0,0,,,,,,,,,,,,105.0,mixed_mechanical,MEDIUM,0
CMF,2016,12,0,0,0,,,,,,,,,,,,105.5,mixed_mechanical,MEDIUM,0
CMF,2017,1,0,0,0,,,,,21.3,,,13.0,13.0,6.0,14.0,104.4,mixed_mechanical,MEDIUM,0
CMF,2017,2,0,0,0,,,,,27.0,,,13.0,13.0,13.0,14.0,107.3,mixed_mechanical,MEDIUM,0
CMF,2017,3,0,0,0,,,,,20.4,,,17.0,19.0,1.0,14.0,108.7,mixed_mechanical,MEDIUM,0
CMF,2017,4,0,0,0,,,,,21.5,,,13.0,14.0,6.0,13.0,107.1,mixed_mechanical,MEDIUM,0
CMF,2017,5,8,2,0,,,,,20.9,,,22.0,24.0,6.0,15.0,106.7,mixed_mechanical,MEDIUM,0
CMF,2017,6,14,8,6,,,,,13.7,,,22.0,24.0,6.0,15.0,105.8,mixed_mechanical,MEDIUM,0
CMF,2017,7,25,15,7,,,,,22.5,,,27.0,31.0,6.0,17.0,106.4,mixed_mechanical,MEDIUM,0
CMF,2017,8,20,10,7,,,,,23.6,,,24.0,27.0,6.0,17.0,107.6,mixed_mechanical,MEDIUM,0
CMF,2017,9,13,5,3,,,,,26.0,,,24.0,27.0,6.0,16.0,107.8,mixed_mechanical,MEDIUM,0
CMF,2017,10,0,0,0,,,,,25.2,,,24.0,27.0,6.0,15.0,108.8,mixed_mechanical,MEDIUM,0
CMF,2017,11,0,0,0,,,,,22.9,,,21.0,23.0,6.0,19.0,108.6,mixed_mechanical,MEDIUM,0
CMF,2017,12,0,0,0,,,,,27.2,,,21.0,23.0,6.0,19.0,107.3,mixed_mechanical,MEDIUM,0
CMF,2018,1,0,0,0,,,,,23.9,,,20.0,21.0,6.0,19.0,104.8,mixed_mechanical,MEDIUM,0
CMF,2018,2,0,0,0,,,,,16.9,,,20.0,22.0,2.0,15.0,101.7,mixed_mechanical,MEDIUM,0
CMF,2018,3,0,0,0,,,,,16.6,,,20.0,21.0,2.0,17.0,99.9,mixed_mechanical,MEDIUM,0
CMF,2018,4,0,0,0,,,,,23.4,,,19.0,21.0,2.0,17.0,100.5,mixed_mechanical,MEDIUM,0
CMF,2018,5,2,2,0,,,,,26.4,,,18.0,19.0,2.0,17.0,103.4,mixed_mechanical,MEDIUM,0
CMF,2018,6,12,8,3,,,,,26.4,,,18.0,20.0,2.0,14.0,104.0,mixed_mechanical,MEDIUM,0
CMF,2018,7,28,20,3,,,,,26.5,,,19.0,20.0,2.0,17.0,102.2,mixed_mechanical,MEDIUM,0
CMF,2018,8,16,10,2,,,,,24.5,,,19.0,20.0,6.0,17.0,101.1,mixed_mechanical,MEDIUM,0
CMF,2018,9,13,2,0,,,,,19.4,,,17.0,19.0,6.0,12.0,100.5,mixed_mechanical,MEDIUM,0
CMF,2018,10,0,0,0,,,,,31.6,,,14.0,15.0,11.0,10.0,100.3,mixed_mechanical,MEDIUM,0
CMF,2018,11,0,0,0,,,,,31.8,,,14.0,14.0,11.0,12.0,99.7,mixed_mechanical,MEDIUM,0
CMF,2018,12,0,0,0,,,,,28.3,,,11.0,10.0,11.0,13.0,99.2,mixed_mechanical,MEDIUM,0
CMF,2019,1,0,0,0,,,,,20.3,,,10.0,9.0,6.0,13.0,98.7,mixed_mechanical,MEDIUM,0
CMF,2019,2,0,0,0,,,,,32.3,,,12.0,10.0,2.0,18.0,98.9,mixed_mechanical,MEDIUM,0
CMF,2019,3,0,0,0,,,,,28.3,,,13.0,12.0,-2.0,18.0,99.5,mixed_mechanical,MEDIUM,0
CMF,2019,4,2,0,0,,,,,23.6,,,13.0,13.0,-2.0,17.0,106.7,mixed_mechanical,MEDIUM,0
CMF,2019,5,0,0,0,,,,,24.3,,,14.0,12.0,-2.0,24.0,108.5,mixed_mechanical,MEDIUM,0
CMF,2019,6,13,8,3,,,,,20.4,,,15.0,12.0,-2.0,25.0,107.5,mixed_mechanical,MEDIUM,0
CMF,2019,7,20,9,3,,,,,28.7,,,16.0,14.0,2.0,26.0,108.3,mixed_mechanical,MEDIUM,0
CMF,2019,8,21,18,4,,,,,21.7,,,16.0,15.0,2.0,24.0,108.9,mixed_mechanical,MEDIUM,0
CMF,2019,9,11,7,0,,,,,24.5,,,16.0,14.0,2.0,24.0,111.2,mixed_mechanical,MEDIUM,0
CMF,2019,10,1,0,0,,,,,21.6,,,15.0,14.0,2.0,20.0,109.6,mixed_mechanical,MEDIUM,0
CMF,2019,11,0,0,0,,,,,22.9,,,15.0,14.0,-2.0,20.0,107.9,mixed_mechanical,MEDIUM,0
CMF,2019,12,0,0,0,,,,,27.8,,,15.0,14.0,-2.0,23.0,108.2,mixed_mechanical,MEDIUM,0
CMF,2020,1,0,0,0,,,,,26.5,,,15.0,14.0,-2.0,23.0,106.2,mixed_mechanical,MEDIUM,0
CMF,2020,2,0,0,0,,,,,25.7,,,15.0,13.0,-2.0,24.0,105.3,mixed_mechanical,MEDIUM,0
CMF,2020,3,0,0,0,,,,,26.5,,,16.0,14.0,2.0,24.0,104.8,mixed_mechanical,MEDIUM,0
CMF,2020,4,2,0,0,,,,,27.3,,,16.0,14.0,2.0,26.0,101.5,mixed_mechanical,MEDIUM,0
CMF,2020,5,7,5,2,,,,,30.5,,,17.0,14.0,2.0,29.0,100.7,mixed_mechanical,MEDIUM,0
CMF,2020,6,18,12,2,,,,,30.7,,,18.0,15.0,11.0,28.0,99.7,mixed_mechanical,MEDIUM,0
CMF,2020,7,26,14,2,,,,,25.7,,,17.0,13.0,11.0,31.0,93.5,mixed_mechanical,MEDIUM,0
CMF,2020,8,26,14,7,,,,,14.1,,,15.0,11.0,11.0,29.0,91.0,mixed_mechanical,MEDIUM,0
CMF,2020,9,16,9,4,,,,,15.4,,,14.0,11.0,6.0,28.0,88.0,mixed_mechanical,MEDIUM,0
CMF,2020,10,14,3,0,,,,,19.0,,,15.0,12.0,6.0,28.0,86.6,mixed_mechanical,MEDIUM,0
CMF,2020,11,0,0,0,,,,,9.9,,,14.0,11.0,6.0,27.0,86.7,mixed_mechanical,MEDIUM,0
CMF,2020,12,0,0,0,,,,,11.5,,,15.0,12.0,11.0,26.0,85.0,mixed_mechanical,MEDIUM,0
CMF,2021,1,0,0,0,,,,,14.8,,,15.0,11.0,11.0,28.0,0.1,mixed_mechanical,MEDIUM,0
CMF,2021,2,0,0,0,,,,,14.1,,,15.0,12.0,11.0,26.0,81.2,mixed_mechanical,MEDIUM,0
CMF,2021,3,0,0,0,,,,,12.6,,,17.0,15.0,11.0,26.0,81.5,mixed_mechanical,MEDIUM,0
CMF,2021,4,1,0,0,,,,,20.6,,,16.0,13.0,15.0,27.0,83.1,mixed_mechanical,MEDIUM,0
CMF,2021,5,8,2,1,,,,,19.6,,,17.0,14.0,15.0,28.0,85.0,mixed_mechanical,MEDIUM,0
CMF,2021,6,17,10,3,,,,,10.9,,,17.0,13.0,19.0,30.0,84.2,mixed_mechanical,MEDIUM,0
CMF,2021,7,26,16,6,294.25,0.0,2.0,23.0,17.5,28868724.83,290237554.0,57.0,55.0,13.0,66.0,86.6,mixed_mechanical,MEDIUM,0
CMF,2021,8,20,17,8,381.25,0.0,,19.0,16.2,6061651.270000003,290249252.0,57.0,55.0,9.0,66.0,87.1,mixed_mechanical,MEDIUM,0
CMF,2021,9,16,12,3,305.51,0.0,,15.0,15.8,18926259.449999996,290249252.0,57.0,55.0,9.0,66.0,86.3,mixed_mechanical,MEDIUM,0
CMF,2021,10,4,0,0,345.19,0.0,2.0,15.0,19.0,18794079.549999997,217636480.0,57.0,55.0,0.0,67.0,86.2,mixed_mechanical,MEDIUM,0
CMF,2021,11,0,0,0,255.25,0.0,,14.0,24.2,20455214.86,232781846.0,57.0,55.0,0.0,67.0,85.8,mixed_mechanical,MEDIUM,0
CMF,2021,12,0,0,0,291.4,3.0,,31.0,13.8,23083933.620000005,232843490.0,58.0,56.0,4.0,68.0,87.7,mixed_mechanical,MEDIUM,0
CMF,2022,1,0,0,0,294.4,31.78,,15.0,17.8,18931032.720000014,234728828.0,58.0,56.0,4.0,69.0,85.2,mixed_mechanical,MEDIUM,0
CMF,2022,2,0,0,0,254.31,28.28,1.0,20.0,22.3,20193833.129999995,235537070.0,56.0,53.0,9.0,68.0,82.7,mixed_mechanical,MEDIUM,0
CMF,2022,3,0,0,0,297.9,15.04,,16.0,21.4,19565180.849999994,234865956.0,54.0,51.0,9.0,69.0,82.4,mixed_mechanical,MEDIUM,0
CMF,2022,4,0,0,0,681.85,0.0,,24.0,24.8,18279937.97,241672483.0,45.0,40.0,13.0,64.0,84.1,mixed_mechanical,MEDIUM,0
CMF,2022,5,6,3,0,485.75,31.41,,25.0,16.1,17628247.610000014,241235958.0,42.0,37.0,5.0,64.0,83.0,mixed_mechanical,MEDIUM,0
CMF,2022,6,17,11,4,483.4,30.22,1.0,21.0,18.6,21170439.25,241557778.0,39.0,33.0,9.0,63.0,82.9,mixed_mechanical,MEDIUM,0
CMF,2022,7,21,14,3,750.45,31.2,,27.0,16.6,18686015.67,234250463.0,39.0,33.0,16.0,63.0,81.4,mixed_mechanical,MEDIUM,0
CMF,2022,8,22,14,4,500.57,30.13,,39.0,25.9,20745495.6,234354484.0,35.0,27.0,9.0,63.0,81.1,mixed_mechanical,MEDIUM,0
CMF,2022,9,15,9,9,421.48,0.0,,30.0,30.3,19255127.209999993,234409595.0,34.0,26.0,9.0,62.0,81.3,mixed_mechanical,MEDIUM,0
CMF,2022,10,7,2,0,481.95,0.0,,15.0,21.6,23097021.380000003,237404609.0,34.0,27.0,7.0,61.0,81.9,mixed_mechanical,MEDIUM,0
CMF,2022,11,0,0,0,380.87,0.0,1.0,22.0,24.7,21038135.489999995,255804287.0,35.0,27.0,20.0,62.0,81.5,mixed_mechanical,MEDIUM,0
CMF,2022,12,0,0,0,423.9,0.0,,25.0,27.4,24975945.440000013,255833137.0,36.0,28.0,20.0,63.0,81.1,mixed_mechanical,MEDIUM,0
CMF,2023,1,0,0,0,373.9,0.0,,26.0,25.8,21320163.989999995,259486124.0,34.0,26.0,20.0,63.0,82.4,mixed_mechanical,MEDIUM,0
CMF,2023,2,0,0,0,440.15,0.0,,18.0,20.8,20717910.909999996,260239303.0,35.0,26.0,20.0,64.0,82.2,mixed_mechanical,MEDIUM,0
CMF,2023,3,0,0,0,521.0,0.0,5.0,14.0,23.0,23197549.96000001,260190162.0,35.0,27.0,20.0,65.0,82.8,mixed_mechanical,MEDIUM,0
CMF,2023,4,1,0,0,483.25,0.0,1.0,15.0,23.1,21004201.71000001,265898962.0,35.0,27.0,16.0,66.0,83.1,mixed_mechanical,MEDIUM,0
CMF,2023,5,4,1,0,433.48,0.0,,22.0,14.0,20910132.679999977,266416419.0,36.0,27.0,16.0,67.0,85.2,mixed_mechanical,MEDIUM,0
CMF,2023,6,3,2,1,430.5,0.0,,20.0,19.2,20304569.99000001,267244399.0,37.0,29.0,16.0,67.0,89.8,mixed_mechanical,MEDIUM,0
CMF,2023,7,24,16,7,444.3,0.0,,18.0,28.4,17968647.91,250531691.0,38.0,29.0,20.0,68.0,93.4,mixed_mechanical,MEDIUM,0
CMF,2023,8,20,13,5,472.5,0.0,1.0,24.0,23.2,19633474.66,250531691.0,38.0,30.0,20.0,68.0,95.1,mixed_mechanical,MEDIUM,0
CMF,2023,9,7,0,0,544.09,0.0,,16.0,23.0,20269458.89,250676888.0,39.0,31.0,20.0,68.0,95.8,mixed_mechanical,MEDIUM,0
CMF,2023,10,6,1,0,1049.25,0.0,,21.0,16.6,20187318.580000006,250775106.0,36.0,28.0,16.0,67.0,95.7,mixed_mechanical,MEDIUM,0
CMF,2023,11,0,0,0,1350.0,0.0,,17.0,21.5,22667122.309999987,251942909.0,37.0,28.0,20.0,67.0,94.4,mixed_mechanical,MEDIUM,0
CMF,2023,12,0,0,0,544.25,0.0,,14.0,21.6,24707380.080000013,251951314.0,35.0,26.0,24.0,68.0,94.6,mixed_mechanical,MEDIUM,0
CMF,2024,1,0,0,0,600.75,0.0,1.0,33.0,17.8,22620352.609999985,257065567.0,36.0,26.0,24.0,69.0,93.9,mixed_mechanical,MEDIUM,0
CMF,2024,2,0,0,0,640.75,0.0,2.0,20.0,14.7,21867367.939999998,257966201.0,36.0,26.0,24.0,69.0,94.3,mixed_mechanical,MEDIUM,0
CMF,2024,3,0,0,0,781.5,0.0,1.0,29.0,12.7,24999242.909999996,258030884.0,35.0,25.0,24.0,68.0,93.1,mixed_mechanical,MEDIUM,0
CMF,2024,4,0,0,0,615.25,0.0,,21.0,23.1,23058043.690000027,269533218.0,34.0,25.0,29.0,67.0,90.6,mixed_mechanical,MEDIUM,0
CMF,2024,5,4,0,0,562.0,0.0,,21.0,13.2,23164837.339999974,269791748.0,34.0,25.0,32.0,66.0,89.2,mixed_mechanical,MEDIUM,0
CMF,2024,6,15,8,2,729.5,0.0,,17.0,12.6,24694594.100000024,269825703.0,34.0,24.0,45.0,66.0,88.5,mixed_mechanical,MEDIUM,0
CMF,2024,7,25,20,14,712.25,0.0,1.0,29.0,14.7,15151702.78,263364147.0,33.0,24.0,45.0,63.0,88.1,mixed_mechanical,MEDIUM,0
CMF,2024,8,20,9,2,565.0,0.0,,36.0,21.2,22054319.909999996,263386774.0,32.0,23.0,40.0,62.0,87.0,mixed_mechanical,MEDIUM,0
CMF,2024,9,13,7,1,677.75,0.0,,27.0,27.3,21354490.78,263509503.0,31.0,22.0,32.0,60.0,89.4,mixed_mechanical,MEDIUM,0
CMF,2024,10,8,8,3,742.75,0.0,1.0,37.0,18.3,21291299.21000001,266962961.0,30.0,22.0,32.0,58.0,86.9,mixed_mechanical,MEDIUM,0
CMF,2024,11,0,0,0,705.25,0.0,,23.0,25.1,22904514.659999996,267660092.0,29.0,22.0,32.0,56.0,86.0,mixed_mechanical,MEDIUM,0
CMF,2024,12,0,0,0,555.25,0.0,,26.0,24.5,24233834.89,259544316.0,30.0,22.0,36.0,55.0,84.1,mixed_mechanical,MEDIUM,0
CMF,2025,1,0,0,0,509.5,0.0,2.0,23.0,22.3,22246033.36999999,260326462.0,28.0,21.0,28.0,53.0,80.6,mixed_mechanical,MEDIUM,0
CMF,2025,2,0,0,0,373.25,0.0,,26.0,25.0,22295574.920000017,260887400.69,27.0,20.0,28.0,53.0,81.5,mixed_mechanical,MEDIUM,0
CMF,2025,3,0,0,0,344.17,0.0,,24.0,19.1,21728308.75,260891344.69,27.0,20.0,32.0,53.0,82.3,mixed_mechanical,MEDIUM,0
CMF,2025,4,0,0,0,361.3,0.0,,34.0,20.6,21464065.28,259455838.69,28.0,21.0,28.0,52.0,84.8,mixed_mechanical,MEDIUM,0
CMF,2025,5,5,2,0,391.8,0.0,,57.0,21.7,22476742.26999998,259532380.69,28.0,21.0,23.0,52.0,87.2,mixed_mechanical,MEDIUM,0
CMF,2025,6,7,2,0,326.9,0.3,1.0,42.0,20.4,24900932.140000015,259800249.69,27.0,20.0,23.0,50.0,89.3,mixed_mechanical,MEDIUM,0
CMF,2025,7,11,4,0,,,,,21.8,,,29.0,21.0,20.0,55.0,90.2,mixed_mechanical,MEDIUM,0
CMF,2025,8,22,12,3,,,,,17.2,,,29.0,21.0,20.0,53.0,90.4,mixed_mechanical,MEDIUM,0
CMF,2025,9,8,4,1,,,,,23.5,,,28.0,21.0,11.0,52.0,92.0,mixed_mechanical,MEDIUM,0
CMF,2025,10,1,0,0,,,,,21.1,,,28.0,22.0,11.0,51.0,92.7,mixed_mechanical,MEDIUM,0
CMF,2025,11,0,0,0,,,,,19.0,,,28.0,22.0,11.0,50.0,92.8,mixed_mechanical,MEDIUM,0
CMF,2025,12,0,0,0,,,,,25.6,,,28.0,22.0,16.0,49.0,94.1,mixed_mechanical,MEDIUM,0
COR,2016,1,0,0,0,,,,,,,,,,,,132.4,evaporative,MAXIMUM,0
COR,2016,2,0,0,0,,,,,,,,,,,,133.2,evaporative,MAXIMUM,0
COR,2016,3,0,0,0,,,,,,,,,,,,130.7,evaporative,MAXIMUM,0
COR,2016,4,3,0,0,,,,,,,,,,,,130.0,evaporative,MAXIMUM,0
COR,2016,5,12,5,0,,,,,,,,,,,,120.4,evaporative,MAXIMUM,0
COR,2016,6,23,20,3,,,,,,,,,,,,116.9,evaporative,MAXIMUM,0
COR,2016,7,30,28,4,,,,,,,,,,,,108.9,evaporative,MAXIMUM,0
COR,2016,8,31,27,0,,,,,,,,,,,,105.1,evaporative,MAXIMUM,0
COR,2016,9,22,16,0,,,,,,,,,,,,104.5,evaporative,MAXIMUM,0
COR,2016,10,1,0,0,,,,,,,,,,,,106.5,evaporative,MAXIMUM,0
COR,2016,11,0,0,0,,,,,,,,,,,,107.4,evaporative,MAXIMUM,0
COR,2016,12,0,0,0,,,,,,,,,,,,108.9,evaporative,MAXIMUM,0
COR,2017,1,0,0,0,,,,,26.9,,,16.0,14.0,3.0,24.0,110.5,evaporative,MAXIMUM,0
COR,2017,2,0,0,0,,,,,32.0,,,18.0,15.0,9.0,29.0,110.9,evaporative,MAXIMUM,0
COR,2017,3,0,0,0,,,,,30.5,,,18.0,16.0,3.0,28.0,107.4,evaporative,MAXIMUM,0
COR,2017,4,0,0,0,,,,,34.0,,,17.0,15.0,3.0,27.0,105.1,evaporative,MAXIMUM,0
COR,2017,5,12,7,0,,,,,34.6,,,18.0,14.0,6.0,30.0,97.2,evaporative,MAXIMUM,0
COR,2017,6,24,21,7,,,,,31.1,,,16.0,12.0,6.0,27.0,99.9,evaporative,MAXIMUM,0
COR,2017,7,31,31,0,,,,,34.5,,,19.0,17.0,3.0,27.0,104.6,evaporative,MAXIMUM,0
COR,2017,8,30,27,3,,,,,25.5,,,17.0,15.0,3.0,26.0,103.9,evaporative,MAXIMUM,0
COR,2017,9,18,10,3,,,,,40.4,,,17.0,15.0,3.0,27.0,102.3,evaporative,MAXIMUM,0
COR,2017,10,0,0,0,,,,,27.7,,,18.0,16.0,3.0,25.0,99.4,evaporative,MAXIMUM,0
COR,2017,11,0,0,0,,,,,36.1,,,14.0,12.0,3.0,23.0,97.6,evaporative,MAXIMUM,0
COR,2017,12,0,0,0,,,,,40.8,,,14.0,12.0,3.0,23.0,95.6,evaporative,MAXIMUM,0
COR,2018,1,0,0,0,,,,,27.0,,,12.0,9.0,3.0,22.0,98.5,evaporative,MAXIMUM,0
COR,2018,2,0,0,0,,,,,25.2,,,12.0,9.0,3.0,24.0,99.9,evaporative,MAXIMUM,0
COR,2018,3,0,0,0,,,,,28.4,,,11.0,7.0,6.0,20.0,101.7,evaporative,MAXIMUM,0
COR,2018,4,4,0,0,,,,,26.8,,,11.0,7.0,6.0,19.0,102.6,evaporative,MAXIMUM,0
COR,2018,5,5,1,0,,,,,28.7,,,9.0,7.0,0.0,17.0,101.2,evaporative,MAXIMUM,0
COR,2018,6,22,18,0,,,,,28.4,,,12.0,8.0,3.0,22.0,102.5,evaporative,MAXIMUM,0
COR,2018,7,31,30,0,,,,,28.7,,,17.0,12.0,6.0,31.0,104.3,evaporative,MAXIMUM,0
COR,2018,8,27,21,0,,,,,21.3,,,17.0,12.0,9.0,31.0,100.7,evaporative,MAXIMUM,0
COR,2018,9,21,15,0,,,,,30.5,,,16.0,10.0,3.0,30.0,102.9,evaporative,MAXIMUM,0
COR,2018,10,0,0,0,,,,,33.5,,,15.0,10.0,0.0,31.0,103.7,evaporative,MAXIMUM,0
COR,2018,11,0,0,0,,,,,33.2,,,15.0,10.0,0.0,29.0,107.1,evaporative,MAXIMUM,0
COR,2018,12,0,0,0,,,,,31.6,,,14.0,8.0,0.0,31.0,104.0,evaporative,MAXIMUM,0
COR,2019,1,0,0,0,,,,,23.6,,,12.0,9.0,0.0,24.0,105.6,evaporative,MAXIMUM,0
COR,2019,2,0,0,0,,,,,20.5,,,12.0,7.0,3.0,28.0,107.4,evaporative,MAXIMUM,0
COR,2019,3,0,0,0,,,,,24.7,,,13.0,8.0,3.0,28.0,107.5,evaporative,MAXIMUM,0
COR,2019,4,3,0,0,,,,,25.4,,,13.0,9.0,6.0,26.0,103.8,evaporative,MAXIMUM,0
COR,2019,5,4,0,0,,,,,23.8,,,14.0,10.0,6.0,26.0,102.4,evaporative,MAXIMUM,0
COR,2019,6,27,19,1,,,,,23.1,,,15.0,11.0,6.0,27.0,102.0,evaporative,MAXIMUM,0
COR,2019,7,31,25,0,,,,,29.2,,,12.0,6.0,6.0,27.0,101.4,evaporative,MAXIMUM,0
COR,2019,8,30,21,0,,,,,25.9,,,16.0,13.0,6.0,26.0,102.1,evaporative,MAXIMUM,0
COR,2019,9,15,12,0,,,,,32.2,,,16.0,13.0,6.0,28.0,103.1,evaporative,MAXIMUM,0
COR,2019,10,0,0,0,,,,,27.6,,,15.0,12.0,3.0,27.0,103.5,evaporative,MAXIMUM,0
COR,2019,11,0,0,0,,,,,20.3,,,15.0,11.0,0.0,29.0,101.0,evaporative,MAXIMUM,0
COR,2019,12,0,0,0,,,,,21.9,,,15.0,11.0,0.0,29.0,100.8,evaporative,MAXIMUM,0
COR,2020,1,0,0,0,,,,,16.8,,,16.0,11.0,9.0,31.0,97.6,evaporative,MAXIMUM,0
COR,2020,2,0,0,0,,,,,19.9,,,14.0,11.0,3.0,26.0,93.5,evaporative,MAXIMUM,0
COR,2020,3,0,0,0,,,,,19.1,,,13.0,11.0,0.0,23.0,90.5,evaporative,MAXIMUM,0
COR,2020,4,2,0,0,,,,,17.0,,,13.0,11.0,9.0,21.0,119.4,evaporative,MAXIMUM,0
COR,2020,5,9,6,0,,,,,27.9,,,13.0,10.0,9.0,24.0,120.1,evaporative,MAXIMUM,0
COR,2020,6,19,13,0,,,,,25.3,,,10.0,7.0,3.0,23.0,114.6,evaporative,MAXIMUM,0
COR,2020,7,31,29,0,,,,,22.1,,,9.0,3.0,3.0,27.0,110.8,evaporative,MAXIMUM,0
COR,2020,8,30,27,1,,,,,11.5,,,9.0,3.0,3.0,30.0,106.4,evaporative,MAXIMUM,0
COR,2020,9,20,8,0,,,,,9.8,,,10.0,4.0,3.0,31.0,103.8,evaporative,MAXIMUM,0
COR,2020,10,7,2,0,,,,,14.1,,,10.0,4.0,3.0,32.0,94.9,evaporative,MAXIMUM,0
COR,2020,11,0,0,0,,,,,12.3,,,9.0,4.0,3.0,29.0,95.3,evaporative,MAXIMUM,0
COR,2020,12,0,0,0,,,,,8.3,,,10.0,4.0,9.0,31.0,93.6,evaporative,MAXIMUM,0
COR,2021,1,0,0,0,,,,,11.6,,,7.0,7.0,9.0,10.0,93.6,evaporative,MAXIMUM,0
COR,2021,2,0,0,0,,,,,11.3,,,10.0,8.0,9.0,18.0,95.1,evaporative,MAXIMUM,0
COR,2021,3,0,0,0,,,,,8.6,,,11.0,9.0,9.0,18.0,96.6,evaporative,MAXIMUM,0
COR,2021,4,2,0,0,,,,,9.8,,,10.0,7.0,6.0,22.0,98.8,evaporative,MAXIMUM,0
COR,2021,5,13,4,0,,,,,11.1,,,11.0,9.0,6.0,22.0,100.6,evaporative,MAXIMUM,0
COR,2021,6,25,20,5,,,,,9.3,,,12.0,10.0,6.0,23.0,104.6,evaporative,MAXIMUM,0
COR,2021,7,31,31,5,63.0,6.91,,16.0,12.1,19920621.73,242493518.0,16.0,12.0,3.0,35.0,104.0,evaporative,MAXIMUM,0
COR,2021,8,29,23,0,43.0,9.61,2.0,18.0,12.5,22059793.49,242877301.0,18.0,13.0,3.0,38.0,108.5,evaporative,MAXIMUM,0
COR,2021,9,21,13,0,36.75,11.22,,32.0,10.1,21998124.060000002,243012950.0,17.0,12.0,3.0,37.0,110.2,evaporative,MAXIMUM,0
COR,2021,10,2,0,0,53.5,12.82,1.0,23.0,13.4,22289089.090000004,243084519.0,15.0,11.0,6.0,35.0,112.1,evaporative,MAXIMUM,0
COR,2021,11,0,0,0,29.0,6.39,,17.0,12.9,23297488.86999999,256965366.0,15.0,11.0,6.0,34.0,116.4,evaporative,MAXIMUM,0
COR,2021,12,0,0,0,51.95,17.18,,37.0,12.6,27154367.37000002,256971006.0,16.0,11.0,10.0,36.0,116.1,evaporative,MAXIMUM,0
COR,2022,1,0,0,0,115.0,25.6,,30.0,16.8,21386187.72999999,259004735.0,18.0,12.0,10.0,38.0,112.3,evaporative,MAXIMUM,0
COR,2022,2,0,0,0,92.0,4.92,,20.0,15.6,22830998.879999995,260375276.0,20.0,14.0,16.0,38.0,110.6,evaporative,MAXIMUM,0
COR,2022,3,0,0,0,64.25,7.96,,26.0,15.9,23344002.180000007,260118388.0,19.0,14.0,16.0,38.0,109.9,evaporative,MAXIMUM,0
COR,2022,4,2,0,0,104.62,2.82,2.0,37.0,18.4,20430851.199999988,277676868.0,20.0,14.0,19.0,37.0,109.8,evaporative,MAXIMUM,0
COR,2022,5,9,3,0,69.92,11.78,,42.0,15.9,21276315.200000018,277890269.0,20.0,15.0,22.0,37.0,110.4,evaporative,MAXIMUM,0
COR,2022,6,22,14,0,75.68,2.46,,62.0,8.6,22708634.25999999,278138547.0,20.0,15.0,19.0,38.0,110.0,evaporative,MAXIMUM,0
COR,2022,7,28,25,1,371.5,14.42,2.0,35.0,17.0,22678793.29,264855455.0,21.0,16.0,12.0,41.0,110.4,evaporative,MAXIMUM,0
COR,2022,8,31,28,0,193.58,7.81,1.0,39.0,24.0,25124978.67,265102142.0,23.0,19.0,13.0,41.0,109.0,evaporative,MAXIMUM,0
COR,2022,9,19,14,4,98.96,3.95,,33.0,26.2,23574066.830000006,265369823.0,24.0,18.0,19.0,41.0,108.5,evaporative,MAXIMUM,0
COR,2022,10,12,3,0,209.55,3.13,1.0,45.0,27.7,26775185.659999996,265396120.0,22.0,17.0,9.0,41.0,105.5,evaporative,MAXIMUM,0
COR,2022,11,0,0,0,111.5,4.08,1.0,44.0,23.9,24556230.25,286944917.0,22.0,17.0,9.0,41.0,103.7,evaporative,MAXIMUM,0
COR,2022,12,0,0,0,173.3,3.23,,62.0,24.2,29450180.83999999,286948292.0,21.0,17.0,6.0,39.0,107.5,evaporative,MAXIMUM,0
COR,2023,1,0,0,0,173.5,3.63,,73.0,26.5,25054952.01000002,291381169.0,22.0,18.0,3.0,40.0,110.5,evaporative,MAXIMUM,0
COR,2023,2,0,0,0,144.0,2.17,,51.0,20.8,24575835.429999977,292810642.0,24.0,20.0,3.0,42.0,109.9,evaporative,MAXIMUM,0
COR,2023,3,0,0,0,155.0,2.37,,59.0,19.0,26518029.78,293115141.0,23.0,19.0,3.0,44.0,109.3,evaporative,MAXIMUM,0
COR,2023,4,3,0,0,206.75,2.46,,67.0,12.7,23844258.060000002,304633300.0,23.0,18.0,3.0,44.0,107.4,evaporative,MAXIMUM,0
COR,2023,5,10,6,0,195.6,2.7,,43.0,15.5,24555726.180000007,304819387.0,23.0,19.0,3.0,41.0,105.4,evaporative,MAXIMUM,0
COR,2023,6,11,4,0,236.9,3.27,2.0,34.0,23.5,23477150.639999986,304974552.0,21.0,17.0,0.0,41.0,107.0,evaporative,MAXIMUM,0
COR,2023,7,30,26,7,184.3,4.87,,51.0,26.6,22815751.65,286322630.0,21.0,17.0,0.0,42.0,110.7,evaporative,MAXIMUM,0
COR,2023,8,27,21,0,66.3,1.37,,57.0,21.2,25400412.490000002,286322630.0,24.0,20.0,0.0,43.0,113.2,evaporative,MAXIMUM,0
COR,2023,9,12,4,0,137.75,0.0,,56.0,24.6,24292066.22,287045867.0,24.0,20.0,0.0,44.0,112.1,evaporative,MAXIMUM,0
COR,2023,10,5,2,0,774.75,1.62,,49.0,27.5,26127312.570000008,287318523.0,24.0,19.0,3.0,45.0,112.5,evaporative,MAXIMUM,0
COR,2023,11,0,0,0,502.0,0.72,,53.0,29.4,25852221.639999986,289003047.0,24.0,19.0,0.0,47.0,111.7,evaporative,MAXIMUM,0
COR,2023,12,0,0,0,558.0,0.42,1.0,62.0,27.9,30478717.920000017,289029857.0,25.0,20.0,0.0,47.0,111.2,evaporative,MAXIMUM,0
COR,2024,1,0,0,0,495.75,0.03,,46.0,28.1,27167800.399999976,292149866.0,24.0,19.0,0.0,46.0,110.8,evaporative,MAXIMUM,0
COR,2024,2,0,0,0,409.5,0.0,,50.0,19.0,27137314.910000026,293762669.0,23.0,17.0,0.0,46.0,110.5,evaporative,MAXIMUM,0
COR,2024,3,0,0,0,703.0,0.0,,62.0,24.2,29517975.310000002,293776495.0,22.0,17.0,0.0,45.0,83.5,evaporative,MAXIMUM,0
COR,2024,4,0,0,0,566.0,0.0,1.0,29.0,26.9,25694226.28999999,316042120.0,20.0,15.0,-3.0,42.0,80.0,evaporative,MAXIMUM,0
COR,2024,5,11,1,0,442.5,1.54,,43.0,25.9,25343408.140000015,316669563.0,20.0,15.0,0.0,42.0,81.9,evaporative,MAXIMUM,0
COR,2024,6,27,18,1,385.25,3.37,,27.0,25.7,24316353.430000007,316717278.0,15.0,11.0,3.0,35.0,80.6,evaporative,MAXIMUM,0
COR,2024,7,31,30,10,756.5,3.38,,33.0,27.0,26119595.22,302822592.0,14.0,11.0,3.0,31.0,80.1,evaporative,MAXIMUM,0
COR,2024,8,28,21,1,549.0,0.0,,50.0,21.9,23641293.380000003,302847851.0,16.0,12.0,3.0,36.0,80.2,evaporative,MAXIMUM,0
COR,2024,9,20,11,0,551.75,0.0,,37.0,35.7,24279348.910000004,303389711.0,16.0,12.0,6.0,36.0,111.5,evaporative,MAXIMUM,0
COR,2024,10,9,7,0,509.75,0.0,,42.0,22.2,23778676.199999988,303993058.0,18.0,13.0,13.0,36.0,119.1,evaporative,MAXIMUM,0
COR,2024,11,0,0,0,564.0,0.0,,35.0,24.8,26568288.5,304929052.0,18.0,14.0,16.0,36.0,123.4,evaporative,MAXIMUM,0
COR,2024,12,0,0,0,90.75,0.0,1.0,33.0,31.8,24888674.13000001,285279697.0,19.0,14.0,10.0,38.0,120.8,evaporative,MAXIMUM,0
COR,2025,1,0,0,0,60.75,3.45,,34.0,26.9,23927971.549999982,285486734.0,19.0,14.0,7.0,42.0,85.5,evaporative,MAXIMUM,0
COR,2025,2,0,0,0,83.0,0.0,,39.0,28.2,22360710.360000014,286536027.69,18.0,13.0,7.0,42.0,84.5,evaporative,MAXIMUM,0
COR,2025,3,0,0,0,65.0,1.23,1.0,55.0,28.7,24581375.099999994,287164973.69,20.0,14.0,7.0,42.0,84.1,evaporative,MAXIMUM,0
COR,2025,4,0,0,0,45.3,2.45,1.0,94.0,39.5,24989058.129999995,294080315.69,21.0,16.0,7.0,41.0,85.0,evaporative,MAXIMUM,0
COR,2025,5,9,4,0,80.3,0.0,1.0,63.0,39.8,22823061.340000004,294193471.69,17.0,12.0,10.0,38.0,84.3,evaporative,MAXIMUM,0
COR,2025,6,26,17,0,103.8,4.37,,64.0,30.9,24338152.150000036,294340931.69,18.0,12.0,10.0,39.0,83.1,evaporative,MAXIMUM,0
COR,2025,7,28,21,0,,,,,42.0,,,18.0,10.0,13.0,45.0,82.5,evaporative,MAXIMUM,0
COR,2025,8,31,27,0,,,,,35.3,,,19.0,11.0,13.0,44.0,82.9,evaporative,MAXIMUM,0
COR,2025,9,16,8,0,,,,,42.9,,,18.0,10.0,16.0,42.0,84.0,evaporative,MAXIMUM,0
COR,2025,10,1,0,0,,,,,43.5,,,19.0,11.0,13.0,42.0,86.9,evaporative,MAXIMUM,0
COR,2025,11,0,0,0,,,,,37.4,,,18.0,10.0,13.0,42.0,85.1,evaporative,MAXIMUM,0
COR,2025,12,0,0,0,,,,,20.2,,,19.0,12.0,13.0,41.0,85.3,evaporative,MAXIMUM,0
CRC,2016,1,0,0,0,,,,,,,,,,,,115.9,mixed_ventilation_only,MEDIUM,0
CRC,2016,2,0,0,0,,,,,,,,,,,,120.7,mixed_ventilation_only,MEDIUM,0
CRC,2016,3,0,0,0,,,,,,,,,,,,124.4,mixed_ventilation_only,MEDIUM,0
CRC,2016,4,6,1,0,,,,,,,,,,,,124.4,mixed_ventilation_only,MEDIUM,0
CRC,2016,5,2,0,0,,,,,,,,,,,,125.9,mixed_ventilation_only,MEDIUM,0
CRC,2016,6,16,11,3,,,,,,,,,,,,127.1,mixed_ventilation_only,MEDIUM,0
CRC,2016,7,23,13,8,,,,,,,,,,,,127.9,mixed_ventilation_only,MEDIUM,0
CRC,2016,8,24,9,3,,,,,,,,,,,,122.6,mixed_ventilation_only,MEDIUM,0
CRC,2016,9,14,7,2,,,,,,,,,,,,117.3,mixed_ventilation_only,MEDIUM,0
CRC,2016,10,9,3,0,,,,,,,,,,,,113.9,mixed_ventilation_only,MEDIUM,0
CRC,2016,11,3,0,0,,,,,,,,,,,,111.2,mixed_ventilation_only,MEDIUM,0
CRC,2016,12,0,0,0,,,,,,,,,,,,108.9,mixed_ventilation_only,MEDIUM,0
CRC,2017,1,0,0,0,,,,,8.8,,,11.0,12.0,4.0,15.0,108.6,mixed_ventilation_only,MEDIUM,0
CRC,2017,2,0,0,0,,,,,5.6,,,12.0,11.0,13.0,15.0,109.6,mixed_ventilation_only,MEDIUM,0
CRC,2017,3,1,0,0,,,,,7.2,,,11.0,11.0,4.0,15.0,109.3,mixed_ventilation_only,MEDIUM,0
CRC,2017,4,2,1,0,,,,,6.9,,,11.0,12.0,4.0,15.0,108.7,mixed_ventilation_only,MEDIUM,0
CRC,2017,5,9,2,0,,,,,9.2,,,14.0,14.0,11.0,17.0,106.3,mixed_ventilation_only,MEDIUM,0
CRC,2017,6,17,10,4,,,,,8.3,,,14.0,14.0,11.0,15.0,106.7,mixed_ventilation_only,MEDIUM,0
CRC,2017,7,29,11,4,,,,,13.4,,,12.0,12.0,4.0,15.0,106.1,mixed_ventilation_only,MEDIUM,0
CRC,2017,8,20,14,6,,,,,10.7,,,12.0,12.0,4.0,19.0,106.0,mixed_ventilation_only,MEDIUM,0
CRC,2017,9,14,7,2,,,,,10.1,,,11.0,10.0,4.0,17.0,106.3,mixed_ventilation_only,MEDIUM,0
CRC,2017,10,12,8,2,,,,,16.4,,,10.0,9.0,7.0,15.0,103.4,mixed_ventilation_only,MEDIUM,0
CRC,2017,11,3,0,0,,,,,9.7,,,13.0,12.0,14.0,16.0,104.0,mixed_ventilation_only,MEDIUM,0
CRC,2017,12,0,0,0,,,,,8.6,,,12.0,11.0,14.0,16.0,103.2,mixed_ventilation_only,MEDIUM,0
CRC,2018,1,0,0,0,,,,,8.2,,,12.0,10.0,11.0,18.0,102.2,mixed_ventilation_only,MEDIUM,0
CRC,2018,2,0,0,0,,,,,12.1,,,7.0,7.0,4.0,9.0,100.4,mixed_ventilation_only,MEDIUM,0
CRC,2018,3,0,0,0,,,,,9.1,,,6.0,5.0,4.0,11.0,100.0,mixed_ventilation_only,MEDIUM,0
CRC,2018,4,2,1,0,,,,,12.7,,,6.0,6.0,7.0,9.0,98.3,mixed_ventilation_only,MEDIUM,0
CRC,2018,5,3,1,0,,,,,10.9,,,5.0,5.0,0.0,7.0,95.9,mixed_ventilation_only,MEDIUM,0
CRC,2018,6,12,1,0,,,,,7.2,,,7.0,8.0,0.0,7.0,96.7,mixed_ventilation_only,MEDIUM,0
CRC,2018,7,28,23,9,,,,,11.9,,,5.0,7.0,0.0,2.0,97.4,mixed_ventilation_only,MEDIUM,0
CRC,2018,8,26,10,4,,,,,12.1,,,8.0,9.0,0.0,9.0,100.0,mixed_ventilation_only,MEDIUM,0
CRC,2018,9,14,6,1,,,,,16.6,,,6.0,6.0,0.0,14.0,100.1,mixed_ventilation_only,MEDIUM,0
CRC,2018,10,3,0,0,,,,,11.9,,,6.0,6.0,0.0,11.0,84.8,mixed_ventilation_only,MEDIUM,0
CRC,2018,11,0,0,0,,,,,14.6,,,6.0,6.0,0.0,9.0,90.0,mixed_ventilation_only,MEDIUM,0
CRC,2018,12,0,0,0,,,,,12.8,,,6.0,6.0,8.0,9.0,96.0,mixed_ventilation_only,MEDIUM,0
CRC,2019,1,0,0,0,,,,,13.0,,,9.0,6.0,8.0,20.0,92.9,mixed_ventilation_only,MEDIUM,0
CRC,2019,2,0,0,0,,,,,12.7,,,11.0,9.0,8.0,21.0,98.2,mixed_ventilation_only,MEDIUM,0
CRC,2019,3,0,0,0,,,,,11.9,,,10.0,9.0,0.0,21.0,105.1,mixed_ventilation_only,MEDIUM,0
CRC,2019,4,0,0,0,,,,,9.0,,,11.0,10.0,0.0,19.0,110.5,mixed_ventilation_only,MEDIUM,0
CRC,2019,5,0,0,0,,,,,10.3,,,9.0,8.0,0.0,19.0,116.0,mixed_ventilation_only,MEDIUM,0
CRC,2019,6,6,3,2,,,,,8.9,,,10.0,9.0,4.0,16.0,117.7,mixed_ventilation_only,MEDIUM,0
CRC,2019,7,20,9,2,,,,,9.5,,,14.0,13.0,4.0,22.0,118.7,mixed_ventilation_only,MEDIUM,0
CRC,2019,8,25,15,1,,,,,11.6,,,12.0,11.0,4.0,20.0,122.6,mixed_ventilation_only,MEDIUM,0
CRC,2019,9,15,11,3,,,,,11.7,,,14.0,16.0,4.0,14.0,131.8,mixed_ventilation_only,MEDIUM,0
CRC,2019,10,10,2,0,,,,,12.2,,,11.0,13.0,0.0,9.0,139.7,mixed_ventilation_only,MEDIUM,0
CRC,2019,11,4,0,0,,,,,10.1,,,7.0,7.0,0.0,12.0,142.1,mixed_ventilation_only,MEDIUM,0
CRC,2019,12,0,0,0,,,,,12.7,,,7.0,7.0,0.0,8.0,143.4,mixed_ventilation_only,MEDIUM,0
CRC,2020,1,0,0,0,,,,,16.1,,,6.0,7.0,0.0,6.0,153.0,mixed_ventilation_only,MEDIUM,0
CRC,2020,2,0,0,0,,,,,14.0,,,10.0,9.0,8.0,13.0,158.0,mixed_ventilation_only,MEDIUM,0
CRC,2020,3,0,0,0,,,,,7.3,,,10.0,9.0,11.0,13.0,161.2,mixed_ventilation_only,MEDIUM,0
CRC,2020,4,5,1,0,,,,,14.1,,,6.0,5.0,4.0,10.0,134.1,mixed_ventilation_only,MEDIUM,0
CRC,2020,5,8,4,0,,,,,13.8,,,6.0,4.0,4.0,12.0,130.6,mixed_ventilation_only,MEDIUM,0
CRC,2020,6,8,4,2,,,,,11.3,,,5.0,4.0,4.0,10.0,124.3,mixed_ventilation_only,MEDIUM,0
CRC,2020,7,22,7,4,,,,,11.6,,,5.0,5.0,0.0,8.0,113.9,mixed_ventilation_only,MEDIUM,0
CRC,2020,8,24,15,4,,,,,12.5,,,5.0,5.0,0.0,9.0,103.9,mixed_ventilation_only,MEDIUM,0
CRC,2020,9,21,10,4,,,,,8.5,,,5.0,6.0,0.0,5.0,95.1,mixed_ventilation_only,MEDIUM,0
CRC,2020,10,13,10,2,,,,,11.8,,,6.0,4.0,0.0,19.0,90.7,mixed_ventilation_only,MEDIUM,0
CRC,2020,11,3,0,0,,,,,11.5,,,7.0,5.0,0.0,19.0,86.3,mixed_ventilation_only,MEDIUM,0
CRC,2020,12,0,0,0,,,,,17.6,,,7.0,5.0,0.0,19.0,82.9,mixed_ventilation_only,MEDIUM,0
CRC,2021,1,0,0,0,,,,,15.9,,,1.0,5.0,0.0,-19.0,79.3,mixed_ventilation_only,MEDIUM,0
CRC,2021,2,0,0,0,,,,,17.9,,,4.0,6.0,0.0,2.0,75.5,mixed_ventilation_only,MEDIUM,0
CRC,2021,3,0,0,0,,,,,10.6,,,4.0,5.0,0.0,2.0,72.8,mixed_ventilation_only,MEDIUM,0
CRC,2021,4,2,0,0,,,,,11.0,,,1.0,-3.0,4.0,14.0,76.1,mixed_ventilation_only,MEDIUM,0
CRC,2021,5,2,0,0,,,,,12.0,,,3.0,1.0,4.0,14.0,81.6,mixed_ventilation_only,MEDIUM,0
CRC,2021,6,10,3,1,,,,,6.3,,,4.0,2.0,7.0,11.0,89.9,mixed_ventilation_only,MEDIUM,0
CRC,2021,7,24,4,0,55.25,0.69,,10.0,12.5,13825841.16,180742405.0,2.0,1.0,4.0,3.0,100.6,mixed_ventilation_only,MEDIUM,0
CRC,2021,8,20,12,1,79.7,1.53,,8.0,5.9,15744319.16,181046571.0,3.0,1.0,4.0,14.0,106.4,mixed_ventilation_only,MEDIUM,0
CRC,2021,9,14,8,2,70.15,1.92,,7.0,14.2,16904794.909999996,181046571.0,5.0,3.0,4.0,17.0,112.2,mixed_ventilation_only,MEDIUM,0
CRC,2021,10,7,3,0,83.0,4.06,,8.0,11.5,16119051.340000004,181046571.0,7.0,4.0,11.0,14.0,117.1,mixed_ventilation_only,MEDIUM,0
CRC,2021,11,3,0,0,103.75,2.44,,15.0,7.9,17830519.9,193366562.0,5.0,5.0,4.0,7.0,116.3,mixed_ventilation_only,MEDIUM,0
CRC,2021,12,0,0,0,94.15,4.05,,2.0,12.6,19542263.799999997,193366562.0,9.0,10.0,7.0,7.0,113.0,mixed_ventilation_only,MEDIUM,0
CRC,2022,1,0,0,0,88.05,31.12,,1.0,10.4,16067867.930000007,195426776.0,20.0,16.0,7.0,40.0,105.8,mixed_ventilation_only,MEDIUM,0
CRC,2022,2,0,0,0,85.0,23.17,,6.0,17.8,18015920.47,196351349.0,21.0,14.0,15.0,44.0,100.2,mixed_ventilation_only,MEDIUM,0
CRC,2022,3,0,0,0,56.0,2.34,,4.0,16.1,16776702.950000003,196242524.0,13.0,10.0,15.0,19.0,96.5,mixed_ventilation_only,MEDIUM,0
CRC,2022,4,3,2,0,61.0,0.13,,5.0,12.9,16411945.889999986,199813525.0,16.0,13.0,22.0,22.0,97.0,mixed_ventilation_only,MEDIUM,0
CRC,2022,5,2,1,0,98.05,0.03,,2.0,13.4,15809307.810000002,201756593.0,13.0,13.0,4.0,15.0,94.6,mixed_ventilation_only,MEDIUM,0
CRC,2022,6,16,8,1,82.0,10.94,,6.0,7.9,17424831.450000018,201951821.0,11.0,13.0,4.0,11.0,96.2,mixed_ventilation_only,MEDIUM,0
CRC,2022,7,18,2,0,93.0,8.04,,5.0,8.6,16117311.15,198853623.0,7.0,10.0,8.0,-5.0,97.6,mixed_ventilation_only,MEDIUM,0
CRC,2022,8,25,13,1,93.0,6.85,,8.0,15.5,19143394.42,199107971.0,8.0,12.0,0.0,0.0,102.9,mixed_ventilation_only,MEDIUM,0
CRC,2022,9,18,14,8,87.0,3.43,,8.0,17.7,17792291.049999997,199120082.0,11.0,13.0,0.0,7.0,110.6,mixed_ventilation_only,MEDIUM,0
CRC,2022,10,3,0,0,86.0,1.15,,3.0,12.6,19109734.54,199654869.0,11.0,13.0,8.0,7.0,110.8,mixed_ventilation_only,MEDIUM,0
CRC,2022,11,0,0,0,169.0,1.46,,4.0,6.4,18335548.47,219463351.0,14.0,15.0,8.0,12.0,127.1,mixed_ventilation_only,MEDIUM,0
CRC,2022,12,0,0,0,129.0,16.5,,11.0,13.0,21633123.260000005,219469696.0,12.0,12.0,12.0,12.0,118.0,mixed_ventilation_only,MEDIUM,0
CRC,2023,1,0,0,0,172.0,13.04,,12.0,11.7,19479082.5,222674328.0,14.0,16.0,8.0,12.0,127.3,mixed_ventilation_only,MEDIUM,0
CRC,2023,2,0,0,0,128.0,4.68,,10.0,10.9,18148728.059999987,223848154.0,18.0,16.0,0.0,33.0,122.7,mixed_ventilation_only,MEDIUM,0
CRC,2023,3,0,0,0,78.6,13.11,,6.0,16.1,19339947.189999998,223709213.0,18.0,16.0,0.0,33.0,123.2,mixed_ventilation_only,MEDIUM,0
CRC,2023,4,0,0,0,103.0,2.03,,6.0,13.0,18018826.440000027,230441878.0,19.0,19.0,4.0,24.0,160.0,mixed_ventilation_only,MEDIUM,0
CRC,2023,5,0,0,0,138.3,0.0,1.0,11.0,6.2,17885497.78999999,231393449.0,18.0,18.0,4.0,24.0,166.1,mixed_ventilation_only,MEDIUM,0
CRC,2023,6,1,0,0,100.0,14.26,,16.0,13.6,18310555.03,231512177.0,18.0,19.0,4.0,20.0,172.7,mixed_ventilation_only,MEDIUM,0
CRC,2023,7,24,12,0,101.0,1.99,,8.0,16.9,16613314.96,213267407.0,20.0,21.0,8.0,19.0,161.7,mixed_ventilation_only,MEDIUM,0
CRC,2023,8,20,9,3,80.05,1.2,1.0,9.0,18.0,17257260.839999996,213269118.0,17.0,19.0,4.0,15.0,155.9,mixed_ventilation_only,MEDIUM,0
CRC,2023,9,5,3,0,111.85,0.0,,9.0,15.1,17097428.260000005,213297341.0,14.0,15.0,4.0,13.0,157.5,mixed_ventilation_only,MEDIUM,0
CRC,2023,10,10,4,0,1077.75,0.12,,11.0,15.7,16229383.219999999,213416164.0,15.0,16.0,4.0,17.0,160.2,mixed_ventilation_only,MEDIUM,0
CRC,2023,11,0,0,0,334.5,0.0,,11.0,15.4,18267658.510000005,214581910.0,16.0,16.0,8.0,17.0,164.1,mixed_ventilation_only,MEDIUM,0
CRC,2023,12,0,0,0,26.0,0.0,,8.0,16.4,20588353.83,214505875.0,17.0,18.0,8.0,17.0,165.6,mixed_ventilation_only,MEDIUM,0
CRC,2024,1,0,0,0,23.0,0.0,1.0,15.0,19.4,18721381.489999995,216700441.0,16.0,18.0,8.0,16.0,171.7,mixed_ventilation_only,MEDIUM,0
CRC,2024,2,0,0,0,10.0,2.58,1.0,12.0,15.0,19752755.519999996,218149398.0,17.0,19.0,4.0,18.0,175.1,mixed_ventilation_only,MEDIUM,0
CRC,2024,3,0,0,0,0.0,0.0,,8.0,16.0,18839323.200000018,218163494.0,16.0,17.0,8.0,16.0,169.6,mixed_ventilation_only,MEDIUM,0
CRC,2024,4,0,0,0,10.0,0.0,,12.0,18.7,18300729.659999996,218586572.0,16.0,18.0,8.0,16.0,163.9,mixed_ventilation_only,MEDIUM,0
CRC,2024,5,0,0,0,17.0,0.0,,10.0,17.4,16987232.870000005,218491287.0,12.0,11.0,12.0,14.0,159.2,mixed_ventilation_only,MEDIUM,0
CRC,2024,6,10,4,0,20.0,0.19,,8.0,12.1,17635863.51999998,218497311.0,16.0,16.0,8.0,22.0,152.3,mixed_ventilation_only,MEDIUM,0
CRC,2024,7,29,12,0,46.0,0.0,,11.0,16.4,15936087.42,215958518.0,16.0,16.0,8.0,20.0,152.7,mixed_ventilation_only,MEDIUM,0
CRC,2024,8,23,11,4,30.0,0.0,,7.0,16.0,17004781.450000003,215981898.0,16.0,16.0,12.0,19.0,153.2,mixed_ventilation_only,MEDIUM,0
CRC,2024,9,12,10,6,17.0,0.0,,24.0,14.3,16703722.629999999,216147760.0,17.0,16.0,15.0,21.0,162.8,mixed_ventilation_only,MEDIUM,0
CRC,2024,10,12,6,0,22.0,0.0,,15.0,21.0,16732930.57,216132094.0,20.0,21.0,12.0,21.0,166.8,mixed_ventilation_only,MEDIUM,0
CRC,2024,11,0,0,0,71.0,0.72,,9.0,22.4,18178671.479999997,217131738.0,20.0,20.0,12.0,25.0,165.8,mixed_ventilation_only,MEDIUM,0
CRC,2024,12,0,0,0,66.0,0.57,,7.0,19.4,17499376.0,207686771.0,21.0,21.0,12.0,23.0,162.6,mixed_ventilation_only,MEDIUM,0
CRC,2025,1,0,0,0,71.0,0.82,,7.0,14.1,17098460.299999997,207750944.0,21.0,22.0,12.0,23.0,150.2,mixed_ventilation_only,MEDIUM,0
CRC,2025,2,1,0,0,42.0,1.78,,9.0,17.9,17121846.75,208816345.69,17.0,20.0,4.0,11.0,151.3,mixed_ventilation_only,MEDIUM,0
CRC,2025,3,1,0,0,54.5,0.0,,15.0,17.5,17015099.5,209357016.69,13.0,15.0,4.0,8.0,148.1,mixed_ventilation_only,MEDIUM,0
CRC,2025,4,0,0,0,10.0,0.0,,15.0,14.4,17820148.409999996,207936475.69,12.0,14.0,4.0,10.0,151.6,mixed_ventilation_only,MEDIUM,0
CRC,2025,5,7,3,1,33.0,0.0,,16.0,14.0,16707599.74000001,208223968.69,11.0,13.0,0.0,12.0,150.6,mixed_ventilation_only,MEDIUM,0
CRC,2025,6,8,1,0,53.0,0.0,,14.0,9.3,17132336.699999988,208321590.69,9.0,10.0,4.0,6.0,150.1,mixed_ventilation_only,MEDIUM,0
CRC,2025,7,6,1,0,,,,,18.3,,,10.0,10.0,8.0,8.0,153.4,mixed_ventilation_only,MEDIUM,0
CRC,2025,8,24,12,1,,,,,10.8,,,9.0,8.0,8.0,8.0,143.2,mixed_ventilation_only,MEDIUM,0
CRC,2025,9,13,7,0,,,,,16.2,,,10.0,9.0,8.0,10.0,118.2,mixed_ventilation_only,MEDIUM,0
CRC,2025,10,4,1,0,,,,,16.3,,,11.0,11.0,8.0,10.0,89.6,mixed_ventilation_only,MEDIUM,0
CRC,2025,11,2,0,0,,,,,17.0,,,13.0,14.0,8.0,10.0,73.3,mixed_ventilation_only,MEDIUM,0
CRC,2025,12,0,0,0,,,,,16.3,,,64.0,61.0,35.0,87.0,54.8,mixed_ventilation_only,MEDIUM,0
CTF,2016,1,0,0,0,,,,,,,,,,,,154.0,mixed_ventilation_only,MEDIUM,0
CTF,2016,2,0,0,0,,,,,,,,,,,,152.5,mixed_ventilation_only,MEDIUM,0
CTF,2016,3,0,0,0,,,,,,,,,,,,154.5,mixed_ventilation_only,MEDIUM,0
CTF,2016,4,1,0,3,,,,,,,,,,,,155.3,mixed_ventilation_only,MEDIUM,0
CTF,2016,5,0,0,0,,,,,,,,,,,,154.9,mixed_ventilation_only,MEDIUM,0
CTF,2016,6,1,0,2,,,,,,,,,,,,152.9,mixed_ventilation_only,MEDIUM,0
CTF,2016,7,0,0,0,,,,,,,,,,,,153.5,mixed_ventilation_only,MEDIUM,0
CTF,2016,8,0,0,0,,,,,,,,,,,,156.1,mixed_ventilation_only,MEDIUM,0
CTF,2016,9,5,1,5,,,,,,,,,,,,156.4,mixed_ventilation_only,MEDIUM,0
CTF,2016,10,1,0,2,,,,,,,,,,,,159.9,mixed_ventilation_only,MEDIUM,0
CTF,2016,11,0,0,0,,,,,,,,,,,,163.7,mixed_ventilation_only,MEDIUM,0
CTF,2016,12,0,0,0,,,,,,,,,,,,161.6,mixed_ventilation_only,MEDIUM,0
CTF,2017,1,0,0,0,,,,,4.0,,,14.0,13.0,9.0,24.0,160.1,mixed_ventilation_only,MEDIUM,0
CTF,2017,2,0,0,0,,,,,5.8,,,15.0,14.0,14.0,22.0,159.0,mixed_ventilation_only,MEDIUM,0
CTF,2017,3,0,0,0,,,,,5.1,,,16.0,17.0,6.0,22.0,157.5,mixed_ventilation_only,MEDIUM,0
CTF,2017,4,0,0,0,,,,,6.3,,,17.0,18.0,6.0,20.0,154.8,mixed_ventilation_only,MEDIUM,0
CTF,2017,5,3,0,5,,,,,8.9,,,15.0,18.0,3.0,18.0,153.4,mixed_ventilation_only,MEDIUM,0
CTF,2017,6,4,0,5,,,,,4.4,,,13.0,14.0,6.0,16.0,153.5,mixed_ventilation_only,MEDIUM,0
CTF,2017,7,3,0,3,,,,,6.3,,,19.0,21.0,11.0,16.0,153.8,mixed_ventilation_only,MEDIUM,0
CTF,2017,8,2,0,4,,,,,7.8,,,17.0,19.0,9.0,14.0,155.0,mixed_ventilation_only,MEDIUM,0
CTF,2017,9,6,2,8,,,,,9.6,,,17.0,20.0,9.0,14.0,152.1,mixed_ventilation_only,MEDIUM,0
CTF,2017,10,7,2,9,,,,,7.6,,,15.0,17.0,9.0,16.0,150.8,mixed_ventilation_only,MEDIUM,0
CTF,2017,11,0,0,1,,,,,5.1,,,15.0,18.0,6.0,12.0,153.1,mixed_ventilation_only,MEDIUM,0
CTF,2017,12,0,0,0,,,,,7.0,,,15.0,18.0,6.0,12.0,154.0,mixed_ventilation_only,MEDIUM,0
CTF,2018,1,0,0,0,,,,,9.6,,,15.0,17.0,11.0,12.0,155.2,mixed_ventilation_only,MEDIUM,0
CTF,2018,2,0,0,0,,,,,7.2,,,14.0,15.0,6.0,14.0,158.1,mixed_ventilation_only,MEDIUM,0
CTF,2018,3,0,0,1,,,,,6.1,,,14.0,15.0,9.0,13.0,161.4,mixed_ventilation_only,MEDIUM,0
CTF,2018,4,0,0,0,,,,,8.6,,,14.0,16.0,6.0,13.0,160.9,mixed_ventilation_only,MEDIUM,0
CTF,2018,5,0,0,1,,,,,8.1,,,13.0,14.0,9.0,14.0,160.4,mixed_ventilation_only,MEDIUM,0
CTF,2018,6,2,0,3,,,,,8.0,,,13.0,13.0,9.0,16.0,161.0,mixed_ventilation_only,MEDIUM,0
CTF,2018,7,2,0,5,,,,,8.0,,,18.0,17.0,11.0,26.0,161.2,mixed_ventilation_only,MEDIUM,0
CTF,2018,8,2,1,6,,,,,8.5,,,18.0,18.0,9.0,24.0,160.5,mixed_ventilation_only,MEDIUM,0
CTF,2018,9,1,0,1,,,,,11.1,,,15.0,15.0,0.0,24.0,159.8,mixed_ventilation_only,MEDIUM,0
CTF,2018,10,0,0,0,,,,,9.0,,,12.0,12.0,6.0,18.0,160.9,mixed_ventilation_only,MEDIUM,0
CTF,2018,11,0,0,0,,,,,11.0,,,12.0,13.0,3.0,14.0,157.0,mixed_ventilation_only,MEDIUM,0
CTF,2018,12,0,0,0,,,,,14.0,,,11.0,12.0,6.0,12.0,154.6,mixed_ventilation_only,MEDIUM,0
CTF,2019,1,0,0,0,,,,,8.1,,,12.0,12.0,6.0,13.0,158.5,mixed_ventilation_only,MEDIUM,0
CTF,2019,2,0,0,0,,,,,10.6,,,11.0,9.0,9.0,18.0,163.8,mixed_ventilation_only,MEDIUM,0
CTF,2019,3,0,0,0,,,,,7.3,,,10.0,8.0,6.0,21.0,164.5,mixed_ventilation_only,MEDIUM,0
CTF,2019,4,0,0,2,,,,,8.9,,,9.0,8.0,3.0,19.0,167.6,mixed_ventilation_only,MEDIUM,0
CTF,2019,5,0,0,0,,,,,5.5,,,8.0,6.0,3.0,18.0,168.2,mixed_ventilation_only,MEDIUM,0
CTF,2019,6,3,3,3,,,,,4.9,,,9.0,7.0,3.0,17.0,165.8,mixed_ventilation_only,MEDIUM,0
CTF,2019,7,1,0,1,,,,,7.7,,,14.0,13.0,6.0,22.0,163.5,mixed_ventilation_only,MEDIUM,0
CTF,2019,8,2,1,7,,,,,7.0,,,17.0,17.0,6.0,22.0,160.9,mixed_ventilation_only,MEDIUM,0
CTF,2019,9,6,3,7,,,,,9.4,,,17.0,17.0,6.0,23.0,159.2,mixed_ventilation_only,MEDIUM,0
CTF,2019,10,4,0,8,,,,,11.6,,,18.0,19.0,6.0,22.0,157.5,mixed_ventilation_only,MEDIUM,0
CTF,2019,11,0,0,0,,,,,10.1,,,16.0,16.0,6.0,22.0,156.8,mixed_ventilation_only,MEDIUM,0
CTF,2019,12,0,0,0,,,,,7.8,,,15.0,14.0,9.0,19.0,153.8,mixed_ventilation_only,MEDIUM,0
CTF,2020,1,0,0,0,,,,,8.6,,,15.0,15.0,9.0,15.0,152.9,mixed_ventilation_only,MEDIUM,0
CTF,2020,2,0,0,0,,,,,7.8,,,17.0,17.0,6.0,24.0,153.2,mixed_ventilation_only,MEDIUM,0
CTF,2020,3,0,0,0,,,,,8.0,,,15.0,14.0,6.0,24.0,153.9,mixed_ventilation_only,MEDIUM,0
CTF,2020,4,0,0,0,,,,,8.2,,,12.0,13.0,3.0,14.0,145.0,mixed_ventilation_only,MEDIUM,0
CTF,2020,5,3,0,4,,,,,6.5,,,13.0,14.0,3.0,15.0,145.4,mixed_ventilation_only,MEDIUM,0
CTF,2020,6,1,0,3,,,,,10.4,,,12.0,13.0,0.0,15.0,146.7,mixed_ventilation_only,MEDIUM,0
CTF,2020,7,0,0,0,,,,,9.5,,,10.0,12.0,0.0,8.0,139.8,mixed_ventilation_only,MEDIUM,0
CTF,2020,8,3,3,5,,,,,3.1,,,11.0,13.0,0.0,12.0,134.1,mixed_ventilation_only,MEDIUM,0
CTF,2020,9,6,3,6,,,,,5.2,,,9.0,12.0,0.0,4.0,131.9,mixed_ventilation_only,MEDIUM,0
CTF,2020,10,11,4,12,,,,,4.9,,,12.0,13.0,3.0,11.0,132.5,mixed_ventilation_only,MEDIUM,0
CTF,2020,11,0,0,1,,,,,2.6,,,12.0,15.0,0.0,8.0,131.2,mixed_ventilation_only,MEDIUM,0
CTF,2020,12,0,0,0,,,,,3.1,,,13.0,14.0,0.0,17.0,128.0,mixed_ventilation_only,MEDIUM,0
CTF,2021,1,0,0,0,,,,,4.3,,,12.0,12.0,0.0,21.0,126.8,mixed_ventilation_only,MEDIUM,0
CTF,2021,2,0,0,0,,,,,5.9,,,12.0,11.0,0.0,24.0,128.6,mixed_ventilation_only,MEDIUM,0
CTF,2021,3,0,0,0,,,,,6.6,,,11.0,10.0,3.0,20.0,131.1,mixed_ventilation_only,MEDIUM,0
CTF,2021,4,0,0,0,,,,,10.2,,,9.0,7.0,6.0,21.0,137.4,mixed_ventilation_only,MEDIUM,0
CTF,2021,5,0,0,0,,,,,5.6,,,11.0,9.0,12.0,18.0,139.8,mixed_ventilation_only,MEDIUM,0
CTF,2021,6,2,0,2,,,,,5.3,,,12.0,10.0,12.0,18.0,142.4,mixed_ventilation_only,MEDIUM,0
CTF,2021,7,0,0,0,69.25,11.99,2.0,7.0,4.3,15709349.89,191320196.0,13.0,12.0,9.0,21.0,140.8,mixed_ventilation_only,MEDIUM,0
CTF,2021,8,1,0,2,7.25,4.78,,3.0,5.0,17122255.62,191291294.0,14.0,12.0,9.0,24.0,137.5,mixed_ventilation_only,MEDIUM,0
CTF,2021,9,2,0,7,7.75,4.62,,4.0,9.4,16450428.319999997,191291294.0,15.0,14.0,9.0,24.0,134.5,mixed_ventilation_only,MEDIUM,0
CTF,2021,10,4,3,6,6.75,4.83,,6.0,5.5,15403623.71,191333674.0,14.0,14.0,9.0,17.0,155.8,mixed_ventilation_only,MEDIUM,0
CTF,2021,11,0,0,0,2.5,4.72,,1.0,4.9,16096942.720000006,197413310.0,13.0,12.0,9.0,18.0,153.9,mixed_ventilation_only,MEDIUM,0
CTF,2021,12,0,0,0,6.0,4.86,,1.0,5.2,18026378.53,198035927.0,16.0,16.0,9.0,17.0,151.5,mixed_ventilation_only,MEDIUM,0
CTF,2022,1,0,0,0,0.0,24.39,,0.0,5.4,14648438.36999999,198221362.0,14.0,15.0,9.0,13.0,148.8,mixed_ventilation_only,MEDIUM,0
CTF,2022,2,0,0,1,0.0,13.8,,2.0,7.5,15876313.710000008,199695030.0,14.0,15.0,6.0,15.0,145.8,mixed_ventilation_only,MEDIUM,0
CTF,2022,3,0,0,0,1.75,24.03,,2.0,6.0,16166932.139999986,199533933.0,15.0,16.0,9.0,14.0,144.3,mixed_ventilation_only,MEDIUM,0
CTF,2022,4,2,1,2,7.0,4.57,,1.0,10.3,14560359.909999996,200140978.0,15.0,16.0,15.0,12.0,142.3,mixed_ventilation_only,MEDIUM,0
CTF,2022,5,1,0,1,6.0,4.65,,1.0,3.1,14864717.74000001,194872188.0,14.0,15.0,13.0,13.0,144.1,mixed_ventilation_only,MEDIUM,0
CTF,2022,6,3,2,5,0.0,4.49,,4.0,3.9,15711449.370000005,195032327.0,15.0,15.0,13.0,13.0,147.6,mixed_ventilation_only,MEDIUM,0
CTF,2022,7,0,0,0,4.75,5.42,,2.0,5.6,15790189.91,186569902.0,15.0,15.0,12.0,13.0,145.6,mixed_ventilation_only,MEDIUM,0
CTF,2022,8,0,0,3,3.0,14.12,,1.0,8.5,16825333.95,186829725.0,19.0,21.0,9.0,16.0,143.4,mixed_ventilation_only,MEDIUM,0
CTF,2022,9,8,5,11,0.0,17.34,,0.0,9.1,16881191.450000003,186865233.0,20.0,22.0,6.0,16.0,142.3,mixed_ventilation_only,MEDIUM,0
CTF,2022,10,3,1,3,0.0,4.54,,3.0,12.0,17347510.909999996,186869524.0,18.0,21.0,6.0,13.0,140.6,mixed_ventilation_only,MEDIUM,0
CTF,2022,11,0,0,0,1.25,4.11,,0.0,12.2,17513171.480000004,196211979.0,18.0,21.0,3.0,18.0,138.1,mixed_ventilation_only,MEDIUM,0
CTF,2022,12,0,0,0,0.0,8.03,,1.0,6.4,18961669.679999992,196810562.0,20.0,22.0,9.0,21.0,137.9,mixed_ventilation_only,MEDIUM,0
CTF,2023,1,0,0,0,0.0,1.16,,0.0,6.5,16668526.52000001,198781656.0,20.0,22.0,13.0,19.0,140.3,mixed_ventilation_only,MEDIUM,0
CTF,2023,2,0,0,0,0.0,9.39,,2.0,11.1,16630512.780000001,200322649.0,20.0,21.0,9.0,19.0,141.3,mixed_ventilation_only,MEDIUM,0
CTF,2023,3,0,0,0,0.0,0.91,,4.0,8.2,18295781.090000004,199432077.0,20.0,22.0,9.0,19.0,142.7,mixed_ventilation_only,MEDIUM,0
CTF,2023,4,0,0,1,0.0,0.0,,3.0,7.4,16512648.099999994,206373787.0,20.0,22.0,9.0,19.0,145.4,mixed_ventilation_only,MEDIUM,0
CTF,2023,5,0,0,1,0.0,0.0,1.0,3.0,5.0,17188620.819999993,206472284.0,20.0,21.0,9.0,22.0,152.3,mixed_ventilation_only,MEDIUM,0
CTF,2023,6,0,0,0,0.0,0.0,1.0,4.0,7.7,16127522.159999996,206518240.0,17.0,19.0,6.0,16.0,151.7,mixed_ventilation_only,MEDIUM,0
CTF,2023,7,0,0,0,25.15,4.93,,1.0,6.9,16296295.27,196357190.0,21.0,23.0,6.0,22.0,151.8,mixed_ventilation_only,MEDIUM,0
CTF,2023,8,2,0,2,0.0,0.0,,5.0,7.5,17844066.02,196357190.0,21.0,24.0,0.0,22.0,153.0,mixed_ventilation_only,MEDIUM,0
CTF,2023,9,0,0,0,0.0,0.0,1.0,5.0,9.5,15813732.46,196383447.0,19.0,22.0,0.0,22.0,153.9,mixed_ventilation_only,MEDIUM,0
CTF,2023,10,6,3,6,740.0,0.0,,10.0,10.7,16690811.530000001,196535686.0,20.0,22.0,0.0,22.0,153.3,mixed_ventilation_only,MEDIUM,0
CTF,2023,11,0,0,0,652.0,0.0,,5.0,10.0,19372366.78999999,198417169.0,18.0,20.0,0.0,25.0,150.4,mixed_ventilation_only,MEDIUM,0
CTF,2023,12,0,0,0,572.0,0.0,,4.0,9.7,20199527.690000013,198449015.0,17.0,18.0,0.0,25.0,147.5,mixed_ventilation_only,MEDIUM,0
CTF,2024,1,0,0,0,535.5,0.0,,3.0,9.9,18197440.22999999,200280885.0,17.0,18.0,0.0,22.0,147.2,mixed_ventilation_only,MEDIUM,0
CTF,2024,2,0,0,0,3.0,0.0,1.0,4.0,10.6,17487758.750000015,201800343.0,18.0,20.0,3.0,22.0,145.9,mixed_ventilation_only,MEDIUM,0
CTF,2024,3,0,0,0,14.25,0.0,,3.0,8.5,20710293.53999999,201907649.0,19.0,22.0,0.0,20.0,144.4,mixed_ventilation_only,MEDIUM,0
CTF,2024,4,0,0,0,9.5,1.86,,2.0,10.5,18099556.159999996,216792663.0,21.0,23.0,0.0,23.0,141.5,mixed_ventilation_only,MEDIUM,0
CTF,2024,5,0,0,0,12.5,0.0,,5.0,9.4,18196063.849999994,217091930.0,21.0,22.0,3.0,28.0,142.4,mixed_ventilation_only,MEDIUM,0
CTF,2024,6,0,0,0,11.0,0.0,,0.0,9.2,17746537.349999994,217166000.0,16.0,18.0,6.0,19.0,140.5,mixed_ventilation_only,MEDIUM,0
CTF,2024,7,0,0,0,2.0,0.0,,6.0,12.5,16590300.56,214208789.0,15.0,17.0,0.0,17.0,141.6,mixed_ventilation_only,MEDIUM,0
CTF,2024,8,0,0,1,7.25,0.0,,1.0,10.5,16975157.189999998,214313174.0,15.0,15.0,6.0,17.0,143.9,mixed_ventilation_only,MEDIUM,0
CTF,2024,9,5,0,8,1.25,0.0,,3.0,12.0,17773276.79,214658201.0,15.0,15.0,9.0,17.0,148.9,mixed_ventilation_only,MEDIUM,0
CTF,2024,10,6,4,6,8.25,0.0,,11.0,7.1,17056090.500000007,215119038.0,16.0,16.0,13.0,19.0,156.7,mixed_ventilation_only,MEDIUM,0
CTF,2024,11,0,0,0,11.5,0.0,,9.0,9.3,17888325.429999992,216725008.0,16.0,17.0,13.0,19.0,159.7,mixed_ventilation_only,MEDIUM,0
CTF,2024,12,0,0,0,16.0,0.0,,4.0,9.6,18209103.72,205168249.0,16.0,17.0,13.0,19.0,156.6,mixed_ventilation_only,MEDIUM,0
CTF,2025,1,0,0,0,15.0,0.0,,5.0,6.2,17405706.510000005,205396124.0,18.0,18.0,9.0,26.0,155.2,mixed_ventilation_only,MEDIUM,0
CTF,2025,2,0,0,0,14.75,0.0,,7.0,8.4,17067954.86999999,207089499.38,19.0,19.0,13.0,26.0,154.4,mixed_ventilation_only,MEDIUM,0
CTF,2025,3,0,0,2,1.0,0.0,1.0,5.0,12.6,18206290.580000013,207694108.38,18.0,17.0,13.0,26.0,153.7,mixed_ventilation_only,MEDIUM,0
CTF,2025,4,0,0,0,3.5,0.0,,3.0,10.4,17868884.560000002,211315203.38,16.0,16.0,9.0,23.0,153.2,mixed_ventilation_only,MEDIUM,0
CTF,2025,5,0,0,1,10.5,0.16,,6.0,10.7,16830368.50999999,211540819.38,14.0,14.0,6.0,23.0,151.6,mixed_ventilation_only,MEDIUM,0
CTF,2025,6,0,0,0,0.0,0.0,,5.0,6.9,17208086.77000001,211735216.38,13.0,13.0,3.0,17.0,151.0,mixed_ventilation_only,MEDIUM,0
CTF,2025,7,0,0,0,,,,,6.7,,,14.0,16.0,3.0,13.0,149.0,mixed_ventilation_only,MEDIUM,0
CTF,2025,8,1,0,2,,,,,6.9,,,14.0,16.0,3.0,13.0,148.8,mixed_ventilation_only,MEDIUM,0
CTF,2025,9,1,0,3,,,,,11.0,,,17.0,18.0,3.0,15.0,149.1,mixed_ventilation_only,MEDIUM,0
CTF,2025,10,0,0,0,,,,,9.2,,,17.0,19.0,6.0,15.0,148.4,mixed_ventilation_only,MEDIUM,0
CTF,2025,11,1,0,2,,,,,8.8,,,17.0,19.0,6.0,15.0,148.7,mixed_ventilation_only,MEDIUM,0
CTF,2025,12,0,0,0,,,,,7.4,,,18.0,19.0,6.0,18.0,147.5,mixed_ventilation_only,MEDIUM,0
CVSP,2016,1,0,0,0,,,,,,,,,,,,135.3,,MEDIUM,0
CVSP,2016,2,0,0,0,,,,,,,,,,,,140.0,,MEDIUM,0
CVSP,2016,3,6,0,0,,,,,,,,,,,,138.6,,MEDIUM,0
CVSP,2016,4,10,5,0,,,,,,,,,,,,139.1,,MEDIUM,0
CVSP,2016,5,18,9,0,,,,,,,,,,,,138.3,,MEDIUM,0
CVSP,2016,6,30,30,2,,,,,,,,,,,,135.5,,MEDIUM,0
CVSP,2016,7,31,31,0,,,,,,,,,,,,134.8,,MEDIUM,0
CVSP,2016,8,31,31,0,,,,,,,,,,,,135.0,,MEDIUM,0
CVSP,2016,9,27,19,0,,,,,,,,,,,,136.1,,MEDIUM,0
CVSP,2016,10,20,7,0,,,,,,,,,,,,140.3,,MEDIUM,0
CVSP,2016,11,1,0,0,,,,,,,,,,,,146.6,,MEDIUM,0
CVSP,2016,12,0,0,0,,,,,,,,,,,,147.9,,MEDIUM,0
CVSP,2017,1,0,0,0,,,,,5.0,,,17.0,20.0,0.0,20.0,146.1,,MEDIUM,0
CVSP,2017,2,0,0,0,,,,,6.5,,,17.0,18.0,10.0,20.0,147.0,,MEDIUM,0
CVSP,2017,3,11,1,0,,,,,6.7,,,16.0,19.0,0.0,20.0,153.7,,MEDIUM,0
CVSP,2017,4,14,2,0,,,,,11.2,,,15.0,17.0,4.0,20.0,152.0,,MEDIUM,0
CVSP,2017,5,19,17,0,,,,,11.0,,,13.0,13.0,4.0,20.0,157.3,,MEDIUM,0
CVSP,2017,6,29,28,4,,,,,7.0,,,15.0,13.0,12.0,20.0,160.1,,MEDIUM,0
CVSP,2017,7,31,31,1,,,,,12.1,,,17.0,15.0,15.0,20.0,162.4,,MEDIUM,0
CVSP,2017,8,31,31,0,,,,,10.9,,,17.0,16.0,12.0,10.0,161.7,,MEDIUM,0
CVSP,2017,9,25,20,0,,,,,9.8,,,15.0,16.0,8.0,0.0,160.9,,MEDIUM,0
CVSP,2017,10,25,8,0,,,,,11.1,,,15.0,15.0,15.0,0.0,161.3,,MEDIUM,0
CVSP,2017,11,0,0,0,,,,,9.5,,,13.0,13.0,12.0,10.0,163.1,,MEDIUM,0
CVSP,2017,12,0,0,0,,,,,10.6,,,13.0,12.0,12.0,10.0,164.7,,MEDIUM,0
CVSP,2018,1,0,0,0,,,,,13.5,,,13.0,13.0,8.0,0.0,166.0,,MEDIUM,0
CVSP,2018,2,0,0,0,,,,,8.1,,,13.0,14.0,8.0,0.0,167.0,,MEDIUM,0
CVSP,2018,3,3,0,0,,,,,10.8,,,10.0,11.0,8.0,0.0,171.1,,MEDIUM,0
CVSP,2018,4,18,9,0,,,,,8.3,,,12.0,13.0,11.0,0.0,173.4,,MEDIUM,0
CVSP,2018,5,25,19,0,,,,,16.6,,,14.0,15.0,11.0,0.0,171.7,,MEDIUM,0
CVSP,2018,6,30,30,0,,,,,11.7,,,14.0,15.0,15.0,0.0,169.7,,MEDIUM,0
CVSP,2018,7,31,31,3,,,,,14.9,,,16.0,18.0,8.0,0.0,164.8,,MEDIUM,0
CVSP,2018,8,31,31,0,,,,,11.5,,,14.0,18.0,4.0,0.0,168.4,,MEDIUM,0
CVSP,2018,9,30,30,0,,,,,11.1,,,10.0,13.0,0.0,0.0,167.3,,MEDIUM,0
CVSP,2018,10,5,0,0,,,,,12.2,,,11.0,13.0,0.0,10.0,158.7,,MEDIUM,0
CVSP,2018,11,0,0,0,,,,,14.1,,,11.0,15.0,0.0,0.0,156.6,,MEDIUM,0
CVSP,2018,12,0,0,0,,,,,11.9,,,12.0,14.0,7.0,0.0,156.0,,MEDIUM,0
CVSP,2019,1,0,0,0,,,,,11.6,,,12.0,14.0,7.0,0.0,157.2,,MEDIUM,0
CVSP,2019,2,0,0,0,,,,,8.7,,,10.0,12.0,7.0,0.0,157.5,,MEDIUM,0
CVSP,2019,3,0,0,0,,,,,13.1,,,9.0,11.0,4.0,0.0,158.5,,MEDIUM,0
CVSP,2019,4,12,9,0,,,,,7.7,,,12.0,14.0,4.0,0.0,160.5,,MEDIUM,0
CVSP,2019,5,13,7,0,,,,,12.2,,,13.0,16.0,4.0,0.0,158.0,,MEDIUM,0
CVSP,2019,6,30,28,0,,,,,13.8,,,14.0,16.0,7.0,0.0,157.7,,MEDIUM,0
CVSP,2019,7,31,31,0,,,,,13.0,,,17.0,20.0,7.0,0.0,155.9,,MEDIUM,0
CVSP,2019,8,31,31,1,,,,,17.2,,,17.0,21.0,7.0,0.0,154.9,,MEDIUM,0
CVSP,2019,9,26,21,0,,,,,16.0,,,20.0,22.0,15.0,0.0,156.3,,MEDIUM,0
CVSP,2019,10,12,6,0,,,,,15.7,,,20.0,23.0,15.0,0.0,157.9,,MEDIUM,0
CVSP,2019,11,0,0,0,,,,,9.6,,,20.0,21.0,15.0,10.0,159.0,,MEDIUM,0
CVSP,2019,12,0,0,0,,,,,14.4,,,19.0,21.0,15.0,10.0,158.6,,MEDIUM,0
CVSP,2020,1,0,0,0,,,,,15.0,,,20.0,23.0,7.0,10.0,159.4,,MEDIUM,0
CVSP,2020,2,0,0,0,,,,,15.6,,,16.0,18.0,7.0,10.0,167.1,,MEDIUM,0
CVSP,2020,3,0,0,0,,,,,16.2,,,16.0,18.0,7.0,20.0,169.6,,MEDIUM,0
CVSP,2020,4,9,9,0,,,,,12.6,,,17.0,20.0,0.0,20.0,133.7,,MEDIUM,0
CVSP,2020,5,28,23,0,,,,,9.7,,,17.0,20.0,0.0,20.0,130.1,,MEDIUM,0
CVSP,2020,6,30,28,0,,,,,8.9,,,17.0,20.0,0.0,20.0,127.3,,MEDIUM,0
CVSP,2020,7,31,31,2,,,,,14.2,,,12.0,14.0,-4.0,20.0,121.7,,MEDIUM,0
CVSP,2020,8,31,31,2,,,,,9.4,,,12.0,14.0,0.0,20.0,118.0,,MEDIUM,0
CVSP,2020,9,30,28,2,,,,,21.9,,,12.0,15.0,0.0,10.0,110.8,,MEDIUM,0
CVSP,2020,10,23,19,0,,,,,31.0,,,15.0,16.0,0.0,30.0,111.4,,MEDIUM,0
CVSP,2020,11,5,0,0,,,,,11.7,,,18.0,18.0,7.0,40.0,108.5,,MEDIUM,0
CVSP,2020,12,0,0,0,,,,,8.7,,,21.0,22.0,7.0,50.0,106.6,,MEDIUM,0
CVSP,2021,1,0,0,0,,,,,14.4,,,24.0,25.0,11.0,40.0,106.7,,MEDIUM,0
CVSP,2021,2,0,0,0,,,,,16.9,,,23.0,24.0,7.0,40.0,107.1,,MEDIUM,0
CVSP,2021,3,1,0,0,,,,,45.7,,,20.0,22.0,4.0,40.0,110.1,,MEDIUM,0
CVSP,2021,4,15,5,0,,,,,11.8,,,18.0,19.0,7.0,40.0,110.0,,MEDIUM,0
CVSP,2021,5,27,22,0,,,,,11.8,,,22.0,22.0,11.0,40.0,114.0,,MEDIUM,0
CVSP,2021,6,30,30,0,,,,,9.6,,,20.0,21.0,7.0,40.0,122.9,,MEDIUM,0
CVSP,2021,7,31,31,0,201.65,0.0,,2.0,10.9,9617951.79,105091211.0,19.0,20.0,4.0,37.0,125.5,,MEDIUM,0
CVSP,2021,8,31,31,1,19.5,0.0,,1.0,13.0,10356753.580000002,105251553.0,19.0,22.0,4.0,16.0,130.8,,MEDIUM,0
CVSP,2021,9,29,24,0,35.95,0.0,,2.0,13.1,9630315.3,105251553.0,17.0,19.0,7.0,16.0,134.8,,MEDIUM,0
CVSP,2021,10,8,3,0,23.5,0.0,,1.0,14.5,9801250.899999999,105291819.0,16.0,19.0,4.0,16.0,139.1,,MEDIUM,0
CVSP,2021,11,1,0,0,17.2,0.0,,1.0,11.4,10748597.579999998,111371980.0,16.0,19.0,0.0,21.0,143.5,,MEDIUM,0
CVSP,2021,12,0,0,0,36.1,0.0,,3.0,16.6,12017348.230000004,111371980.0,16.0,19.0,0.0,21.0,144.4,,MEDIUM,0
CVSP,2022,1,0,0,0,390.95,23.24,,2.0,14.9,9527201.160000004,112577057.0,20.0,24.0,0.0,21.0,141.3,,MEDIUM,0
CVSP,2022,2,0,0,0,117.2,28.33,,0.0,19.3,9739923.769999996,113479245.0,19.0,22.0,0.0,21.0,138.2,,MEDIUM,0
CVSP,2022,3,4,2,0,36.05,8.99,1.0,0.0,18.4,10367967.310000002,113382673.0,21.0,25.0,0.0,21.0,138.1,,MEDIUM,0
CVSP,2022,4,18,6,0,36.6,0.0,,0.0,17.0,9280990.719999999,119761983.0,18.0,20.0,0.0,32.0,135.1,,MEDIUM,0
CVSP,2022,5,27,22,0,52.75,0.0,,0.0,11.3,9401872.840000004,121289014.0,16.0,18.0,0.0,32.0,132.2,,MEDIUM,0
CVSP,2022,6,30,30,0,27.6,0.0,1.0,1.0,9.5,10001502.379999995,121704622.0,17.0,18.0,7.0,32.0,128.3,,MEDIUM,0
CVSP,2022,7,31,31,0,155.5,10.65,,1.0,8.7,11578481.58,116798783.0,18.0,20.0,7.0,32.0,125.2,,MEDIUM,0
CVSP,2022,8,31,30,0,35.45,11.7,,0.0,17.3,11395158.450000001,116909854.0,22.0,24.0,7.0,32.0,124.5,,MEDIUM,0
CVSP,2022,9,30,28,0,59.3,4.99,,0.0,15.2,10835774.759999998,117225717.0,22.0,23.0,14.0,32.0,121.6,,MEDIUM,0
CVSP,2022,10,17,13,0,27.3,3.04,,1.0,9.8,11757990.600000001,117174250.0,24.0,26.0,14.0,32.0,119.6,,MEDIUM,0
CVSP,2022,11,0,0,0,43.6,0.0,,1.0,6.4,11037410.990000002,130381822.0,23.0,26.0,11.0,21.0,117.4,,MEDIUM,0
CVSP,2022,12,0,0,0,36.75,5.0,,0.0,10.6,12215208.149999999,130620431.0,24.0,26.0,14.0,21.0,120.3,,MEDIUM,0
CVSP,2023,1,0,0,0,60.5,21.17,,0.0,10.8,10342425.010000005,132869902.0,24.0,27.0,11.0,21.0,99.6,,MEDIUM,0
CVSP,2023,2,0,0,0,21.8,2.48,,0.0,9.6,10620340.97999999,133576853.0,23.0,25.0,7.0,42.0,105.5,,MEDIUM,0
CVSP,2023,3,0,0,0,14.8,3.0,,0.0,4.4,10443090.840000004,133474381.0,24.0,25.0,11.0,42.0,106.9,,MEDIUM,0
CVSP,2023,4,16,8,0,17.25,2.14,,3.0,1.9,9518722.060000002,133137303.0,25.0,27.0,11.0,32.0,110.8,,MEDIUM,0
CVSP,2023,5,25,19,0,15.8,0.0,,3.0,1.2,9784944.620000005,133167452.0,25.0,27.0,11.0,32.0,120.5,,MEDIUM,0
CVSP,2023,6,30,25,0,13.8,0.0,,1.0,8.7,10217436.36,133229193.0,30.0,32.0,11.0,47.0,127.4,,MEDIUM,0
CVSP,2023,7,31,31,10,18.4,0.93,,2.0,13.4,10238917.34,125740085.0,33.0,35.0,15.0,58.0,125.0,,MEDIUM,0
CVSP,2023,8,30,29,2,13.8,0.0,,0.0,11.9,10447267.989999998,125740085.0,33.0,35.0,19.0,58.0,122.7,,MEDIUM,0
CVSP,2023,9,30,27,0,13.8,0.0,,0.0,15.2,10355305.720000003,125934378.0,34.0,37.0,19.0,47.0,118.9,,MEDIUM,0
CVSP,2023,10,17,15,0,184.3,0.0,1.0,0.0,11.2,10055290.470000003,126062204.0,33.0,35.0,19.0,47.0,116.3,,MEDIUM,0
CVSP,2023,11,2,0,0,197.5,0.0,,0.0,11.4,11273472.939999998,127044649.0,33.0,35.0,19.0,47.0,113.1,,MEDIUM,0
CVSP,2023,12,0,0,0,210.0,0.0,,0.0,10.2,12745597.32,127041589.0,36.0,37.0,19.0,58.0,103.7,,MEDIUM,0
CVSP,2024,1,0,0,0,168.0,0.0,,1.0,12.0,10685815.299999997,127777099.0,37.0,39.0,22.0,58.0,101.0,,MEDIUM,0
CVSP,2024,2,0,0,0,168.0,3.13,,0.0,6.9,10074868.689999998,128385319.0,38.0,39.0,22.0,58.0,86.2,,MEDIUM,0
CVSP,2024,3,0,0,0,210.0,6.41,,0.0,12.2,11064728.170000002,128532629.0,38.0,40.0,19.0,58.0,65.4,,MEDIUM,0
CVSP,2024,4,15,6,0,196.0,0.0,,0.0,11.6,9316477.620000005,128989297.0,39.0,42.0,19.0,58.0,43.1,,MEDIUM,0
CVSP,2024,5,28,19,0,210.0,0.0,,0.0,9.6,8361966.649999991,129045457.0,43.0,44.0,30.0,58.0,28.1,,MEDIUM,0
CVSP,2024,6,30,30,0,126.0,0.0,,0.0,6.6,6820496.530000001,128959425.0,67.0,69.0,56.0,73.0,15.7,,MEDIUM,0
CVSP,2024,7,31,31,6,0.0,,,,7.8,5236743.44,102466640.0,,,,,,,MEDIUM,0
CVSP,2024,8,31,31,1,0.0,,,,,2268593.9299999997,102471815.0,,,,,,,MEDIUM,0
CVSP,2024,9,29,24,0,,,,,,1452094.6800000006,102607690.0,,,,,,,MEDIUM,0
CVSP,2024,10,22,19,0,0.0,,,,,1278920.0599999987,102637820.0,,,,,,,MEDIUM,0
CVSP,2024,11,0,0,0,,,,,,983344.25,102542981.0,,,,,,,MEDIUM,0
CVSP,2024,12,0,0,0,,,,,,540910.6600000001,21616363.0,,,,,,,MEDIUM,0
CVSP,2025,1,0,0,0,,,,,,595246.3600000013,21638767.0,,,,,,,MEDIUM,0
CVSP,2025,2,4,0,0,,,,,,656719.0800000001,21631684.0,,,,,,,MEDIUM,0
CVSP,2025,3,5,3,0,,,,,,599705.879999999,21454619.0,,,,,,,MEDIUM,0
CVSP,2025,4,15,5,0,,,,,,560519.2200000007,19951417.0,,,,,,,MEDIUM,0
CVSP,2025,5,25,20,0,,,,,,441454.12999999896,19952074.0,,,,,,,MEDIUM,0
CVSP,2025,6,30,29,0,,,,,,610245.8100000005,19953838.0,,,,,,,MEDIUM,0
CVSP,2025,7,31,31,1,,,,,,,,,,,,,,MEDIUM,0
CVSP,2025,8,31,31,1,,,,,,,,,,,,,,MEDIUM,0
CVSP,2025,9,27,22,0,,,,,,,,,,,,,,MEDIUM,0
CVSP,2025,10,18,5,0,,,,,,,,,,,,,,MEDIUM,0
CVSP,2025,11,4,0,0,,,,,,,,,,,,,,MEDIUM,0
CVSP,2025,12,0,0,0,,,,,,,,,,,,,,MEDIUM,0
FOL,2016,1,0,0,0,,,,,,,,,,,,125.6,,MEDIUM,0
FOL,2016,2,0,0,0,,,,,,,,,,,,122.3,,MEDIUM,0
FOL,2016,3,0,0,0,,,,,,,,,,,,125.3,,MEDIUM,0
FOL,2016,4,0,0,0,,,,,,,,,,,,120.6,,MEDIUM,0
FOL,2016,5,6,1,0,,,,,,,,,,,,120.8,,MEDIUM,0
FOL,2016,6,19,13,2,,,,,,,,,,,,126.6,,MEDIUM,0
FOL,2016,7,23,14,6,,,,,,,,,,,,115.4,,MEDIUM,0
FOL,2016,8,20,9,0,,,,,,,,,,,,123.6,,MEDIUM,0
FOL,2016,9,13,4,0,,,,,,,,,,,,122.3,,MEDIUM,0
FOL,2016,10,0,0,0,,,,,,,,,,,,121.3,,MEDIUM,0
FOL,2016,11,0,0,0,,,,,,,,,,,,110.4,,MEDIUM,0
FOL,2016,12,0,0,0,,,,,,,,,,,,108.2,,MEDIUM,0
FOL,2017,1,0,0,0,,,,,6.4,,,25.0,23.0,22.0,39.0,101.0,,MEDIUM,0
FOL,2017,2,0,0,0,,,,,8.4,,,32.0,23.0,60.0,36.0,101.5,,MEDIUM,0
FOL,2017,3,0,0,0,,,,,7.1,,,25.0,24.0,20.0,32.0,102.7,,MEDIUM,0
FOL,2017,4,0,0,0,,,,,7.9,,,23.0,22.0,20.0,32.0,112.2,,MEDIUM,0
FOL,2017,5,5,2,0,,,,,8.0,,,23.0,23.0,19.0,29.0,109.7,,MEDIUM,0
FOL,2017,6,16,9,5,,,,,7.7,,,22.0,23.0,15.0,29.0,109.2,,MEDIUM,0
FOL,2017,7,31,26,6,,,,,10.0,,,22.0,22.0,15.0,29.0,106.9,,MEDIUM,0
FOL,2017,8,27,16,6,,,,,5.9,,,22.0,23.0,11.0,29.0,107.7,,MEDIUM,0
FOL,2017,9,12,6,3,,,,,6.2,,,21.0,21.0,11.0,29.0,103.5,,MEDIUM,0
FOL,2017,10,0,0,0,,,,,9.7,,,21.0,22.0,11.0,25.0,97.5,,MEDIUM,0
FOL,2017,11,0,0,0,,,,,9.2,,,23.0,24.0,11.0,25.0,104.7,,MEDIUM,0
FOL,2017,12,0,0,0,,,,,8.9,,,23.0,24.0,11.0,25.0,100.0,,MEDIUM,0
FOL,2018,1,0,0,0,,,,,5.3,,,22.0,24.0,8.0,25.0,93.8,,MEDIUM,0
FOL,2018,2,0,0,0,,,,,6.2,,,21.0,24.0,8.0,22.0,99.0,,MEDIUM,0
FOL,2018,3,0,0,0,,,,,8.3,,,19.0,21.0,8.0,22.0,100.5,,MEDIUM,0
FOL,2018,4,0,0,0,,,,,10.1,,,20.0,22.0,11.0,22.0,101.7,,MEDIUM,0
FOL,2018,5,2,1,0,,,,,10.6,,,18.0,19.0,11.0,22.0,102.7,,MEDIUM,0
FOL,2018,6,15,8,0,,,,,9.2,,,18.0,18.0,11.0,22.0,101.7,,MEDIUM,0
FOL,2018,7,29,25,6,,,,,7.1,,,17.0,17.0,8.0,26.0,112.2,,MEDIUM,0
FOL,2018,8,18,12,0,,,,,12.4,,,17.0,16.0,8.0,30.0,109.7,,MEDIUM,0
FOL,2018,9,15,2,0,,,,,9.7,,,15.0,14.0,4.0,30.0,103.2,,MEDIUM,0
FOL,2018,10,0,0,0,,,,,11.3,,,16.0,17.0,4.0,26.0,108.9,,MEDIUM,0
FOL,2018,11,0,0,0,,,,,11.6,,,16.0,16.0,4.0,26.0,105.0,,MEDIUM,0
FOL,2018,12,0,0,0,,,,,9.3,,,17.0,16.0,8.0,30.0,102.2,,MEDIUM,0
FOL,2019,1,0,0,0,,,,,5.4,,,16.0,16.0,8.0,30.0,111.7,,MEDIUM,0
FOL,2019,2,0,0,0,,,,,10.2,,,16.0,16.0,4.0,30.0,103.0,,MEDIUM,0
FOL,2019,3,0,0,0,,,,,10.1,,,16.0,17.0,0.0,28.0,110.9,,MEDIUM,0
FOL,2019,4,0,0,0,,,,,8.1,,,17.0,18.0,0.0,28.0,111.7,,MEDIUM,0
FOL,2019,5,0,0,0,,,,,8.8,,,16.0,16.0,0.0,26.0,112.7,,MEDIUM,0
FOL,2019,6,14,7,0,,,,,9.3,,,16.0,17.0,0.0,26.0,107.7,,MEDIUM,0
FOL,2019,7,24,12,2,,,,,10.4,,,20.0,22.0,4.0,20.0,112.7,,MEDIUM,0
FOL,2019,8,23,17,2,,,,,10.0,,,20.0,22.0,4.0,23.0,121.1,,MEDIUM,0
FOL,2019,9,11,7,0,,,,,10.3,,,22.0,24.0,7.0,23.0,118.1,,MEDIUM,0
FOL,2019,10,0,0,0,,,,,12.1,,,22.0,24.0,4.0,23.0,111.7,,MEDIUM,0
FOL,2019,11,0,0,0,,,,,12.3,,,21.0,23.0,4.0,23.0,115.9,,MEDIUM,0
FOL,2019,12,0,0,0,,,,,8.6,,,22.0,23.0,7.0,25.0,108.2,,MEDIUM,0
FOL,2020,1,0,0,0,,,,,10.6,,,21.0,22.0,7.0,21.0,103.0,,MEDIUM,0
FOL,2020,2,0,0,0,,,,,8.9,,,19.0,21.0,4.0,20.0,101.0,,MEDIUM,0
FOL,2020,3,0,0,0,,,,,6.3,,,18.0,20.0,4.0,24.0,96.5,,MEDIUM,0
FOL,2020,4,1,0,0,,,,,8.8,,,18.0,19.0,7.0,24.0,68.5,,MEDIUM,0
FOL,2020,5,7,4,0,,,,,11.5,,,18.0,20.0,7.0,20.0,64.8,,MEDIUM,0
FOL,2020,6,16,10,1,,,,,7.5,,,20.0,22.0,7.0,20.0,54.6,,MEDIUM,0
FOL,2020,7,28,17,2,,,,,5.2,,,19.0,21.0,7.0,21.0,34.2,,MEDIUM,0
FOL,2020,8,29,16,4,,,,,2.7,,,20.0,21.0,7.0,25.0,26.6,,MEDIUM,0
FOL,2020,9,10,5,2,,,,,5.8,,,19.0,20.0,7.0,26.0,23.1,,MEDIUM,0
FOL,2020,10,8,0,0,,,,,5.8,,,20.0,21.0,11.0,23.0,21.6,,MEDIUM,0
FOL,2020,11,0,0,0,,,,,5.2,,,20.0,21.0,11.0,23.0,19.6,,MEDIUM,0
FOL,2020,12,0,0,0,,,,,10.2,,,20.0,21.0,11.0,23.0,18.4,,MEDIUM,0
FOL,2021,1,0,0,0,,,,,12.9,,,20.0,22.0,11.0,18.0,16.1,,MEDIUM,0
FOL,2021,2,0,0,0,,,,,7.3,,,22.0,24.0,15.0,18.0,13.4,,MEDIUM,0
FOL,2021,3,0,0,0,,,,,4.9,,,22.0,23.0,22.0,14.0,11.2,,MEDIUM,0
FOL,2021,4,0,0,0,,,,,6.9,,,21.0,20.0,25.0,22.0,13.4,,MEDIUM,0
FOL,2021,5,3,1,0,,,,,5.2,,,17.0,16.0,22.0,26.0,36.5,,MEDIUM,0
FOL,2021,6,15,8,2,,,,,1.5,,,18.0,16.0,19.0,29.0,53.1,,MEDIUM,0
FOL,2021,7,26,15,5,185.1,0.0,,2.0,10.0,11169580.18,130703110.0,19.0,18.0,19.0,24.0,60.5,,MEDIUM,0
FOL,2021,8,18,10,0,104.5,0.0,,1.0,6.4,12489320.61,130711390.0,18.0,18.0,19.0,24.0,58.1,,MEDIUM,0
FOL,2021,9,13,5,0,151.15,0.0,,3.0,8.7,12442891.780000001,130823280.0,18.0,18.0,11.0,20.0,55.8,,MEDIUM,0
FOL,2021,10,0,0,0,129.2,0.0,,9.0,9.9,12653127.380000003,131221000.0,18.0,18.0,11.0,24.0,66.5,,MEDIUM,0
FOL,2021,11,0,0,0,211.25,0.0,,7.0,5.9,13054023.32,143098299.0,19.0,18.0,15.0,29.0,127.7,,MEDIUM,0
FOL,2021,12,0,0,0,116.6,0.15,,18.0,7.0,15126120.229999997,143098299.0,17.0,15.0,19.0,30.0,130.8,,MEDIUM,0
FOL,2022,1,0,0,0,176.2,31.6,,5.0,7.6,12154359.239999995,144455104.0,21.0,18.0,23.0,42.0,129.1,,MEDIUM,0
FOL,2022,2,0,0,0,136.55,27.93,,6.0,8.6,12737913.710000008,144556737.0,22.0,19.0,23.0,42.0,129.9,,MEDIUM,0
FOL,2022,3,0,0,0,145.6,0.0,,18.0,8.3,12095492.969999999,144469207.0,21.0,19.0,19.0,38.0,132.8,,MEDIUM,0
FOL,2022,4,0,0,0,127.27,0.0,,14.0,6.4,12358795.0,152628687.0,19.0,19.0,11.0,28.0,132.3,,MEDIUM,0
FOL,2022,5,4,3,0,137.05,4.7,,12.0,6.9,12600362.89,152426555.0,20.0,20.0,15.0,28.0,134.6,,MEDIUM,0
FOL,2022,6,17,11,0,119.7,21.17,,14.0,5.5,13047741.210000008,152571449.0,22.0,21.0,23.0,28.0,132.6,,MEDIUM,0
FOL,2022,7,23,19,3,176.15,18.09,,7.0,9.1,13218650.78,147373103.0,23.0,22.0,11.0,37.0,129.0,,MEDIUM,0
FOL,2022,8,28,16,3,100.25,4.93,,11.0,8.3,14407421.660000002,147374965.0,23.0,24.0,11.0,30.0,124.5,,MEDIUM,0
FOL,2022,9,14,9,8,89.7,0.0,,11.0,8.7,13187900.34,147387479.0,24.0,25.0,11.0,29.0,124.2,,MEDIUM,0
FOL,2022,10,6,0,0,94.35,0.0,,10.0,9.8,14549866.589999996,147844823.0,26.0,26.0,22.0,25.0,121.5,,MEDIUM,0
FOL,2022,11,0,0,0,118.4,0.0,,7.0,5.1,14282169.750000007,159447233.0,27.0,27.0,22.0,25.0,120.4,,MEDIUM,0
FOL,2022,12,0,0,0,131.3,0.0,,6.0,10.7,15716926.969999999,159450358.0,27.0,29.0,18.0,25.0,116.4,,MEDIUM,0
FOL,2023,1,0,0,0,94.45,0.03,,8.0,10.0,13711832.989999995,162872856.0,14.0,15.0,11.0,11.0,121.7,,MEDIUM,0
FOL,2023,2,0,0,0,94.35,0.12,,7.0,7.3,13471421.14,162909676.0,16.0,15.0,13.0,20.0,128.7,,MEDIUM,0
FOL,2023,3,0,0,0,144.35,20.8,,15.0,5.5,13628297.780000001,162805295.0,21.0,21.0,20.0,16.0,137.4,,MEDIUM,0
FOL,2023,4,0,0,0,81.45,0.0,,16.0,7.5,13145882.469999999,169095854.0,23.0,24.0,20.0,16.0,143.1,,MEDIUM,0
FOL,2023,5,4,0,0,40.0,0.0,,6.0,2.0,13652250.24000001,169192903.0,19.0,20.0,15.0,16.0,146.4,,MEDIUM,0
FOL,2023,6,4,2,0,69.4,0.09,,9.0,4.1,13459785.900000006,169555674.0,6.0,3.0,15.0,11.0,143.2,,MEDIUM,0
FOL,2023,7,26,21,8,88.35,0.02,,8.0,8.3,12193736.16,157655411.0,19.0,20.0,15.0,19.0,139.3,,MEDIUM,0
FOL,2023,8,24,13,3,123.85,5.6,,9.0,8.4,13524481.690000001,157663911.0,18.0,19.0,7.0,19.0,140.5,,MEDIUM,0
FOL,2023,9,6,0,0,145.85,0.0,,4.0,6.9,12791716.36,157694372.0,17.0,18.0,4.0,19.0,140.2,,MEDIUM,0
FOL,2023,10,4,0,0,1243.0,0.0,,6.0,7.7,12721212.32,157793032.0,18.0,19.0,4.0,22.0,138.9,,MEDIUM,0
FOL,2023,11,0,0,0,249.0,0.0,,11.0,5.2,14291328.479999997,157931943.0,18.0,20.0,4.0,18.0,136.9,,MEDIUM,0
FOL,2023,12,0,0,0,45.0,0.0,,7.0,12.9,15629934.800000004,158000143.0,16.0,19.0,7.0,10.0,134.9,,MEDIUM,0
FOL,2024,1,0,0,0,30.0,0.0,,14.0,13.0,14622881.439999998,159345836.0,16.0,19.0,7.0,9.0,133.9,,MEDIUM,0
FOL,2024,2,0,0,0,10.0,0.0,,5.0,6.5,14399474.489999995,159613711.0,14.0,16.0,7.0,9.0,131.2,,MEDIUM,0
FOL,2024,3,0,0,0,65.0,0.0,,8.0,8.7,15057295.969999999,159591727.0,14.0,15.0,7.0,9.0,128.9,,MEDIUM,0
FOL,2024,4,0,0,0,18.0,0.0,,3.0,11.3,14145396.540000007,167871348.0,14.0,15.0,7.0,14.0,125.9,,MEDIUM,0
FOL,2024,5,3,0,0,36.5,0.0,,8.0,8.2,13565868.210000008,168025580.0,12.0,13.0,7.0,14.0,124.8,,MEDIUM,0
FOL,2024,6,17,12,0,15.0,0.0,,9.0,8.7,13576686.01999998,168028502.0,13.0,13.0,7.0,19.0,126.4,,MEDIUM,0
FOL,2024,7,28,25,15,35.0,0.0,,9.0,5.6,12834546.31,166451178.0,14.0,13.0,11.0,19.0,132.3,,MEDIUM,0
FOL,2024,8,20,15,0,20.0,0.0,,6.0,8.7,13018410.85,166581564.0,14.0,13.0,18.0,19.0,135.4,,MEDIUM,0
FOL,2024,9,13,8,0,38.0,0.0,1.0,11.0,11.1,12517594.010000002,166735333.0,14.0,12.0,18.0,19.0,134.8,,MEDIUM,0
FOL,2024,10,8,8,0,15.0,0.0,,9.0,11.0,12870022.21,166726712.0,14.0,12.0,18.0,19.0,133.0,,MEDIUM,0
FOL,2024,11,0,0,0,23.0,0.0,,12.0,9.4,14237399.189999998,166639970.0,13.0,13.0,11.0,19.0,137.8,,MEDIUM,0
FOL,2024,12,0,0,0,10.0,0.0,,7.0,6.3,13434626.520000003,160490012.0,14.0,15.0,7.0,14.0,135.4,,MEDIUM,0
FOL,2025,1,0,0,0,23.0,0.0,,13.0,8.5,13848122.099999994,160569927.0,14.0,12.0,7.0,33.0,133.9,,MEDIUM,0
FOL,2025,2,0,0,0,23.0,0.0,1.0,11.0,7.9,13560310.730000004,160636388.0,14.0,11.0,7.0,33.0,136.4,,MEDIUM,0
FOL,2025,3,0,0,0,33.0,7.63,,17.0,14.9,12716271.450000003,160828414.0,14.0,10.0,18.0,33.0,137.0,,MEDIUM,0
FOL,2025,4,0,0,0,5.0,0.0,,15.0,8.1,13062915.879999995,162250298.0,16.0,12.0,22.0,28.0,138.3,,MEDIUM,0
FOL,2025,5,4,2,0,75.0,0.0,1.0,8.0,11.1,13176703.360000014,162295599.0,15.0,11.0,22.0,28.0,138.8,,MEDIUM,0
FOL,2025,6,14,6,0,5.0,13.0,1.0,15.0,9.8,12922503.669999987,162547295.0,16.0,13.0,22.0,22.0,137.0,,MEDIUM,0
FOL,2025,7,19,10,1,,,,,11.6,,,15.0,12.0,22.0,22.0,134.8,,MEDIUM,0
FOL,2025,8,25,16,4,,,,,7.3,,,14.0,11.0,22.0,18.0,132.0,,MEDIUM,0
FOL,2025,9,9,5,0,,,,,10.0,,,12.0,11.0,18.0,12.0,132.3,,MEDIUM,0
FOL,2025,10,0,0,0,,,,,10.5,,,13.0,11.0,18.0,17.0,132.5,,MEDIUM,0
FOL,2025,11,0,0,0,,,,,5.0,,,12.0,11.0,15.0,17.0,129.8,,MEDIUM,0
FOL,2025,12,0,0,0,,,,,7.6,,,13.0,12.0,15.0,17.0,131.0,,MEDIUM,0
FWF,2016,1,0,0,0,,,,,,,,,,,,,,MEDIUM,0
FWF,2016,2,0,0,0,,,,,,,,,,,,,,MEDIUM,0
FWF,2016,3,0,0,0,,,,,,,,,,,,,,MEDIUM,0
FWF,2016,4,0,0,0,,,,,,,,,,,,,,MEDIUM,0
FWF,2016,5,5,1,0,,,,,,,,,,,,,,MEDIUM,0
FWF,2016,6,17,13,2,,,,,,,,,,,,,,MEDIUM,0
FWF,2016,7,22,13,6,,,,,,,,,,,,,,MEDIUM,0
FWF,2016,8,20,9,0,,,,,,,,,,,,,,MEDIUM,0
FWF,2016,9,13,4,0,,,,,,,,,,,,,,MEDIUM,0
FWF,2016,10,0,0,0,,,,,,,,,,,,,,MEDIUM,0
FWF,2016,11,0,0,0,,,,,,,,,,,,,,MEDIUM,0
FWF,2016,12,0,0,0,,,,,,,,,,,,,,MEDIUM,0
FWF,2017,1,0,0,0,,,,,,,,,,,,,,MEDIUM,0
FWF,2017,2,0,0,0,,,,,,,,,,,,,,MEDIUM,0
FWF,2017,3,0,0,0,,,,,,,,,,,,,,MEDIUM,0
FWF,2017,4,0,0,0,,,,,,,,,,,,,,MEDIUM,0
FWF,2017,5,4,2,0,,,,,,,,,,,,,,MEDIUM,0
FWF,2017,6,16,9,5,,,,,,,,,,,,,,MEDIUM,0
FWF,2017,7,31,23,7,,,,,,,,,,,,,,MEDIUM,0
FWF,2017,8,27,15,6,,,,,,,,,,,,,,MEDIUM,0
FWF,2017,9,11,6,3,,,,,,,,,,,,,,MEDIUM,0
FWF,2017,10,0,0,0,,,,,,,,,,,,,,MEDIUM,0
FWF,2017,11,0,0,0,,,,,,,,,,,,,,MEDIUM,0
FWF,2017,12,0,0,0,,,,,,,,,,,,,,MEDIUM,0
FWF,2018,1,0,0,0,,,,,,,,,,,,,,MEDIUM,0
FWF,2018,2,0,0,0,,,,,,,,,,,,,,MEDIUM,0
FWF,2018,3,0,0,0,,,,,,,,,,,,,,MEDIUM,0
FWF,2018,4,0,0,0,,,,,,,,,,,,,,MEDIUM,0
FWF,2018,5,2,1,0,,,,,,,,,,,,,,MEDIUM,0
FWF,2018,6,15,8,0,,,,,,,,,,,,,,MEDIUM,0
FWF,2018,7,29,25,6,,,,,,,,,,,,,,MEDIUM,0
FWF,2018,8,18,12,0,,,,,,,,,,,,,,MEDIUM,0
FWF,2018,9,16,2,0,,,,,,,,,,,,,,MEDIUM,0
FWF,2018,10,0,0,0,,,,,,,,,,,,,,MEDIUM,0
FWF,2018,11,0,0,0,,,,,,,,,,,,,,MEDIUM,0
FWF,2018,12,0,0,0,,,,,,,,,,,,,,MEDIUM,0
FWF,2019,1,0,0,0,,,,,,,,,,,,,,MEDIUM,0
FWF,2019,2,0,0,0,,,,,,,,,,,,,,MEDIUM,0
FWF,2019,3,0,0,0,,,,,,,,,,,,,,MEDIUM,0
FWF,2019,4,0,0,0,,,,,,,,,,,,,,MEDIUM,0
FWF,2019,5,0,0,0,,,,,,,,,,,,,,MEDIUM,0
FWF,2019,6,13,6,0,,,,,,,,,,,,,,MEDIUM,0
FWF,2019,7,24,11,2,,,,,,,,,,,,,,MEDIUM,0
FWF,2019,8,23,17,2,,,,,,,,,,,,,,MEDIUM,0
FWF,2019,9,11,7,0,,,,,,,,,,,,,,MEDIUM,0
FWF,2019,10,0,0,0,,,,,,,,,,,,,,MEDIUM,0
FWF,2019,11,0,0,0,,,,,,,,,,,,,,MEDIUM,0
FWF,2019,12,0,0,0,,,,,,,,,,,,,,MEDIUM,0
FWF,2020,1,0,0,0,,,,,,,,,,,,,,MEDIUM,0
FWF,2020,2,0,0,0,,,,,,,,,,,,,,MEDIUM,0
FWF,2020,3,0,0,0,,,,,,,,,,,,,,MEDIUM,0
FWF,2020,4,0,0,0,,,,,,,,,,,,,,MEDIUM,0
FWF,2020,5,6,4,0,,,,,,,,,,,,,,MEDIUM,0
FWF,2020,6,16,9,1,,,,,,,,,,,,,,MEDIUM,0
FWF,2020,7,26,17,2,,,,,,,,,,,,,,MEDIUM,0
FWF,2020,8,29,16,4,,,,,,,,,,,,,,MEDIUM,0
FWF,2020,9,11,5,2,,,,,,,,,,,,,,MEDIUM,0
FWF,2020,10,8,0,0,,,,,,,,,,,,,,MEDIUM,0
FWF,2020,11,0,0,0,,,,,,,,,,,,,,MEDIUM,0
FWF,2020,12,0,0,0,,,,,,,,,,,,,,MEDIUM,0
FWF,2021,1,0,0,0,,,,,,,,,,,,,,MEDIUM,0
FWF,2021,2,0,0,0,,,,,,,,,,,,,,MEDIUM,0
FWF,2021,3,0,0,0,,,,,,,,,,,,,,MEDIUM,0
FWF,2021,4,0,0,0,,,,,,,,,,,,,,MEDIUM,0
FWF,2021,5,3,1,0,,,,,,,,,,,,,,MEDIUM,0
FWF,2021,6,15,8,2,,,,,,,,,,,,,,MEDIUM,0
FWF,2021,7,26,15,5,,0.0,,,,,,,,,,,,MEDIUM,0
FWF,2021,8,18,10,0,,0.0,,,,,,,,,,,,MEDIUM,0
FWF,2021,9,13,5,0,,0.0,,,,,,,,,,,,MEDIUM,0
FWF,2021,10,0,0,0,,0.0,,,,,,,,,,,,MEDIUM,0
FWF,2021,11,0,0,0,,0.0,,,,,,,,,,59.6,,MEDIUM,0
FWF,2021,12,0,0,0,,16.41,,,,,,,,,,55.6,,MEDIUM,0
FWF,2022,1,0,0,0,,34.32,,,,,,,,,,49.4,,MEDIUM,0
FWF,2022,2,0,0,0,,27.14,,,,,,,,,,46.9,,MEDIUM,0
FWF,2022,3,0,0,0,,0.0,,,,,,,,,,45.2,,MEDIUM,0
FWF,2022,4,0,0,0,,0.0,,,,,,,,,,53.6,,MEDIUM,0
FWF,2022,5,4,1,0,,0.0,,,,,,,,,,67.5,,MEDIUM,0
FWF,2022,6,16,11,0,,23.3,,,,,,,,,,68.0,,MEDIUM,0
FWF,2022,7,23,19,3,,10.25,,,,,,,,,,60.3,,MEDIUM,0
FWF,2022,8,28,16,3,,20.79,,,,,,,,,,50.6,,MEDIUM,0
FWF,2022,9,14,9,8,,0.0,,,,,,,,,,45.2,,MEDIUM,0
FWF,2022,10,5,0,0,,1.38,,,,,,,,,,45.2,,MEDIUM,0
FWF,2022,11,0,0,0,,0.46,,,,,,,,,,52.9,,MEDIUM,0
FWF,2022,12,0,0,0,,2.11,,,,,,,,,,20.1,,MEDIUM,0
FWF,2023,1,0,0,0,,,,,,,,,,,,,,MEDIUM,0
FWF,2023,2,0,0,0,,,,,,,,,,,,,,MEDIUM,0
FWF,2023,3,0,0,0,,,,,,,,,,,,,,MEDIUM,0
FWF,2023,4,0,0,0,,,,,,,,,,,,,,MEDIUM,0
FWF,2023,5,4,0,0,,,,,,,,,,,,,,MEDIUM,0
FWF,2023,6,4,2,0,,,,,,,,,,,,,,MEDIUM,0
FWF,2023,7,25,22,8,,,,,,,,,,,,,,MEDIUM,0
FWF,2023,8,25,13,3,,,,,,,,,,,,,,MEDIUM,0
FWF,2023,9,6,0,0,,,,,,,,,,,,,,MEDIUM,0
FWF,2023,10,4,0,0,,,,,,,,,,,,,,MEDIUM,0
FWF,2023,11,0,0,0,,,,,,,,,,,,,,MEDIUM,0
FWF,2023,12,0,0,0,,,,,,,,,,,,,,MEDIUM,0
FWF,2024,1,0,0,0,,,,,,,,,,,,,,MEDIUM,0
FWF,2024,2,0,0,0,,,,,,,,,,,,,,MEDIUM,0
FWF,2024,3,0,0,0,,,,,,,,,,,,,,MEDIUM,0
FWF,2024,4,0,0,0,,,,,,,,,,,,,,MEDIUM,0
FWF,2024,5,3,0,0,,,,,,,,,,,,,,MEDIUM,0
FWF,2024,6,17,11,0,,,,,,,,,,,,,,MEDIUM,0
FWF,2024,7,27,23,15,,,,,,,,,,,,,,MEDIUM,0
FWF,2024,8,19,12,0,,,,,,,,,,,,,,MEDIUM,0
FWF,2024,9,13,8,0,,,,,,,,,,,,,,MEDIUM,0
FWF,2024,10,8,8,0,,,,,,,,,,,,,,MEDIUM,0
FWF,2024,11,0,0,0,,,,,,,,,,,,,,MEDIUM,0
FWF,2024,12,0,0,0,,,,,,,,,,,,,,MEDIUM,0
FWF,2025,1,0,0,0,,,,,,,,,,,,,,MEDIUM,0
FWF,2025,2,0,0,0,,,,,,,,,,,,,,MEDIUM,0
FWF,2025,3,0,0,0,,,,,,,,,,,,,,MEDIUM,0
FWF,2025,4,0,0,0,,,,,,,,,,,,,,MEDIUM,0
FWF,2025,5,4,2,0,,,,,,,,,,,,,,MEDIUM,0
FWF,2025,6,13,3,0,,,,,,,,,,,,,,MEDIUM,0
FWF,2025,7,18,8,0,,,,,,,,,,,,,,MEDIUM,0
FWF,2025,8,24,15,3,,,,,,,,,,,,,,MEDIUM,0
FWF,2025,9,8,4,0,,,,,,,,,,,,,,MEDIUM,0
FWF,2025,10,0,0,0,,,,,,,,,,,,,,MEDIUM,0
FWF,2025,11,0,0,0,,,,,,,,,,,,,,MEDIUM,0
FWF,2025,12,0,0,0,,,,,,,,,,,,,,MEDIUM,0
HDSP,2016,1,0,0,0,,,,,,,,,,,,154.1,mixed_evaporative,MAXIMUM,0
HDSP,2016,2,0,0,0,,,,,,,,,,,,155.2,mixed_evaporative,MAXIMUM,0
HDSP,2016,3,0,0,0,,,,,,,,,,,,157.1,mixed_evaporative,MAXIMUM,0
HDSP,2016,4,0,0,0,,,,,,,,,,,,156.2,mixed_evaporative,MAXIMUM,0
HDSP,2016,5,0,0,0,,,,,,,,,,,,159.0,mixed_evaporative,MAXIMUM,0
HDSP,2016,6,11,2,0,,,,,,,,,,,,159.6,mixed_evaporative,MAXIMUM,0
HDSP,2016,7,14,7,5,,,,,,,,,,,,160.2,mixed_evaporative,MAXIMUM,0
HDSP,2016,8,20,9,5,,,,,,,,,,,,164.1,mixed_evaporative,MAXIMUM,0
HDSP,2016,9,1,0,0,,,,,,,,,,,,162.9,mixed_evaporative,MAXIMUM,0
HDSP,2016,10,0,0,0,,,,,,,,,,,,160.5,mixed_evaporative,MAXIMUM,0
HDSP,2016,11,0,0,0,,,,,,,,,,,,160.7,mixed_evaporative,MAXIMUM,0
HDSP,2016,12,0,0,0,,,,,,,,,,,,160.6,mixed_evaporative,MAXIMUM,0
HDSP,2017,1,0,0,0,,,,,5.8,,,22.0,24.0,6.0,24.0,160.2,mixed_evaporative,MAXIMUM,0
HDSP,2017,2,0,0,0,,,,,8.3,,,23.0,23.0,15.0,27.0,159.3,mixed_evaporative,MAXIMUM,0
HDSP,2017,3,0,0,0,,,,,8.0,,,22.0,24.0,3.0,24.0,157.2,mixed_evaporative,MAXIMUM,0
HDSP,2017,4,0,0,0,,,,,8.3,,,21.0,22.0,3.0,27.0,159.5,mixed_evaporative,MAXIMUM,0
HDSP,2017,5,0,0,0,,,,,9.5,,,20.0,20.0,3.0,29.0,163.1,mixed_evaporative,MAXIMUM,0
HDSP,2017,6,11,5,4,,,,,13.2,,,19.0,19.0,3.0,27.0,161.3,mixed_evaporative,MAXIMUM,0
HDSP,2017,7,27,9,3,,,,,9.0,,,20.0,18.0,6.0,31.0,155.1,mixed_evaporative,MAXIMUM,0
HDSP,2017,8,17,7,6,,,,,4.3,,,21.0,21.0,6.0,33.0,153.0,mixed_evaporative,MAXIMUM,0
HDSP,2017,9,6,4,4,,,,,8.4,,,21.0,23.0,6.0,26.0,155.6,mixed_evaporative,MAXIMUM,0
HDSP,2017,10,0,0,0,,,,,11.2,,,19.0,21.0,6.0,21.0,151.3,mixed_evaporative,MAXIMUM,0
HDSP,2017,11,0,0,0,,,,,8.1,,,18.0,20.0,3.0,19.0,148.5,mixed_evaporative,MAXIMUM,0
HDSP,2017,12,0,0,0,,,,,10.1,,,19.0,20.0,3.0,22.0,147.5,mixed_evaporative,MAXIMUM,0
HDSP,2018,1,0,0,0,,,,,6.7,,,20.0,21.0,3.0,22.0,146.9,mixed_evaporative,MAXIMUM,0
HDSP,2018,2,0,0,0,,,,,11.7,,,21.0,23.0,6.0,22.0,149.6,mixed_evaporative,MAXIMUM,0
HDSP,2018,3,0,0,0,,,,,9.5,,,19.0,22.0,6.0,16.0,149.5,mixed_evaporative,MAXIMUM,0
HDSP,2018,4,0,0,0,,,,,6.7,,,21.0,24.0,6.0,19.0,149.1,mixed_evaporative,MAXIMUM,0
HDSP,2018,5,0,0,0,,,,,7.0,,,21.0,24.0,10.0,21.0,148.4,mixed_evaporative,MAXIMUM,0
HDSP,2018,6,4,0,0,,,,,9.5,,,22.0,25.0,13.0,20.0,146.2,mixed_evaporative,MAXIMUM,0
HDSP,2018,7,27,15,12,,,,,6.9,,,23.0,26.0,10.0,20.0,150.0,mixed_evaporative,MAXIMUM,0
HDSP,2018,8,17,6,5,,,,,5.8,,,21.0,23.0,6.0,25.0,147.3,mixed_evaporative,MAXIMUM,0
HDSP,2018,9,4,0,0,,,,,5.2,,,19.0,22.0,3.0,20.0,144.2,mixed_evaporative,MAXIMUM,0
HDSP,2018,10,0,0,0,,,,,6.1,,,18.0,20.0,3.0,22.0,142.0,mixed_evaporative,MAXIMUM,0
HDSP,2018,11,0,0,0,,,,,9.2,,,18.0,20.0,0.0,25.0,143.7,mixed_evaporative,MAXIMUM,0
HDSP,2018,12,0,0,0,,,,,8.2,,,16.0,17.0,0.0,25.0,143.5,mixed_evaporative,MAXIMUM,0
HDSP,2019,1,0,0,0,,,,,8.6,,,17.0,17.0,0.0,27.0,139.4,mixed_evaporative,MAXIMUM,0
HDSP,2019,2,0,0,0,,,,,8.8,,,15.0,16.0,0.0,23.0,136.8,mixed_evaporative,MAXIMUM,0
HDSP,2019,3,0,0,0,,,,,10.2,,,16.0,17.0,0.0,23.0,138.7,mixed_evaporative,MAXIMUM,0
HDSP,2019,4,0,0,0,,,,,8.1,,,16.0,17.0,0.0,23.0,137.1,mixed_evaporative,MAXIMUM,0
HDSP,2019,5,0,0,0,,,,,5.5,,,16.0,18.0,0.0,20.0,134.6,mixed_evaporative,MAXIMUM,0
HDSP,2019,6,2,0,0,,,,,4.4,,,16.0,17.0,0.0,23.0,134.6,mixed_evaporative,MAXIMUM,0
HDSP,2019,7,14,1,0,,,,,4.3,,,20.0,21.0,0.0,28.0,134.7,mixed_evaporative,MAXIMUM,0
HDSP,2019,8,22,4,1,,,,,6.6,,,20.0,22.0,0.0,26.0,142.9,mixed_evaporative,MAXIMUM,0
HDSP,2019,9,4,0,0,,,,,9.9,,,22.0,25.0,0.0,26.0,137.3,mixed_evaporative,MAXIMUM,0
HDSP,2019,10,0,0,0,,,,,11.8,,,22.0,25.0,0.0,26.0,137.7,mixed_evaporative,MAXIMUM,0
HDSP,2019,11,0,0,0,,,,,10.5,,,20.0,22.0,0.0,24.0,136.1,mixed_evaporative,MAXIMUM,0
HDSP,2019,12,0,0,0,,,,,8.1,,,18.0,20.0,3.0,22.0,133.8,mixed_evaporative,MAXIMUM,0
HDSP,2020,1,0,0,0,,,,,8.7,,,17.0,18.0,3.0,22.0,136.0,mixed_evaporative,MAXIMUM,0
HDSP,2020,2,0,0,0,,,,,9.3,,,17.0,19.0,3.0,21.0,140.1,mixed_evaporative,MAXIMUM,0
HDSP,2020,3,0,0,0,,,,,8.2,,,17.0,19.0,3.0,18.0,144.2,mixed_evaporative,MAXIMUM,0
HDSP,2020,4,0,0,0,,,,,10.2,,,16.0,17.0,6.0,18.0,141.4,mixed_evaporative,MAXIMUM,0
HDSP,2020,5,3,0,0,,,,,11.3,,,16.0,18.0,6.0,16.0,148.6,mixed_evaporative,MAXIMUM,0
HDSP,2020,6,10,3,3,,,,,11.0,,,18.0,21.0,3.0,15.0,153.7,mixed_evaporative,MAXIMUM,0
HDSP,2020,7,20,9,7,,,,,11.6,,,17.0,20.0,3.0,15.0,148.9,mixed_evaporative,MAXIMUM,0
HDSP,2020,8,20,4,2,,,,,4.9,,,17.0,17.0,3.0,27.0,144.1,mixed_evaporative,MAXIMUM,0
HDSP,2020,9,6,4,4,,,,,4.6,,,17.0,17.0,3.0,28.0,144.2,mixed_evaporative,MAXIMUM,0
HDSP,2020,10,0,0,0,,,,,8.1,,,18.0,17.0,3.0,30.0,143.8,mixed_evaporative,MAXIMUM,0
HDSP,2020,11,0,0,0,,,,,6.9,,,18.0,18.0,3.0,30.0,143.6,mixed_evaporative,MAXIMUM,0
HDSP,2020,12,0,0,0,,,,,5.9,,,19.0,19.0,3.0,30.0,142.1,mixed_evaporative,MAXIMUM,0
HDSP,2021,1,0,0,0,,,,,8.3,,,20.0,21.0,0.0,29.0,0.0,mixed_evaporative,MAXIMUM,0
HDSP,2021,2,0,0,0,,,,,7.4,,,21.0,22.0,0.0,29.0,141.6,mixed_evaporative,MAXIMUM,0
HDSP,2021,3,0,0,0,,,,,12.5,,,21.0,22.0,3.0,27.0,141.7,mixed_evaporative,MAXIMUM,0
HDSP,2021,4,0,0,0,,,,,11.7,,,23.0,24.0,6.0,29.0,142.1,mixed_evaporative,MAXIMUM,0
HDSP,2021,5,1,0,0,,,,,6.6,,,23.0,25.0,6.0,29.0,140.4,mixed_evaporative,MAXIMUM,0
HDSP,2021,6,16,10,7,,,,,6.0,,,24.0,25.0,10.0,29.0,141.4,mixed_evaporative,MAXIMUM,0
HDSP,2021,7,29,19,15,153.15,2.79,,19.0,9.0,14270697.14,163877563.0,23.0,25.0,0.0,28.0,138.6,mixed_evaporative,MAXIMUM,0
HDSP,2021,8,15,9,8,114.95,4.27,,21.0,10.8,16033158.370000001,163848661.0,24.0,25.0,3.0,33.0,139.1,mixed_evaporative,MAXIMUM,0
HDSP,2021,9,5,3,1,136.25,5.09,,23.0,11.8,15376117.080000002,163848661.0,25.0,26.0,3.0,35.0,138.0,mixed_evaporative,MAXIMUM,0
HDSP,2021,10,0,0,0,106.4,0.0,1.0,31.0,11.8,14038475.559999995,164490317.0,28.0,29.0,3.0,39.0,137.4,mixed_evaporative,MAXIMUM,0
HDSP,2021,11,0,0,0,182.7,1.27,,34.0,8.9,14074553.059999995,172628499.0,29.0,30.0,7.0,39.0,126.9,mixed_evaporative,MAXIMUM,0
HDSP,2021,12,0,0,0,57.05,3.54,,16.0,8.6,18312924.16000001,172628499.0,30.0,32.0,7.0,39.0,99.7,mixed_evaporative,MAXIMUM,0
HDSP,2022,1,0,0,0,70.3,23.34,,7.0,9.6,13813336.569999993,172863444.0,30.0,33.0,7.0,32.0,96.1,mixed_evaporative,MAXIMUM,0
HDSP,2022,2,0,0,0,74.5,21.47,,10.0,9.3,13817628.769999996,173668637.0,32.0,35.0,7.0,34.0,95.7,mixed_evaporative,MAXIMUM,0
HDSP,2022,3,0,0,0,87.3,0.0,,31.0,12.4,13963154.980000004,173511932.0,33.0,36.0,10.0,34.0,96.9,mixed_evaporative,MAXIMUM,0
HDSP,2022,4,0,0,0,95.85,0.0,,22.0,12.4,12846672.860000014,181808166.0,33.0,36.0,10.0,37.0,101.7,mixed_evaporative,MAXIMUM,0
HDSP,2022,5,0,0,0,75.9,3.41,,23.0,10.1,13327770.939999998,180277927.0,32.0,35.0,4.0,37.0,93.3,mixed_evaporative,MAXIMUM,0
HDSP,2022,6,4,0,0,75.9,3.9,,18.0,10.6,14384526.50999999,180893208.0,31.0,33.0,0.0,40.0,83.1,mixed_evaporative,MAXIMUM,0
HDSP,2022,7,22,15,13,55.75,0.0,,10.0,10.1,13748315.88,171038637.0,30.0,34.0,14.0,21.0,78.4,mixed_evaporative,MAXIMUM,0
HDSP,2022,8,26,8,2,55.45,0.0,,22.0,8.7,14904994.94,171082170.0,30.0,34.0,7.0,24.0,76.5,mixed_evaporative,MAXIMUM,0
HDSP,2022,9,8,8,8,81.9,0.0,,17.0,11.3,13855137.89,171129841.0,31.0,35.0,7.0,24.0,74.2,mixed_evaporative,MAXIMUM,0
HDSP,2022,10,0,0,0,73.5,5.17,,9.0,8.6,15034319.030000001,171356323.0,32.0,34.0,7.0,35.0,100.7,mixed_evaporative,MAXIMUM,0
HDSP,2022,11,0,0,0,106.8,3.02,,9.0,10.8,15324019.729999997,176895187.0,32.0,35.0,7.0,37.0,98.6,mixed_evaporative,MAXIMUM,0
HDSP,2022,12,0,0,0,61.95,0.0,,8.0,10.4,19993527.5,177181387.0,32.0,34.0,7.0,37.0,101.6,mixed_evaporative,MAXIMUM,0
HDSP,2023,1,0,0,0,63.05,1.38,,10.0,14.7,16272496.680000007,180453095.0,34.0,37.0,11.0,34.0,89.6,mixed_evaporative,MAXIMUM,0
HDSP,2023,2,0,0,0,59.2,2.78,,9.0,3.4,17158366.459999993,181248405.0,36.0,40.0,11.0,34.0,85.2,mixed_evaporative,MAXIMUM,0
HDSP,2023,3,0,0,0,83.9,0.0,,26.0,10.3,17243025.790000007,181029022.0,42.0,46.0,17.0,34.0,99.7,mixed_evaporative,MAXIMUM,0
HDSP,2023,4,0,0,0,62.4,0.0,,19.0,8.7,17394068.22,199235304.0,43.0,46.0,23.0,38.0,108.8,mixed_evaporative,MAXIMUM,0
HDSP,2023,5,1,0,0,70.75,6.36,,12.0,5.7,16442894.969999999,199738304.0,30.0,32.0,13.0,34.0,108.3,mixed_evaporative,MAXIMUM,0
HDSP,2023,6,1,0,0,64.35,18.23,1.0,16.0,9.8,17508066.199999988,199773626.0,34.0,36.0,17.0,31.0,105.3,mixed_evaporative,MAXIMUM,0
HDSP,2023,7,26,10,8,56.5,11.76,,20.0,13.6,17954654.43,197780391.0,30.0,28.0,23.0,51.0,103.3,mixed_evaporative,MAXIMUM,0
HDSP,2023,8,15,3,1,57.35,3.98,,26.0,14.8,19046030.119999997,197811576.0,25.0,23.0,10.0,51.0,108.5,mixed_evaporative,MAXIMUM,0
HDSP,2023,9,0,0,0,95.7,1.59,,13.0,17.2,18992417.46,198154799.0,24.0,21.0,10.0,52.0,105.9,mixed_evaporative,MAXIMUM,0
HDSP,2023,10,0,0,0,1186.0,1.59,,21.0,17.6,18491063.869999997,198248975.0,23.0,20.0,7.0,47.0,102.1,mixed_evaporative,MAXIMUM,0
HDSP,2023,11,0,0,0,1044.5,3.51,,12.0,19.6,20119492.22,199519395.0,22.0,20.0,7.0,42.0,98.2,mixed_evaporative,MAXIMUM,0
HDSP,2023,12,0,0,0,1120.0,2.85,,11.0,21.0,23097836.74000001,199571162.0,22.0,20.0,7.0,40.0,95.9,mixed_evaporative,MAXIMUM,0
HDSP,2024,1,0,0,0,1152.5,0.2,,20.0,15.2,20283737.71000001,201272300.0,22.0,19.0,7.0,44.0,96.1,mixed_evaporative,MAXIMUM,0
HDSP,2024,2,0,0,0,1116.0,1.77,,10.0,18.6,19064158.70999998,202402179.0,25.0,23.0,7.0,44.0,102.1,mixed_evaporative,MAXIMUM,0
HDSP,2024,3,0,0,0,1161.25,1.02,,16.0,21.1,20639956.820000023,202935408.0,25.0,23.0,3.0,44.0,112.2,mixed_evaporative,MAXIMUM,0
HDSP,2024,4,0,0,0,1129.25,1.12,,25.0,20.2,19943866.589999974,235696490.0,24.0,22.0,7.0,40.0,112.8,mixed_evaporative,MAXIMUM,0
HDSP,2024,5,0,0,0,204.5,0.0,1.0,32.0,19.7,18684209.27000001,235901560.0,24.0,23.0,7.0,41.0,109.7,mixed_evaporative,MAXIMUM,0
HDSP,2024,6,12,2,0,210.0,0.0,,37.0,14.9,20066508.47,235932972.0,33.0,26.0,7.0,65.0,109.0,mixed_evaporative,MAXIMUM,0
HDSP,2024,7,25,18,15,1121.0,0.0,,32.0,20.0,18170499.07,230765297.0,32.0,26.0,10.0,59.0,109.4,mixed_evaporative,MAXIMUM,0
HDSP,2024,8,13,4,1,237.25,0.0,,35.0,27.3,19372740.25,230780236.0,32.0,26.0,13.0,59.0,116.3,mixed_evaporative,MAXIMUM,0
HDSP,2024,9,3,0,0,274.75,0.24,,33.0,23.5,18277587.240000002,231533201.0,33.0,28.0,10.0,62.0,121.5,mixed_evaporative,MAXIMUM,0
HDSP,2024,10,1,0,0,255.75,0.0,,36.0,27.5,18871052.64,231890938.0,34.0,28.0,10.0,64.0,123.5,mixed_evaporative,MAXIMUM,0
HDSP,2024,11,0,0,0,293.75,6.51,,35.0,27.4,19707901.989999995,232895612.0,33.0,28.0,10.0,63.0,122.6,mixed_evaporative,MAXIMUM,0
HDSP,2024,12,0,0,0,183.5,3.83,,39.0,22.2,19913307.560000002,218463006.0,32.0,27.0,7.0,63.0,121.4,mixed_evaporative,MAXIMUM,0
HDSP,2025,1,0,0,0,270.75,0.0,,33.0,16.6,19032576.180000007,218675109.0,34.0,28.0,10.0,63.0,134.6,mixed_evaporative,MAXIMUM,0
HDSP,2025,2,0,0,0,250.75,0.9,,40.0,12.0,19710958.159999996,219760075.69,34.0,29.0,10.0,62.0,134.2,mixed_evaporative,MAXIMUM,0
HDSP,2025,3,0,0,0,263.0,10.13,,23.0,12.8,18218155.28999999,219874457.69,33.0,28.0,16.0,61.0,139.5,mixed_evaporative,MAXIMUM,0
HDSP,2025,4,0,0,0,265.5,0.02,,38.0,13.6,18634705.890000015,229458853.69,33.0,27.0,16.0,60.0,135.7,mixed_evaporative,MAXIMUM,0
HDSP,2025,5,3,2,1,258.3,0.0,,23.0,16.6,17919910.189999998,229491790.69,33.0,28.0,16.0,58.0,130.5,mixed_evaporative,MAXIMUM,0
HDSP,2025,6,12,3,2,297.3,11.21,1.0,31.0,17.1,18420746.919999987,229672414.69,31.0,26.0,13.0,57.0,126.6,mixed_evaporative,MAXIMUM,0
HDSP,2025,7,21,9,7,,,,,15.4,,,34.0,27.0,13.0,61.0,121.6,mixed_evaporative,MAXIMUM,0
HDSP,2025,8,19,8,6,,,,,18.3,,,35.0,28.0,13.0,61.0,114.5,mixed_evaporative,MAXIMUM,0
HDSP,2025,9,4,0,0,,,,,15.3,,,34.0,29.0,10.0,59.0,124.6,mixed_evaporative,MAXIMUM,0
HDSP,2025,10,0,0,0,,,,,15.4,,,33.0,28.0,10.0,58.0,131.6,mixed_evaporative,MAXIMUM,0
HDSP,2025,11,0,0,0,,,,,19.6,,,33.0,28.0,10.0,58.0,135.2,mixed_evaporative,MAXIMUM,0
HDSP,2025,12,0,0,0,,,,,14.5,,,32.0,27.0,6.0,58.0,139.2,mixed_evaporative,MAXIMUM,0
ISP,2016,1,0,0,0,,,,,,,,,,,,156.5,mechanical,MEDIUM,0
ISP,2016,2,1,0,0,,,,,,,,,,,,154.9,mechanical,MEDIUM,0
ISP,2016,3,7,0,0,,,,,,,,,,,,159.2,mechanical,MEDIUM,0
ISP,2016,4,10,5,0,,,,,,,,,,,,154.4,mechanical,MEDIUM,0
ISP,2016,5,19,9,0,,,,,,,,,,,,147.5,mechanical,MEDIUM,0
ISP,2016,6,30,30,2,,,,,,,,,,,,146.6,mechanical,MEDIUM,0
ISP,2016,7,31,31,0,,,,,,,,,,,,142.3,mechanical,MEDIUM,0
ISP,2016,8,31,31,0,,,,,,,,,,,,143.7,mechanical,MEDIUM,0
ISP,2016,9,27,20,0,,,,,,,,,,,,145.2,mechanical,MEDIUM,0
ISP,2016,10,18,6,0,,,,,,,,,,,,142.6,mechanical,MEDIUM,0
ISP,2016,11,1,0,0,,,,,,,,,,,,137.4,mechanical,MEDIUM,0
ISP,2016,12,0,0,0,,,,,,,,,,,,137.3,mechanical,MEDIUM,0
ISP,2017,1,0,0,0,,,,,8.5,,,12.0,13.0,6.0,27.0,137.4,mechanical,MEDIUM,0
ISP,2017,2,0,0,0,,,,,8.2,,,13.0,12.0,15.0,27.0,138.7,mechanical,MEDIUM,0
ISP,2017,3,11,2,0,,,,,7.2,,,14.0,13.0,10.0,27.0,137.7,mechanical,MEDIUM,0
ISP,2017,4,15,2,0,,,,,8.5,,,14.0,14.0,6.0,27.0,136.9,mechanical,MEDIUM,0
ISP,2017,5,21,17,0,,,,,9.5,,,11.0,11.0,0.0,18.0,137.7,mechanical,MEDIUM,0
ISP,2017,6,30,28,5,,,,,4.9,,,10.0,11.0,0.0,18.0,138.3,mechanical,MEDIUM,0
ISP,2017,7,31,31,1,,,,,7.6,,,9.0,9.0,3.0,18.0,142.0,mechanical,MEDIUM,0
ISP,2017,8,31,31,0,,,,,3.9,,,9.0,8.0,3.0,18.0,143.7,mechanical,MEDIUM,0
ISP,2017,9,25,20,0,,,,,5.9,,,10.0,7.0,10.0,36.0,142.7,mechanical,MEDIUM,0
ISP,2017,10,24,8,0,,,,,6.1,,,10.0,8.0,10.0,36.0,137.1,mechanical,MEDIUM,0
ISP,2017,11,0,0,0,,,,,10.8,,,8.0,8.0,0.0,18.0,134.1,mechanical,MEDIUM,0
ISP,2017,12,0,0,0,,,,,4.4,,,8.0,8.0,0.0,18.0,133.9,mechanical,MEDIUM,0
ISP,2018,1,0,0,0,,,,,8.8,,,11.0,11.0,3.0,27.0,127.5,mechanical,MEDIUM,0
ISP,2018,2,0,0,0,,,,,6.5,,,11.0,11.0,3.0,27.0,128.3,mechanical,MEDIUM,0
ISP,2018,3,3,0,0,,,,,9.6,,,10.0,11.0,3.0,18.0,128.7,mechanical,MEDIUM,0
ISP,2018,4,18,9,0,,,,,9.1,,,12.0,12.0,6.0,27.0,131.0,mechanical,MEDIUM,0
ISP,2018,5,25,19,0,,,,,7.8,,,13.0,14.0,3.0,27.0,134.6,mechanical,MEDIUM,0
ISP,2018,6,30,30,0,,,,,12.0,,,12.0,14.0,3.0,27.0,131.4,mechanical,MEDIUM,0
ISP,2018,7,31,31,3,,,,,10.2,,,13.0,14.0,6.0,18.0,136.5,mechanical,MEDIUM,0
ISP,2018,8,31,31,0,,,,,11.0,,,13.0,13.0,6.0,18.0,141.5,mechanical,MEDIUM,0
ISP,2018,9,30,30,0,,,,,11.1,,,11.0,10.0,6.0,18.0,138.1,mechanical,MEDIUM,0
ISP,2018,10,6,0,0,,,,,14.9,,,9.0,10.0,6.0,18.0,139.2,mechanical,MEDIUM,0
ISP,2018,11,0,0,0,,,,,9.2,,,10.0,11.0,3.0,18.0,135.2,mechanical,MEDIUM,0
ISP,2018,12,0,0,0,,,,,12.1,,,8.0,8.0,6.0,18.0,129.8,mechanical,MEDIUM,0
ISP,2019,1,0,0,0,,,,,7.8,,,9.0,9.0,6.0,18.0,122.3,mechanical,MEDIUM,0
ISP,2019,2,0,0,0,,,,,10.3,,,12.0,13.0,6.0,18.0,117.5,mechanical,MEDIUM,0
ISP,2019,3,0,0,0,,,,,15.2,,,8.0,9.0,3.0,18.0,117.2,mechanical,MEDIUM,0
ISP,2019,4,12,9,0,,,,,15.0,,,9.0,10.0,3.0,18.0,120.1,mechanical,MEDIUM,0
ISP,2019,5,13,7,0,,,,,11.3,,,8.0,9.0,3.0,9.0,119.4,mechanical,MEDIUM,0
ISP,2019,6,30,28,0,,,,,11.9,,,7.0,8.0,3.0,18.0,122.4,mechanical,MEDIUM,0
ISP,2019,7,31,31,0,,,,,14.6,,,15.0,16.0,10.0,14.0,121.9,mechanical,MEDIUM,0
ISP,2019,8,31,31,1,,,,,7.8,,,16.0,18.0,6.0,14.0,124.5,mechanical,MEDIUM,0
ISP,2019,9,26,21,0,,,,,14.7,,,17.0,18.0,6.0,24.0,124.5,mechanical,MEDIUM,0
ISP,2019,10,12,6,0,,,,,15.0,,,16.0,18.0,3.0,24.0,129.0,mechanical,MEDIUM,0
ISP,2019,11,0,0,0,,,,,15.8,,,16.0,18.0,3.0,24.0,129.3,mechanical,MEDIUM,0
ISP,2019,12,0,0,0,,,,,11.5,,,14.0,15.0,6.0,24.0,129.1,mechanical,MEDIUM,0
ISP,2020,1,0,0,0,,,,,12.3,,,14.0,14.0,6.0,33.0,131.7,mechanical,MEDIUM,0
ISP,2020,2,0,0,0,,,,,14.0,,,14.0,14.0,10.0,24.0,133.0,mechanical,MEDIUM,0
ISP,2020,3,0,0,0,,,,,16.0,,,15.0,14.0,10.0,43.0,128.1,mechanical,MEDIUM,0
ISP,2020,4,9,9,0,,,,,19.5,,,13.0,13.0,6.0,24.0,145.6,mechanical,MEDIUM,0
ISP,2020,5,28,23,0,,,,,20.6,,,11.0,11.0,6.0,24.0,147.8,mechanical,MEDIUM,0
ISP,2020,6,29,28,0,,,,,17.0,,,11.0,12.0,6.0,24.0,145.7,mechanical,MEDIUM,0
ISP,2020,7,31,31,3,,,,,13.0,,,13.0,15.0,3.0,24.0,139.0,mechanical,MEDIUM,0
ISP,2020,8,31,31,4,,,,,4.3,,,13.0,14.0,3.0,33.0,133.6,mechanical,MEDIUM,0
ISP,2020,9,30,28,2,,,,,3.0,,,13.0,14.0,0.0,43.0,132.7,mechanical,MEDIUM,0
ISP,2020,10,23,19,0,,,,,5.6,,,15.0,16.0,0.0,43.0,131.5,mechanical,MEDIUM,0
ISP,2020,11,5,0,0,,,,,10.1,,,15.0,18.0,0.0,24.0,128.4,mechanical,MEDIUM,0
ISP,2020,12,0,0,0,,,,,11.8,,,15.0,18.0,0.0,24.0,126.0,mechanical,MEDIUM,0
ISP,2021,1,0,0,0,,,,,10.5,,,15.0,18.0,0.0,20.0,124.6,mechanical,MEDIUM,0
ISP,2021,2,0,0,0,,,,,7.9,,,15.0,18.0,0.0,20.0,122.8,mechanical,MEDIUM,0
ISP,2021,3,1,0,0,,,,,7.4,,,14.0,15.0,3.0,20.0,120.1,mechanical,MEDIUM,0
ISP,2021,4,15,5,0,,,,,9.6,,,17.0,19.0,6.0,20.0,119.7,mechanical,MEDIUM,0
ISP,2021,5,27,23,0,,,,,20.1,,,18.0,21.0,3.0,20.0,117.7,mechanical,MEDIUM,0
ISP,2021,6,30,30,0,,,,,15.0,,,19.0,22.0,3.0,30.0,116.8,mechanical,MEDIUM,0
ISP,2021,7,31,30,0,149.0,0.56,,7.0,7.5,11920909.45,138692836.0,15.0,17.0,3.0,22.0,110.7,mechanical,MEDIUM,0
ISP,2021,8,31,31,1,26.0,3.12,,10.0,9.4,13025529.440000001,138609569.0,15.0,16.0,3.0,22.0,107.4,mechanical,MEDIUM,0
ISP,2021,9,29,25,0,57.0,0.0,,11.0,6.9,12715370.549999997,138630486.0,15.0,17.0,3.0,22.0,103.6,mechanical,MEDIUM,0
ISP,2021,10,9,3,0,8.0,0.0,,8.0,8.9,12886096.090000004,138643276.0,16.0,20.0,0.0,22.0,101.9,mechanical,MEDIUM,0
ISP,2021,11,1,0,0,52.5,0.0,,14.0,8.1,12372813.18,151917866.0,17.0,20.0,0.0,22.0,101.2,mechanical,MEDIUM,0
ISP,2021,12,0,0,0,12.6,0.0,,15.0,10.0,16276632.109999992,151928638.0,17.0,20.0,3.0,22.0,102.1,mechanical,MEDIUM,0
ISP,2022,1,0,0,0,69.85,24.8,1.0,12.0,10.4,12286275.330000013,152900618.0,17.0,18.0,10.0,30.0,97.6,mechanical,MEDIUM,0
ISP,2022,2,0,0,0,53.0,14.04,,8.0,8.8,13908935.649999991,153699410.0,17.0,18.0,7.0,30.0,94.4,mechanical,MEDIUM,0
ISP,2022,3,4,2,0,6.0,5.65,,1.0,10.7,12754603.570000008,153608603.0,19.0,21.0,10.0,30.0,93.7,mechanical,MEDIUM,0
ISP,2022,4,18,6,0,22.0,0.69,,4.0,7.0,12121957.11999999,155427515.0,18.0,19.0,10.0,30.0,90.5,mechanical,MEDIUM,0
ISP,2022,5,27,22,0,62.5,13.1,,6.0,8.3,11413049.579999998,157133409.0,19.0,21.0,7.0,30.0,93.2,mechanical,MEDIUM,0
ISP,2022,6,30,30,0,42.1,18.18,,13.0,7.6,13704948.98000002,157269344.0,20.0,22.0,7.0,30.0,106.4,mechanical,MEDIUM,0
ISP,2022,7,31,31,0,54.25,5.5,,5.0,5.7,13255875.09,151229984.0,23.0,24.0,14.0,26.0,112.0,mechanical,MEDIUM,0
ISP,2022,8,31,30,0,38.25,14.71,,6.0,8.4,15276571.580000002,151593622.0,22.0,24.0,11.0,26.0,116.4,mechanical,MEDIUM,0
ISP,2022,9,30,28,0,44.75,8.04,,8.0,11.1,14277690.659999996,151616198.0,20.0,22.0,11.0,26.0,117.8,mechanical,MEDIUM,0
ISP,2022,10,17,13,0,19.15,3.44,,3.0,7.6,15078597.020000003,151675130.0,18.0,20.0,10.0,16.0,119.5,mechanical,MEDIUM,0
ISP,2022,11,0,0,0,80.1,0.0,,12.0,13.7,14779782.089999996,166822898.0,20.0,22.0,10.0,16.0,117.2,mechanical,MEDIUM,0
ISP,2022,12,0,0,0,34.6,5.29,,11.0,9.3,16969520.409999996,167190900.0,20.0,21.0,17.0,16.0,116.7,mechanical,MEDIUM,0
ISP,2023,1,0,0,0,20.6,16.01,,8.0,11.0,13745065.420000002,171311891.0,21.0,22.0,17.0,16.0,118.2,mechanical,MEDIUM,0
ISP,2023,2,0,0,0,46.85,0.03,,4.0,8.6,14835118.870000005,172339481.0,20.0,21.0,14.0,16.0,119.1,mechanical,MEDIUM,0
ISP,2023,3,0,0,0,52.15,0.05,,12.0,2.7,14922544.290000007,172350219.0,20.0,21.0,17.0,16.0,122.5,mechanical,MEDIUM,0
ISP,2023,4,16,9,0,40.25,2.16,,18.0,2.7,14372144.810000002,177085387.0,21.0,21.0,21.0,16.0,135.8,mechanical,MEDIUM,0
ISP,2023,5,24,18,0,36.1,0.0,,24.0,0.8,14572637.26999998,178195587.0,21.0,21.0,23.0,16.0,144.5,mechanical,MEDIUM,0
ISP,2023,6,29,25,0,39.35,0.0,,14.0,5.6,16659098.74000001,178776082.0,23.0,25.0,17.0,16.0,145.3,mechanical,MEDIUM,0
ISP,2023,7,31,31,7,65.0,1.3,1.0,9.0,9.5,14267176.38,169813407.0,26.0,27.0,20.0,20.0,141.0,mechanical,MEDIUM,0
ISP,2023,8,30,28,2,28.6,0.0,,22.0,10.9,15020497.88,169817463.0,25.0,27.0,17.0,20.0,140.6,mechanical,MEDIUM,0
ISP,2023,9,29,27,0,13.75,0.0,,13.0,14.6,14950325.080000002,169852556.0,25.0,27.0,13.0,30.0,141.5,mechanical,MEDIUM,0
ISP,2023,10,17,15,0,792.0,0.0,,22.0,9.0,14608526.369999997,170051100.0,24.0,27.0,10.0,30.0,138.7,mechanical,MEDIUM,0
ISP,2023,11,2,0,0,805.0,0.0,,24.0,8.6,17080655.800000004,171449970.0,22.0,24.0,6.0,40.0,141.8,mechanical,MEDIUM,0
ISP,2023,12,0,0,0,0.0,0.0,,8.0,12.5,19054054.86,171472890.0,22.0,25.0,6.0,30.0,138.7,mechanical,MEDIUM,0
ISP,2024,1,0,0,0,0.0,0.0,,8.0,9.5,16024062.399999991,172568893.0,22.0,25.0,3.0,33.0,115.1,mechanical,MEDIUM,0
ISP,2024,2,0,0,0,0.0,4.01,,6.0,9.1,16217439.530000001,173495897.0,21.0,24.0,3.0,33.0,118.2,mechanical,MEDIUM,0
ISP,2024,3,0,0,0,0.0,0.0,,13.0,18.7,17017270.820000008,173669890.0,21.0,24.0,6.0,33.0,133.3,mechanical,MEDIUM,1
ISP,2024,4,15,10,0,0.0,0.0,,11.0,19.4,15361296.569999993,192165892.0,22.0,24.0,10.0,33.0,149.2,mechanical,MEDIUM,1
ISP,2024,5,27,19,0,0.0,0.0,,7.0,14.4,15448750.039999992,192298607.0,22.0,22.0,16.0,33.0,144.8,mechanical,MEDIUM,1
ISP,2024,6,30,30,0,0.0,0.0,,6.0,18.6,16052410.939999998,192305354.0,14.0,15.0,6.0,30.0,143.0,mechanical,MEDIUM,1
ISP,2024,7,31,31,6,0.0,0.0,,6.0,13.8,14994125.17,184660329.0,15.0,14.0,13.0,27.0,138.6,mechanical,MEDIUM,1
ISP,2024,8,31,31,1,0.0,0.0,,2.0,6.6,16141459.6,184756945.0,16.0,16.0,9.0,27.0,134.3,mechanical,MEDIUM,1
ISP,2024,9,29,24,0,0.0,0.0,,10.0,11.8,17377971.73,184990168.0,18.0,20.0,9.0,18.0,134.0,mechanical,MEDIUM,1
ISP,2024,10,22,19,0,0.0,0.0,,5.0,17.3,16414111.649999999,185362482.0,17.0,19.0,6.0,18.0,132.8,mechanical,MEDIUM,1
ISP,2024,11,0,0,0,0.0,0.0,,10.0,15.9,17293253.970000006,186482667.0,13.0,14.0,6.0,18.0,134.3,mechanical,MEDIUM,1
ISP,2024,12,0,0,0,14.0,0.0,,7.0,18.4,18136360.28999999,193953811.0,12.0,13.0,9.0,18.0,132.6,mechanical,MEDIUM,1
ISP,2025,1,0,0,0,0.0,0.0,,6.0,11.4,16371885.010000005,194717455.0,16.0,17.0,9.0,22.0,127.9,mechanical,MEDIUM,1
ISP,2025,2,4,1,0,0.0,0.0,,11.0,13.5,16473373.069999993,195870926.69,15.0,16.0,6.0,22.0,118.2,mechanical,MEDIUM,1
ISP,2025,3,5,3,0,0.0,0.0,,2.0,9.7,17154852.14,196137049.91,16.0,17.0,6.0,22.0,113.9,mechanical,MEDIUM,1
ISP,2025,4,15,5,0,0.0,0.0,,11.0,11.2,16310821.120000005,198925868.91,15.0,17.0,6.0,22.0,118.8,mechanical,MEDIUM,1
ISP,2025,5,25,20,0,0.0,0.0,,8.0,10.0,15177986.330000013,199031279.91,15.0,16.0,6.0,22.0,118.7,mechanical,MEDIUM,1
ISP,2025,6,30,29,0,0.0,0.0,,3.0,9.1,15276366.189999998,199260099.91,12.0,15.0,3.0,4.0,120.0,mechanical,MEDIUM,1
ISP,2025,7,31,31,1,,,,,6.7,,,13.0,14.0,3.0,13.0,122.2,mechanical,MEDIUM,1
ISP,2025,8,31,31,1,,,,,16.2,,,15.0,17.0,3.0,13.0,123.3,mechanical,MEDIUM,1
ISP,2025,9,27,22,0,,,,,15.9,,,15.0,15.0,13.0,13.0,128.8,mechanical,MEDIUM,1
ISP,2025,10,19,4,0,,,,,11.6,,,15.0,14.0,19.0,13.0,131.9,mechanical,MEDIUM,1
ISP,2025,11,5,0,0,,,,,12.9,,,15.0,15.0,19.0,13.0,135.1,mechanical,MEDIUM,1
ISP,2025,12,0,0,0,,,,,15.3,,,16.0,15.0,22.0,13.0,143.7,mechanical,MEDIUM,1
KVSP,2016,1,0,0,0,,,,,,,,,,,,161.6,mixed_ventilation_only,MAXIMUM,0
KVSP,2016,2,0,0,0,,,,,,,,,,,,160.6,mixed_ventilation_only,MAXIMUM,0
KVSP,2016,3,0,0,0,,,,,,,,,,,,160.9,mixed_ventilation_only,MAXIMUM,0
KVSP,2016,4,3,0,0,,,,,,,,,,,,162.2,mixed_ventilation_only,MAXIMUM,0
KVSP,2016,5,12,6,0,,,,,,,,,,,,164.5,mixed_ventilation_only,MAXIMUM,0
KVSP,2016,6,23,19,2,,,,,,,,,,,,161.8,mixed_ventilation_only,MAXIMUM,0
KVSP,2016,7,30,28,5,,,,,,,,,,,,159.7,mixed_ventilation_only,MAXIMUM,0
KVSP,2016,8,31,28,0,,,,,,,,,,,,158.9,mixed_ventilation_only,MAXIMUM,0
KVSP,2016,9,22,13,0,,,,,,,,,,,,159.5,mixed_ventilation_only,MAXIMUM,0
KVSP,2016,10,1,0,0,,,,,,,,,,,,158.4,mixed_ventilation_only,MAXIMUM,0
KVSP,2016,11,0,0,0,,,,,,,,,,,,153.3,mixed_ventilation_only,MAXIMUM,0
KVSP,2016,12,0,0,0,,,,,,,,,,,,151.3,mixed_ventilation_only,MAXIMUM,0
KVSP,2017,1,0,0,0,,,,,20.7,,,11.0,5.0,0.0,31.0,153.4,mixed_ventilation_only,MAXIMUM,0
KVSP,2017,2,0,0,0,,,,,18.2,,,20.0,5.0,54.0,30.0,154.1,mixed_ventilation_only,MAXIMUM,0
KVSP,2017,3,0,0,0,,,,,19.1,,,10.0,3.0,3.0,32.0,151.5,mixed_ventilation_only,MAXIMUM,0
KVSP,2017,4,0,0,0,,,,,15.4,,,11.0,4.0,3.0,32.0,151.1,mixed_ventilation_only,MAXIMUM,0
KVSP,2017,5,12,5,0,,,,,19.4,,,12.0,6.0,3.0,31.0,151.7,mixed_ventilation_only,MAXIMUM,0
KVSP,2017,6,23,16,0,,,,,15.2,,,12.0,8.0,3.0,30.0,150.0,mixed_ventilation_only,MAXIMUM,0
KVSP,2017,7,31,31,0,,,,,17.3,,,16.0,13.0,0.0,32.0,148.4,mixed_ventilation_only,MAXIMUM,0
KVSP,2017,8,30,27,2,,,,,17.6,,,16.0,14.0,0.0,30.0,148.7,mixed_ventilation_only,MAXIMUM,0
KVSP,2017,9,15,9,1,,,,,18.7,,,16.0,14.0,0.0,29.0,151.2,mixed_ventilation_only,MAXIMUM,0
KVSP,2017,10,1,0,0,,,,,26.8,,,16.0,14.0,0.0,28.0,151.2,mixed_ventilation_only,MAXIMUM,0
KVSP,2017,11,0,0,0,,,,,23.6,,,14.0,9.0,0.0,33.0,152.2,mixed_ventilation_only,MAXIMUM,0
KVSP,2017,12,0,0,0,,,,,21.4,,,14.0,9.0,0.0,33.0,151.0,mixed_ventilation_only,MAXIMUM,0
KVSP,2018,1,0,0,0,,,,,22.4,,,13.0,8.0,3.0,29.0,146.7,mixed_ventilation_only,MAXIMUM,0
KVSP,2018,2,0,0,0,,,,,19.6,,,11.0,9.0,3.0,21.0,140.5,mixed_ventilation_only,MAXIMUM,0
KVSP,2018,3,0,0,0,,,,,22.7,,,11.0,8.0,3.0,25.0,140.9,mixed_ventilation_only,MAXIMUM,0
KVSP,2018,4,2,0,0,,,,,32.4,,,10.0,8.0,0.0,23.0,140.0,mixed_ventilation_only,MAXIMUM,0
KVSP,2018,5,3,1,0,,,,,29.9,,,11.0,9.0,0.0,22.0,140.6,mixed_ventilation_only,MAXIMUM,0
KVSP,2018,6,20,15,0,,,,,23.7,,,11.0,10.0,0.0,20.0,146.4,mixed_ventilation_only,MAXIMUM,0
KVSP,2018,7,31,29,0,,,,,17.5,,,10.0,8.0,6.0,17.0,146.2,mixed_ventilation_only,MAXIMUM,0
KVSP,2018,8,29,22,0,,,,,19.7,,,11.0,9.0,3.0,20.0,150.8,mixed_ventilation_only,MAXIMUM,0
KVSP,2018,9,21,14,0,,,,,23.9,,,9.0,5.0,3.0,24.0,149.1,mixed_ventilation_only,MAXIMUM,0
KVSP,2018,10,0,0,0,,,,,25.9,,,11.0,6.0,3.0,27.0,150.4,mixed_ventilation_only,MAXIMUM,0
KVSP,2018,11,0,0,0,,,,,38.0,,,10.0,6.0,3.0,26.0,151.6,mixed_ventilation_only,MAXIMUM,0
KVSP,2018,12,0,0,0,,,,,29.9,,,9.0,5.0,0.0,24.0,153.1,mixed_ventilation_only,MAXIMUM,0
KVSP,2019,1,0,0,0,,,,,24.7,,,9.0,6.0,0.0,22.0,151.3,mixed_ventilation_only,MAXIMUM,0
KVSP,2019,2,0,0,0,,,,,29.2,,,12.0,9.0,0.0,26.0,151.1,mixed_ventilation_only,MAXIMUM,0
KVSP,2019,3,0,0,0,,,,,25.5,,,13.0,10.0,0.0,29.0,151.8,mixed_ventilation_only,MAXIMUM,0
KVSP,2019,4,3,0,0,,,,,29.8,,,14.0,10.0,3.0,29.0,150.3,mixed_ventilation_only,MAXIMUM,0
KVSP,2019,5,0,0,0,,,,,27.3,,,12.0,9.0,0.0,28.0,148.9,mixed_ventilation_only,MAXIMUM,0
KVSP,2019,6,25,12,0,,,,,21.7,,,11.0,6.0,0.0,32.0,147.2,mixed_ventilation_only,MAXIMUM,0
KVSP,2019,7,31,22,0,,,,,32.8,,,15.0,10.0,3.0,33.0,145.8,mixed_ventilation_only,MAXIMUM,0
KVSP,2019,8,30,22,0,,,,,31.8,,,14.0,13.0,0.0,22.0,146.4,mixed_ventilation_only,MAXIMUM,0
KVSP,2019,9,15,12,0,,,,,33.2,,,14.0,12.0,3.0,24.0,145.2,mixed_ventilation_only,MAXIMUM,0
KVSP,2019,10,0,0,0,,,,,30.0,,,14.0,13.0,3.0,22.0,146.0,mixed_ventilation_only,MAXIMUM,0
KVSP,2019,11,0,0,0,,,,,26.6,,,13.0,12.0,3.0,22.0,147.8,mixed_ventilation_only,MAXIMUM,0
KVSP,2019,12,0,0,0,,,,,36.1,,,12.0,10.0,0.0,25.0,146.6,mixed_ventilation_only,MAXIMUM,0
KVSP,2020,1,0,0,0,,,,,33.5,,,11.0,9.0,0.0,25.0,145.1,mixed_ventilation_only,MAXIMUM,0
KVSP,2020,2,0,0,0,,,,,33.3,,,12.0,10.0,0.0,27.0,143.5,mixed_ventilation_only,MAXIMUM,0
KVSP,2020,3,0,0,0,,,,,34.8,,,12.0,9.0,0.0,30.0,147.1,mixed_ventilation_only,MAXIMUM,0
KVSP,2020,4,2,0,0,,,,,25.7,,,13.0,9.0,0.0,31.0,144.4,mixed_ventilation_only,MAXIMUM,0
KVSP,2020,5,8,6,0,,,,,28.7,,,13.0,9.0,0.0,31.0,148.9,mixed_ventilation_only,MAXIMUM,0
KVSP,2020,6,18,12,0,,,,,28.7,,,14.0,10.0,0.0,34.0,151.1,mixed_ventilation_only,MAXIMUM,0
KVSP,2020,7,31,28,0,,,,,35.1,,,14.0,12.0,0.0,30.0,146.2,mixed_ventilation_only,MAXIMUM,0
KVSP,2020,8,30,28,1,,,,,22.6,,,14.0,11.0,3.0,30.0,143.8,mixed_ventilation_only,MAXIMUM,0
KVSP,2020,9,19,8,0,,,,,21.4,,,15.0,12.0,3.0,32.0,143.6,mixed_ventilation_only,MAXIMUM,0
KVSP,2020,10,6,1,0,,,,,25.6,,,14.0,12.0,3.0,29.0,148.0,mixed_ventilation_only,MAXIMUM,0
KVSP,2020,11,0,0,0,,,,,22.6,,,17.0,13.0,3.0,34.0,148.8,mixed_ventilation_only,MAXIMUM,0
KVSP,2020,12,0,0,0,,,,,13.7,,,15.0,12.0,3.0,31.0,147.8,mixed_ventilation_only,MAXIMUM,0
KVSP,2021,1,0,0,0,,,,,15.4,,,14.0,10.0,3.0,31.0,148.2,mixed_ventilation_only,MAXIMUM,0
KVSP,2021,2,0,0,0,,,,,16.5,,,13.0,8.0,6.0,30.0,148.3,mixed_ventilation_only,MAXIMUM,0
KVSP,2021,3,0,0,0,,,,,16.4,,,14.0,9.0,6.0,31.0,148.6,mixed_ventilation_only,MAXIMUM,0
KVSP,2021,4,1,0,0,,,,,21.4,,,14.0,10.0,6.0,31.0,146.4,mixed_ventilation_only,MAXIMUM,0
KVSP,2021,5,9,4,0,,,,,18.9,,,15.0,10.0,9.0,31.0,142.9,mixed_ventilation_only,MAXIMUM,0
KVSP,2021,6,24,21,3,,,,,17.6,,,15.0,10.0,3.0,37.0,140.8,mixed_ventilation_only,MAXIMUM,0
KVSP,2021,7,31,30,5,253.65,0.0,,33.0,20.3,18413253.82,216350107.0,16.0,10.0,6.0,39.0,140.0,mixed_ventilation_only,MAXIMUM,0
KVSP,2021,8,27,24,0,237.25,1.54,,32.0,18.3,19076149.049999997,216310881.0,17.0,11.0,6.0,39.0,140.4,mixed_ventilation_only,MAXIMUM,0
KVSP,2021,9,19,15,1,383.55,5.04,,23.0,23.2,20243529.230000004,216310881.0,17.0,12.0,6.0,35.0,139.5,mixed_ventilation_only,MAXIMUM,0
KVSP,2021,10,3,0,0,348.8,2.52,1.0,16.0,21.8,18922978.79,216310881.0,14.0,10.0,3.0,30.0,139.3,mixed_ventilation_only,MAXIMUM,0
KVSP,2021,11,0,0,0,291.55,3.21,1.0,24.0,24.0,20061353.25,229924225.0,14.0,12.0,0.0,27.0,138.3,mixed_ventilation_only,MAXIMUM,0
KVSP,2021,12,0,0,0,206.25,1.86,,26.0,24.7,23779144.39,229941805.0,15.0,14.0,0.0,27.0,137.4,mixed_ventilation_only,MAXIMUM,0
KVSP,2022,1,0,0,0,253.58,23.2,,22.0,22.6,18473996.580000013,231154588.0,12.0,10.0,-3.0,23.0,135.0,mixed_ventilation_only,MAXIMUM,0
KVSP,2022,2,0,0,0,251.45,14.02,,27.0,20.4,19618913.359999985,232528813.0,12.0,11.0,-3.0,21.0,135.9,mixed_ventilation_only,MAXIMUM,0
KVSP,2022,3,0,0,0,230.4,0.22,,24.0,21.8,20150465.199999988,232632249.0,12.0,11.0,-3.0,24.0,132.8,mixed_ventilation_only,MAXIMUM,0
KVSP,2022,4,2,0,0,256.65,2.9,,36.0,17.8,19722749.670000017,240380213.0,13.0,13.0,-3.0,20.0,130.5,mixed_ventilation_only,MAXIMUM,0
KVSP,2022,5,8,3,0,230.85,0.64,,36.0,20.7,18877807.25,239073564.0,15.0,16.0,-3.0,21.0,125.8,mixed_ventilation_only,MAXIMUM,0
KVSP,2022,6,21,13,0,232.24,0.12,,38.0,15.3,20521430.549999982,239489969.0,15.0,15.0,0.0,20.0,121.4,mixed_ventilation_only,MAXIMUM,0
KVSP,2022,7,29,25,1,267.98,0.0,1.0,31.0,23.8,19619059.58,232569875.0,19.0,20.0,6.0,24.0,118.8,mixed_ventilation_only,MAXIMUM,0
KVSP,2022,8,31,30,0,188.24,1.62,,37.0,22.4,21650802.92,232899210.0,25.0,28.0,6.0,26.0,115.1,mixed_ventilation_only,MAXIMUM,0
KVSP,2022,9,20,14,4,196.39,4.76,,33.0,24.5,22067593.270000003,232974301.0,24.0,26.0,9.0,26.0,106.9,mixed_ventilation_only,MAXIMUM,0
KVSP,2022,10,8,0,0,221.8,18.27,,22.0,28.2,22257524.43,232994461.0,21.0,21.0,12.0,26.0,103.8,mixed_ventilation_only,MAXIMUM,0
KVSP,2022,11,0,0,0,314.25,0.0,,18.0,28.7,21216713.230000004,251405793.0,21.0,21.0,12.0,24.0,100.7,mixed_ventilation_only,MAXIMUM,0
KVSP,2022,12,0,0,0,150.25,0.0,,26.0,31.7,23948130.429999992,252160545.0,20.0,21.0,12.0,21.0,98.8,mixed_ventilation_only,MAXIMUM,0
KVSP,2023,1,0,0,0,231.25,3.21,,17.0,30.6,20253938.11999999,255221787.0,18.0,22.0,9.0,8.0,99.3,mixed_ventilation_only,MAXIMUM,0
KVSP,2023,2,0,0,0,215.4,0.0,,20.0,28.8,20548643.03,256173681.0,17.0,19.0,12.0,10.0,98.9,mixed_ventilation_only,MAXIMUM,0
KVSP,2023,3,0,0,0,150.4,3.02,,32.0,24.5,21546405.909999996,256303704.0,16.0,19.0,6.0,14.0,103.1,mixed_ventilation_only,MAXIMUM,0
KVSP,2023,4,2,0,0,249.8,2.07,,30.0,21.3,20339418.370000005,256242415.0,15.0,17.0,3.0,14.0,106.9,mixed_ventilation_only,MAXIMUM,0
KVSP,2023,5,10,4,0,208.8,0.89,,32.0,22.1,20696606.25,256381476.0,15.0,18.0,3.0,12.0,110.0,mixed_ventilation_only,MAXIMUM,0
KVSP,2023,6,10,3,0,154.25,0.0,,35.0,24.2,20449268.04000002,256460687.0,14.0,16.0,3.0,12.0,111.4,mixed_ventilation_only,MAXIMUM,0
KVSP,2023,7,30,26,2,279.35,0.0,,34.0,27.4,19886367.27,243524567.0,15.0,14.0,0.0,25.0,114.2,mixed_ventilation_only,MAXIMUM,0
KVSP,2023,8,27,21,0,182.25,1.55,,51.0,31.7,21276853.95,243525817.0,16.0,15.0,3.0,27.0,115.0,mixed_ventilation_only,MAXIMUM,0
KVSP,2023,9,13,4,0,206.4,1.7,,35.0,26.4,20913704.1,243559759.0,15.0,14.0,6.0,25.0,116.3,mixed_ventilation_only,MAXIMUM,0
KVSP,2023,10,5,2,0,700.0,3.11,,44.0,34.0,21019413.300000004,243972223.0,15.0,14.0,3.0,25.0,117.3,mixed_ventilation_only,MAXIMUM,0
KVSP,2023,11,0,0,0,457.5,0.0,,47.0,33.1,23319195.78999999,245375367.0,13.0,11.0,3.0,25.0,117.1,mixed_ventilation_only,MAXIMUM,0
KVSP,2023,12,0,0,0,367.0,1.54,,46.0,35.9,26643811.53,245377528.0,11.0,10.0,3.0,16.0,119.0,mixed_ventilation_only,MAXIMUM,0
KVSP,2024,1,0,0,0,296.75,1.06,,74.0,28.0,24058040.0,247883219.0,19.0,16.0,3.0,32.0,119.6,mixed_ventilation_only,MAXIMUM,0
KVSP,2024,2,0,0,0,232.5,2.78,,43.0,30.9,22201353.28,249122781.0,19.0,17.0,0.0,33.0,122.3,mixed_ventilation_only,MAXIMUM,0
KVSP,2024,3,0,0,0,368.5,1.22,,52.0,29.9,24006600.49000001,249146078.0,19.0,18.0,0.0,31.0,128.0,mixed_ventilation_only,MAXIMUM,0
KVSP,2024,4,1,0,0,329.0,0.0,,52.0,29.2,23138431.599999994,273477055.0,21.0,19.0,6.0,32.0,130.6,mixed_ventilation_only,MAXIMUM,0
KVSP,2024,5,14,3,0,347.0,0.0,,69.0,40.0,22112040.72999999,273707157.0,19.0,18.0,6.0,28.0,136.4,mixed_ventilation_only,MAXIMUM,0
KVSP,2024,6,27,18,1,419.0,0.14,,65.0,37.5,22409913.73999998,273751452.0,19.0,14.0,6.0,37.0,133.5,mixed_ventilation_only,MAXIMUM,0
KVSP,2024,7,31,30,7,467.25,1.44,,68.0,40.5,21583954.05,268942238.0,17.0,13.0,3.0,29.0,131.5,mixed_ventilation_only,MAXIMUM,0
KVSP,2024,8,28,22,1,489.75,0.0,,71.0,44.0,23000996.900000002,268932834.0,17.0,14.0,3.0,29.0,129.2,mixed_ventilation_only,MAXIMUM,0
KVSP,2024,9,20,13,0,564.25,2.9,,55.0,38.7,20933364.759999998,269345201.0,18.0,14.0,3.0,30.0,145.5,mixed_ventilation_only,MAXIMUM,0
KVSP,2024,10,9,8,0,344.5,3.08,,81.0,35.3,21735937.85,269307850.0,18.0,15.0,3.0,29.0,146.4,mixed_ventilation_only,MAXIMUM,0
KVSP,2024,11,0,0,0,377.25,5.25,,45.0,45.3,23235387.22,270450718.0,17.0,14.0,3.0,29.0,148.9,mixed_ventilation_only,MAXIMUM,0
KVSP,2024,12,0,0,0,475.5,1.74,,60.0,42.0,23488479.75,253431184.0,18.0,14.0,3.0,31.0,151.5,mixed_ventilation_only,MAXIMUM,0
KVSP,2025,1,0,0,0,403.25,5.66,,57.0,41.0,22509236.78,254406352.0,22.0,18.0,3.0,37.0,130.0,mixed_ventilation_only,MAXIMUM,0
KVSP,2025,2,0,0,0,430.0,1.55,,72.0,47.3,21736632.599999994,255631032.69,22.0,19.0,3.0,37.0,128.8,mixed_ventilation_only,MAXIMUM,0
KVSP,2025,3,0,0,0,580.0,20.13,,55.0,43.5,23141346.71000001,256571495.69,22.0,19.0,3.0,37.0,125.5,mixed_ventilation_only,MAXIMUM,0
KVSP,2025,4,0,0,0,425.5,5.67,,135.0,32.9,22550836.829999983,266764821.69,22.0,19.0,6.0,37.0,127.1,mixed_ventilation_only,MAXIMUM,0
KVSP,2025,5,9,4,0,424.0,4.37,3.0,56.0,38.4,22178122.360000014,266912547.69,23.0,19.0,6.0,38.0,127.2,mixed_ventilation_only,MAXIMUM,0
KVSP,2025,6,26,17,0,555.5,19.15,,38.0,51.7,21860823.639999986,266992649.69,21.0,16.0,13.0,37.0,129.1,mixed_ventilation_only,MAXIMUM,0
KVSP,2025,7,30,22,0,,,,,29.8,,,22.0,14.0,9.0,42.0,127.8,mixed_ventilation_only,MAXIMUM,0
KVSP,2025,8,31,25,0,,,,,32.0,,,23.0,15.0,13.0,42.0,125.0,mixed_ventilation_only,MAXIMUM,0
KVSP,2025,9,18,8,0,,,,,36.7,,,22.0,14.0,9.0,42.0,117.8,mixed_ventilation_only,MAXIMUM,0
KVSP,2025,10,0,0,0,,,,,31.2,,,20.0,13.0,9.0,38.0,119.2,mixed_ventilation_only,MAXIMUM,0
KVSP,2025,11,0,0,0,,,,,36.4,,,21.0,14.0,9.0,39.0,125.4,mixed_ventilation_only,MAXIMUM,0
KVSP,2025,12,0,0,0,,,,,38.8,,,21.0,14.0,9.0,40.0,132.7,mixed_ventilation_only,MAXIMUM,0
LAC,2016,1,0,0,0,,,,,,,,,,,,154.3,mixed_evaporative,MAXIMUM,0
LAC,2016,2,0,0,0,,,,,,,,,,,,152.2,mixed_evaporative,MAXIMUM,0
LAC,2016,3,0,0,0,,,,,,,,,,,,153.9,mixed_evaporative,MAXIMUM,0
LAC,2016,4,0,0,0,,,,,,,,,,,,154.4,mixed_evaporative,MAXIMUM,0
LAC,2016,5,6,2,0,,,,,,,,,,,,153.1,mixed_evaporative,MAXIMUM,0
LAC,2016,6,24,22,6,,,,,,,,,,,,153.4,mixed_evaporative,MAXIMUM,0
LAC,2016,7,31,28,6,,,,,,,,,,,,152.3,mixed_evaporative,MAXIMUM,0
LAC,2016,8,31,26,0,,,,,,,,,,,,149.7,mixed_evaporative,MAXIMUM,0
LAC,2016,9,17,7,0,,,,,,,,,,,,148.4,mixed_evaporative,MAXIMUM,0
LAC,2016,10,0,0,0,,,,,,,,,,,,141.7,mixed_evaporative,MAXIMUM,0
LAC,2016,11,0,0,0,,,,,,,,,,,,144.0,mixed_evaporative,MAXIMUM,0
LAC,2016,12,0,0,0,,,,,,,,,,,,145.9,mixed_evaporative,MAXIMUM,0
LAC,2017,1,0,0,0,,,,,20.8,,,12.0,10.0,3.0,20.0,148.9,mixed_evaporative,MAXIMUM,0
LAC,2017,2,0,0,0,,,,,27.2,,,12.0,9.0,11.0,18.0,148.3,mixed_evaporative,MAXIMUM,0
LAC,2017,3,0,0,0,,,,,28.4,,,11.0,10.0,3.0,16.0,148.8,mixed_evaporative,MAXIMUM,0
LAC,2017,4,1,0,0,,,,,28.0,,,11.0,9.0,6.0,16.0,143.2,mixed_evaporative,MAXIMUM,0
LAC,2017,5,12,6,0,,,,,24.9,,,10.0,9.0,6.0,14.0,144.3,mixed_evaporative,MAXIMUM,0
LAC,2017,6,23,22,7,,,,,24.5,,,9.0,7.0,6.0,14.0,145.9,mixed_evaporative,MAXIMUM,0
LAC,2017,7,31,30,6,,,,,30.6,,,14.0,16.0,6.0,11.0,146.9,mixed_evaporative,MAXIMUM,0
LAC,2017,8,28,27,4,,,,,24.9,,,14.0,17.0,6.0,9.0,148.7,mixed_evaporative,MAXIMUM,0
LAC,2017,9,13,7,1,,,,,25.1,,,14.0,16.0,3.0,11.0,149.2,mixed_evaporative,MAXIMUM,0
LAC,2017,10,3,0,0,,,,,26.7,,,15.0,17.0,3.0,12.0,149.0,mixed_evaporative,MAXIMUM,0
LAC,2017,11,0,0,0,,,,,25.9,,,13.0,12.0,6.0,15.0,146.5,mixed_evaporative,MAXIMUM,0
LAC,2017,12,0,0,0,,,,,34.9,,,13.0,12.0,6.0,15.0,146.9,mixed_evaporative,MAXIMUM,0
LAC,2018,1,0,0,0,,,,,30.1,,,12.0,13.0,3.0,12.0,145.4,mixed_evaporative,MAXIMUM,0
LAC,2018,2,0,0,0,,,,,25.1,,,11.0,12.0,0.0,10.0,142.3,mixed_evaporative,MAXIMUM,0
LAC,2018,3,0,0,0,,,,,22.6,,,13.0,13.0,0.0,13.0,139.7,mixed_evaporative,MAXIMUM,0
LAC,2018,4,0,0,0,,,,,29.9,,,12.0,12.0,0.0,13.0,140.3,mixed_evaporative,MAXIMUM,0
LAC,2018,5,6,2,0,,,,,34.6,,,13.0,13.0,0.0,15.0,137.9,mixed_evaporative,MAXIMUM,0
LAC,2018,6,21,17,0,,,,,22.9,,,13.0,12.0,0.0,15.0,135.6,mixed_evaporative,MAXIMUM,0
LAC,2018,7,31,29,10,,,,,25.8,,,11.0,14.0,3.0,5.0,136.9,mixed_evaporative,MAXIMUM,0
LAC,2018,8,30,21,1,,,,,19.8,,,11.0,14.0,6.0,6.0,138.2,mixed_evaporative,MAXIMUM,0
LAC,2018,9,25,12,0,,,,,33.8,,,10.0,11.0,6.0,8.0,137.6,mixed_evaporative,MAXIMUM,0
LAC,2018,10,0,0,0,,,,,31.1,,,8.0,8.0,6.0,10.0,137.9,mixed_evaporative,MAXIMUM,0
LAC,2018,11,0,0,0,,,,,45.6,,,9.0,8.0,6.0,10.0,137.0,mixed_evaporative,MAXIMUM,0
LAC,2018,12,0,0,0,,,,,36.0,,,8.0,7.0,9.0,10.0,136.7,mixed_evaporative,MAXIMUM,0
LAC,2019,1,0,0,0,,,,,33.8,,,7.0,7.0,0.0,10.0,136.1,mixed_evaporative,MAXIMUM,0
LAC,2019,2,0,0,0,,,,,26.8,,,11.0,8.0,3.0,21.0,135.5,mixed_evaporative,MAXIMUM,0
LAC,2019,3,0,0,0,,,,,31.4,,,11.0,7.0,3.0,19.0,136.3,mixed_evaporative,MAXIMUM,0
LAC,2019,4,3,0,0,,,,,27.6,,,9.0,6.0,3.0,17.0,139.1,mixed_evaporative,MAXIMUM,0
LAC,2019,5,0,0,0,,,,,27.2,,,9.0,6.0,3.0,17.0,138.8,mixed_evaporative,MAXIMUM,0
LAC,2019,6,24,9,0,,,,,26.4,,,11.0,8.0,3.0,17.0,139.4,mixed_evaporative,MAXIMUM,0
LAC,2019,7,28,19,2,,,,,25.6,,,12.0,12.0,6.0,14.0,138.0,mixed_evaporative,MAXIMUM,0
LAC,2019,8,31,25,0,,,,,29.7,,,11.0,13.0,6.0,11.0,137.3,mixed_evaporative,MAXIMUM,0
LAC,2019,9,13,10,0,,,,,30.3,,,16.0,19.0,6.0,11.0,135.6,mixed_evaporative,MAXIMUM,0
LAC,2019,10,1,0,0,,,,,35.5,,,13.0,15.0,6.0,9.0,135.8,mixed_evaporative,MAXIMUM,0
LAC,2019,11,0,0,0,,,,,33.9,,,13.0,14.0,6.0,13.0,136.4,mixed_evaporative,MAXIMUM,0
LAC,2019,12,0,0,0,,,,,32.8,,,13.0,14.0,6.0,14.0,138.8,mixed_evaporative,MAXIMUM,0
LAC,2020,1,0,0,0,,,,,37.4,,,13.0,13.0,6.0,14.0,140.0,mixed_evaporative,MAXIMUM,0
LAC,2020,2,0,0,0,,,,,31.3,,,9.0,9.0,3.0,10.0,139.1,mixed_evaporative,MAXIMUM,0
LAC,2020,3,0,0,0,,,,,22.9,,,11.0,12.0,3.0,11.0,140.0,mixed_evaporative,MAXIMUM,0
LAC,2020,4,4,1,0,,,,,22.9,,,12.0,12.0,3.0,13.0,137.3,mixed_evaporative,MAXIMUM,0
LAC,2020,5,12,4,0,,,,,33.5,,,11.0,10.0,9.0,14.0,136.9,mixed_evaporative,MAXIMUM,0
LAC,2020,6,19,14,0,,,,,27.4,,,10.0,9.0,9.0,14.0,134.8,mixed_evaporative,MAXIMUM,0
LAC,2020,7,30,25,2,,,,,28.8,,,13.0,9.0,9.0,21.0,133.4,mixed_evaporative,MAXIMUM,0
LAC,2020,8,30,28,7,,,,,25.2,,,13.0,9.0,9.0,21.0,131.1,mixed_evaporative,MAXIMUM,0
LAC,2020,9,27,15,4,,,,,29.1,,,12.0,8.0,9.0,20.0,128.7,mixed_evaporative,MAXIMUM,0
LAC,2020,10,14,4,0,,,,,35.6,,,12.0,9.0,9.0,20.0,122.0,mixed_evaporative,MAXIMUM,0
LAC,2020,11,0,0,0,,,,,29.5,,,12.0,9.0,9.0,21.0,119.1,mixed_evaporative,MAXIMUM,0
LAC,2020,12,0,0,0,,,,,20.9,,,12.0,10.0,9.0,19.0,117.6,mixed_evaporative,MAXIMUM,0
LAC,2021,1,0,0,0,,,,,20.8,,,10.0,10.0,9.0,13.0,116.5,mixed_evaporative,MAXIMUM,0
LAC,2021,2,0,0,0,,,,,22.6,,,11.0,10.0,11.0,14.0,0.0,mixed_evaporative,MAXIMUM,0
LAC,2021,3,0,0,0,,,,,29.6,,,13.0,12.0,6.0,18.0,115.9,mixed_evaporative,MAXIMUM,0
LAC,2021,4,2,1,0,,,,,32.8,,,11.0,10.0,9.0,14.0,118.3,mixed_evaporative,MAXIMUM,0
LAC,2021,5,8,2,0,,,,,23.3,,,11.0,10.0,11.0,16.0,119.7,mixed_evaporative,MAXIMUM,0
LAC,2021,6,25,21,7,,,,,21.7,,,12.0,9.0,3.0,21.0,118.7,mixed_evaporative,MAXIMUM,0
LAC,2021,7,30,30,4,291.95,0.0,,45.0,28.6,15642997.76,199753574.0,15.0,12.0,6.0,23.0,117.2,mixed_evaporative,MAXIMUM,0
LAC,2021,8,27,23,4,303.8,0.0,,28.0,25.2,17473233.14,199707468.0,15.0,12.0,6.0,25.0,117.6,mixed_evaporative,MAXIMUM,0
LAC,2021,9,21,12,0,341.55,0.0,,40.0,24.5,17442844.83,199707468.0,14.0,12.0,3.0,23.0,119.5,mixed_evaporative,MAXIMUM,0
LAC,2021,10,1,0,0,438.45,0.0,,46.0,21.0,17490296.300000004,199708288.0,14.0,13.0,0.0,22.0,119.8,mixed_evaporative,MAXIMUM,0
LAC,2021,11,0,0,0,737.85,1.45,,41.0,25.3,18813201.370000005,211409175.0,13.0,13.0,0.0,18.0,118.8,mixed_evaporative,MAXIMUM,0
LAC,2021,12,0,0,0,336.95,0.0,,44.0,25.9,20965247.909999996,211409175.0,12.0,12.0,0.0,17.0,120.5,mixed_evaporative,MAXIMUM,0
LAC,2022,1,0,0,0,356.72,27.0,,32.0,24.5,17467310.67,212876657.0,15.0,13.0,3.0,21.0,119.7,mixed_evaporative,MAXIMUM,0
LAC,2022,2,0,0,0,343.3,12.11,1.0,57.0,28.8,16451508.939999983,213999468.0,14.0,12.0,6.0,20.0,119.1,mixed_evaporative,MAXIMUM,0
LAC,2022,3,0,0,0,445.2,0.0,,41.0,29.6,16748389.680000007,213746987.0,15.0,14.0,3.0,20.0,119.3,mixed_evaporative,MAXIMUM,0
LAC,2022,4,1,0,0,520.75,0.0,1.0,51.0,31.2,17476954.49000001,221212691.0,15.0,13.0,3.0,22.0,114.8,mixed_evaporative,MAXIMUM,0
LAC,2022,5,8,3,0,545.95,6.03,,43.0,27.5,17045270.699999988,220964557.0,14.0,13.0,-7.0,23.0,112.7,mixed_evaporative,MAXIMUM,0
LAC,2022,6,23,15,0,685.85,0.0,1.0,66.0,25.8,18236845.599999994,221082896.0,15.0,13.0,-7.0,24.0,101.2,mixed_evaporative,MAXIMUM,0
LAC,2022,7,27,25,4,789.79,0.0,,64.0,26.1,16981569.59,207881944.0,21.0,19.0,3.0,29.0,101.0,mixed_evaporative,MAXIMUM,0
LAC,2022,8,31,30,2,598.61,0.0,,59.0,34.5,18987048.87,208018399.0,22.0,22.0,-3.0,28.0,102.0,mixed_evaporative,MAXIMUM,0
LAC,2022,9,18,15,7,799.0,0.0,,50.0,38.8,18340031.83,208267643.0,23.0,24.0,-3.0,28.0,102.3,mixed_evaporative,MAXIMUM,0
LAC,2022,10,9,1,0,538.85,0.0,,52.0,44.2,19321183.110000007,208282502.0,23.0,23.0,6.0,26.0,103.3,mixed_evaporative,MAXIMUM,0
LAC,2022,11,0,0,0,676.05,0.0,,65.0,46.4,19424991.429999992,223067649.0,21.0,20.0,6.0,27.0,105.3,mixed_evaporative,MAXIMUM,0
LAC,2022,12,0,0,0,659.9,0.0,1.0,52.0,34.6,21789800.909999996,223076882.0,21.0,19.0,9.0,28.0,107.5,mixed_evaporative,MAXIMUM,0
LAC,2023,1,0,0,0,572.0,0.0,,59.0,29.5,18358443.49000001,226328991.0,18.0,15.0,9.0,26.0,108.8,mixed_evaporative,MAXIMUM,0
LAC,2023,2,0,0,0,567.3,0.0,,74.0,26.2,19222688.510000005,227321190.0,17.0,14.0,9.0,26.0,109.3,mixed_evaporative,MAXIMUM,0
LAC,2023,3,0,0,0,551.87,0.0,,65.0,38.3,19842677.560000002,227300508.0,19.0,16.0,16.0,27.0,111.7,mixed_evaporative,MAXIMUM,0
LAC,2023,4,3,0,0,531.25,0.0,,68.0,28.2,18825329.22,232166658.0,18.0,15.0,13.0,27.0,111.7,mixed_evaporative,MAXIMUM,0
LAC,2023,5,11,3,0,649.2,0.0,,87.0,27.8,19165606.95999998,232445273.0,17.0,14.0,9.0,27.0,111.2,mixed_evaporative,MAXIMUM,0
LAC,2023,6,5,2,0,560.5,0.0,,91.0,36.6,18453478.49000001,232480222.0,18.0,15.0,9.0,27.0,112.5,mixed_evaporative,MAXIMUM,0
LAC,2023,7,31,25,12,768.1,0.0,,78.0,32.6,18143527.29,220430630.0,19.0,15.0,6.0,31.0,114.4,mixed_evaporative,MAXIMUM,0
LAC,2023,8,26,21,0,401.35,0.0,,79.0,35.3,20254066.78,220434641.0,19.0,15.0,6.0,32.0,113.1,mixed_evaporative,MAXIMUM,0
LAC,2023,9,11,4,0,632.75,0.0,2.0,59.0,41.1,20267733.049999997,220456694.0,19.0,15.0,3.0,32.0,113.5,mixed_evaporative,MAXIMUM,0
LAC,2023,10,6,0,0,1984.0,0.0,,83.0,34.6,20112321.81000001,220593698.0,20.0,16.0,6.0,31.0,116.5,mixed_evaporative,MAXIMUM,0
LAC,2023,11,0,0,0,2345.5,1.05,,85.0,35.8,23099294.639999986,221867209.0,18.0,14.0,6.0,31.0,121.3,mixed_evaporative,MAXIMUM,0
LAC,2023,12,0,0,0,2407.0,1.28,,65.0,37.2,25327487.010000005,221941127.0,18.0,14.0,6.0,28.0,122.1,mixed_evaporative,MAXIMUM,0
LAC,2024,1,0,0,0,2126.25,0.0,,77.0,35.4,23356329.519999996,225625135.0,22.0,16.0,6.0,38.0,125.8,mixed_evaporative,MAXIMUM,0
LAC,2024,2,0,0,0,1951.0,0.0,1.0,90.0,45.3,22468130.25,227009544.0,21.0,16.0,3.0,34.0,131.2,mixed_evaporative,MAXIMUM,0
LAC,2024,3,0,0,0,1627.25,2.64,1.0,106.0,33.0,23804349.640000015,227072236.0,23.0,18.0,6.0,40.0,136.9,mixed_evaporative,MAXIMUM,0
LAC,2024,4,0,0,0,990.5,1.81,,104.0,34.4,22316662.73999998,262402600.0,24.0,19.0,3.0,41.0,139.7,mixed_evaporative,MAXIMUM,0
LAC,2024,5,4,0,0,916.5,0.0,,106.0,27.2,22141768.880000025,262710401.0,25.0,21.0,6.0,38.0,139.3,mixed_evaporative,MAXIMUM,0
LAC,2024,6,26,16,0,1335.0,1.5,,96.0,33.9,22245386.829999983,262723614.0,23.0,18.0,9.0,38.0,139.1,mixed_evaporative,MAXIMUM,0
LAC,2024,7,31,29,14,1130.75,0.76,2.0,137.0,31.5,18687262.6,258944025.0,24.0,18.0,12.0,38.0,140.3,mixed_evaporative,MAXIMUM,0
LAC,2024,8,27,25,1,953.52,0.0,,151.0,24.0,22565690.059999995,258961821.0,23.0,18.0,6.0,39.0,140.0,mixed_evaporative,MAXIMUM,0
LAC,2024,9,21,15,1,1262.0,1.93,,103.0,40.8,22141313.75,259145733.0,23.0,17.0,9.0,38.0,148.6,mixed_evaporative,MAXIMUM,0
LAC,2024,10,9,7,0,535.25,14.78,,114.0,35.8,21551241.39,263340567.0,23.0,16.0,12.0,41.0,150.8,mixed_evaporative,MAXIMUM,0
LAC,2024,11,0,0,0,805.75,0.0,,120.0,48.0,22379590.72,264473887.0,23.0,16.0,6.0,41.0,149.5,mixed_evaporative,MAXIMUM,0
LAC,2024,12,0,0,0,737.75,0.0,,146.0,39.4,24259003.180000007,245462865.0,23.0,16.0,9.0,41.0,145.0,mixed_evaporative,MAXIMUM,0
LAC,2025,1,0,0,0,701.5,1.05,,122.0,31.1,21938978.019999996,246483078.0,27.0,20.0,9.0,45.0,135.3,mixed_evaporative,MAXIMUM,0
LAC,2025,2,0,0,0,591.25,0.89,,91.0,29.5,21898397.159999996,247694585.0,27.0,23.0,6.0,42.0,136.7,mixed_evaporative,MAXIMUM,0
LAC,2025,3,0,0,0,556.25,16.39,,75.0,30.0,21474312.810000002,247751863.0,27.0,22.0,3.0,44.0,134.0,mixed_evaporative,MAXIMUM,0
LAC,2025,4,0,0,0,538.5,4.64,2.0,108.0,32.5,22018602.0,263737035.0,28.0,24.0,3.0,41.0,124.1,mixed_evaporative,MAXIMUM,0
LAC,2025,5,11,4,0,597.8,1.61,,78.0,28.1,20738615.27000001,263992279.0,27.0,23.0,3.0,40.0,116.8,mixed_evaporative,MAXIMUM,0
LAC,2025,6,23,17,0,604.8,18.32,,67.0,26.7,21604679.419999987,264290727.0,27.0,22.0,6.0,42.0,119.6,mixed_evaporative,MAXIMUM,0
LAC,2025,7,25,17,0,,,,,32.4,,,20.0,17.0,6.0,28.0,125.1,mixed_evaporative,MAXIMUM,0
LAC,2025,8,31,25,0,,,,,22.9,,,21.0,17.0,6.0,32.0,131.8,mixed_evaporative,MAXIMUM,0
LAC,2025,9,14,6,0,,,,,22.9,,,20.0,16.0,6.0,32.0,134.1,mixed_evaporative,MAXIMUM,0
LAC,2025,10,0,0,0,,,,,17.4,,,20.0,15.0,6.0,34.0,121.1,mixed_evaporative,MAXIMUM,0
LAC,2025,11,0,0,0,,,,,19.4,,,21.0,17.0,6.0,35.0,126.7,mixed_evaporative,MAXIMUM,0
LAC,2025,12,0,0,0,,,,,25.9,,,22.0,17.0,6.0,34.0,133.3,mixed_evaporative,MAXIMUM,0
MCSP,2016,1,0,0,0,,,,,,,,,,,,164.8,mixed_evaporative,MAXIMUM,0
MCSP,2016,2,0,0,0,,,,,,,,,,,,112.6,mixed_evaporative,MAXIMUM,0
MCSP,2016,3,0,0,0,,,,,,,,,,,,86.0,mixed_evaporative,MAXIMUM,0
MCSP,2016,4,0,0,0,,,,,,,,,,,,87.2,mixed_evaporative,MAXIMUM,0
MCSP,2016,5,5,1,0,,,,,,,,,,,,94.2,mixed_evaporative,MAXIMUM,0
MCSP,2016,6,19,15,2,,,,,,,,,,,,103.4,mixed_evaporative,MAXIMUM,0
MCSP,2016,7,23,15,5,,,,,,,,,,,,106.0,mixed_evaporative,MAXIMUM,0
MCSP,2016,8,25,10,0,,,,,,,,,,,,106.6,mixed_evaporative,MAXIMUM,0
MCSP,2016,9,13,4,0,,,,,,,,,,,,106.7,mixed_evaporative,MAXIMUM,0
MCSP,2016,10,0,0,0,,,,,,,,,,,,107.1,mixed_evaporative,MAXIMUM,0
MCSP,2016,11,0,0,0,,,,,,,,,,,,107.2,mixed_evaporative,MAXIMUM,0
MCSP,2016,12,0,0,0,,,,,,,,,,,,107.7,mixed_evaporative,MAXIMUM,0
MCSP,2017,1,0,0,0,,,,,25.4,,,16.0,14.0,6.0,21.0,109.2,mixed_evaporative,MAXIMUM,0
MCSP,2017,2,0,0,0,,,,,32.8,,,17.0,14.0,14.0,22.0,110.0,mixed_evaporative,MAXIMUM,0
MCSP,2017,3,0,0,0,,,,,29.4,,,15.0,13.0,6.0,21.0,110.7,mixed_evaporative,MAXIMUM,0
MCSP,2017,4,0,0,0,,,,,30.0,,,15.0,12.0,6.0,22.0,109.7,mixed_evaporative,MAXIMUM,0
MCSP,2017,5,5,2,0,,,,,25.5,,,14.0,12.0,6.0,20.0,109.5,mixed_evaporative,MAXIMUM,0
MCSP,2017,6,18,9,6,,,,,19.8,,,13.0,12.0,6.0,16.0,110.1,mixed_evaporative,MAXIMUM,0
MCSP,2017,7,31,27,5,,,,,26.7,,,18.0,22.0,6.0,15.0,109.6,mixed_evaporative,MAXIMUM,0
MCSP,2017,8,27,17,5,,,,,30.3,,,18.0,21.0,6.0,15.0,111.9,mixed_evaporative,MAXIMUM,0
MCSP,2017,9,13,6,3,,,,,28.3,,,18.0,22.0,6.0,13.0,111.9,mixed_evaporative,MAXIMUM,0
MCSP,2017,10,0,0,0,,,,,24.2,,,17.0,21.0,3.0,11.0,112.9,mixed_evaporative,MAXIMUM,0
MCSP,2017,11,0,0,0,,,,,26.3,,,13.0,16.0,3.0,7.0,117.5,mixed_evaporative,MAXIMUM,0
MCSP,2017,12,0,0,0,,,,,24.9,,,13.0,16.0,3.0,7.0,121.7,mixed_evaporative,MAXIMUM,0
MCSP,2018,1,0,0,0,,,,,20.2,,,13.0,16.0,3.0,10.0,124.3,mixed_evaporative,MAXIMUM,0
MCSP,2018,2,0,0,0,,,,,25.3,,,12.0,16.0,3.0,3.0,125.7,mixed_evaporative,MAXIMUM,0
MCSP,2018,3,0,0,0,,,,,23.6,,,11.0,16.0,0.0,3.0,126.6,mixed_evaporative,MAXIMUM,0
MCSP,2018,4,0,0,0,,,,,23.5,,,11.0,15.0,0.0,3.0,128.3,mixed_evaporative,MAXIMUM,0
MCSP,2018,5,2,1,0,,,,,28.6,,,11.0,15.0,0.0,5.0,129.7,mixed_evaporative,MAXIMUM,0
MCSP,2018,6,15,9,0,,,,,17.1,,,13.0,17.0,0.0,5.0,130.4,mixed_evaporative,MAXIMUM,0
MCSP,2018,7,29,26,4,,,,,16.0,,,17.0,20.0,6.0,16.0,128.6,mixed_evaporative,MAXIMUM,0
MCSP,2018,8,20,13,0,,,,,29.9,,,17.0,19.0,6.0,17.0,126.4,mixed_evaporative,MAXIMUM,0
MCSP,2018,9,16,3,0,,,,,22.9,,,15.0,15.0,3.0,17.0,125.0,mixed_evaporative,MAXIMUM,0
MCSP,2018,10,0,0,0,,,,,26.6,,,13.0,14.0,0.0,14.0,122.6,mixed_evaporative,MAXIMUM,0
MCSP,2018,11,0,0,0,,,,,23.7,,,11.0,12.0,3.0,13.0,121.1,mixed_evaporative,MAXIMUM,0
MCSP,2018,12,0,0,0,,,,,24.4,,,12.0,12.0,6.0,14.0,121.3,mixed_evaporative,MAXIMUM,0
MCSP,2019,1,0,0,0,,,,,29.3,,,8.0,11.0,8.0,2.0,121.6,mixed_evaporative,MAXIMUM,0
MCSP,2019,2,0,0,0,,,,,29.6,,,9.0,9.0,11.0,8.0,122.4,mixed_evaporative,MAXIMUM,0
MCSP,2019,3,0,0,0,,,,,24.9,,,8.0,8.0,8.0,9.0,123.4,mixed_evaporative,MAXIMUM,0
MCSP,2019,4,0,0,0,,,,,30.6,,,7.0,6.0,11.0,8.0,124.5,mixed_evaporative,MAXIMUM,0
MCSP,2019,5,0,0,0,,,,,22.7,,,7.0,5.0,19.0,8.0,123.4,mixed_evaporative,MAXIMUM,0
MCSP,2019,6,16,7,0,,,,,20.0,,,9.0,7.0,19.0,10.0,122.9,mixed_evaporative,MAXIMUM,0
MCSP,2019,7,25,15,2,,,,,20.1,,,10.0,10.0,11.0,9.0,120.9,mixed_evaporative,MAXIMUM,0
MCSP,2019,8,23,17,2,,,,,27.5,,,10.0,12.0,8.0,6.0,122.0,mixed_evaporative,MAXIMUM,0
MCSP,2019,9,11,6,0,,,,,28.5,,,11.0,13.0,6.0,8.0,122.1,mixed_evaporative,MAXIMUM,0
MCSP,2019,10,0,0,0,,,,,24.9,,,10.0,11.0,8.0,9.0,123.4,mixed_evaporative,MAXIMUM,0
MCSP,2019,11,0,0,0,,,,,24.0,,,10.0,10.0,8.0,11.0,122.6,mixed_evaporative,MAXIMUM,0
MCSP,2019,12,0,0,0,,,,,28.5,,,11.0,11.0,8.0,13.0,121.5,mixed_evaporative,MAXIMUM,0
MCSP,2020,1,0,0,0,,,,,24.5,,,12.0,10.0,16.0,15.0,122.0,mixed_evaporative,MAXIMUM,0
MCSP,2020,2,0,0,0,,,,,23.3,,,13.0,11.0,16.0,16.0,121.9,mixed_evaporative,MAXIMUM,0
MCSP,2020,3,0,0,0,,,,,23.0,,,13.0,10.0,16.0,18.0,121.9,mixed_evaporative,MAXIMUM,0
MCSP,2020,4,0,0,0,,,,,19.7,,,11.0,10.0,11.0,15.0,120.2,mixed_evaporative,MAXIMUM,0
MCSP,2020,5,7,4,0,,,,,16.9,,,11.0,11.0,8.0,14.0,121.5,mixed_evaporative,MAXIMUM,0
MCSP,2020,6,17,13,1,,,,,19.9,,,12.0,11.0,8.0,16.0,121.6,mixed_evaporative,MAXIMUM,0
MCSP,2020,7,30,19,2,,,,,15.2,,,16.0,14.0,5.0,22.0,119.3,mixed_evaporative,MAXIMUM,0
MCSP,2020,8,28,17,5,,,,,13.4,,,16.0,14.0,8.0,24.0,116.4,mixed_evaporative,MAXIMUM,0
MCSP,2020,9,14,7,2,,,,,20.2,,,16.0,13.0,5.0,26.0,115.3,mixed_evaporative,MAXIMUM,0
MCSP,2020,10,9,0,0,,,,,17.7,,,16.0,14.0,5.0,22.0,118.5,mixed_evaporative,MAXIMUM,0
MCSP,2020,11,0,0,0,,,,,21.8,,,16.0,14.0,5.0,23.0,119.2,mixed_evaporative,MAXIMUM,0
MCSP,2020,12,0,0,0,,,,,21.8,,,17.0,16.0,5.0,22.0,117.5,mixed_evaporative,MAXIMUM,0
MCSP,2021,1,0,0,0,,,,,11.3,,,16.0,15.0,3.0,19.0,0.0,mixed_evaporative,MAXIMUM,0
MCSP,2021,2,0,0,0,,,,,14.8,,,16.0,16.0,5.0,18.0,117.6,mixed_evaporative,MAXIMUM,0
MCSP,2021,3,0,0,0,,,,,11.9,,,14.0,14.0,11.0,16.0,118.3,mixed_evaporative,MAXIMUM,0
MCSP,2021,4,0,0,0,,,,,23.6,,,16.0,15.0,8.0,18.0,118.6,mixed_evaporative,MAXIMUM,0
MCSP,2021,5,5,1,0,,,,,18.8,,,15.0,14.0,8.0,20.0,119.1,mixed_evaporative,MAXIMUM,0
MCSP,2021,6,17,11,3,,,,,12.6,,,15.0,13.0,8.0,22.0,118.8,mixed_evaporative,MAXIMUM,0
MCSP,2021,7,30,20,3,320.84,1.18,,22.0,19.1,18996108.27,202905235.0,15.0,14.0,8.0,20.0,118.1,mixed_evaporative,MAXIMUM,0
MCSP,2021,8,21,15,1,190.52,0.07,,16.0,19.6,19185506.320000004,202863257.0,16.0,14.0,11.0,19.0,117.0,mixed_evaporative,MAXIMUM,0
MCSP,2021,9,14,8,1,97.13,0.8,,15.0,15.5,18382844.839999996,202863257.0,17.0,15.0,16.0,21.0,114.0,mixed_evaporative,MAXIMUM,0
MCSP,2021,10,0,0,0,64.29,0.2,,11.0,13.5,18421673.589999996,204502729.0,16.0,15.0,16.0,19.0,114.4,mixed_evaporative,MAXIMUM,0
MCSP,2021,11,0,0,0,105.14,0.82,1.0,14.0,18.7,19986477.5,222003633.0,17.0,15.0,16.0,19.0,114.6,mixed_evaporative,MAXIMUM,0
MCSP,2021,12,0,0,0,125.06,4.55,,24.0,14.0,21797250.03,222017164.0,18.0,17.0,16.0,21.0,116.4,mixed_evaporative,MAXIMUM,0
MCSP,2022,1,0,0,0,170.25,24.77,2.0,22.0,13.5,17354221.909999996,223633653.0,19.0,19.0,11.0,22.0,114.7,mixed_evaporative,MAXIMUM,0
MCSP,2022,2,0,0,0,53.68,26.87,2.0,13.0,12.7,19669983.88000001,225133194.0,21.0,20.0,11.0,24.0,114.5,mixed_evaporative,MAXIMUM,0
MCSP,2022,3,0,0,0,87.56,25.2,1.0,19.0,13.4,19446866.24000001,224840579.0,22.0,21.0,13.0,25.0,115.9,mixed_evaporative,MAXIMUM,0
MCSP,2022,4,0,0,0,94.0,3.94,2.0,19.0,16.1,18518457.919999987,230872890.0,24.0,23.0,14.0,29.0,117.0,mixed_evaporative,MAXIMUM,0
MCSP,2022,5,3,1,0,70.78,3.26,,21.0,11.3,18833448.620000005,231803234.0,25.0,23.0,14.0,32.0,116.2,mixed_evaporative,MAXIMUM,0
MCSP,2022,6,16,10,0,120.0,6.4,,12.0,10.0,20213859.319999993,232001718.0,24.0,22.0,8.0,33.0,116.5,mixed_evaporative,MAXIMUM,0
MCSP,2022,7,23,14,1,154.0,9.02,,22.0,13.8,20792010.41,220138823.0,26.0,20.0,14.0,39.0,115.3,mixed_evaporative,MAXIMUM,0
MCSP,2022,8,26,15,2,82.0,9.6,,17.0,15.7,22201586.16,220406809.0,31.0,27.0,17.0,42.0,114.7,mixed_evaporative,MAXIMUM,0
MCSP,2022,9,15,9,8,121.14,4.01,,19.0,15.6,20156463.97,220428780.0,30.0,26.0,14.0,43.0,114.9,mixed_evaporative,MAXIMUM,0
MCSP,2022,10,6,0,0,109.0,0.28,2.0,12.0,20.7,23618833.240000002,222133503.0,29.0,23.0,17.0,44.0,115.4,mixed_evaporative,MAXIMUM,0
MCSP,2022,11,0,0,0,116.54,0.0,,22.0,20.9,21718301.129999995,247366895.0,29.0,23.0,14.0,44.0,115.7,mixed_evaporative,MAXIMUM,0
MCSP,2022,12,0,0,0,43.42,0.0,,18.0,24.2,23975989.200000003,247448603.0,28.0,24.0,14.0,42.0,116.0,mixed_evaporative,MAXIMUM,0
MCSP,2023,1,0,0,0,157.5,2.06,,18.0,21.0,19937031.17,250872124.0,27.0,22.0,14.0,42.0,116.4,mixed_evaporative,MAXIMUM,0
MCSP,2023,2,0,0,0,113.25,0.0,,20.0,20.7,22565863.090000004,252387030.0,27.0,23.0,11.0,39.0,117.2,mixed_evaporative,MAXIMUM,0
MCSP,2023,3,0,0,0,152.02,1.03,2.0,19.0,15.4,21359499.340000004,251979100.0,28.0,23.0,11.0,41.0,116.8,mixed_evaporative,MAXIMUM,0
MCSP,2023,4,0,0,0,158.96,0.62,,22.0,17.9,21139594.639999986,263974917.0,28.0,24.0,11.0,42.0,117.3,mixed_evaporative,MAXIMUM,0
MCSP,2023,5,5,0,0,219.6,1.19,1.0,19.0,12.9,20601197.77000001,264138776.0,28.0,23.0,11.0,41.0,117.1,mixed_evaporative,MAXIMUM,0
MCSP,2023,6,7,2,0,189.75,5.09,2.0,19.0,20.8,20041478.78,264183921.0,28.0,23.0,11.0,41.0,118.1,mixed_evaporative,MAXIMUM,0
MCSP,2023,7,27,23,8,216.9,0.0,,20.0,24.0,21257001.94,253224147.0,29.0,24.0,8.0,44.0,116.8,mixed_evaporative,MAXIMUM,0
MCSP,2023,8,26,14,4,119.45,0.83,1.0,30.0,25.9,22708414.27,253243227.0,28.0,23.0,11.0,43.0,116.6,mixed_evaporative,MAXIMUM,0
MCSP,2023,9,7,0,0,114.25,0.0,,24.0,28.2,19787550.089999996,253204407.0,27.0,22.0,17.0,39.0,116.3,mixed_evaporative,MAXIMUM,0
MCSP,2023,10,4,0,0,1082.5,0.0,1.0,19.0,28.3,22066393.590000004,253398226.0,28.0,23.0,17.0,42.0,115.8,mixed_evaporative,MAXIMUM,0
MCSP,2023,11,0,0,0,1396.0,0.0,1.0,17.0,22.2,23654464.870000005,255062283.0,25.0,20.0,8.0,41.0,115.6,mixed_evaporative,MAXIMUM,0
MCSP,2023,12,0,0,0,1464.0,0.0,,19.0,31.0,25678622.730000004,255082196.0,26.0,20.0,8.0,41.0,116.5,mixed_evaporative,MAXIMUM,0
MCSP,2024,1,0,0,0,1538.0,0.76,,28.0,22.5,23096500.379999995,258963510.0,28.0,23.0,11.0,43.0,119.8,mixed_evaporative,MAXIMUM,0
MCSP,2024,2,0,0,0,1358.0,0.0,,31.0,30.1,23333194.680000007,260620148.0,26.0,20.0,6.0,42.0,119.7,mixed_evaporative,MAXIMUM,0
MCSP,2024,3,0,0,0,1155.25,1.0,,26.0,19.3,23516111.45999998,260653284.0,25.0,20.0,11.0,39.0,120.2,mixed_evaporative,MAXIMUM,0
MCSP,2024,4,0,0,0,722.0,0.0,,35.0,21.8,23290217.450000018,275862175.0,26.0,21.0,11.0,41.0,120.5,mixed_evaporative,MAXIMUM,0
MCSP,2024,5,1,0,0,1148.0,0.99,,45.0,19.4,21728455.72999999,276095126.0,26.0,21.0,16.0,41.0,121.1,mixed_evaporative,MAXIMUM,0
MCSP,2024,6,17,10,0,754.75,0.0,,34.0,25.7,22271525.589999974,276115820.0,26.0,16.0,16.0,47.0,120.8,mixed_evaporative,MAXIMUM,0
MCSP,2024,7,26,22,11,18.5,0.0,,49.0,20.8,21130321.55,268242115.0,24.0,15.0,16.0,45.0,120.9,mixed_evaporative,MAXIMUM,0
MCSP,2024,8,19,10,0,2.0,0.85,,71.0,20.0,23566811.76,268307668.0,25.0,16.0,24.0,44.0,122.3,mixed_evaporative,MAXIMUM,0
MCSP,2024,9,12,8,0,30.0,7.83,,53.0,26.1,21523770.689999998,268518547.0,25.0,16.0,24.0,43.0,129.3,mixed_evaporative,MAXIMUM,0
MCSP,2024,10,8,7,0,0.0,8.77,1.0,53.0,30.4,21681912.72,269845886.0,25.0,16.0,26.0,43.0,127.6,mixed_evaporative,MAXIMUM,0
MCSP,2024,11,0,0,0,16.0,4.37,,57.0,29.7,25368838.790000007,271666856.0,25.0,16.0,26.0,45.0,125.8,mixed_evaporative,MAXIMUM,0
MCSP,2024,12,0,0,0,47.0,8.98,,57.0,29.6,22542925.469999984,256237155.0,26.0,18.0,21.0,45.0,125.5,mixed_evaporative,MAXIMUM,0
MCSP,2025,1,0,0,0,43.25,0.0,,50.0,23.9,21595545.54000002,256344825.0,24.0,17.0,21.0,40.0,117.3,mixed_evaporative,MAXIMUM,0
MCSP,2025,2,0,0,0,16.75,6.29,,47.0,23.9,22109052.47999999,257826193.51,23.0,17.0,18.0,40.0,115.9,mixed_evaporative,MAXIMUM,0
MCSP,2025,3,0,0,0,8.0,5.12,,57.0,20.4,21257739.610000014,258288404.51,23.0,18.0,15.0,38.0,115.8,mixed_evaporative,MAXIMUM,0
MCSP,2025,4,0,0,0,10.0,1.41,1.0,69.0,29.0,21919887.72999999,264347340.51,23.0,18.0,10.0,38.0,115.0,mixed_evaporative,MAXIMUM,0
MCSP,2025,5,4,2,0,61.5,2.4,1.0,80.0,23.6,21124537.02000001,264402413.51,23.0,18.0,10.0,37.0,115.1,mixed_evaporative,MAXIMUM,0
MCSP,2025,6,8,2,0,47.8,10.72,,76.0,23.7,20380873.51999998,264597190.51,24.0,19.0,13.0,38.0,115.6,mixed_evaporative,MAXIMUM,0
MCSP,2025,7,14,5,0,,,,,31.5,,,25.0,18.0,10.0,43.0,115.6,mixed_evaporative,MAXIMUM,0
MCSP,2025,8,22,11,0,,,,,27.6,,,26.0,19.0,10.0,42.0,116.0,mixed_evaporative,MAXIMUM,0
MCSP,2025,9,8,5,0,,,,,24.4,,,27.0,20.0,13.0,43.0,113.8,mixed_evaporative,MAXIMUM,0
MCSP,2025,10,0,0,0,,,,,26.1,,,26.0,19.0,13.0,42.0,113.6,mixed_evaporative,MAXIMUM,0
MCSP,2025,11,0,0,0,,,,,27.0,,,25.0,18.0,13.0,42.0,112.6,mixed_evaporative,MAXIMUM,0
MCSP,2025,12,0,0,0,,,,,24.5,,,25.0,17.0,15.0,43.0,108.0,mixed_evaporative,MAXIMUM,0
NKSP,2016,1,0,0,0,,,,,,,,,,,,155.5,mixed_evaporative,MEDIUM,0
NKSP,2016,2,0,0,0,,,,,,,,,,,,153.8,mixed_evaporative,MEDIUM,0
NKSP,2016,3,0,0,0,,,,,,,,,,,,161.8,mixed_evaporative,MEDIUM,0
NKSP,2016,4,3,0,0,,,,,,,,,,,,163.1,mixed_evaporative,MEDIUM,0
NKSP,2016,5,12,6,0,,,,,,,,,,,,167.6,mixed_evaporative,MEDIUM,0
NKSP,2016,6,23,19,2,,,,,,,,,,,,158.4,mixed_evaporative,MEDIUM,0
NKSP,2016,7,30,28,5,,,,,,,,,,,,154.2,mixed_evaporative,MEDIUM,0
NKSP,2016,8,31,28,0,,,,,,,,,,,,163.8,mixed_evaporative,MEDIUM,0
NKSP,2016,9,22,13,0,,,,,,,,,,,,162.7,mixed_evaporative,MEDIUM,0
NKSP,2016,10,1,0,0,,,,,,,,,,,,165.2,mixed_evaporative,MEDIUM,0
NKSP,2016,11,0,0,0,,,,,,,,,,,,160.3,mixed_evaporative,MEDIUM,0
NKSP,2016,12,0,0,0,,,,,,,,,,,,168.3,mixed_evaporative,MEDIUM,0
NKSP,2017,1,0,0,0,,,,,9.1,,,13.0,8.0,4.0,30.0,161.5,mixed_evaporative,MEDIUM,0
NKSP,2017,2,0,0,0,,,,,10.1,,,14.0,8.0,9.0,33.0,172.3,mixed_evaporative,MEDIUM,0
NKSP,2017,3,0,0,0,,,,,6.5,,,13.0,7.0,4.0,33.0,177.2,mixed_evaporative,MEDIUM,0
NKSP,2017,4,0,0,0,,,,,5.6,,,13.0,9.0,4.0,30.0,170.8,mixed_evaporative,MEDIUM,0
NKSP,2017,5,12,5,0,,,,,7.1,,,12.0,7.0,4.0,27.0,171.4,mixed_evaporative,MEDIUM,0
NKSP,2017,6,23,16,0,,,,,8.2,,,12.0,7.0,4.0,26.0,172.2,mixed_evaporative,MEDIUM,0
NKSP,2017,7,31,31,0,,,,,10.0,,,16.0,14.0,6.0,27.0,171.2,mixed_evaporative,MEDIUM,0
NKSP,2017,8,30,27,2,,,,,8.8,,,18.0,16.0,6.0,27.0,170.5,mixed_evaporative,MEDIUM,0
NKSP,2017,9,15,9,1,,,,,9.5,,,17.0,16.0,6.0,26.0,169.9,mixed_evaporative,MEDIUM,0
NKSP,2017,10,1,0,0,,,,,9.3,,,18.0,16.0,6.0,29.0,167.9,mixed_evaporative,MEDIUM,0
NKSP,2017,11,0,0,0,,,,,11.8,,,14.0,11.0,9.0,28.0,164.4,mixed_evaporative,MEDIUM,0
NKSP,2017,12,0,0,0,,,,,12.4,,,14.0,11.0,9.0,28.0,161.9,mixed_evaporative,MEDIUM,0
NKSP,2018,1,0,0,0,,,,,12.5,,,13.0,9.0,9.0,27.0,160.4,mixed_evaporative,MEDIUM,0
NKSP,2018,2,0,0,0,,,,,14.1,,,14.0,10.0,9.0,26.0,158.2,mixed_evaporative,MEDIUM,0
NKSP,2018,3,0,0,0,,,,,9.8,,,13.0,9.0,6.0,27.0,159.3,mixed_evaporative,MEDIUM,0
NKSP,2018,4,2,0,0,,,,,10.5,,,13.0,11.0,4.0,26.0,168.4,mixed_evaporative,MEDIUM,0
NKSP,2018,5,3,1,0,,,,,10.8,,,13.0,9.0,4.0,27.0,166.7,mixed_evaporative,MEDIUM,0
NKSP,2018,6,20,15,0,,,,,12.1,,,12.0,8.0,4.0,26.0,158.7,mixed_evaporative,MEDIUM,0
NKSP,2018,7,31,29,0,,,,,10.1,,,12.0,9.0,6.0,23.0,163.3,mixed_evaporative,MEDIUM,0
NKSP,2018,8,29,22,0,,,,,11.0,,,13.0,11.0,1.0,28.0,152.4,mixed_evaporative,MEDIUM,0
NKSP,2018,9,21,14,0,,,,,9.7,,,11.0,7.0,1.0,26.0,147.8,mixed_evaporative,MEDIUM,0
NKSP,2018,10,0,0,0,,,,,9.0,,,10.0,7.0,1.0,23.0,152.4,mixed_evaporative,MEDIUM,0
NKSP,2018,11,0,0,0,,,,,12.6,,,10.0,6.0,4.0,26.0,154.1,mixed_evaporative,MEDIUM,0
NKSP,2018,12,0,0,0,,,,,11.3,,,11.0,6.0,9.0,28.0,152.0,mixed_evaporative,MEDIUM,0
NKSP,2019,1,0,0,0,,,,,9.4,,,10.0,6.0,6.0,24.0,153.3,mixed_evaporative,MEDIUM,0
NKSP,2019,2,0,0,0,,,,,10.8,,,12.0,7.0,4.0,34.0,150.6,mixed_evaporative,MEDIUM,0
NKSP,2019,3,0,0,0,,,,,13.8,,,13.0,8.0,4.0,34.0,154.0,mixed_evaporative,MEDIUM,0
NKSP,2019,4,3,0,0,,,,,10.0,,,14.0,8.0,6.0,35.0,146.8,mixed_evaporative,MEDIUM,0
NKSP,2019,5,0,0,0,,,,,9.4,,,13.0,7.0,4.0,35.0,149.7,mixed_evaporative,MEDIUM,0
NKSP,2019,6,25,12,0,,,,,10.8,,,13.0,8.0,4.0,33.0,157.6,mixed_evaporative,MEDIUM,0
NKSP,2019,7,31,22,0,,,,,13.6,,,12.0,8.0,6.0,28.0,155.7,mixed_evaporative,MEDIUM,0
NKSP,2019,8,30,22,0,,,,,10.1,,,12.0,12.0,4.0,19.0,150.6,mixed_evaporative,MEDIUM,0
NKSP,2019,9,15,12,0,,,,,8.2,,,13.0,12.0,4.0,19.0,160.2,mixed_evaporative,MEDIUM,0
NKSP,2019,10,0,0,0,,,,,13.3,,,12.0,12.0,1.0,19.0,150.7,mixed_evaporative,MEDIUM,0
NKSP,2019,11,0,0,0,,,,,12.5,,,11.0,11.0,1.0,19.0,148.6,mixed_evaporative,MEDIUM,0
NKSP,2019,12,0,0,0,,,,,15.0,,,12.0,11.0,1.0,20.0,161.2,mixed_evaporative,MEDIUM,0
NKSP,2020,1,0,0,0,,,,,11.7,,,10.0,8.0,1.0,20.0,161.7,mixed_evaporative,MEDIUM,0
NKSP,2020,2,0,0,0,,,,,15.2,,,10.0,9.0,1.0,20.0,157.7,mixed_evaporative,MEDIUM,0
NKSP,2020,3,0,0,0,,,,,9.6,,,11.0,9.0,4.0,22.0,143.5,mixed_evaporative,MEDIUM,0
NKSP,2020,4,2,0,0,,,,,16.1,,,11.0,8.0,4.0,24.0,134.7,mixed_evaporative,MEDIUM,0
NKSP,2020,5,8,6,0,,,,,11.5,,,11.0,8.0,4.0,26.0,107.3,mixed_evaporative,MEDIUM,0
NKSP,2020,6,18,12,0,,,,,10.2,,,11.0,9.0,4.0,24.0,82.7,mixed_evaporative,MEDIUM,0
NKSP,2020,7,31,28,0,,,,,12.5,,,13.0,11.0,4.0,22.0,66.8,mixed_evaporative,MEDIUM,0
NKSP,2020,8,30,28,1,,,,,6.4,,,12.0,10.0,4.0,21.0,60.8,mixed_evaporative,MEDIUM,0
NKSP,2020,9,19,8,0,,,,,8.5,,,12.0,11.0,4.0,19.0,68.9,mixed_evaporative,MEDIUM,0
NKSP,2020,10,6,1,0,,,,,11.7,,,9.0,10.0,4.0,8.0,81.4,mixed_evaporative,MEDIUM,0
NKSP,2020,11,0,0,0,,,,,7.1,,,6.0,7.0,4.0,8.0,98.1,mixed_evaporative,MEDIUM,0
NKSP,2020,12,0,0,0,,,,,3.9,,,8.0,7.0,4.0,12.0,93.6,mixed_evaporative,MEDIUM,0
NKSP,2021,1,0,0,0,,,,,3.5,,,14.0,8.0,6.0,38.0,85.6,mixed_evaporative,MEDIUM,0
NKSP,2021,2,0,0,0,,,,,7.7,,,14.0,8.0,6.0,41.0,96.4,mixed_evaporative,MEDIUM,0
NKSP,2021,3,0,0,0,,,,,7.5,,,14.0,9.0,6.0,40.0,109.8,mixed_evaporative,MEDIUM,0
NKSP,2021,4,1,0,0,,,,,8.3,,,10.0,7.0,9.0,21.0,113.6,mixed_evaporative,MEDIUM,0
NKSP,2021,5,9,4,0,,,,,7.8,,,10.0,6.0,12.0,22.0,126.7,mixed_evaporative,MEDIUM,0
NKSP,2021,6,24,21,3,,,,,7.3,,,18.0,9.0,12.0,45.0,126.7,mixed_evaporative,MEDIUM,0
NKSP,2021,7,31,30,5,187.6,5.77,1.0,16.0,9.1,15567181.36,172642321.0,20.0,12.0,12.0,44.0,137.6,mixed_evaporative,MEDIUM,0
NKSP,2021,8,27,24,0,207.31,6.12,1.0,19.0,7.4,16090296.100000001,172953369.0,19.0,11.0,12.0,45.0,135.5,mixed_evaporative,MEDIUM,0
NKSP,2021,9,19,15,1,156.7,8.11,1.0,23.0,13.0,16980468.5,172953369.0,20.0,12.0,12.0,46.0,140.6,mixed_evaporative,MEDIUM,0
NKSP,2021,10,3,0,0,157.13,6.25,,16.0,10.7,15636350.329999998,172957901.0,20.0,11.0,12.0,48.0,133.1,mixed_evaporative,MEDIUM,0
NKSP,2021,11,0,0,0,77.25,5.81,,22.0,9.1,17153825.520000003,185899011.0,21.0,13.0,12.0,48.0,135.0,mixed_evaporative,MEDIUM,0
NKSP,2021,12,0,0,0,146.18,4.56,,22.0,9.4,19201680.700000003,185920470.0,22.0,15.0,12.0,45.0,138.9,mixed_evaporative,MEDIUM,0
NKSP,2022,1,0,0,0,160.84,9.2,,27.0,4.8,16044948.429999992,187219586.0,20.0,17.0,12.0,36.0,140.8,mixed_evaporative,MEDIUM,0
NKSP,2022,2,0,0,0,91.2,4.06,,27.0,10.2,16629328.310000002,188614330.0,20.0,16.0,12.0,36.0,130.5,mixed_evaporative,MEDIUM,0
NKSP,2022,3,0,0,0,155.8,5.5,1.0,36.0,7.2,15948673.680000007,188523730.0,20.0,16.0,15.0,39.0,138.0,mixed_evaporative,MEDIUM,0
NKSP,2022,4,2,0,0,48.3,4.38,,28.0,9.4,16252393.590000004,200249310.0,20.0,15.0,15.0,41.0,151.3,mixed_evaporative,MEDIUM,0
NKSP,2022,5,8,3,0,157.48,4.75,,48.0,9.9,16092112.97999999,202886129.0,18.0,14.0,4.0,39.0,155.2,mixed_evaporative,MEDIUM,0
NKSP,2022,6,21,13,0,61.98,4.85,,43.0,8.2,17505167.300000012,202982904.0,19.0,14.0,4.0,42.0,153.5,mixed_evaporative,MEDIUM,0
NKSP,2022,7,29,25,1,169.47,9.89,1.0,34.0,8.3,17645938.36,192592872.0,22.0,13.0,7.0,55.0,152.2,mixed_evaporative,MEDIUM,0
NKSP,2022,8,31,30,0,93.0,8.28,,51.0,9.1,18844597.82,192719439.0,26.0,18.0,4.0,61.0,142.9,mixed_evaporative,MEDIUM,0
NKSP,2022,9,20,14,4,160.15,6.1,,42.0,10.7,19051304.35,192987438.0,25.0,16.0,1.0,61.0,143.8,mixed_evaporative,MEDIUM,0
NKSP,2022,10,8,0,0,131.95,4.38,,24.0,9.6,18801950.659999996,192988158.0,25.0,16.0,7.0,58.0,153.0,mixed_evaporative,MEDIUM,0
NKSP,2022,11,0,0,0,136.91,3.89,1.0,32.0,10.4,17229124.450000003,214600451.0,21.0,13.0,10.0,52.0,151.1,mixed_evaporative,MEDIUM,0
NKSP,2022,12,0,0,0,77.25,9.01,,36.0,11.0,22110440.510000005,214605200.0,21.0,12.0,10.0,54.0,159.8,mixed_evaporative,MEDIUM,0
NKSP,2023,1,0,0,0,135.9,7.9,,40.0,11.6,18164739.599999994,217650053.0,24.0,15.0,10.0,55.0,162.6,mixed_evaporative,MEDIUM,0
NKSP,2023,2,0,0,0,214.14,5.95,,34.0,8.7,18114300.96000001,219514392.0,21.0,12.0,10.0,53.0,156.1,mixed_evaporative,MEDIUM,0
NKSP,2023,3,0,0,0,242.8,9.33,,53.0,6.9,19610290.189999998,219512877.0,22.0,13.0,13.0,54.0,156.7,mixed_evaporative,MEDIUM,0
NKSP,2023,4,2,0,0,297.1,4.52,,33.0,8.1,18109781.00999999,225530452.0,22.0,14.0,13.0,52.0,158.5,mixed_evaporative,MEDIUM,0
NKSP,2023,5,10,4,0,179.3,2.98,,48.0,5.1,17704937.680000007,225540332.0,22.0,14.0,4.0,53.0,154.2,mixed_evaporative,MEDIUM,0
NKSP,2023,6,10,3,0,311.15,2.67,,66.0,6.2,18528713.0,225571266.0,22.0,14.0,4.0,53.0,140.0,mixed_evaporative,MEDIUM,0
NKSP,2023,7,30,26,2,265.0,2.66,,40.0,8.0,17914094.47,214807085.0,25.0,16.0,4.0,56.0,143.2,mixed_evaporative,MEDIUM,0
NKSP,2023,8,27,21,0,289.55,3.19,,40.0,12.0,18470470.04,214807986.0,24.0,15.0,7.0,56.0,132.7,mixed_evaporative,MEDIUM,0
NKSP,2023,9,13,4,0,246.05,0.72,,46.0,12.3,18630049.060000002,214825957.0,23.0,13.0,7.0,58.0,138.0,mixed_evaporative,MEDIUM,0
NKSP,2023,10,5,2,0,1356.0,11.02,,51.0,11.5,18094231.139999993,214903705.0,22.0,13.0,4.0,57.0,141.0,mixed_evaporative,MEDIUM,0
NKSP,2023,11,0,0,0,763.25,2.35,,51.0,11.0,21493548.91000001,216905760.0,23.0,13.0,10.0,57.0,145.9,mixed_evaporative,MEDIUM,0
NKSP,2023,12,0,0,0,178.0,2.46,,50.0,9.1,22660465.11,216912260.0,22.0,12.0,10.0,57.0,149.1,mixed_evaporative,MEDIUM,0
NKSP,2024,1,0,0,0,107.0,2.74,,38.0,11.4,20782343.790000007,219584295.0,21.0,12.0,10.0,52.0,140.0,mixed_evaporative,MEDIUM,0
NKSP,2024,2,0,0,0,96.0,5.35,,43.0,14.7,18909324.23999998,221008135.0,21.0,13.0,13.0,52.0,129.4,mixed_evaporative,MEDIUM,0
NKSP,2024,3,0,0,0,90.0,4.67,,27.0,10.8,22195616.47,221012955.0,19.0,9.0,16.0,52.0,122.2,mixed_evaporative,MEDIUM,0
NKSP,2024,4,1,0,0,71.0,3.26,,23.0,12.4,18710549.73000002,239593736.0,17.0,9.0,13.0,48.0,120.6,mixed_evaporative,MEDIUM,0
NKSP,2024,5,14,3,0,51.75,2.86,,27.0,17.0,18286872.169999987,239652351.0,19.0,10.0,13.0,50.0,125.4,mixed_evaporative,MEDIUM,0
NKSP,2024,6,27,18,1,228.5,2.61,,30.0,13.2,19356329.920000017,239659938.0,19.0,10.0,10.0,50.0,123.3,mixed_evaporative,MEDIUM,0
NKSP,2024,7,31,30,7,121.5,1.51,,29.0,15.4,17659397.22,233018210.0,15.0,8.0,10.0,41.0,115.8,mixed_evaporative,MEDIUM,0
NKSP,2024,8,28,22,1,71.5,4.55,,40.0,14.7,19125289.990000002,233043368.0,16.0,9.0,4.0,42.0,116.5,mixed_evaporative,MEDIUM,0
NKSP,2024,9,20,13,0,95.5,1.31,,21.0,18.1,17878446.299999997,233177543.0,14.0,8.0,4.0,40.0,115.2,mixed_evaporative,MEDIUM,0
NKSP,2024,10,9,8,0,81.0,0.18,,19.0,15.6,18522261.140000008,232933006.0,14.0,7.0,7.0,41.0,114.0,mixed_evaporative,MEDIUM,0
NKSP,2024,11,0,0,0,238.5,8.85,,33.0,18.3,19087139.89,234042865.0,15.0,8.0,7.0,41.0,111.9,mixed_evaporative,MEDIUM,0
NKSP,2024,12,0,0,0,90.25,0.38,,39.0,14.3,18575779.209999993,216405074.0,16.0,10.0,13.0,38.0,111.3,mixed_evaporative,MEDIUM,0
NKSP,2025,1,0,0,0,73.5,0.0,,27.0,18.7,17427161.379999995,216456221.0,15.0,7.0,10.0,41.0,141.2,mixed_evaporative,MEDIUM,0
NKSP,2025,2,0,0,0,129.0,0.39,,29.0,13.7,17659349.46000001,217525897.69,16.0,8.0,7.0,43.0,138.7,mixed_evaporative,MEDIUM,0
NKSP,2025,3,0,0,0,116.0,0.68,,20.0,19.0,18187167.349999994,216864823.69,17.0,9.0,7.0,44.0,135.9,mixed_evaporative,MEDIUM,0
NKSP,2025,4,0,0,0,103.0,0.14,,52.0,16.3,16342732.069999993,215882193.69,15.0,8.0,4.0,41.0,131.8,mixed_evaporative,MEDIUM,0
NKSP,2025,5,9,4,0,40.0,0.21,,27.0,15.4,17201631.29000002,215952407.69,14.0,7.0,4.0,41.0,126.2,mixed_evaporative,MEDIUM,0
NKSP,2025,6,26,17,0,85.5,3.04,1.0,20.0,14.1,15665067.5,215975166.69,14.0,5.0,7.0,41.0,124.8,mixed_evaporative,MEDIUM,0
NKSP,2025,7,30,22,0,,,,,12.5,,,13.0,4.0,10.0,41.0,118.6,mixed_evaporative,MEDIUM,0
NKSP,2025,8,31,25,0,,,,,12.9,,,18.0,7.0,17.0,47.0,126.0,mixed_evaporative,MEDIUM,0
NKSP,2025,9,18,8,0,,,,,13.8,,,16.0,6.0,14.0,46.0,133.9,mixed_evaporative,MEDIUM,0
NKSP,2025,10,0,0,0,,,,,25.9,,,16.0,6.0,7.0,48.0,142.7,mixed_evaporative,MEDIUM,0
NKSP,2025,11,0,0,0,,,,,26.7,,,16.0,5.0,7.0,49.0,145.8,mixed_evaporative,MEDIUM,0
NKSP,2025,12,0,0,0,,,,,24.4,,,16.0,5.0,7.0,49.0,148.7,mixed_evaporative,MEDIUM,0
PBSP,2016,1,0,0,0,,,,,,,,,,,,96.0,mixed_ventilation_only,MAXIMUM,0
PBSP,2016,2,0,0,0,,,,,,,,,,,,96.1,mixed_ventilation_only,MAXIMUM,0
PBSP,2016,3,0,0,0,,,,,,,,,,,,92.9,mixed_ventilation_only,MAXIMUM,0
PBSP,2016,4,0,0,3,,,,,,,,,,,,92.9,mixed_ventilation_only,MAXIMUM,0
PBSP,2016,5,0,0,2,,,,,,,,,,,,90.8,mixed_ventilation_only,MAXIMUM,0
PBSP,2016,6,0,0,0,,,,,,,,,,,,95.5,mixed_ventilation_only,MAXIMUM,0
PBSP,2016,7,0,0,0,,,,,,,,,,,,98.0,mixed_ventilation_only,MAXIMUM,0
PBSP,2016,8,0,0,0,,,,,,,,,,,,98.7,mixed_ventilation_only,MAXIMUM,0
PBSP,2016,9,0,0,3,,,,,,,,,,,,95.2,mixed_ventilation_only,MAXIMUM,0
PBSP,2016,10,0,0,0,,,,,,,,,,,,94.8,mixed_ventilation_only,MAXIMUM,0
PBSP,2016,11,0,0,0,,,,,,,,,,,,92.8,mixed_ventilation_only,MAXIMUM,0
PBSP,2016,12,0,0,0,,,,,,,,,,,,91.1,mixed_ventilation_only,MAXIMUM,0
PBSP,2017,1,0,0,0,,,,,1.8,,,15.0,18.0,10.0,5.0,89.4,mixed_ventilation_only,MAXIMUM,0
PBSP,2017,2,0,0,0,,,,,3.6,,,17.0,17.0,18.0,17.0,88.7,mixed_ventilation_only,MAXIMUM,0
PBSP,2017,3,0,0,0,,,,,1.8,,,17.0,18.0,10.0,14.0,87.6,mixed_ventilation_only,MAXIMUM,0
PBSP,2017,4,0,0,0,,,,,1.9,,,19.0,21.0,10.0,17.0,86.0,mixed_ventilation_only,MAXIMUM,0
PBSP,2017,5,0,0,0,,,,,0.5,,,23.0,26.0,10.0,20.0,85.0,mixed_ventilation_only,MAXIMUM,0
PBSP,2017,6,0,0,4,,,,,1.9,,,23.0,26.0,10.0,20.0,87.0,mixed_ventilation_only,MAXIMUM,0
PBSP,2017,7,0,0,1,,,,,6.3,,,20.0,20.0,12.0,26.0,86.7,mixed_ventilation_only,MAXIMUM,0
PBSP,2017,8,0,0,3,,,,,2.9,,,21.0,21.0,12.0,29.0,92.4,mixed_ventilation_only,MAXIMUM,0
PBSP,2017,9,0,0,6,,,,,6.4,,,22.0,23.0,12.0,29.0,96.0,mixed_ventilation_only,MAXIMUM,0
PBSP,2017,10,0,0,1,,,,,1.9,,,23.0,25.0,12.0,26.0,102.3,mixed_ventilation_only,MAXIMUM,0
PBSP,2017,11,0,0,0,,,,,1.0,,,23.0,24.0,14.0,23.0,105.5,mixed_ventilation_only,MAXIMUM,0
PBSP,2017,12,0,0,0,,,,,5.0,,,23.0,24.0,14.0,23.0,107.6,mixed_ventilation_only,MAXIMUM,0
PBSP,2018,1,0,0,0,,,,,2.2,,,22.0,25.0,7.0,18.0,110.0,mixed_ventilation_only,MAXIMUM,0
PBSP,2018,2,0,0,0,,,,,4.1,,,22.0,23.0,4.0,27.0,111.6,mixed_ventilation_only,MAXIMUM,0
PBSP,2018,3,0,0,0,,,,,2.8,,,20.0,23.0,7.0,15.0,113.7,mixed_ventilation_only,MAXIMUM,0
PBSP,2018,4,0,0,1,,,,,1.6,,,21.0,23.0,11.0,15.0,113.1,mixed_ventilation_only,MAXIMUM,0
PBSP,2018,5,0,0,0,,,,,6.1,,,20.0,23.0,11.0,15.0,112.9,mixed_ventilation_only,MAXIMUM,0
PBSP,2018,6,0,0,2,,,,,2.3,,,18.0,20.0,7.0,13.0,112.0,mixed_ventilation_only,MAXIMUM,0
PBSP,2018,7,0,0,0,,,,,3.3,,,19.0,21.0,7.0,19.0,110.3,mixed_ventilation_only,MAXIMUM,0
PBSP,2018,8,0,0,0,,,,,4.1,,,18.0,21.0,7.0,15.0,109.8,mixed_ventilation_only,MAXIMUM,0
PBSP,2018,9,0,0,0,,,,,4.1,,,16.0,16.0,7.0,23.0,108.1,mixed_ventilation_only,MAXIMUM,0
PBSP,2018,10,0,0,2,,,,,5.7,,,16.0,17.0,7.0,19.0,107.1,mixed_ventilation_only,MAXIMUM,0
PBSP,2018,11,0,0,0,,,,,6.1,,,15.0,15.0,11.0,19.0,107.9,mixed_ventilation_only,MAXIMUM,0
PBSP,2018,12,0,0,0,,,,,4.2,,,16.0,16.0,11.0,19.0,107.2,mixed_ventilation_only,MAXIMUM,0
PBSP,2019,1,0,0,0,,,,,8.1,,,17.0,17.0,11.0,23.0,108.3,mixed_ventilation_only,MAXIMUM,0
PBSP,2019,2,0,0,0,,,,,5.5,,,18.0,16.0,11.0,33.0,107.5,mixed_ventilation_only,MAXIMUM,0
PBSP,2019,3,0,0,0,,,,,2.3,,,19.0,18.0,11.0,33.0,107.3,mixed_ventilation_only,MAXIMUM,0
PBSP,2019,4,0,0,0,,,,,4.3,,,17.0,18.0,11.0,21.0,108.7,mixed_ventilation_only,MAXIMUM,0
PBSP,2019,5,0,0,0,,,,,4.3,,,16.0,16.0,11.0,25.0,109.2,mixed_ventilation_only,MAXIMUM,0
PBSP,2019,6,0,0,4,,,,,3.1,,,15.0,15.0,11.0,25.0,111.9,mixed_ventilation_only,MAXIMUM,0
PBSP,2019,7,0,0,0,,,,,4.7,,,19.0,19.0,11.0,26.0,110.3,mixed_ventilation_only,MAXIMUM,0
PBSP,2019,8,0,0,2,,,,,4.2,,,19.0,20.0,11.0,20.0,109.9,mixed_ventilation_only,MAXIMUM,0
PBSP,2019,9,0,0,0,,,,,1.9,,,19.0,20.0,11.0,20.0,109.9,mixed_ventilation_only,MAXIMUM,0
PBSP,2019,10,0,0,1,,,,,4.1,,,22.0,24.0,11.0,24.0,111.1,mixed_ventilation_only,MAXIMUM,0
PBSP,2019,11,0,0,0,,,,,5.3,,,18.0,19.0,7.0,28.0,109.2,mixed_ventilation_only,MAXIMUM,0
PBSP,2019,12,0,0,0,,,,,3.4,,,18.0,19.0,11.0,24.0,109.2,mixed_ventilation_only,MAXIMUM,0
PBSP,2020,1,0,0,0,,,,,3.4,,,19.0,19.0,7.0,28.0,111.3,mixed_ventilation_only,MAXIMUM,0
PBSP,2020,2,0,0,0,,,,,4.9,,,23.0,22.0,14.0,35.0,110.4,mixed_ventilation_only,MAXIMUM,0
PBSP,2020,3,0,0,0,,,,,2.3,,,22.0,23.0,11.0,28.0,112.5,mixed_ventilation_only,MAXIMUM,0
PBSP,2020,4,0,0,0,,,,,2.3,,,21.0,23.0,7.0,21.0,109.6,mixed_ventilation_only,MAXIMUM,0
PBSP,2020,5,0,0,0,,,,,8.3,,,21.0,24.0,7.0,19.0,108.3,mixed_ventilation_only,MAXIMUM,0
PBSP,2020,6,0,0,0,,,,,5.7,,,21.0,23.0,7.0,26.0,106.1,mixed_ventilation_only,MAXIMUM,0
PBSP,2020,7,0,0,0,,,,,3.7,,,21.0,22.0,11.0,24.0,102.2,mixed_ventilation_only,MAXIMUM,0
PBSP,2020,8,0,0,4,,,,,0.0,,,19.0,20.0,14.0,19.0,100.0,mixed_ventilation_only,MAXIMUM,0
PBSP,2020,9,1,0,6,,,,,2.7,,,20.0,22.0,14.0,19.0,97.4,mixed_ventilation_only,MAXIMUM,0
PBSP,2020,10,0,0,2,,,,,1.6,,,22.0,24.0,14.0,19.0,96.2,mixed_ventilation_only,MAXIMUM,0
PBSP,2020,11,0,0,0,,,,,2.9,,,22.0,24.0,14.0,19.0,94.2,mixed_ventilation_only,MAXIMUM,0
PBSP,2020,12,0,0,0,,,,,3.8,,,24.0,26.0,14.0,22.0,92.8,mixed_ventilation_only,MAXIMUM,0
PBSP,2021,1,0,0,0,,,,,5.1,,,23.0,25.0,14.0,19.0,92.1,mixed_ventilation_only,MAXIMUM,0
PBSP,2021,2,0,0,0,,,,,4.3,,,22.0,25.0,14.0,12.0,91.7,mixed_ventilation_only,MAXIMUM,0
PBSP,2021,3,0,0,0,,,,,3.5,,,23.0,26.0,14.0,12.0,90.5,mixed_ventilation_only,MAXIMUM,0
PBSP,2021,4,0,0,0,,,,,3.1,,,22.0,25.0,14.0,12.0,89.7,mixed_ventilation_only,MAXIMUM,0
PBSP,2021,5,0,0,0,,,,,5.4,,,25.0,27.0,21.0,12.0,87.9,mixed_ventilation_only,MAXIMUM,0
PBSP,2021,6,0,0,1,,,,,2.3,,,26.0,29.0,18.0,15.0,88.7,mixed_ventilation_only,MAXIMUM,0
PBSP,2021,7,0,0,0,8.0,1.25,1.0,16.0,4.1,15476335.88,172572010.0,24.0,26.0,12.0,21.0,89.4,mixed_ventilation_only,MAXIMUM,0
PBSP,2021,8,0,0,1,0.0,20.76,,4.0,5.6,15634253.229999999,172603754.0,26.0,29.0,8.0,25.0,89.1,mixed_ventilation_only,MAXIMUM,0
PBSP,2021,9,0,0,1,0.0,9.58,,8.0,2.9,16126417.200000003,172615914.0,27.0,30.0,4.0,25.0,87.7,mixed_ventilation_only,MAXIMUM,0
PBSP,2021,10,0,0,0,0.0,0.62,,13.0,5.6,15223801.489999995,173047326.0,29.0,32.0,8.0,25.0,85.9,mixed_ventilation_only,MAXIMUM,0
PBSP,2021,11,0,0,0,0.0,0.0,1.0,12.0,5.6,15475001.63000001,185227769.0,30.0,34.0,12.0,21.0,85.0,mixed_ventilation_only,MAXIMUM,0
PBSP,2021,12,0,0,0,0.0,1.27,,11.0,7.0,19289712.83999999,185267652.0,30.0,33.0,16.0,25.0,83.4,mixed_ventilation_only,MAXIMUM,0
PBSP,2022,1,0,0,0,0.0,26.43,,8.0,4.8,15169426.52000001,186523366.0,33.0,36.0,12.0,31.0,81.2,mixed_ventilation_only,MAXIMUM,0
PBSP,2022,2,0,0,0,0.0,26.97,,4.0,7.3,15552519.799999997,187252298.0,33.0,36.0,12.0,31.0,80.5,mixed_ventilation_only,MAXIMUM,0
PBSP,2022,3,0,0,0,0.0,20.12,,14.0,9.3,15735049.199999988,187113889.0,32.0,35.0,12.0,31.0,77.8,mixed_ventilation_only,MAXIMUM,0
PBSP,2022,4,0,0,0,0.0,0.0,,12.0,6.5,14933054.140000015,193906346.0,34.0,38.0,8.0,31.0,76.3,mixed_ventilation_only,MAXIMUM,0
PBSP,2022,5,0,0,0,0.0,2.76,,3.0,8.7,15748021.150000006,193134102.0,34.0,38.0,4.0,31.0,72.4,mixed_ventilation_only,MAXIMUM,0
PBSP,2022,6,0,0,0,0.0,0.74,,12.0,7.8,16279272.059999973,193528410.0,33.0,37.0,0.0,35.0,70.2,mixed_ventilation_only,MAXIMUM,0
PBSP,2022,7,0,0,0,0.0,6.41,,9.0,7.5,16518992.39,185897700.0,33.0,36.0,11.0,37.0,69.5,mixed_ventilation_only,MAXIMUM,0
PBSP,2022,8,0,0,0,0.0,0.0,,8.0,15.8,17038649.509999998,186071399.0,33.0,37.0,0.0,37.0,69.9,mixed_ventilation_only,MAXIMUM,0
PBSP,2022,9,0,0,1,20.0,0.0,1.0,11.0,12.0,17110212.64,186213142.0,33.0,38.0,4.0,33.0,73.0,mixed_ventilation_only,MAXIMUM,0
PBSP,2022,10,0,0,0,8.0,1.08,,18.0,11.8,17335382.360000007,186778554.0,35.0,38.0,18.0,33.0,73.9,mixed_ventilation_only,MAXIMUM,0
PBSP,2022,11,0,0,0,24.0,6.4,,18.0,13.7,18020398.689999998,201215066.0,36.0,40.0,18.0,30.0,75.2,mixed_ventilation_only,MAXIMUM,0
PBSP,2022,12,0,0,0,24.0,4.99,,21.0,13.0,19849911.08,201808369.0,36.0,41.0,18.0,26.0,73.3,mixed_ventilation_only,MAXIMUM,0
PBSP,2023,1,0,0,0,0.0,4.23,,20.0,13.1,17147292.120000005,204740055.0,37.0,40.0,18.0,38.0,71.9,mixed_ventilation_only,MAXIMUM,0
PBSP,2023,2,0,0,0,8.75,3.43,,12.0,18.0,16738435.649999991,205484124.0,36.0,38.0,18.0,38.0,70.8,mixed_ventilation_only,MAXIMUM,0
PBSP,2023,3,0,0,0,8.0,3.79,,17.0,16.0,16960344.580000013,205555660.0,35.0,39.0,15.0,28.0,69.0,mixed_ventilation_only,MAXIMUM,0
PBSP,2023,4,0,0,0,24.0,0.0,,17.0,14.7,16305790.899999976,209758232.0,34.0,38.0,15.0,28.0,67.2,mixed_ventilation_only,MAXIMUM,0
PBSP,2023,5,0,0,1,13.0,0.0,,16.0,11.5,16767222.820000023,209910885.0,35.0,39.0,15.0,31.0,67.3,mixed_ventilation_only,MAXIMUM,0
PBSP,2023,6,0,0,1,8.0,0.0,,9.0,15.8,16315030.669999987,209961838.0,37.0,42.0,15.0,31.0,67.2,mixed_ventilation_only,MAXIMUM,0
PBSP,2023,7,0,0,0,0.0,7.05,,16.0,16.1,15639489.8,200078440.0,37.0,41.0,15.0,31.0,66.4,mixed_ventilation_only,MAXIMUM,0
PBSP,2023,8,0,0,2,8.0,8.97,,12.0,17.8,16919715.62,200328440.0,36.0,41.0,15.0,28.0,64.3,mixed_ventilation_only,MAXIMUM,0
PBSP,2023,9,0,0,0,18.3,0.0,,17.0,12.3,16065554.189999998,200356390.0,35.0,40.0,15.0,28.0,64.9,mixed_ventilation_only,MAXIMUM,0
PBSP,2023,10,0,0,3,80.0,0.0,,15.0,12.3,15450381.82,200484055.0,36.0,40.0,15.0,28.0,66.2,mixed_ventilation_only,MAXIMUM,0
PBSP,2023,11,0,0,0,392.0,4.01,,15.0,16.2,17751754.96,201277459.0,37.0,41.0,15.0,32.0,64.5,mixed_ventilation_only,MAXIMUM,0
PBSP,2023,12,0,0,0,32.0,1.35,,31.0,12.9,19635257.28,201277999.0,36.0,39.0,15.0,35.0,84.5,mixed_ventilation_only,MAXIMUM,0
PBSP,2024,1,0,0,0,388.0,0.0,,7.0,16.7,17171592.950000003,202766985.0,41.0,41.0,15.0,54.0,79.4,mixed_ventilation_only,MAXIMUM,0
PBSP,2024,2,0,0,0,0.0,0.0,,16.0,13.8,16073784.060000002,203406780.0,40.0,42.0,11.0,49.0,85.6,mixed_ventilation_only,MAXIMUM,0
PBSP,2024,3,0,0,0,0.0,3.11,1.0,26.0,11.6,18308565.150000006,203414161.0,39.0,41.0,7.0,49.0,93.0,mixed_ventilation_only,MAXIMUM,0
PBSP,2024,4,0,0,0,5.0,2.74,,25.0,19.4,18759047.929999977,202991877.0,38.0,39.0,7.0,49.0,102.4,mixed_ventilation_only,MAXIMUM,0
PBSP,2024,5,0,0,3,0.0,1.93,,22.0,19.4,16515259.189999998,203312566.0,39.0,42.0,15.0,45.0,109.4,mixed_ventilation_only,MAXIMUM,0
PBSP,2024,6,0,0,1,17.0,0.0,,28.0,15.4,16561993.49000001,203367072.0,43.0,44.0,11.0,55.0,121.0,mixed_ventilation_only,MAXIMUM,0
PBSP,2024,7,0,0,6,12.25,0.0,,17.0,23.6,15667348.49,200020396.0,44.0,45.0,18.0,51.0,124.8,mixed_ventilation_only,MAXIMUM,0
PBSP,2024,8,0,0,1,7.75,0.0,,25.0,15.5,15586223.17,199997296.0,43.0,44.0,11.0,55.0,122.6,mixed_ventilation_only,MAXIMUM,0
PBSP,2024,9,0,0,4,28.25,0.0,,11.0,25.6,15492736.860000003,200309414.0,44.0,47.0,11.0,55.0,121.7,mixed_ventilation_only,MAXIMUM,0
PBSP,2024,10,0,0,2,11.5,0.0,,13.0,20.4,15596313.689999998,200410382.0,46.0,50.0,15.0,48.0,119.4,mixed_ventilation_only,MAXIMUM,0
PBSP,2024,11,0,0,0,28.0,0.0,,22.0,18.1,16714139.899999999,201202727.0,47.0,51.0,11.0,50.0,118.0,mixed_ventilation_only,MAXIMUM,0
PBSP,2024,12,0,0,0,21.0,2.23,,40.0,17.0,17046094.760000005,188791440.0,47.0,51.0,7.0,50.0,112.0,mixed_ventilation_only,MAXIMUM,0
PBSP,2025,1,0,0,0,21.75,3.0,,29.0,21.7,15600536.819999993,188843060.0,48.0,54.0,7.0,47.0,112.5,mixed_ventilation_only,MAXIMUM,0
PBSP,2025,2,0,0,0,13.0,3.13,,35.0,18.9,15580298.14,189656468.69,47.0,53.0,7.0,43.0,111.9,mixed_ventilation_only,MAXIMUM,0
PBSP,2025,3,0,0,0,13.0,7.34,,21.0,23.2,15920826.86,189003025.69,45.0,52.0,7.0,41.0,111.1,mixed_ventilation_only,MAXIMUM,0
PBSP,2025,4,0,0,0,0.0,5.72,,32.0,29.0,15786615.50999999,191122397.69,44.0,51.0,4.0,39.0,111.2,mixed_ventilation_only,MAXIMUM,0
PBSP,2025,5,0,0,0,5.0,0.0,,31.0,11.3,14888534.070000023,191307912.69,45.0,52.0,4.0,43.0,111.1,mixed_ventilation_only,MAXIMUM,0
PBSP,2025,6,0,0,0,15.0,4.4,,17.0,22.1,15829894.899999976,191479302.69,44.0,51.0,4.0,42.0,112.6,mixed_ventilation_only,MAXIMUM,0
PBSP,2025,7,0,0,1,,,,,12.4,,,46.0,49.0,4.0,53.0,116.5,mixed_ventilation_only,MAXIMUM,0
PBSP,2025,8,0,0,2,,,,,14.4,,,45.0,48.0,4.0,51.0,120.6,mixed_ventilation_only,MAXIMUM,0
PBSP,2025,9,0,0,1,,,,,26.8,,,44.0,46.0,4.0,52.0,121.3,mixed_ventilation_only,MAXIMUM,0
PBSP,2025,10,0,0,1,,,,,16.7,,,43.0,45.0,7.0,51.0,123.4,mixed_ventilation_only,MAXIMUM,0
PBSP,2025,11,0,0,0,,,,,16.6,,,42.0,45.0,7.0,49.0,121.7,mixed_ventilation_only,MAXIMUM,0
PBSP,2025,12,0,0,0,,,,,18.3,,,43.0,45.0,7.0,52.0,120.2,mixed_ventilation_only,MAXIMUM,0
PVSP,2016,1,0,0,0,,,,,,,,,,,,134.8,mixed_evaporative,MAXIMUM,0
PVSP,2016,2,0,0,0,,,,,,,,,,,,136.5,mixed_evaporative,MAXIMUM,0
PVSP,2016,3,0,0,0,,,,,,,,,,,,139.6,mixed_evaporative,MAXIMUM,0
PVSP,2016,4,4,0,0,,,,,,,,,,,,141.5,mixed_evaporative,MAXIMUM,0
PVSP,2016,5,11,4,0,,,,,,,,,,,,140.2,mixed_evaporative,MAXIMUM,0
PVSP,2016,6,22,17,0,,,,,,,,,,,,139.3,mixed_evaporative,MAXIMUM,0
PVSP,2016,7,31,29,6,,,,,,,,,,,,141.2,mixed_evaporative,MAXIMUM,0
PVSP,2016,8,31,27,0,,,,,,,,,,,,139.4,mixed_evaporative,MAXIMUM,0
PVSP,2016,9,21,16,0,,,,,,,,,,,,138.3,mixed_evaporative,MAXIMUM,0
PVSP,2016,10,2,0,0,,,,,,,,,,,,136.9,mixed_evaporative,MAXIMUM,0
PVSP,2016,11,0,0,0,,,,,,,,,,,,136.8,mixed_evaporative,MAXIMUM,0
PVSP,2016,12,0,0,0,,,,,,,,,,,,137.7,mixed_evaporative,MAXIMUM,0
PVSP,2017,1,0,0,0,,,,,5.0,,,10.0,9.0,-3.0,24.0,138.6,mixed_evaporative,MAXIMUM,0
PVSP,2017,2,0,0,0,,,,,3.8,,,10.0,9.0,3.0,21.0,138.2,mixed_evaporative,MAXIMUM,0
PVSP,2017,3,0,0,0,,,,,4.7,,,11.0,10.0,0.0,21.0,136.7,mixed_evaporative,MAXIMUM,0
PVSP,2017,4,0,0,0,,,,,2.5,,,11.0,9.0,0.0,24.0,136.7,mixed_evaporative,MAXIMUM,0
PVSP,2017,5,13,5,0,,,,,3.1,,,11.0,11.0,3.0,19.0,138.3,mixed_evaporative,MAXIMUM,0
PVSP,2017,6,23,16,2,,,,,3.7,,,12.0,13.0,0.0,21.0,135.4,mixed_evaporative,MAXIMUM,0
PVSP,2017,7,31,31,0,,,,,7.9,,,13.0,14.0,3.0,19.0,130.9,mixed_evaporative,MAXIMUM,0
PVSP,2017,8,31,29,6,,,,,4.4,,,14.0,14.0,6.0,21.0,128.7,mixed_evaporative,MAXIMUM,0
PVSP,2017,9,15,9,1,,,,,7.2,,,13.0,11.0,6.0,24.0,127.2,mixed_evaporative,MAXIMUM,0
PVSP,2017,10,0,0,0,,,,,4.8,,,12.0,11.0,3.0,24.0,123.5,mixed_evaporative,MAXIMUM,0
PVSP,2017,11,0,0,0,,,,,7.0,,,14.0,11.0,7.0,30.0,121.7,mixed_evaporative,MAXIMUM,0
PVSP,2017,12,0,0,0,,,,,3.7,,,14.0,11.0,7.0,30.0,123.4,mixed_evaporative,MAXIMUM,0
PVSP,2018,1,0,0,0,,,,,6.8,,,13.0,10.0,10.0,32.0,124.2,mixed_evaporative,MAXIMUM,0
PVSP,2018,2,0,0,0,,,,,4.2,,,14.0,12.0,7.0,29.0,125.1,mixed_evaporative,MAXIMUM,0
PVSP,2018,3,0,0,0,,,,,2.5,,,12.0,13.0,3.0,17.0,124.4,mixed_evaporative,MAXIMUM,0
PVSP,2018,4,2,0,0,,,,,6.6,,,13.0,14.0,3.0,22.0,125.3,mixed_evaporative,MAXIMUM,0
PVSP,2018,5,3,1,0,,,,,5.2,,,14.0,16.0,3.0,17.0,124.9,mixed_evaporative,MAXIMUM,0
PVSP,2018,6,20,14,0,,,,,2.8,,,15.0,17.0,3.0,19.0,128.5,mixed_evaporative,MAXIMUM,0
PVSP,2018,7,31,28,0,,,,,5.2,,,10.0,13.0,0.0,5.0,131.6,mixed_evaporative,MAXIMUM,0
PVSP,2018,8,26,20,0,,,,,6.2,,,11.0,12.0,0.0,17.0,134.8,mixed_evaporative,MAXIMUM,0
PVSP,2018,9,17,9,0,,,,,4.8,,,10.0,11.0,0.0,14.0,138.3,mixed_evaporative,MAXIMUM,0
PVSP,2018,10,0,0,0,,,,,3.0,,,9.0,8.0,7.0,17.0,141.5,mixed_evaporative,MAXIMUM,0
PVSP,2018,11,0,0,0,,,,,2.9,,,8.0,6.0,3.0,20.0,140.1,mixed_evaporative,MAXIMUM,0
PVSP,2018,12,0,0,0,,,,,4.8,,,8.0,6.0,7.0,20.0,134.9,mixed_evaporative,MAXIMUM,0
PVSP,2019,1,0,0,0,,,,,4.0,,,8.0,7.0,7.0,15.0,135.6,mixed_evaporative,MAXIMUM,0
PVSP,2019,2,0,0,0,,,,,8.5,,,11.0,8.0,17.0,22.0,138.0,mixed_evaporative,MAXIMUM,0
PVSP,2019,3,0,0,0,,,,,5.5,,,11.0,9.0,13.0,22.0,141.2,mixed_evaporative,MAXIMUM,0
PVSP,2019,4,5,1,0,,,,,3.2,,,11.0,10.0,10.0,22.0,145.5,mixed_evaporative,MAXIMUM,0
PVSP,2019,5,1,0,0,,,,,1.6,,,11.0,10.0,7.0,19.0,149.9,mixed_evaporative,MAXIMUM,0
PVSP,2019,6,23,13,0,,,,,2.8,,,10.0,9.0,7.0,19.0,148.0,mixed_evaporative,MAXIMUM,0
PVSP,2019,7,31,22,0,,,,,4.0,,,14.0,14.0,3.0,24.0,144.4,mixed_evaporative,MAXIMUM,0
PVSP,2019,8,28,21,0,,,,,4.1,,,14.0,15.0,3.0,19.0,140.1,mixed_evaporative,MAXIMUM,0
PVSP,2019,9,15,11,0,,,,,4.3,,,13.0,14.0,3.0,15.0,136.2,mixed_evaporative,MAXIMUM,0
PVSP,2019,10,0,0,0,,,,,4.4,,,12.0,14.0,3.0,12.0,136.5,mixed_evaporative,MAXIMUM,0
PVSP,2019,11,0,0,0,,,,,7.4,,,11.0,13.0,3.0,8.0,136.9,mixed_evaporative,MAXIMUM,0
PVSP,2019,12,0,0,0,,,,,5.8,,,8.0,9.0,3.0,12.0,136.9,mixed_evaporative,MAXIMUM,0
PVSP,2020,1,0,0,0,,,,,8.2,,,9.0,10.0,3.0,12.0,135.7,mixed_evaporative,MAXIMUM,0
PVSP,2020,2,0,0,0,,,,,5.4,,,12.0,13.0,7.0,12.0,138.8,mixed_evaporative,MAXIMUM,0
PVSP,2020,3,0,0,0,,,,,4.1,,,12.0,11.0,7.0,19.0,137.3,mixed_evaporative,MAXIMUM,0
PVSP,2020,4,3,0,0,,,,,4.7,,,11.0,11.0,7.0,19.0,132.7,mixed_evaporative,MAXIMUM,0
PVSP,2020,5,10,6,0,,,,,3.8,,,11.0,12.0,0.0,23.0,140.1,mixed_evaporative,MAXIMUM,0
PVSP,2020,6,19,14,0,,,,,5.6,,,12.0,12.0,3.0,19.0,138.6,mixed_evaporative,MAXIMUM,0
PVSP,2020,7,31,30,0,,,,,3.1,,,11.0,12.0,3.0,19.0,130.7,mixed_evaporative,MAXIMUM,0
PVSP,2020,8,31,29,1,,,,,1.9,,,13.0,12.0,3.0,25.0,124.6,mixed_evaporative,MAXIMUM,0
PVSP,2020,9,22,11,0,,,,,1.2,,,13.0,13.0,3.0,22.0,123.1,mixed_evaporative,MAXIMUM,0
PVSP,2020,10,9,3,0,,,,,4.0,,,16.0,16.0,10.0,20.0,122.7,mixed_evaporative,MAXIMUM,0
PVSP,2020,11,0,0,0,,,,,6.2,,,12.0,13.0,3.0,20.0,121.1,mixed_evaporative,MAXIMUM,0
PVSP,2020,12,0,0,0,,,,,4.1,,,13.0,14.0,3.0,16.0,119.3,mixed_evaporative,MAXIMUM,0
PVSP,2021,1,0,0,0,,,,,2.4,,,11.0,11.0,0.0,19.0,118.8,mixed_evaporative,MAXIMUM,0
PVSP,2021,2,0,0,0,,,,,1.7,,,12.0,12.0,0.0,22.0,116.8,mixed_evaporative,MAXIMUM,0
PVSP,2021,3,0,0,0,,,,,5.6,,,11.0,11.0,3.0,19.0,116.1,mixed_evaporative,MAXIMUM,0
PVSP,2021,4,2,0,0,,,,,9.0,,,10.0,11.0,3.0,16.0,118.8,mixed_evaporative,MAXIMUM,0
PVSP,2021,5,11,4,0,,,,,3.6,,,11.0,11.0,3.0,16.0,115.7,mixed_evaporative,MAXIMUM,0
PVSP,2021,6,25,20,4,,,,,2.9,,,12.0,14.0,0.0,16.0,114.6,mixed_evaporative,MAXIMUM,0
PVSP,2021,7,31,31,4,160.15,7.8,,3.0,3.3,14643094.14,166888016.0,12.0,13.0,0.0,23.0,114.6,mixed_evaporative,MAXIMUM,0
PVSP,2021,8,29,25,0,23.0,9.54,,6.0,3.6,16140502.29,176042795.0,13.0,14.0,-4.0,29.0,117.2,mixed_evaporative,MAXIMUM,0
PVSP,2021,9,22,15,0,32.4,14.54,,7.0,1.1,15659449.170000002,176042795.0,16.0,15.0,-4.0,39.0,114.9,mixed_evaporative,MAXIMUM,0
PVSP,2021,10,4,0,0,42.46,8.5,,6.0,1.5,15644739.979999997,176089374.0,16.0,16.0,-4.0,32.0,114.0,mixed_evaporative,MAXIMUM,0
PVSP,2021,11,0,0,0,42.75,6.94,,7.0,3.0,16197334.739999995,186241331.0,15.0,16.0,-7.0,29.0,113.8,mixed_evaporative,MAXIMUM,0
PVSP,2021,12,0,0,0,33.89,9.9,,7.0,1.5,18937304.66000001,186241331.0,11.0,12.0,-7.0,25.0,112.7,mixed_evaporative,MAXIMUM,0
PVSP,2022,1,0,0,0,27.68,26.13,,5.0,2.6,14981085.629999995,187197136.0,11.0,12.0,-7.0,25.0,109.4,mixed_evaporative,MAXIMUM,0
PVSP,2022,2,0,0,0,31.75,16.17,,3.0,3.4,17241454.989999995,188147196.0,11.0,11.0,-7.0,27.0,109.1,mixed_evaporative,MAXIMUM,0
PVSP,2022,3,0,0,0,43.5,9.67,,5.0,1.9,15525451.110000014,188016550.0,13.0,13.0,-4.0,29.0,114.2,mixed_evaporative,MAXIMUM,0
PVSP,2022,4,2,0,0,82.9,6.23,,7.0,6.5,15965723.75999999,194668068.0,13.0,14.0,-4.0,26.0,110.9,mixed_evaporative,MAXIMUM,0
PVSP,2022,5,8,5,0,48.0,7.56,,14.0,1.6,15256467.599999994,199095923.0,12.0,12.0,-4.0,26.0,112.2,mixed_evaporative,MAXIMUM,0
PVSP,2022,6,22,15,0,55.4,7.26,,10.0,2.7,16997439.060000002,199231915.0,12.0,13.0,-7.0,22.0,116.8,mixed_evaporative,MAXIMUM,0
PVSP,2022,7,28,25,1,52.15,11.8,,4.0,4.5,16649308.02,188340750.0,17.0,17.0,7.0,24.0,116.5,mixed_evaporative,MAXIMUM,0
PVSP,2022,8,31,29,0,37.35,9.48,,9.0,3.1,18538623.44,188574710.0,17.0,19.0,4.0,16.0,118.6,mixed_evaporative,MAXIMUM,0
PVSP,2022,9,19,16,6,48.25,7.81,,5.0,4.2,18177068.97,188635955.0,17.0,18.0,11.0,16.0,119.0,mixed_evaporative,MAXIMUM,0
PVSP,2022,10,12,3,0,36.57,6.26,,10.0,4.4,19128139.970000006,188647816.0,18.0,19.0,10.0,16.0,116.8,mixed_evaporative,MAXIMUM,0
PVSP,2022,11,0,0,0,66.93,7.59,,10.0,5.1,19197433.00999999,210355670.0,16.0,17.0,7.0,20.0,113.8,mixed_evaporative,MAXIMUM,0
PVSP,2022,12,0,0,0,68.08,10.01,,5.0,5.7,20754941.790000007,211289560.0,18.0,19.0,10.0,20.0,111.7,mixed_evaporative,MAXIMUM,0
PVSP,2023,1,0,0,0,72.89,16.54,,11.0,7.2,17901351.36999999,213579193.0,21.0,21.0,10.0,30.0,111.0,mixed_evaporative,MAXIMUM,0
PVSP,2023,2,0,0,0,88.7,5.86,,11.0,5.8,18226828.080000013,214595866.0,19.0,19.0,7.0,30.0,108.9,mixed_evaporative,MAXIMUM,0
PVSP,2023,3,0,0,0,77.24,2.84,,18.0,6.7,18313358.919999987,214828354.0,17.0,19.0,3.0,19.0,114.3,mixed_evaporative,MAXIMUM,0
PVSP,2023,4,3,1,0,39.24,7.75,,12.0,5.3,17440554.810000002,222495367.0,18.0,20.0,3.0,19.0,121.3,mixed_evaporative,MAXIMUM,0
PVSP,2023,5,10,6,0,29.79,7.39,,12.0,3.8,17397975.700000018,222900821.0,17.0,18.0,7.0,19.0,127.4,mixed_evaporative,MAXIMUM,0
PVSP,2023,6,10,4,0,27.5,7.02,,14.0,7.0,17768643.639999986,222915633.0,14.0,14.0,3.0,19.0,134.7,mixed_evaporative,MAXIMUM,0
PVSP,2023,7,30,26,5,29.84,7.69,,26.0,6.0,16773324.23,212559800.0,20.0,20.0,10.0,27.0,133.8,mixed_evaporative,MAXIMUM,0
PVSP,2023,8,28,22,0,24.8,7.83,,12.0,5.6,18651302.389999997,212634800.0,18.0,18.0,7.0,30.0,130.4,mixed_evaporative,MAXIMUM,0
PVSP,2023,9,13,5,0,77.78,7.84,,12.0,9.8,17841629.020000003,212655948.0,15.0,14.0,3.0,30.0,122.1,mixed_evaporative,MAXIMUM,0
PVSP,2023,10,6,2,0,506.5,8.22,,19.0,5.7,19004696.980000004,212713628.0,15.0,16.0,3.0,24.0,115.3,mixed_evaporative,MAXIMUM,0
PVSP,2023,11,0,0,0,317.5,8.18,,11.0,11.5,21191648.11,213500097.0,16.0,16.0,7.0,27.0,111.1,mixed_evaporative,MAXIMUM,0
PVSP,2023,12,0,0,0,187.0,8.62,,10.0,9.2,21537155.11999999,213503868.0,15.0,12.0,10.0,33.0,108.3,mixed_evaporative,MAXIMUM,0
PVSP,2024,1,0,0,0,0.0,8.22,,18.0,8.7,19626461.5,215242421.0,15.0,12.0,13.0,35.0,117.3,mixed_evaporative,MAXIMUM,0
PVSP,2024,2,0,0,0,6.0,7.97,,13.0,8.2,19312379.800000012,216394142.0,14.0,11.0,10.0,32.0,117.7,mixed_evaporative,MAXIMUM,0
PVSP,2024,3,0,0,0,0.0,8.8,,17.0,11.1,20303555.48999998,216404069.0,14.0,11.0,10.0,32.0,115.1,mixed_evaporative,MAXIMUM,0
PVSP,2024,4,0,0,0,0.0,8.53,,17.0,10.2,19410517.51000002,234119200.0,12.0,10.0,10.0,24.0,113.0,mixed_evaporative,MAXIMUM,0
PVSP,2024,5,11,0,0,0.0,9.11,,15.0,10.2,18442633.96000001,234244319.0,10.0,9.0,3.0,21.0,107.2,mixed_evaporative,MAXIMUM,0
PVSP,2024,6,25,17,0,0.0,8.72,,19.0,8.7,19358609.379999995,234256802.0,18.0,11.0,3.0,52.0,103.8,mixed_evaporative,MAXIMUM,0
PVSP,2024,7,31,29,9,0.0,8.68,,21.0,9.3,17574410.49,230003999.0,17.0,12.0,3.0,48.0,102.4,mixed_evaporative,MAXIMUM,0
PVSP,2024,8,28,20,1,0.0,7.75,,29.0,11.7,18278375.52,230024692.0,18.0,12.0,3.0,50.0,112.6,mixed_evaporative,MAXIMUM,0
PVSP,2024,9,21,11,0,0.0,6.84,,23.0,14.0,17885657.14,230287856.0,14.0,12.0,0.0,31.0,124.4,mixed_evaporative,MAXIMUM,0
PVSP,2024,10,9,8,0,0.0,6.73,,22.0,9.5,18202837.04,230509293.0,15.0,14.0,0.0,32.0,128.4,mixed_evaporative,MAXIMUM,0
PVSP,2024,11,0,0,0,0.0,8.2,,7.0,7.5,20613815.439999998,231583808.0,16.0,15.0,0.0,32.0,126.5,mixed_evaporative,MAXIMUM,0
PVSP,2024,12,0,0,0,12.0,10.08,,13.0,4.6,19243695.430000007,218970159.0,15.0,14.0,3.0,29.0,125.2,mixed_evaporative,MAXIMUM,0
PVSP,2025,1,0,0,0,10.0,6.84,,26.0,7.9,18444642.36,219034785.0,19.0,18.0,7.0,34.0,125.6,mixed_evaporative,MAXIMUM,0
PVSP,2025,2,0,0,0,6.0,5.77,,14.0,6.7,19585808.799999997,220147402.69,18.0,16.0,7.0,32.0,122.8,mixed_evaporative,MAXIMUM,0
PVSP,2025,3,0,0,0,14.0,6.34,,14.0,7.5,19277294.430000007,220852497.69,18.0,17.0,7.0,28.0,123.2,mixed_evaporative,MAXIMUM,0
PVSP,2025,4,0,0,0,50.0,5.96,,34.0,9.2,19470546.849999994,225717175.69,18.0,17.0,7.0,30.0,129.2,mixed_evaporative,MAXIMUM,0
PVSP,2025,5,6,4,0,75.5,6.18,1.0,18.0,7.8,18024773.379999995,225794265.69,14.0,13.0,7.0,26.0,128.2,mixed_evaporative,MAXIMUM,0
PVSP,2025,6,26,14,0,27.0,12.43,,18.0,7.3,18481514.560000002,225957797.69,15.0,13.0,7.0,26.0,125.6,mixed_evaporative,MAXIMUM,0
PVSP,2025,7,29,21,0,,,,,10.8,,,16.0,7.0,3.0,46.0,129.9,mixed_evaporative,MAXIMUM,0
PVSP,2025,8,31,25,0,,,,,10.0,,,17.0,8.0,3.0,47.0,133.5,mixed_evaporative,MAXIMUM,0
PVSP,2025,9,18,8,0,,,,,7.0,,,22.0,16.0,3.0,47.0,132.8,mixed_evaporative,MAXIMUM,0
PVSP,2025,10,1,0,0,,,,,4.8,,,22.0,16.0,0.0,46.0,136.1,mixed_evaporative,MAXIMUM,0
PVSP,2025,11,0,0,0,,,,,7.6,,,20.0,13.0,0.0,46.0,134.9,mixed_evaporative,MAXIMUM,0
PVSP,2025,12,0,0,0,,,,,5.4,,,18.0,14.0,3.0,34.0,133.6,mixed_evaporative,MAXIMUM,0
RJD,2016,1,0,0,0,,,,,,,,,,,,145.0,mixed_ventilation_only,MAXIMUM,0
RJD,2016,2,1,0,1,,,,,,,,,,,,144.0,mixed_ventilation_only,MAXIMUM,0
RJD,2016,3,0,0,0,,,,,,,,,,,,142.1,mixed_ventilation_only,MAXIMUM,0
RJD,2016,4,0,0,0,,,,,,,,,,,,141.9,mixed_ventilation_only,MAXIMUM,0
RJD,2016,5,0,0,0,,,,,,,,,,,,141.8,mixed_ventilation_only,MAXIMUM,0
RJD,2016,6,2,2,2,,,,,,,,,,,,140.7,mixed_ventilation_only,MAXIMUM,0
RJD,2016,7,3,0,4,,,,,,,,,,,,137.6,mixed_ventilation_only,MAXIMUM,0
RJD,2016,8,3,0,3,,,,,,,,,,,,137.0,mixed_ventilation_only,MAXIMUM,0
RJD,2016,9,2,0,3,,,,,,,,,,,,136.1,mixed_ventilation_only,MAXIMUM,0
RJD,2016,10,2,0,3,,,,,,,,,,,,137.4,mixed_ventilation_only,MAXIMUM,0
RJD,2016,11,1,0,2,,,,,,,,,,,,138.5,mixed_ventilation_only,MAXIMUM,0
RJD,2016,12,0,0,0,,,,,,,,,,,,101.5,mixed_ventilation_only,MAXIMUM,0
RJD,2017,1,0,0,0,,,,,0.3,,,9.0,9.0,-3.0,12.0,106.4,mixed_ventilation_only,MAXIMUM,0
RJD,2017,2,0,0,0,,,,,1.0,,,9.0,9.0,3.0,11.0,115.6,mixed_ventilation_only,MAXIMUM,0
RJD,2017,3,0,0,0,,,,,1.0,,,9.0,9.0,-3.0,10.0,121.6,mixed_ventilation_only,MAXIMUM,0
RJD,2017,4,0,0,0,,,,,39.2,,,9.0,10.0,-3.0,10.0,124.0,mixed_ventilation_only,MAXIMUM,0
RJD,2017,5,0,0,0,,,,,28.4,,,9.0,9.0,6.0,10.0,127.9,mixed_ventilation_only,MAXIMUM,0
RJD,2017,6,0,0,1,,,,,0.6,,,10.0,11.0,6.0,10.0,127.8,mixed_ventilation_only,MAXIMUM,0
RJD,2017,7,0,0,0,,,,,0.8,,,15.0,17.0,6.0,12.0,126.9,mixed_ventilation_only,MAXIMUM,0
RJD,2017,8,3,0,3,,,,,33.7,,,15.0,17.0,3.0,12.0,129.2,mixed_ventilation_only,MAXIMUM,0
RJD,2017,9,2,2,2,,,,,30.9,,,14.0,18.0,0.0,10.0,130.0,mixed_ventilation_only,MAXIMUM,0
RJD,2017,10,8,3,10,,,,,34.7,,,13.0,15.0,0.0,10.0,131.8,mixed_ventilation_only,MAXIMUM,0
RJD,2017,11,2,0,2,,,,,27.9,,,12.0,12.0,3.0,13.0,131.1,mixed_ventilation_only,MAXIMUM,0
RJD,2017,12,0,0,0,,,,,32.1,,,12.0,12.0,3.0,13.0,129.3,mixed_ventilation_only,MAXIMUM,0
RJD,2018,1,0,0,0,,,,,19.5,,,13.0,11.0,3.0,17.0,129.5,mixed_ventilation_only,MAXIMUM,0
RJD,2018,2,0,0,0,,,,,30.2,,,9.0,10.0,6.0,8.0,129.8,mixed_ventilation_only,MAXIMUM,0
RJD,2018,3,0,0,0,,,,,26.1,,,9.0,9.0,6.0,9.0,129.8,mixed_ventilation_only,MAXIMUM,0
RJD,2018,4,0,0,0,,,,,21.2,,,10.0,10.0,3.0,9.0,130.0,mixed_ventilation_only,MAXIMUM,0
RJD,2018,5,0,0,0,,,,,28.6,,,10.0,10.0,9.0,11.0,128.3,mixed_ventilation_only,MAXIMUM,0
RJD,2018,6,0,0,0,,,,,30.5,,,9.0,9.0,6.0,10.0,129.2,mixed_ventilation_only,MAXIMUM,0
RJD,2018,7,3,1,4,,,,,37.3,,,12.0,17.0,3.0,3.0,130.3,mixed_ventilation_only,MAXIMUM,0
RJD,2018,8,4,0,4,,,,,34.0,,,12.0,15.0,6.0,6.0,133.0,mixed_ventilation_only,MAXIMUM,0
RJD,2018,9,0,0,0,,,,,38.6,,,11.0,14.0,3.0,7.0,131.6,mixed_ventilation_only,MAXIMUM,0
RJD,2018,10,0,0,0,,,,,36.1,,,9.0,11.0,3.0,7.0,130.7,mixed_ventilation_only,MAXIMUM,0
RJD,2018,11,0,0,0,,,,,39.7,,,9.0,9.0,3.0,8.0,130.4,mixed_ventilation_only,MAXIMUM,0
RJD,2018,12,0,0,0,,,,,43.6,,,10.0,11.0,6.0,10.0,128.8,mixed_ventilation_only,MAXIMUM,0
RJD,2019,1,0,0,0,,,,,40.3,,,10.0,11.0,6.0,10.0,128.4,mixed_ventilation_only,MAXIMUM,0
RJD,2019,2,0,0,0,,,,,42.7,,,13.0,12.0,9.0,16.0,125.8,mixed_ventilation_only,MAXIMUM,0
RJD,2019,3,0,0,0,,,,,34.6,,,12.0,11.0,9.0,15.0,125.8,mixed_ventilation_only,MAXIMUM,0
RJD,2019,4,0,0,0,,,,,35.8,,,12.0,11.0,9.0,15.0,126.1,mixed_ventilation_only,MAXIMUM,0
RJD,2019,5,0,0,0,,,,,37.1,,,12.0,11.0,6.0,17.0,129.5,mixed_ventilation_only,MAXIMUM,0
RJD,2019,6,0,0,1,,,,,35.0,,,13.0,12.0,6.0,18.0,133.0,mixed_ventilation_only,MAXIMUM,0
RJD,2019,7,0,0,0,,,,,37.7,,,15.0,15.0,9.0,15.0,137.0,mixed_ventilation_only,MAXIMUM,0
RJD,2019,8,0,0,0,,,,,37.9,,,13.0,14.0,6.0,11.0,136.1,mixed_ventilation_only,MAXIMUM,0
RJD,2019,9,2,0,2,,,,,37.0,,,14.0,16.0,6.0,11.0,134.2,mixed_ventilation_only,MAXIMUM,0
RJD,2019,10,2,0,3,,,,,34.7,,,14.0,16.0,6.0,12.0,131.9,mixed_ventilation_only,MAXIMUM,0
RJD,2019,11,1,0,1,,,,,40.6,,,12.0,13.0,3.0,12.0,131.2,mixed_ventilation_only,MAXIMUM,0
RJD,2019,12,0,0,0,,,,,39.7,,,10.0,11.0,3.0,11.0,129.5,mixed_ventilation_only,MAXIMUM,0
RJD,2020,1,0,0,0,,,,,41.3,,,9.0,9.0,3.0,11.0,128.5,mixed_ventilation_only,MAXIMUM,0
RJD,2020,2,0,0,0,,,,,32.5,,,11.0,11.0,3.0,11.0,130.1,mixed_ventilation_only,MAXIMUM,0
RJD,2020,3,0,0,0,,,,,36.7,,,10.0,10.0,3.0,11.0,129.4,mixed_ventilation_only,MAXIMUM,0
RJD,2020,4,0,0,1,,,,,43.7,,,9.0,9.0,0.0,11.0,127.2,mixed_ventilation_only,MAXIMUM,0
RJD,2020,5,0,0,0,,,,,42.6,,,10.0,9.0,0.0,12.0,126.7,mixed_ventilation_only,MAXIMUM,0
RJD,2020,6,2,0,2,,,,,35.3,,,9.0,9.0,0.0,11.0,127.1,mixed_ventilation_only,MAXIMUM,0
RJD,2020,7,0,0,1,,,,,34.8,,,12.0,11.0,0.0,15.0,121.8,mixed_ventilation_only,MAXIMUM,0
RJD,2020,8,2,0,5,,,,,22.1,,,12.0,11.0,3.0,16.0,120.9,mixed_ventilation_only,MAXIMUM,0
RJD,2020,9,7,6,8,,,,,29.7,,,13.0,11.0,6.0,18.0,119.2,mixed_ventilation_only,MAXIMUM,0
RJD,2020,10,9,2,9,,,,,25.2,,,12.0,10.0,3.0,17.0,120.6,mixed_ventilation_only,MAXIMUM,0
RJD,2020,11,1,0,2,,,,,28.9,,,12.0,10.0,6.0,16.0,120.5,mixed_ventilation_only,MAXIMUM,0
RJD,2020,12,0,0,0,,,,,25.1,,,12.0,10.0,9.0,16.0,119.0,mixed_ventilation_only,MAXIMUM,0
RJD,2021,1,0,0,0,,,,,28.4,,,12.0,9.0,12.0,18.0,117.4,mixed_ventilation_only,MAXIMUM,0
RJD,2021,2,0,0,0,,,,,27.7,,,13.0,10.0,15.0,19.0,117.0,mixed_ventilation_only,MAXIMUM,0
RJD,2021,3,0,0,0,,,,,23.9,,,13.0,11.0,12.0,20.0,115.7,mixed_ventilation_only,MAXIMUM,0
RJD,2021,4,0,0,0,,,,,33.3,,,12.0,9.0,12.0,19.0,113.7,mixed_ventilation_only,MAXIMUM,0
RJD,2021,5,0,0,0,,,,,29.9,,,14.0,12.0,15.0,20.0,112.5,mixed_ventilation_only,MAXIMUM,0
RJD,2021,6,1,0,1,,,,,25.6,,,13.0,13.0,7.0,14.0,111.3,mixed_ventilation_only,MAXIMUM,0
RJD,2021,7,0,0,0,447.9,0.0,,21.0,24.8,19728067.74,247561107.0,12.0,12.0,7.0,15.0,110.3,mixed_ventilation_only,MAXIMUM,0
RJD,2021,8,0,0,1,207.75,0.0,,16.0,31.2,22198540.570000004,247516647.0,11.0,11.0,3.0,13.0,109.9,mixed_ventilation_only,MAXIMUM,0
RJD,2021,9,2,0,3,309.35,0.0,,19.0,26.9,22030035.559999995,247624681.0,11.0,11.0,3.0,13.0,108.8,mixed_ventilation_only,MAXIMUM,0
RJD,2021,10,2,0,3,333.55,0.0,,30.0,27.8,21843084.410000004,247654271.0,10.0,10.0,3.0,13.0,109.1,mixed_ventilation_only,MAXIMUM,0
RJD,2021,11,0,0,1,437.0,0.0,1.0,19.0,27.5,22349585.150000006,259248839.0,12.0,11.0,3.0,16.0,111.2,mixed_ventilation_only,MAXIMUM,0
RJD,2021,12,0,0,0,281.35,1.0,,20.0,36.3,27100187.28999999,259332475.0,13.0,11.0,0.0,19.0,112.7,mixed_ventilation_only,MAXIMUM,0
RJD,2022,1,0,0,0,342.15,30.82,1.0,19.0,36.9,21913018.150000006,260708356.0,14.0,10.0,0.0,25.0,112.1,mixed_ventilation_only,MAXIMUM,0
RJD,2022,2,0,0,0,276.25,28.03,2.0,35.0,40.1,23145322.72999999,262095929.0,15.0,11.0,0.0,27.0,111.3,mixed_ventilation_only,MAXIMUM,0
RJD,2022,3,0,0,0,455.65,0.0,1.0,36.0,30.3,22856774.48000002,261739044.0,16.0,12.0,0.0,27.0,112.6,mixed_ventilation_only,MAXIMUM,0
RJD,2022,4,2,0,2,416.2,0.0,,43.0,37.7,22134087.78,273898240.0,15.0,12.0,3.0,26.0,111.6,mixed_ventilation_only,MAXIMUM,0
RJD,2022,5,0,0,0,519.0,0.0,,21.0,38.8,22030312.00999999,275123414.0,18.0,14.0,18.0,27.0,107.4,mixed_ventilation_only,MAXIMUM,0
RJD,2022,6,0,0,0,438.8,0.0,,39.0,37.8,24324882.0,275717918.0,18.0,14.0,21.0,28.0,103.3,mixed_ventilation_only,MAXIMUM,0
RJD,2022,7,0,0,0,525.95,30.8,1.0,29.0,39.2,22226561.94,264080748.0,21.0,17.0,19.0,29.0,102.7,mixed_ventilation_only,MAXIMUM,0
RJD,2022,8,1,0,1,329.85,31.0,1.0,55.0,60.1,25031256.7,264172817.0,21.0,20.0,9.0,28.0,100.3,mixed_ventilation_only,MAXIMUM,0
RJD,2022,9,3,1,6,458.0,3.12,,31.0,45.5,24709208.590000004,264383925.0,21.0,20.0,9.0,25.0,100.8,mixed_ventilation_only,MAXIMUM,0
RJD,2022,10,1,0,1,414.8,1.96,,39.0,45.8,25792204.200000003,264438601.0,20.0,18.0,14.0,25.0,101.0,mixed_ventilation_only,MAXIMUM,0
RJD,2022,11,0,0,0,691.05,0.41,,28.0,54.1,24807357.309999987,291479932.0,18.0,17.0,14.0,23.0,100.5,mixed_ventilation_only,MAXIMUM,0
RJD,2022,12,0,0,0,301.15,0.0,1.0,41.0,54.4,29136339.41000001,291489892.0,18.0,17.0,14.0,23.0,99.4,mixed_ventilation_only,MAXIMUM,0
RJD,2023,1,0,0,0,501.95,5.19,1.0,32.0,62.5,24613913.859999985,295598253.0,20.0,19.0,9.0,25.0,97.6,mixed_ventilation_only,MAXIMUM,0
RJD,2023,2,0,0,0,238.25,2.77,,25.0,71.6,25056234.900000006,296841757.0,22.0,21.0,12.0,27.0,98.1,mixed_ventilation_only,MAXIMUM,0
RJD,2023,3,0,0,0,307.85,6.23,,46.0,68.9,24627095.620000005,296772173.0,21.0,19.0,12.0,27.0,97.0,mixed_ventilation_only,MAXIMUM,0
RJD,2023,4,0,0,0,304.9,3.0,1.0,35.0,48.6,24951023.370000005,304062138.0,21.0,20.0,9.0,27.0,97.1,mixed_ventilation_only,MAXIMUM,0
RJD,2023,5,0,0,0,233.45,0.0,2.0,36.0,46.1,25523538.03999999,304201184.0,21.0,19.0,9.0,27.0,98.2,mixed_ventilation_only,MAXIMUM,0
RJD,2023,6,0,0,0,278.38,0.0,,39.0,61.9,24738305.620000005,304361336.0,22.0,20.0,6.0,29.0,98.8,mixed_ventilation_only,MAXIMUM,0
RJD,2023,7,0,0,0,280.6,0.0,,55.0,86.3,23107722.61,290599744.0,20.0,17.0,3.0,30.0,101.2,mixed_ventilation_only,MAXIMUM,0
RJD,2023,8,1,0,2,300.57,0.08,1.0,76.0,76.3,25283408.6,290650507.0,21.0,18.0,3.0,31.0,106.8,mixed_ventilation_only,MAXIMUM,0
RJD,2023,9,0,0,0,440.55,1.47,2.0,65.0,60.4,24332521.559999995,290709091.0,21.0,18.0,3.0,31.0,109.3,mixed_ventilation_only,MAXIMUM,0
RJD,2023,10,0,0,0,925.94,0.0,,51.0,70.1,26395936.939999998,291074035.0,21.0,17.0,9.0,32.0,110.0,mixed_ventilation_only,MAXIMUM,0
RJD,2023,11,0,0,0,1379.13,3.0,1.0,49.0,78.5,27269722.840000004,293082283.0,21.0,18.0,9.0,30.0,109.6,mixed_ventilation_only,MAXIMUM,0
RJD,2023,12,0,0,0,927.04,3.42,1.0,55.0,61.1,30396034.83999999,293162718.0,20.0,17.0,6.0,30.0,110.2,mixed_ventilation_only,MAXIMUM,0
RJD,2024,1,0,0,0,1263.5,0.0,2.0,63.0,62.8,27962894.390000015,297803455.0,25.0,23.0,6.0,33.0,110.3,mixed_ventilation_only,MAXIMUM,0
RJD,2024,2,0,0,0,1721.5,0.0,2.0,67.0,66.9,27104035.409999996,299225085.0,26.0,25.0,9.0,32.0,110.3,mixed_ventilation_only,MAXIMUM,0
RJD,2024,3,0,0,0,1539.86,0.0,1.0,59.0,58.3,29560101.640000015,299252917.0,26.0,25.0,9.0,31.0,112.2,mixed_ventilation_only,MAXIMUM,0
RJD,2024,4,0,0,0,1700.3,0.85,1.0,57.0,49.8,27230462.569999963,327750636.0,26.0,25.0,9.0,31.0,112.2,mixed_ventilation_only,MAXIMUM,0
RJD,2024,5,0,0,0,1308.5,0.42,,60.0,45.8,26470276.810000002,328140080.0,25.0,24.0,9.0,31.0,112.7,mixed_ventilation_only,MAXIMUM,0
RJD,2024,6,0,0,0,1911.5,0.0,,67.0,39.8,27556998.360000014,328173919.0,23.0,20.0,6.0,34.0,111.8,mixed_ventilation_only,MAXIMUM,0
RJD,2024,7,0,0,0,1274.0,0.0,,68.0,46.9,30642488.81,322781152.0,25.0,22.0,9.0,33.0,103.5,mixed_ventilation_only,MAXIMUM,0
RJD,2024,8,0,0,0,893.0,0.0,,50.0,49.3,24941391.470000003,322811301.0,26.0,23.0,9.0,36.0,98.0,mixed_ventilation_only,MAXIMUM,0
RJD,2024,9,5,2,5,318.75,0.0,,36.0,42.6,25908980.480000004,323021577.0,26.0,23.0,9.0,36.0,102.3,mixed_ventilation_only,MAXIMUM,0
RJD,2024,10,0,0,0,88.25,0.0,,31.0,57.8,26400496.689999998,324890054.0,25.0,22.0,12.0,36.0,101.4,mixed_ventilation_only,MAXIMUM,0
RJD,2024,11,0,0,0,171.0,0.0,,34.0,51.7,28040518.059999987,326119415.0,24.0,21.0,9.0,35.0,105.9,mixed_ventilation_only,MAXIMUM,0
RJD,2024,12,0,0,0,127.25,3.0,1.0,43.0,49.7,26431803.129999995,316203678.0,24.0,19.0,15.0,35.0,112.8,mixed_ventilation_only,MAXIMUM,0
RJD,2025,1,0,0,0,106.0,8.72,,45.0,42.5,26352357.940000027,316296157.0,20.0,15.0,18.0,31.0,109.4,mixed_ventilation_only,MAXIMUM,0
RJD,2025,2,1,0,1,153.0,0.0,,40.0,42.1,27563711.399999976,317467126.0,19.0,15.0,15.0,30.0,112.5,mixed_ventilation_only,MAXIMUM,0
RJD,2025,3,0,0,0,128.5,1.32,,32.0,32.2,30173337.21000001,315282934.0,20.0,16.0,18.0,31.0,114.7,mixed_ventilation_only,MAXIMUM,0
RJD,2025,4,0,0,0,104.3,0.0,,48.0,37.4,26410278.850000024,325625667.0,21.0,17.0,18.0,30.0,116.0,mixed_ventilation_only,MAXIMUM,0
RJD,2025,5,0,0,0,116.8,0.0,,39.0,35.6,25774207.95999998,325710738.0,21.0,16.0,21.0,32.0,118.8,mixed_ventilation_only,MAXIMUM,0
RJD,2025,6,0,0,0,131.5,8.14,,44.0,29.4,25198089.129999995,326182365.0,20.0,16.0,21.0,30.0,119.8,mixed_ventilation_only,MAXIMUM,0
RJD,2025,7,0,0,0,,,,,30.7,,,24.0,19.0,15.0,36.0,122.1,mixed_ventilation_only,MAXIMUM,0
RJD,2025,8,0,0,1,,,,,33.2,,,24.0,19.0,15.0,36.0,124.1,mixed_ventilation_only,MAXIMUM,0
RJD,2025,9,0,0,0,,,,,27.8,,,24.0,20.0,15.0,34.0,124.7,mixed_ventilation_only,MAXIMUM,0
RJD,2025,10,1,0,1,,,,,31.7,,,24.0,21.0,18.0,31.0,126.6,mixed_ventilation_only,MAXIMUM,0
RJD,2025,11,0,0,0,,,,,23.6,,,22.0,21.0,15.0,26.0,125.6,mixed_ventilation_only,MAXIMUM,0
RJD,2025,12,0,0,0,,,,,30.9,,,23.0,21.0,15.0,27.0,126.1,mixed_ventilation_only,MAXIMUM,0
SAC,2016,1,0,0,0,,,,,,,,,,,,122.8,mixed_evaporative,MAXIMUM,0
SAC,2016,2,0,0,0,,,,,,,,,,,,125.4,mixed_evaporative,MAXIMUM,0
SAC,2016,3,0,0,0,,,,,,,,,,,,131.6,mixed_evaporative,MAXIMUM,0
SAC,2016,4,0,0,0,,,,,,,,,,,,130.8,mixed_evaporative,MAXIMUM,0
SAC,2016,5,5,1,0,,,,,,,,,,,,130.4,mixed_evaporative,MAXIMUM,0
SAC,2016,6,17,13,2,,,,,,,,,,,,130.4,mixed_evaporative,MAXIMUM,0
SAC,2016,7,22,13,6,,,,,,,,,,,,128.1,mixed_evaporative,MAXIMUM,0
SAC,2016,8,20,9,0,,,,,,,,,,,,126.4,mixed_evaporative,MAXIMUM,0
SAC,2016,9,13,4,0,,,,,,,,,,,,125.9,mixed_evaporative,MAXIMUM,0
SAC,2016,10,0,0,0,,,,,,,,,,,,125.7,mixed_evaporative,MAXIMUM,0
SAC,2016,11,0,0,0,,,,,,,,,,,,124.0,mixed_evaporative,MAXIMUM,0
SAC,2016,12,0,0,0,,,,,,,,,,,,122.2,mixed_evaporative,MAXIMUM,0
SAC,2017,1,0,0,0,,,,,17.3,,,15.0,14.0,0.0,19.0,121.3,mixed_evaporative,MAXIMUM,0
SAC,2017,2,0,0,0,,,,,12.4,,,17.0,15.0,4.0,21.0,120.9,mixed_evaporative,MAXIMUM,0
SAC,2017,3,0,0,0,,,,,23.2,,,17.0,14.0,0.0,23.0,124.0,mixed_evaporative,MAXIMUM,0
SAC,2017,4,0,0,0,,,,,24.8,,,15.0,14.0,0.0,19.0,125.3,mixed_evaporative,MAXIMUM,0
SAC,2017,5,4,2,0,,,,,24.9,,,16.0,15.0,0.0,19.0,127.0,mixed_evaporative,MAXIMUM,0
SAC,2017,6,16,9,5,,,,,23.5,,,15.0,15.0,0.0,17.0,125.8,mixed_evaporative,MAXIMUM,0
SAC,2017,7,31,23,7,,,,,22.2,,,19.0,20.0,0.0,20.0,126.2,mixed_evaporative,MAXIMUM,0
SAC,2017,8,27,15,6,,,,,21.6,,,19.0,20.0,0.0,21.0,120.2,mixed_evaporative,MAXIMUM,0
SAC,2017,9,11,6,3,,,,,23.1,,,20.0,20.0,0.0,24.0,118.5,mixed_evaporative,MAXIMUM,0
SAC,2017,10,0,0,0,,,,,18.9,,,21.0,21.0,0.0,23.0,118.8,mixed_evaporative,MAXIMUM,0
SAC,2017,11,0,0,0,,,,,15.8,,,13.0,15.0,0.0,13.0,114.3,mixed_evaporative,MAXIMUM,0
SAC,2017,12,0,0,0,,,,,19.4,,,13.0,15.0,0.0,13.0,113.2,mixed_evaporative,MAXIMUM,0
SAC,2018,1,0,0,0,,,,,11.9,,,16.0,17.0,4.0,16.0,116.1,mixed_evaporative,MAXIMUM,0
SAC,2018,2,0,0,0,,,,,18.4,,,14.0,18.0,0.0,9.0,118.3,mixed_evaporative,MAXIMUM,0
SAC,2018,3,0,0,0,,,,,17.5,,,14.0,18.0,0.0,11.0,117.5,mixed_evaporative,MAXIMUM,0
SAC,2018,4,0,0,0,,,,,20.5,,,14.0,17.0,0.0,10.0,116.6,mixed_evaporative,MAXIMUM,0
SAC,2018,5,2,1,0,,,,,18.6,,,14.0,16.0,0.0,11.0,119.4,mixed_evaporative,MAXIMUM,0
SAC,2018,6,15,8,0,,,,,19.2,,,14.0,16.0,0.0,11.0,117.2,mixed_evaporative,MAXIMUM,0
SAC,2018,7,29,25,6,,,,,22.3,,,19.0,18.0,0.0,22.0,116.6,mixed_evaporative,MAXIMUM,0
SAC,2018,8,18,12,0,,,,,20.2,,,19.0,18.0,0.0,23.0,115.5,mixed_evaporative,MAXIMUM,0
SAC,2018,9,16,2,0,,,,,15.4,,,17.0,16.0,0.0,22.0,113.8,mixed_evaporative,MAXIMUM,0
SAC,2018,10,0,0,0,,,,,17.4,,,17.0,16.0,0.0,22.0,111.5,mixed_evaporative,MAXIMUM,0
SAC,2018,11,0,0,0,,,,,20.1,,,16.0,14.0,4.0,21.0,110.7,mixed_evaporative,MAXIMUM,0
SAC,2018,12,0,0,0,,,,,15.7,,,15.0,13.0,4.0,21.0,112.5,mixed_evaporative,MAXIMUM,0
SAC,2019,1,0,0,0,,,,,17.6,,,15.0,13.0,4.0,19.0,115.3,mixed_evaporative,MAXIMUM,0
SAC,2019,2,0,0,0,,,,,23.2,,,12.0,14.0,4.0,11.0,111.8,mixed_evaporative,MAXIMUM,0
SAC,2019,3,0,0,0,,,,,27.0,,,12.0,12.0,4.0,12.0,112.5,mixed_evaporative,MAXIMUM,0
SAC,2019,4,0,0,0,,,,,31.6,,,13.0,15.0,0.0,12.0,114.9,mixed_evaporative,MAXIMUM,0
SAC,2019,5,0,0,0,,,,,25.9,,,14.0,16.0,0.0,12.0,114.9,mixed_evaporative,MAXIMUM,0
SAC,2019,6,13,6,0,,,,,25.1,,,15.0,17.0,0.0,12.0,115.5,mixed_evaporative,MAXIMUM,0
SAC,2019,7,24,11,2,,,,,27.4,,,18.0,20.0,0.0,18.0,116.3,mixed_evaporative,MAXIMUM,0
SAC,2019,8,23,17,2,,,,,19.3,,,17.0,18.0,4.0,16.0,116.8,mixed_evaporative,MAXIMUM,0
SAC,2019,9,11,7,0,,,,,24.5,,,18.0,20.0,4.0,15.0,116.6,mixed_evaporative,MAXIMUM,0
SAC,2019,10,0,0,0,,,,,19.2,,,20.0,22.0,4.0,16.0,117.7,mixed_evaporative,MAXIMUM,0
SAC,2019,11,0,0,0,,,,,19.6,,,20.0,21.0,0.0,19.0,121.1,mixed_evaporative,MAXIMUM,0
SAC,2019,12,0,0,0,,,,,33.0,,,20.0,22.0,0.0,18.0,124.2,mixed_evaporative,MAXIMUM,0
SAC,2020,1,0,0,0,,,,,24.7,,,18.0,19.0,0.0,19.0,128.8,mixed_evaporative,MAXIMUM,0
SAC,2020,2,0,0,0,,,,,24.3,,,20.0,19.0,0.0,23.0,132.7,mixed_evaporative,MAXIMUM,0
SAC,2020,3,0,0,0,,,,,14.8,,,20.0,20.0,0.0,24.0,132.2,mixed_evaporative,MAXIMUM,0
SAC,2020,4,0,0,0,,,,,22.6,,,19.0,18.0,0.0,23.0,129.3,mixed_evaporative,MAXIMUM,0
SAC,2020,5,6,4,0,,,,,23.1,,,20.0,20.0,0.0,24.0,128.3,mixed_evaporative,MAXIMUM,0
SAC,2020,6,16,9,1,,,,,11.4,,,20.0,20.0,0.0,23.0,129.3,mixed_evaporative,MAXIMUM,0
SAC,2020,7,26,17,2,,,,,11.1,,,19.0,18.0,0.0,22.0,126.7,mixed_evaporative,MAXIMUM,0
SAC,2020,8,29,16,4,,,,,8.4,,,19.0,18.0,0.0,23.0,123.1,mixed_evaporative,MAXIMUM,0
SAC,2020,9,11,5,2,,,,,7.2,,,19.0,19.0,0.0,21.0,122.7,mixed_evaporative,MAXIMUM,0
SAC,2020,10,8,0,0,,,,,13.4,,,18.0,19.0,0.0,19.0,122.9,mixed_evaporative,MAXIMUM,0
SAC,2020,11,0,0,0,,,,,12.4,,,18.0,20.0,0.0,18.0,123.0,mixed_evaporative,MAXIMUM,0
SAC,2020,12,0,0,0,,,,,12.2,,,18.0,20.0,0.0,16.0,121.8,mixed_evaporative,MAXIMUM,0
SAC,2021,1,0,0,0,,,,,12.7,,,19.0,21.0,4.0,17.0,122.2,mixed_evaporative,MAXIMUM,0
SAC,2021,2,0,0,0,,,,,21.4,,,18.0,20.0,4.0,16.0,122.2,mixed_evaporative,MAXIMUM,0
SAC,2021,3,0,0,0,,,,,14.9,,,19.0,21.0,9.0,18.0,122.1,mixed_evaporative,MAXIMUM,0
SAC,2021,4,0,0,0,,,,,13.7,,,17.0,17.0,9.0,17.0,121.3,mixed_evaporative,MAXIMUM,0
SAC,2021,5,3,1,0,,,,,11.9,,,18.0,18.0,9.0,18.0,120.2,mixed_evaporative,MAXIMUM,0
SAC,2021,6,15,8,2,,,,,15.4,,,17.0,17.0,4.0,19.0,116.8,mixed_evaporative,MAXIMUM,0
SAC,2021,7,26,15,5,274.25,0.27,,42.0,17.2,17427123.86,217339976.0,18.0,19.0,0.0,18.0,113.6,mixed_evaporative,MAXIMUM,0
SAC,2021,8,18,10,0,243.85,0.0,,39.0,16.5,19270252.22,217550530.0,19.0,20.0,0.0,19.0,113.6,mixed_evaporative,MAXIMUM,0
SAC,2021,9,13,5,0,234.95,0.0,,38.0,18.5,20003226.990000002,217551280.0,19.0,21.0,5.0,18.0,110.1,mixed_evaporative,MAXIMUM,0
SAC,2021,10,0,0,0,204.6,0.0,,51.0,11.1,18969957.300000004,219423794.0,20.0,21.0,0.0,19.0,109.7,mixed_evaporative,MAXIMUM,0
SAC,2021,11,0,0,0,231.35,1.64,,64.0,13.7,20061519.799999997,230250139.0,21.0,22.0,5.0,21.0,108.9,mixed_evaporative,MAXIMUM,0
SAC,2021,12,0,0,0,265.85,11.05,,44.0,16.6,23742617.47,230250139.0,22.0,23.0,9.0,21.0,104.4,mixed_evaporative,MAXIMUM,0
SAC,2022,1,0,0,0,209.65,28.68,,42.0,12.2,18815183.450000003,231520498.0,23.0,24.0,5.0,23.0,99.8,mixed_evaporative,MAXIMUM,0
SAC,2022,2,0,0,0,139.2,28.18,,23.0,19.6,20122925.28999999,233178437.0,24.0,24.0,5.0,25.0,97.7,mixed_evaporative,MAXIMUM,0
SAC,2022,3,0,0,0,163.25,11.49,,38.0,31.6,19403021.25,232902112.0,24.0,25.0,5.0,26.0,95.4,mixed_evaporative,MAXIMUM,0
SAC,2022,4,0,0,0,282.3,3.53,,41.0,21.2,18508040.02000001,236727207.0,23.0,23.0,5.0,25.0,104.8,mixed_evaporative,MAXIMUM,0
SAC,2022,5,4,1,0,234.55,1.37,,57.0,20.5,18437112.919999987,238669838.0,24.0,22.0,5.0,28.0,108.3,mixed_evaporative,MAXIMUM,0
SAC,2022,6,16,11,0,283.38,4.83,,56.0,16.5,19635899.29000002,238827735.0,22.0,21.0,5.0,25.0,113.1,mixed_evaporative,MAXIMUM,0
SAC,2022,7,23,19,3,244.25,6.73,,53.0,28.7,19177235.37,229399674.0,21.0,21.0,9.0,24.0,111.1,mixed_evaporative,MAXIMUM,0
SAC,2022,8,28,16,3,218.18,3.64,,71.0,17.5,21455493.7,229611316.0,24.0,23.0,18.0,25.0,111.2,mixed_evaporative,MAXIMUM,0
SAC,2022,9,14,9,8,225.43,1.69,,66.0,23.9,20829299.75,229807668.0,25.0,24.0,23.0,26.0,106.2,mixed_evaporative,MAXIMUM,0
SAC,2022,10,5,0,0,256.8,2.57,,40.0,24.3,21807896.93,231588937.0,25.0,24.0,21.0,27.0,104.9,mixed_evaporative,MAXIMUM,0
SAC,2022,11,0,0,0,212.73,0.77,,54.0,20.8,22447014.61,245508977.0,26.0,25.0,21.0,27.0,103.0,mixed_evaporative,MAXIMUM,0
SAC,2022,12,0,0,0,239.9,10.74,,44.0,21.2,24026718.25,245514072.0,26.0,24.0,25.0,28.0,94.9,mixed_evaporative,MAXIMUM,0
SAC,2023,1,0,0,0,241.7,2.68,,50.0,22.1,20147523.83999999,249430590.0,26.0,26.0,29.0,26.0,86.7,mixed_evaporative,MAXIMUM,0
SAC,2023,2,0,0,0,340.95,0.0,1.0,44.0,16.3,20633760.49000001,251033079.0,25.0,25.0,29.0,24.0,84.0,mixed_evaporative,MAXIMUM,0
SAC,2023,3,0,0,0,291.05,0.0,,61.0,17.1,22498271.180000007,251053869.0,23.0,24.0,17.0,24.0,79.9,mixed_evaporative,MAXIMUM,0
SAC,2023,4,0,0,0,377.45,0.0,,62.0,16.3,20717302.28999999,258809916.0,23.0,23.0,13.0,23.0,80.3,mixed_evaporative,MAXIMUM,0
SAC,2023,5,4,0,0,377.95,0.88,,66.0,11.0,19998795.310000002,259084996.0,22.0,23.0,13.0,23.0,82.8,mixed_evaporative,MAXIMUM,0
SAC,2023,6,4,2,0,435.7,0.0,,47.0,23.2,19841561.27000001,259127268.0,22.0,23.0,9.0,21.0,93.9,mixed_evaporative,MAXIMUM,0
SAC,2023,7,25,22,8,486.15,9.82,,62.0,18.6,18509270.72,238901708.0,25.0,26.0,9.0,24.0,94.9,mixed_evaporative,MAXIMUM,0
SAC,2023,8,25,13,3,226.56,1.88,,55.0,16.6,20492521.58,238901708.0,24.0,24.0,9.0,26.0,98.6,mixed_evaporative,MAXIMUM,0
SAC,2023,9,6,0,0,326.0,3.71,,41.0,15.5,21711270.470000006,239317128.0,24.0,25.0,4.0,26.0,101.9,mixed_evaporative,MAXIMUM,0
SAC,2023,10,4,0,0,2063.0,0.0,,65.0,13.7,20402019.139999993,239580074.0,26.0,25.0,4.0,31.0,100.7,mixed_evaporative,MAXIMUM,0
SAC,2023,11,0,0,0,1923.0,0.05,,60.0,24.2,22210658.120000005,241590117.0,26.0,26.0,4.0,29.0,99.5,mixed_evaporative,MAXIMUM,0
SAC,2023,12,0,0,0,98.0,0.0,1.0,60.0,25.0,26209612.58,241645886.0,27.0,26.0,4.0,31.0,98.2,mixed_evaporative,MAXIMUM,0
SAC,2024,1,0,0,0,200.0,2.49,,72.0,16.3,23144412.250000015,246565283.0,25.0,25.0,4.0,28.0,100.4,mixed_evaporative,MAXIMUM,0
SAC,2024,2,0,0,0,188.0,0.0,,54.0,40.5,23049609.649999976,248307883.0,26.0,26.0,4.0,29.0,102.0,mixed_evaporative,MAXIMUM,0
SAC,2024,3,0,0,0,198.0,0.0,,59.0,19.4,23032586.430000007,248334219.0,25.0,25.0,4.0,28.0,101.9,mixed_evaporative,MAXIMUM,0
SAC,2024,4,0,0,0,222.5,0.87,,71.0,34.2,22412474.449999988,267864109.0,26.0,26.0,4.0,28.0,102.2,mixed_evaporative,MAXIMUM,0
SAC,2024,5,3,0,0,202.0,0.0,,74.0,25.6,21307689.820000023,268125238.0,26.0,25.0,4.0,30.0,102.2,mixed_evaporative,MAXIMUM,0
SAC,2024,6,17,11,0,430.5,1.78,,60.0,24.2,21986882.20999998,268177312.0,21.0,23.0,4.0,18.0,102.2,mixed_evaporative,MAXIMUM,0
SAC,2024,7,27,23,15,286.0,1.28,,73.0,26.3,24760174.43,266001575.0,19.0,22.0,4.0,14.0,105.5,mixed_evaporative,MAXIMUM,0
SAC,2024,8,19,12,0,244.0,0.69,,89.0,19.9,20429439.729999997,265972475.0,21.0,22.0,17.0,20.0,111.2,mixed_evaporative,MAXIMUM,0
SAC,2024,9,13,8,0,287.0,2.01,,81.0,30.8,21693263.32,266617181.0,22.0,22.0,17.0,21.0,142.4,mixed_evaporative,MAXIMUM,0
SAC,2024,10,8,8,0,226.5,0.08,,77.0,21.5,21486893.869999997,266532485.0,22.0,22.0,17.0,23.0,144.7,mixed_evaporative,MAXIMUM,0
SAC,2024,11,0,0,0,115.0,1.11,,65.0,21.8,23903186.61,268613856.0,24.0,23.0,17.0,26.0,148.8,mixed_evaporative,MAXIMUM,0
SAC,2024,12,0,0,0,142.0,0.39,,80.0,32.4,21058213.560000002,261393866.0,23.0,22.0,17.0,26.0,149.1,mixed_evaporative,MAXIMUM,0
SAC,2025,1,0,0,0,140.0,4.12,,72.0,28.9,21167248.85000001,261676195.0,25.0,22.0,9.0,33.0,115.6,mixed_evaporative,MAXIMUM,0
SAC,2025,2,0,0,0,135.5,0.0,,65.0,22.1,20140707.47999999,263491942.38,24.0,20.0,5.0,33.0,112.6,mixed_evaporative,MAXIMUM,0
SAC,2025,3,0,0,0,207.0,14.64,,47.0,22.3,21526338.52000001,263788001.38,24.0,20.0,5.0,34.0,113.5,mixed_evaporative,MAXIMUM,0
SAC,2025,4,0,0,0,137.0,0.62,,92.0,23.6,20966218.74000001,266141197.38,24.0,20.0,9.0,33.0,112.9,mixed_evaporative,MAXIMUM,0
SAC,2025,5,4,2,0,152.0,0.0,,106.0,29.3,20482516.059999973,266397772.38,23.0,20.0,9.0,31.0,117.3,mixed_evaporative,MAXIMUM,0
SAC,2025,6,13,3,0,273.0,14.92,3.0,82.0,24.4,20062126.51000002,266519256.38,25.0,22.0,9.0,34.0,119.0,mixed_evaporative,MAXIMUM,0
SAC,2025,7,18,8,0,,,,,24.7,,,29.0,20.0,13.0,45.0,119.1,mixed_evaporative,MAXIMUM,0
SAC,2025,8,24,15,3,,,,,24.8,,,29.0,20.0,13.0,45.0,118.1,mixed_evaporative,MAXIMUM,0
SAC,2025,9,8,4,0,,,,,27.2,,,29.0,20.0,17.0,43.0,119.0,mixed_evaporative,MAXIMUM,0
SAC,2025,10,0,0,0,,,,,25.8,,,29.0,20.0,22.0,43.0,117.3,mixed_evaporative,MAXIMUM,0
SAC,2025,11,0,0,0,,,,,23.0,,,29.0,20.0,22.0,45.0,116.8,mixed_evaporative,MAXIMUM,0
SAC,2025,12,0,0,0,,,,,24.1,,,28.0,20.0,17.0,42.0,117.6,mixed_evaporative,MAXIMUM,0
SATF,2016,1,0,0,0,,,,,,,,,,,,158.1,mixed_evaporative,,0
SATF,2016,2,0,0,0,,,,,,,,,,,,156.5,mixed_evaporative,,0
SATF,2016,3,0,0,0,,,,,,,,,,,,148.9,mixed_evaporative,,0
SATF,2016,4,3,0,0,,,,,,,,,,,,150.4,mixed_evaporative,,0
SATF,2016,5,12,5,0,,,,,,,,,,,,154.1,mixed_evaporative,,0
SATF,2016,6,23,20,3,,,,,,,,,,,,154.1,mixed_evaporative,,0
SATF,2016,7,30,28,4,,,,,,,,,,,,156.1,mixed_evaporative,,0
SATF,2016,8,31,27,0,,,,,,,,,,,,155.8,mixed_evaporative,,0
SATF,2016,9,22,16,0,,,,,,,,,,,,154.6,mixed_evaporative,,0
SATF,2016,10,1,0,0,,,,,,,,,,,,155.6,mixed_evaporative,,0
SATF,2016,11,0,0,0,,,,,,,,,,,,155.2,mixed_evaporative,,0
SATF,2016,12,0,0,0,,,,,,,,,,,,157.9,mixed_evaporative,,0
SATF,2017,1,0,0,0,,,,,8.5,,,15.0,11.0,3.0,28.0,160.1,mixed_evaporative,,0
SATF,2017,2,0,0,0,,,,,9.9,,,15.0,12.0,7.0,26.0,161.8,mixed_evaporative,,0
SATF,2017,3,0,0,0,,,,,8.2,,,13.0,11.0,0.0,21.0,164.6,mixed_evaporative,,0
SATF,2017,4,0,0,0,,,,,8.3,,,12.0,10.0,2.0,20.0,163.5,mixed_evaporative,,0
SATF,2017,5,12,7,0,,,,,8.3,,,13.0,11.0,0.0,21.0,165.1,mixed_evaporative,,0
SATF,2017,6,24,21,7,,,,,9.2,,,12.0,11.0,0.0,19.0,165.7,mixed_evaporative,,0
SATF,2017,7,31,31,0,,,,,9.9,,,19.0,20.0,0.0,21.0,167.5,mixed_evaporative,,0
SATF,2017,8,30,27,3,,,,,7.7,,,18.0,21.0,0.0,20.0,165.7,mixed_evaporative,,0
SATF,2017,9,18,10,3,,,,,12.1,,,17.0,19.0,0.0,19.0,168.0,mixed_evaporative,,0
SATF,2017,10,0,0,0,,,,,10.4,,,16.0,18.0,0.0,17.0,169.9,mixed_evaporative,,0
SATF,2017,11,0,0,0,,,,,9.1,,,13.0,12.0,5.0,17.0,166.2,mixed_evaporative,,0
SATF,2017,12,0,0,0,,,,,12.8,,,13.0,12.0,5.0,17.0,166.3,mixed_evaporative,,0
SATF,2018,1,0,0,0,,,,,9.9,,,11.0,11.0,2.0,14.0,164.2,mixed_evaporative,,0
SATF,2018,2,0,0,0,,,,,11.2,,,10.0,9.0,2.0,16.0,167.7,mixed_evaporative,,0
SATF,2018,3,0,0,0,,,,,9.1,,,9.0,7.0,2.0,16.0,170.6,mixed_evaporative,,0
SATF,2018,4,4,0,0,,,,,8.1,,,9.0,8.0,5.0,14.0,174.3,mixed_evaporative,,0
SATF,2018,5,5,1,0,,,,,8.5,,,11.0,11.0,2.0,13.0,175.6,mixed_evaporative,,0
SATF,2018,6,22,18,0,,,,,9.0,,,12.0,12.0,2.0,16.0,172.7,mixed_evaporative,,0
SATF,2018,7,31,30,0,,,,,9.9,,,17.0,15.0,0.0,27.0,171.7,mixed_evaporative,,0
SATF,2018,8,27,21,0,,,,,12.0,,,18.0,15.0,2.0,29.0,171.2,mixed_evaporative,,0
SATF,2018,9,21,15,0,,,,,11.1,,,17.0,11.0,2.0,32.0,169.8,mixed_evaporative,,0
SATF,2018,10,0,0,0,,,,,10.9,,,16.0,10.0,5.0,29.0,165.8,mixed_evaporative,,0
SATF,2018,11,0,0,0,,,,,12.5,,,13.0,8.0,7.0,25.0,164.5,mixed_evaporative,,0
SATF,2018,12,0,0,0,,,,,14.8,,,13.0,8.0,7.0,24.0,163.3,mixed_evaporative,,0
SATF,2019,1,0,0,0,,,,,13.3,,,12.0,8.0,7.0,23.0,163.1,mixed_evaporative,,0
SATF,2019,2,0,0,0,,,,,13.3,,,13.0,7.0,10.0,25.0,161.4,mixed_evaporative,,0
SATF,2019,3,0,0,0,,,,,17.6,,,13.0,8.0,5.0,25.0,160.9,mixed_evaporative,,0
SATF,2019,4,3,0,0,,,,,15.2,,,13.0,7.0,7.0,27.0,163.5,mixed_evaporative,,0
SATF,2019,5,4,0,0,,,,,11.7,,,14.0,7.0,10.0,29.0,160.6,mixed_evaporative,,0
SATF,2019,6,27,19,1,,,,,10.6,,,13.0,7.0,7.0,25.0,159.3,mixed_evaporative,,0
SATF,2019,7,31,25,0,,,,,11.0,,,13.0,8.0,7.0,26.0,161.1,mixed_evaporative,,0
SATF,2019,8,30,21,0,,,,,16.3,,,15.0,12.0,5.0,23.0,161.8,mixed_evaporative,,0
SATF,2019,9,15,12,0,,,,,15.9,,,14.0,13.0,0.0,22.0,160.0,mixed_evaporative,,0
SATF,2019,10,0,0,0,,,,,14.9,,,15.0,13.0,0.0,22.0,157.1,mixed_evaporative,,0
SATF,2019,11,0,0,0,,,,,17.9,,,16.0,12.0,0.0,26.0,156.6,mixed_evaporative,,0
SATF,2019,12,0,0,0,,,,,17.8,,,14.0,11.0,0.0,24.0,154.9,mixed_evaporative,,0
SATF,2020,1,0,0,0,,,,,11.6,,,13.0,11.0,0.0,22.0,154.7,mixed_evaporative,,0
SATF,2020,2,0,0,0,,,,,12.7,,,12.0,10.0,2.0,20.0,154.7,mixed_evaporative,,0
SATF,2020,3,0,0,0,,,,,12.2,,,12.0,10.0,2.0,19.0,154.1,mixed_evaporative,,0
SATF,2020,4,2,0,0,,,,,9.0,,,12.0,9.0,7.0,20.0,141.5,mixed_evaporative,,0
SATF,2020,5,9,6,0,,,,,10.5,,,12.0,8.0,7.0,20.0,141.5,mixed_evaporative,,0
SATF,2020,6,19,13,0,,,,,10.7,,,12.0,9.0,5.0,20.0,141.2,mixed_evaporative,,0
SATF,2020,7,31,29,0,,,,,13.0,,,14.0,8.0,10.0,26.0,136.5,mixed_evaporative,,0
SATF,2020,8,30,27,1,,,,,11.5,,,14.0,7.0,12.0,27.0,132.3,mixed_evaporative,,0
SATF,2020,9,20,8,0,,,,,12.3,,,14.0,6.0,12.0,32.0,129.7,mixed_evaporative,,0
SATF,2020,10,7,2,0,,,,,13.3,,,11.0,7.0,12.0,19.0,129.8,mixed_evaporative,,0
SATF,2020,11,0,0,0,,,,,8.3,,,11.0,7.0,12.0,19.0,127.8,mixed_evaporative,,0
SATF,2020,12,0,0,0,,,,,11.6,,,13.0,9.0,20.0,20.0,126.0,mixed_evaporative,,0
SATF,2021,1,0,0,0,,,,,11.8,,,11.0,9.0,22.0,15.0,0.1,mixed_evaporative,,0
SATF,2021,2,0,0,0,,,,,10.6,,,13.0,10.0,27.0,16.0,129.8,mixed_evaporative,,0
SATF,2021,3,0,0,0,,,,,13.0,,,14.0,11.0,27.0,17.0,131.7,mixed_evaporative,,0
SATF,2021,4,2,0,0,,,,,13.7,,,11.0,7.0,25.0,17.0,135.9,mixed_evaporative,,0
SATF,2021,5,13,4,0,,,,,6.8,,,12.0,8.0,27.0,17.0,139.9,mixed_evaporative,,0
SATF,2021,6,25,20,5,,,,,10.2,,,12.0,9.0,27.0,17.0,145.1,mixed_evaporative,,0
SATF,2021,7,31,31,5,124.64,1.32,,18.0,14.9,20276517.35,231792476.0,12.0,8.0,18.0,20.0,147.7,mixed_evaporative,,0
SATF,2021,8,29,23,0,149.3,5.71,,25.0,13.6,21859746.269999996,231952130.0,12.0,8.0,11.0,21.0,146.9,mixed_evaporative,,0
SATF,2021,9,21,13,0,117.37,2.93,1.0,22.0,13.2,21411662.130000003,231952130.0,11.0,8.0,8.0,20.0,146.2,mixed_evaporative,,0
SATF,2021,10,2,0,0,188.41,0.49,1.0,29.0,9.7,21622672.519999996,231955202.0,12.0,9.0,5.0,20.0,146.5,mixed_evaporative,,0
SATF,2021,11,0,0,0,194.39,5.47,1.0,24.0,12.9,22523627.010000005,246822799.0,12.0,10.0,-3.0,21.0,146.2,mixed_evaporative,,0
SATF,2021,12,0,0,0,140.35,1.55,1.0,21.0,12.4,26646814.189999998,246845162.0,12.0,10.0,-3.0,21.0,144.8,mixed_evaporative,,0
SATF,2022,1,0,0,0,90.72,23.0,,17.0,12.1,20990425.409999996,247311475.0,17.0,14.0,-3.0,29.0,141.9,mixed_evaporative,,0
SATF,2022,2,0,0,0,88.43,25.65,,22.0,10.5,23343197.47,249412578.0,19.0,15.0,-3.0,33.0,139.9,mixed_evaporative,,0
SATF,2022,3,0,0,0,71.5,9.54,,30.0,12.7,22155649.439999998,249140707.0,20.0,16.0,-3.0,35.0,138.2,mixed_evaporative,,0
SATF,2022,4,2,0,0,113.35,6.21,,16.0,11.6,21612566.04000002,267752146.0,22.0,17.0,0.0,37.0,129.8,mixed_evaporative,,0
SATF,2022,5,9,3,0,176.53,14.48,,24.0,10.0,21523527.22999999,268892838.0,20.0,14.0,8.0,37.0,129.5,mixed_evaporative,,0
SATF,2022,6,22,14,0,155.63,1.05,,20.0,8.7,22112523.699999988,269188909.0,20.0,13.0,8.0,37.0,132.7,mixed_evaporative,,0
SATF,2022,7,28,25,1,151.35,1.08,1.0,21.0,13.2,23194011.65,258007884.0,21.0,15.0,12.0,36.0,134.4,mixed_evaporative,,0
SATF,2022,8,31,28,0,101.55,1.88,,26.0,15.1,25132968.009999998,258417855.0,23.0,20.0,8.0,34.0,136.4,mixed_evaporative,,0
SATF,2022,9,19,14,4,175.15,4.51,1.0,21.0,20.9,22765620.61,258524654.0,22.0,20.0,8.0,32.0,138.0,mixed_evaporative,,0
SATF,2022,10,12,3,0,217.55,1.39,1.0,21.0,16.5,24586386.189999998,258524654.0,27.0,27.0,14.0,30.0,137.2,mixed_evaporative,,0
SATF,2022,11,0,0,0,176.95,0.51,,20.0,14.8,24373703.85000001,284591822.0,20.0,17.0,5.0,31.0,137.5,mixed_evaporative,,0
SATF,2022,12,0,0,0,152.45,3.89,,33.0,17.1,28187007.71000001,284719122.0,19.0,15.0,10.0,32.0,136.8,mixed_evaporative,,0
SATF,2023,1,0,0,0,195.85,4.41,,24.0,14.6,22801120.829999983,289862269.0,25.0,19.0,12.0,40.0,135.8,mixed_evaporative,,0
SATF,2023,2,0,0,0,165.65,0.67,2.0,15.0,14.2,25149745.620000005,291705625.0,26.0,20.0,12.0,42.0,135.5,mixed_evaporative,,0
SATF,2023,3,0,0,0,248.26,0.4,1.0,38.0,12.3,23776758.370000005,291634707.0,27.0,21.0,12.0,44.0,137.0,mixed_evaporative,,0
SATF,2023,4,3,0,0,343.99,0.91,2.0,28.0,16.8,23566989.439999998,294223618.0,27.0,22.0,10.0,43.0,134.6,mixed_evaporative,,0
SATF,2023,5,10,6,0,385.75,1.39,,36.0,12.6,23016490.639999986,294555539.0,27.0,21.0,10.0,45.0,132.4,mixed_evaporative,,0
SATF,2023,6,11,4,0,408.1,14.28,1.0,29.0,18.2,23285528.01000002,294621550.0,27.0,21.0,10.0,45.0,131.8,mixed_evaporative,,0
SATF,2023,7,30,26,7,477.13,1.45,,49.0,15.9,23309543.3,277904271.0,26.0,21.0,10.0,44.0,132.8,mixed_evaporative,,0
SATF,2023,8,27,21,0,376.18,0.16,,50.0,18.7,25392994.69,277907271.0,26.0,21.0,10.0,44.0,136.6,mixed_evaporative,,0
SATF,2023,9,12,4,0,247.64,1.62,1.0,44.0,18.2,23520597.339999996,277968263.0,27.0,21.0,10.0,46.0,138.9,mixed_evaporative,,0
SATF,2023,10,5,2,0,1984.5,0.95,1.0,40.0,17.4,23515760.409999996,278162677.0,25.0,19.0,5.0,45.0,140.8,mixed_evaporative,,0
SATF,2023,11,0,0,0,1469.0,1.45,,42.0,24.0,28190197.820000008,280674448.0,25.0,19.0,2.0,44.0,141.8,mixed_evaporative,,0
SATF,2023,12,0,0,0,217.75,0.92,,37.0,18.5,29792220.99000001,280658930.0,24.0,18.0,5.0,44.0,138.9,mixed_evaporative,,0
SATF,2024,1,0,0,0,720.75,1.56,,28.0,18.6,25082071.549999982,284038068.0,28.0,22.0,5.0,48.0,129.0,mixed_evaporative,,0
SATF,2024,2,0,0,0,704.75,0.65,,19.0,21.5,25977802.939999998,285696444.0,27.0,21.0,5.0,47.0,123.1,mixed_evaporative,,0
SATF,2024,3,0,0,0,1023.5,2.61,2.0,34.0,19.1,27074707.01000002,285794756.0,28.0,20.0,7.0,49.0,126.7,mixed_evaporative,,0
SATF,2024,4,0,0,0,940.88,1.73,1.0,35.0,17.6,25007342.5,311106169.0,27.0,19.0,12.0,49.0,130.5,mixed_evaporative,,0
SATF,2024,5,11,1,0,831.0,2.06,,41.0,14.0,24734884.72999996,311351782.0,27.0,20.0,7.0,47.0,137.9,mixed_evaporative,,0
SATF,2024,6,27,18,1,824.25,0.0,,49.0,14.5,25300287.630000055,311367938.0,23.0,15.0,5.0,45.0,145.2,mixed_evaporative,,0
SATF,2024,7,31,30,10,946.0,0.0,1.0,74.0,16.6,25547977.71,299798535.0,20.0,14.0,5.0,38.0,160.2,mixed_evaporative,,0
SATF,2024,8,28,21,1,859.0,1.5,,59.0,20.3,26108699.619999997,299859910.0,20.0,14.0,2.0,38.0,159.5,mixed_evaporative,,0
SATF,2024,9,20,11,0,988.0,1.86,,53.0,15.2,24100865.629999995,300553004.0,20.0,14.0,2.0,38.0,159.8,mixed_evaporative,,0
SATF,2024,10,9,7,0,809.0,3.92,3.0,49.0,15.5,24529792.570000008,300397973.0,21.0,14.0,0.0,41.0,157.6,mixed_evaporative,,0
SATF,2024,11,0,0,0,1077.25,0.98,,50.0,17.8,27237000.75,302428138.0,21.0,14.0,5.0,41.0,155.8,mixed_evaporative,,0
SATF,2024,12,0,0,0,1017.5,2.42,,62.0,15.9,25561971.22999999,285603259.0,21.0,13.0,7.0,41.0,153.7,mixed_evaporative,,0
SATF,2025,1,0,0,0,1079.5,0.32,,47.0,14.8,24409569.939999998,286691844.0,26.0,19.0,14.0,44.0,150.3,mixed_evaporative,,0
SATF,2025,2,0,0,0,980.25,3.27,,36.0,12.3,26673044.78,288773458.69,24.0,18.0,7.0,43.0,152.9,mixed_evaporative,,0
SATF,2025,3,0,0,0,1289.0,4.86,,50.0,10.2,24699567.96000001,289545955.69,24.0,18.0,5.0,42.0,155.9,mixed_evaporative,,0
SATF,2025,4,0,0,0,1081.5,0.08,,167.0,12.8,24910760.0,301620727.69,23.0,16.0,5.0,43.0,158.0,mixed_evaporative,,0
SATF,2025,5,9,4,0,1244.3,2.83,,55.0,12.5,24979698.00999999,302008495.69,20.0,14.0,7.0,38.0,157.9,mixed_evaporative,,0
SATF,2025,6,26,17,0,1179.0,4.39,,58.0,11.3,23633005.180000007,302148820.69,19.0,14.0,7.0,34.0,157.7,mixed_evaporative,,0
SATF,2025,7,28,21,0,,,,,19.3,,,25.0,19.0,9.0,40.0,157.3,mixed_evaporative,,0
SATF,2025,8,31,27,0,,,,,13.4,,,26.0,20.0,9.0,41.0,157.0,mixed_evaporative,,0
SATF,2025,9,16,8,0,,,,,11.9,,,25.0,20.0,9.0,39.0,157.8,mixed_evaporative,,0
SATF,2025,10,1,0,0,,,,,13.4,,,25.0,19.0,7.0,40.0,159.8,mixed_evaporative,,0
SATF,2025,11,0,0,0,,,,,13.0,,,25.0,18.0,9.0,40.0,158.1,mixed_evaporative,,0
SATF,2025,12,0,0,0,,,,,11.4,,,22.0,15.0,7.0,38.0,155.3,mixed_evaporative,,0
SCC,2016,1,0,0,0,,,,,,,,,,,,109.8,mixed_ventilation_only,MEDIUM,0
SCC,2016,2,0,0,0,,,,,,,,,,,,110.4,mixed_ventilation_only,MEDIUM,0
SCC,2016,3,0,0,0,,,,,,,,,,,,111.6,mixed_ventilation_only,MEDIUM,0
SCC,2016,4,0,0,0,,,,,,,,,,,,109.7,mixed_ventilation_only,MEDIUM,0
SCC,2016,5,4,1,0,,,,,,,,,,,,110.6,mixed_ventilation_only,MEDIUM,0
SCC,2016,6,20,16,2,,,,,,,,,,,,110.2,mixed_ventilation_only,MEDIUM,0
SCC,2016,7,23,17,5,,,,,,,,,,,,109.1,mixed_ventilation_only,MEDIUM,0
SCC,2016,8,27,12,1,,,,,,,,,,,,106.7,mixed_ventilation_only,MEDIUM,0
SCC,2016,9,13,3,0,,,,,,,,,,,,106.0,mixed_ventilation_only,MEDIUM,0
SCC,2016,10,1,0,0,,,,,,,,,,,,106.3,mixed_ventilation_only,MEDIUM,0
SCC,2016,11,0,0,0,,,,,,,,,,,,108.9,mixed_ventilation_only,MEDIUM,0
SCC,2016,12,0,0,0,,,,,,,,,,,,108.4,mixed_ventilation_only,MEDIUM,0
SCC,2017,1,0,0,0,,,,,4.0,,,18.0,20.0,6.0,22.0,107.5,mixed_ventilation_only,MEDIUM,0
SCC,2017,2,0,0,0,,,,,5.2,,,19.0,20.0,14.0,22.0,105.5,mixed_ventilation_only,MEDIUM,0
SCC,2017,3,0,0,0,,,,,3.5,,,17.0,20.0,6.0,15.0,104.3,mixed_ventilation_only,MEDIUM,0
SCC,2017,4,0,0,0,,,,,7.0,,,17.0,20.0,6.0,19.0,107.7,mixed_ventilation_only,MEDIUM,0
SCC,2017,5,6,2,0,,,,,6.3,,,18.0,22.0,6.0,19.0,105.4,mixed_ventilation_only,MEDIUM,0
SCC,2017,6,19,11,5,,,,,3.4,,,15.0,17.0,3.0,19.0,106.6,mixed_ventilation_only,MEDIUM,0
SCC,2017,7,31,26,3,,,,,4.3,,,16.0,19.0,3.0,19.0,106.7,mixed_ventilation_only,MEDIUM,0
SCC,2017,8,27,17,6,,,,,4.7,,,14.0,16.0,3.0,15.0,110.2,mixed_ventilation_only,MEDIUM,0
SCC,2017,9,11,5,3,,,,,7.4,,,14.0,17.0,6.0,13.0,112.3,mixed_ventilation_only,MEDIUM,0
SCC,2017,10,0,0,0,,,,,4.2,,,17.0,20.0,6.0,13.0,111.6,mixed_ventilation_only,MEDIUM,0
SCC,2017,11,0,0,0,,,,,8.5,,,16.0,20.0,6.0,13.0,111.2,mixed_ventilation_only,MEDIUM,0
SCC,2017,12,0,0,0,,,,,6.6,,,16.0,20.0,6.0,13.0,109.5,mixed_ventilation_only,MEDIUM,0
SCC,2018,1,0,0,0,,,,,4.7,,,19.0,22.0,10.0,16.0,108.6,mixed_ventilation_only,MEDIUM,0
SCC,2018,2,0,0,0,,,,,6.5,,,21.0,24.0,14.0,23.0,108.5,mixed_ventilation_only,MEDIUM,0
SCC,2018,3,0,0,0,,,,,2.7,,,22.0,25.0,14.0,23.0,109.1,mixed_ventilation_only,MEDIUM,0
SCC,2018,4,0,0,0,,,,,4.4,,,24.0,27.0,14.0,23.0,107.5,mixed_ventilation_only,MEDIUM,0
SCC,2018,5,2,0,0,,,,,3.9,,,25.0,28.0,17.0,23.0,108.5,mixed_ventilation_only,MEDIUM,0
SCC,2018,6,16,6,0,,,,,4.4,,,25.0,28.0,14.0,24.0,107.3,mixed_ventilation_only,MEDIUM,0
SCC,2018,7,29,26,0,,,,,5.1,,,21.0,26.0,11.0,7.0,107.4,mixed_ventilation_only,MEDIUM,0
SCC,2018,8,20,13,0,,,,,5.2,,,22.0,26.0,11.0,17.0,108.8,mixed_ventilation_only,MEDIUM,0
SCC,2018,9,16,3,0,,,,,6.5,,,21.0,24.0,14.0,17.0,108.8,mixed_ventilation_only,MEDIUM,0
SCC,2018,10,0,0,0,,,,,5.8,,,20.0,24.0,11.0,12.0,109.5,mixed_ventilation_only,MEDIUM,0
SCC,2018,11,0,0,0,,,,,5.4,,,20.0,23.0,11.0,17.0,107.5,mixed_ventilation_only,MEDIUM,0
SCC,2018,12,0,0,0,,,,,4.2,,,20.0,22.0,11.0,17.0,108.7,mixed_ventilation_only,MEDIUM,0
SCC,2019,1,0,0,0,,,,,4.4,,,14.0,16.0,8.0,3.0,105.9,mixed_ventilation_only,MEDIUM,0
SCC,2019,2,0,0,0,,,,,4.8,,,16.0,17.0,8.0,22.0,102.8,mixed_ventilation_only,MEDIUM,0
SCC,2019,3,0,0,0,,,,,3.7,,,16.0,17.0,8.0,17.0,102.0,mixed_ventilation_only,MEDIUM,0
SCC,2019,4,0,0,0,,,,,4.7,,,16.0,17.0,8.0,22.0,104.3,mixed_ventilation_only,MEDIUM,0
SCC,2019,5,0,0,0,,,,,7.4,,,17.0,16.0,17.0,22.0,97.8,mixed_ventilation_only,MEDIUM,0
SCC,2019,6,14,6,0,,,,,8.3,,,16.0,16.0,14.0,14.0,99.5,mixed_ventilation_only,MEDIUM,0
SCC,2019,7,25,11,1,,,,,4.2,,,21.0,23.0,6.0,31.0,103.3,mixed_ventilation_only,MEDIUM,0
SCC,2019,8,26,16,0,,,,,6.1,,,23.0,25.0,6.0,28.0,105.3,mixed_ventilation_only,MEDIUM,0
SCC,2019,9,12,7,0,,,,,7.5,,,22.0,25.0,6.0,27.0,103.6,mixed_ventilation_only,MEDIUM,0
SCC,2019,10,0,0,0,,,,,7.1,,,21.0,25.0,6.0,22.0,107.9,mixed_ventilation_only,MEDIUM,0
SCC,2019,11,0,0,0,,,,,7.6,,,18.0,20.0,6.0,18.0,113.0,mixed_ventilation_only,MEDIUM,0
SCC,2019,12,0,0,0,,,,,4.1,,,19.0,20.0,6.0,27.0,114.2,mixed_ventilation_only,MEDIUM,0
SCC,2020,1,0,0,0,,,,,5.4,,,14.0,15.0,5.0,22.0,114.6,mixed_ventilation_only,MEDIUM,0
SCC,2020,2,0,0,0,,,,,5.6,,,18.0,19.0,5.0,28.0,112.8,mixed_ventilation_only,MEDIUM,0
SCC,2020,3,0,0,0,,,,,3.7,,,16.0,15.0,6.0,32.0,113.0,mixed_ventilation_only,MEDIUM,0
SCC,2020,4,0,0,0,,,,,4.8,,,14.0,14.0,3.0,32.0,104.6,mixed_ventilation_only,MEDIUM,0
SCC,2020,5,7,3,0,,,,,4.5,,,15.0,14.0,3.0,32.0,104.7,mixed_ventilation_only,MEDIUM,0
SCC,2020,6,16,11,0,,,,,6.9,,,13.0,12.0,3.0,32.0,105.0,mixed_ventilation_only,MEDIUM,0
SCC,2020,7,29,15,0,,,,,4.8,,,14.0,14.0,3.0,25.0,95.9,mixed_ventilation_only,MEDIUM,0
SCC,2020,8,28,17,5,,,,,6.2,,,14.0,15.0,0.0,25.0,85.3,mixed_ventilation_only,MEDIUM,0
SCC,2020,9,15,7,2,,,,,6.9,,,15.0,17.0,0.0,20.0,78.8,mixed_ventilation_only,MEDIUM,0
SCC,2020,10,8,0,0,,,,,5.7,,,18.0,21.0,3.0,20.0,80.2,mixed_ventilation_only,MEDIUM,0
SCC,2020,11,0,0,0,,,,,4.9,,,18.0,19.0,6.0,24.0,80.7,mixed_ventilation_only,MEDIUM,0
SCC,2020,12,0,0,0,,,,,3.9,,,21.0,22.0,10.0,33.0,76.6,mixed_ventilation_only,MEDIUM,0
SCC,2021,1,0,0,0,,,,,4.6,,,24.0,25.0,13.0,30.0,82.2,mixed_ventilation_only,MEDIUM,0
SCC,2021,2,0,0,0,,,,,3.2,,,23.0,23.0,13.0,35.0,83.9,mixed_ventilation_only,MEDIUM,0
SCC,2021,3,0,0,0,,,,,1.9,,,24.0,24.0,14.0,35.0,83.6,mixed_ventilation_only,MEDIUM,0
SCC,2021,4,0,0,0,,,,,8.7,,,23.0,24.0,11.0,35.0,82.7,mixed_ventilation_only,MEDIUM,0
SCC,2021,5,6,1,0,,,,,4.1,,,17.0,17.0,8.0,30.0,86.6,mixed_ventilation_only,MEDIUM,0
SCC,2021,6,20,15,4,,,,,3.4,,,15.0,14.0,8.0,30.0,91.8,mixed_ventilation_only,MEDIUM,0
SCC,2021,7,31,26,4,0.0,2.47,,16.0,5.8,19670019.57,164402514.0,15.0,14.0,7.0,29.0,97.4,mixed_ventilation_only,MEDIUM,0
SCC,2021,8,24,18,2,12.6,5.52,,10.0,4.1,15410752.950000003,164590848.0,17.0,16.0,10.0,33.0,96.7,mixed_ventilation_only,MEDIUM,0
SCC,2021,9,18,10,1,32.0,2.23,,22.0,5.9,16948707.619999997,164590848.0,18.0,16.0,14.0,33.0,96.4,mixed_ventilation_only,MEDIUM,0
SCC,2021,10,0,0,0,21.0,1.23,,16.0,8.1,15999603.439999998,164643576.0,15.0,15.0,7.0,29.0,96.2,mixed_ventilation_only,MEDIUM,0
SCC,2021,11,0,0,0,74.1,0.64,,20.0,5.4,16403705.780000001,178947520.0,17.0,15.0,14.0,33.0,94.9,mixed_ventilation_only,MEDIUM,0
SCC,2021,12,0,0,0,56.0,0.58,,12.0,4.8,20183497.200000003,178979756.0,19.0,17.0,14.0,38.0,93.5,mixed_ventilation_only,MEDIUM,0
SCC,2022,1,0,0,0,44.0,7.72,,14.0,5.8,14280604.730000004,180135182.0,16.0,15.0,14.0,31.0,88.5,mixed_ventilation_only,MEDIUM,0
SCC,2022,2,0,0,0,24.0,8.6,,11.0,5.8,13978647.169999987,181216140.0,18.0,17.0,14.0,31.0,86.7,mixed_ventilation_only,MEDIUM,0
SCC,2022,3,0,0,0,17.15,2.52,,19.0,6.5,14704586.310000017,181166147.0,17.0,16.0,14.0,35.0,85.3,mixed_ventilation_only,MEDIUM,0
SCC,2022,4,1,0,0,16.0,0.28,,9.0,1.9,14485945.359999985,187595274.0,21.0,20.0,17.0,38.0,78.1,mixed_ventilation_only,MEDIUM,0
SCC,2022,5,4,1,0,8.0,0.29,,14.0,6.2,14714148.830000013,187394350.0,22.0,21.0,21.0,31.0,76.4,mixed_ventilation_only,MEDIUM,0
SCC,2022,6,16,10,0,13.0,1.03,,8.0,4.0,13034136.530000001,187785228.0,20.0,19.0,15.0,38.0,76.5,mixed_ventilation_only,MEDIUM,0
SCC,2022,7,24,18,2,8.0,2.39,,7.0,7.5,25064537.83,179305231.0,21.0,20.0,24.0,27.0,74.3,mixed_ventilation_only,MEDIUM,0
SCC,2022,8,29,18,1,6.9,3.12,,14.0,3.0,17829455.17,179511595.0,27.0,29.0,23.0,20.0,78.3,mixed_ventilation_only,MEDIUM,0
SCC,2022,9,17,10,9,8.05,0.99,,16.0,6.5,15970850.670000002,179544078.0,28.0,30.0,19.0,27.0,81.4,mixed_ventilation_only,MEDIUM,0
SCC,2022,10,7,0,0,8.0,0.0,,9.0,7.6,18134615.799999997,179545758.0,28.0,30.0,19.0,27.0,111.5,mixed_ventilation_only,MEDIUM,0
SCC,2022,11,0,0,0,45.0,0.0,,5.0,9.4,15815339.180000007,195047087.0,26.0,28.0,16.0,27.0,114.2,mixed_ventilation_only,MEDIUM,0
SCC,2022,12,0,0,0,47.0,0.0,,21.0,5.6,24140632.72999999,194895527.0,25.0,25.0,16.0,33.0,123.8,mixed_ventilation_only,MEDIUM,0
SCC,2023,1,0,0,0,8.0,0.18,,18.0,6.8,18890571.069999993,199087116.0,30.0,31.0,15.0,47.0,131.1,mixed_ventilation_only,MEDIUM,0
SCC,2023,2,0,0,0,50.15,1.14,1.0,18.0,8.2,19722198.560000002,200973068.0,29.0,29.0,19.0,40.0,130.2,mixed_ventilation_only,MEDIUM,0
SCC,2023,3,0,0,0,35.6,0.0,,14.0,3.3,18454980.78,201113501.0,30.0,30.0,26.0,40.0,122.9,mixed_ventilation_only,MEDIUM,0
SCC,2023,4,0,0,0,43.0,0.0,,16.0,5.9,19077921.46000001,232364188.0,29.0,28.0,26.0,40.0,117.6,mixed_ventilation_only,MEDIUM,0
SCC,2023,5,6,0,0,65.25,0.0,,17.0,6.9,19223938.819999993,232466521.0,27.0,28.0,18.0,40.0,116.2,mixed_ventilation_only,MEDIUM,0
SCC,2023,6,4,1,0,30.6,0.0,,13.0,7.0,18274210.890000015,232248612.0,28.0,29.0,14.0,47.0,80.5,mixed_ventilation_only,MEDIUM,0
SCC,2023,7,26,21,7,42.43,0.0,,12.0,9.5,26592382.14,234404934.0,25.0,27.0,11.0,40.0,81.8,mixed_ventilation_only,MEDIUM,0
SCC,2023,8,23,8,1,43.0,0.53,,16.0,10.7,21199854.33,234427843.0,26.0,25.0,18.0,53.0,87.9,mixed_ventilation_only,MEDIUM,0
SCC,2023,9,6,0,0,86.45,0.16,,16.0,11.0,21581223.299999997,234807832.0,25.0,24.0,14.0,47.0,87.7,mixed_ventilation_only,MEDIUM,0
SCC,2023,10,4,0,0,1362.0,0.0,,15.0,10.4,20389865.86,234986367.0,22.0,21.0,14.0,47.0,85.8,mixed_ventilation_only,MEDIUM,0
SCC,2023,11,0,0,0,1687.0,0.0,,16.0,13.5,21944751.730000004,237276212.0,21.0,19.0,18.0,47.0,83.7,mixed_ventilation_only,MEDIUM,0
SCC,2023,12,0,0,0,1778.0,0.0,,19.0,12.3,24643231.989999995,237231666.0,22.0,21.0,14.0,47.0,81.0,mixed_ventilation_only,MEDIUM,0
SCC,2024,1,0,0,0,25.0,2.75,,14.0,10.5,21393484.810000002,238551494.0,22.0,20.0,14.0,50.0,79.2,mixed_ventilation_only,MEDIUM,0
SCC,2024,2,0,0,0,25.0,1.43,1.0,15.0,10.3,26474768.650000006,239897115.0,19.0,17.0,14.0,38.0,80.1,mixed_ventilation_only,MEDIUM,0
SCC,2024,3,0,0,0,38.0,0.0,,11.0,9.8,24165231.75,239920938.0,18.0,17.0,11.0,38.0,79.8,mixed_ventilation_only,MEDIUM,0
SCC,2024,4,0,0,0,0.0,0.0,,15.0,11.1,20739069.919999987,268677368.0,14.0,15.0,7.0,25.0,79.7,mixed_ventilation_only,MEDIUM,0
SCC,2024,5,0,0,0,8.0,0.0,,18.0,8.6,19283729.98000002,269009166.0,15.0,15.0,11.0,25.0,81.3,mixed_ventilation_only,MEDIUM,0
SCC,2024,6,16,10,0,0.0,0.93,,15.0,8.5,20859364.21000001,269033492.0,17.0,17.0,11.0,27.0,80.8,mixed_ventilation_only,MEDIUM,0
SCC,2024,7,27,24,12,51.0,0.0,,19.0,10.3,34818212.68,263122694.0,18.0,18.0,11.0,27.0,81.4,mixed_ventilation_only,MEDIUM,0
SCC,2024,8,19,14,1,215.0,0.0,,24.0,12.1,26627615.270000003,263139011.0,19.0,19.0,11.0,27.0,79.7,mixed_ventilation_only,MEDIUM,0
SCC,2024,9,14,8,0,15.0,0.0,,15.0,9.9,24954800.89999999,263648387.0,20.0,22.0,11.0,27.0,80.5,mixed_ventilation_only,MEDIUM,0
SCC,2024,10,8,7,0,46.0,0.0,,13.0,7.6,25268762.060000002,263832792.0,19.0,20.0,11.0,21.0,81.1,mixed_ventilation_only,MEDIUM,0
SCC,2024,11,0,0,0,38.0,0.0,,19.0,9.3,22583993.930000007,265170204.0,18.0,19.0,7.0,27.0,83.3,mixed_ventilation_only,MEDIUM,0
SCC,2024,12,0,0,0,45.0,0.0,,23.0,9.2,22150979.079999983,251580250.0,19.0,19.0,14.0,27.0,83.7,mixed_ventilation_only,MEDIUM,0
SCC,2025,1,0,0,0,44.0,0.0,,21.0,7.9,21542912.22,251668322.0,20.0,20.0,18.0,27.0,83.9,mixed_ventilation_only,MEDIUM,0
SCC,2025,2,0,0,0,29.5,0.0,,36.0,11.8,24752857.130000025,253541723.69,21.0,22.0,14.0,27.0,84.1,mixed_ventilation_only,MEDIUM,0
SCC,2025,3,0,0,0,24.0,0.76,,29.0,8.1,19466529.090000004,253024689.69,20.0,20.0,14.0,27.0,82.7,mixed_ventilation_only,MEDIUM,0
SCC,2025,4,0,0,0,25.0,1.15,,17.0,9.8,16876405.70999998,260349581.69,21.0,20.0,21.0,21.0,81.0,mixed_ventilation_only,MEDIUM,0
SCC,2025,5,4,2,0,28.0,0.0,,30.0,8.1,15134073.360000014,260457513.69,19.0,18.0,25.0,21.0,80.0,mixed_ventilation_only,MEDIUM,0
SCC,2025,6,14,4,0,41.0,5.64,,14.0,7.1,14227038.099999994,260785269.69,17.0,16.0,18.0,21.0,79.4,mixed_ventilation_only,MEDIUM,0
SCC,2025,7,17,6,0,,,,,8.7,,,16.0,15.0,17.0,18.0,78.6,mixed_ventilation_only,MEDIUM,0
SCC,2025,8,26,13,0,,,,,13.1,,,15.0,13.0,14.0,18.0,78.4,mixed_ventilation_only,MEDIUM,0
SCC,2025,9,9,5,0,,,,,13.4,,,15.0,13.0,14.0,18.0,79.7,mixed_ventilation_only,MEDIUM,0
SCC,2025,10,0,0,0,,,,,9.3,,,15.0,14.0,10.0,18.0,81.9,mixed_ventilation_only,MEDIUM,0
SCC,2025,11,0,0,0,,,,,13.0,,,14.0,13.0,10.0,18.0,81.7,mixed_ventilation_only,MEDIUM,0
SCC,2025,12,0,0,0,,,,,10.7,,,13.0,14.0,7.0,15.0,82.5,mixed_ventilation_only,MEDIUM,0
SOL,2016,1,0,0,0,,,,,,,,,,,,146.5,mixed_ventilation_only,MAXIMUM,0
SOL,2016,2,0,0,0,,,,,,,,,,,,147.8,mixed_ventilation_only,MAXIMUM,0
SOL,2016,3,0,0,0,,,,,,,,,,,,146.6,mixed_ventilation_only,MAXIMUM,0
SOL,2016,4,0,0,0,,,,,,,,,,,,145.9,mixed_ventilation_only,MAXIMUM,0
SOL,2016,5,5,2,0,,,,,,,,,,,,144.9,mixed_ventilation_only,MAXIMUM,0
SOL,2016,6,18,10,4,,,,,,,,,,,,147.4,mixed_ventilation_only,MAXIMUM,0
SOL,2016,7,18,12,7,,,,,,,,,,,,148.1,mixed_ventilation_only,MAXIMUM,0
SOL,2016,8,18,6,2,,,,,,,,,,,,152.7,mixed_ventilation_only,MAXIMUM,0
SOL,2016,9,12,6,0,,,,,,,,,,,,156.9,mixed_ventilation_only,MAXIMUM,0
SOL,2016,10,0,0,0,,,,,,,,,,,,160.6,mixed_ventilation_only,MAXIMUM,0
SOL,2016,11,0,0,0,,,,,,,,,,,,162.0,mixed_ventilation_only,MAXIMUM,0
SOL,2016,12,0,0,0,,,,,,,,,,,,161.0,mixed_ventilation_only,MAXIMUM,0
SOL,2017,1,0,0,0,,,,,11.1,,,19.0,18.0,8.0,28.0,160.3,mixed_ventilation_only,MAXIMUM,0
SOL,2017,2,0,0,0,,,,,12.1,,,17.0,14.0,17.0,28.0,158.6,mixed_ventilation_only,MAXIMUM,0
SOL,2017,3,0,0,0,,,,,9.6,,,16.0,15.0,8.0,26.0,156.2,mixed_ventilation_only,MAXIMUM,0
SOL,2017,4,0,0,0,,,,,9.2,,,16.0,15.0,8.0,24.0,153.9,mixed_ventilation_only,MAXIMUM,0
SOL,2017,5,8,2,0,,,,,8.3,,,16.0,14.0,14.0,24.0,150.0,mixed_ventilation_only,MAXIMUM,0
SOL,2017,6,14,8,6,,,,,5.8,,,15.0,14.0,7.0,24.0,148.5,mixed_ventilation_only,MAXIMUM,0
SOL,2017,7,25,15,7,,,,,9.3,,,16.0,15.0,7.0,26.0,148.1,mixed_ventilation_only,MAXIMUM,0
SOL,2017,8,20,10,7,,,,,5.9,,,18.0,18.0,11.0,24.0,143.6,mixed_ventilation_only,MAXIMUM,0
SOL,2017,9,13,5,3,,,,,10.4,,,19.0,19.0,14.0,24.0,142.5,mixed_ventilation_only,MAXIMUM,0
SOL,2017,10,0,0,0,,,,,10.8,,,19.0,19.0,14.0,24.0,143.1,mixed_ventilation_only,MAXIMUM,0
SOL,2017,11,0,0,0,,,,,8.0,,,17.0,17.0,18.0,18.0,142.7,mixed_ventilation_only,MAXIMUM,0
SOL,2017,12,0,0,0,,,,,11.6,,,17.0,17.0,18.0,18.0,142.4,mixed_ventilation_only,MAXIMUM,0
SOL,2018,1,0,0,0,,,,,12.1,,,16.0,17.0,11.0,17.0,144.3,mixed_ventilation_only,MAXIMUM,0
SOL,2018,2,0,0,0,,,,,9.3,,,15.0,16.0,14.0,9.0,144.3,mixed_ventilation_only,MAXIMUM,0
SOL,2018,3,0,0,0,,,,,14.3,,,14.0,15.0,14.0,9.0,147.0,mixed_ventilation_only,MAXIMUM,0
SOL,2018,4,0,0,0,,,,,14.4,,,15.0,16.0,14.0,11.0,150.1,mixed_ventilation_only,MAXIMUM,0
SOL,2018,5,2,2,0,,,,,11.9,,,15.0,17.0,11.0,9.0,150.6,mixed_ventilation_only,MAXIMUM,0
SOL,2018,6,12,8,3,,,,,11.9,,,15.0,18.0,4.0,12.0,152.3,mixed_ventilation_only,MAXIMUM,0
SOL,2018,7,28,20,3,,,,,10.3,,,16.0,19.0,7.0,3.0,153.8,mixed_ventilation_only,MAXIMUM,0
SOL,2018,8,16,10,2,,,,,7.1,,,15.0,19.0,0.0,5.0,156.2,mixed_ventilation_only,MAXIMUM,0
SOL,2018,9,13,2,0,,,,,7.5,,,14.0,16.0,0.0,15.0,156.7,mixed_ventilation_only,MAXIMUM,0
SOL,2018,10,0,0,0,,,,,11.5,,,13.0,15.0,0.0,15.0,155.4,mixed_ventilation_only,MAXIMUM,0
SOL,2018,11,0,0,0,,,,,10.5,,,12.0,13.0,0.0,17.0,158.4,mixed_ventilation_only,MAXIMUM,0
SOL,2018,12,0,0,0,,,,,8.5,,,11.0,12.0,4.0,17.0,160.9,mixed_ventilation_only,MAXIMUM,0
SOL,2019,1,0,0,0,,,,,7.0,,,9.0,10.0,4.0,12.0,161.8,mixed_ventilation_only,MAXIMUM,0
SOL,2019,2,0,0,0,,,,,9.3,,,12.0,12.0,4.0,16.0,163.3,mixed_ventilation_only,MAXIMUM,0
SOL,2019,3,0,0,0,,,,,8.1,,,13.0,13.0,4.0,18.0,164.5,mixed_ventilation_only,MAXIMUM,0
SOL,2019,4,2,0,0,,,,,7.3,,,13.0,14.0,4.0,14.0,167.5,mixed_ventilation_only,MAXIMUM,0
SOL,2019,5,0,0,0,,,,,8.5,,,13.0,14.0,4.0,13.0,171.6,mixed_ventilation_only,MAXIMUM,0
SOL,2019,6,13,8,3,,,,,9.8,,,13.0,14.0,4.0,13.0,173.7,mixed_ventilation_only,MAXIMUM,0
SOL,2019,7,20,9,3,,,,,9.7,,,14.0,16.0,4.0,11.0,175.3,mixed_ventilation_only,MAXIMUM,0
SOL,2019,8,21,18,4,,,,,9.3,,,15.0,19.0,4.0,6.0,174.7,mixed_ventilation_only,MAXIMUM,0
SOL,2019,9,11,7,0,,,,,13.7,,,16.0,20.0,0.0,6.0,173.9,mixed_ventilation_only,MAXIMUM,0
SOL,2019,10,1,0,0,,,,,11.4,,,16.0,19.0,0.0,9.0,175.2,mixed_ventilation_only,MAXIMUM,0
SOL,2019,11,0,0,0,,,,,10.4,,,15.0,18.0,0.0,9.0,170.8,mixed_ventilation_only,MAXIMUM,0
SOL,2019,12,0,0,0,,,,,8.0,,,16.0,19.0,4.0,9.0,166.9,mixed_ventilation_only,MAXIMUM,0
SOL,2020,1,0,0,0,,,,,7.8,,,14.0,16.0,3.0,6.0,165.1,mixed_ventilation_only,MAXIMUM,0
SOL,2020,2,0,0,0,,,,,13.6,,,15.0,18.0,10.0,0.0,162.6,mixed_ventilation_only,MAXIMUM,0
SOL,2020,3,0,0,0,,,,,12.2,,,15.0,17.0,10.0,7.0,160.1,mixed_ventilation_only,MAXIMUM,0
SOL,2020,4,2,0,0,,,,,12.0,,,16.0,19.0,7.0,7.0,143.8,mixed_ventilation_only,MAXIMUM,0
SOL,2020,5,7,5,2,,,,,11.0,,,15.0,17.0,7.0,9.0,142.5,mixed_ventilation_only,MAXIMUM,0
SOL,2020,6,18,12,2,,,,,8.4,,,17.0,18.0,10.0,16.0,141.7,mixed_ventilation_only,MAXIMUM,0
SOL,2020,7,26,14,2,,,,,9.2,,,17.0,18.0,10.0,16.0,137.0,mixed_ventilation_only,MAXIMUM,0
SOL,2020,8,26,14,7,,,,,11.3,,,18.0,18.0,14.0,16.0,131.4,mixed_ventilation_only,MAXIMUM,0
SOL,2020,9,16,9,4,,,,,11.4,,,17.0,18.0,17.0,13.0,127.9,mixed_ventilation_only,MAXIMUM,0
SOL,2020,10,14,3,0,,,,,12.3,,,18.0,20.0,10.0,13.0,126.4,mixed_ventilation_only,MAXIMUM,0
SOL,2020,11,0,0,0,,,,,7.2,,,18.0,20.0,14.0,10.0,123.8,mixed_ventilation_only,MAXIMUM,0
SOL,2020,12,0,0,0,,,,,10.9,,,17.0,19.0,14.0,7.0,121.6,mixed_ventilation_only,MAXIMUM,0
SOL,2021,1,0,0,0,,,,,11.8,,,17.0,19.0,14.0,5.0,121.3,mixed_ventilation_only,MAXIMUM,0
SOL,2021,2,0,0,0,,,,,12.5,,,17.0,18.0,14.0,8.0,120.1,mixed_ventilation_only,MAXIMUM,0
SOL,2021,3,0,0,0,,,,,7.9,,,17.0,18.0,14.0,8.0,118.4,mixed_ventilation_only,MAXIMUM,0
SOL,2021,4,1,0,0,,,,,14.2,,,16.0,16.0,17.0,14.0,123.4,mixed_ventilation_only,MAXIMUM,0
SOL,2021,5,8,2,1,,,,,13.3,,,15.0,15.0,17.0,14.0,124.8,mixed_ventilation_only,MAXIMUM,0
SOL,2021,6,17,10,3,,,,,9.4,,,16.0,17.0,14.0,14.0,123.8,mixed_ventilation_only,MAXIMUM,0
SOL,2021,7,26,16,6,237.94,0.0,,11.0,9.9,13765627.57,160452426.0,14.0,16.0,7.0,12.0,125.7,mixed_ventilation_only,MAXIMUM,0
SOL,2021,8,20,17,8,150.55,0.79,,7.0,10.1,14612096.66,160467566.0,17.0,19.0,4.0,12.0,127.1,mixed_ventilation_only,MAXIMUM,0
SOL,2021,9,16,12,3,171.5,0.0,,5.0,9.7,15760284.559999999,160467566.0,15.0,15.0,14.0,12.0,124.9,mixed_ventilation_only,MAXIMUM,0
SOL,2021,10,4,0,0,93.6,23.92,,8.0,8.3,14914909.619999997,160971091.0,13.0,15.0,7.0,9.0,127.0,mixed_ventilation_only,MAXIMUM,0
SOL,2021,11,0,0,0,80.15,1.9,,13.0,12.5,14736585.159999996,171408014.0,13.0,13.0,11.0,9.0,127.6,mixed_ventilation_only,MAXIMUM,0
SOL,2021,12,0,0,0,66.1,2.55,,8.0,6.6,18880011.680000007,171427414.0,13.0,14.0,7.0,9.0,127.7,mixed_ventilation_only,MAXIMUM,0
SOL,2022,1,0,0,0,77.07,23.08,,8.0,11.6,14129864.760000005,172863317.0,12.0,14.0,7.0,5.0,125.2,mixed_ventilation_only,MAXIMUM,0
SOL,2022,2,0,0,0,41.99,20.91,,7.0,9.9,14493474.189999998,174015357.0,11.0,13.0,4.0,3.0,123.1,mixed_ventilation_only,MAXIMUM,0
SOL,2022,3,0,0,0,80.9,7.67,1.0,8.0,10.5,14541721.439999983,173882278.0,14.0,16.0,4.0,8.0,123.8,mixed_ventilation_only,MAXIMUM,0
SOL,2022,4,0,0,0,93.86,5.92,,4.0,7.5,15441831.400000006,180567387.0,15.0,17.0,4.0,12.0,125.0,mixed_ventilation_only,MAXIMUM,0
SOL,2022,5,6,3,0,106.0,4.96,,7.0,6.1,13898010.090000004,181853641.0,14.0,15.0,-4.0,20.0,126.4,mixed_ventilation_only,MAXIMUM,0
SOL,2022,6,17,11,4,71.6,16.06,1.0,8.0,4.6,17323429.390000015,182062730.0,15.0,17.0,-4.0,20.0,128.5,mixed_ventilation_only,MAXIMUM,0
SOL,2022,7,21,14,3,49.09,5.36,,13.0,10.5,15822991.69,174195377.0,18.0,18.0,11.0,23.0,125.5,mixed_ventilation_only,MAXIMUM,0
SOL,2022,8,22,14,4,89.91,0.0,,7.0,8.8,17266461.119999997,174465655.0,20.0,20.0,12.0,29.0,125.9,mixed_ventilation_only,MAXIMUM,0
SOL,2022,9,15,9,9,34.51,0.0,,5.0,13.2,15921747.989999998,174522552.0,19.0,19.0,4.0,29.0,127.8,mixed_ventilation_only,MAXIMUM,0
SOL,2022,10,7,2,0,62.28,0.0,,3.0,8.6,17297734.5,174606556.0,18.0,19.0,11.0,23.0,128.3,mixed_ventilation_only,MAXIMUM,0
SOL,2022,11,0,0,0,35.35,0.0,,6.0,9.7,16022273.780000001,193519231.0,19.0,19.0,11.0,23.0,127.8,mixed_ventilation_only,MAXIMUM,0
SOL,2022,12,0,0,0,38.95,1.57,,5.0,15.6,19857456.67,193560461.0,20.0,21.0,7.0,26.0,127.1,mixed_ventilation_only,MAXIMUM,0
SOL,2023,1,0,0,0,60.31,2.84,,17.0,13.6,15379794.920000002,196523781.0,22.0,22.0,7.0,34.0,128.2,mixed_ventilation_only,MAXIMUM,0
SOL,2023,2,0,0,0,60.03,0.0,,7.0,8.8,15947975.170000002,197838614.0,21.0,21.0,7.0,31.0,128.1,mixed_ventilation_only,MAXIMUM,0
SOL,2023,3,0,0,0,62.25,16.05,1.0,15.0,12.7,18496522.77000001,197789085.0,22.0,22.0,11.0,31.0,127.2,mixed_ventilation_only,MAXIMUM,0
SOL,2023,4,1,0,0,79.21,1.09,,8.0,16.6,16008995.719999999,201292152.0,22.0,21.0,15.0,31.0,128.0,mixed_ventilation_only,MAXIMUM,0
SOL,2023,5,4,1,0,191.29,2.31,,7.0,10.3,15845340.359999985,201415034.0,21.0,20.0,11.0,31.0,132.5,mixed_ventilation_only,MAXIMUM,0
SOL,2023,6,3,2,1,78.98,0.0,,17.0,9.1,16207964.110000014,201451348.0,21.0,22.0,7.0,31.0,137.8,mixed_ventilation_only,MAXIMUM,0
SOL,2023,7,24,16,7,114.89,0.0,,17.0,14.0,15583517.83,192516295.0,19.0,15.0,22.0,38.0,140.8,mixed_ventilation_only,MAXIMUM,0
SOL,2023,8,20,13,5,114.93,0.0,,15.0,19.2,17124866.18,192516295.0,19.0,16.0,22.0,36.0,140.7,mixed_ventilation_only,MAXIMUM,0
SOL,2023,9,7,0,0,127.09,0.0,,13.0,19.7,18357576.419999998,192592606.0,22.0,20.0,22.0,33.0,141.5,mixed_ventilation_only,MAXIMUM,0
SOL,2023,10,6,1,0,1051.65,0.0,,17.0,23.3,16578488.610000007,192899802.0,23.0,22.0,19.0,32.0,143.3,mixed_ventilation_only,MAXIMUM,0
SOL,2023,11,0,0,0,1380.5,0.0,,13.0,20.2,18775376.299999997,194802066.0,23.0,22.0,15.0,31.0,144.6,mixed_ventilation_only,MAXIMUM,0
SOL,2023,12,0,0,0,1359.75,0.0,,14.0,15.6,20787131.689999998,194816442.0,22.0,21.0,11.0,33.0,146.0,mixed_ventilation_only,MAXIMUM,0
SOL,2024,1,0,0,0,1474.25,0.0,,22.0,17.4,18332171.810000002,196657568.0,24.0,21.0,18.0,43.0,150.2,mixed_ventilation_only,MAXIMUM,0
SOL,2024,2,0,0,0,1318.75,0.0,,19.0,18.0,18371659.299999982,198389177.0,23.0,20.0,21.0,39.0,152.2,mixed_ventilation_only,MAXIMUM,0
SOL,2024,3,0,0,0,74.5,0.0,,32.0,15.5,22590187.080000013,198393029.0,19.0,16.0,11.0,36.0,151.6,mixed_ventilation_only,MAXIMUM,0
SOL,2024,4,0,0,0,61.5,20.88,,17.0,14.0,18602333.930000007,219037493.0,18.0,16.0,11.0,36.0,150.7,mixed_ventilation_only,MAXIMUM,0
SOL,2024,5,4,0,0,49.75,0.0,1.0,21.0,14.2,17554920.51999998,219257890.0,19.0,17.0,11.0,36.0,152.0,mixed_ventilation_only,MAXIMUM,0
SOL,2024,6,15,8,2,33.0,0.0,,20.0,12.2,17644259.920000017,219278497.0,14.0,13.0,0.0,31.0,154.2,mixed_ventilation_only,MAXIMUM,0
SOL,2024,7,25,20,14,54.0,0.0,,27.0,8.0,21161764.63,217130598.0,13.0,12.0,0.0,31.0,157.5,mixed_ventilation_only,MAXIMUM,0
SOL,2024,8,20,9,2,83.25,0.0,1.0,27.0,10.3,16548711.66,217130624.0,14.0,12.0,7.0,27.0,155.9,mixed_ventilation_only,MAXIMUM,0
SOL,2024,9,13,7,1,73.25,0.0,,17.0,20.0,17403792.560000002,217304936.0,15.0,15.0,7.0,26.0,154.4,mixed_ventilation_only,MAXIMUM,0
SOL,2024,10,8,8,3,5.0,0.0,,25.0,17.2,16562503.699999996,217432210.0,13.0,12.0,11.0,23.0,150.4,mixed_ventilation_only,MAXIMUM,0
SOL,2024,11,0,0,0,0.0,0.0,1.0,19.0,20.0,18086856.590000004,218984532.0,15.0,14.0,11.0,26.0,149.7,mixed_ventilation_only,MAXIMUM,0
SOL,2024,12,0,0,0,29.0,0.0,,19.0,13.1,18181969.349999994,205440334.0,16.0,15.0,14.0,23.0,151.3,mixed_ventilation_only,MAXIMUM,0
SOL,2025,1,0,0,0,278.54,0.0,,12.0,13.8,15664714.340000004,205488732.0,16.0,15.0,21.0,17.0,149.7,mixed_ventilation_only,MAXIMUM,0
SOL,2025,2,0,0,0,18.25,0.12,,19.0,15.9,15511772.500000015,206971799.25,14.0,13.0,21.0,16.0,149.4,mixed_ventilation_only,MAXIMUM,0
SOL,2025,3,0,0,0,0.0,0.0,,24.0,13.7,16769213.50999999,207145067.25,15.0,14.0,17.0,19.0,149.7,mixed_ventilation_only,MAXIMUM,0
SOL,2025,4,0,0,0,0.0,6.15,,35.0,12.3,15770939.870000005,206563573.25,14.0,15.0,3.0,19.0,146.1,mixed_ventilation_only,MAXIMUM,0
SOL,2025,5,5,2,0,0.0,0.12,,23.0,10.9,16184962.549999982,206622012.25,15.0,17.0,3.0,17.0,142.9,mixed_ventilation_only,MAXIMUM,0
SOL,2025,6,7,2,0,0.0,5.64,,18.0,10.9,18323660.320000023,206693828.25,14.0,14.0,3.0,22.0,138.6,mixed_ventilation_only,MAXIMUM,0
SOL,2025,7,11,4,0,,,,,11.9,,,11.0,11.0,3.0,15.0,137.2,mixed_ventilation_only,MAXIMUM,0
SOL,2025,8,22,12,3,,,,,10.7,,,12.0,12.0,3.0,18.0,137.5,mixed_ventilation_only,MAXIMUM,0
SOL,2025,9,8,4,1,,,,,6.4,,,14.0,15.0,10.0,8.0,141.7,mixed_ventilation_only,MAXIMUM,0
SOL,2025,10,1,0,0,,,,,9.6,,,15.0,15.0,14.0,12.0,144.2,mixed_ventilation_only,MAXIMUM,0
SOL,2025,11,0,0,0,,,,,12.5,,,15.0,15.0,14.0,12.0,145.3,mixed_ventilation_only,MAXIMUM,0
SOL,2025,12,0,0,0,,,,,8.3,,,16.0,14.0,24.0,15.0,145.8,mixed_ventilation_only,MAXIMUM,0
SQ,2016,1,0,0,0,,,,,,,,,,,,123.1,,MAXIMUM,0
SQ,2016,2,0,0,0,,,,,,,,,,,,124.9,,MAXIMUM,0
SQ,2016,3,0,0,0,,,,,,,,,,,,129.5,,MAXIMUM,0
SQ,2016,4,0,0,1,,,,,,,,,,,,129.5,,MAXIMUM,0
SQ,2016,5,0,0,1,,,,,,,,,,,,130.9,,MAXIMUM,0
SQ,2016,6,0,0,0,,,,,,,,,,,,132.3,,MAXIMUM,0
SQ,2016,7,0,0,0,,,,,,,,,,,,133.5,,MAXIMUM,0
SQ,2016,8,0,0,0,,,,,,,,,,,,126.3,,MAXIMUM,0
SQ,2016,9,2,0,4,,,,,,,,,,,,123.8,,MAXIMUM,0
SQ,2016,10,0,0,1,,,,,,,,,,,,123.2,,MAXIMUM,0
SQ,2016,11,0,0,0,,,,,,,,,,,,123.8,,MAXIMUM,0
SQ,2016,12,0,0,0,,,,,,,,,,,,124.4,,MAXIMUM,0
SQ,2017,1,0,0,0,,,,,6.4,,,25.0,15.0,10.0,46.0,125.5,,MAXIMUM,0
SQ,2017,2,0,0,0,,,,,5.7,,,27.0,17.0,26.0,46.0,119.7,,MAXIMUM,0
SQ,2017,3,0,0,0,,,,,9.8,,,27.0,17.0,17.0,46.0,123.8,,MAXIMUM,0
SQ,2017,4,0,0,0,,,,,7.0,,,25.0,14.0,17.0,47.0,122.9,,MAXIMUM,0
SQ,2017,5,0,0,0,,,,,7.8,,,25.0,13.0,19.0,48.0,128.3,,MAXIMUM,0
SQ,2017,6,0,0,1,,,,,10.4,,,25.0,12.0,19.0,49.0,129.8,,MAXIMUM,0
SQ,2017,7,0,0,1,,,,,8.2,,,28.0,18.0,15.0,49.0,132.3,,MAXIMUM,0
SQ,2017,8,0,0,1,,,,,6.4,,,27.0,17.0,11.0,49.0,131.7,,MAXIMUM,0
SQ,2017,9,3,2,7,,,,,8.9,,,26.0,15.0,11.0,48.0,131.1,,MAXIMUM,0
SQ,2017,10,0,0,2,,,,,5.9,,,26.0,16.0,8.0,48.0,129.1,,MAXIMUM,0
SQ,2017,11,0,0,0,,,,,3.8,,,26.0,14.0,8.0,50.0,130.1,,MAXIMUM,0
SQ,2017,12,0,0,0,,,,,7.9,,,26.0,14.0,8.0,50.0,128.7,,MAXIMUM,0
SQ,2018,1,0,0,0,,,,,7.2,,,27.0,14.0,11.0,53.0,124.5,,MAXIMUM,0
SQ,2018,2,0,0,0,,,,,6.0,,,17.0,15.0,11.0,23.0,121.5,,MAXIMUM,0
SQ,2018,3,0,0,0,,,,,6.8,,,17.0,15.0,15.0,24.0,118.8,,MAXIMUM,0
SQ,2018,4,0,0,0,,,,,7.5,,,17.0,15.0,15.0,26.0,114.6,,MAXIMUM,0
SQ,2018,5,0,0,0,,,,,5.1,,,16.0,14.0,8.0,24.0,126.1,,MAXIMUM,0
SQ,2018,6,0,0,1,,,,,6.8,,,15.0,14.0,8.0,20.0,134.5,,MAXIMUM,0
SQ,2018,7,0,0,4,,,,,7.3,,,20.0,18.0,8.0,28.0,139.6,,MAXIMUM,0
SQ,2018,8,0,0,1,,,,,7.4,,,19.0,19.0,4.0,24.0,142.6,,MAXIMUM,0
SQ,2018,9,0,0,0,,,,,8.8,,,20.0,17.0,4.0,29.0,141.2,,MAXIMUM,0
SQ,2018,10,0,0,2,,,,,5.2,,,17.0,15.0,0.0,25.0,143.8,,MAXIMUM,0
SQ,2018,11,0,0,0,,,,,8.4,,,17.0,14.0,0.0,25.0,137.7,,MAXIMUM,0
SQ,2018,12,0,0,0,,,,,9.1,,,16.0,15.0,0.0,23.0,133.6,,MAXIMUM,0
SQ,2019,1,0,0,0,,,,,11.0,,,16.0,15.0,0.0,23.0,129.0,,MAXIMUM,0
SQ,2019,2,0,0,0,,,,,7.5,,,22.0,19.0,4.0,32.0,0.0,,MAXIMUM,0
SQ,2019,3,0,0,0,,,,,7.1,,,21.0,19.0,4.0,29.0,0.0,,MAXIMUM,0
SQ,2019,4,0,0,1,,,,,8.3,,,21.0,19.0,4.0,28.0,0.0,,MAXIMUM,0
SQ,2019,5,0,0,0,,,,,6.9,,,19.0,18.0,4.0,26.0,0.0,,MAXIMUM,0
SQ,2019,6,3,2,4,,,,,5.3,,,19.0,18.0,0.0,26.0,0.0,,MAXIMUM,0
SQ,2019,7,0,0,3,,,,,6.8,,,22.0,22.0,4.0,24.0,0.0,,MAXIMUM,0
SQ,2019,8,1,0,6,,,,,7.9,,,19.0,19.0,4.0,23.0,0.0,,MAXIMUM,0
SQ,2019,9,4,3,6,,,,,10.7,,,18.0,20.0,8.0,15.0,0.0,,MAXIMUM,0
SQ,2019,10,1,0,6,,,,,11.0,,,19.0,21.0,8.0,14.0,0.0,,MAXIMUM,0
SQ,2019,11,0,0,0,,,,,14.2,,,18.0,20.0,8.0,15.0,0.0,,MAXIMUM,0
SQ,2019,12,0,0,0,,,,,11.4,,,18.0,20.0,4.0,15.0,0.0,,MAXIMUM,0
SQ,2020,1,0,0,0,,,,,5.8,,,17.0,19.0,4.0,15.0,130.9,,MAXIMUM,0
SQ,2020,2,0,0,0,,,,,9.8,,,19.0,21.0,4.0,15.0,131.4,,MAXIMUM,0
SQ,2020,3,0,0,0,,,,,6.7,,,19.0,21.0,8.0,15.0,129.4,,MAXIMUM,0
SQ,2020,4,0,0,0,,,,,8.9,,,20.0,22.0,8.0,17.0,122.5,,MAXIMUM,0
SQ,2020,5,0,0,2,,,,,7.5,,,21.0,22.0,8.0,20.0,117.7,,MAXIMUM,0
SQ,2020,6,1,0,6,,,,,6.0,,,21.0,22.0,8.0,22.0,112.3,,MAXIMUM,0
SQ,2020,7,0,0,2,,,,,5.6,,,20.0,21.0,8.0,21.0,102.5,,MAXIMUM,0
SQ,2020,8,4,1,8,,,,,4.1,,,19.0,20.0,8.0,19.0,99.4,,MAXIMUM,0
SQ,2020,9,5,3,6,,,,,6.1,,,18.0,20.0,11.0,15.0,95.1,,MAXIMUM,0
SQ,2020,10,3,2,8,,,,,6.9,,,18.0,20.0,8.0,16.0,92.5,,MAXIMUM,0
SQ,2020,11,0,0,0,,,,,33.3,,,20.0,22.0,8.0,16.0,88.7,,MAXIMUM,0
SQ,2020,12,0,0,0,,,,,25.8,,,20.0,23.0,8.0,14.0,86.3,,MAXIMUM,0
SQ,2021,1,0,0,0,,,,,14.5,,,20.0,23.0,8.0,11.0,84.8,,MAXIMUM,0
SQ,2021,2,0,0,0,,,,,9.8,,,22.0,25.0,8.0,14.0,82.1,,MAXIMUM,0
SQ,2021,3,0,0,0,,,,,8.5,,,22.0,26.0,8.0,14.0,79.8,,MAXIMUM,0
SQ,2021,4,0,0,1,,,,,4.0,,,17.0,19.0,8.0,14.0,77.4,,MAXIMUM,0
SQ,2021,5,0,0,2,,,,,8.1,,,16.0,16.0,11.0,17.0,78.5,,MAXIMUM,0
SQ,2021,6,0,0,2,,,,,6.9,,,14.0,15.0,4.0,12.0,80.6,,MAXIMUM,0
SQ,2021,7,0,0,0,264.64,30.46,1.0,4.0,7.5,19314760.39,214445426.0,14.0,13.0,8.0,18.0,82.7,,MAXIMUM,0
SQ,2021,8,0,0,3,160.25,30.32,,0.0,6.5,18663876.479999997,214583058.0,16.0,15.0,8.0,18.0,86.4,,MAXIMUM,0
SQ,2021,9,1,0,4,113.15,28.96,,5.0,10.9,19810398.0,214584358.0,17.0,17.0,16.0,17.0,91.0,,MAXIMUM,0
SQ,2021,10,3,0,4,180.8,30.23,,7.0,9.1,19152277.250000007,215829194.0,17.0,18.0,8.0,17.0,95.7,,MAXIMUM,0
SQ,2021,11,0,0,0,210.7,29.63,,10.0,8.1,20796944.58999999,226467835.0,18.0,19.0,8.0,17.0,99.1,,MAXIMUM,0
SQ,2021,12,0,0,0,153.8,30.58,,6.0,10.7,23209990.400000006,226625753.0,19.0,20.0,8.0,18.0,101.9,,MAXIMUM,0
SQ,2022,1,0,0,0,160.0,23.26,,8.0,14.4,19792826.709999993,228138942.0,23.0,25.0,8.0,23.0,99.4,,MAXIMUM,0
SQ,2022,2,0,0,0,95.55,27.92,,4.0,14.7,20707404.24000001,229218414.0,25.0,25.0,20.0,25.0,98.8,,MAXIMUM,0
SQ,2022,3,0,0,0,119.25,8.07,2.0,7.0,9.4,19144071.46000001,228979677.0,26.0,27.0,20.0,26.0,98.6,,MAXIMUM,0
SQ,2022,4,0,0,1,128.6,0.0,,10.0,13.5,19287079.51999998,237962352.0,31.0,28.0,27.0,39.0,102.4,,MAXIMUM,0
SQ,2022,5,0,0,1,183.0,26.41,,7.0,11.2,19057097.72,239550870.0,38.0,39.0,20.0,40.0,104.5,,MAXIMUM,0
SQ,2022,6,3,1,6,219.2,17.76,,9.0,11.0,21406904.52000001,239686120.0,28.0,28.0,20.0,32.0,106.1,,MAXIMUM,0
SQ,2022,7,0,0,0,212.9,21.07,,7.0,12.3,22554578.22,232930221.0,28.0,28.0,24.0,30.0,105.0,,MAXIMUM,0
SQ,2022,8,0,0,1,195.72,4.31,,7.0,14.1,21274177.54,233132194.0,29.0,29.0,20.0,30.0,103.5,,MAXIMUM,0
SQ,2022,9,2,2,6,286.8,7.98,1.0,5.0,14.7,20552221.65,233161899.0,29.0,29.0,20.0,31.0,102.3,,MAXIMUM,0
SQ,2022,10,0,0,2,210.6,5.11,,5.0,13.3,22661852.72,234362909.0,30.0,30.0,20.0,32.0,105.6,,MAXIMUM,0
SQ,2022,11,0,0,0,221.1,5.19,,6.0,11.6,22131639.14,255382138.0,29.0,30.0,20.0,27.0,106.2,,MAXIMUM,0
SQ,2022,12,0,0,0,179.35,2.03,1.0,2.0,14.2,25112532.299999997,255421907.0,29.0,30.0,27.0,28.0,106.8,,MAXIMUM,0
SQ,2023,1,0,0,0,304.98,1.07,,7.0,16.8,21223039.349999994,259656756.0,30.0,30.0,27.0,31.0,114.9,,MAXIMUM,0
SQ,2023,2,0,0,0,254.35,1.9,,7.0,12.1,20953558.150000006,261093421.0,30.0,31.0,24.0,30.0,121.4,,MAXIMUM,0
SQ,2023,3,0,0,0,257.05,1.87,1.0,9.0,9.3,23190252.5,261139968.0,31.0,30.0,30.0,31.0,130.5,,MAXIMUM,0
SQ,2023,4,0,0,0,142.2,0.0,,5.0,11.4,21602459.300000012,267910941.0,30.0,31.0,24.0,29.0,130.8,,MAXIMUM,0
SQ,2023,5,0,0,0,223.95,11.17,,7.0,8.4,22085575.590000004,268454196.0,30.0,31.0,34.0,28.0,126.4,,MAXIMUM,0
SQ,2023,6,0,0,0,174.9,0.43,,13.0,17.4,22289418.699999988,268461660.0,32.0,33.0,34.0,28.0,123.6,,MAXIMUM,0
SQ,2023,7,0,0,0,188.65,0.0,1.0,9.0,17.6,21995411.94,257231731.0,36.0,37.0,34.0,36.0,120.9,,MAXIMUM,0
SQ,2023,8,2,0,4,101.1,0.94,,6.0,14.9,22136332.63,257245348.0,36.0,36.0,36.0,35.0,118.0,,MAXIMUM,0
SQ,2023,9,0,0,0,323.1,0.0,,6.0,12.1,22200203.799999997,257299055.0,35.0,34.0,33.0,37.0,116.0,,MAXIMUM,0
SQ,2023,10,5,2,6,1059.5,2.03,,7.0,11.4,20868491.15,257651909.0,35.0,33.0,36.0,39.0,113.1,,MAXIMUM,0
SQ,2023,11,0,0,0,809.5,0.0,,5.0,13.5,23948427.439999998,259305946.0,34.0,32.0,36.0,39.0,112.8,,MAXIMUM,0
SQ,2023,12,0,0,0,1304.0,0.1,,8.0,12.8,26229322.08,259352234.0,32.0,28.0,36.0,39.0,113.0,,MAXIMUM,0
SQ,2024,1,0,0,0,168.0,0.05,2.0,9.0,17.4,23738558.390000015,263057743.0,33.0,28.0,33.0,45.0,115.1,,MAXIMUM,0
SQ,2024,2,0,0,0,64.75,0.0,,7.0,18.4,22875907.169999987,264657105.0,31.0,27.0,29.0,41.0,115.3,,MAXIMUM,0
SQ,2024,3,0,0,0,188.25,0.23,2.0,6.0,13.9,25282183.599999994,264693891.0,32.0,29.0,29.0,41.0,114.2,,MAXIMUM,0
SQ,2024,4,0,0,0,188.0,0.0,,8.0,10.7,23661692.939999998,277333745.0,33.0,29.0,29.0,42.0,113.0,,MAXIMUM,0
SQ,2024,5,0,0,0,287.25,0.0,,16.0,10.6,22789528.370000005,277710313.0,32.0,28.0,29.0,41.0,108.1,,MAXIMUM,0
SQ,2024,6,0,0,1,83.75,0.0,,8.0,9.5,23081865.76999998,277769632.0,28.0,29.0,29.0,25.0,109.0,,MAXIMUM,0
SQ,2024,7,0,0,4,110.0,4.89,,11.0,16.3,23755286.81,279287533.0,26.0,27.0,33.0,23.0,106.8,,MAXIMUM,0
SQ,2024,8,0,0,1,200.0,0.0,,13.0,14.5,21098150.710000005,279392721.0,27.0,27.0,33.0,24.0,104.4,,MAXIMUM,0
SQ,2024,9,0,0,4,172.75,0.0,,11.0,12.2,20598625.04,279555895.0,28.0,28.0,33.0,27.0,102.2,,MAXIMUM,0
SQ,2024,10,5,3,6,23.0,0.0,,6.0,13.8,20701362.989999995,280377792.0,27.0,26.0,33.0,27.0,98.7,,MAXIMUM,0
SQ,2024,11,0,0,0,237.0,0.0,,8.0,16.2,22898279.75,281464969.0,27.0,27.0,29.0,27.0,97.0,,MAXIMUM,0
SQ,2024,12,0,0,0,51.75,0.0,1.0,6.0,12.6,21901950.689999998,262357037.0,26.0,26.0,29.0,25.0,95.5,,MAXIMUM,0
SQ,2025,1,0,0,0,99.5,0.0,,7.0,11.3,21413128.989999995,263349878.0,27.0,26.0,29.0,26.0,95.0,,MAXIMUM,0
SQ,2025,2,0,0,0,96.5,0.0,,7.0,11.0,21021992.900000006,264452686.13,27.0,28.0,25.0,25.0,93.4,,MAXIMUM,0
SQ,2025,3,0,0,0,214.5,0.0,1.0,4.0,7.9,20239978.27000001,264391278.13,25.0,26.0,25.0,22.0,92.9,,MAXIMUM,0
SQ,2025,4,0,0,0,62.5,0.0,,5.0,15.4,20046572.25,258789120.13,24.0,24.0,25.0,21.0,91.0,,MAXIMUM,0
SQ,2025,5,0,0,1,218.0,0.0,,9.0,11.1,20489374.409999996,258815689.13,23.0,24.0,22.0,22.0,88.3,,MAXIMUM,0
SQ,2025,6,0,0,0,138.3,0.0,,5.0,10.6,19584772.400000006,259244415.13,23.0,23.0,22.0,23.0,87.6,,MAXIMUM,0
SQ,2025,7,0,0,0,,,,,15.5,,,19.0,21.0,22.0,12.0,85.1,,MAXIMUM,0
SQ,2025,8,0,0,3,,,,,10.6,,,19.0,21.0,25.0,10.0,84.2,,MAXIMUM,0
SQ,2025,9,1,0,2,,,,,11.6,,,21.0,22.0,25.0,15.0,83.7,,MAXIMUM,0
SQ,2025,10,0,0,1,,,,,10.7,,,20.0,22.0,25.0,11.0,82.1,,MAXIMUM,0
SQ,2025,11,0,0,0,,,,,12.8,,,20.0,23.0,25.0,9.0,81.3,,MAXIMUM,0
SQ,2025,12,0,0,0,,,,,12.9,,,21.0,24.0,25.0,9.0,81.3,,MAXIMUM,0
SVSP,2016,1,0,0,0,,,,,,,,,,,,148.7,mixed_evaporative,MAXIMUM,0
SVSP,2016,2,0,0,0,,,,,,,,,,,,148.7,mixed_evaporative,MAXIMUM,0
SVSP,2016,3,0,0,0,,,,,,,,,,,,150.4,mixed_evaporative,MAXIMUM,0
SVSP,2016,4,1,0,3,,,,,,,,,,,,147.9,mixed_evaporative,MAXIMUM,0
SVSP,2016,5,0,0,0,,,,,,,,,,,,151.8,mixed_evaporative,MAXIMUM,0
SVSP,2016,6,1,0,2,,,,,,,,,,,,152.4,mixed_evaporative,MAXIMUM,0
SVSP,2016,7,0,0,0,,,,,,,,,,,,153.2,mixed_evaporative,MAXIMUM,0
SVSP,2016,8,0,0,0,,,,,,,,,,,,153.0,mixed_evaporative,MAXIMUM,0
SVSP,2016,9,5,1,5,,,,,,,,,,,,152.7,mixed_evaporative,MAXIMUM,0
SVSP,2016,10,1,0,2,,,,,,,,,,,,153.1,mixed_evaporative,MAXIMUM,0
SVSP,2016,11,0,0,0,,,,,,,,,,,,148.2,mixed_evaporative,MAXIMUM,0
SVSP,2016,12,0,0,0,,,,,,,,,,,,151.0,mixed_evaporative,MAXIMUM,0
SVSP,2017,1,0,0,0,,,,,23.4,,,21.0,17.0,6.0,32.0,140.3,mixed_evaporative,MAXIMUM,0
SVSP,2017,2,0,0,0,,,,,22.5,,,21.0,18.0,9.0,32.0,137.6,mixed_evaporative,MAXIMUM,0
SVSP,2017,3,0,0,0,,,,,13.9,,,23.0,19.0,6.0,35.0,140.9,mixed_evaporative,MAXIMUM,0
SVSP,2017,4,0,0,0,,,,,16.9,,,24.0,19.0,9.0,37.0,146.9,mixed_evaporative,MAXIMUM,0
SVSP,2017,5,3,0,5,,,,,15.1,,,24.0,19.0,13.0,37.0,147.6,mixed_evaporative,MAXIMUM,0
SVSP,2017,6,4,0,5,,,,,18.0,,,22.0,17.0,9.0,36.0,146.9,mixed_evaporative,MAXIMUM,0
SVSP,2017,7,3,0,3,,,,,25.9,,,22.0,18.0,3.0,37.0,145.2,mixed_evaporative,MAXIMUM,0
SVSP,2017,8,2,0,4,,,,,31.0,,,24.0,19.0,3.0,41.0,144.8,mixed_evaporative,MAXIMUM,0
SVSP,2017,9,6,2,8,,,,,25.2,,,24.0,19.0,6.0,41.0,144.3,mixed_evaporative,MAXIMUM,0
SVSP,2017,10,7,2,9,,,,,24.6,,,25.0,21.0,6.0,37.0,143.2,mixed_evaporative,MAXIMUM,0
SVSP,2017,11,0,0,1,,,,,28.1,,,24.0,19.0,6.0,38.0,145.3,mixed_evaporative,MAXIMUM,0
SVSP,2017,12,0,0,0,,,,,29.1,,,22.0,19.0,6.0,33.0,146.8,mixed_evaporative,MAXIMUM,0
SVSP,2018,1,0,0,0,,,,,34.8,,,21.0,18.0,3.0,35.0,144.7,mixed_evaporative,MAXIMUM,0
SVSP,2018,2,0,0,0,,,,,32.4,,,19.0,15.0,3.0,32.0,142.3,mixed_evaporative,MAXIMUM,0
SVSP,2018,3,0,0,1,,,,,27.8,,,16.0,13.0,3.0,27.0,140.7,mixed_evaporative,MAXIMUM,0
SVSP,2018,4,0,0,0,,,,,27.3,,,15.0,11.0,3.0,28.0,137.0,mixed_evaporative,MAXIMUM,0
SVSP,2018,5,0,0,1,,,,,34.6,,,16.0,12.0,3.0,30.0,133.5,mixed_evaporative,MAXIMUM,0
SVSP,2018,6,2,0,3,,,,,23.6,,,16.0,13.0,3.0,29.0,130.4,mixed_evaporative,MAXIMUM,0
SVSP,2018,7,2,0,5,,,,,24.7,,,13.0,12.0,6.0,20.0,130.5,mixed_evaporative,MAXIMUM,0
SVSP,2018,8,2,1,6,,,,,18.6,,,14.0,11.0,6.0,25.0,131.0,mixed_evaporative,MAXIMUM,0
SVSP,2018,9,1,0,1,,,,,31.5,,,13.0,10.0,13.0,24.0,135.0,mixed_evaporative,MAXIMUM,0
SVSP,2018,10,0,0,0,,,,,32.3,,,13.0,10.0,9.0,22.0,135.7,mixed_evaporative,MAXIMUM,0
SVSP,2018,11,0,0,0,,,,,26.9,,,12.0,9.0,6.0,23.0,138.0,mixed_evaporative,MAXIMUM,0
SVSP,2018,12,0,0,0,,,,,32.0,,,13.0,10.0,6.0,26.0,136.5,mixed_evaporative,MAXIMUM,0
SVSP,2019,1,0,0,0,,,,,28.7,,,15.0,11.0,6.0,30.0,136.7,mixed_evaporative,MAXIMUM,0
SVSP,2019,2,0,0,0,,,,,30.1,,,18.0,13.0,9.0,35.0,139.8,mixed_evaporative,MAXIMUM,0
SVSP,2019,3,0,0,0,,,,,30.0,,,19.0,14.0,6.0,36.0,139.0,mixed_evaporative,MAXIMUM,0
SVSP,2019,4,0,0,2,,,,,34.1,,,20.0,16.0,6.0,35.0,136.1,mixed_evaporative,MAXIMUM,0
SVSP,2019,5,0,0,0,,,,,28.0,,,19.0,15.0,3.0,35.0,130.1,mixed_evaporative,MAXIMUM,0
SVSP,2019,6,3,3,3,,,,,22.2,,,18.0,14.0,3.0,35.0,128.4,mixed_evaporative,MAXIMUM,0
SVSP,2019,7,1,0,1,,,,,27.5,,,18.0,17.0,6.0,28.0,128.2,mixed_evaporative,MAXIMUM,0
SVSP,2019,8,2,1,7,,,,,34.3,,,24.0,23.0,6.0,35.0,124.4,mixed_evaporative,MAXIMUM,0
SVSP,2019,9,6,3,7,,,,,20.4,,,24.0,23.0,6.0,33.0,123.0,mixed_evaporative,MAXIMUM,0
SVSP,2019,10,4,0,8,,,,,23.1,,,25.0,23.0,6.0,35.0,119.5,mixed_evaporative,MAXIMUM,0
SVSP,2019,11,0,0,0,,,,,27.3,,,24.0,22.0,3.0,35.0,120.8,mixed_evaporative,MAXIMUM,0
SVSP,2019,12,0,0,0,,,,,30.7,,,24.0,23.0,3.0,36.0,120.1,mixed_evaporative,MAXIMUM,0
SVSP,2020,1,0,0,0,,,,,24.9,,,26.0,23.0,6.0,42.0,119.1,mixed_evaporative,MAXIMUM,0
SVSP,2020,2,0,0,0,,,,,29.6,,,24.0,18.0,9.0,46.0,120.6,mixed_evaporative,MAXIMUM,0
SVSP,2020,3,0,0,0,,,,,30.3,,,23.0,17.0,13.0,43.0,119.5,mixed_evaporative,MAXIMUM,0
SVSP,2020,4,0,0,0,,,,,26.8,,,20.0,15.0,16.0,38.0,117.3,mixed_evaporative,MAXIMUM,0
SVSP,2020,5,3,0,4,,,,,29.7,,,19.0,14.0,13.0,38.0,118.4,mixed_evaporative,MAXIMUM,0
SVSP,2020,6,1,0,3,,,,,27.7,,,19.0,13.0,13.0,40.0,118.1,mixed_evaporative,MAXIMUM,0
SVSP,2020,7,0,0,0,,,,,24.6,,,21.0,12.0,16.0,49.0,114.9,mixed_evaporative,MAXIMUM,0
SVSP,2020,8,3,3,5,,,,,17.5,,,21.0,12.0,16.0,49.0,112.3,mixed_evaporative,MAXIMUM,0
SVSP,2020,9,6,3,6,,,,,16.0,,,21.0,13.0,19.0,46.0,112.5,mixed_evaporative,MAXIMUM,0
SVSP,2020,10,11,4,12,,,,,22.5,,,22.0,14.0,19.0,46.0,114.2,mixed_evaporative,MAXIMUM,0
SVSP,2020,11,0,0,1,,,,,29.0,,,24.0,17.0,19.0,45.0,115.0,mixed_evaporative,MAXIMUM,0
SVSP,2020,12,0,0,0,,,,,20.4,,,24.0,17.0,23.0,44.0,114.3,mixed_evaporative,MAXIMUM,0
SVSP,2021,1,0,0,0,,,,,22.5,,,25.0,19.0,19.0,44.0,117.7,mixed_evaporative,MAXIMUM,0
SVSP,2021,2,0,0,0,,,,,22.2,,,26.0,19.0,19.0,46.0,121.4,mixed_evaporative,MAXIMUM,0
SVSP,2021,3,0,0,0,,,,,28.0,,,25.0,18.0,23.0,45.0,123.9,mixed_evaporative,MAXIMUM,0
SVSP,2021,4,0,0,0,,,,,25.3,,,28.0,22.0,29.0,46.0,124.3,mixed_evaporative,MAXIMUM,0
SVSP,2021,5,0,0,0,,,,,31.1,,,28.0,22.0,26.0,46.0,123.2,mixed_evaporative,MAXIMUM,0
SVSP,2021,6,2,0,2,,,,,30.8,,,29.0,23.0,26.0,47.0,122.7,mixed_evaporative,MAXIMUM,0
SVSP,2021,7,0,0,0,148.5,0.38,,65.0,25.6,18721203.21,274053704.0,62.0,62.0,21.0,71.0,122.6,mixed_evaporative,MAXIMUM,0
SVSP,2021,8,1,0,2,415.84,0.85,,63.0,23.6,18292527.78,274042315.0,62.0,62.0,17.0,71.0,122.2,mixed_evaporative,MAXIMUM,0
SVSP,2021,9,2,0,7,82.5,21.35,,44.0,29.4,21030984.93,274064195.0,62.0,62.0,14.0,72.0,121.5,mixed_evaporative,MAXIMUM,0
SVSP,2021,10,4,3,6,140.0,2.17,1.0,78.0,22.3,20562581.840000004,274111286.0,62.0,61.0,14.0,73.0,120.1,mixed_evaporative,MAXIMUM,0
SVSP,2021,11,0,0,0,312.18,1.48,,49.0,21.0,22043927.08,240464294.0,63.0,62.0,14.0,74.0,121.6,mixed_evaporative,MAXIMUM,0
SVSP,2021,12,0,0,0,120.15,12.27,,57.0,30.3,23877241.86999999,241464875.0,63.0,62.0,7.0,75.0,122.5,mixed_evaporative,MAXIMUM,0
SVSP,2022,1,0,0,0,159.1,31.25,1.0,38.0,22.8,20388855.61,241528847.0,63.0,63.0,10.0,74.0,121.1,mixed_evaporative,MAXIMUM,0
SVSP,2022,2,0,0,1,270.75,27.98,,54.0,26.4,20194809.409999996,242652269.0,57.0,54.0,10.0,73.0,120.6,mixed_evaporative,MAXIMUM,0
SVSP,2022,3,0,0,0,172.23,8.76,,48.0,33.3,20053138.939999998,242374201.0,52.0,49.0,7.0,71.0,116.6,mixed_evaporative,MAXIMUM,0
SVSP,2022,4,2,1,2,121.5,6.96,,49.0,36.0,19893339.24000001,249937033.0,43.0,40.0,-3.0,58.0,116.7,mixed_evaporative,MAXIMUM,0
SVSP,2022,5,1,0,1,520.88,3.67,,68.0,30.4,20491529.670000017,252149302.0,42.0,39.0,-3.0,60.0,117.0,mixed_evaporative,MAXIMUM,0
SVSP,2022,6,3,2,5,318.0,1.36,1.0,42.0,32.8,21536169.189999998,252485126.0,42.0,40.0,0.0,57.0,118.8,mixed_evaporative,MAXIMUM,0
SVSP,2022,7,0,0,0,435.5,9.86,,54.0,41.4,18944452.63,247691422.0,44.0,42.0,3.0,58.0,119.9,mixed_evaporative,MAXIMUM,0
SVSP,2022,8,0,0,3,335.75,0.52,,71.0,40.4,23263126.500000004,247988082.0,46.0,43.0,0.0,62.0,120.9,mixed_evaporative,MAXIMUM,0
SVSP,2022,9,8,5,11,325.5,8.66,,49.0,38.6,22786981.61,248070692.0,47.0,45.0,-3.0,62.0,120.0,mixed_evaporative,MAXIMUM,0
SVSP,2022,10,3,1,3,623.88,2.42,,53.0,47.2,24064309.190000005,248142892.0,47.0,44.0,3.0,62.0,120.2,mixed_evaporative,MAXIMUM,0
SVSP,2022,11,0,0,0,450.75,0.44,2.0,70.0,44.4,23673537.319999993,272467103.0,46.0,44.0,3.0,59.0,121.0,mixed_evaporative,MAXIMUM,0
SVSP,2022,12,0,0,0,318.5,12.17,,42.0,46.5,25809199.5,273248860.0,47.0,45.0,3.0,59.0,121.1,mixed_evaporative,MAXIMUM,0
SVSP,2023,1,0,0,0,557.5,0.0,1.0,48.0,43.0,22661424.680000007,276066742.0,46.0,44.0,6.0,59.0,119.7,mixed_evaporative,MAXIMUM,0
SVSP,2023,2,0,0,0,437.75,0.88,,41.0,38.0,22980980.669999987,277279425.0,47.0,46.0,6.0,59.0,120.6,mixed_evaporative,MAXIMUM,0
SVSP,2023,3,0,0,0,392.25,1.02,,64.0,40.1,23569830.46000001,277101831.0,47.0,46.0,10.0,58.0,118.1,mixed_evaporative,MAXIMUM,0
SVSP,2023,4,0,0,1,666.46,13.47,1.0,57.0,31.2,22930012.409999996,282326861.0,47.0,45.0,10.0,58.0,118.3,mixed_evaporative,MAXIMUM,0
SVSP,2023,5,0,0,1,511.9,0.33,1.0,61.0,26.3,22931095.849999994,282464594.0,47.0,46.0,10.0,59.0,118.3,mixed_evaporative,MAXIMUM,0
SVSP,2023,6,0,0,0,474.69,5.18,,64.0,47.9,25353239.97000003,286139022.0,47.0,47.0,10.0,56.0,118.0,mixed_evaporative,MAXIMUM,0
SVSP,2023,7,0,0,0,613.55,1.5,,76.0,53.3,19450296.25,272735722.0,46.0,45.0,13.0,56.0,115.5,mixed_evaporative,MAXIMUM,0
SVSP,2023,8,2,0,2,587.44,3.86,1.0,56.0,51.9,22033568.159999996,272796269.0,47.0,45.0,16.0,57.0,113.1,mixed_evaporative,MAXIMUM,0
SVSP,2023,9,0,0,0,566.57,1.9,,65.0,59.6,23605232.560000002,272858584.0,47.0,46.0,10.0,57.0,111.7,mixed_evaporative,MAXIMUM,0
SVSP,2023,10,6,3,6,1164.71,0.0,,61.0,53.7,22438355.159999996,273166297.0,48.0,47.0,10.0,57.0,109.6,mixed_evaporative,MAXIMUM,0
SVSP,2023,11,0,0,0,1098.72,0.0,,60.0,58.5,24326519.14,274537058.0,49.0,48.0,6.0,58.0,108.5,mixed_evaporative,MAXIMUM,0
SVSP,2023,12,0,0,0,1034.17,2.14,1.0,70.0,53.3,26460165.709999993,274561710.0,48.0,48.0,6.0,58.0,107.0,mixed_evaporative,MAXIMUM,0
SVSP,2024,1,0,0,0,629.0,0.0,,72.0,58.4,23981752.340000004,278012513.0,49.0,48.0,6.0,59.0,107.2,mixed_evaporative,MAXIMUM,0
SVSP,2024,2,0,0,0,417.0,5.96,,73.0,60.2,24158214.560000002,279059663.0,48.0,47.0,6.0,57.0,107.1,mixed_evaporative,MAXIMUM,0
SVSP,2024,3,0,0,0,499.0,5.35,,77.0,53.1,27350561.170000017,279106079.0,48.0,47.0,10.0,58.0,106.5,mixed_evaporative,MAXIMUM,0
SVSP,2024,4,0,0,0,522.5,0.77,,82.0,57.2,24987629.139999986,290913301.0,47.0,47.0,13.0,56.0,104.3,mixed_evaporative,MAXIMUM,0
SVSP,2024,5,0,0,0,440.75,0.86,,87.0,55.8,23942167.409999996,291259953.0,48.0,47.0,13.0,57.0,103.9,mixed_evaporative,MAXIMUM,0
SVSP,2024,6,0,0,0,578.42,2.81,,95.0,43.1,25221934.72,291319627.0,47.0,46.0,10.0,58.0,103.1,mixed_evaporative,MAXIMUM,0
SVSP,2024,7,0,0,0,417.75,1.6,,111.0,63.0,24172001.24,266908688.0,47.0,46.0,6.0,56.0,101.2,mixed_evaporative,MAXIMUM,0
SVSP,2024,8,0,0,1,467.75,2.1,,117.0,50.6,26747495.01,266893351.0,47.0,46.0,6.0,56.0,102.3,mixed_evaporative,MAXIMUM,0
SVSP,2024,9,5,0,8,536.0,2.07,,117.0,65.5,22550849.260000005,267300073.0,47.0,46.0,6.0,56.0,143.1,mixed_evaporative,MAXIMUM,0
SVSP,2024,10,6,4,6,407.0,2.24,,125.0,55.2,23396840.14,283319184.0,47.0,46.0,6.0,57.0,143.1,mixed_evaporative,MAXIMUM,0
SVSP,2024,11,0,0,0,409.0,2.64,,110.0,64.1,24340587.75,284251754.0,45.0,44.0,6.0,55.0,143.1,mixed_evaporative,MAXIMUM,0
SVSP,2024,12,0,0,0,506.25,3.94,,117.0,57.5,22055573.889999986,269463495.0,46.0,45.0,6.0,58.0,141.6,mixed_evaporative,MAXIMUM,0
SVSP,2025,1,0,0,0,348.43,0.52,1.0,107.0,66.0,24228548.76000002,268922920.0,47.0,45.0,10.0,57.0,96.1,mixed_evaporative,MAXIMUM,0
SVSP,2025,2,0,0,0,336.75,1.06,,115.0,74.5,22125244.429999977,269856610.69,47.0,46.0,10.0,58.0,96.7,mixed_evaporative,MAXIMUM,0
SVSP,2025,3,0,0,2,310.75,16.55,,86.0,72.8,23124735.49000001,270595389.69,47.0,46.0,10.0,59.0,98.0,mixed_evaporative,MAXIMUM,0
SVSP,2025,4,0,0,0,154.8,3.57,,113.0,76.6,22399984.830000013,282806984.69,48.0,46.0,13.0,59.0,94.9,mixed_evaporative,MAXIMUM,0
SVSP,2025,5,0,0,1,161.0,2.08,1.0,124.0,61.1,21234098.099999994,282950202.69,47.0,46.0,13.0,57.0,96.9,mixed_evaporative,MAXIMUM,0
SVSP,2025,6,0,0,0,206.0,21.89,,88.0,67.3,26250908.309999973,283276225.69,47.0,46.0,16.0,55.0,96.4,mixed_evaporative,MAXIMUM,0
SVSP,2025,7,0,0,0,,,,,53.8,,,35.0,30.0,19.0,50.0,96.9,mixed_evaporative,MAXIMUM,0
SVSP,2025,8,1,0,2,,,,,63.6,,,34.0,30.0,19.0,49.0,97.6,mixed_evaporative,MAXIMUM,0
SVSP,2025,9,1,0,3,,,,,54.8,,,35.0,31.0,19.0,50.0,99.4,mixed_evaporative,MAXIMUM,0
SVSP,2025,10,0,0,0,,,,,60.1,,,35.0,30.0,19.0,50.0,100.0,mixed_evaporative,MAXIMUM,0
SVSP,2025,11,1,0,2,,,,,54.9,,,33.0,27.0,19.0,50.0,98.9,mixed_evaporative,MAXIMUM,0
SVSP,2025,12,0,0,0,,,,,60.1,,,32.0,27.0,16.0,50.0,96.5,mixed_evaporative,MAXIMUM,0
VSP,2016,1,0,0,0,,,,,,,,,,,,171.2,evaporative,MEDIUM,0
VSP,2016,2,0,0,0,,,,,,,,,,,,168.7,evaporative,MEDIUM,0
VSP,2016,3,0,0,0,,,,,,,,,,,,175.4,evaporative,MEDIUM,0
VSP,2016,4,0,0,0,,,,,,,,,,,,175.6,evaporative,MEDIUM,0
VSP,2016,5,7,2,0,,,,,,,,,,,,170.8,evaporative,MEDIUM,0
VSP,2016,6,22,17,1,,,,,,,,,,,,169.7,evaporative,MEDIUM,0
VSP,2016,7,29,21,4,,,,,,,,,,,,172.4,evaporative,MEDIUM,0
VSP,2016,8,29,20,1,,,,,,,,,,,,171.8,evaporative,MEDIUM,0
VSP,2016,9,17,7,0,,,,,,,,,,,,176.1,evaporative,MEDIUM,0
VSP,2016,10,1,0,0,,,,,,,,,,,,177.4,evaporative,MEDIUM,0
VSP,2016,11,0,0,0,,,,,,,,,,,,180.0,evaporative,MEDIUM,0
VSP,2016,12,0,0,0,,,,,,,,,,,,177.3,evaporative,MEDIUM,0
VSP,2017,1,0,0,0,,,,,13.9,,,16.0,13.0,11.0,24.0,174.4,evaporative,MEDIUM,0
VSP,2017,2,0,0,0,,,,,5.9,,,16.0,12.0,16.0,21.0,169.6,evaporative,MEDIUM,0
VSP,2017,3,0,0,0,,,,,6.7,,,16.0,15.0,11.0,20.0,170.7,evaporative,MEDIUM,0
VSP,2017,4,0,0,0,,,,,7.3,,,16.0,16.0,7.0,17.0,173.9,evaporative,MEDIUM,0
VSP,2017,5,6,4,0,,,,,5.8,,,14.0,14.0,11.0,17.0,178.9,evaporative,MEDIUM,0
VSP,2017,6,23,15,4,,,,,8.8,,,14.0,11.0,18.0,20.0,178.5,evaporative,MEDIUM,0
VSP,2017,7,31,30,1,,,,,9.1,,,13.0,11.0,5.0,21.0,177.0,evaporative,MEDIUM,0
VSP,2017,8,28,24,4,,,,,7.5,,,13.0,12.0,4.0,20.0,175.6,evaporative,MEDIUM,0
VSP,2017,9,14,7,2,,,,,6.7,,,12.0,11.0,7.0,17.0,179.8,evaporative,MEDIUM,0
VSP,2017,10,0,0,0,,,,,8.4,,,14.0,15.0,7.0,15.0,179.0,evaporative,MEDIUM,0
VSP,2017,11,0,0,0,,,,,7.4,,,14.0,14.0,7.0,16.0,181.2,evaporative,MEDIUM,0
VSP,2017,12,0,0,0,,,,,10.6,,,12.0,14.0,4.0,11.0,182.4,evaporative,MEDIUM,0
VSP,2018,1,0,0,0,,,,,10.4,,,12.0,14.0,4.0,11.0,180.1,evaporative,MEDIUM,0
VSP,2018,2,0,0,0,,,,,8.4,,,13.0,14.0,4.0,14.0,177.6,evaporative,MEDIUM,0
VSP,2018,3,0,0,0,,,,,9.7,,,9.0,11.0,7.0,7.0,177.0,evaporative,MEDIUM,0
VSP,2018,4,0,0,0,,,,,11.3,,,10.0,13.0,0.0,8.0,177.8,evaporative,MEDIUM,0
VSP,2018,5,2,1,0,,,,,9.5,,,11.0,13.0,7.0,8.0,177.0,evaporative,MEDIUM,0
VSP,2018,6,19,13,0,,,,,10.2,,,12.0,14.0,7.0,9.0,175.3,evaporative,MEDIUM,0
VSP,2018,7,31,28,1,,,,,13.7,,,9.0,11.0,0.0,10.0,175.7,evaporative,MEDIUM,0
VSP,2018,8,26,19,0,,,,,15.0,,,10.0,11.0,0.0,13.0,180.2,evaporative,MEDIUM,0
VSP,2018,9,20,15,0,,,,,13.3,,,9.0,11.0,0.0,8.0,180.5,evaporative,MEDIUM,0
VSP,2018,10,0,0,0,,,,,11.7,,,9.0,11.0,-3.0,10.0,175.8,evaporative,MEDIUM,0
VSP,2018,11,0,0,0,,,,,10.6,,,9.0,9.0,0.0,11.0,166.6,evaporative,MEDIUM,0
VSP,2018,12,0,0,0,,,,,10.1,,,7.0,6.0,0.0,13.0,163.8,evaporative,MEDIUM,0
VSP,2019,1,0,0,0,,,,,12.8,,,7.0,6.0,0.0,14.0,160.9,evaporative,MEDIUM,0
VSP,2019,2,0,0,0,,,,,10.0,,,12.0,7.0,0.0,26.0,157.8,evaporative,MEDIUM,0
VSP,2019,3,0,0,0,,,,,12.1,,,10.0,7.0,0.0,20.0,154.9,evaporative,MEDIUM,0
VSP,2019,4,5,1,0,,,,,13.5,,,11.0,9.0,0.0,18.0,149.6,evaporative,MEDIUM,0
VSP,2019,5,0,0,0,,,,,11.3,,,9.0,6.0,0.0,17.0,146.8,evaporative,MEDIUM,0
VSP,2019,6,23,13,1,,,,,9.5,,,8.0,5.0,0.0,17.0,145.7,evaporative,MEDIUM,0
VSP,2019,7,28,19,1,,,,,12.3,,,7.0,6.0,0.0,11.0,143.7,evaporative,MEDIUM,0
VSP,2019,8,29,21,2,,,,,12.8,,,10.0,13.0,-3.0,7.0,144.2,evaporative,MEDIUM,0
VSP,2019,9,14,9,0,,,,,20.2,,,10.0,14.0,-3.0,8.0,144.2,evaporative,MEDIUM,0
VSP,2019,10,1,0,0,,,,,19.7,,,10.0,14.0,0.0,3.0,144.8,evaporative,MEDIUM,0
VSP,2019,11,0,0,0,,,,,14.7,,,8.0,12.0,-3.0,2.0,146.7,evaporative,MEDIUM,0
VSP,2019,12,0,0,0,,,,,13.9,,,7.0,10.0,-3.0,2.0,149.0,evaporative,MEDIUM,0
VSP,2020,1,0,0,0,,,,,11.9,,,7.0,9.0,3.0,2.0,151.8,evaporative,MEDIUM,0
VSP,2020,2,0,0,0,,,,,14.6,,,7.0,9.0,0.0,2.0,150.9,evaporative,MEDIUM,0
VSP,2020,3,0,0,0,,,,,11.0,,,7.0,9.0,4.0,2.0,152.7,evaporative,MEDIUM,0
VSP,2020,4,1,0,0,,,,,14.8,,,8.0,8.0,4.0,8.0,150.1,evaporative,MEDIUM,0
VSP,2020,5,7,5,0,,,,,10.9,,,7.0,8.0,0.0,6.0,152.8,evaporative,MEDIUM,0
VSP,2020,6,17,14,1,,,,,16.3,,,7.0,8.0,0.0,6.0,152.6,evaporative,MEDIUM,0
VSP,2020,7,31,25,2,,,,,12.8,,,10.0,7.0,7.0,18.0,147.4,evaporative,MEDIUM,0
VSP,2020,8,30,22,4,,,,,7.7,,,10.0,6.0,10.0,18.0,142.1,evaporative,MEDIUM,0
VSP,2020,9,17,5,2,,,,,8.5,,,8.0,7.0,7.0,10.0,139.7,evaporative,MEDIUM,0
VSP,2020,10,6,2,0,,,,,6.3,,,7.0,7.0,7.0,8.0,139.5,evaporative,MEDIUM,0
VSP,2020,11,0,0,0,,,,,9.9,,,8.0,8.0,14.0,8.0,140.4,evaporative,MEDIUM,0
VSP,2020,12,0,0,0,,,,,9.9,,,10.0,10.0,17.0,10.0,138.0,evaporative,MEDIUM,0
VSP,2021,1,0,0,0,,,,,11.8,,,9.0,9.0,14.0,6.0,134.4,evaporative,MEDIUM,0
VSP,2021,2,0,0,0,,,,,12.2,,,8.0,9.0,14.0,4.0,139.0,evaporative,MEDIUM,0
VSP,2021,3,0,0,0,,,,,8.6,,,6.0,6.0,10.0,3.0,139.4,evaporative,MEDIUM,0
VSP,2021,4,1,0,0,,,,,10.9,,,3.0,2.0,7.0,3.0,145.7,evaporative,MEDIUM,0
VSP,2021,5,8,2,0,,,,,7.4,,,4.0,5.0,7.0,3.0,148.8,evaporative,MEDIUM,0
VSP,2021,6,21,14,3,,,,,11.5,,,3.0,4.0,-4.0,4.0,148.4,evaporative,MEDIUM,0
VSP,2021,7,31,28,3,81.75,0.0,,4.0,9.4,11965709.58,130246419.0,5.0,6.0,-4.0,8.0,150.7,evaporative,MEDIUM,0
VSP,2021,8,26,22,1,115.8,0.0,,7.0,10.4,12986972.999999998,130270505.0,4.0,5.0,-12.0,8.0,152.0,evaporative,MEDIUM,0
VSP,2021,9,19,12,0,70.0,12.94,,4.0,11.2,12331950.410000004,130290450.0,6.0,6.0,-4.0,9.0,151.6,evaporative,MEDIUM,0
VSP,2021,10,2,0,0,27.25,0.0,,0.0,15.6,11959417.43,130290450.0,4.0,4.0,-4.0,5.0,151.7,evaporative,MEDIUM,0
VSP,2021,11,0,0,0,24.0,0.0,,1.0,8.8,13188073.909999996,143727320.0,5.0,5.0,-8.0,9.0,152.3,evaporative,MEDIUM,0
VSP,2021,12,0,0,0,46.85,0.0,,4.0,9.3,14263963.670000002,143727320.0,6.0,7.0,-8.0,9.0,151.1,evaporative,MEDIUM,0
VSP,2022,1,0,0,0,27.45,25.44,,1.0,9.0,12316087.760000005,145250162.0,11.0,11.0,0.0,16.0,148.0,evaporative,MEDIUM,0
VSP,2022,2,0,0,0,14.9,18.0,2.0,4.0,5.7,13222503.079999998,146379503.0,11.0,13.0,0.0,11.0,148.3,evaporative,MEDIUM,0
VSP,2022,3,0,0,0,62.21,0.0,1.0,8.0,9.3,12277525.899999991,146253023.0,11.0,15.0,-11.0,10.0,150.0,evaporative,MEDIUM,0
VSP,2022,4,2,0,0,16.0,4.32,,5.0,9.7,12886048.5,152461400.0,11.0,16.0,-8.0,7.0,150.3,evaporative,MEDIUM,0
VSP,2022,5,7,2,0,24.0,16.79,,3.0,8.9,11352860.600000009,153888134.0,11.0,16.0,-8.0,7.0,151.2,evaporative,MEDIUM,0
VSP,2022,6,21,12,0,26.9,18.23,,5.0,11.6,13990030.780000001,154211111.0,12.0,16.0,-4.0,9.0,153.7,evaporative,MEDIUM,0
VSP,2022,7,25,22,1,284.5,23.41,1.0,6.0,9.1,13891581.87,147654448.0,14.0,16.0,3.0,13.0,153.7,evaporative,MEDIUM,0
VSP,2022,8,30,23,1,26.3,26.4,,5.0,9.4,14657348.700000001,148211543.0,16.0,19.0,-7.0,16.0,155.6,evaporative,MEDIUM,0
VSP,2022,9,18,12,7,34.0,14.68,,3.0,10.7,13811623.060000002,148225285.0,15.0,18.0,-7.0,17.0,154.3,evaporative,MEDIUM,0
VSP,2022,10,8,0,0,46.5,8.91,,1.0,13.8,14865587.36,148226037.0,16.0,19.0,0.0,17.0,152.5,evaporative,MEDIUM,0
VSP,2022,11,0,0,0,16.5,0.0,,5.0,10.2,14623907.630000003,164759344.0,15.0,16.0,3.0,15.0,149.7,evaporative,MEDIUM,0
VSP,2022,12,0,0,0,16.0,0.0,1.0,8.0,8.1,16916605.61,165135344.0,14.0,17.0,3.0,11.0,149.0,evaporative,MEDIUM,0
VSP,2023,1,0,0,0,49.5,0.0,1.0,8.0,8.2,13892072.75999999,167810712.0,16.0,19.0,7.0,13.0,151.6,evaporative,MEDIUM,0
VSP,2023,2,0,0,0,31.0,0.0,,9.0,8.9,15281995.350000009,168979977.0,16.0,18.0,7.0,12.0,152.3,evaporative,MEDIUM,0
VSP,2023,3,0,0,0,28.0,19.0,,6.0,9.1,14590258.75,168762905.0,16.0,19.0,10.0,13.0,151.1,evaporative,MEDIUM,0
VSP,2023,4,3,0,0,37.5,0.0,1.0,10.0,11.2,14220423.129999995,174184358.0,15.0,18.0,10.0,10.0,153.9,evaporative,MEDIUM,0
VSP,2023,5,7,0,0,32.5,0.0,,13.0,11.3,13924689.340000004,174409753.0,14.0,16.0,13.0,11.0,155.2,evaporative,MEDIUM,0
VSP,2023,6,5,1,0,30.0,0.0,1.0,9.0,8.0,14185009.75,174426969.0,15.0,17.0,13.0,10.0,161.9,evaporative,MEDIUM,0
VSP,2023,7,27,25,6,123.75,0.0,,16.0,17.1,14317652.1,167909750.0,14.0,16.0,3.0,13.0,168.8,evaporative,MEDIUM,0
VSP,2023,8,28,19,1,64.85,1.92,,7.0,10.8,15474747.83,167909750.0,16.0,18.0,3.0,16.0,171.5,evaporative,MEDIUM,0
VSP,2023,9,11,1,0,49.9,7.53,,9.0,18.9,14759647.780000001,167948631.0,14.0,15.0,7.0,14.0,169.9,evaporative,MEDIUM,0
VSP,2023,10,5,2,0,28.75,3.45,,5.0,16.8,14470193.589999996,168077671.0,14.0,16.0,7.0,13.0,165.6,evaporative,MEDIUM,0
VSP,2023,11,0,0,0,259.5,0.0,,6.0,15.6,17154161.22,169884957.0,13.0,14.0,10.0,13.0,164.6,evaporative,MEDIUM,0
VSP,2023,12,0,0,0,25.75,0.0,,18.0,16.2,17871562.17,169890398.0,9.0,9.0,7.0,10.0,163.1,evaporative,MEDIUM,0
VSP,2024,1,0,0,0,3.5,0.0,,8.0,18.1,15691833.480000004,172299020.0,13.0,14.0,11.0,12.0,160.5,evaporative,MEDIUM,0
VSP,2024,2,0,0,0,10.5,0.57,,10.0,14.9,15491657.969999999,173545102.0,13.0,14.0,15.0,12.0,157.7,evaporative,MEDIUM,0
VSP,2024,3,0,0,0,0.75,2.27,,10.0,15.0,17667926.700000003,173597231.0,14.0,14.0,11.0,13.0,155.0,evaporative,MEDIUM,0
VSP,2024,4,0,0,0,0.0,0.0,1.0,10.0,18.6,15927484.430000007,191426957.0,12.0,13.0,5.0,13.0,152.9,evaporative,MEDIUM,0
VSP,2024,5,4,0,0,1.25,0.0,,11.0,16.7,14859832.00999999,191592293.0,11.0,11.0,5.0,15.0,155.4,evaporative,MEDIUM,0
VSP,2024,6,19,12,1,5.0,0.0,,8.0,14.1,15608430.580000013,191645587.0,10.0,10.0,5.0,13.0,160.4,evaporative,MEDIUM,0
VSP,2024,7,30,25,10,0.0,0.0,,15.0,15.3,14962656.5,185598691.0,9.0,11.0,5.0,8.0,163.8,evaporative,MEDIUM,0
VSP,2024,8,26,17,1,0.0,0.0,,14.0,12.9,15551735.27,185644038.0,9.0,11.0,2.0,5.0,166.4,evaporative,MEDIUM,0
VSP,2024,9,19,9,0,38.75,0.0,1.0,8.0,15.9,14849461.05,185784401.0,8.0,10.0,2.0,5.0,168.7,evaporative,MEDIUM,0
VSP,2024,10,9,8,0,67.25,11.01,,10.0,14.5,15376782.5,186514989.0,7.0,7.0,3.0,7.0,168.7,evaporative,MEDIUM,0
VSP,2024,11,0,0,0,41.75,0.0,,11.0,12.0,16110458.399999999,187833707.0,6.0,6.0,3.0,7.0,166.4,evaporative,MEDIUM,0
VSP,2024,12,0,0,0,19.0,0.28,,6.0,14.3,15664269.11,183590210.0,7.0,6.0,3.0,9.0,164.0,evaporative,MEDIUM,0
VSP,2025,1,0,0,0,65.25,0.0,,4.0,13.8,15090453.75,183628300.0,6.0,6.0,3.0,9.0,159.7,evaporative,MEDIUM,0
VSP,2025,2,0,0,0,34.5,0.0,,10.0,14.7,14479337.730000004,184792528.0,8.0,7.0,3.0,10.0,157.2,evaporative,MEDIUM,0
VSP,2025,3,0,0,0,35.25,0.0,,9.0,11.2,15306080.840000004,185147687.0,8.0,8.0,3.0,12.0,154.1,evaporative,MEDIUM,0
VSP,2025,4,0,0,0,4.3,0.0,,12.0,14.8,14550469.349999994,183301341.0,9.0,9.0,3.0,10.0,153.6,evaporative,MEDIUM,0
VSP,2025,5,5,4,0,7.5,0.0,1.0,5.0,9.2,15079681.669999987,183353753.0,10.0,10.0,7.0,10.0,155.3,evaporative,MEDIUM,0
VSP,2025,6,24,9,0,1.3,0.0,,8.0,11.9,14406563.210000008,183537822.0,12.0,12.0,7.0,14.0,155.9,evaporative,MEDIUM,0
VSP,2025,7,22,11,0,,,,,14.8,,,13.0,11.0,7.0,21.0,159.8,evaporative,MEDIUM,0
VSP,2025,8,27,21,0,,,,,14.8,,,14.0,11.0,10.0,22.0,167.2,evaporative,MEDIUM,0
VSP,2025,9,13,7,0,,,,,10.1,,,14.0,11.0,10.0,22.0,168.1,evaporative,MEDIUM,0
VSP,2025,10,1,0,0,,,,,13.3,,,14.0,11.0,10.0,20.0,166.8,evaporative,MEDIUM,0
VSP,2025,11,0,0,0,,,,,16.1,,,12.0,9.0,10.0,18.0,165.5,evaporative,MEDIUM,0
VSP,2025,12,0,0,0,,,,,14.2,,,14.0,11.0,13.0,19.0,163.2,evaporative,MEDIUM,0
WSP,2016,1,0,0,0,,,,,,,,,,,,165.4,evaporative,MEDIUM,0
WSP,2016,2,0,0,0,,,,,,,,,,,,166.7,evaporative,MEDIUM,0
WSP,2016,3,0,0,0,,,,,,,,,,,,168.1,evaporative,MEDIUM,0
WSP,2016,4,4,2,0,,,,,,,,,,,,168.4,evaporative,MEDIUM,0
WSP,2016,5,14,7,0,,,,,,,,,,,,162.1,evaporative,MEDIUM,0
WSP,2016,6,26,21,3,,,,,,,,,,,,172.5,evaporative,MEDIUM,0
WSP,2016,7,31,30,5,,,,,,,,,,,,165.6,evaporative,MEDIUM,0
WSP,2016,8,31,30,0,,,,,,,,,,,,167.2,evaporative,MEDIUM,0
WSP,2016,9,22,13,0,,,,,,,,,,,,165.0,evaporative,MEDIUM,0
WSP,2016,10,2,0,0,,,,,,,,,,,,166.0,evaporative,MEDIUM,0
WSP,2016,11,0,0,0,,,,,,,,,,,,163.5,evaporative,MEDIUM,0
WSP,2016,12,0,0,0,,,,,,,,,,,,165.4,evaporative,MEDIUM,0
WSP,2017,1,0,0,0,,,,,9.2,,,16.0,13.0,3.0,28.0,166.7,evaporative,MEDIUM,0
WSP,2017,2,0,0,0,,,,,10.3,,,16.0,13.0,10.0,25.0,171.3,evaporative,MEDIUM,0
WSP,2017,3,0,0,0,,,,,8.3,,,14.0,12.0,6.0,24.0,171.6,evaporative,MEDIUM,0
WSP,2017,4,0,0,0,,,,,10.3,,,14.0,11.0,6.0,25.0,174.6,evaporative,MEDIUM,0
WSP,2017,5,11,5,0,,,,,9.8,,,15.0,11.0,4.0,27.0,177.0,evaporative,MEDIUM,0
WSP,2017,6,23,20,6,,,,,9.2,,,15.0,11.0,4.0,30.0,176.2,evaporative,MEDIUM,0
WSP,2017,7,31,31,0,,,,,15.9,,,17.0,14.0,4.0,30.0,175.2,evaporative,MEDIUM,0
WSP,2017,8,30,28,0,,,,,9.4,,,17.0,14.0,4.0,28.0,172.8,evaporative,MEDIUM,0
WSP,2017,9,15,9,0,,,,,11.5,,,17.0,13.0,6.0,32.0,172.5,evaporative,MEDIUM,0
WSP,2017,10,4,0,0,,,,,9.6,,,16.0,11.0,6.0,34.0,169.1,evaporative,MEDIUM,0
WSP,2017,11,0,0,0,,,,,10.2,,,14.0,10.0,6.0,31.0,170.3,evaporative,MEDIUM,0
WSP,2017,12,0,0,0,,,,,9.1,,,15.0,10.0,6.0,33.0,171.5,evaporative,MEDIUM,0
WSP,2018,1,0,0,0,,,,,6.7,,,14.0,10.0,4.0,31.0,166.6,evaporative,MEDIUM,0
WSP,2018,2,0,0,0,,,,,7.7,,,14.0,10.0,4.0,32.0,166.5,evaporative,MEDIUM,0
WSP,2018,3,0,0,0,,,,,8.8,,,13.0,9.0,9.0,28.0,169.3,evaporative,MEDIUM,0
WSP,2018,4,5,0,0,,,,,7.7,,,13.0,8.0,9.0,28.0,167.9,evaporative,MEDIUM,0
WSP,2018,5,4,1,0,,,,,11.0,,,12.0,9.0,1.0,28.0,164.1,evaporative,MEDIUM,0
WSP,2018,6,24,19,0,,,,,7.5,,,11.0,8.0,4.0,24.0,168.7,evaporative,MEDIUM,0
WSP,2018,7,31,29,0,,,,,8.8,,,11.0,10.0,4.0,18.0,172.4,evaporative,MEDIUM,0
WSP,2018,8,30,25,0,,,,,8.9,,,11.0,9.0,4.0,22.0,161.2,evaporative,MEDIUM,0
WSP,2018,9,21,16,0,,,,,7.1,,,10.0,8.0,1.0,21.0,160.7,evaporative,MEDIUM,0
WSP,2018,10,0,0,0,,,,,8.6,,,10.0,8.0,1.0,20.0,167.0,evaporative,MEDIUM,0
WSP,2018,11,0,0,0,,,,,5.5,,,11.0,8.0,9.0,21.0,162.5,evaporative,MEDIUM,0
WSP,2018,12,0,0,0,,,,,5.7,,,10.0,7.0,7.0,20.0,163.1,evaporative,MEDIUM,0
WSP,2019,1,0,0,0,,,,,7.1,,,10.0,7.0,1.0,22.0,151.5,evaporative,MEDIUM,0
WSP,2019,2,0,0,0,,,,,6.3,,,12.0,6.0,10.0,29.0,150.8,evaporative,MEDIUM,0
WSP,2019,3,0,0,0,,,,,6.6,,,10.0,4.0,10.0,27.0,160.5,evaporative,MEDIUM,0
WSP,2019,4,4,2,0,,,,,7.9,,,11.0,4.0,7.0,31.0,167.3,evaporative,MEDIUM,0
WSP,2019,5,0,0,0,,,,,4.1,,,11.0,5.0,7.0,29.0,167.9,evaporative,MEDIUM,0
WSP,2019,6,26,16,0,,,,,5.9,,,11.0,5.0,10.0,28.0,168.3,evaporative,MEDIUM,0
WSP,2019,7,31,23,0,,,,,6.9,,,14.0,11.0,13.0,27.0,164.4,evaporative,MEDIUM,0
WSP,2019,8,31,24,0,,,,,7.8,,,14.0,10.0,10.0,29.0,166.9,evaporative,MEDIUM,0
WSP,2019,9,15,12,0,,,,,8.0,,,16.0,12.0,9.0,30.0,161.7,evaporative,MEDIUM,0
WSP,2019,10,1,0,0,,,,,5.8,,,15.0,13.0,10.0,26.0,161.5,evaporative,MEDIUM,0
WSP,2019,11,0,0,0,,,,,7.9,,,15.0,12.0,10.0,30.0,160.2,evaporative,MEDIUM,0
WSP,2019,12,0,0,0,,,,,7.8,,,15.0,11.0,12.0,30.0,161.8,evaporative,MEDIUM,0
WSP,2020,1,0,0,0,,,,,8.9,,,13.0,8.0,10.0,30.0,152.9,evaporative,MEDIUM,0
WSP,2020,2,0,0,0,,,,,10.5,,,13.0,10.0,12.0,26.0,154.5,evaporative,MEDIUM,0
WSP,2020,3,0,0,0,,,,,7.1,,,15.0,13.0,7.0,25.0,146.1,evaporative,MEDIUM,0
WSP,2020,4,2,0,0,,,,,5.7,,,15.0,13.0,7.0,25.0,138.1,evaporative,MEDIUM,0
WSP,2020,5,9,7,0,,,,,9.4,,,13.0,10.0,7.0,25.0,109.7,evaporative,MEDIUM,0
WSP,2020,6,20,15,0,,,,,4.9,,,14.0,11.0,12.0,27.0,88.8,evaporative,MEDIUM,0
WSP,2020,7,31,29,0,,,,,5.8,,,12.0,9.0,11.0,25.0,74.0,evaporative,MEDIUM,0
WSP,2020,8,30,28,1,,,,,3.1,,,13.0,8.0,10.0,30.0,64.4,evaporative,MEDIUM,0
WSP,2020,9,20,10,0,,,,,4.4,,,7.0,8.0,13.0,-2.0,59.8,evaporative,MEDIUM,0
WSP,2020,10,9,3,0,,,,,5.4,,,11.0,10.0,10.0,13.0,70.2,evaporative,MEDIUM,0
WSP,2020,11,0,0,0,,,,,4.2,,,9.0,8.0,13.0,11.0,89.5,evaporative,MEDIUM,0
WSP,2020,12,0,0,0,,,,,4.9,,,9.0,8.0,13.0,12.0,84.2,evaporative,MEDIUM,0
WSP,2021,1,0,0,0,,,,,14.1,,,13.0,10.0,10.0,28.0,78.6,evaporative,MEDIUM,0
WSP,2021,2,0,0,0,,,,,6.8,,,13.0,10.0,10.0,31.0,83.1,evaporative,MEDIUM,0
WSP,2021,3,0,0,0,,,,,6.8,,,14.0,10.0,13.0,34.0,101.4,evaporative,MEDIUM,0
WSP,2021,4,2,0,0,,,,,5.7,,,11.0,4.0,13.0,37.0,99.9,evaporative,MEDIUM,0
WSP,2021,5,11,4,0,,,,,6.5,,,12.0,4.0,17.0,38.0,105.7,evaporative,MEDIUM,0
WSP,2021,6,24,21,3,,,,,10.4,,,18.0,10.0,12.0,45.0,109.8,evaporative,MEDIUM,0
WSP,2021,7,31,30,4,209.65,0.84,,28.0,7.7,16057261.66,193037287.0,17.0,10.0,12.0,44.0,124.6,evaporative,MEDIUM,0
WSP,2021,8,29,25,0,253.4,0.15,,22.0,7.1,17335237.93,193441237.0,19.0,12.0,14.0,42.0,117.0,evaporative,MEDIUM,0
WSP,2021,9,21,15,0,193.05,1.3,,18.0,6.2,17458505.709999997,193441237.0,19.0,10.0,15.0,47.0,119.7,evaporative,MEDIUM,0
WSP,2021,10,4,0,0,183.95,2.32,,11.0,5.4,16419977.450000003,193721189.0,19.0,10.0,15.0,48.0,128.8,evaporative,MEDIUM,0
WSP,2021,11,0,0,0,196.85,1.25,1.0,14.0,7.6,18373626.03,205705747.0,17.0,9.0,15.0,43.0,127.1,evaporative,MEDIUM,0
WSP,2021,12,0,0,0,156.2,0.88,,23.0,8.4,21194604.659999996,205705747.0,17.0,10.0,12.0,41.0,133.3,evaporative,MEDIUM,0
WSP,2022,1,0,0,0,288.75,14.07,1.0,15.0,4.4,16811605.129999995,206945058.0,17.0,12.0,10.0,37.0,121.5,evaporative,MEDIUM,0
WSP,2022,2,0,0,0,159.85,4.62,,10.0,6.6,17659820.53,208158613.0,18.0,13.0,10.0,37.0,106.6,evaporative,MEDIUM,0
WSP,2022,3,0,0,0,166.35,1.35,,18.0,5.7,16815211.01000002,207928445.0,17.0,12.0,7.0,36.0,109.9,evaporative,MEDIUM,0
WSP,2022,4,2,0,0,149.0,0.0,,22.0,5.2,17206156.149999976,222543386.0,16.0,12.0,7.0,34.0,123.2,evaporative,MEDIUM,0
WSP,2022,5,9,3,0,202.45,0.0,1.0,18.0,5.6,17412784.29000002,221812398.0,15.0,11.0,10.0,31.0,124.4,evaporative,MEDIUM,0
WSP,2022,6,23,14,0,133.05,0.11,,16.0,4.3,17510814.50999999,221942468.0,17.0,10.0,20.0,37.0,119.9,evaporative,MEDIUM,0
WSP,2022,7,29,26,0,128.1,6.99,,22.0,5.0,19364421.33,204159477.0,18.0,10.0,27.0,40.0,122.9,evaporative,MEDIUM,0
WSP,2022,8,31,30,0,113.25,6.34,,20.0,6.1,19650785.310000002,204303003.0,18.0,11.0,24.0,40.0,115.5,evaporative,MEDIUM,0
WSP,2022,9,19,14,3,130.3,0.58,,12.0,6.6,18615511.33,204569837.0,17.0,10.0,18.0,40.0,105.8,evaporative,MEDIUM,0
WSP,2022,10,9,1,0,185.9,0.04,1.0,12.0,6.8,20602164.46000001,204761738.0,16.0,9.0,17.0,35.0,124.4,evaporative,MEDIUM,0
WSP,2022,11,0,0,0,170.15,0.16,,26.0,7.7,20089654.699999988,228385044.0,14.0,9.0,14.0,33.0,124.4,evaporative,MEDIUM,0
WSP,2022,12,0,0,0,119.4,7.31,,24.0,4.0,22910814.0,228451969.0,15.0,9.0,14.0,34.0,130.1,evaporative,MEDIUM,0
WSP,2023,1,0,0,0,145.45,5.64,,10.0,3.4,19501460.409999996,231309794.0,19.0,11.0,14.0,44.0,123.9,evaporative,MEDIUM,0
WSP,2023,2,0,0,0,152.95,0.1,1.0,21.0,4.7,20011611.659999996,232777602.0,20.0,12.0,14.0,46.0,125.7,evaporative,MEDIUM,0
WSP,2023,3,0,0,0,121.2,0.44,,17.0,5.0,20736723.170000017,232657765.0,19.0,11.0,11.0,46.0,125.4,evaporative,MEDIUM,0
WSP,2023,4,4,0,0,132.95,0.27,,29.0,5.3,19134899.629999995,239111959.0,20.0,12.0,8.0,46.0,127.5,evaporative,MEDIUM,0
WSP,2023,5,10,5,0,102.5,0.08,,25.0,3.7,19280136.78,239128069.0,19.0,12.0,11.0,40.0,132.4,evaporative,MEDIUM,0
WSP,2023,6,11,4,0,149.9,0.06,,30.0,4.7,19311810.150000006,239154343.0,17.0,10.0,11.0,37.0,122.4,evaporative,MEDIUM,0
WSP,2023,7,31,29,5,326.9,0.14,,28.0,9.6,18919016.69,229606955.0,16.0,6.0,11.0,42.0,118.2,evaporative,MEDIUM,0
WSP,2023,8,28,25,1,183.1,0.18,,22.0,9.5,20257263.12,229712690.0,19.0,12.0,8.0,41.0,111.7,evaporative,MEDIUM,0
WSP,2023,9,17,10,0,193.65,0.13,1.0,28.0,11.6,18368246.549999997,229713366.0,18.0,11.0,8.0,40.0,113.2,evaporative,MEDIUM,0
WSP,2023,10,7,2,0,1139.75,0.15,,12.0,8.3,20300810.049999997,229968981.0,18.0,11.0,6.0,40.0,121.3,evaporative,MEDIUM,0
WSP,2023,11,0,0,0,111.8,0.13,,25.0,5.5,22501316.870000005,231732832.0,19.0,10.0,14.0,43.0,122.5,evaporative,MEDIUM,0
WSP,2023,12,0,0,0,166.8,0.1,,30.0,7.3,24432578.650000006,231772720.0,20.0,12.0,14.0,43.0,126.5,evaporative,MEDIUM,0
WSP,2024,1,0,0,0,117.25,0.13,,26.0,6.0,21970361.930000007,234734609.0,23.0,14.0,32.0,45.0,126.5,evaporative,MEDIUM,0
WSP,2024,2,0,0,0,111.25,0.1,,25.0,6.2,21806563.27999997,236362417.0,23.0,14.0,29.0,45.0,121.1,evaporative,MEDIUM,0
WSP,2024,3,0,0,0,130.0,0.04,,28.0,6.9,23846916.47000003,236501400.0,25.0,16.0,29.0,46.0,121.4,evaporative,MEDIUM,0
WSP,2024,4,1,0,0,111.0,0.01,,23.0,7.8,21210654.399999976,254862995.0,22.0,13.0,3.0,50.0,127.2,evaporative,MEDIUM,0
WSP,2024,5,12,0,0,133.0,0.0,,23.0,6.0,20299254.52000001,254956476.0,22.0,13.0,6.0,49.0,128.2,evaporative,MEDIUM,0
WSP,2024,6,27,20,0,179.08,0.0,,28.0,7.6,21037964.75999999,254967382.0,21.0,9.0,3.0,53.0,124.0,evaporative,MEDIUM,0
WSP,2024,7,31,28,6,220.25,0.0,,31.0,5.4,21253503.13,251981294.0,20.0,11.0,6.0,47.0,115.9,evaporative,MEDIUM,0
WSP,2024,8,28,20,1,113.42,0.0,,17.0,6.7,21009790.279999997,252006507.0,20.0,10.0,10.0,49.0,111.1,evaporative,MEDIUM,0
WSP,2024,9,21,14,0,166.42,0.0,,23.0,9.0,20405999.720000006,252191579.0,18.0,10.0,10.0,42.0,115.4,evaporative,MEDIUM,0
WSP,2024,10,11,9,0,130.25,0.0,,24.0,6.9,20805847.020000003,253793266.0,19.0,11.0,10.0,42.0,116.0,evaporative,MEDIUM,0
WSP,2024,11,0,0,0,151.5,0.0,,30.0,7.1,21252214.08999999,255038882.0,19.0,11.0,13.0,44.0,108.2,evaporative,MEDIUM,0
WSP,2024,12,0,0,0,129.5,0.0,,26.0,13.8,22985873.72,246118833.0,19.0,11.0,13.0,41.0,113.4,evaporative,MEDIUM,0
WSP,2025,1,0,0,0,125.75,0.0,,36.0,9.6,20858089.299999997,247077120.0,15.0,10.0,3.0,37.0,160.8,evaporative,MEDIUM,0
WSP,2025,2,0,0,0,110.5,0.0,,30.0,13.0,20441068.590000004,248517474.69,17.0,11.0,3.0,39.0,160.2,evaporative,MEDIUM,0
WSP,2025,3,0,0,0,122.75,2.42,1.0,48.0,10.0,20825089.28,249272989.69,18.0,11.0,9.0,40.0,152.9,evaporative,MEDIUM,0
WSP,2025,4,3,0,0,82.3,0.0,,44.0,6.3,20153520.110000014,249229938.69,17.0,11.0,9.0,40.0,151.1,evaporative,MEDIUM,0
WSP,2025,5,11,3,0,79.3,0.0,,41.0,7.2,19485837.139999986,249298376.69,18.0,11.0,9.0,40.0,160.1,evaporative,MEDIUM,0
WSP,2025,6,28,17,0,73.8,15.0,,43.0,9.5,19385179.27000001,249346273.69,17.0,9.0,9.0,41.0,165.2,evaporative,MEDIUM,0
WSP,2025,7,31,22,0,,,,,7.5,,,22.0,9.0,8.0,51.0,166.4,evaporative,MEDIUM,0
WSP,2025,8,31,27,0,,,,,8.9,,,22.0,10.0,8.0,51.0,159.4,evaporative,MEDIUM,0
WSP,2025,9,18,9,0,,,,,7.9,,,22.0,10.0,8.0,51.0,144.5,evaporative,MEDIUM,0
WSP,2025,10,2,0,0,,,,,8.4,,,23.0,11.0,8.0,52.0,142.8,evaporative,MEDIUM,0
WSP,2025,11,0,0,0,,,,,12.1,,,22.0,11.0,8.0,51.0,145.6,evaporative,MEDIUM,0
WSP,2025,12,0,0,0,,,,,7.5,,,23.0,10.0,11.0,53.0,141.3,evaporative,MEDIUM,0
