facilityid,name,cdcr_code,latitude,longitude,cell_lat,cell_lon,cell_dist_km,n_models,n_members,mask_override,loca2_days_over_80_historic,loca2_days_over_90_historic,loca2_days_over_100_historic,loca2_days_over_110_historic,loca2_nights_over_60_historic,loca2_nights_over_70_historic,loca2_nights_over_80_historic,loca2_nights_over_90_historic,loca2_days_over_avg_historic,loca2_days_over_avg_plus10_historic,loca2_nights_over_avg_historic,loca2_nights_over_avg_plus10_historic,loca2_nights_over_p98_historic,loca2_days_over_80_midcentury,loca2_days_over_90_midcentury,loca2_days_over_100_midcentury,loca2_days_over_110_midcentury,loca2_nights_over_60_midcentury,loca2_nights_over_70_midcentury,loca2_nights_over_80_midcentury,loca2_nights_over_90_midcentury,loca2_days_over_avg_midcentury,loca2_days_over_avg_plus10_midcentury,loca2_nights_over_avg_midcentury,loca2_nights_over_avg_plus10_midcentury,loca2_nights_over_p98_midcentury,loca2_days_over_80_endcentury,loca2_days_over_90_endcentury,loca2_days_over_100_endcentury,loca2_days_over_110_endcentury,loca2_nights_over_60_endcentury,loca2_nights_over_70_endcentury,loca2_nights_over_80_endcentury,loca2_nights_over_90_endcentury,loca2_days_over_avg_endcentury,loca2_days_over_avg_plus10_endcentury,loca2_nights_over_avg_endcentury,loca2_nights_over_avg_plus10_endcentury,loca2_nights_over_p98_endcentury,loca2_avg_summer_tmax_f,loca2_avg_summer_tmin_f,loca2_p98_tmax_f,loca2_p98_tmin_f
10006510,Otay Mesa Detention Center,,32.57596504758365,-116.91564013788977,32.578125,-116.921875,0.631,14,62,False,109.473,19.185,0.892,0.0,63.717,6.483,0.169,0.001,90.89,13.601,76.014,8.467,7.333,161.719,41.537,3.857,0.06,112.054,18.352,1.053,0.009,141.654,31.518,126.671,23.083,22.077,191.262,62.774,7.802,0.202,146.478,34.082,2.62,0.04,171.753,49.354,161.059,41.673,40.351,81.449,58.995,93.788,69.433
10001521,Del Norte County Jail,,41.75310253863079,-124.20082671366757,41.765625,-124.203125,1.403,14,62,False,3.607,0.264,0.005,0.0,3.326,0.056,0.001,0.0,77.871,8.817,82.729,3.164,7.333,8.197,0.521,0.011,0.001,9.924,0.251,0.004,0.0,112.065,17.843,128.919,9.569,19.899,11.812,0.845,0.012,0.0,18.507,0.736,0.012,0.0,147.316,26.524,165.632,17.978,34.455,66.264,50.14,77.058,57.864
10000914,Dorothy Kirby Center,,34.011725929422504,-118.16917483066176,34.015625,-118.171875,0.499,14,62,False,153.347,40.457,2.919,0.023,110.407,12.541,0.344,0.0,85.235,11.347,69.984,5.42,7.333,197.632,76.901,10.815,0.435,165.069,40.049,2.648,0.036,130.198,30.369,128.64,21.535,29.09,223.637,104.646,21.652,1.542,194.642,71.225,7.636,0.201,158.621,50.68,158.88,44.933,56.6,85.467,62.741,97.014,71.701
10006313,Baldwin Park Jail,,34.08542320534737,-117.95972580356398,34.078125,-117.953125,1.012,14,62,False,194.001,94.362,16.614,0.402,110.553,15.57,0.408,0.004,77.093,9.649,66.515,5.218,7.333,234.193,134.689,43.394,3.419,163.231,48.821,3.647,0.059,116.78,30.618,122.316,22.951,30.895,254.532,158.982,65.991,8.78,191.079,81.157,10.953,0.295,140.918,50.488,151.322,47.224,58.622,91.858,63.547,102.729,72.436
10006488,Claremont Jail,,34.096233053161434,-117.72245587010627,34.109375,-117.734375,1.824,14,62,False,155.723,68.778,7.401,0.033,76.919,8.5,0.104,0.0,76.033,9.777,70.775,6.962,7.331,198.903,109.747,28.499,1.404,130.514,33.4,1.978,0.023,116.984,33.748,123.867,29.467,30.877,221.416,133.454,48.455,4.566,160.587,59.32,6.774,0.146,140.829,55.053,154.248,54.273,56.077,89.156,60.597,100.025,70.453
10006489,Concord Jail,,37.97087039089063,-122.031692397237,37.984375,-122.046875,2.003,14,62,False,120.482,45.646,6.958,0.138,29.23,1.286,0.021,0.0,68.478,14.938,63.446,3.442,7.333,155.532,75.295,17.587,1.202,85.331,6.442,0.22,0.002,102.754,31.995,127.022,15.874,33.704,172.801,96.245,28.834,3.439,120.87,17.848,0.724,0.009,123.436,47.374,155.792,38.044,66.024,86.645,57.024,99.795,64.595
10006495,Monrovia Jail,,34.14789596650148,-117.9992566100296,34.140625,-117.984375,1.588,14,62,False,189.122,93.601,16.713,0.353,114.573,16.907,0.509,0.008,75.942,9.341,72.533,6.615,7.333,229.124,133.436,43.445,3.284,169.051,49.452,4.327,0.147,115.195,29.92,128.121,25.871,28.914,249.484,156.962,66.037,8.498,198.584,81.397,11.585,0.429,138.891,49.924,158.802,50.279,54.573,91.949,63.203,102.685,72.832
10006498,Signal Hill City Jail,,33.80680219254155,-118.17245189767004,33.796875,-118.171875,1.103,14,62,False,94.59,17.797,1.446,0.039,99.906,12.246,0.645,0.005,82.361,14.07,68.226,6.636,7.333,130.689,34.678,4.073,0.214,149.259,35.13,2.995,0.106,117.536,28.919,119.761,21.27,25.319,153.958,49.716,7.56,0.54,173.642,59.219,6.884,0.364,141.108,42.13,145.576,39.493,46.449,81.042,62.308,93.894,71.778
10006492,Culver City Jail,,34.020764242179446,-118.39508559710085,34.015625,-118.390625,0.703,14,62,False,64.711,6.688,0.189,0.0,91.616,7.719,0.144,0.0,102.33,13.535,74.124,5.363,7.333,100.178,14.354,0.909,0.016,139.584,21.798,0.918,0.005,145.065,26.853,123.175,16.417,22.97,130.945,23.917,1.901,0.048,167.626,42.875,2.76,0.047,174.799,42.155,151.93,33.988,45.704,77.235,61.096,89.68,70.025
10006179,FCI Mendota,,36.73364122914027,-120.3924603239434,36.734375,-120.390625,0.182,14,62,False,175.305,114.473,40.374,1.316,65.304,3.16,0.023,0.0,64.814,6.027,59.083,2.421,7.332,197.777,142.38,72.869,8.531,111.143,20.051,0.379,0.002,98.274,21.683,105.882,16.966,34.923,209.0,155.79,92.446,18.538,135.486,45.919,2.141,0.006,115.362,38.245,131.051,41.152,64.765,96.812,60.577,106.301,67.957
10000864,USP Lompoc,,34.679187474299496,-120.50548010652062,34.671875,-120.515625,1.231,14,62,False,13.098,1.252,0.005,0.0,8.942,0.558,0.008,0.0,124.543,18.327,75.738,5.663,7.332,24.702,2.914,0.091,0.0,21.497,1.617,0.062,0.0,184.212,33.961,131.892,13.912,19.206,37.713,5.043,0.295,0.001,43.776,3.975,0.219,0.004,228.321,51.061,172.144,29.813,41.631,68.392,51.721,82.704,60.615
10002351,Bell City Jail,,33.97910744065924,-118.18841160133736,33.984375,-118.203125,1.475,14,62,False,140.747,30.724,2.05,0.018,110.877,12.317,0.387,0.0,86.654,11.6,69.871,5.381,7.333,186.359,62.297,7.53,0.262,165.187,38.458,2.564,0.035,132.645,29.731,127.73,20.361,28.254,213.346,89.303,15.594,0.995,194.954,69.097,7.084,0.206,161.824,49.407,158.034,42.733,55.499,84.108,62.76,95.821,71.637
10000771,Alder Conservation Camp #20,,41.50102605418069,-124.0614026616772,41.515625,-124.046875,2.021,14,62,False,5.283,0.17,0.004,0.0,1.403,0.012,0.0,0.0,78.634,11.264,76.632,2.932,7.333,10.242,0.586,0.006,0.0,6.365,0.111,0.001,0.0,117.948,20.088,127.356,11.857,25.225,15.781,1.104,0.011,0.0,14.458,0.475,0.003,0.0,158.201,30.744,169.853,25.263,49.634,66.839,48.174,78.706,55.715
10005258,Sugar Pine Conservation Camp #9,,40.74594991511181,-122.0926140282548,40.734375,-122.078125,1.771,14,62,False,143.118,87.786,24.766,1.209,41.669,2.209,0.014,0.0,65.12,10.661,59.115,4.772,7.333,163.394,116.395,55.428,6.395,81.33,11.106,0.214,0.0,97.427,31.897,99.585,19.704,27.42,174.957,130.683,77.442,17.37,109.061,28.363,1.191,0.005,113.954,53.453,124.047,43.633,54.51,93.548,57.877,104.786,66.621
10000871,MCC San Diego,,32.713963558611916,-117.1660704622264,32.703125,-117.171875,1.32,14,62,False,40.976,4.096,0.125,0.0,110.722,13.246,0.631,0.007,98.903,14.205,65.29,5.64,7.333,65.433,8.013,0.38,0.006,148.922,26.818,1.789,0.033,136.597,25.497,104.782,12.539,17.009,87.084,12.474,0.769,0.015,172.516,46.034,3.789,0.108,163.303,36.512,127.869,23.19,31.796,74.905,63.121,87.717,72.085
10005267,Salt Creek Conservation Camp #7,,39.81202088855824,-122.62925447861537,39.796875,-122.640625,1.941,14,62,False,107.903,43.092,2.544,0.008,56.879,4.92,0.032,0.0,63.107,7.935,60.547,5.831,7.332,135.678,74.592,14.122,0.396,101.12,23.019,0.643,0.005,94.914,28.648,104.502,25.849,30.528,148.662,95.093,26.213,1.36,120.751,39.285,2.154,0.022,113.309,44.708,123.969,42.739,48.301,87.024,59.542,97.264,68.91
10005319,Owens Valley Conservation Camp #26,,37.38924437916502,-118.55153489518936,37.390625,-118.546875,0.439,14,62,False,135.931,72.753,6.567,0.0,45.447,2.523,0.007,0.0,60.609,2.954,57.074,4.547,7.333,166.191,107.574,32.146,0.409,81.355,13.245,0.146,0.0,96.701,21.254,92.442,20.289,28.428,182.382,125.592,53.182,2.032,102.991,29.014,0.942,0.004,115.412,40.149,112.926,38.867,49.193,91.601,58.513,99.73,67.177
10005362,Ventura Conservation Camp #46,,34.246176183785806,-119.10677775352286,34.234375,-119.109375,1.331,14,62,False,72.799,8.375,0.245,0.0,37.929,2.362,0.023,0.0,102.169,14.332,78.379,6.88,7.333,108.307,15.479,0.743,0.002,74.815,7.014,0.187,0.0,143.763,25.671,126.543,17.833,21.066,138.483,25.346,1.843,0.019,108.331,15.922,0.622,0.003,172.828,40.231,158.412,36.289,41.863,77.849,56.553,90.518,66.189
10000840,Prado Conservation Camp #28,,33.99116711079797,-117.68683207528083,33.984375,-117.671875,1.569,14,62,False,165.584,69.626,8.669,0.071,39.342,2.691,0.048,0.0,81.87,12.821,68.098,7.083,7.332,210.102,112.261,28.808,1.762,90.003,13.956,0.581,0.006,125.073,36.912,128.141,28.04,30.018,234.934,138.18,48.23,5.216,127.267,31.76,2.347,0.064,151.391,58.759,162.809,54.754,57.602,88.659,56.914,100.522,66.74
10005275,Valley View Conservation Camp #34,,39.65246297492119,-122.72173226828056,39.640625,-122.734375,1.701,14,62,False,72.097,10.409,0.098,0.0,23.693,0.429,0.0,0.0,65.437,7.313,62.153,4.8,7.333,103.872,33.208,1.348,0.019,60.987,4.911,0.079,0.0,97.322,27.258,101.197,26.274,33.812,121.951,50.182,4.113,0.071,84.748,13.987,0.431,0.004,116.144,42.632,123.386,46.824,55.638,80.99,54.658,90.989,63.586
10000874,Western Region Detention Facility,,32.7173817496747,-117.16523774875972,32.703125,-117.171875,1.7,14,62,False,40.976,4.096,0.125,0.0,110.722,13.246,0.631,0.007,98.903,14.205,65.29,5.64,7.333,65.433,8.013,0.38,0.006,148.922,26.818,1.789,0.033,136.597,25.497,104.782,12.539,17.009,87.084,12.474,0.769,0.015,172.516,46.034,3.789,0.108,163.303,36.512,127.869,23.19,31.796,74.905,63.121,87.717,72.085
10000849,Mesa Verde Ice Processing Center,,35.37971816195629,-119.00641253053884,35.390625,-119.015625,1.47,14,62,False,184.249,127.735,62.128,4.914,131.333,54.038,3.082,0.011,63.572,5.259,56.341,3.451,7.333,204.604,151.637,93.356,19.204,156.687,91.598,17.561,0.192,94.693,20.336,93.571,19.013,30.936,214.918,164.05,110.794,35.459,170.493,111.427,39.243,1.272,111.973,36.875,113.178,41.331,55.722,99.807,69.726,108.998,77.862
10000897,Glendale City Jail,,34.14735399725111,-118.2493590354608,34.140625,-118.234375,1.566,14,62,False,152.492,47.585,3.564,0.024,107.158,13.251,0.282,0.0,83.363,11.549,72.723,6.063,7.333,197.476,87.156,14.921,0.598,163.803,43.81,2.982,0.033,127.486,33.892,131.086,25.611,30.687,224.2,114.0,28.435,2.051,195.0,76.177,9.51,0.201,155.441,54.899,163.119,51.78,58.948,86.21,62.51,97.77,71.883
10000911,Torrance City Jail,,33.83986898172371,-118.34228828447392,33.828125,-118.328125,1.845,14,62,False,57.754,6.206,0.26,0.0,81.536,7.618,0.282,0.0,99.512,12.866,71.56,6.166,7.332,92.965,12.836,0.917,0.018,130.229,20.612,1.294,0.025,146.07,25.594,119.82,17.341,22.013,125.673,22.27,2.051,0.067,158.304,38.152,2.882,0.092,178.225,41.561,148.181,33.096,41.429,76.932,60.701,89.297,69.969
10000777,Sutter County Jail,,39.14285926968739,-121.63782617479472,39.140625,-121.640625,0.346,14,62,False,162.596,100.241,29.381,0.803,59.986,3.506,0.014,0.0,64.471,7.751,60.349,3.484,7.331,183.035,128.888,59.083,6.511,107.411,16.959,0.315,0.001,97.997,26.48,107.819,17.06,28.828,194.131,143.229,80.466,14.422,134.793,38.517,1.603,0.006,116.38,43.107,135.185,38.708,56.162,94.884,59.968,105.06,68.055
10000823,Tulare County Men's Correctional Facility,,36.44508173488965,-119.32043337950851,36.453125,-119.328125,1.126,14,62,False,168.39,106.156,26.379,0.246,21.804,0.526,0.009,0.0,66.496,4.43,61.991,3.443,7.333,192.366,136.616,63.972,4.287,63.407,4.248,0.036,0.0,103.629,22.889,113.199,18.657,33.017,203.712,151.815,87.773,13.155,100.859,17.954,0.444,0.002,122.387,44.284,141.665,48.271,67.89,95.123,55.494,103.898,63.432
10005263,Antelope Conservation Camp #25,,40.40164182151751,-120.51004710820791,40.390625,-120.515625,1.311,14,62,False,110.098,51.943,3.972,0.005,3.961,0.03,0.0,0.0,62.182,7.436,58.432,4.686,7.333,133.756,84.414,24.985,0.857,22.143,0.566,0.001,0.0,93.192,33.717,97.801,24.482,32.049,146.492,101.862,43.838,4.203,46.932,3.623,0.024,0.0,109.885,53.259,119.784,50.162,58.875,88.419,49.544,98.456,58.335
10000772,Herlong FCI,,40.151192472135286,-120.16619206516069,40.140625,-120.171875,1.268,14,62,False,110.544,47.537,2.461,0.001,4.421,0.048,0.0,0.0,63.02,7.047,56.72,3.506,7.333,137.369,82.49,19.087,0.388,23.174,0.576,0.0,0.0,97.104,31.688,96.778,20.148,31.743,151.004,101.292,36.566,2.354,49.075,3.908,0.021,0.0,114.386,51.608,120.44,45.143,59.466,87.675,50.534,97.582,58.665
10000814,Ben Lomond Conservation Camp #45,,37.130265033493735,-122.1690670677042,37.140625,-122.171875,1.176,14,62,False,79.785,19.493,1.599,0.009,20.616,1.363,0.021,0.0,78.631,18.896,69.199,10.833,7.331,125.165,49.992,8.042,0.385,59.813,10.935,0.581,0.006,124.068,49.085,134.725,39.416,31.286,148.741,71.971,18.159,1.439,92.722,22.25,1.919,0.03,147.669,70.979,169.863,66.27,54.807,80.147,52.897,94.557,64.418
10002347,Calipatria State Prison (CAL),CAL,33.16569335411168,-115.4843440200192,33.171875,-115.484375,0.686,14,62,False,243.978,180.912,118.286,33.57,153.957,86.44,18.081,0.504,63.594,2.552,54.192,6.22,7.33,277.304,208.379,149.32,74.017,182.538,116.546,43.829,2.797,103.165,15.587,90.879,20.329,23.6,294.404,224.431,164.794,97.896,198.558,133.99,70.514,11.724,123.224,33.581,111.537,42.635,46.923,106.801,73.868,114.562,83.312
10002348,Centinela State Prison (CEN),CEN,32.82339731050856,-115.7890554901459,32.828125,-115.796875,0.899,14,62,False,240.672,176.832,118.531,39.076,172.718,106.651,31.91,0.81,61.791,2.633,61.371,5.275,7.332,267.072,203.363,145.909,74.333,199.983,135.551,64.668,6.265,95.716,14.013,94.165,21.931,27.569,285.382,216.969,159.712,94.481,219.332,152.55,87.175,14.888,114.212,27.957,114.037,39.233,46.585,107.454,76.026,115.286,85.157
10006310,Adelanto Ice Processing Center,,34.55969543666143,-117.44071494857548,34.546875,-117.453125,1.82,14,62,False,153.943,91.361,14.821,0.057,71.953,7.465,0.05,0.001,64.752,3.602,60.663,4.548,7.333,184.109,123.122,42.187,1.426,110.552,30.117,0.938,0.006,98.423,18.715,100.308,22.088,30.768,200.221,140.271,62.766,4.429,130.734,51.451,3.73,0.031,118.053,33.838,121.546,41.422,51.863,93.359,61.289,101.821,70.013
10005361,El Centro Service Processing Center,,32.80301930673736,-115.56681652692428,32.796875,-115.578125,1.256,14,62,False,238.127,175.995,114.391,29.079,166.912,101.936,28.296,0.723,62.307,2.426,57.408,5.258,7.333,267.358,202.948,143.603,65.706,193.401,130.144,59.844,5.392,98.337,13.732,91.001,20.335,26.175,283.629,216.924,158.371,87.69,210.87,146.986,82.876,13.767,117.46,27.963,111.369,37.816,45.519,106.408,75.811,114.05,84.9
10006491,Covina Jail,,34.08995454335269,-117.8886708557222,34.078125,-117.890625,1.325,14,62,False,185.059,88.895,14.561,0.291,100.303,13.151,0.277,0.003,76.58,9.741,68.269,5.798,7.333,226.478,128.953,40.086,2.865,155.112,42.662,2.919,0.038,116.388,30.991,123.72,24.434,29.997,247.739,152.98,62.258,7.782,184.135,73.887,9.377,0.247,140.259,51.176,153.9,49.168,57.275,91.346,62.635,102.232,71.86
10000781,Sacramento County Work Release,,38.600280065057795,-121.49413045068547,38.609375,-121.484375,1.317,14,62,False,153.431,87.728,21.493,0.467,64.292,4.496,0.026,0.0,64.426,9.58,59.728,3.819,7.331,175.39,117.788,45.099,4.093,113.969,18.682,0.381,0.0,96.056,26.308,109.704,16.714,27.774,187.651,134.18,64.052,10.14,138.56,40.614,1.818,0.004,114.536,41.63,134.738,37.292,53.413,93.192,60.41,104.121,68.608
10000859,Larry D Smith Correctional Facility,,33.91003189843904,-116.87021077101804,33.921875,-116.859375,1.651,14,62,False,166.22,97.577,21.713,0.119,65.832,5.115,0.054,0.001,69.681,5.743,70.236,6.097,7.333,203.363,135.687,55.378,2.998,110.592,23.584,0.845,0.014,109.049,26.017,115.359,26.582,30.651,228.238,157.878,77.864,8.205,139.176,41.686,2.475,0.024,131.506,43.988,144.127,45.728,50.729,93.732,59.511,103.148,69.012
10000835,Glen Helen Rehabilitation Center,,34.17753047412101,-117.38931449983622,34.171875,-117.390625,0.639,14,62,False,175.78,101.808,26.072,0.472,103.393,18.356,0.398,0.003,72.075,8.464,71.473,7.015,7.332,214.536,140.128,62.194,6.013,154.391,54.784,4.629,0.113,112.015,32.253,123.241,29.928,31.469,235.877,162.187,85.694,15.109,183.345,87.305,14.357,0.508,134.374,53.509,152.832,58.094,59.9,93.876,63.126,104.26,72.985
10001539,Oxnard City Jail,,34.200843775017155,-119.18149015571184,34.203125,-119.171875,0.918,14,62,False,36.279,2.791,0.029,0.0,44.81,2.68,0.027,0.0,114.139,15.413,75.42,5.769,7.333,54.341,4.907,0.107,0.0,78.256,6.835,0.153,0.0,152.612,24.753,115.271,13.366,18.375,73.413,7.854,0.347,0.002,108.267,14.254,0.512,0.003,181.679,35.869,143.481,26.208,35.499,73.712,57.622,86.584,66.686
10000891,Pitchess Detention Center-South,,34.46605502608862,-118.5996116034917,34.453125,-118.609375,1.691,14,62,False,172.857,97.013,26.973,0.913,77.867,9.266,0.086,0.003,74.228,12.681,70.45,7.042,7.331,215.426,137.06,57.726,6.353,130.09,36.291,1.89,0.008,113.104,35.532,122.055,30.862,32.857,238.855,160.146,81.3,15.038,160.195,65.371,7.071,0.07,135.997,56.86,152.195,58.318,60.633,93.082,60.809,104.878,70.662
10002330,FCI Dublin Camp,,37.717950171696266,-121.8948186675473,37.703125,-121.890625,1.686,14,62,False,120.121,46.947,7.599,0.174,26.787,1.084,0.013,0.0,72.84,17.514,65.549,3.676,7.333,155.235,74.754,18.694,1.296,78.171,5.774,0.166,0.003,105.527,35.493,127.943,17.396,32.052,175.22,97.517,31.308,3.464,119.219,19.801,0.837,0.009,128.682,52.85,161.186,45.514,68.034,86.165,56.409,100.127,64.379
10000863,FCI Lompoc,,34.676755382981256,-120.4994620676944,34.671875,-120.484375,1.48,14,62,False,22.712,2.409,0.034,0.0,12.315,0.8,0.013,0.0,121.553,18.259,75.744,5.737,7.333,41.88,5.296,0.305,0.001,28.857,2.285,0.097,0.0,178.454,34.361,133.775,14.043,19.199,62.149,8.79,0.744,0.004,56.136,5.442,0.329,0.007,221.485,51.745,176.05,29.541,40.858,71.039,52.906,85.289,61.81
10000833,FCI Victorville Medium I Camp,,34.56900668681523,-117.36974423441475,34.578125,-117.359375,1.387,14,62,False,162.615,102.546,24.854,0.203,61.81,5.738,0.047,0.003,64.798,4.004,58.185,4.909,7.331,193.045,134.181,58.078,3.532,102.2,25.17,0.854,0.01,99.814,20.676,98.909,22.907,30.431,209.198,150.432,79.318,9.551,123.456,45.061,3.457,0.044,119.037,36.623,120.504,42.021,51.582,94.971,60.42,103.648,69.245
10000831,FCI Victorville Medium II,,34.568484117135945,-117.35831452366868,34.578125,-117.359375,1.075,14,62,False,162.615,102.546,24.854,0.203,61.81,5.738,0.047,0.003,64.798,4.004,58.185,4.909,7.331,193.045,134.181,58.078,3.532,102.2,25.17,0.854,0.01,99.814,20.676,98.909,22.907,30.431,209.198,150.432,79.318,9.551,123.456,45.061,3.457,0.044,119.037,36.623,120.504,42.021,51.582,94.971,60.42,103.648,69.245
10006487,Chula Vista Jail,,32.63993272300781,-117.08303758871024,32.640625,-117.078125,0.466,14,62,False,27.84,2.264,0.034,0.0,96.678,11.925,0.494,0.003,103.799,14.328,63.982,5.81,7.331,44.535,4.255,0.111,0.0,130.373,24.961,1.439,0.015,142.657,24.221,97.139,12.998,17.581,57.618,6.488,0.264,0.001,150.813,42.218,3.113,0.07,164.623,32.361,118.241,23.837,31.766,72.931,62.618,85.652,71.691
10006180,FCI Mendota Camp,,36.728576475901214,-120.39236686830785,36.734375,-120.390625,0.662,14,62,False,175.305,114.473,40.374,1.316,65.304,3.16,0.023,0.0,64.814,6.027,59.083,2.421,7.332,197.777,142.38,72.869,8.531,111.143,20.051,0.379,0.002,98.274,21.683,105.882,16.966,34.923,209.0,155.79,92.446,18.538,135.486,45.919,2.141,0.006,115.362,38.245,131.051,41.152,64.765,96.812,60.577,106.301,67.957
10000887,FCI Terminal Island,,33.72649105995905,-118.26706314344848,33.734375,-118.265625,0.885,14,62,False,12.001,0.696,0.006,0.0,104.025,11.005,0.571,0.005,99.436,11.941,72.816,6.466,7.333,21.506,1.818,0.065,0.0,146.461,24.547,1.859,0.051,135.633,21.521,116.349,15.453,18.563,32.635,3.129,0.113,0.0,169.304,41.361,3.716,0.165,160.606,32.615,140.738,27.427,33.206,70.009,61.953,81.945,71.368
10000867,USP Lompoc Camp,,34.67502678354751,-120.5042452703141,34.671875,-120.515625,1.096,14,62,False,13.098,1.252,0.005,0.0,8.942,0.558,0.008,0.0,124.543,18.327,75.738,5.663,7.332,24.702,2.914,0.091,0.0,21.497,1.617,0.062,0.0,184.212,33.961,131.892,13.912,19.206,37.713,5.043,0.295,0.001,43.776,3.975,0.219,0.004,228.321,51.061,172.144,29.813,41.631,68.392,51.721,82.704,60.615
10000806,USP Atwater,,37.385902009533794,-120.55881096422864,37.390625,-120.546875,1.176,14,62,False,163.451,101.747,27.425,0.327,15.609,0.305,0.006,0.0,63.671,5.89,63.697,2.982,7.332,187.812,130.755,57.445,4.423,55.141,2.771,0.033,0.002,97.832,21.85,116.817,18.836,35.813,198.72,145.649,78.637,11.343,90.14,12.049,0.131,0.0,115.653,38.771,144.931,46.585,68.92,95.0,54.523,104.415,62.179
10000892,Mdc Los Angeles,,34.05365172738237,-118.23852864799257,34.046875,-118.234375,0.844,14,62,False,115.421,19.709,0.943,0.002,128.928,15.798,0.456,0.0,88.932,11.727,73.032,5.415,7.333,162.629,45.589,4.312,0.088,179.885,47.6,3.363,0.038,135.487,31.008,131.546,21.578,28.949,191.049,70.142,9.812,0.427,210.24,81.063,9.419,0.242,165.055,51.453,162.306,45.389,57.012,82.04,63.513,93.759,72.505
10006299,USP Lompoc North Camp,,34.684348596310315,-120.50342145068144,34.671875,-120.515625,1.777,14,62,False,13.098,1.252,0.005,0.0,8.942,0.558,0.008,0.0,124.543,18.327,75.738,5.663,7.332,24.702,2.914,0.091,0.0,21.497,1.617,0.062,0.0,184.212,33.961,131.892,13.912,19.206,37.713,5.043,0.295,0.001,43.776,3.975,0.219,0.004,228.321,51.061,172.144,29.813,41.631,68.392,51.721,82.704,60.615
10005303,FCI Dublin,,37.7185793067588,-121.896970997066,37.703125,-121.890625,1.804,14,62,False,120.121,46.947,7.599,0.174,26.787,1.084,0.013,0.0,72.84,17.514,65.549,3.676,7.333,155.235,74.754,18.694,1.296,78.171,5.774,0.166,0.003,105.527,35.493,127.943,17.396,32.052,175.22,97.517,31.308,3.464,119.219,19.801,0.837,0.009,128.682,52.85,161.186,45.514,68.034,86.165,56.409,100.127,64.379
10005261,Herlong FCI Camp,,40.15300842320584,-120.153899940364,40.140625,-120.140625,1.777,14,62,False,112.412,49.135,2.749,0.001,3.659,0.042,0.0,0.0,63.517,7.12,57.23,3.467,7.333,138.292,84.021,20.007,0.381,20.295,0.435,0.0,0.0,97.418,31.829,97.705,19.854,31.845,151.318,102.531,37.663,2.529,45.523,3.194,0.017,0.0,114.264,51.595,121.2,44.874,59.786,87.866,50.085,97.79,58.169
10006194,USP Atwater Camp,,37.38324683391697,-120.56351089902054,37.390625,-120.578125,1.527,14,62,False,162.489,97.648,21.583,0.159,19.788,0.396,0.005,0.0,64.583,5.606,65.46,2.99,7.333,187.34,127.681,50.231,2.97,63.558,3.607,0.039,0.002,99.411,21.542,119.84,19.082,36.149,198.397,142.963,72.11,8.449,98.248,14.276,0.171,0.001,117.379,38.931,148.052,46.283,69.0,94.111,55.213,103.436,62.896
10000830,USP Victorville,,34.56511772035156,-117.3705686834497,34.578125,-117.359375,1.77,14,62,False,162.615,102.546,24.854,0.203,61.81,5.738,0.047,0.003,64.798,4.004,58.185,4.909,7.331,193.045,134.181,58.078,3.532,102.2,25.17,0.854,0.01,99.814,20.676,98.909,22.907,30.431,209.198,150.432,79.318,9.551,123.456,45.061,3.457,0.044,119.037,36.623,120.504,42.021,51.582,94.971,60.42,103.648,69.245
10000832,FCI Victorville Medium I,,34.565479182329916,-117.3645614551476,34.578125,-117.359375,1.482,14,62,False,162.615,102.546,24.854,0.203,61.81,5.738,0.047,0.003,64.798,4.004,58.185,4.909,7.331,193.045,134.181,58.078,3.532,102.2,25.17,0.854,0.01,99.814,20.676,98.909,22.907,30.431,209.198,150.432,79.318,9.551,123.456,45.061,3.457,0.044,119.037,36.623,120.504,42.021,51.582,94.971,60.42,103.648,69.245
10002323,"California State Prison, Solano (SOL)",SOL,38.320776607604,-121.97523692020748,38.328125,-121.984375,1.14,14,62,False,136.581,56.557,9.305,0.064,24.538,1.124,0.005,0.0,70.148,14.456,72.367,6.935,7.333,168.38,91.712,23.602,1.438,60.967,5.126,0.088,0.0,106.495,31.62,131.572,23.093,25.301,182.335,113.421,37.423,4.205,94.393,12.091,0.299,0.002,127.435,48.466,162.103,43.886,47.887,88.299,54.62,100.805,64.395
10002316,Yolo County Juvenile Detention Facility,,38.66101321635629,-121.73033404289303,38.671875,-121.734375,1.256,14,62,False,157.342,89.959,20.892,0.357,30.496,1.187,0.007,0.0,65.901,9.104,63.544,4.14,7.333,180.087,122.958,46.65,4.241,73.469,5.737,0.076,0.0,100.745,27.658,116.979,16.602,27.627,191.913,139.438,67.075,10.094,109.674,15.103,0.331,0.001,120.497,43.598,148.655,36.321,54.258,93.114,56.647,103.81,64.904
10002350,North County Correctional Facility,,34.46449801148207,-118.58669462597126,34.453125,-118.578125,1.486,14,62,False,178.367,104.427,34.343,1.463,82.676,10.69,0.119,0.002,72.945,11.927,69.668,6.687,7.333,219.665,143.357,66.286,8.748,134.079,39.352,2.192,0.009,110.509,34.04,120.246,29.717,32.488,242.294,166.36,89.242,19.4,163.393,69.455,8.125,0.087,132.727,54.62,150.072,57.236,60.653,94.404,61.391,105.98,71.111
10002355,Central Juvenile Hall,,34.062845125055134,-118.2075310308609,34.078125,-118.203125,1.744,14,62,False,143.609,36.489,2.354,0.013,106.803,12.086,0.27,0.0,85.407,11.486,71.481,5.585,7.333,189.357,72.502,9.793,0.335,162.608,39.755,2.538,0.026,130.64,32.106,130.094,23.086,29.593,216.268,99.606,20.197,1.299,192.907,71.507,7.926,0.172,159.211,52.928,161.319,48.019,57.899,84.846,62.438,96.415,71.559
10002354,Mira Loma Detention Center,,34.701951456144066,-118.23257916788252,34.703125,-118.234375,0.209,14,62,False,155.112,91.275,21.358,0.219,82.919,16.12,0.237,0.001,68.262,7.021,57.441,5.084,7.333,189.851,127.294,51.287,3.469,121.338,51.815,4.398,0.031,103.61,27.765,97.965,28.269,35.129,207.85,145.207,70.797,8.007,141.683,75.312,12.868,0.17,122.634,43.754,119.265,49.449,57.197,93.332,63.583,103.24,72.536
10006242,James G Bowles Juvenile Hall,,35.38551690633812,-118.97007208464194,35.390625,-118.984375,1.413,14,62,False,184.915,129.539,65.41,5.598,131.278,53.878,3.11,0.005,63.466,4.958,56.936,3.609,7.332,206.142,153.375,96.075,21.728,157.57,91.216,17.47,0.184,94.343,20.467,93.928,19.445,30.515,216.682,165.901,113.244,39.029,171.561,111.585,38.877,1.318,111.691,37.154,114.018,41.588,54.903,100.256,69.631,109.319,77.89
10000893,Long Beach City Jail,,33.76887574058282,-118.19740279229644,33.765625,-118.203125,0.64,14,62,False,59.53,8.887,0.642,0.008,92.805,10.754,0.59,0.005,87.539,15.978,68.878,6.689,7.333,88.988,18.945,2.007,0.099,141.777,32.149,2.771,0.116,121.443,30.894,119.757,21.946,25.891,111.997,28.664,3.8,0.217,164.616,55.637,6.608,0.384,144.58,44.143,143.903,41.153,47.705,77.314,61.764,90.853,71.258
10006509,Imperial Regional Detention Facility,,32.69157796738742,-115.39785934490034,32.703125,-115.390625,1.449,14,62,False,242.793,177.443,111.443,24.412,139.493,69.404,15.53,0.233,63.043,2.659,57.852,9.144,7.332,273.085,205.635,143.871,61.879,169.268,106.135,37.825,2.766,102.268,16.257,93.842,27.481,24.923,290.398,221.924,160.42,85.635,187.466,124.907,61.597,8.526,122.998,32.008,114.746,48.423,45.1,105.628,71.864,113.422,82.488
10006224,Camp Mendenhall,,34.65294490631566,-118.47692576783348,34.640625,-118.484375,1.527,14,62,False,105.188,37.555,1.413,0.0,58.627,4.58,0.006,0.0,67.942,8.802,70.988,8.508,7.333,139.85,68.801,9.358,0.096,96.409,22.846,0.593,0.001,101.702,28.852,109.143,32.68,30.176,158.087,88.053,20.037,0.553,119.442,40.856,2.317,0.006,120.23,46.055,132.656,52.679,49.863,85.626,58.369,96.154,68.785
10006223,Camp Munz,,34.65269994694997,-118.4790990449336,34.640625,-118.484375,1.424,14,62,False,105.188,37.555,1.413,0.0,58.627,4.58,0.006,0.0,67.942,8.802,70.988,8.508,7.333,139.85,68.801,9.358,0.096,96.409,22.846,0.593,0.001,101.702,28.852,109.143,32.68,30.176,158.087,88.053,20.037,0.553,119.442,40.856,2.317,0.006,120.23,46.055,132.656,52.679,49.863,85.626,58.369,96.154,68.785
10005249,Del Norte Juvenile Hall,,41.76415323607952,-124.19060254740864,41.765625,-124.203125,1.05,14,62,False,3.607,0.264,0.005,0.0,3.326,0.056,0.001,0.0,77.871,8.817,82.729,3.164,7.333,8.197,0.521,0.011,0.001,9.924,0.251,0.004,0.0,112.065,17.843,128.919,9.569,19.899,11.812,0.845,0.012,0.0,18.507,0.736,0.012,0.0,147.316,26.524,165.632,17.978,34.455,66.264,50.14,77.058,57.864
10005329,Central Valley Juvenile Detention And Assessment Center,,34.13232970328932,-117.26894018143396,34.140625,-117.265625,0.97,14,62,False,185.679,109.961,33.201,0.874,91.452,12.49,0.275,0.006,72.565,8.95,66.791,5.794,7.333,225.544,148.075,71.561,8.726,141.93,46.366,3.34,0.085,112.835,33.078,119.125,28.153,34.049,246.73,170.929,95.365,19.814,169.952,77.607,10.94,0.351,135.616,54.452,147.886,55.934,62.948,94.87,62.404,105.419,71.684
10000907,Monterey Park City Jail,,34.059105896911724,-118.1260141111758,34.046875,-118.140625,1.91,14,62,False,161.05,49.856,3.971,0.037,101.002,11.37,0.263,0.0,83.763,11.227,69.279,5.579,7.333,205.024,88.789,14.535,0.635,156.922,37.615,2.363,0.026,127.8,30.909,127.86,22.566,29.44,230.602,116.42,27.836,2.096,185.801,67.803,7.215,0.165,155.792,51.467,157.512,46.399,56.781,86.575,62.279,98.028,71.345
10005366,Pacific Area Community Jail,,33.99163063383789,-118.41985259215922,33.984375,-118.421875,0.827,14,62,False,36.484,2.942,0.048,0.0,87.127,6.982,0.129,0.0,109.277,14.213,74.147,5.309,7.332,56.401,6.011,0.268,0.0,129.611,17.65,0.664,0.004,148.501,24.898,116.793,14.176,20.171,78.599,9.473,0.561,0.005,155.788,34.003,1.924,0.028,176.906,37.353,143.919,28.083,39.252,74.019,60.831,86.704,69.713
10005364,77th Street Regional Jail,,33.970346036657936,-118.27739864086942,33.984375,-118.265625,1.897,14,62,False,112.973,17.893,1.005,0.003,108.762,11.246,0.351,0.0,91.472,12.267,71.301,5.435,7.333,160.756,40.04,3.848,0.114,162.473,34.875,2.2,0.028,138.881,29.802,128.284,19.672,27.343,190.203,62.905,8.215,0.374,191.967,63.704,5.927,0.157,169.151,48.962,158.311,40.966,53.673,81.532,62.423,93.535,71.322
10006325,Santa Ana City Jail,,33.75017454253526,-117.88059472025569,33.765625,-117.890625,1.949,14,62,False,123.759,24.629,1.769,0.021,96.654,11.849,0.467,0.003,89.933,14.122,69.314,6.953,7.333,167.503,47.923,5.366,0.179,147.533,32.69,2.577,0.043,133.029,30.379,121.629,21.544,24.256,192.879,69.833,10.855,0.632,176.022,58.843,6.294,0.232,159.59,47.37,151.243,42.049,46.688,82.532,61.94,95.123,71.604
10006307,Cai - Ocean View,,32.70025287997728,-117.11802856467416,32.703125,-117.109375,0.869,14,62,False,71.814,9.856,0.484,0.0,102.381,11.896,0.499,0.003,96.667,15.707,65.976,5.633,7.333,107.872,20.662,1.606,0.03,144.139,28.313,1.809,0.024,136.747,31.363,109.263,14.976,20.027,135.816,30.599,2.957,0.081,169.431,49.56,4.195,0.112,165.454,45.392,133.622,28.475,37.717,77.946,62.655,91.215,71.694
10000898,Glendora City Jail,,34.134683472370746,-117.86472195529764,34.140625,-117.859375,0.822,14,62,False,171.221,81.014,11.336,0.138,97.503,13.981,0.336,0.003,75.352,9.155,74.311,7.821,7.333,212.696,120.244,34.838,2.009,152.186,42.662,3.471,0.085,114.352,30.506,127.891,29.042,28.548,234.044,143.63,55.897,5.866,181.902,70.553,9.306,0.285,137.8,50.589,158.422,52.45,51.791,90.659,61.958,101.336,72.125
10005322,San Benito County Jail,,36.88402085050856,-121.41134831394592,36.890625,-121.421875,1.188,14,62,False,94.353,23.494,2.355,0.022,7.51,0.192,0.003,0.0,82.99,19.151,74.645,3.007,7.333,134.412,41.649,5.687,0.133,32.914,1.326,0.031,0.0,121.551,35.014,139.195,15.103,34.008,159.868,58.298,10.137,0.442,70.45,5.62,0.127,0.002,147.473,50.009,174.364,41.481,70.918,81.121,52.685,95.718,60.054
10005309,Maguire Correctional Facility,,37.48776481473485,-122.23165188434776,37.484375,-122.234375,0.446,14,62,False,86.169,16.92,1.428,0.017,15.169,0.635,0.009,0.0,71.123,12.598,68.896,3.936,7.333,127.78,34.348,3.984,0.146,49.237,2.887,0.091,0.001,112.428,26.09,130.407,15.53,29.858,154.045,55.768,7.947,0.379,86.732,8.895,0.312,0.006,139.569,44.512,168.279,36.979,59.981,81.472,54.473,94.049,62.386
10000909,Pomona City Jail,,34.054407799325865,-117.7537923831384,34.046875,-117.765625,1.372,14,62,False,166.872,75.085,9.795,0.102,71.375,6.883,0.091,0.003,77.917,10.763,66.147,5.824,7.331,209.811,115.852,32.42,1.997,126.223,29.719,1.558,0.016,118.795,34.476,120.965,26.641,32.329,232.928,140.193,52.868,5.757,155.685,56.236,5.671,0.122,143.272,55.452,150.636,52.032,59.76,89.677,60.491,100.905,69.739
10006306,Cai - Boston Avenue,,32.69354083598739,-117.13502194396476,32.703125,-117.140625,1.186,14,62,False,54.361,6.202,0.246,0.0,106.361,12.534,0.562,0.003,98.218,14.968,65.699,5.661,7.333,85.829,12.768,0.758,0.013,146.573,27.446,1.784,0.025,136.776,28.417,106.992,13.645,18.324,110.59,19.176,1.49,0.04,171.196,47.441,3.909,0.108,164.729,40.69,130.782,25.482,34.379,76.317,62.879,89.336,71.885
10006221,Camp Kilpatrick,,34.09201895807897,-118.837876371687,34.078125,-118.828125,1.784,14,62,False,84.889,18.365,0.748,0.0,70.297,12.563,0.336,0.0,77.012,14.514,74.092,14.048,7.333,128.498,45.367,4.909,0.081,119.681,38.748,3.628,0.059,119.201,38.816,124.093,41.64,28.285,156.712,67.366,10.179,0.406,150.175,60.272,8.424,0.221,147.265,59.555,155.073,64.0,47.042,80.982,59.535,93.543,71.908
10005266,Tehama County Jail,,40.175627755533974,-122.23695248454342,40.171875,-122.234375,0.47,14,62,False,160.694,104.49,37.512,2.631,73.289,7.291,0.106,0.0,65.49,10.488,54.824,3.795,7.332,181.293,132.87,70.997,11.573,112.567,28.916,1.158,0.012,99.469,30.441,96.194,18.082,29.73,192.452,146.216,93.302,24.17,134.044,56.567,5.163,0.103,117.758,50.871,121.676,40.508,57.225,95.876,61.942,107.047,69.962
10005316,Sunnyvale Department Of Public Safety,,37.37040656709717,-122.04014117760228,37.359375,-122.046875,1.361,14,62,False,78.568,14.235,0.604,0.0,30.163,1.063,0.007,0.0,73.104,12.518,66.476,3.201,7.333,121.668,26.315,2.036,0.02,72.475,3.776,0.076,0.001,114.977,23.592,124.812,10.104,22.513,152.138,43.333,4.297,0.053,114.939,11.329,0.279,0.002,145.481,39.367,163.943,26.539,50.25,80.551,57.015,92.727,64.563
10000804,Madera County Juvenile Hall,,36.95303527822695,-120.0337697819451,36.953125,-120.046875,1.163,14,62,False,163.758,103.62,29.797,0.452,62.269,3.471,0.028,0.002,63.913,5.503,57.99,2.875,7.332,187.72,133.14,64.207,6.358,105.35,19.748,0.425,0.002,99.067,24.379,101.674,17.6,32.31,198.589,147.535,85.353,15.523,128.719,46.728,3.078,0.012,117.009,43.068,125.608,43.512,63.063,95.446,60.418,104.713,68.1
10007007,Kern County - Lerdo Justice Facility,,35.50642904042633,-119.1109999113409,35.515625,-119.109375,1.031,14,62,False,162.805,95.849,18.964,0.105,79.258,9.114,0.052,0.0,66.662,4.853,64.21,4.919,7.333,188.553,127.143,49.149,2.108,117.386,34.124,1.016,0.004,101.851,21.654,104.043,23.648,30.593,202.344,143.826,72.389,6.789,140.017,57.481,4.497,0.02,121.035,40.589,127.732,44.42,53.196,93.686,61.608,102.716,70.568
10007001,Northern Branch Jail,,34.91837859256055,-120.49241570493896,34.921875,-120.484375,0.828,14,62,False,26.291,3.118,0.097,0.0,9.761,0.492,0.005,0.0,130.868,22.985,77.296,6.329,7.332,45.363,5.84,0.357,0.004,23.416,1.645,0.05,0.0,187.147,40.303,136.788,15.774,19.421,66.96,9.874,0.863,0.01,47.279,4.17,0.17,0.0,228.089,59.925,176.602,33.326,41.874,70.67,51.611,86.221,60.903
10000826,Avenal State Prison,ASP,35.97394943680589,-120.123101823151,35.984375,-120.109375,1.691,14,62,False,157.334,97.28,26.917,0.461,103.61,22.256,0.317,0.001,63.039,6.304,63.021,4.53,7.33,183.141,126.556,53.661,3.405,136.134,54.362,2.759,0.008,95.025,20.167,100.877,19.37,27.359,196.509,141.862,73.594,9.004,155.161,76.421,8.431,0.043,112.246,35.587,121.075,36.4,46.603,94.832,64.652,104.446,73.431
10002345,California Men's Colony (CMC),CMC,35.324574100099134,-120.69890041992886,35.328125,-120.703125,0.549,14,62,False,29.113,3.928,0.191,0.001,12.744,0.747,0.006,0.0,120.409,24.081,89.896,8.627,7.332,52.456,8.8,0.766,0.008,30.838,2.586,0.076,0.001,172.317,44.344,153.449,21.825,19.809,74.337,14.078,1.604,0.043,59.568,6.154,0.251,0.002,209.374,63.283,198.391,43.341,40.897,71.066,51.566,87.352,62.09
10000852,California City Correctional Center (CAC),CAC,35.15325120165892,-117.85888005110138,35.140625,-117.859375,1.402,14,62,False,171.496,115.884,42.95,0.912,43.246,3.021,0.027,0.001,62.733,3.363,60.28,6.012,7.333,200.864,144.557,78.46,8.824,83.348,12.554,0.326,0.006,97.168,19.467,103.277,20.852,24.687,214.557,160.248,99.506,20.891,113.93,30.955,2.003,0.018,116.419,37.217,131.132,44.328,50.146,97.583,57.954,105.841,67.294
10000824,"California State Prison, Corcoran (COR)",COR,36.060818292814254,-119.54912102574772,36.046875,-119.546875,1.561,14,62,False,176.675,117.128,42.56,1.281,85.646,9.241,0.055,0.0,63.883,4.576,57.181,2.438,7.333,198.13,144.131,76.538,8.665,123.143,40.801,1.212,0.006,97.313,19.448,100.256,19.291,36.546,210.016,158.175,97.217,19.876,144.632,71.183,7.07,0.037,115.69,36.777,124.159,45.729,66.454,97.375,63.055,106.249,70.58
10000825,Ca Substance Abuse Treatment Facility (SATF),SATF,36.05395908338128,-119.54782062864966,36.046875,-119.546875,0.791,14,62,False,176.675,117.128,42.56,1.281,85.646,9.241,0.055,0.0,63.883,4.576,57.181,2.438,7.333,198.13,144.131,76.538,8.665,123.143,40.801,1.212,0.006,97.313,19.448,100.256,19.291,36.546,210.016,158.175,97.217,19.876,144.632,71.183,7.07,0.037,115.69,36.777,124.159,45.729,66.454,97.375,63.055,106.249,70.58
10000801,Central California Women's Facility (CCWF),CCWF,37.0936807963828,-120.15270979438849,37.078125,-120.140625,2.031,14,62,False,164.373,102.367,26.751,0.345,25.508,0.618,0.011,0.0,65.579,5.679,61.603,2.95,7.331,188.213,132.338,59.879,4.672,69.279,4.885,0.052,0.002,100.849,23.697,111.935,17.102,33.106,199.373,147.123,81.965,12.229,104.278,18.837,0.372,0.002,118.966,42.341,138.405,44.538,66.963,94.89,56.226,104.214,63.854
10002346,Chuckawalla Valley State Prison (CVSP),CVSP,33.562579498036335,-114.90950576295587,33.578125,-114.921875,2.07,14,62,False,232.555,172.941,114.038,30.014,163.518,102.843,35.138,1.205,61.233,2.102,56.647,5.108,7.333,261.818,199.681,144.316,69.988,191.048,131.022,67.177,9.918,100.899,15.897,88.387,23.56,29.399,279.092,214.756,160.251,93.821,208.504,148.765,90.064,23.746,121.448,32.952,109.337,43.254,50.396,106.524,76.858,114.147,85.89
10000869,R J Donovan Correctional Facility (RJD),RJD,32.58456492210108,-116.9335763874008,32.578125,-116.921875,1.307,14,62,False,109.473,19.185,0.892,0.0,63.717,6.483,0.169,0.001,90.89,13.601,76.014,8.467,7.333,161.719,41.537,3.857,0.06,112.054,18.352,1.053,0.009,141.654,31.518,126.671,23.083,22.077,191.262,62.774,7.802,0.202,146.478,34.082,2.62,0.04,171.753,49.354,161.059,41.673,40.351,81.449,58.995,93.788,69.433
10002309,Pelican Bay State Prison (PBSP),PBSP,41.85480855418667,-124.1490751163596,41.859375,-124.140625,0.863,14,62,False,11.856,1.358,0.025,0.0,2.73,0.053,0.0,0.0,72.205,13.351,85.029,3.754,7.333,20.226,1.694,0.022,0.001,10.967,0.288,0.002,0.0,108.218,23.191,145.139,14.566,26.74,33.082,3.526,0.089,0.0,25.262,1.414,0.03,0.0,140.035,37.303,186.626,32.252,54.391,69.369,49.128,82.331,57.218
10000822,Gabilan Conservation Camp #38,,36.46407283647074,-121.38305815511475,36.453125,-121.390625,1.39,14,62,False,119.586,29.588,3.397,0.029,2.766,0.055,0.001,0.0,92.886,20.358,81.344,3.172,7.333,166.823,48.865,7.457,0.243,10.834,0.317,0.004,0.0,136.705,35.178,152.226,12.279,27.288,194.612,68.189,12.553,0.745,28.567,1.213,0.015,0.0,166.999,50.35,198.358,31.895,61.507,82.12,49.591,97.051,57.095
10000810,Pleasant Valley State Prison (PVSP),PVSP,36.131473239777144,-120.24889960644474,36.140625,-120.234375,1.652,14,62,False,167.247,107.325,34.016,0.7,81.695,8.14,0.09,0.002,63.767,5.491,61.761,3.762,7.333,192.267,136.008,66.985,6.478,123.033,31.803,0.816,0.001,97.447,22.3,106.076,18.913,30.506,204.523,150.181,85.73,14.99,144.18,53.825,3.027,0.009,114.584,37.481,128.558,36.929,51.981,96.05,61.98,105.314,70.264
10000802,Valley State Prison (VSP),VSP,37.105477428630245,-120.15547185750694,37.109375,-120.140625,1.384,14,62,False,165.049,103.01,27.442,0.358,25.168,0.581,0.005,0.0,65.564,5.693,62.124,3.093,7.333,188.503,132.857,60.746,4.764,67.827,4.787,0.055,0.002,100.97,23.6,111.705,17.6,32.769,199.682,147.618,82.817,12.605,103.11,18.611,0.364,0.002,119.117,42.574,138.546,45.256,66.404,94.972,56.069,104.316,63.809
10005251,Devils Garden Conservation Camp #40,,41.52359923931703,-120.67020461410344,41.515625,-120.671875,0.896,14,62,False,77.52,17.911,0.234,0.0,0.604,0.003,0.0,0.0,65.944,11.134,61.173,4.055,7.333,109.02,51.127,5.108,0.038,5.988,0.053,0.0,0.0,99.544,39.449,104.58,24.54,35.569,125.421,72.118,14.883,0.628,20.743,0.525,0.001,0.0,117.0,60.231,128.0,50.726,63.249,81.845,45.456,93.169,53.887
10000858,Bautista Conservation Camp #36,,33.64204515942113,-116.80923524430564,33.640625,-116.796875,1.153,14,62,False,126.258,46.563,1.673,0.0,64.532,5.018,0.031,0.001,73.501,7.154,69.254,6.339,7.333,167.428,87.997,11.516,0.078,106.936,23.48,0.545,0.004,115.099,28.203,111.645,27.28,30.88,191.456,113.433,24.549,0.506,133.204,45.832,2.033,0.017,139.445,48.617,137.873,51.016,55.163,86.853,59.414,96.785,69.016
10006530,Folsom Women's Facility (FWF),FWF,38.69320816978507,-121.14879148409725,38.703125,-121.140625,1.309,14,62,False,131.032,61.856,6.829,0.011,52.456,2.384,0.007,0.0,64.534,7.714,67.752,4.595,7.331,156.65,93.602,22.929,0.555,97.56,13.127,0.153,0.0,96.298,24.935,114.275,20.336,27.797,169.486,111.967,38.77,2.126,123.97,30.193,0.862,0.001,114.418,41.324,138.957,41.282,51.844,89.631,58.485,99.785,67.316
10005248,Deadwood Conservation Camp #23,,41.67774197144028,-122.82407824218762,41.671875,-122.828125,0.733,14,62,False,88.18,27.163,0.901,0.0,2.281,0.03,0.0,0.0,66.829,11.848,63.766,5.441,7.333,116.77,62.649,8.662,0.096,16.932,0.325,0.0,0.0,98.885,40.497,103.191,29.321,35.277,130.744,80.511,18.722,0.619,36.002,1.685,0.007,0.0,114.451,58.15,122.793,52.069,58.265,83.578,47.783,95.138,56.957
10000904,Julius Klein Conservation Camp #19,,34.2378303823899,-117.82290059711198,34.234375,-117.828125,0.614,14,62,False,120.603,40.982,1.745,0.0,62.487,6.427,0.068,0.0,69.99,7.83,72.036,9.161,7.333,161.226,77.635,11.154,0.197,106.653,27.653,1.485,0.012,108.333,28.464,116.98,34.208,30.264,184.084,100.127,23.396,0.837,135.32,47.721,4.741,0.076,130.754,47.79,146.053,56.08,50.918,86.332,58.887,96.527,69.6
10005252,Eel River Conservation Camp #31,,40.13825346356871,-123.8224067420024,40.140625,-123.828125,0.552,14,62,False,81.328,23.132,1.805,0.021,1.367,0.035,0.002,0.0,68.685,16.636,63.859,2.49,7.333,112.263,50.181,11.3,0.563,11.391,0.401,0.008,0.0,100.483,41.549,115.189,18.19,37.929,129.364,67.776,20.994,1.349,30.787,1.652,0.046,0.001,117.989,57.504,149.169,43.002,70.232,81.835,48.36,95.672,55.396
10005290,Growlersburg Conservation Camp #33,,38.90313303813308,-120.87004293218703,38.890625,-120.859375,1.666,14,62,False,122.5,57.785,5.937,0.016,71.366,8.751,0.025,0.0,67.162,9.279,68.513,7.599,7.333,151.237,92.236,24.352,0.774,110.215,35.839,1.282,0.006,100.715,31.862,107.663,33.366,32.915,166.668,112.635,43.118,2.664,132.447,60.531,5.699,0.036,120.445,52.681,129.991,57.667,57.197,88.687,60.37,99.396,70.462
10000905,Malibu Conservation Camp #13,,34.08392941062969,-118.86552872385522,34.078125,-118.859375,0.857,14,62,False,78.858,15.353,0.614,0.0,69.67,11.252,0.288,0.0,77.351,14.695,75.248,13.309,7.331,120.986,39.592,3.886,0.057,119.367,37.43,3.271,0.05,119.243,38.499,125.703,41.506,29.259,149.279,60.777,8.642,0.295,149.8,59.456,8.201,0.206,147.524,59.365,156.781,64.579,49.273,80.181,59.354,92.862,71.504
10005305,Mount Bullion Conservation Camp #39,,37.5359784933773,-120.048738197483,37.546875,-120.046875,1.221,14,62,False,110.947,45.003,2.017,0.0,66.377,5.345,0.006,0.0,67.137,7.764,69.457,6.319,7.332,141.894,81.861,15.02,0.159,103.303,28.694,0.558,0.002,102.104,31.711,105.954,31.409,34.219,157.639,103.143,31.847,0.936,124.107,55.426,3.98,0.014,121.465,53.829,126.561,58.71,61.66,86.924,59.591,97.068,69.227
10002310,High Desert State Prison (HDSP),HDSP,40.40786908373915,-120.51339082085426,40.421875,-120.515625,1.566,14,62,False,112.066,55.439,5.273,0.01,18.149,0.265,0.002,0.0,62.329,7.878,58.177,4.68,7.333,136.428,87.932,27.908,1.078,52.863,4.236,0.021,0.0,93.991,34.276,95.906,25.786,33.026,149.493,104.883,47.362,5.196,77.442,15.515,0.313,0.0,110.354,53.836,115.405,49.42,57.609,88.903,54.036,99.094,62.854
10000878,McCain Valley Conservation Camp #21,,32.68422671566009,-116.2667738482972,32.671875,-116.265625,1.375,14,62,False,122.123,44.294,1.532,0.0,55.805,2.797,0.017,0.0,65.956,5.154,68.385,5.633,7.333,159.628,82.068,8.472,0.052,92.727,14.752,0.202,0.002,104.564,19.468,105.941,22.808,27.452,180.533,101.764,16.811,0.271,117.97,28.817,0.852,0.008,123.998,33.454,131.368,40.618,46.433,87.42,58.452,96.552,67.808
10000855,Cuesta Conservation Camp #24,,35.329429003849334,-120.73344205123828,35.328125,-120.734375,0.168,14,62,False,26.229,3.574,0.182,0.001,8.296,0.373,0.005,0.0,121.015,23.021,87.961,6.885,7.333,45.856,7.528,0.658,0.009,20.71,1.457,0.031,0.0,169.076,40.713,149.049,17.533,19.712,64.141,11.757,1.322,0.037,41.666,3.564,0.109,0.0,206.904,57.369,194.784,35.717,41.706,70.728,50.689,86.811,60.291
10006204,Holton Conservation Camp #16,,34.300036648410114,-118.36033132151492,34.296875,-118.359375,0.362,14,62,False,125.35,35.7,1.492,0.0,75.982,9.81,0.141,0.0,81.131,11.256,80.172,11.131,7.333,174.527,74.554,10.086,0.158,129.727,34.745,2.377,0.015,127.212,36.513,134.976,37.449,29.635,205.166,102.657,21.4,0.849,163.713,56.195,6.825,0.12,157.996,59.19,169.209,59.751,49.759,84.589,59.577,95.889,70.901
10000789,Baseline Conservation Camp #30,,37.92402926410429,-120.52961603771271,37.921875,-120.515625,1.248,14,62,False,146.481,82.768,13.779,0.057,37.215,1.262,0.006,0.0,68.006,7.23,70.791,7.869,7.333,173.749,115.975,41.453,2.053,75.518,11.34,0.107,0.0,103.54,28.545,111.958,31.353,30.393,186.791,134.392,65.153,7.529,101.388,25.931,0.894,0.0,123.33,49.973,137.347,53.504,52.352,91.905,55.848,101.87,66.046
10000774,Intermountain Conservation Camp #22,,41.1231067161181,-121.22419725359636,41.109375,-121.234375,1.746,14,62,False,77.824,16.497,0.239,0.0,1.087,0.005,0.0,0.0,64.685,9.428,61.78,4.625,7.333,107.78,46.094,4.13,0.041,10.522,0.157,0.0,0.0,96.728,33.196,103.443,25.622,33.93,124.983,68.943,12.011,0.329,29.101,1.079,0.001,0.0,115.08,55.141,127.142,52.098,61.897,82.013,46.72,92.802,55.505
10005328,Pilot Rock Conservation Fire Camp #15,,34.271656892428354,-117.2814657468556,34.265625,-117.296875,1.564,14,62,False,85.018,12.662,0.051,0.0,57.071,4.449,0.021,0.0,70.341,6.255,63.107,6.05,7.333,123.91,40.778,1.777,0.002,97.252,24.111,0.767,0.001,110.094,27.741,102.468,29.095,33.024,144.392,62.913,5.336,0.04,120.794,47.805,3.253,0.033,131.328,47.381,126.164,54.284,58.574,81.842,59.185,91.449,68.679
10000901,Fenner Canyon Conservation Camp #41,,34.39010316279468,-117.77262913360008,34.390625,-117.765625,0.644,14,62,False,37.145,0.635,0.0,0.0,12.676,0.105,0.0,0.0,63.784,3.047,61.203,3.753,7.332,68.872,4.848,0.023,0.0,38.167,1.555,0.01,0.0,96.144,13.891,99.925,16.893,27.071,87.813,10.042,0.103,0.0,59.976,4.077,0.03,0.0,113.658,24.618,119.719,32.492,46.594,77.025,53.169,85.083,61.522
10005264,Ishi Conservation Camp #18,,40.31308214420257,-121.89495892375476,40.328125,-121.890625,1.71,14,62,False,126.312,64.314,8.001,0.083,50.079,4.126,0.03,0.0,68.18,9.527,68.045,8.869,7.332,153.373,99.638,30.108,1.359,96.315,20.278,0.58,0.003,103.003,33.582,112.393,34.214,30.664,166.402,118.324,51.523,5.184,117.32,40.446,2.597,0.024,121.262,55.697,132.446,58.706,54.407,89.45,57.754,100.229,68.33
10000793,O.H.Close Youth Correctional Facility,,37.89852127379901,-121.19769467027837,37.890625,-121.203125,0.997,14,62,False,154.159,81.508,15.462,0.108,36.43,1.071,0.008,0.0,65.61,8.81,60.255,2.772,7.333,181.49,116.528,37.247,2.249,86.636,7.946,0.139,0.0,101.932,25.529,113.733,16.511,33.003,194.684,134.563,56.431,6.288,119.384,21.947,0.61,0.002,120.708,41.883,142.261,38.226,62.635,91.984,57.708,102.564,65.225
10005324,Mountain Home Conservation Camp #10,,36.20791412059433,-118.71392800271092,36.203125,-118.703125,1.104,14,62,False,74.149,7.916,0.002,0.0,38.391,0.58,0.0,0.0,65.426,4.735,65.101,3.99,7.332,113.566,36.756,0.707,0.0,85.24,10.434,0.027,0.0,106.222,27.894,108.015,29.106,39.968,133.847,64.946,4.272,0.01,110.913,31.792,0.571,0.0,127.193,54.527,130.168,59.187,70.875,81.182,56.696,90.169,65.356
10005256,Trinity River Conservation Camp #3,,40.78981381613563,-122.80394970874065,40.796875,-122.796875,0.984,14,62,False,116.154,55.066,5.559,0.037,3.048,0.038,0.0,0.0,67.259,10.121,58.783,5.813,7.332,140.033,86.481,21.134,0.726,17.533,0.54,0.003,0.0,97.654,31.142,102.235,25.728,30.187,151.348,104.122,40.171,3.43,30.727,1.838,0.012,0.0,113.711,52.111,125.275,42.764,48.654,88.208,48.249,99.181,57.531
10000877,Rainbow Conservation Camp #2,,33.427961075610796,-117.11832774136676,33.421875,-117.109375,1.07,14,62,False,138.625,45.059,3.372,0.009,47.025,4.611,0.096,0.001,81.741,12.733,69.183,9.211,7.333,185.631,84.351,15.016,0.457,96.07,18.385,0.97,0.02,126.022,36.559,123.151,30.876,27.533,211.498,110.649,27.765,1.623,127.004,37.131,3.098,0.079,152.712,57.446,154.073,55.978,50.828,85.797,57.525,97.659,68.335
10006497,Seal Beach Detention Center,,33.75270984107934,-118.08776063978296,33.765625,-118.078125,1.687,14,62,False,37.862,4.83,0.303,0.001,87.314,9.314,0.386,0.001,104.138,18.707,69.188,6.417,7.333,56.147,8.331,0.683,0.024,129.433,23.695,1.624,0.03,140.471,29.679,111.854,17.462,21.39,75.192,12.842,1.321,0.053,152.984,43.667,4.228,0.17,162.697,41.716,136.347,34.011,40.679,73.701,61.333,88.136,70.703
10006316,Fontana City Jail,,34.10164898633541,-117.43379001368056,34.109375,-117.421875,1.391,14,62,False,178.438,101.259,25.677,0.519,101.018,15.418,0.348,0.003,73.542,9.3,72.573,6.863,7.333,217.237,139.662,60.767,6.208,154.676,51.32,4.155,0.142,112.922,33.338,127.381,30.567,32.774,239.024,162.461,84.703,15.1,183.551,83.654,12.57,0.478,135.808,54.714,156.779,58.414,60.975,93.61,62.632,104.319,72.411
10006317,Garden Grove City Jail,,33.77637797128475,-117.93573132365108,33.765625,-117.921875,1.749,14,62,False,114.09,20.969,1.482,0.013,96.152,11.561,0.452,0.003,91.438,14.429,68.992,6.707,7.333,157.644,41.402,4.407,0.149,147.055,32.093,2.502,0.046,134.304,30.369,121.139,21.115,24.451,183.242,61.548,8.929,0.509,174.657,58.059,6.095,0.227,160.904,47.237,149.918,41.446,47.122,81.684,61.938,94.421,71.49
10000884,Ventura County East County Jail,,34.24764369046445,-118.83478790538416,34.234375,-118.828125,1.595,14,62,False,130.171,36.981,2.431,0.003,80.636,11.343,0.219,0.0,85.564,14.938,79.063,10.797,7.331,178.805,70.229,9.859,0.28,133.585,34.197,2.178,0.019,132.278,36.22,131.845,33.136,26.669,206.644,98.67,20.531,1.127,165.275,60.638,6.571,0.12,161.359,58.912,163.409,59.296,50.127,84.182,60.161,96.796,71.409
10000815,Santa Cruz County Juvenile Hall,,37.04370218416292,-122.04884959847284,37.046875,-122.046875,0.393,14,62,False,91.178,18.732,1.652,0.01,3.676,0.085,0.0,0.0,83.867,16.483,85.866,5.554,7.333,134.809,38.114,4.749,0.149,14.939,0.689,0.011,0.0,127.683,34.125,152.519,21.973,28.886,159.961,57.198,9.949,0.567,33.314,2.327,0.035,0.0,152.906,52.297,189.615,45.057,55.457,80.638,48.612,94.393,57.677
10001535,Riverside County Blythe Jail,,33.613244388995795,-114.59791339322456,33.609375,-114.609375,1.143,14,62,False,238.703,181.291,120.92,34.257,153.769,88.638,23.722,0.542,60.054,2.054,55.276,6.062,7.33,262.966,204.967,150.269,76.356,181.016,119.391,56.012,6.308,101.853,15.991,89.896,26.821,30.184,279.355,218.65,165.263,100.074,196.074,135.736,74.667,15.435,122.237,34.342,106.985,43.366,47.087,107.149,74.814,114.662,84.282
10005370,Lapd Hollywood Area Jail,,34.09577047236163,-118.33065860825457,34.109375,-118.328125,1.528,14,62,False,114.618,21.593,1.061,0.001,90.199,8.791,0.146,0.0,89.464,13.109,74.242,6.117,7.331,159.901,47.901,4.949,0.127,145.202,30.236,1.615,0.008,134.227,33.45,129.867,23.303,28.185,188.245,71.045,10.524,0.463,175.555,57.526,5.253,0.088,163.194,52.717,160.69,47.284,54.678,82.026,61.133,94.149,70.525
10005368,Lapd Metropolitan Detention Center,,34.052080277150985,-118.240951738798,34.046875,-118.234375,0.836,14,62,False,115.421,19.709,0.943,0.002,128.928,15.798,0.456,0.0,88.932,11.727,73.032,5.415,7.333,162.629,45.589,4.312,0.088,179.885,47.6,3.363,0.038,135.487,31.008,131.546,21.578,28.949,191.049,70.142,9.812,0.427,210.24,81.063,9.419,0.242,165.055,51.453,162.306,45.389,57.012,82.04,63.513,93.759,72.505
10006228,Camp Scott,,34.457183406305845,-118.48669688989436,34.453125,-118.484375,0.498,14,62,False,166.733,92.252,22.023,0.468,82.756,11.03,0.107,0.001,72.387,10.667,71.851,7.301,7.333,209.873,133.01,51.606,4.181,134.141,40.981,2.287,0.008,111.955,31.905,122.094,32.192,33.004,233.528,157.104,75.59,11.242,163.32,68.023,7.494,0.079,135.839,53.378,151.508,57.343,58.242,92.674,61.209,103.826,71.201
10006230,Transitional Facilities,,37.49315980362607,-122.22085687599696,37.484375,-122.234375,1.539,14,62,False,86.169,16.92,1.428,0.017,15.169,0.635,0.009,0.0,71.123,12.598,68.896,3.936,7.333,127.78,34.348,3.984,0.146,49.237,2.887,0.091,0.001,112.428,26.09,130.407,15.53,29.858,154.045,55.768,7.947,0.379,86.732,8.895,0.312,0.006,139.569,44.512,168.279,36.979,59.981,81.472,54.473,94.049,62.386
10005369,Lapd Foothill Area Jail,,34.253008666349736,-118.41049483281228,34.265625,-118.421875,1.747,14,62,False,167.812,77.293,12.187,0.187,89.898,11.463,0.221,0.0,75.938,11.529,74.247,7.513,7.333,211.422,117.868,35.759,2.417,147.89,39.478,2.709,0.056,116.196,34.599,131.432,30.033,30.785,238.418,145.236,56.514,6.098,180.824,68.867,8.043,0.179,143.531,55.092,164.567,56.037,56.771,90.181,61.356,101.627,71.422
10005371,Lapd Valley Jail Section,,34.183695097941026,-118.44523606464249,34.171875,-118.453125,1.499,14,62,False,153.639,60.256,6.844,0.074,91.79,11.206,0.186,0.001,78.448,13.194,70.002,6.175,7.333,198.914,98.701,23.536,1.342,149.229,40.478,2.569,0.021,119.823,35.883,127.502,27.316,32.447,228.706,126.375,39.211,3.533,181.709,70.743,7.979,0.144,149.083,56.09,159.764,52.881,59.957,87.771,61.846,99.816,71.287
10005283,Washington Ridge Conservation Camp #44,,39.3079091221786,-120.93491737585298,39.296875,-120.921875,1.66,14,62,False,104.201,31.591,0.906,0.001,39.928,1.162,0.0,0.0,69.717,7.795,65.813,5.113,7.332,136.711,71.135,7.957,0.09,84.789,12.436,0.112,0.0,106.219,31.584,108.387,29.435,36.27,153.207,94.039,18.951,0.404,109.678,30.976,0.846,0.001,125.566,53.912,130.43,55.953,63.865,85.06,56.88,95.235,65.98
10005340,Cois M. Byrd Detention Center,,33.581147847246136,-117.12241672177,33.578125,-117.109375,1.252,14,62,False,171.424,84.914,13.745,0.158,37.648,2.695,0.063,0.002,79.054,11.462,65.955,6.893,7.333,217.569,126.846,40.401,2.574,88.895,13.159,0.647,0.023,121.045,35.86,123.418,26.935,29.98,241.896,152.745,63.523,7.396,123.312,29.932,2.054,0.075,146.879,57.729,156.878,52.543,56.059,90.651,56.937,102.081,66.749
10005341,Indio Juvenile Hall,,33.70339507605988,-116.22241251718144,33.703125,-116.234375,1.105,14,62,False,253.789,187.064,124.696,38.585,185.265,117.397,37.083,1.134,61.908,2.67,56.083,3.339,7.333,278.962,213.658,153.485,78.355,210.296,144.454,71.264,8.176,100.607,15.648,89.826,16.845,28.332,295.16,228.532,168.744,100.553,227.073,160.552,93.261,20.818,120.099,30.572,110.041,35.121,50.001,107.538,77.653,115.358,85.679
10006222,Camp Miller,,34.093640682980926,-118.83823161297744,34.078125,-118.828125,1.957,14,62,False,84.889,18.365,0.748,0.0,70.297,12.563,0.336,0.0,77.012,14.514,74.092,14.048,7.333,128.498,45.367,4.909,0.081,119.681,38.748,3.628,0.059,119.201,38.816,124.093,41.64,28.285,156.712,67.366,10.179,0.406,150.175,60.272,8.424,0.221,147.265,59.555,155.073,64.0,47.042,80.982,59.535,93.543,71.908
10006225,Camp Paige,,34.152893963471456,-117.7445140430745,34.140625,-117.734375,1.65,14,62,False,130.22,43.327,2.128,0.001,78.586,10.138,0.122,0.0,76.626,9.38,74.922,8.922,7.332,173.821,83.425,13.454,0.311,126.643,36.576,2.512,0.021,118.493,33.239,122.423,33.946,30.533,198.032,108.122,27.051,1.363,156.145,59.132,7.201,0.158,143.187,54.723,151.998,55.908,51.423,86.103,60.393,96.846,70.987
10005300,Stanislaus County Men's Jail,,37.640028286509654,-120.99654693026912,37.640625,-120.984375,1.072,14,62,False,158.793,95.43,23.897,0.329,83.772,7.77,0.032,0.001,62.918,6.808,59.795,2.955,7.333,183.03,124.446,50.797,4.242,125.405,28.534,0.679,0.001,94.725,22.825,103.188,15.489,28.033,195.169,140.117,70.396,10.603,147.377,52.3,2.894,0.005,112.796,38.062,128.439,33.277,51.51,94.36,62.259,104.159,70.145
10005352,Santa Barbara County Medium Security Facility,,34.44605863466011,-119.77662913612724,34.453125,-119.765625,1.277,14,62,False,87.987,14.07,0.463,0.001,70.724,7.95,0.192,0.0,85.724,13.355,79.359,9.941,7.333,128.924,28.583,2.22,0.047,116.54,21.872,1.355,0.019,126.275,27.543,128.351,25.675,20.862,157.612,42.236,4.448,0.108,148.881,36.064,2.776,0.044,154.655,40.843,160.484,41.676,34.827,80.193,59.228,92.468,70.244
10000799,California Health Care Facility (CHCF),CHCF,37.89778736654379,-121.1905848230992,37.890625,-121.203125,1.356,14,62,False,154.159,81.508,15.462,0.108,36.43,1.071,0.008,0.0,65.61,8.81,60.255,2.772,7.333,181.49,116.528,37.247,2.249,86.636,7.946,0.139,0.0,101.932,25.529,113.733,16.511,33.003,194.684,134.563,56.431,6.288,119.384,21.947,0.61,0.002,120.708,41.883,142.261,38.226,62.635,91.984,57.708,102.564,65.225
10001537,East Mesa Reentry Facility,,32.588806952285296,-116.91889669723231,32.578125,-116.921875,1.218,14,62,False,109.473,19.185,0.892,0.0,63.717,6.483,0.169,0.001,90.89,13.601,76.014,8.467,7.333,161.719,41.537,3.857,0.06,112.054,18.352,1.053,0.009,141.654,31.518,126.671,23.083,22.077,191.262,62.774,7.802,0.202,146.478,34.082,2.62,0.04,171.753,49.354,161.059,41.673,40.351,81.449,58.995,93.788,69.433
10006712,Stanislaus County Public Safety Center Unit 1 And Unit 2,,37.58469199864496,-120.98530101477655,37.578125,-120.984375,0.733,14,62,False,156.813,88.588,16.968,0.1,53.011,2.174,0.011,0.001,64.691,6.7,61.609,3.264,7.33,183.087,120.866,42.001,2.303,98.789,12.944,0.178,0.001,99.216,22.973,108.394,17.057,29.521,195.535,138.002,61.664,6.634,127.573,30.384,0.812,0.002,118.09,38.895,136.329,37.05,54.637,92.961,59.118,102.703,67.158
10006483,Arcadia Police Department Jail,,34.13664247675464,-118.039708639047,34.140625,-118.046875,0.793,14,62,False,196.092,97.979,18.559,0.491,118.995,17.178,0.51,0.005,77.061,9.751,71.598,6.11,7.333,235.067,138.497,46.745,3.911,173.054,52.077,4.508,0.123,116.858,30.65,129.086,25.462,30.235,256.27,162.791,69.999,9.777,203.051,85.935,12.438,0.427,141.184,51.004,160.103,51.124,57.911,92.261,63.494,103.11,72.887
10006484,Azusa Police Department Jail,,34.1348471024137,-117.90660066978482,34.140625,-117.921875,1.543,14,62,False,183.966,90.918,15.595,0.288,105.895,14.95,0.438,0.004,75.401,9.216,73.429,7.126,7.333,223.79,130.042,42.205,2.971,161.248,44.085,3.572,0.08,114.139,30.125,128.577,26.313,27.809,244.577,153.337,64.303,7.921,190.868,74.017,9.624,0.323,137.559,49.809,159.396,49.813,51.991,91.759,62.535,102.44,72.407
10006485,Beverly Hills Jail,,34.073707405399574,-118.39985494688511,34.078125,-118.390625,0.98,14,62,False,86.411,11.459,0.41,0.0,90.822,8.396,0.134,0.0,97.314,14.226,81.067,6.94,7.332,130.85,27.011,2.073,0.046,145.323,25.524,1.286,0.008,142.669,31.997,135.841,22.042,24.762,161.091,43.427,4.541,0.16,176.654,49.78,3.941,0.073,172.367,50.31,167.783,44.41,48.776,79.164,60.614,91.695,70.338
10005273,Chamberlain Creek Conservation Camp #17,,39.35761682929475,-123.55627164419816,39.359375,-123.546875,0.83,14,62,False,52.496,6.879,0.183,0.0,2.639,0.07,0.0,0.0,76.029,14.6,87.482,6.987,7.332,86.371,19.018,1.063,0.022,11.396,0.486,0.008,0.0,112.634,33.47,156.359,25.962,29.427,114.398,35.674,3.182,0.072,29.469,1.936,0.048,0.0,140.321,56.134,197.409,55.232,60.073,77.091,46.776,89.78,56.521
10002352,Burbank City Jail,,34.18344638964236,-118.30845716063072,34.171875,-118.296875,1.668,14,62,False,146.348,47.372,3.499,0.016,101.235,12.456,0.257,0.004,81.844,11.945,72.3,6.105,7.332,190.909,85.513,15.105,0.59,156.36,42.574,3.044,0.058,124.475,34.62,128.333,26.585,31.42,218.491,111.736,28.283,1.95,187.233,73.359,9.028,0.207,152.26,55.276,159.547,51.809,58.457,86.132,62.257,97.775,71.659
10000780,Folsom State Prison (FOL),FOL,38.69538346625723,-121.1630323451162,38.703125,-121.171875,1.151,14,62,False,147.016,84.094,20.773,0.303,60.38,3.499,0.019,0.0,65.071,10.096,67.417,4.618,7.333,171.386,114.717,44.298,3.507,106.805,18.014,0.293,0.0,97.254,27.782,113.797,21.568,29.267,183.495,131.334,64.433,9.573,133.027,40.014,1.921,0.007,115.343,45.107,139.108,45.214,55.904,92.753,59.334,103.806,68.161
10002344,McFarland Female Community Reentry Facility,,35.667807046660805,-119.22698574189052,35.671875,-119.234375,0.805,14,62,False,172.418,110.628,33.712,0.582,71.263,5.676,0.033,0.0,65.495,4.711,59.284,3.216,7.333,195.741,138.849,68.102,5.647,110.432,25.688,0.597,0.003,99.456,20.674,99.316,18.32,30.387,207.556,153.335,89.484,14.771,133.131,51.724,3.045,0.015,117.986,38.955,123.607,41.373,57.36,96.083,61.298,105.014,69.352
10000895,Alhambra City Jail,,34.091960461497386,-118.12667840621174,34.078125,-118.140625,2.001,14,62,False,161.965,53.206,4.349,0.038,94.922,10.303,0.201,0.0,83.111,11.192,69.273,5.589,7.332,206.016,93.341,16.419,0.747,151.514,35.872,2.131,0.022,127.107,31.931,127.515,23.28,30.072,231.639,120.686,31.014,2.391,180.557,65.782,6.918,0.14,154.849,52.905,157.298,47.842,57.863,86.94,61.921,98.357,71.017
10002314,Placer County Jail,,38.93578158697222,-121.10759015408996,38.921875,-121.109375,1.551,14,62,False,138.472,76.962,14.815,0.099,75.499,10.627,0.046,0.0,66.548,9.492,69.273,8.204,7.332,164.214,109.89,40.009,2.303,115.623,36.492,1.61,0.005,100.63,30.685,109.703,31.6,29.792,177.423,127.743,61.711,6.79,137.912,58.433,6.046,0.034,119.386,50.527,132.063,52.936,50.879,91.495,60.742,102.296,71.064
10000782,Mule Creek State Prison (MCSP),MCSP,38.37074337471898,-120.95344581511613,38.359375,-120.953125,1.262,14,62,False,154.121,91.38,23.457,0.394,14.376,0.294,0.002,0.0,66.52,9.624,73.891,4.474,7.333,177.878,121.583,50.046,4.474,47.059,2.025,0.018,0.0,99.448,28.179,129.54,20.491,30.383,190.255,137.787,70.71,11.439,83.004,9.616,0.156,0.002,117.758,45.474,161.516,48.353,62.577,93.399,53.387,104.251,61.988
10005351,Youth Leadership Academy,,33.78427717878771,-117.88641503087702,33.796875,-117.890625,1.451,14,62,False,134.793,30.4,2.346,0.033,97.146,11.965,0.453,0.001,87.937,13.86,69.845,6.905,7.333,178.631,57.529,7.351,0.274,149.467,34.086,2.687,0.049,131.844,31.142,123.371,22.4,25.134,203.905,82.034,14.47,0.937,177.771,60.918,6.57,0.23,158.476,48.635,152.78,43.444,48.115,83.595,61.978,96.099,71.646
10005345,Youth Guidance Center,,33.781933227245936,-117.8831662123326,33.796875,-117.890625,1.796,14,62,False,134.793,30.4,2.346,0.033,97.146,11.965,0.453,0.001,87.937,13.86,69.845,6.905,7.333,178.631,57.529,7.351,0.274,149.467,34.086,2.687,0.049,131.844,31.142,123.371,22.4,25.134,203.905,82.034,14.47,0.937,177.771,60.918,6.57,0.23,158.476,48.635,152.78,43.444,48.115,83.595,61.978,96.099,71.646
10005346,Theo Lacy Facility,,33.781923625999724,-117.88736079825428,33.796875,-117.890625,1.687,14,62,False,134.793,30.4,2.346,0.033,97.146,11.965,0.453,0.001,87.937,13.86,69.845,6.905,7.333,178.631,57.529,7.351,0.274,149.467,34.086,2.687,0.049,131.844,31.142,123.371,22.4,25.134,203.905,82.034,14.47,0.937,177.771,60.918,6.57,0.23,158.476,48.635,152.78,43.444,48.115,83.595,61.978,96.099,71.646
10005348,Joplin Youth Center,,33.67791718589825,-117.5720756599411,33.671875,-117.578125,0.873,14,62,False,99.462,21.066,0.902,0.0,82.117,17.995,0.764,0.0,81.482,13.472,77.088,15.604,7.333,148.656,49.86,5.145,0.07,127.953,45.094,4.859,0.088,129.335,36.311,121.838,40.987,24.441,177.115,75.279,12.017,0.446,159.111,66.089,12.357,0.535,158.032,58.484,152.515,61.58,41.731,81.871,60.615,94.025,73.514
10005350,Central Jail Complex,,33.749055093408764,-117.87858088438688,33.734375,-117.890625,1.973,14,62,False,109.336,19.199,1.283,0.007,97.406,12.086,0.492,0.003,92.286,14.461,68.939,6.963,7.333,152.084,37.577,3.749,0.108,146.525,32.375,2.514,0.042,134.331,29.819,119.651,20.997,23.648,177.448,56.379,7.634,0.379,174.872,57.844,6.128,0.23,160.548,46.03,148.864,40.537,45.177,81.256,62.023,94.005,71.679
10005333,High Desert Juvenile Detention And Assesment Center,,34.63575816436559,-117.2056536197532,34.640625,-117.203125,0.588,14,62,False,153.255,89.813,14.062,0.041,57.67,5.318,0.035,0.0,63.938,3.482,61.121,6.276,7.33,183.898,124.128,42.876,1.584,96.749,22.215,0.676,0.01,100.38,20.225,100.479,24.645,27.807,200.486,141.911,65.274,5.049,120.534,40.655,2.862,0.033,120.731,37.091,124.226,43.791,47.594,93.236,59.54,101.657,69.082
10001536,Robert Presley Detention Center,,33.97880875192602,-117.37430967453528,33.984375,-117.359375,1.507,14,62,False,185.134,103.21,25.515,0.524,89.729,10.752,0.18,0.001,75.349,9.643,68.623,5.614,7.333,224.364,141.948,60.398,6.234,139.368,41.498,2.588,0.051,114.956,33.997,119.637,27.07,33.314,245.478,165.114,84.978,14.715,167.343,71.801,8.559,0.221,138.068,55.175,148.113,53.32,61.213,93.487,61.992,104.267,71.202
10005347,Orange County Juvenile Hall,,33.7849812586864,-117.88594679668442,33.796875,-117.890625,1.389,14,62,False,134.793,30.4,2.346,0.033,97.146,11.965,0.453,0.001,87.937,13.86,69.845,6.905,7.333,178.631,57.529,7.351,0.274,149.467,34.086,2.687,0.049,131.844,31.142,123.371,22.4,25.134,203.905,82.034,14.47,0.937,177.771,60.918,6.57,0.23,158.476,48.635,152.78,43.444,48.115,83.595,61.978,96.099,71.646
10006231,San Benito County Juvenile Hall,,36.882705577003165,-121.41202368335358,36.890625,-121.421875,1.24,14,62,False,94.353,23.494,2.355,0.022,7.51,0.192,0.003,0.0,82.99,19.151,74.645,3.007,7.333,134.412,41.649,5.687,0.133,32.914,1.326,0.031,0.0,121.551,35.014,139.195,15.103,34.008,159.868,58.298,10.137,0.442,70.45,5.62,0.127,0.002,147.473,50.009,174.364,41.481,70.918,81.121,52.685,95.718,60.054
10000862,John J. Benoit Detention Center,,33.71389710445651,-116.22170360532692,33.703125,-116.234375,1.673,14,62,False,253.789,187.064,124.696,38.585,185.265,117.397,37.083,1.134,61.908,2.67,56.083,3.339,7.333,278.962,213.658,153.485,78.355,210.296,144.454,71.264,8.176,100.607,15.648,89.826,16.845,28.332,295.16,228.532,168.744,100.553,227.073,160.552,93.261,20.818,120.099,30.572,110.041,35.121,50.001,107.538,77.653,115.358,85.679
10005269,Plumas County Correctional Facility,,39.93342338185887,-120.9078241146987,39.921875,-120.921875,1.753,14,62,False,96.46,28.269,0.802,0.0,0.629,0.003,0.0,0.0,67.895,9.32,56.419,3.93,7.333,129.162,65.805,7.475,0.11,5.713,0.045,0.0,0.0,105.023,34.486,100.842,21.564,32.388,144.243,88.327,19.769,0.644,19.601,0.602,0.002,0.0,122.848,57.636,127.688,47.659,61.399,84.193,45.597,94.852,53.91
10000779,Rio Cosumnes Correctional Center,,38.30639934939619,-121.42332506830044,38.296875,-121.421875,1.065,14,62,False,149.462,77.204,15.604,0.167,13.985,0.38,0.003,0.0,67.453,11.097,65.167,3.784,7.333,175.309,111.697,36.635,2.572,48.43,2.502,0.042,0.0,101.892,29.142,124.695,18.342,31.89,188.276,130.852,54.976,6.887,86.304,8.453,0.192,0.001,122.222,45.584,155.923,42.707,64.054,91.305,53.926,102.726,61.986
10005330,Regional Youth Educational Facility,,34.12908750028364,-117.2698025112236,34.140625,-117.265625,1.337,14,62,False,185.679,109.961,33.201,0.874,91.452,12.49,0.275,0.006,72.565,8.95,66.791,5.794,7.333,225.544,148.075,71.561,8.726,141.93,46.366,3.34,0.085,112.835,33.078,119.125,28.153,34.049,246.73,170.929,95.365,19.814,169.952,77.607,10.94,0.351,135.616,54.452,147.886,55.934,62.948,94.87,62.404,105.419,71.684
10000860,Riverside County Juvenile Hall,,33.92015344766866,-117.45258276134564,33.921875,-117.453125,0.198,14,62,False,179.956,93.379,18.258,0.301,86.115,10.22,0.17,0.001,76.298,10.389,68.818,5.999,7.332,219.688,132.947,48.965,4.315,135.407,38.789,2.309,0.036,116.112,34.356,118.865,27.222,32.319,241.226,156.184,72.018,10.432,162.49,66.165,7.481,0.182,139.433,54.998,146.268,51.362,57.753,92.031,61.67,103.111,71.016
10006706,South Placer Jail,,38.80841284215149,-121.30157845897398,38.796875,-121.296875,1.344,14,62,False,156.072,97.178,31.524,1.355,66.49,4.832,0.031,0.0,63.668,9.798,59.617,3.772,7.333,176.183,124.53,59.345,7.647,109.878,24.037,0.545,0.0,95.186,27.876,104.632,20.256,32.801,187.802,139.138,78.739,16.709,130.676,50.633,3.354,0.011,112.202,44.033,126.099,45.478,60.738,94.951,60.636,105.885,68.814
10001538,George F Bailey Detention Facility,,32.590543113063475,-116.92149827863445,32.578125,-116.921875,1.379,14,62,False,109.473,19.185,0.892,0.0,63.717,6.483,0.169,0.001,90.89,13.601,76.014,8.467,7.333,161.719,41.537,3.857,0.06,112.054,18.352,1.053,0.009,141.654,31.518,126.671,23.083,22.077,191.262,62.774,7.802,0.202,146.478,34.082,2.62,0.04,171.753,49.354,161.059,41.673,40.351,81.449,58.995,93.788,69.433
10005344,Southwest Juvenile Hall,,33.58079488429191,-117.11979655719516,33.578125,-117.109375,1.008,14,62,False,171.424,84.914,13.745,0.158,37.648,2.695,0.063,0.002,79.054,11.462,65.955,6.893,7.333,217.569,126.846,40.401,2.574,88.895,13.159,0.647,0.023,121.045,35.86,123.418,26.935,29.98,241.896,152.745,63.523,7.396,123.312,29.932,2.054,0.075,146.879,57.729,156.878,52.543,56.059,90.651,56.937,102.081,66.749
10005354,East Mesa Juvenile Detention Facility,,32.590858306967554,-116.91812114373408,32.578125,-116.921875,1.456,14,62,False,109.473,19.185,0.892,0.0,63.717,6.483,0.169,0.001,90.89,13.601,76.014,8.467,7.333,161.719,41.537,3.857,0.06,112.054,18.352,1.053,0.009,141.654,31.518,126.671,23.083,22.077,191.262,62.774,7.802,0.202,146.478,34.082,2.62,0.04,171.753,49.354,161.059,41.673,40.351,81.449,58.995,93.788,69.433
10000876,Las Colinas Detention And Reentry Facility,,32.842112726419444,-116.97338191264392,32.828125,-116.984375,1.861,14,62,False,162.152,53.641,4.706,0.036,86.223,8.668,0.207,0.007,81.658,11.204,65.387,5.234,7.333,211.461,92.645,16.284,0.604,138.125,28.909,1.49,0.017,125.145,30.873,118.223,19.521,27.441,238.732,121.566,28.403,1.691,167.041,54.041,4.296,0.091,155.485,48.821,145.889,39.292,51.523,87.146,61.653,98.551,70.507
10005360,Facility 8 Detention Facility,,32.59134370566924,-116.92328667495188,32.578125,-116.921875,1.473,14,62,False,109.473,19.185,0.892,0.0,63.717,6.483,0.169,0.001,90.89,13.601,76.014,8.467,7.333,161.719,41.537,3.857,0.06,112.054,18.352,1.053,0.009,141.654,31.518,126.671,23.083,22.077,191.262,62.774,7.802,0.202,146.478,34.082,2.62,0.04,171.753,49.354,161.059,41.673,40.351,81.449,58.995,93.788,69.433
10005307,San Francisco General Hospital Ward 7D / 7L,,37.75575802266862,-122.40447005119576,37.765625,-122.390625,1.636,14,62,False,5.194,0.232,0.0,0.0,14.393,0.686,0.01,0.0,103.922,15.313,94.328,4.18,7.333,8.811,0.692,0.009,0.0,35.658,1.877,0.048,0.001,153.964,24.414,163.273,9.892,19.876,14.05,1.203,0.02,0.0,70.343,4.195,0.134,0.002,195.365,37.535,211.152,21.417,43.219,64.955,54.279,78.543,62.208
10005356,Girls Rehabilitation Facility,,32.79469992229926,-117.15229112960223,32.796875,-117.140625,1.115,14,62,False,75.977,10.051,0.458,0.0,101.279,11.706,0.456,0.003,93.777,13.917,66.506,5.828,7.333,121.29,22.962,1.857,0.039,148.468,31.523,2.095,0.031,141.806,30.391,116.837,17.692,23.149,150.752,35.823,3.713,0.119,174.914,55.622,4.958,0.133,171.382,46.602,141.907,34.081,43.589,78.61,62.483,91.234,71.61
10001525,San Francisco County Jail #2,,37.77525144567049,-122.40490521229466,37.765625,-122.390625,1.647,14,62,False,5.194,0.232,0.0,0.0,14.393,0.686,0.01,0.0,103.922,15.313,94.328,4.18,7.333,8.811,0.692,0.009,0.0,35.658,1.877,0.048,0.001,153.964,24.414,163.273,9.892,19.876,14.05,1.203,0.02,0.0,70.343,4.195,0.134,0.002,195.365,37.535,211.152,21.417,43.219,64.955,54.279,78.543,62.208
10000872,San Diego Central Jail,,32.71725211349196,-117.16427157272356,32.703125,-117.171875,1.721,14,62,False,40.976,4.096,0.125,0.0,110.722,13.246,0.631,0.007,98.903,14.205,65.29,5.64,7.333,65.433,8.013,0.38,0.006,148.922,26.818,1.789,0.033,136.597,25.497,104.782,12.539,17.009,87.084,12.474,0.769,0.015,172.516,46.034,3.789,0.108,163.303,36.512,127.869,23.19,31.796,74.905,63.121,87.717,72.085
10005358,Vista Detention Facility,,33.19185669461099,-117.25692822932726,33.203125,-117.265625,1.489,14,62,False,78.037,10.283,0.372,0.0,71.895,7.368,0.173,0.001,97.077,14.788,64.768,6.193,7.333,114.841,20.865,1.329,0.02,116.328,19.889,0.915,0.012,137.383,28.333,108.755,17.276,21.036,142.019,32.516,2.859,0.082,141.879,37.499,2.82,0.069,163.131,42.801,134.482,33.548,39.69,78.524,60.574,91.251,69.948
10000875,Kearny Mesa Juvenile Detention Facility,,32.794226714904966,-117.1533898985926,32.796875,-117.140625,1.227,14,62,False,75.977,10.051,0.458,0.0,101.279,11.706,0.456,0.003,93.777,13.917,66.506,5.828,7.333,121.29,22.962,1.857,0.039,148.468,31.523,2.095,0.031,141.806,30.391,116.837,17.692,23.149,150.752,35.823,3.713,0.119,174.914,55.622,4.958,0.133,171.382,46.602,141.907,34.081,43.589,78.61,62.483,91.234,71.61
10000798,San Joaquin County Jail,,37.88571630267671,-121.29514967185196,37.890625,-121.296875,0.565,14,62,False,153.588,84.189,18.339,0.223,37.529,1.271,0.011,0.0,64.381,9.341,60.76,3.235,7.333,179.177,116.562,40.589,3.084,82.523,8.198,0.169,0.0,98.383,25.631,109.398,16.768,30.527,192.416,133.699,59.919,8.255,115.123,22.673,0.726,0.003,116.763,41.865,138.649,38.454,58.267,92.558,57.687,103.35,65.477
10000795,San Joaquin County Jail (Honor Farm),,37.88450335521423,-121.30063185290682,37.890625,-121.296875,0.755,14,62,False,153.588,84.189,18.339,0.223,37.529,1.271,0.011,0.0,64.381,9.341,60.76,3.235,7.333,179.177,116.562,40.589,3.084,82.523,8.198,0.169,0.0,98.383,25.631,109.398,16.768,30.527,192.416,133.699,59.919,8.255,115.123,22.673,0.726,0.003,116.763,41.865,138.649,38.454,58.267,92.558,57.687,103.35,65.477
10001534,San Luis Obispo Juvenile Hall / Service Center,,35.32137388763984,-120.71913149908312,35.328125,-120.734375,1.571,14,62,False,26.229,3.574,0.182,0.001,8.296,0.373,0.005,0.0,121.015,23.021,87.961,6.885,7.333,45.856,7.528,0.658,0.009,20.71,1.457,0.031,0.0,169.076,40.713,149.049,17.533,19.712,64.141,11.757,1.322,0.037,41.666,3.564,0.109,0.0,206.904,57.369,194.784,35.717,41.706,70.728,50.689,86.811,60.291
10005339,San Luis Obispo County Honor Farm Jail,,35.32008468936467,-120.71574744929144,35.328125,-120.703125,1.45,14,62,False,29.113,3.928,0.191,0.001,12.744,0.747,0.006,0.0,120.409,24.081,89.896,8.627,7.332,52.456,8.8,0.766,0.008,30.838,2.586,0.076,0.001,172.317,44.344,153.449,21.825,19.809,74.337,14.078,1.604,0.043,59.568,6.154,0.251,0.002,209.374,63.283,198.391,43.341,40.897,71.066,51.566,87.352,62.09
10006709,Maple Street Correctional Center,,37.49271532620894,-122.21912359465084,37.484375,-122.234375,1.631,14,62,False,86.169,16.92,1.428,0.017,15.169,0.635,0.009,0.0,71.123,12.598,68.896,3.936,7.333,127.78,34.348,3.984,0.146,49.237,2.887,0.091,0.001,112.428,26.09,130.407,15.53,29.858,154.045,55.768,7.947,0.379,86.732,8.895,0.312,0.006,139.569,44.512,168.279,36.979,59.981,81.472,54.473,94.049,62.386
10002333,Elmwood Correctional Complex,,37.41857358803495,-121.90826096495222,37.421875,-121.921875,1.255,14,62,False,83.786,15.424,0.645,0.0,29.653,0.841,0.006,0.0,72.192,11.981,62.657,2.15,7.331,121.528,27.424,2.173,0.027,74.565,3.363,0.067,0.0,108.446,21.95,118.147,8.006,25.021,149.022,45.224,4.665,0.062,116.37,11.588,0.26,0.002,136.485,36.995,153.856,24.172,57.932,81.116,57.495,93.092,64.131
10006710,Los Prietos Boys Camp,,34.54403216104945,-119.77705581302736,34.546875,-119.765625,1.092,14,62,False,130.603,48.318,4.321,0.059,23.94,1.316,0.011,0.0,70.025,10.036,71.098,9.407,7.333,177.919,88.453,18.253,0.969,64.124,9.799,0.361,0.002,112.004,32.164,126.705,35.806,31.541,204.777,111.228,31.426,1.991,93.573,21.215,1.153,0.011,136.856,49.815,159.601,59.266,53.76,87.253,53.899,98.318,64.734
10005353,Santa Barbara County Santa Maria Station Jail,,34.8820997891649,-120.44654682784352,34.890625,-120.453125,1.12,14,62,False,33.43,4.013,0.137,0.0,11.961,0.689,0.007,0.0,113.475,18.612,76.633,6.806,7.333,58.223,7.832,0.501,0.005,28.629,2.369,0.074,0.0,164.591,33.563,134.767,17.161,19.731,86.373,13.637,1.28,0.02,55.217,5.603,0.271,0.001,204.473,52.796,175.065,35.239,41.268,72.954,52.184,87.315,61.753
10005260,Shasta County Jail,,40.581341110839354,-122.3961983707309,40.578125,-122.390625,0.59,14,62,False,166.93,113.013,50.075,4.198,114.0,33.647,1.768,0.005,64.398,8.434,59.206,5.885,7.333,184.214,137.627,82.81,17.689,141.774,72.439,8.515,0.155,96.49,28.531,98.444,21.891,26.356,194.29,149.162,101.326,34.235,156.776,96.137,20.631,0.775,112.925,48.054,118.495,42.259,48.081,97.916,66.713,108.371,76.032
10005321,Santa Cruz Rountree Medium Security Facility,,36.91382082681037,-121.8097597235208,36.921875,-121.796875,1.452,14,62,False,27.786,4.224,0.198,0.0,7.042,0.28,0.001,0.0,98.958,21.201,75.776,3.338,7.333,33.315,6.487,0.686,0.013,18.49,1.001,0.019,0.0,129.772,25.504,126.59,9.007,20.67,44.513,9.59,1.34,0.038,40.99,2.688,0.075,0.0,161.212,34.672,166.207,21.53,45.324,71.582,52.533,87.287,59.83
10006232,Santa Clara County Main Jail Complex (South),,37.35101112246267,-121.9059750533212,37.359375,-121.890625,1.642,14,62,False,96.019,19.779,1.074,0.0,32.158,0.909,0.007,0.0,70.602,11.767,64.785,2.37,7.332,134.263,35.995,3.418,0.053,80.06,4.089,0.093,0.0,107.69,22.792,122.673,9.337,25.721,159.474,57.586,7.068,0.147,121.839,14.798,0.422,0.002,135.362,38.644,157.858,28.964,60.58,82.426,57.53,94.268,64.442
10005317,William F. James Ranch,,37.167688466801366,-121.64668361685963,37.171875,-121.640625,0.709,14,62,False,135.003,55.253,8.036,0.101,31.569,1.286,0.014,0.0,67.413,12.211,69.993,4.459,7.333,167.094,90.683,21.855,1.368,77.137,6.744,0.183,0.0,104.382,29.59,127.266,18.103,26.658,184.195,113.404,36.689,3.619,114.142,18.491,0.726,0.007,126.029,46.867,158.608,40.262,54.371,88.403,56.546,100.313,65.083
10005246,Charlie's Place Juvenile Day Reporting Center,,41.70814455541497,-122.63516451171624,41.703125,-122.640625,0.718,14,62,False,103.206,50.23,5.506,0.006,3.58,0.039,0.0,0.0,66.454,12.9,57.674,3.826,7.333,131.844,81.006,21.696,0.643,20.352,0.5,0.0,0.0,96.023,36.564,96.224,21.244,32.092,145.254,98.502,39.704,3.526,42.475,2.673,0.019,0.0,112.254,56.939,119.111,43.701,56.75,87.284,49.83,99.158,58.078
10002328,Stanislaus County Public Safety Center,,37.58464851762791,-120.98997965152364,37.578125,-120.984375,0.876,14,62,False,156.813,88.588,16.968,0.1,53.011,2.174,0.011,0.001,64.691,6.7,61.609,3.264,7.33,183.087,120.866,42.001,2.303,98.789,12.944,0.178,0.001,99.216,22.973,108.394,17.057,29.521,195.535,138.002,61.664,6.634,127.573,30.384,0.812,0.002,118.09,38.895,136.329,37.05,54.637,92.961,59.118,102.703,67.158
10000787,Solano County Claybank Detention Facility,,38.27466985440152,-121.9999655085075,38.265625,-121.984375,1.689,14,62,False,131.034,47.711,6.706,0.038,7.536,0.35,0.003,0.0,72.362,15.024,73.98,5.466,7.333,165.627,80.204,17.864,0.766,22.004,0.948,0.03,0.0,109.883,31.626,140.378,15.766,23.906,181.032,102.826,29.354,2.432,48.379,2.783,0.059,0.0,130.878,48.208,177.671,37.085,51.54,86.803,51.138,99.669,60.036
10001528,Santa Cruz Blaine Street Facility,,36.98062037922893,-122.02368691172828,36.984375,-122.015625,0.827,14,62,False,52.462,7.811,0.338,0.0,6.227,0.18,0.0,0.0,89.245,17.105,82.618,4.091,7.331,73.061,11.889,0.989,0.013,17.995,0.814,0.013,0.0,120.769,24.626,135.753,12.39,22.243,96.789,18.601,2.058,0.022,38.234,2.377,0.039,0.001,151.242,36.434,168.842,28.047,45.12,76.243,51.335,90.266,59.448
10005259,Shasta County Juvenile Hall,,40.54877363345071,-122.37903034906776,40.546875,-122.390625,1.0,14,62,False,163.666,110.098,46.301,3.888,99.093,19.811,0.6,0.001,64.84,9.492,60.514,5.291,7.333,181.755,135.777,80.688,17.02,132.091,55.891,3.91,0.056,98.088,31.105,101.55,22.403,29.336,191.928,147.601,99.661,33.11,148.872,81.578,11.627,0.286,114.369,50.753,122.155,44.174,52.848,97.308,64.454,108.134,73.439
10002321,Sonoma County Main Adult Detention Facility,,38.46729912018051,-122.72636627453036,38.453125,-122.734375,1.72,14,62,False,105.025,26.917,2.355,0.02,7.538,0.308,0.005,0.0,75.278,15.564,72.234,3.621,7.332,142.565,46.25,5.784,0.166,26.315,1.152,0.027,0.0,112.515,28.053,135.448,13.197,30.961,166.519,63.896,9.988,0.497,61.0,3.789,0.085,0.001,139.439,41.279,168.946,35.676,66.67,82.883,52.37,96.201,59.931
10005268,Tehama County Juvenile Detention Facility,,40.17081458396152,-122.2535441639448,40.171875,-122.265625,1.031,14,62,False,162.04,108.625,44.47,4.024,79.953,8.841,0.152,0.0,64.574,10.655,55.895,3.96,7.333,181.855,135.34,78.926,16.429,118.146,34.527,1.57,0.016,98.449,31.76,97.922,19.657,31.215,192.645,147.951,99.259,31.75,138.057,63.865,6.318,0.131,115.905,52.081,122.807,42.934,59.206,96.975,62.449,108.226,70.574
10005247,Siskiyou County Jail,,41.73061853007981,-122.63942281132562,41.734375,-122.640625,0.429,14,62,False,104.471,49.391,5.293,0.002,5.346,0.046,0.0,0.0,67.056,12.637,58.727,3.746,7.332,130.221,80.096,22.441,0.684,26.737,0.817,0.001,0.0,95.552,37.916,96.267,21.669,32.783,143.519,97.486,39.656,3.635,51.067,4.208,0.042,0.0,111.614,57.45,117.965,44.852,57.449,87.15,50.862,99.007,59.129
10005279,Maxine Singer Youth Guidance Center,,39.150533216033175,-121.59901636846423,39.140625,-121.609375,1.416,14,62,False,164.171,104.936,36.723,1.487,84.08,8.346,0.072,0.0,62.544,7.639,59.054,3.579,7.33,183.922,131.631,67.178,9.693,124.832,30.718,0.926,0.003,95.353,26.429,104.115,17.519,29.051,194.873,144.916,86.688,18.964,146.58,57.509,4.359,0.028,112.677,41.781,129.221,38.999,55.21,96.072,62.21,106.189,70.351
10002337,Tulare County Adult Pre-Trial Facility,,36.455097924738425,-119.3212963420362,36.453125,-119.328125,0.648,14,62,False,168.39,106.156,26.379,0.246,21.804,0.526,0.009,0.0,66.496,4.43,61.991,3.443,7.333,192.366,136.616,63.972,4.287,63.407,4.248,0.036,0.0,103.629,22.889,113.199,18.657,33.017,203.712,151.815,87.773,13.155,100.859,17.954,0.444,0.002,122.387,44.284,141.665,48.271,67.89,95.123,55.494,103.898,63.432
10002329,Stanislaus County Juvenile Hall And Commitment Facility,,37.6621433321267,-121.04312110071773,37.671875,-121.046875,1.129,14,62,False,159.079,95.693,25.168,0.444,69.627,4.399,0.02,0.001,63.095,7.381,59.418,2.906,7.331,183.806,124.987,51.949,4.786,114.671,19.093,0.357,0.0,94.854,23.443,104.591,14.627,27.746,196.105,140.67,71.667,11.468,140.612,41.117,1.867,0.004,112.915,38.797,132.278,33.881,53.591,94.444,60.929,104.468,68.679
10002335,Tulare County Juvenile Detention Facility,,36.459985601850285,-119.32306031943332,36.453125,-119.328125,0.886,14,62,False,168.39,106.156,26.379,0.246,21.804,0.526,0.009,0.0,66.496,4.43,61.991,3.443,7.333,192.366,136.616,63.972,4.287,63.407,4.248,0.036,0.0,103.629,22.889,113.199,18.657,33.017,203.712,151.815,87.773,13.155,100.859,17.954,0.444,0.002,122.387,44.284,141.665,48.271,67.89,95.123,55.494,103.898,63.432
10005255,Trinity County Juvenile Hall,,40.74978944878197,-122.9239474369582,40.734375,-122.921875,1.72,14,62,False,117.495,61.438,9.921,0.11,1.468,0.029,0.0,0.0,67.371,13.062,58.027,4.885,7.333,143.124,91.769,27.758,1.067,8.295,0.157,0.001,0.0,97.524,33.847,99.637,19.922,26.828,154.669,108.044,44.666,3.841,20.934,0.846,0.005,0.0,113.372,51.392,127.61,41.346,51.194,89.007,46.777,100.993,55.584
10002334,Tulare County Probation Youth Facility,,36.45910316552269,-119.32517720490618,36.453125,-119.328125,0.714,14,62,False,168.39,106.156,26.379,0.246,21.804,0.526,0.009,0.0,66.496,4.43,61.991,3.443,7.333,192.366,136.616,63.972,4.287,63.407,4.248,0.036,0.0,103.629,22.889,113.199,18.657,33.017,203.712,151.815,87.773,13.155,100.859,17.954,0.444,0.002,122.387,44.284,141.665,48.271,67.89,95.123,55.494,103.898,63.432
10005257,Trinity County Sheriffs Department,,40.73648742589344,-122.94609726979162,40.734375,-122.953125,0.636,14,62,False,117.282,61.67,9.83,0.102,1.559,0.026,0.0,0.0,68.088,13.324,61.353,4.904,7.333,142.856,91.039,26.397,0.883,8.413,0.125,0.001,0.0,97.603,33.095,102.539,20.623,28.318,154.265,107.621,42.777,3.415,23.456,0.846,0.005,0.0,113.536,50.231,129.834,44.52,54.52,88.914,46.875,100.955,55.692
10005278,Yuba - Sutter County Juvenile Hall,,39.14996004987066,-121.60011301200107,39.140625,-121.609375,1.307,14,62,False,164.171,104.936,36.723,1.487,84.08,8.346,0.072,0.0,62.544,7.639,59.054,3.579,7.33,183.922,131.631,67.178,9.693,124.832,30.718,0.926,0.003,95.353,26.429,104.115,17.519,29.051,194.873,144.916,86.688,18.964,146.58,57.509,4.359,0.028,112.677,41.781,129.221,38.999,55.21,96.072,62.21,106.189,70.351
10001523,Tuolumne County Jail,,37.98419394935426,-120.38611882763914,37.984375,-120.390625,0.395,14,62,False,130.741,68.304,8.257,0.013,63.055,6.026,0.013,0.0,68.124,8.118,69.718,8.375,7.333,161.385,103.796,30.847,0.961,103.643,27.634,0.611,0.0,103.723,30.698,109.94,33.024,30.915,175.944,123.716,52.452,4.019,125.562,50.988,4.012,0.012,123.673,52.241,131.511,57.377,55.013,90.023,59.133,100.311,69.486
10000882,Ventura County Todd Road Facility,,34.30928593996256,-119.11220945474956,34.296875,-119.109375,1.402,14,62,False,92.997,12.323,0.423,0.0,29.591,1.822,0.015,0.0,103.244,14.846,87.462,9.443,7.333,138.591,25.484,1.458,0.01,64.452,6.145,0.17,0.0,150.649,30.158,143.524,25.013,22.226,170.722,42.841,3.7,0.048,98.845,13.909,0.546,0.002,182.029,49.539,179.473,47.522,43.52,79.245,54.56,91.983,65.314
10002336,Tulare County Jail / Sheriff,,36.3281261212818,-119.31714995811475,36.328125,-119.328125,0.981,14,62,False,165.236,106.584,32.503,0.513,92.544,11.886,0.08,0.0,62.814,4.536,57.647,2.656,7.332,188.362,134.692,66.218,5.423,126.868,41.706,1.392,0.003,96.818,20.229,97.944,17.025,32.038,198.94,148.656,88.265,15.563,145.077,71.959,8.022,0.036,114.831,40.004,120.543,42.003,61.22,96.071,63.64,104.905,71.307
10000899,Hawthorne City Jail,,33.919601544152606,-118.35318367048885,33.921875,-118.359375,0.624,14,62,False,38.033,3.602,0.106,0.0,100.973,9.432,0.295,0.0,109.517,15.202,72.795,5.422,7.333,62.159,7.589,0.411,0.004,144.807,24.088,1.304,0.012,153.471,28.243,118.469,15.295,21.571,86.498,11.911,0.896,0.018,170.419,43.879,3.17,0.07,183.502,42.088,144.88,29.901,41.238,74.122,61.782,87.211,70.696
10000896,Downey City Jail,,33.940698529363736,-118.12853422450073,33.953125,-118.140625,1.773,14,62,False,154.964,42.813,3.478,0.053,109.359,12.96,0.444,0.001,84.266,11.476,68.519,5.616,7.333,198.744,78.175,11.556,0.559,163.706,39.578,2.801,0.045,127.297,29.488,125.773,20.738,28.01,224.334,105.497,22.438,1.749,192.864,70.008,7.628,0.238,154.945,48.855,155.707,43.042,54.735,85.812,62.868,97.481,71.836
10000906,Montebello City Jail,,34.0207959161168,-118.11638105213125,34.015625,-118.109375,0.863,14,62,False,170.039,55.206,4.773,0.063,110.463,13.485,0.373,0.0,84.117,11.12,68.675,5.441,7.333,213.817,94.784,15.979,0.757,164.507,42.372,2.89,0.043,128.169,29.876,125.917,21.853,29.264,238.669,122.58,29.889,2.331,194.629,73.243,8.313,0.222,155.898,49.952,156.072,44.851,56.115,87.166,62.983,98.592,71.954
10000846,Taft Modified Community Correctional Facility,,35.13415778402242,-119.44146788011987,35.140625,-119.453125,1.279,14,62,False,158.782,98.466,24.469,0.243,115.413,34.752,0.901,0.003,64.593,4.754,64.516,4.954,7.333,184.435,127.813,55.159,3.018,146.15,71.191,7.01,0.047,97.242,20.671,99.928,22.089,28.564,197.174,142.436,74.942,8.098,163.826,92.627,18.009,0.231,114.47,36.451,120.076,41.06,49.263,94.684,66.395,103.675,75.39
10005365,Vernon City Jail (Holding Facility),,34.004594416549466,-118.23087236982576,34.015625,-118.234375,1.266,14,62,False,126.363,23.454,1.303,0.008,116.434,12.969,0.382,0.0,88.579,11.691,71.475,5.355,7.333,173.163,51.055,5.338,0.158,169.904,40.224,2.646,0.035,135.244,30.276,129.759,20.573,28.309,200.977,76.467,11.492,0.606,199.776,71.534,7.333,0.194,164.774,50.019,160.264,43.105,55.622,82.823,62.905,94.567,71.817
10005304,Fremont Detention Facility,,37.55219822678668,-121.9681860469508,37.546875,-121.953125,1.451,14,62,False,85.92,19.143,1.243,0.0,25.577,0.974,0.007,0.0,75.262,15.371,69.717,3.675,7.333,122.92,35.147,3.703,0.082,69.097,4.312,0.098,0.0,110.979,28.844,133.295,13.335,25.472,150.832,54.419,7.747,0.238,114.596,13.039,0.353,0.002,139.084,46.074,171.943,33.683,56.958,81.128,56.322,94.321,64.186
10000845,Shafter Modified Community Correctional Facility,,35.495318067849404,-119.25905776312544,35.484375,-119.265625,1.352,14,62,False,178.008,115.385,38.861,1.018,67.752,5.35,0.045,0.0,65.824,5.033,57.677,3.359,7.333,200.534,143.867,73.304,7.135,108.276,23.485,0.518,0.003,99.951,20.431,98.556,17.419,29.071,212.132,157.338,93.958,17.047,131.672,48.851,2.691,0.016,117.924,37.779,123.132,40.115,55.883,96.707,61.103,105.763,69.173
10000843,Delano Modified Community Correctional Facility,,35.76564031898252,-119.30429085361187,35.765625,-119.296875,0.668,14,62,False,174.516,113.675,37.869,0.871,75.926,6.37,0.04,0.0,64.923,4.639,57.224,2.555,7.333,196.779,140.71,71.716,6.818,113.466,28.564,0.69,0.005,97.712,19.98,97.278,16.588,31.638,209.443,155.419,92.818,17.12,134.417,58.483,4.53,0.024,116.371,37.915,120.641,42.248,61.663,96.698,62.031,105.603,69.64
10006482,Anaheim Detention Facility,,33.83019210335317,-117.91905930414576,33.828125,-117.921875,0.346,14,62,False,138.2,32.925,2.635,0.035,100.061,12.483,0.461,0.002,86.694,13.783,69.015,6.665,7.333,182.184,62.249,8.648,0.367,152.199,36.611,2.91,0.051,130.928,31.899,123.078,22.646,26.216,207.067,87.073,16.409,1.172,179.317,64.18,7.211,0.247,157.208,49.374,151.198,43.864,49.691,84.036,62.27,96.524,71.806
10006903,Ontario City Jail,,34.02929606104588,-117.59681333407,34.015625,-117.609375,1.907,14,62,False,171.457,85.77,15.339,0.274,64.487,5.425,0.107,0.001,78.588,12.043,70.82,6.542,7.333,212.533,125.787,42.434,3.656,120.845,24.32,1.423,0.017,118.675,36.726,127.966,27.654,31.389,235.016,149.51,64.805,9.199,153.165,48.571,4.441,0.128,142.289,57.838,159.686,53.731,58.753,90.851,59.399,102.458,68.968
10006902,Huntington Beach City Jail,,33.677626503376,-118.00088530130684,33.671875,-118.015625,1.504,14,62,False,20.83,2.119,0.077,0.0,87.042,9.121,0.364,0.001,109.811,18.388,69.327,6.312,7.333,28.143,3.196,0.133,0.0,120.207,17.259,0.998,0.01,138.407,25.102,102.002,12.69,15.332,36.763,4.486,0.298,0.004,142.12,28.833,2.1,0.065,159.454,32.876,124.26,21.573,26.714,70.583,61.266,84.878,70.608
10006904,Hayward Detention Facility,,37.65752960106487,-122.0969066128883,37.671875,-122.109375,1.933,14,62,False,44.803,7.35,0.457,0.002,17.894,0.809,0.012,0.0,82.227,17.472,71.788,3.27,7.333,69.364,13.114,1.14,0.031,58.076,3.187,0.102,0.002,117.269,29.066,135.269,11.849,28.923,98.532,21.933,2.366,0.057,105.325,9.913,0.383,0.005,150.209,44.845,176.011,32.4,65.06,75.726,55.63,90.016,62.927
10006905,Pasadena Jail,,34.14918573594655,-118.14481080966269,34.140625,-118.140625,1.025,14,62,False,167.467,65.456,6.76,0.078,94.23,10.116,0.161,0.003,82.123,11.704,71.926,5.905,7.333,211.116,106.854,23.822,1.254,152.075,36.863,2.221,0.017,125.075,34.095,130.755,25.473,30.979,236.21,133.428,41.859,3.823,182.427,67.508,7.192,0.137,151.977,55.513,162.136,51.403,59.323,88.227,61.678,99.738,70.961
10006494,Fullerton City Jail,,33.87085843600594,-117.92818641617431,33.859375,-117.921875,1.401,14,62,False,147.256,39.776,3.494,0.059,100.637,12.905,0.464,0.002,84.831,13.566,68.848,6.688,7.333,191.173,72.728,11.262,0.531,153.661,38.166,2.945,0.049,128.561,32.008,123.715,23.08,26.752,215.865,98.229,20.769,1.618,180.951,66.193,7.536,0.258,154.845,49.857,151.874,44.516,50.386,85.118,62.377,97.468,71.921
10006493,El Monte Jail,,34.07158043477895,-118.0302635150937,34.078125,-118.015625,1.529,14,62,False,193.472,90.559,14.553,0.357,111.483,14.973,0.394,0.004,78.211,9.927,66.403,5.188,7.333,233.842,131.284,38.685,2.848,163.202,48.096,3.582,0.052,118.356,30.251,123.287,22.855,31.245,254.801,155.699,60.843,7.355,190.651,80.662,10.71,0.309,142.722,50.079,151.661,47.512,59.403,91.282,63.474,102.235,72.322
10006906,Berkeley Jail Facility,,37.87020999993821,-122.27328174212134,37.859375,-122.265625,1.377,14,62,False,23.635,3.128,0.174,0.002,14.81,0.779,0.011,0.0,89.193,18.715,85.684,5.225,7.333,34.246,5.59,0.441,0.011,38.975,2.53,0.072,0.001,131.211,27.358,159.985,13.517,21.254,50.379,9.108,0.783,0.011,80.868,6.357,0.251,0.003,169.104,40.684,204.303,31.833,49.353,71.331,53.898,86.296,62.535
10006499,West Covina Jail,,34.07130466380657,-117.93886373342276,34.078125,-117.953125,1.514,14,62,False,194.001,94.362,16.614,0.402,110.553,15.57,0.408,0.004,77.093,9.649,66.515,5.218,7.333,234.193,134.689,43.394,3.419,163.231,48.821,3.647,0.059,116.78,30.618,122.316,22.951,30.895,254.532,158.982,65.991,8.78,191.079,81.157,10.953,0.295,140.918,50.488,151.322,47.224,58.622,91.858,63.547,102.729,72.436
10005271,Butte County Jail,,39.52949746158004,-121.5745062299414,39.515625,-121.578125,1.571,14,62,False,148.083,83.886,15.908,0.234,55.218,3.055,0.01,0.0,64.336,7.308,58.827,3.492,7.333,171.233,115.532,43.876,2.925,103.176,19.468,0.36,0.0,98.835,27.254,106.431,21.386,34.458,182.612,131.94,65.028,7.759,126.382,41.56,2.39,0.008,117.297,45.398,129.217,44.108,60.189,92.565,59.645,102.565,67.772
10006490,Costa Mesa Jail,,33.6633743002085,-117.9041902557805,33.671875,-117.890625,1.569,14,62,False,66.496,8.585,0.399,0.001,100.696,12.236,0.494,0.003,98.35,15.526,68.431,6.581,7.333,98.104,16.477,1.171,0.021,142.869,29.067,2.037,0.032,136.346,27.767,112.385,17.522,20.643,124.881,26.037,2.444,0.071,169.533,51.649,5.01,0.176,161.541,41.707,139.447,33.849,39.544,77.489,62.251,90.651,71.74
10005298,Calaveras County Jail,,38.19353619014131,-120.66538822180613,38.203125,-120.671875,1.205,14,62,False,138.312,73.175,10.977,0.042,21.58,0.445,0.003,0.0,66.958,8.327,70.716,7.237,7.332,165.005,106.599,33.411,1.382,56.397,5.209,0.045,0.0,101.032,28.404,117.969,29.216,29.731,177.574,124.873,54.581,5.243,85.457,14.997,0.358,0.001,120.194,48.553,145.0,52.937,53.717,90.822,53.687,101.199,63.657
10006907,South Gate Jail,,33.95672114568816,-118.205100443669,33.953125,-118.203125,0.439,14,62,False,137.323,28.598,1.956,0.022,108.149,11.943,0.423,0.001,86.868,11.759,69.461,5.504,7.333,182.785,57.894,6.781,0.253,162.434,36.515,2.471,0.043,132.546,28.933,126.587,19.802,27.359,210.005,84.273,13.925,0.907,192.087,65.768,6.508,0.208,161.677,48.07,156.721,41.077,53.527,83.776,62.622,95.599,71.536
10006698,Camp Wilmont Sweeney,,37.71256207654158,-122.11612045675584,37.703125,-122.109375,1.203,14,62,False,52.083,9.482,0.705,0.003,16.984,0.869,0.013,0.0,81.938,18.334,74.681,4.196,7.333,79.624,17.212,1.637,0.04,54.168,3.425,0.111,0.001,116.756,31.217,140.388,14.807,27.698,109.224,27.368,3.309,0.098,100.997,10.333,0.435,0.005,148.592,47.23,180.776,37.549,62.321,76.607,54.942,91.244,62.949
10002324,Marsh Creek Detention Facility,,37.8944241433025,-121.86505370001386,37.890625,-121.859375,0.652,14,62,False,111.319,45.589,6.168,0.042,65.294,10.752,0.223,0.0,70.895,16.733,66.294,11.131,7.33,147.636,77.133,19.483,0.898,109.231,35.793,2.95,0.062,106.03,38.742,110.506,36.549,28.737,165.622,98.441,34.056,3.291,137.508,55.721,8.958,0.248,126.116,56.952,138.75,56.7,47.45,86.069,59.861,99.424,71.34
10006908,Santa Monica Jail,,34.01221467658367,-118.49079223643082,34.015625,-118.484375,0.701,14,62,False,13.944,0.503,0.0,0.0,88.715,6.643,0.087,0.0,119.028,14.589,80.603,5.645,7.333,22.659,1.419,0.023,0.0,125.536,14.882,0.451,0.001,152.497,23.745,117.81,13.123,17.459,31.821,2.189,0.065,0.0,151.126,27.508,1.281,0.01,178.031,33.324,143.927,24.617,32.844,69.809,60.465,82.365,69.563
10005286,Colusa County Jail,,39.205571786654794,-122.00325941610808,39.203125,-122.015625,1.098,14,62,False,158.698,91.38,18.561,0.257,29.925,0.983,0.004,0.0,65.928,7.433,59.332,3.559,7.333,180.846,123.542,44.837,2.975,69.286,5.694,0.085,0.0,101.386,24.903,108.808,14.887,26.112,192.047,139.751,67.371,8.177,106.751,17.346,0.347,0.002,121.669,42.482,140.872,36.645,55.504,93.06,56.833,103.106,64.818
10006500,Whittier Jail,,33.97496527739392,-118.03462367231562,33.984375,-118.046875,1.537,14,62,False,162.729,55.575,5.191,0.076,104.131,12.751,0.373,0.001,81.24,11.382,72.139,6.546,7.332,205.723,93.422,17.236,0.891,161.854,38.463,2.846,0.035,122.601,30.589,130.553,23.87,27.086,229.442,119.092,31.107,2.605,190.981,67.451,7.829,0.249,148.438,49.827,161.15,46.577,51.88,87.319,62.253,98.867,71.836
10005312,Fresno County Jail North Annex,,36.738616880263095,-119.79041979901356,36.734375,-119.796875,0.743,14,62,False,172.309,117.331,50.547,2.883,108.69,25.648,0.287,0.003,62.008,5.763,60.227,3.149,7.333,194.404,143.179,84.017,15.34,139.696,64.101,4.724,0.012,94.534,23.09,99.426,20.274,33.017,205.324,156.725,102.364,30.717,157.107,90.068,16.618,0.178,112.12,41.161,120.3,43.745,59.432,98.447,65.749,107.846,73.827
10006440,South Lake Juvenile Treatment Center,,38.935201491263825,-119.97219591552351,38.921875,-119.984375,1.815,14,62,False,45.708,1.107,0.0,0.0,0.258,0.002,0.0,0.0,63.242,3.909,62.99,3.672,7.332,82.306,10.497,0.056,0.0,2.438,0.01,0.0,0.0,99.261,21.039,106.342,17.569,28.912,102.019,22.822,0.391,0.0,8.481,0.067,0.0,0.0,117.519,38.433,130.596,38.892,55.273,77.746,44.684,86.368,52.963
10006486,Buena Park City Jail,,33.86413456620653,-117.99695734946756,33.859375,-117.984375,1.274,14,62,False,131.643,30.898,2.554,0.051,116.5,16.646,0.62,0.003,86.316,14.248,66.959,5.764,7.332,175.224,58.664,8.426,0.403,165.035,46.799,3.828,0.074,129.444,32.626,119.682,21.048,27.101,200.672,81.707,15.281,1.177,190.98,77.279,9.859,0.397,155.591,49.16,146.492,42.074,51.797,83.61,63.738,96.32,72.838
10005311,Fresno County Main Detention Facility,,36.73819529451567,-119.7899519676438,36.734375,-119.796875,0.748,14,62,False,172.309,117.331,50.547,2.883,108.69,25.648,0.287,0.003,62.008,5.763,60.227,3.149,7.333,194.404,143.179,84.017,15.34,139.696,64.101,4.724,0.012,94.534,23.09,99.426,20.274,33.017,205.324,156.725,102.364,30.717,157.107,90.068,16.618,0.178,112.12,41.161,120.3,43.745,59.432,98.447,65.749,107.846,73.827
10002312,Glenn County Jail,,39.519679878877575,-122.2003805703925,39.515625,-122.203125,0.508,14,62,False,160.94,97.39,23.318,0.584,41.557,1.954,0.006,0.0,68.106,7.875,57.968,3.595,7.333,184.184,129.558,54.466,5.057,88.168,10.711,0.229,0.001,104.748,28.518,105.921,17.223,30.08,195.682,144.845,77.831,12.209,120.644,27.438,0.872,0.007,123.973,47.505,134.985,39.523,59.129,93.76,58.354,103.991,66.289
10005313,Fresno County Jail South Annex,,36.737340306481336,-119.78920805046889,36.734375,-119.796875,0.757,14,62,False,172.309,117.331,50.547,2.883,108.69,25.648,0.287,0.003,62.008,5.763,60.227,3.149,7.333,194.404,143.179,84.017,15.34,139.696,64.101,4.724,0.012,94.534,23.09,99.426,20.274,33.017,205.324,156.725,102.364,30.717,157.107,90.068,16.618,0.178,112.12,41.161,120.3,43.745,59.432,98.447,65.749,107.846,73.827
10005254,Humboldt County Correctional Facility,,40.80297362800573,-124.16156606209246,40.796875,-124.171875,1.099,14,62,False,0.491,0.002,0.0,0.0,3.06,0.046,0.0,0.0,92.463,4.621,78.014,1.507,7.333,2.154,0.094,0.0,0.0,11.162,0.22,0.002,0.0,166.711,14.602,140.206,5.678,26.081,3.633,0.173,0.0,0.0,30.547,0.662,0.012,0.0,216.192,26.468,183.734,16.785,58.346,62.522,51.689,70.876,57.985
10000880,Imperial County Jail,,32.74730136464732,-115.56369468007372,32.734375,-115.578125,1.968,14,62,False,244.419,181.553,117.927,29.762,157.628,88.013,19.508,0.429,63.052,2.477,57.249,5.973,7.333,272.516,207.194,147.282,66.886,183.205,117.166,46.147,2.893,99.736,13.815,89.311,20.586,24.601,289.647,221.985,162.315,89.732,201.736,136.587,69.512,9.425,119.642,28.458,111.434,38.549,44.157,106.488,74.046,114.139,83.42
10006496,Redondo Beach Jail,,33.84487497243068,-118.38832350793837,33.859375,-118.390625,1.623,14,62,False,14.32,0.788,0.007,0.0,77.245,6.133,0.174,0.0,119.037,15.803,71.199,5.248,7.333,22.755,1.823,0.057,0.0,111.537,13.044,0.565,0.004,154.068,25.092,104.747,11.572,16.489,30.348,2.719,0.109,0.0,133.61,22.386,1.286,0.019,183.506,33.432,127.029,20.018,28.913,69.553,60.453,82.629,69.275
10002356,Century Regional Detention Center,,33.92808328856635,-118.22748820851368,33.921875,-118.234375,0.937,14,62,False,118.465,19.469,1.258,0.011,104.659,11.067,0.416,0.001,89.867,11.989,70.3,5.649,7.332,165.48,41.732,4.316,0.151,158.698,32.805,2.222,0.041,136.439,28.162,125.949,19.09,26.136,194.188,64.955,8.936,0.507,188.032,59.98,5.565,0.199,166.331,46.867,156.232,39.076,51.218,82.01,62.293,93.98,71.264
10005336,Kern County Lerdo Pre-Trial Facility,,35.509232224714665,-119.11066155139858,35.515625,-119.109375,0.719,14,62,False,162.805,95.849,18.964,0.105,79.258,9.114,0.052,0.0,66.662,4.853,64.21,4.919,7.333,188.553,127.143,49.149,2.108,117.386,34.124,1.016,0.004,101.851,21.654,104.043,23.648,30.593,202.344,143.826,72.389,6.789,140.017,57.481,4.497,0.02,121.035,40.589,127.732,44.42,53.196,93.686,61.608,102.716,70.568
10005334,Larry J Rhoades Kern Crossroads Facility,,35.50544049501467,-119.11506321759109,35.515625,-119.109375,1.242,14,62,False,162.805,95.849,18.964,0.105,79.258,9.114,0.052,0.0,66.662,4.853,64.21,4.919,7.333,188.553,127.143,49.149,2.108,117.386,34.124,1.016,0.004,101.851,21.654,104.043,23.648,30.593,202.344,143.826,72.389,6.789,140.017,57.481,4.497,0.02,121.035,40.589,127.732,44.42,53.196,93.686,61.608,102.716,70.568
10002343,Kern County Central Receiving Facility,,35.372514913991346,-119.01775467607553,35.359375,-119.015625,1.471,14,62,False,186.054,129.568,65.275,6.253,128.388,52.84,3.128,0.011,62.994,5.421,54.811,3.486,7.333,206.333,153.527,96.155,21.736,153.66,90.493,17.853,0.23,94.037,20.1,92.316,19.151,30.874,216.543,165.704,113.02,38.724,167.699,110.318,40.438,1.583,111.111,36.42,111.826,42.348,56.342,100.313,69.747,109.568,77.887
10000889,Inmate Reception Center,,34.05882860956883,-118.2307921797654,34.046875,-118.234375,1.367,14,62,False,115.421,19.709,0.943,0.002,128.928,15.798,0.456,0.0,88.932,11.727,73.032,5.415,7.333,162.629,45.589,4.312,0.088,179.885,47.6,3.363,0.038,135.487,31.008,131.546,21.578,28.949,191.049,70.142,9.812,0.427,210.24,81.063,9.419,0.242,165.055,51.453,162.306,45.389,57.012,82.04,63.513,93.759,72.505
10005280,Lake County Hill Road Jail,,39.104174901130456,-122.91333000554673,39.109375,-122.921875,0.935,14,62,False,125.949,62.562,8.822,0.069,16.462,0.421,0.003,0.0,66.037,10.266,59.38,4.351,7.333,151.147,92.272,26.856,1.132,46.467,2.845,0.057,0.0,95.628,29.86,100.837,18.36,27.774,164.823,110.156,42.9,3.438,74.846,9.85,0.223,0.002,113.315,46.585,127.831,40.597,52.838,89.489,54.154,100.547,62.668
10006704,Mariposa County Juvenile Detention Facility,,37.488618729358855,-119.96803812171764,37.484375,-119.953125,1.395,14,62,False,128.98,66.41,7.296,0.022,70.91,7.084,0.011,0.0,67.738,7.75,68.158,6.069,7.333,160.121,104.033,30.541,0.775,111.484,34.175,0.908,0.002,105.198,31.738,109.118,31.674,35.319,174.819,123.615,52.912,3.479,133.322,60.798,4.994,0.016,124.831,54.26,131.121,57.969,62.061,89.816,60.348,99.976,69.868
10006909,Huntington Park Jail,,33.9796633125608,-118.21863230920243,33.984375,-118.203125,1.52,14,62,False,140.747,30.724,2.05,0.018,110.877,12.317,0.387,0.0,86.654,11.6,69.871,5.381,7.333,186.359,62.297,7.53,0.262,165.187,38.458,2.564,0.035,132.645,29.731,127.73,20.361,28.254,213.346,89.303,15.594,0.995,194.954,69.097,7.084,0.206,161.824,49.407,158.034,42.733,55.499,84.108,62.76,95.821,71.637
10000912,Barry J Nidorf Juvenile Hall,,34.315820791234124,-118.48324565628825,34.328125,-118.484375,1.37,14,62,False,146.527,67.277,8.678,0.048,81.451,12.719,0.151,0.0,73.076,10.942,73.201,9.386,7.333,189.327,105.129,27.109,1.305,131.464,39.972,2.631,0.008,111.853,31.892,121.625,33.46,29.517,214.97,130.546,45.936,3.747,161.503,63.467,7.386,0.117,137.273,52.125,151.3,55.398,50.295,89.208,60.957,100.491,71.676
10005262,Lassen County Juvenile Detention Facility,,40.42450028814349,-120.64836918474327,40.421875,-120.640625,0.716,14,62,False,97.306,32.164,0.708,0.0,3.048,0.016,0.0,0.0,64.448,7.402,60.165,5.116,7.333,125.916,68.662,11.914,0.156,18.724,0.38,0.001,0.0,98.486,34.823,102.517,25.94,32.348,139.515,89.158,27.514,1.295,43.761,2.918,0.01,0.0,115.208,56.56,124.16,53.495,60.961,85.248,48.646,95.273,57.668
10000888,Men's Central Jail,,34.060423389772325,-118.23112916876896,34.046875,-118.234375,1.533,14,62,False,115.421,19.709,0.943,0.002,128.928,15.798,0.456,0.0,88.932,11.727,73.032,5.415,7.333,162.629,45.589,4.312,0.088,179.885,47.6,3.363,0.038,135.487,31.008,131.546,21.578,28.949,191.049,70.142,9.812,0.427,210.24,81.063,9.419,0.242,165.055,51.453,162.306,45.389,57.012,82.04,63.513,93.759,72.505
10000803,Madera County Juvenile Detention Facility,,36.95303248598929,-120.03571367061356,36.953125,-120.046875,0.99,14,62,False,163.758,103.62,29.797,0.452,62.269,3.471,0.028,0.002,63.913,5.503,57.99,2.875,7.332,187.72,133.14,64.207,6.358,105.35,19.748,0.425,0.002,99.067,24.379,101.674,17.6,32.31,198.589,147.535,85.353,15.523,128.719,46.728,3.078,0.012,117.009,43.068,125.608,43.512,63.063,95.446,60.418,104.713,68.1
10001524,Marin County Jail,,37.999504270594485,-122.53252445910216,37.984375,-122.546875,2.097,14,62,False,82.738,17.568,1.673,0.028,10.46,0.631,0.011,0.0,73.118,14.914,80.426,5.523,7.333,127.239,37.984,5.728,0.326,38.888,2.349,0.09,0.003,119.131,33.384,153.887,21.137,34.369,149.727,59.381,11.42,1.021,73.575,7.189,0.267,0.005,142.205,52.869,192.609,46.562,66.434,80.86,52.376,94.37,61.095
10000807,Merced County Jail,,37.30716956554306,-120.48382018893972,37.296875,-120.484375,1.144,14,62,False,166.87,107.621,34.865,0.709,77.103,5.814,0.02,0.0,62.091,5.515,59.226,2.496,7.329,190.104,134.434,64.29,5.985,114.354,27.322,0.516,0.002,94.346,19.701,98.908,16.494,32.339,200.881,148.227,84.715,14.354,134.864,53.236,3.035,0.007,111.668,35.881,121.407,38.304,58.675,96.235,61.827,105.497,69.414
10005306,Mariposa County Adult Detention Facility,,37.49996234905585,-119.987694996906,37.484375,-119.984375,1.755,14,62,False,130.105,66.379,6.897,0.014,72.076,7.137,0.013,0.0,68.922,7.762,68.204,5.777,7.333,161.606,104.748,29.887,0.684,113.574,34.566,0.97,0.002,106.945,32.13,110.19,31.271,35.509,176.551,124.919,52.8,3.304,135.819,62.161,5.207,0.02,126.95,55.547,132.799,58.191,63.164,89.659,60.472,99.817,69.903
10005250,Modoc County Jail,,41.483803440499145,-120.54072090870048,41.484375,-120.546875,0.516,14,62,False,96.0,35.706,1.698,0.0,0.414,0.008,0.0,0.0,66.627,11.715,59.09,4.152,7.333,125.385,73.548,16.803,0.408,2.217,0.028,0.0,0.0,100.551,43.326,103.878,19.781,30.931,140.179,93.119,32.508,2.751,15.64,0.436,0.008,0.0,117.976,63.329,132.277,52.739,65.718,85.029,43.406,96.572,51.733
10005295,Mono County Jail,,38.25701172449448,-119.2281627852132,38.265625,-119.234375,1.099,14,62,False,73.337,6.584,0.002,0.0,0.239,0.002,0.0,0.0,65.774,4.136,56.043,5.562,7.333,113.736,33.026,0.546,0.0,1.526,0.01,0.0,0.0,107.184,26.661,90.711,16.357,20.498,133.312,57.097,3.064,0.004,6.418,0.071,0.002,0.0,127.593,49.418,117.853,37.839,43.6,80.891,43.037,89.72,52.231
10005284,Wayne Brown Correctional Facility,,39.268673229848154,-121.02790388529456,39.265625,-121.015625,1.108,14,62,False,106.113,36.366,1.461,0.001,42.798,1.448,0.0,0.0,67.705,8.133,65.787,5.653,7.333,138.849,74.107,9.421,0.119,88.813,14.476,0.145,0.0,104.36,30.027,110.792,32.316,37.251,155.016,96.669,20.666,0.45,113.115,33.801,0.991,0.001,123.648,50.936,132.87,57.844,63.55,85.769,57.041,96.084,66.4
10000890,Pitchess Detention Center-North,,34.46919331550016,-118.60482801608542,34.484375,-118.609375,1.736,14,62,False,156.505,75.238,12.159,0.12,56.447,4.087,0.02,0.0,76.482,12.665,72.452,7.851,7.333,201.875,116.933,34.883,1.902,105.966,22.34,0.744,0.003,118.263,35.92,125.261,32.92,32.547,227.45,141.749,57.3,5.813,139.504,45.761,2.947,0.014,143.143,58.448,158.858,60.531,59.89,89.845,58.205,101.615,68.383
10005375,Twin Towers Correctional Facility,,34.058445694210576,-118.23061700116908,34.046875,-118.234375,1.33,14,62,False,115.421,19.709,0.943,0.002,128.928,15.798,0.456,0.0,88.932,11.727,73.032,5.415,7.333,162.629,45.589,4.312,0.088,179.885,47.6,3.363,0.038,135.487,31.008,131.546,21.578,28.949,191.049,70.142,9.812,0.427,210.24,81.063,9.419,0.242,165.055,51.453,162.306,45.389,57.012,82.04,63.513,93.759,72.505
10002319,Napa County Jail,,38.296730767207286,-122.2843068502495,38.296875,-122.296875,1.095,14,62,False,123.817,38.773,4.807,0.028,10.89,0.513,0.006,0.0,71.534,15.121,72.736,4.836,7.333,161.063,63.364,12.104,0.505,35.717,1.819,0.075,0.0,108.095,28.721,135.447,15.802,28.257,177.938,87.716,19.52,1.396,71.023,5.575,0.166,0.003,133.158,42.548,170.298,39.712,59.482,85.445,52.862,98.543,61.313
10002311,Mendocino County Jail / Sheriff,,39.16039412256435,-123.220204359166,39.171875,-123.234375,1.764,14,62,False,117.109,51.561,7.07,0.107,16.383,0.649,0.009,0.0,69.732,15.358,63.792,5.732,7.333,144.773,80.826,22.639,1.276,47.7,3.081,0.078,0.0,99.644,38.342,110.355,21.01,27.101,162.428,100.831,39.999,3.627,78.036,11.681,0.32,0.006,119.022,57.759,141.863,46.586,54.295,87.045,53.767,99.863,62.909
10005291,Napa County Juvenile Justice Center,,38.28828227700995,-122.29963939302542,38.296875,-122.296875,0.984,14,62,False,123.817,38.773,4.807,0.028,10.89,0.513,0.006,0.0,71.534,15.121,72.736,4.836,7.333,161.063,63.364,12.104,0.505,35.717,1.819,0.075,0.0,108.095,28.721,135.447,15.802,28.257,177.938,87.716,19.52,1.396,71.023,5.575,0.166,0.003,133.158,42.548,170.298,39.712,59.482,85.445,52.862,98.543,61.313
10005274,Mendocino County Juvenile Hall,,39.15926394896029,-123.21691581616892,39.171875,-123.203125,1.835,14,62,False,133.941,67.287,13.521,0.313,14.518,0.618,0.011,0.0,70.777,15.483,61.448,4.292,7.333,159.046,97.094,35.482,2.808,43.424,2.323,0.062,0.0,100.574,38.647,109.476,15.85,26.664,175.639,116.418,54.595,6.945,75.416,8.394,0.229,0.006,119.959,58.025,142.356,37.531,53.798,89.447,54.089,102.171,62.362
10001530,California Correctional Institution (CCI),CCI,35.10991555190383,-118.57033067748,35.109375,-118.578125,0.71,14,62,False,80.774,11.199,0.023,0.0,31.359,0.493,0.001,0.0,70.211,6.692,67.613,5.483,7.333,118.966,40.234,1.213,0.0,72.664,6.524,0.028,0.0,109.607,30.148,109.42,28.368,34.092,139.532,62.054,4.353,0.03,97.7,18.888,0.137,0.001,130.717,50.312,132.064,52.373,58.843,81.362,55.38,91.13,64.658
10000836,California Institution For Men (CIM),CIM,33.98471244959707,-117.68239170046569,33.984375,-117.671875,0.969,14,62,False,165.584,69.626,8.669,0.071,39.342,2.691,0.048,0.0,81.87,12.821,68.098,7.083,7.332,210.102,112.261,28.808,1.762,90.003,13.956,0.581,0.006,125.073,36.912,128.141,28.04,30.018,234.934,138.18,48.23,5.216,127.267,31.76,2.347,0.064,151.391,58.759,162.809,54.754,57.602,88.659,56.914,100.522,66.74
10000850,Golden State Annex,,35.669938224404156,-119.22807495791346,35.671875,-119.234375,0.607,14,62,False,172.418,110.628,33.712,0.582,71.263,5.676,0.033,0.0,65.495,4.711,59.284,3.216,7.333,195.741,138.849,68.102,5.647,110.432,25.688,0.597,0.003,99.456,20.674,99.316,18.32,30.387,207.556,153.335,89.484,14.771,133.131,51.724,3.045,0.015,117.986,38.955,123.607,41.373,57.36,96.083,61.298,105.014,69.352
10000851,Central Valley Annex,,35.66816608613756,-119.22874700161184,35.671875,-119.234375,0.653,14,62,False,172.418,110.628,33.712,0.582,71.263,5.676,0.033,0.0,65.495,4.711,59.284,3.216,7.333,195.741,138.849,68.102,5.647,110.432,25.688,0.597,0.003,99.456,20.674,99.316,18.32,30.387,207.556,153.335,89.484,14.771,133.131,51.724,3.045,0.015,117.986,38.955,123.607,41.373,57.36,96.083,61.298,105.014,69.352
10000817,Correctional Training Facility (CTF),CTF,36.46964827416208,-121.38223254073095,36.484375,-121.390625,1.798,14,62,False,107.407,25.091,2.633,0.018,5.257,0.105,0.001,0.0,85.831,18.034,83.871,3.819,7.333,152.348,42.404,5.838,0.165,17.054,0.612,0.007,0.0,127.481,31.678,152.944,12.955,24.012,179.492,60.3,10.23,0.519,40.489,2.357,0.034,0.0,156.952,45.995,200.388,32.494,54.093,81.823,50.954,96.145,58.947
10002341,California Institution For Women (CIW),CIW,33.94974539755923,-117.6363650322742,33.953125,-117.640625,0.543,14,62,False,168.055,74.398,10.585,0.16,36.247,2.386,0.052,0.0,82.362,13.494,70.209,7.396,7.333,211.058,115.488,31.531,2.222,84.935,12.105,0.466,0.005,123.72,37.006,129.52,27.893,29.254,234.484,140.893,51.889,6.265,123.271,29.491,2.131,0.051,149.249,58.736,164.884,56.091,57.614,89.123,56.391,101.192,66.361
10000785,California Medical Facility (CMF),CMF,38.3285102029971,-121.97916451130509,38.328125,-121.984375,0.456,14,62,False,136.581,56.557,9.305,0.064,24.538,1.124,0.005,0.0,70.148,14.456,72.367,6.935,7.333,168.38,91.712,23.602,1.438,60.967,5.126,0.088,0.0,106.495,31.62,131.572,23.093,25.301,182.335,113.421,37.423,4.205,94.393,12.091,0.299,0.002,127.435,48.466,162.103,43.886,47.887,88.299,54.62,100.805,64.395
10000786,Delta Conservation Camp #8,,38.217626008443645,-121.84722364621932,38.203125,-121.859375,1.927,14,62,False,132.08,51.948,7.88,0.059,7.951,0.242,0.003,0.0,70.696,15.249,69.692,3.672,7.332,165.476,85.602,21.61,1.085,34.126,1.4,0.029,0.0,107.094,33.44,136.973,17.137,34.538,181.579,107.59,34.534,3.289,71.273,4.928,0.105,0.001,128.56,49.86,170.708,43.863,70.837,87.478,52.359,100.221,60.203
10000857,California Rehabilitation Center (CRC),CRC,33.9292530412966,-117.5725312861978,33.921875,-117.578125,0.968,14,62,False,178.806,87.692,15.579,0.33,76.931,8.397,0.173,0.001,76.923,11.116,67.157,6.479,7.333,218.585,127.125,41.681,3.45,131.443,32.112,1.945,0.027,116.345,33.5,122.152,26.62,30.816,241.008,150.976,64.102,8.752,160.063,60.96,6.752,0.196,140.146,54.06,151.072,53.442,58.606,91.226,60.87,102.582,70.378
10005282,Konocti Conservation Camp #27,,38.91057030566233,-122.7077601724924,38.921875,-122.703125,1.317,14,62,False,116.903,53.183,7.211,0.055,50.639,3.896,0.04,0.0,64.581,11.478,61.509,6.431,7.333,147.328,87.527,24.235,1.119,92.201,19.934,0.61,0.005,98.614,33.278,102.883,27.759,30.857,161.318,105.273,38.942,2.879,114.313,39.364,2.759,0.026,115.549,49.899,124.765,49.555,53.075,88.336,58.601,99.95,68.207
10006347,La Cima Conservation Camp #42,,32.93893654769131,-116.53689248814348,32.953125,-116.546875,1.829,14,62,False,90.505,16.134,0.186,0.0,25.649,0.378,0.003,0.0,68.406,6.612,65.023,4.006,7.332,126.676,41.81,1.657,0.003,62.022,3.545,0.017,0.002,106.305,21.224,103.669,19.258,29.776,145.249,61.616,4.567,0.05,85.285,8.629,0.094,0.0,125.085,36.907,127.95,34.53,48.011,82.805,55.255,92.524,63.769
10002322,"California State Prison, Sacramento (SAC)",SAC,38.694444232143624,-121.15390376526624,38.703125,-121.140625,1.501,14,62,False,131.032,61.856,6.829,0.011,52.456,2.384,0.007,0.0,64.534,7.714,67.752,4.595,7.331,156.65,93.602,22.929,0.555,97.56,13.127,0.153,0.0,96.298,24.935,114.275,20.336,27.797,169.486,111.967,38.77,2.126,123.97,30.193,0.862,0.001,114.418,41.324,138.957,41.282,51.844,89.631,58.485,99.785,67.316
10000811,Miramonte Conservation Camp #5,,36.672531545811935,-119.08573875853784,36.671875,-119.078125,0.682,14,62,False,124.299,56.385,2.616,0.0,79.181,7.619,0.009,0.0,69.297,5.612,73.581,5.66,7.329,156.772,98.186,21.832,0.235,119.601,36.498,1.08,0.001,108.796,32.366,114.704,31.575,36.239,173.112,119.756,44.094,1.686,142.295,67.597,6.781,0.027,129.366,57.676,138.049,61.86,67.101,88.369,60.666,97.734,70.068
10002353,California State Prison-Los Angeles County (LAC),LAC,34.693596500791955,-118.2276135961975,34.703125,-118.234375,1.225,14,62,False,155.112,91.275,21.358,0.219,82.919,16.12,0.237,0.001,68.262,7.021,57.441,5.084,7.333,189.851,127.294,51.287,3.469,121.338,51.815,4.398,0.031,103.61,27.765,97.965,28.269,35.129,207.85,145.207,70.797,8.007,141.683,75.312,12.868,0.17,122.634,43.754,119.265,49.449,57.197,93.332,63.583,103.24,72.536
10002349,Acton Conservation Camp #11,,34.437431767090374,-118.287350782123,34.421875,-118.296875,1.934,14,62,False,113.204,42.125,2.135,0.003,65.238,6.97,0.039,0.0,68.154,8.447,65.5,7.005,7.333,149.756,75.585,11.566,0.204,106.436,29.911,1.154,0.002,103.783,27.64,106.618,29.997,31.293,170.814,96.202,22.242,0.73,130.821,50.287,3.861,0.017,124.14,44.723,131.092,50.521,51.77,86.451,59.969,96.884,69.844
10000790,San Quentin State Prison (SQ),SQ,37.940039851419016,-122.4903665969169,37.953125,-122.515625,2.646,14,62,True,98.068,21.696,2.035,0.032,13.512,0.79,0.017,0.0,71.921,13.134,79.411,5.131,7.332,136.956,41.899,6.078,0.344,43.816,2.747,0.101,0.004,113.922,28.031,148.215,17.745,30.675,157.322,62.778,11.612,0.964,78.639,7.276,0.285,0.005,136.183,44.677,184.285,38.408,59.279,82.422,53.491,95.085,62.005
10000847,Wasco State Prison (WSP),WSP,35.59431194493489,-119.40833193657431,35.609375,-119.421875,2.071,14,62,False,180.32,119.799,43.459,1.318,72.281,5.778,0.049,0.0,65.498,4.547,57.596,3.044,7.333,201.747,146.872,78.026,8.549,111.681,23.758,0.506,0.004,99.014,19.416,98.457,15.562,27.914,212.904,160.133,98.033,19.664,134.911,51.918,3.092,0.017,116.852,36.228,123.566,39.852,57.192,97.412,61.527,106.252,69.412
10002340,Desert View Annex,,34.55992220018533,-117.4373207394121,34.546875,-117.421875,2.023,14,62,False,154.852,92.845,16.173,0.076,67.849,6.771,0.053,0.001,64.996,3.862,60.461,4.924,7.331,185.474,124.9,44.875,1.726,107.135,28.206,0.866,0.006,99.283,19.862,100.33,23.11,30.618,202.057,141.811,65.47,5.306,128.009,49.649,3.745,0.033,118.609,35.328,121.773,43.074,52.275,93.531,60.859,102.128,69.741
10000879,Puerta La Cruz Conservation Camp #14,,33.32449679713223,-116.68321048338171,33.328125,-116.671875,1.126,14,62,False,141.134,65.805,4.13,0.0,50.642,2.666,0.016,0.001,71.423,5.463,72.51,8.07,7.332,181.876,105.047,19.459,0.22,90.39,14.283,0.235,0.003,110.608,23.189,113.04,29.608,28.737,207.243,129.451,35.408,0.887,116.891,29.514,0.907,0.008,134.674,40.763,141.184,51.039,49.458,89.363,57.261,98.667,67.523
10000808,John Latorraca Correctional Facility,,37.189420106543345,-120.53775921676562,37.203125,-120.546875,1.722,14,62,False,166.114,101.697,26.145,0.277,17.285,0.36,0.006,0.0,64.56,5.848,64.061,3.125,7.333,190.487,131.743,54.648,3.628,54.241,2.752,0.036,0.002,98.896,21.006,113.511,17.306,32.686,200.985,146.063,75.545,9.392,88.398,11.124,0.13,0.001,116.364,37.139,142.974,42.689,63.766,94.732,54.743,104.127,62.501
10000841,North Kern State Prison (NKSP),NKSP,35.78188517301339,-119.30987566982682,35.796875,-119.296875,2.034,14,62,False,175.229,115.261,39.985,0.965,70.916,4.849,0.03,0.0,65.318,4.56,57.364,2.554,7.333,196.999,141.668,74.341,7.605,109.986,24.634,0.518,0.004,98.076,20.532,98.366,16.725,32.14,209.423,155.999,94.915,18.857,131.76,54.248,3.647,0.022,116.351,38.799,121.986,42.982,62.817,96.931,61.422,105.816,68.999
10005299,Vallecito Conservation Camp #1,,38.106427356926375,-120.48874358476203,38.109375,-120.484375,0.503,14,62,False,133.701,70.812,9.612,0.033,61.474,5.588,0.01,0.0,68.681,8.608,69.841,8.496,7.333,163.891,108.092,34.277,1.309,102.36,25.766,0.529,0.002,106.324,32.413,110.559,32.285,30.083,177.715,127.318,56.983,5.171,124.827,48.2,3.621,0.008,125.74,54.629,132.57,56.155,53.618,90.292,58.916,100.737,69.297
10006532,Department Of State Hospitals - Atascadero,,35.46406026013646,-120.6348665784761,35.453125,-120.640625,1.321,14,62,False,129.914,58.148,9.791,0.406,8.151,0.394,0.009,0.0,73.089,16.701,62.167,4.519,7.333,168.606,94.336,28.753,2.678,44.075,3.456,0.115,0.002,111.323,40.788,121.954,28.886,44.291,189.1,115.468,43.111,5.795,76.623,11.238,0.464,0.005,132.365,57.85,151.569,58.108,76.063,87.74,52.076,101.128,60.263
10001522,Sierra Conservation Center (SCC),SCC,37.89168865412792,-120.53654018648405,37.890625,-120.546875,0.913,14,62,False,147.911,87.126,18.308,0.123,35.435,1.078,0.007,0.0,66.573,7.753,71.017,7.635,7.332,174.716,119.279,47.441,3.171,75.003,11.29,0.113,0.0,101.287,28.299,112.929,32.524,32.077,187.082,136.474,70.524,10.032,101.041,25.952,0.903,0.001,120.476,48.482,138.63,54.846,54.465,92.821,55.665,102.971,65.772
10000784,Pine Grove Conservation Camp,,38.4117068986096,-120.63947541383544,38.421875,-120.640625,1.133,14,62,False,121.532,54.428,4.413,0.005,46.538,2.602,0.003,0.0,66.018,7.83,66.895,7.913,7.333,149.059,89.348,20.128,0.367,86.066,14.957,0.161,0.0,99.847,28.598,106.333,29.953,28.78,164.773,109.51,36.483,1.655,109.499,34.499,1.127,0.003,119.306,47.639,128.48,54.649,53.144,88.431,57.279,98.624,67.503
10000856,Norco Conservation Camp #0,,33.92691793871164,-117.57594424895476,33.921875,-117.578125,0.595,14,62,False,178.806,87.692,15.579,0.33,76.931,8.397,0.173,0.001,76.923,11.116,67.157,6.479,7.333,218.585,127.125,41.681,3.45,131.443,32.112,1.945,0.027,116.345,33.5,122.152,26.62,30.816,241.008,150.976,64.102,8.752,160.063,60.96,6.752,0.196,140.146,54.06,151.072,53.442,58.606,91.226,60.87,102.582,70.378
10006531,Department Of State Hospitals - Coalinga,,36.13343268870778,-120.24044350195224,36.140625,-120.234375,0.966,14,62,False,167.247,107.325,34.016,0.7,81.695,8.14,0.09,0.002,63.767,5.491,61.761,3.762,7.333,192.267,136.008,66.985,6.478,123.033,31.803,0.816,0.001,97.447,22.3,106.076,18.913,30.506,204.523,150.181,85.73,14.99,144.18,53.825,3.027,0.009,114.584,37.481,128.558,36.929,51.981,96.05,61.98,105.314,70.264
10000902,Francisquito Conservation Camp #4,,34.565337588031426,-118.47580837113031,34.578125,-118.484375,1.621,14,62,False,125.424,58.945,6.078,0.01,61.807,5.315,0.013,0.0,69.752,10.325,71.578,8.566,7.333,161.437,93.12,23.363,0.841,103.181,26.372,0.867,0.002,104.636,32.251,113.83,34.264,31.889,182.219,113.498,40.534,3.172,128.79,46.883,3.461,0.006,124.718,51.219,139.647,56.55,53.47,88.445,58.738,99.469,69.167
10005253,High Rock Conservation Camp #32,,40.375077084153816,-123.9312622305967,40.390625,-123.921875,1.9,14,62,False,27.284,2.493,0.01,0.0,1.503,0.02,0.0,0.0,73.388,12.994,68.381,2.252,7.333,61.649,11.598,0.342,0.002,11.247,0.306,0.006,0.0,111.164,39.657,130.775,15.632,38.027,84.232,24.688,1.976,0.015,34.091,1.61,0.043,0.0,136.91,58.063,168.393,44.054,80.216,73.662,48.941,86.229,55.845
10000838,Oak Glen Conservation Camp #35,,34.03332926365807,-116.90609379198143,34.046875,-116.890625,2.07,14,62,False,44.286,1.041,0.0,0.0,13.141,0.113,0.0,0.0,66.325,4.077,60.868,2.835,7.333,79.827,8.217,0.039,0.0,45.619,1.752,0.012,0.0,102.361,19.514,101.863,17.26,32.534,100.662,18.665,0.244,0.0,71.565,5.377,0.045,0.0,121.61,35.628,124.755,35.884,56.345,77.397,53.803,86.09,61.565
10000844,Kern Valley State Prison (KVSP),KVSP,35.76647451591408,-119.32536275967016,35.765625,-119.328125,0.266,14,62,False,178.159,117.651,42.606,1.3,78.993,7.345,0.04,0.0,64.927,4.698,57.175,2.476,7.333,199.97,144.41,76.951,8.636,116.35,31.482,0.851,0.006,97.924,20.033,97.562,16.66,32.014,212.069,158.613,97.393,20.203,136.751,62.076,5.336,0.03,116.267,37.697,120.458,42.66,62.175,97.313,62.408,106.224,69.998
10000861,Ironwood State Prison (ISP),ISP,33.56097662668156,-114.9260675684116,33.546875,-114.921875,1.613,14,62,False,234.307,177.612,121.456,42.325,166.619,107.582,40.312,1.688,59.505,2.317,55.271,4.448,7.333,262.789,203.227,150.418,82.367,193.84,136.097,73.0,11.605,98.763,15.75,87.395,20.913,28.531,279.838,217.683,165.418,105.076,210.899,153.139,96.402,26.671,119.398,33.153,108.992,40.3,50.467,108.053,77.907,115.778,86.615
10000821,Salinas Valley State Prison (SVSP),SVSP,36.47885711260287,-121.37439425565836,36.484375,-121.359375,1.474,14,62,False,88.129,18.327,1.336,0.002,4.065,0.075,0.0,0.0,86.63,17.882,86.678,4.583,7.333,133.397,33.557,3.596,0.053,14.205,0.49,0.004,0.0,131.595,32.797,161.283,15.781,24.914,163.032,50.214,7.198,0.268,34.235,1.993,0.024,0.0,161.52,49.307,209.13,37.497,54.957,80.132,49.63,94.215,58.119
10005272,Parlin Fork Conservation Camp #6,,39.36977478501272,-123.6556177393927,39.359375,-123.640625,1.729,14,62,False,30.89,2.912,0.053,0.0,1.508,0.038,0.0,0.0,76.9,14.375,83.248,4.338,7.333,59.63,8.917,0.434,0.007,7.155,0.256,0.007,0.0,117.661,32.35,154.088,17.821,30.586,88.459,17.755,1.233,0.017,21.773,1.08,0.028,0.0,148.393,53.731,196.143,45.843,65.985,73.978,46.856,86.764,55.171
10000870,South Bay Detention Facility,,32.63304064341742,-117.07753111701798,32.640625,-117.078125,0.844,14,62,False,27.84,2.264,0.034,0.0,96.678,11.925,0.494,0.003,103.799,14.328,63.982,5.81,7.331,44.535,4.255,0.111,0.0,130.373,24.961,1.439,0.015,142.657,24.221,97.139,12.998,17.581,57.618,6.488,0.264,0.001,150.813,42.218,3.113,0.07,164.623,32.361,118.241,23.837,31.766,72.931,62.618,85.652,71.691
10006220,Camp Gonzales,,34.08770877517197,-118.70768791922296,34.078125,-118.703125,1.144,14,62,False,82.951,18.08,0.721,0.001,47.866,4.249,0.048,0.0,78.764,16.274,79.785,11.578,7.333,122.104,37.352,4.425,0.097,90.878,16.801,0.824,0.002,116.946,34.75,129.423,33.65,25.663,149.22,55.842,8.583,0.306,122.144,33.694,2.867,0.036,144.211,52.52,161.096,57.832,47.19,80.46,56.637,93.56,68.183
10005296,Amador County Jail,,38.351538648718005,-120.76931828684096,38.359375,-120.765625,0.927,14,62,False,135.399,73.731,13.229,0.068,39.323,2.316,0.005,0.0,66.162,9.65,71.256,11.158,7.332,161.479,105.628,35.733,1.784,75.754,13.465,0.216,0.0,98.945,29.517,113.323,33.737,26.514,174.391,123.444,55.817,5.853,101.076,26.513,1.026,0.002,117.603,48.307,139.086,53.332,44.451,91.047,55.769,101.871,67.09
10006226,Camp Rockey,,34.1345449734149,-117.79496229533272,34.140625,-117.796875,0.697,14,62,False,148.796,61.699,5.281,0.017,86.346,12.412,0.207,0.0,75.082,9.1,73.628,8.339,7.333,190.998,101.207,22.425,0.869,136.496,39.581,2.96,0.034,114.767,31.309,122.385,31.205,29.024,213.789,124.822,39.899,2.955,166.389,64.283,8.185,0.217,138.529,51.702,152.534,53.398,50.609,88.448,61.252,99.103,71.654
10002338,Bob Wiley Detention Facility,,36.45663045552659,-119.32069305186393,36.453125,-119.328125,0.769,14,62,False,168.39,106.156,26.379,0.246,21.804,0.526,0.009,0.0,66.496,4.43,61.991,3.443,7.333,192.366,136.616,63.972,4.287,63.407,4.248,0.036,0.0,103.629,22.889,113.199,18.657,33.017,203.712,151.815,87.773,13.155,100.859,17.954,0.444,0.002,122.387,44.284,141.665,48.271,67.89,95.123,55.494,103.898,63.432
10006229,Camp Scudder,,34.45854032992573,-118.4828038923584,34.453125,-118.484375,0.618,14,62,False,166.733,92.252,22.023,0.468,82.756,11.03,0.107,0.001,72.387,10.667,71.851,7.301,7.333,209.873,133.01,51.606,4.181,134.141,40.981,2.287,0.008,111.955,31.905,122.094,32.192,33.004,233.528,157.104,75.59,11.242,163.32,68.023,7.494,0.079,135.839,53.378,151.508,57.343,58.242,92.674,61.209,103.826,71.201
10005289,El Dorado County Jail - South Lake Tahoe,,38.9340685149632,-119.97213762662253,38.921875,-119.984375,1.717,14,62,False,45.708,1.107,0.0,0.0,0.258,0.002,0.0,0.0,63.242,3.909,62.99,3.672,7.332,82.306,10.497,0.056,0.0,2.438,0.01,0.0,0.0,99.261,21.039,106.342,17.569,28.912,102.019,22.822,0.391,0.0,8.481,0.067,0.0,0.0,117.519,38.433,130.596,38.892,55.273,77.746,44.684,86.368,52.963
10005288,El Dorado County Jail - Placerville,,38.72391175979539,-120.82363571641528,38.734375,-120.828125,1.225,14,62,False,134.251,73.436,12.638,0.073,64.848,7.107,0.02,0.0,67.643,9.871,68.161,8.192,7.333,161.663,105.597,37.418,2.159,105.044,29.965,0.911,0.003,100.383,32.279,108.161,32.4,30.709,176.121,124.535,59.28,6.704,128.192,51.646,4.672,0.031,119.802,53.132,131.346,54.656,52.672,90.839,59.591,101.774,69.893
10005270,Butte County Juvenile Hall,,39.529692691577225,-121.57051867645444,39.515625,-121.578125,1.692,14,62,False,148.083,83.886,15.908,0.234,55.218,3.055,0.01,0.0,64.336,7.308,58.827,3.492,7.333,171.233,115.532,43.876,2.925,103.176,19.468,0.36,0.0,98.835,27.254,106.431,21.386,34.458,182.612,131.94,65.028,7.759,126.382,41.56,2.39,0.008,117.297,45.398,129.217,44.108,60.189,92.565,59.645,102.565,67.772
10000900,Camp Afflerbaugh,,34.15309188637279,-117.74191185518086,34.140625,-117.734375,1.547,14,62,False,130.22,43.327,2.128,0.001,78.586,10.138,0.122,0.0,76.626,9.38,74.922,8.922,7.332,173.821,83.425,13.454,0.311,126.643,36.576,2.512,0.021,118.493,33.239,122.423,33.946,30.533,198.032,108.122,27.051,1.363,156.145,59.132,7.201,0.158,143.187,54.723,151.998,55.908,51.423,86.103,60.393,96.846,70.987
10005320,Inyo County Jail,,36.79894438134117,-118.19380693837496,36.796875,-118.203125,0.859,14,62,False,162.341,107.006,34.328,0.495,72.809,11.732,0.207,0.0,59.69,3.143,53.321,5.048,7.333,191.264,139.274,74.698,8.07,109.552,37.582,1.895,0.005,98.45,23.829,92.511,21.832,28.441,207.359,154.604,95.029,20.43,127.378,59.984,6.862,0.073,117.113,43.113,111.76,41.41,49.36,96.697,62.597,104.843,71.488
10006705,Carl F. Bryan II Juvenile Hall,,39.26565985450622,-121.03245172516118,39.265625,-121.046875,1.24,14,62,False,113.591,44.873,2.479,0.001,48.712,2.212,0.001,0.0,68.022,8.349,65.775,5.776,7.333,145.075,82.689,13.634,0.228,95.229,19.174,0.254,0.0,104.312,30.366,110.954,33.113,37.977,161.027,104.725,27.73,0.791,118.982,41.245,1.631,0.001,124.051,51.656,133.309,59.165,64.492,86.892,57.821,97.28,67.206
10006703,Camp Erwin Owen,,35.76932479905095,-118.42746270426794,35.765625,-118.421875,0.65,14,62,False,138.457,70.011,4.628,0.0,46.258,1.508,0.003,0.0,66.772,3.861,62.033,3.806,7.333,172.237,109.684,26.451,0.356,83.295,11.562,0.082,0.0,106.991,23.945,99.563,20.008,29.862,191.067,130.641,48.882,1.775,112.27,27.163,0.705,0.002,128.241,45.527,126.658,40.352,54.164,90.376,58.113,98.909,66.541
10000834,Central Detention Center,,34.10242616729506,-117.27345082727165,34.109375,-117.265625,1.055,14,62,False,196.967,120.907,43.686,1.8,101.798,16.545,0.399,0.007,72.64,8.633,64.622,5.181,7.333,234.572,157.237,83.012,13.391,147.805,54.637,4.316,0.112,111.668,32.447,114.764,26.159,34.143,254.93,179.58,105.958,27.02,174.756,85.969,13.89,0.471,133.812,53.063,142.17,53.075,62.891,96.373,63.664,106.832,72.61
10000827,Kings County Jail,,36.33368353541322,-119.66961592010344,36.328125,-119.671875,0.649,14,62,False,165.639,103.644,26.29,0.296,49.349,2.117,0.025,0.001,65.207,4.586,58.774,3.062,7.333,189.734,133.625,60.342,3.81,93.119,13.105,0.192,0.0,100.248,21.337,102.258,17.169,31.422,201.283,148.87,82.414,11.319,122.085,34.648,1.312,0.005,118.676,39.839,129.681,41.733,61.527,95.091,59.068,103.967,66.813
10006702,Fresno County Juvenile Justice Campus,,36.65951325902287,-119.72474618057136,36.671875,-119.734375,1.618,14,62,False,163.714,101.651,26.043,0.232,35.462,1.042,0.009,0.0,65.87,5.247,60.925,3.264,7.333,189.448,133.372,61.06,4.306,81.548,8.597,0.102,0.0,102.451,24.044,109.742,18.596,32.353,201.181,148.866,83.295,12.39,117.504,27.474,0.901,0.004,120.887,43.804,140.428,47.369,67.351,94.81,57.371,104.002,65.27
10005331,West Valley Detention Center,,34.08118905127584,-117.52915047961852,34.078125,-117.515625,1.289,14,62,False,182.568,99.769,23.443,0.504,96.925,12.593,0.306,0.003,74.974,9.889,74.567,7.109,7.333,222.443,139.286,57.782,5.96,151.088,45.742,3.498,0.12,115.1,34.667,130.942,30.822,32.687,243.556,162.556,81.56,14.086,180.415,76.94,10.089,0.377,138.295,55.847,160.981,58.173,60.239,93.096,61.924,104.012,71.779
10000828,High Desert Detention Center,,34.5475073764621,-117.45763172644712,34.546875,-117.453125,0.418,14,62,False,153.943,91.361,14.821,0.057,71.953,7.465,0.05,0.001,64.752,3.602,60.663,4.548,7.333,184.109,123.122,42.187,1.426,110.552,30.117,0.938,0.006,98.423,18.715,100.308,22.088,30.768,200.221,140.271,62.766,4.429,130.734,51.451,3.73,0.031,118.053,33.838,121.546,41.422,51.863,93.359,61.289,101.821,70.013
10005325,Kings County Juvenile Detention Center,,36.33158401889679,-119.66762056058052,36.328125,-119.671875,0.541,14,62,False,165.639,103.644,26.29,0.296,49.349,2.117,0.025,0.001,65.207,4.586,58.774,3.062,7.333,189.734,133.625,60.342,3.81,93.119,13.105,0.192,0.0,100.248,21.337,102.258,17.169,31.422,201.283,148.87,82.414,11.319,122.085,34.648,1.312,0.005,118.676,39.839,129.681,41.733,61.527,95.091,59.068,103.967,66.813
10002331,Santa Rita Jail,,37.71784061903257,-121.88779040170296,37.703125,-121.890625,1.652,14,62,False,120.121,46.947,7.599,0.174,26.787,1.084,0.013,0.0,72.84,17.514,65.549,3.676,7.333,155.235,74.754,18.694,1.296,78.171,5.774,0.166,0.003,105.527,35.493,127.943,17.396,32.052,175.22,97.517,31.308,3.464,119.219,19.801,0.837,0.009,128.682,52.85,161.186,45.514,68.034,86.165,56.409,100.127,64.379
20000100,Trinity County Correctional Facility,,40.750736220204836,-122.92319829648272,40.765625,-122.921875,1.656,14,62,False,105.835,46.173,4.236,0.01,5.389,0.064,0.0,0.0,66.693,11.702,61.37,6.378,7.333,131.779,76.344,15.127,0.39,22.088,0.752,0.002,0.0,96.024,32.166,101.438,24.538,27.525,144.031,93.516,29.185,1.747,41.214,2.537,0.015,0.0,111.947,49.792,126.587,44.955,48.884,86.731,49.504,98.29,59.044
10000775,Lassen County Adult Detention Facility,,40.42573469368667,-120.65008647053216,40.421875,-120.640625,0.907,14,62,False,97.306,32.164,0.708,0.0,3.048,0.016,0.0,0.0,64.448,7.402,60.165,5.116,7.333,125.916,68.662,11.914,0.156,18.724,0.38,0.001,0.0,98.486,34.823,102.517,25.94,32.348,139.515,89.158,27.514,1.295,43.761,2.918,0.01,0.0,115.208,56.56,124.16,53.495,60.961,85.248,48.646,95.273,57.668
10006699,John A. Davis Juvenile Hall,,37.98822234273883,-122.08867712061308,37.984375,-122.078125,1.017,14,62,False,122.018,41.913,5.098,0.074,32.475,1.619,0.022,0.0,68.944,13.069,67.198,4.182,7.333,156.975,71.634,13.776,0.732,87.559,7.024,0.244,0.001,104.142,28.825,132.108,16.361,29.202,174.089,93.457,23.96,2.306,125.465,17.863,0.752,0.01,125.512,43.906,162.161,37.191,59.566,86.325,57.091,98.71,65.188
10000809,Iris Garrett Juvenile Justice Complex,,37.18771223201478,-120.54145188502224,37.203125,-120.546875,1.777,14,62,False,166.114,101.697,26.145,0.277,17.285,0.36,0.006,0.0,64.56,5.848,64.061,3.125,7.333,190.487,131.743,54.648,3.628,54.241,2.752,0.036,0.002,98.896,21.006,113.511,17.306,32.686,200.985,146.063,75.545,9.392,88.398,11.124,0.13,0.001,116.364,37.139,142.974,42.689,63.766,94.732,54.743,104.127,62.501
10002325,West County Detention Facility,,37.99541519496946,-122.35366094214724,37.984375,-122.359375,1.323,14,62,False,44.259,7.101,0.318,0.0,9.711,0.427,0.004,0.0,84.17,18.246,77.105,3.195,7.333,61.105,10.24,0.864,0.013,26.26,1.213,0.039,0.001,116.15,25.017,138.03,8.466,23.803,81.688,14.645,1.227,0.011,57.321,3.26,0.091,0.001,149.742,34.706,179.063,21.338,53.153,75.339,53.663,89.863,60.789
10000778,Sacramento County Main Jail,,38.583018280359575,-121.4975209718283,38.578125,-121.484375,1.263,14,62,False,151.96,85.225,19.858,0.348,59.394,3.755,0.024,0.0,64.597,9.731,61.185,3.989,7.333,174.752,115.997,43.007,3.602,110.553,16.424,0.296,0.0,96.839,26.722,112.643,17.149,27.542,187.158,132.843,61.521,9.046,136.528,35.947,1.415,0.004,115.486,42.107,138.058,37.06,52.499,92.779,59.835,103.763,68.152
10005349,James A Musick Facility,,33.66397649112649,-117.69931931581662,33.671875,-117.703125,0.945,14,62,False,129.298,31.817,2.216,0.01,78.415,10.006,0.306,0.001,82.591,12.893,72.064,8.679,7.332,174.644,61.966,8.063,0.234,135.143,28.757,2.029,0.023,126.58,31.435,128.006,25.83,23.963,200.55,88.937,17.496,1.007,168.459,53.188,6.069,0.186,154.089,51.822,161.548,49.204,46.191,84.064,60.513,96.123,71.044
10005308,Madera Adult Correctional Facility,,36.95420893495739,-120.03497358639753,36.953125,-120.046875,1.063,14,62,False,163.758,103.62,29.797,0.452,62.269,3.471,0.028,0.002,63.913,5.503,57.99,2.875,7.332,187.72,133.14,64.207,6.358,105.35,19.748,0.425,0.002,99.067,24.379,101.674,17.6,32.31,198.589,147.535,85.353,15.523,128.719,46.728,3.078,0.012,117.009,43.068,125.608,43.512,63.063,95.446,60.418,104.713,68.1
10000791,Marin County Juvenile Hall,,38.02754018293216,-122.56630899802622,38.015625,-122.578125,1.678,14,62,False,78.835,19.303,2.066,0.029,14.704,0.971,0.019,0.0,76.197,18.394,80.503,7.099,7.333,120.816,40.141,6.741,0.382,48.512,3.867,0.151,0.004,118.42,38.777,148.532,25.547,31.06,143.459,60.727,13.351,1.198,85.53,10.526,0.473,0.007,141.416,58.924,186.324,52.889,61.287,80.259,52.872,94.943,62.541
10005335,Mojave Jail,,35.04626018655627,-118.1625003600632,35.046875,-118.171875,0.855,14,62,False,156.678,98.566,24.86,0.181,104.424,32.328,0.757,0.001,64.265,4.415,58.634,4.187,7.333,186.64,129.736,59.881,3.89,135.101,67.746,7.894,0.038,99.551,23.372,92.894,22.36,31.515,200.064,145.34,80.656,10.863,153.619,90.365,21.242,0.367,116.972,41.643,114.578,42.628,52.953,94.816,66.524,103.643,75.091
10005337,Kern County Lerdo Maximum-Medium Facility,,35.510712769404066,-119.11037865485692,35.515625,-119.109375,0.553,14,62,False,162.805,95.849,18.964,0.105,79.258,9.114,0.052,0.0,66.662,4.853,64.21,4.919,7.333,188.553,127.143,49.149,2.108,117.386,34.124,1.016,0.004,101.851,21.654,104.043,23.648,30.593,202.344,143.826,72.389,6.789,140.017,57.481,4.497,0.02,121.035,40.589,127.732,44.42,53.196,93.686,61.608,102.716,70.568
10005338,Kern County Lerdo Minimum Facility,,35.51247844150768,-119.11013689243094,35.515625,-119.109375,0.356,14,62,False,162.805,95.849,18.964,0.105,79.258,9.114,0.052,0.0,66.662,4.853,64.21,4.919,7.333,188.553,127.143,49.149,2.108,117.386,34.124,1.016,0.004,101.851,21.654,104.043,23.648,30.593,202.344,143.826,72.389,6.789,140.017,57.481,4.497,0.02,121.035,40.589,127.732,44.42,53.196,93.686,61.608,102.716,70.568
10002326,Martinez Detention Facility,,38.01736383431603,-122.13224601906312,38.015625,-122.140625,0.758,14,62,False,104.958,29.904,3.272,0.026,20.179,1.032,0.016,0.0,68.474,14.18,68.468,5.896,7.333,140.767,53.874,8.528,0.42,53.256,4.17,0.127,0.001,103.428,28.381,131.374,19.128,24.672,160.364,74.359,16.108,1.274,90.92,11.097,0.402,0.005,126.068,43.007,165.965,40.666,50.882,84.186,54.561,97.044,63.739
10002313,Yuba County Jail,,39.14114653002424,-121.58690840125676,39.140625,-121.578125,0.758,14,62,False,159.707,97.688,26.624,0.526,65.071,4.058,0.018,0.0,64.948,7.566,59.047,3.207,7.333,180.693,126.559,55.524,5.306,109.989,19.105,0.378,0.001,98.318,26.481,104.407,16.209,29.496,191.949,141.039,77.079,12.438,136.288,44.277,2.414,0.012,116.58,43.446,131.702,39.773,58.503,94.408,60.557,104.502,68.452
10006439,Placer County Juvenile Detention Center,,38.93667972767868,-121.10931248260697,38.921875,-121.109375,1.643,14,62,False,138.472,76.962,14.815,0.099,75.499,10.627,0.046,0.0,66.548,9.492,69.273,8.204,7.332,164.214,109.89,40.009,2.303,115.623,36.492,1.61,0.005,100.63,30.685,109.703,31.6,29.792,177.423,127.743,61.711,6.79,137.912,58.433,6.046,0.034,119.386,50.527,132.063,52.936,50.879,91.495,60.742,102.296,71.064
10006707,Sacramento County Youth Detention Facility,,38.54604226446235,-121.3405908477844,38.546875,-121.328125,1.086,14,62,False,143.353,72.646,12.051,0.074,16.414,0.421,0.002,0.0,67.033,9.746,65.675,3.79,7.333,169.521,106.066,32.067,1.564,53.177,2.633,0.029,0.0,100.652,27.858,123.78,17.368,30.774,182.808,124.538,49.913,4.856,91.294,10.115,0.218,0.001,119.611,44.61,153.141,43.592,63.991,90.753,54.441,101.673,62.505
10001526,San Francisco County Jail #2 Annex,,37.77546199277186,-122.40416818642215,37.765625,-122.390625,1.614,14,62,False,5.194,0.232,0.0,0.0,14.393,0.686,0.01,0.0,103.922,15.313,94.328,4.18,7.333,8.811,0.692,0.009,0.0,35.658,1.877,0.048,0.001,153.964,24.414,163.273,9.892,19.876,14.05,1.203,0.02,0.0,70.343,4.195,0.134,0.002,195.365,37.535,211.152,21.417,43.219,64.955,54.279,78.543,62.208
10000805,San Francisco County Jail #3,,37.62744097672951,-122.4603625644674,37.640625,-122.453125,1.596,14,62,False,14.962,1.783,0.036,0.0,8.518,0.382,0.005,0.0,101.01,23.425,94.118,4.18,7.333,22.687,3.64,0.222,0.002,24.29,1.179,0.029,0.001,146.991,34.846,163.739,11.965,24.818,32.99,6.1,0.524,0.004,50.672,3.212,0.096,0.001,193.055,49.77,215.942,27.02,52.819,67.265,52.401,83.928,60.34
10000854,San Luis Obispo County Jail,,35.32070973785056,-120.7267914288845,35.328125,-120.734375,1.072,14,62,False,26.229,3.574,0.182,0.001,8.296,0.373,0.005,0.0,121.015,23.021,87.961,6.885,7.333,45.856,7.528,0.658,0.009,20.71,1.457,0.031,0.0,169.076,40.713,149.049,17.533,19.712,64.141,11.757,1.322,0.037,41.666,3.564,0.109,0.0,206.904,57.369,194.784,35.717,41.706,70.728,50.689,86.811,60.291
10000797,San Joaquin County Juvenile Hall,,37.88362185715131,-121.29059713126162,37.890625,-121.296875,0.952,14,62,False,153.588,84.189,18.339,0.223,37.529,1.271,0.011,0.0,64.381,9.341,60.76,3.235,7.333,179.177,116.562,40.589,3.084,82.523,8.198,0.169,0.0,98.383,25.631,109.398,16.768,30.527,192.416,133.699,59.919,8.255,115.123,22.673,0.726,0.003,116.763,41.865,138.649,38.454,58.267,92.558,57.687,103.35,65.477
10000820,Monterey County Youth Center,,36.678865705631374,-121.62745479242824,36.671875,-121.640625,1.406,14,62,False,32.946,6.155,0.419,0.0,10.082,0.471,0.006,0.0,106.495,21.619,74.361,3.28,7.332,48.309,9.24,0.984,0.019,28.212,1.468,0.044,0.001,150.476,31.85,127.741,9.167,22.375,67.726,14.118,2.021,0.064,61.875,4.331,0.161,0.002,188.064,44.816,170.468,23.952,51.856,72.614,53.821,89.095,61.043
10006711,Solano County Stanton Correctional Facility,,38.27371914804761,-121.99938649727412,38.265625,-121.984375,1.587,14,62,False,131.034,47.711,6.706,0.038,7.536,0.35,0.003,0.0,72.362,15.024,73.98,5.466,7.333,165.627,80.204,17.864,0.766,22.004,0.948,0.03,0.0,109.883,31.626,140.378,15.766,23.906,181.032,102.826,29.354,2.432,48.379,2.783,0.059,0.0,130.878,48.208,177.671,37.085,51.54,86.803,51.138,99.669,60.036
10005315,Santa Clara County Main Jail Complex (North),,37.351471306559965,-121.90623800435311,37.359375,-121.890625,1.633,14,62,False,96.019,19.779,1.074,0.0,32.158,0.909,0.007,0.0,70.602,11.767,64.785,2.37,7.332,134.263,35.995,3.418,0.053,80.06,4.089,0.093,0.0,107.69,22.792,122.673,9.337,25.721,159.474,57.586,7.068,0.147,121.839,14.798,0.422,0.002,135.362,38.644,157.858,28.964,60.58,82.426,57.53,94.268,64.442
10000818,Monterey County Jail / Rehabilitation Facility,,36.6990536439476,-121.6303604023972,36.703125,-121.640625,1.019,14,62,False,32.229,6.055,0.397,0.0,9.679,0.464,0.007,0.0,105.912,21.236,74.946,3.396,7.333,47.547,9.098,0.969,0.017,26.241,1.414,0.04,0.0,150.571,31.425,128.746,9.025,21.432,65.952,13.513,1.953,0.065,57.961,3.899,0.14,0.002,187.484,43.844,170.016,23.04,49.695,72.574,53.642,88.97,60.926
10001529,Santa Cruz County Main Jail,,36.98011161131043,-122.02381977917152,36.984375,-122.015625,0.867,14,62,False,52.462,7.811,0.338,0.0,6.227,0.18,0.0,0.0,89.245,17.105,82.618,4.091,7.331,73.061,11.889,0.989,0.013,17.995,0.814,0.013,0.0,120.769,24.626,135.753,12.39,22.243,96.789,18.601,2.058,0.022,38.234,2.377,0.039,0.001,151.242,36.434,168.842,28.047,45.12,76.243,51.335,90.266,59.448
10005314,Santa Clara County Juvenile Hall,,37.34970166305614,-121.90715984251057,37.359375,-121.921875,1.685,14,62,False,74.161,12.786,0.453,0.0,28.753,0.778,0.005,0.0,73.143,12.533,64.347,2.205,7.333,112.541,23.525,1.734,0.013,74.367,3.337,0.065,0.0,111.43,23.113,121.567,8.172,24.572,142.648,38.865,3.531,0.035,117.58,11.544,0.266,0.001,141.593,38.236,156.917,25.03,58.48,80.093,57.356,92.249,64.09
10000788,Solano County Justice Center Detention Facility,,38.24734151191261,-122.0393212229116,38.234375,-122.046875,1.583,14,62,False,131.328,48.77,8.277,0.085,11.783,0.536,0.005,0.0,68.644,14.806,66.846,4.616,7.333,165.379,79.101,19.265,1.142,36.366,1.773,0.047,0.0,103.779,29.755,126.928,14.736,25.942,181.491,101.997,29.773,2.867,71.057,5.254,0.124,0.002,125.843,44.642,164.307,35.145,54.861,87.357,53.268,100.428,61.612
10000868,Santa Maria Juvenile Hall,,34.8809478871633,-120.44720314021224,34.890625,-120.453125,1.202,14,62,False,33.43,4.013,0.137,0.0,11.961,0.689,0.007,0.0,113.475,18.612,76.633,6.806,7.333,58.223,7.832,0.501,0.005,28.629,2.369,0.074,0.0,164.591,33.563,134.767,17.161,19.731,86.373,13.637,1.28,0.02,55.217,5.603,0.271,0.001,204.473,52.796,175.065,35.239,41.268,72.954,52.184,87.315,61.753
10000819,Monterey County Juvenile Hall,,36.700423193185415,-121.63243384862332,36.703125,-121.640625,0.788,14,62,False,32.229,6.055,0.397,0.0,9.679,0.464,0.007,0.0,105.912,21.236,74.946,3.396,7.333,47.547,9.098,0.969,0.017,26.241,1.414,0.04,0.0,150.571,31.425,128.746,9.025,21.432,65.952,13.513,1.953,0.065,57.961,3.899,0.14,0.002,187.484,43.844,170.016,23.04,49.695,72.574,53.642,88.97,60.926
10005277,Sierra County Jail Temporary Holding Facility,,39.558897821651826,-120.83026440189096,39.546875,-120.828125,1.347,14,62,False,87.576,19.444,0.285,0.0,3.618,0.015,0.0,0.0,70.696,9.428,64.519,4.138,7.333,122.011,50.888,3.059,0.019,24.911,0.439,0.0,0.0,106.933,32.17,108.167,27.15,37.707,138.651,75.246,9.394,0.154,51.135,3.171,0.012,0.0,125.167,55.15,129.979,54.208,66.459,82.438,49.654,93.17,58.268
10005293,Sonoma County Juvenile Hall,,38.44154467199271,-122.5821207731632,38.453125,-122.578125,1.332,14,62,False,78.586,15.867,0.8,0.0,17.208,0.918,0.004,0.0,72.822,13.968,75.444,13.022,7.332,119.385,36.118,3.113,0.043,38.272,3.754,0.059,0.0,113.76,32.384,136.321,30.525,20.342,143.543,52.629,6.718,0.2,69.065,9.978,0.292,0.003,138.382,47.74,169.817,57.756,41.656,80.626,51.256,93.42,63.508
10005297,Solano County Juvenile Detention Facility,,38.251590132038416,-122.0642316186344,38.265625,-122.078125,1.973,14,62,False,131.335,50.624,8.775,0.121,23.746,1.288,0.012,0.0,68.699,15.219,67.664,5.442,7.333,165.037,81.437,20.649,1.311,63.492,4.932,0.139,0.001,103.917,30.96,126.163,18.768,26.378,180.434,103.548,32.761,3.692,100.766,12.432,0.408,0.004,124.837,46.872,158.992,38.889,52.059,87.537,55.418,100.649,64.315
10005294,Sonoma County Probation Camp,,38.504195449308106,-122.8691064487371,38.515625,-122.859375,1.525,14,62,False,120.422,36.028,4.429,0.045,3.706,0.099,0.0,0.0,73.243,14.755,79.243,4.177,7.333,154.093,62.008,9.494,0.336,14.095,0.588,0.009,0.0,112.479,28.528,145.988,16.137,33.089,173.252,85.416,16.715,1.053,37.053,2.035,0.048,0.001,135.002,44.222,181.392,40.878,67.027,84.89,49.574,98.159,57.585
10002320,North County Detention Facility,,38.513140047609944,-122.80147808524178,38.515625,-122.796875,0.486,14,62,False,107.75,28.641,3.078,0.019,4.11,0.125,0.0,0.0,74.043,15.822,74.74,3.501,7.331,144.117,50.979,7.273,0.244,16.488,0.628,0.012,0.0,113.166,29.851,142.757,14.064,35.714,164.87,72.072,13.254,0.825,43.987,2.359,0.054,0.001,137.036,44.902,176.877,39.556,72.307,83.387,50.486,96.984,57.972
10000865,Santa Barbara County Main Jail,,34.44490502379509,-119.77712765160398,34.453125,-119.765625,1.393,14,62,False,87.987,14.07,0.463,0.001,70.724,7.95,0.192,0.0,85.724,13.355,79.359,9.941,7.333,128.924,28.583,2.22,0.047,116.54,21.872,1.355,0.019,126.275,27.543,128.351,25.675,20.862,157.612,42.236,4.448,0.108,148.881,36.064,2.776,0.044,154.655,40.843,160.484,41.676,34.827,80.193,59.228,92.468,70.244
10000886,Ventura County Pre-Trial Detention Facility (Main Jail),,34.26940988794384,-119.20927538337398,34.265625,-119.203125,0.703,14,62,False,52.61,5.331,0.122,0.0,47.295,3.064,0.031,0.0,106.965,15.511,79.24,6.776,7.333,80.633,9.73,0.392,0.001,85.923,8.835,0.255,0.0,147.328,27.181,124.36,17.345,20.268,106.511,16.075,1.209,0.009,118.568,18.739,0.782,0.005,176.061,41.262,155.33,34.176,39.367,75.699,57.491,88.802,67.101
10000885,Ventura County Juvenile Justice Complex,,34.25611380659831,-119.15972354105072,34.265625,-119.171875,1.535,14,62,False,72.979,8.321,0.247,0.0,47.863,3.208,0.039,0.0,103.377,14.343,78.036,6.804,7.332,108.012,15.279,0.713,0.003,88.528,9.476,0.292,0.0,144.922,25.924,124.879,17.989,21.116,138.604,25.264,1.812,0.017,121.684,20.475,0.88,0.005,174.898,40.923,156.563,36.264,41.55,77.781,57.587,90.509,67.211
10002317,Yolo County Monroe Detention Center,,38.659879421445865,-121.7314816044994,38.671875,-121.734375,1.355,14,62,False,157.342,89.959,20.892,0.357,30.496,1.187,0.007,0.0,65.901,9.104,63.544,4.14,7.333,180.087,122.958,46.65,4.241,73.469,5.737,0.076,0.0,100.745,27.658,116.979,16.602,27.627,191.913,139.438,67.075,10.094,109.674,15.103,0.331,0.001,120.497,43.598,148.655,36.321,54.258,93.114,56.647,103.81,64.904
