GEOID,Dr_delta_JA_max_pre,Dr_delta_JA_max_fut,Dr_WSV_average,Dr_precip_demand_ratio,drought_delta_spei12_midcentury
06037137504,3.222523,5.534145,20.838332046341208,1.9836592167999956,311.96654032799887
06037138000,3.1698084818941505,5.454793401114205,22.955443997857156,1.9836592167999945,306.49704602882304
06037139200,3.201486,5.466245,18.796085481569076,1.983659216799997,313.49206349206355
06087120901,3.406730308333333,5.350360983333333,27.198633764040665,1.992271328490005,126.48028685256958
06087120902,3.1337526479217606,4.9409354938875305,29.67031032575115,1.9922713284900049,116.93494475782994
06087121601,1.0348584539877301,1.8855882024539876,30.085380135643486,1.9800488050023355,35.976110064492325
06087122401,2.1972052143671608,3.5672404070695554,33.79189070152651,1.9922713284900053,94.43190622827746
06087121602,0.7511538048780488,1.428126081300813,29.942807944293502,1.9760740006161013,33.835820452404036
06087110503,0.805164,1.932916,41.04802252149449,1.9922713284900035,62.69841269841271
06087110506,0.7925216907216495,1.8923168247422681,43.28005689306393,1.992271328490003,61.92854424779744
06087110202,0.8087247204968945,1.9455730372670808,40.54562628165595,1.9922713284900042,63.754011205941055
06087110505,0.805164,1.932916,43.44982062652633,1.9922713284900035,62.69841269841271
06087110201,0.8086384,1.9452662,43.13148516899995,1.9922713284900027,63.37842670135244
06087110302,0.805164,1.932916,43.309668935350956,1.9922713284900013,62.69841269841271
06087110301,0.7837427027027027,1.9208694594594593,44.397568826618894,1.9922713284900024,61.75886147972251
06087110401,0.6107239756097561,1.718972975609756,45.53573069455854,1.9922713284900029,25.907336554143328
06087121701,0.555826,1.113168,29.631331731392013,1.992271328490004,32.53968253968254
06087121702,0.9873042517482518,1.808909,30.17545751283078,1.992271328490004,34.93401796154717
06087110102,0.8206747142857144,1.9880508214285713,42.97269289444081,1.992271328490004,66.26770940673411
06087110601,0.7811143841059602,1.714909927152318,39.81199248113834,1.992271328490004,58.815151715839264
06087122205,0.736207386440678,0.8824358101694916,36.37050836936843,1.9652574799681064,34.777574608075085
06087100801,1.816593,2.935384,28.949816636650453,1.9922713284900035,57.14285714285714
06087101002,1.816593,2.935384,28.874537513714998,1.9922713284900033,57.14285714285714
06087121802,0.555826,1.113168,29.317731577550926,1.9922713284900035,32.53370270875891
06067002300,3.2970443181818183,5.2252220454545455,25.346351577285187,1.9925546533900005,88.05690831593553
06067002400,3.3099887877697842,5.214452694244605,24.681662691484856,1.9925546533900063,87.79881882759472
06037143200,2.7901389285714284,4.884364732142857,25.249576502414246,1.9836592167999985,224.23936985613943
06037201301,2.751008927272727,4.701872381818182,26.54233577111185,1.9836592167999987,242.70944852205056
06037201302,2.891817704347826,4.8774896434782615,27.908585027545154,1.9836592167999985,233.061606956598
06037201401,2.7425752647058825,4.697567823529412,26.65471720726866,1.9836592167999991,244.4745136374757
06037201402,2.744998814102564,4.698396141025641,26.039487853469304,1.983659216799997,243.2095062862087
06037236001,2.024685316455696,3.572605641350211,17.84636068425569,1.9836592167999954,159.87511389196789
06037236102,2.138104066666667,3.759469511111111,18.492535220799994,1.9836592168000016,182.8200198672422
06037409100,2.776577153846154,4.798151989743589,33.71891250260203,1.983659216799996,275.28552586805125
06037234301,2.216968,3.890689,18.95443030479999,1.9836592168000025,189.6825396825397
06037231601,2.341892,4.09972,19.58332272070001,1.9836592168000016,220.63492063492063
06037231603,2.341892,4.09972,19.583322720700004,1.9836592168,220.63492063492063
06037234001,2.216968,3.890689,19.327353316911765,1.9836592167999991,189.6825396825397
06037236205,2.030185,3.579906,17.443037180314292,1.9836592168,161.90476190476193
06037206051,2.598201075,4.441009375,22.793582862320005,1.983659216800001,243.03147659805433
06037231301,2.341892,4.09972,19.455356234345157,1.9836592167999998,220.63492063492063
06037231302,2.341892,4.09972,19.505284142136066,1.983659216800003,220.63492063492063
06037532607,2.402771,4.201347,21.697197037200052,1.9836592168,244.44444444444449
06037275604,1.2733357226890756,2.5588118907563024,22.909267148258802,1.9836592167999982,69.08077693245491
06037530007,2.522429890909091,4.432626785454545,33.81032293392104,1.983659216799995,262.76278689256526
06037271804,1.632238,2.99633,18.591350860028896,1.9836592168000016,92.85714285714286
06037551002,2.4682901428571427,4.361740380952381,33.12335321728497,1.9836592167999978,294.7228964528683
06037502700,2.4769541712962964,4.4039353703703705,33.13673593591297,1.9836592167999956,278.70579425978696
06037502901,2.532461,4.50098,33.090170685220066,1.9836592167999965,276.1904761904762
06037550801,2.405456,4.262136,33.294277842502765,1.9836592167999958,276.1904761904762
06037502604,2.4723715789473686,4.374395578947368,32.90888843145262,1.9836592167999985,288.4777376207707
06037276608,0.9531,2.177574,24.85013495859001,1.983659216800001,39.68253968253967
06037550502,2.470684,4.363044,33.10085943227153,1.9836592167999954,295.2380952380952
06037276102,1.8077467528089888,3.322815,19.109153736216882,1.9836592168000002,151.99521107758002
06037408707,2.9316077247191012,4.969840235955056,29.17938399891333,1.9836592167999976,285.4456275149871
06037275312,1.2614916944444445,2.5249974444444443,23.816587571199992,1.9836592168000005,55.115010971582315
06037275605,1.302436,2.589328,22.259893501941995,1.9836592168000022,63.492063492063494
06037533108,2.447307839506173,4.253725296296297,23.66965790353333,1.983659216800001,242.01410590274185
06037276101,1.527524205882353,2.946220882352941,19.466169120744123,1.9836592168,109.60747554832211
06047002403,3.4187241453634085,5.42417307518797,33.848268233691044,1.9966900594199908,169.59205363576189
06047002404,3.375961035087719,5.392891333333333,34.18429460425828,1.9966900594199957,170.1016946546921
06047000404,3.538287064320388,5.295615682038835,41.262710068983644,1.996690059419976,109.90530751024096
06047001007,3.3913493853211008,5.324758857798165,52.139665240267796,1.996690059420005,139.04338369017734
06047002305,3.2505673167420817,5.362400058823529,46.98656837082084,1.9966900594200052,194.3665309287904
06047002203,3.2539388763250887,5.393617632508834,49.91545472535159,1.9966900594200028,196.30535449933743
06047002303,3.2027336,5.304572266666667,48.61857046055905,1.9966900594200048,191.19748891698936
06047002002,3.467413782352941,5.212127854411765,49.32923793733343,1.9966900594199788,158.49832092445814
06047002306,3.2415537364341085,5.34741407751938,46.76274934144039,1.9966900594199959,191.99387679634873
06047002601,3.472605597222222,5.391839148148148,67.8504040464444,1.996690059420005,163.57181227902618
06047000305,3.495814846153846,5.314201976588629,62.149246503072554,1.9966900594200006,103.95588391143204
06047002304,3.2576361304347827,5.364937144927536,46.40983266482691,1.9966900594199972,189.31427173005827
06047002001,3.425300522875817,5.322889122004357,45.030585668577494,1.996690059419987,164.45875840736068
06047000904,3.4347040354223433,5.263090643051772,61.19009231223039,1.9966900594199934,128.06450484932716
06047000903,3.399078525222552,5.239022848664689,61.185919047611954,1.996690059419996,126.70798484128332
06047001008,3.335170246073299,5.231515596858638,51.82551981447297,1.9966900594199921,132.36264638812125
06047001604,3.3860887569721116,5.24315958565737,59.18927748645382,1.9966900594200068,156.59105976921714
06047000204,3.5383652041666664,5.3847973583333335,55.45115134028215,1.9966900594200063,100.99774884493908
06047002602,3.4305997216216215,5.380012024324324,56.22679365376556,1.9966900594199932,157.47511811246983
06047002204,3.251573253164557,5.367631025316455,49.72729770061263,1.996690059420006,194.2164986845344
06047000403,3.541896111111111,5.336503466666667,44.339021765052024,1.9966900594199803,100.13896676116792
06047001006,3.321407,5.233726,52.041415836600656,1.996690059420007,135.71428571428572
06047000205,3.5277204676616916,5.363225651741293,53.57508947605697,1.9966900594200039,97.73876718911268
06037139301,3.2706305604395607,5.597914571428571,17.101888533387587,1.9836592167999942,331.5875946465318
06037139302,3.260202,5.572824,17.791986788816665,1.9836592168000013,319.8412698412699
06037139502,3.206454276923077,5.475263223076923,19.81179847097691,1.9836592167999978,313.67987369125797
06037139600,3.2008181386138617,5.465019198019801,20.61848700976624,1.9836592167999947,313.00624422994053
06037139701,3.132643509708738,5.360095303398058,21.52510938018009,1.983659216799994,284.7897339945421
06037139801,3.1822842666666666,5.467909166666667,20.47512316882174,1.983659216799994,299.24324195981995
06013324002,2.9522702405660377,5.419084891509434,17.41326890621649,1.9845928784999964,155.5725087038091
06013320004,2.8375607933884295,5.212453961432507,33.239106141147204,1.9845928785000126,133.82493281532155
06013336201,2.955631,5.431236,16.585062137857737,1.9845928784999967,159.4378284119738
06013338203,2.850885,5.421291,16.953263966285785,1.9845928784999964,141.71657954935307
06013338204,2.850885,5.421291,17.326681507728804,1.9845928785000004,142.06349206349205
06013345204,2.6317198387650085,5.36295979245283,29.93464845504106,1.9845928785000275,116.48967656699573
06013345203,2.646747049278846,5.391516510817308,29.40199165451822,1.9845928785000349,117.1519937727065
06013345112,2.4197741152941177,5.034685265882353,25.36145797533947,1.9845928785000184,113.54132542406911
06013345113,2.562488713864307,5.2100981297935105,23.300406026068092,1.9845928785000098,95.52567170603552
06037143500,2.781208763888889,4.948416763888889,23.629130715975005,1.9836592167999971,243.5381102476058
06037181000,2.9438893048780486,4.9888420609756094,30.8312087046814,1.9836592167999945,222.33718554249748
06037181500,2.945684258278146,4.989364529801325,30.948997909182687,1.983659216799997,222.22222222222223
06037181600,2.93717429,4.974307110000001,28.800711111088972,1.9836592167999993,222.97515045205884
06037183101,2.934472525423729,4.946306050847458,30.481344897404274,1.9836592167999982,228.12569857906095
06001441402,1.4070840223463688,3.7327496871508377,27.243732878154827,1.9845928784999964,86.08012550551815
06001441501,1.2381609444444446,3.499902722222222,27.79064704330056,1.9845928784999964,80.67592924233863
06001441521,1.392316,3.716444,27.2178578744364,1.9845928784999964,86.5079365079365
06001441522,1.3884527337278108,3.711017278106509,27.197804459387545,1.9845928784999967,86.34889433246803
06001441601,1.45491912716763,3.7473398208092483,27.162422586308626,1.9845928784999964,89.67163069326654
06037406103,2.885532,4.9058,23.944409129548852,1.9836592167999951,241.2698412698412
06037920339,3.1699356713881017,5.383965501416431,26.194321777496093,1.9836592167999945,305.4590479643014
06037482521,2.6850350738916258,4.598798320197044,32.854001741643934,1.9836592167999958,249.96675905545516
06067001102,3.329164,5.293949,24.564319075411767,1.9925546533900014,88.0952380952381
06067001201,3.329164,5.293949,25.108370584578005,1.9925546533900016,88.0952380952381
06067006902,3.300914007246377,5.286605195652174,23.690260221798585,1.9925546533899963,84.9775984141863
06067006802,3.301391,5.287019,23.449569650197347,1.9925546533899996,84.92063492063494
06067001103,3.329164,5.293949,25.169678973882917,1.9925546533900014,88.17670289408001
06001441602,1.5137415,3.762371681818182,25.9393528948795,1.9845928784999962,98.22114324122784
06037183220,2.88246725,4.858723583333333,29.275470254051356,1.983659216800002,233.35801050560633
06037183300,2.849706,4.812399,29.241860631564354,1.9836592168000018,234.8518090244218
06037183510,2.849706,4.812399,27.887530038988526,1.983659216800003,234.92063492063488
06037183520,2.849706,4.812399,28.110142115348257,1.9836592168000027,234.92063492063488
06037183610,2.849706,4.812399,28.266881573099987,1.9836592168000022,234.92063492063488
06037192300,2.531862,4.321447,21.3735075006898,1.9836592167999993,159.52380952380952
06001441800,1.6674714016393442,3.977092532786885,24.907662521929417,1.9845928784999962,111.0552879048314
06001441921,1.7545207435897434,4.072255094017094,21.558857424804284,1.984592878499997,107.7339969152801
06037195400,2.6987581666666665,4.601131586956521,25.197967548989798,1.9836592167999973,191.4041932274892
06113010104,3.3710241191709844,5.3173692020725385,25.013707007974556,1.9925546533900018,93.33709681420444
06113010610,3.3691296408450704,5.380784211267605,28.968859401212015,1.9925546533899967,81.53809704925749
06113011208,3.2290523580508474,5.406812540254237,35.10188364715356,1.9925546533900103,110.9512428264308
06113011301,3.6442654675324677,5.6963124437229435,37.97623699221212,1.99255465339001,136.85394375137153
06113010313,3.33223002,5.19166742,23.992283314440357,1.9925546533900051,87.35469312907972
06113010103,3.3693133778801845,5.295281493087558,24.343590477001314,1.9925546533900034,95.69960430555469
06113010105,3.374143,5.294536,25.23912035575912,1.9925546533900014,92.85714285714286
06113010315,3.359422856115108,5.117802417266187,22.128629389465537,1.9925546533899965,88.08216875279795
06001441923,1.690683,3.990192,23.739370284494758,1.9845928784999973,117.46031746031744
06001442100,1.811151,4.145053,25.66312651659429,1.9845928784999962,100.79365079365076
06001442400,1.6975112739726028,3.9900023607305934,19.916449432002675,1.9845928784999964,118.80653075533772
06037183820,2.849706,4.812399,26.730125384433343,1.9836592168000013,234.92063492063488
06037185202,2.7958135753424656,4.756355212328767,25.358401439925345,1.9836592167999971,225.764019847317
06037185310,2.755525745762712,4.706907898305085,25.842027060322057,1.983659216800003,207.57027583689265
06037405101,2.826317118518519,4.8174924370370364,28.96143442232962,1.9836592167999976,219.1651451447084
06037185320,2.7372544035087722,4.671892385964912,25.92204793765966,1.9836592168000027,207.8221143032518
06037481603,2.841756,4.820167,32.072496318149526,1.9836592167999996,230.15873015873012
06037481001,2.7818737894736842,4.752145947368421,31.987919709179916,1.9836592167999985,244.0419804608373
06037404600,2.853361028901734,4.850434861271677,27.311313026446268,1.9836592167999965,220.38131227854055
06037800406,2.4039773924050634,4.496148717299578,41.37685327383581,1.9808692600956643,205.9738350684913
06037800410,2.106846434640523,3.9335018529411765,32.91714577653126,1.9642115774196025,195.11471880904895
06037800504,1.8407648059701494,3.5180500522388063,38.031755281991295,1.8911377981059643,154.2922311288955
06037800506,2.4584498656036446,4.539047132118451,41.95134373502898,1.9565477013084223,196.6763233185151
06067009409,3.03999425477707,5.070582394904459,33.15610823782193,1.9966900594199988,96.44002862296006
06067009643,3.269447590604027,5.285020140939597,20.843037200757163,1.9941644087573875,103.14383271332932
06067007604,3.254067819277109,5.2792435783132525,23.84084749859216,1.9925546533899996,89.25907644073445
06067009652,3.253837024590164,5.188498155737705,25.355120453695843,1.9966900594199959,108.36640121419376
06067009336,3.2064240094683174,5.153008755280408,24.633940166035114,1.9938166600371738,103.72361598992072
06067007111,3.342698573333333,5.298956013333334,25.693788441513373,1.9925546533899978,92.85081652848028
06067009647,3.2719139596412554,5.142939730941705,23.696983715040343,1.9966900594200052,111.88933373479156
06067001702,3.2791409595959595,5.202376373737374,22.967436780905015,1.9925546533900023,89.37685742130773
06067009649,3.2762786382978724,5.150714941489362,22.524380982231936,1.996690059420003,111.86582422479376
06067009648,3.2644384068965517,5.180219724137931,22.51342849620004,1.9966900594199983,107.72149288972398
06067009650,3.243955,5.211481,24.2548987186845,1.9966900594199988,104.89675107619352
06067008803,3.235539557377049,5.266511459016394,29.241389633144287,1.9925546533900016,105.89981658115188
06067009333,3.244614178947369,5.146298421052632,22.509838315299973,1.9925546533899972,95.84914244120168
06067004018,3.4557535785123967,5.3268585950413225,17.562190475355376,1.9925546533899952,106.08117099741918
06067004017,3.459547,5.329312944444444,17.026452818086103,1.9925546533899972,105.4424132674485
06067004908,3.3281473950617286,5.22331787654321,17.2903379323426,1.9925546533899992,97.76157659801478
06067007023,3.316825,5.291448,24.720463397008384,1.9925546533899998,96.03174603174602
06067007439,3.339187601265823,5.337631582278481,23.159931397803195,1.9925546533899987,91.93822684428184
06067008601,3.3556983063683306,5.365183820998278,21.70092102295326,1.996690059419982,88.60808428835003
06067004301,3.367209604651163,5.24784688372093,14.220948696294203,1.9925546533900003,101.33395806020816
06067001202,3.329164,5.293949,25.403563952897287,1.9925546533900014,88.0952380952381
06067001701,3.348205,5.342914,21.82299810910429,1.9925546533899974,80.15873015873015
06067004020,3.398031,5.289512,14.70529713767466,1.9925546533900005,109.52380952380956
06067004302,3.361501432748538,5.245725403508772,14.48818847600411,1.99255465339,102.15410890477952
06067009642,3.275509,5.296924,21.46852014349998,1.9925546533900016,102.38095238095232
06067006704,3.278162,5.28401,24.18141573559994,1.9925546533899952,101.58730158730154
06067007024,3.316825,5.291448,25.442465984325253,1.9925546533899972,96.03174603174602
06067009644,3.266653994708995,5.267927804232804,20.996181075012228,1.996690059420003,102.74571535539046
06067009410,3.0348809683544307,5.070825841772152,30.923471725978676,1.9966900594199986,94.77745287099152
06067007025,3.370174,5.324745,27.434874779799983,1.992554653389995,87.09151147670707
06067004604,3.314188,5.20949,22.18502367547681,1.9925546533900003,94.45878318181332
06067007026,3.3584774913793103,5.309299150862069,28.699252785411964,1.9925546533900043,85.72605609545528
06067007110,3.342765,5.300108,25.591035259561284,1.9925546533899974,92.85714285714286
06067009334,3.221649,5.265554,22.401384038890072,1.9925546533900056,92.06349206349203
06067009646,3.2671576153846154,5.147858871794872,23.876165782035855,1.9966900594199997,110.96588872689358
06067008707,3.3587563250883394,5.321672088339223,27.473975934652636,1.9925546533900065,111.0819401510243
06067008708,3.328201727941176,5.2800767205882355,26.292466519733868,1.992554653389996,104.29974943409056
06067007108,3.3388842842105264,5.23280772631579,25.736555979802127,1.9925546533900016,91.66708935796404
06067009651,3.2477022988505744,5.1809566130268205,23.347680977093408,1.9966900594200063,105.33662195022326
06067007436,3.3503182000000002,5.3444702,22.038281102662477,1.9925546533899952,97.90173941990894
06067004907,3.327217,5.222776,18.198240913300005,1.9925546533900014,97.6190476190476
06067007028,3.402818,5.370743,26.028619482794188,1.992554653389996,93.65079365079364
06067004910,3.326814415254237,5.22323043220339,18.241133310754215,1.9925546533899954,97.6157568678997
06067005003,3.279712,5.276399,20.59031776990005,1.992554653390002,96.8253968253968
06067007022,3.393546894736842,5.365289157894737,25.426197011919292,1.9925546533900016,93.93658203035189
06067009641,3.247237925925926,5.25110912345679,20.102741196541295,1.9925546533899992,98.0166227417778
06067009645,3.286634,5.234405,19.956738926851855,1.9966900594200032,98.4126984126984
06067004909,3.2891085934065933,5.265792252747253,19.081700387499968,1.9925546533899976,96.92643349018478
06067008706,3.316489745762712,5.331892118644068,24.19056133244068,1.9925546533900016,109.8507586497557
06067008602,3.3037143757485032,5.248636821856287,30.222988798609556,1.995724305915976,98.67596023036724
06001440337,1.542232775510204,3.9085139183673467,28.225671298306118,1.9845928784999973,89.97464632061258
06001440338,1.5133497837837837,3.850861135135135,27.3951288932986,1.9845928784999978,82.82838533646466
06001451103,2.782674469208211,5.035335366568915,27.21848061378218,1.98459287850001,156.3358413886884
06001432602,1.2493803411764706,3.775086188235294,21.203342707292965,1.9845928784999975,50.97581507676104
06001451104,3.0035610592755213,5.1065060922063665,29.68631704368184,1.9864784983580273,168.82422761800754
06001441928,1.796268,4.130730711538462,26.199364608203858,1.9845928784999989,102.27057587969196
06001441929,1.7005574262295082,4.002885524590164,24.30578191812293,1.9845928784999984,116.21485984951424
06001441701,1.513904,3.751251,25.296574880647814,1.9845928784999973,99.99999999999996
06001444304,1.0484941856287426,3.0594487604790417,30.542315279341327,1.9845928784999967,37.29433011217294
06001441525,1.9198263999999998,4.17457696,22.317534782307998,1.9845928785000004,111.33005852141824
06001436301,1.2188781746031747,3.7108389206349206,17.32413306527461,1.9845928784999969,54.43267019569194
06001450400,2.395899804794521,5.068742938356165,29.108210783436483,1.9845928785000029,111.43001499130412
06037186401,2.7941620925925927,4.782972759259259,26.90194661464074,1.9836592168000025,198.10743153020076
06113011304,3.710699,5.698574409090909,39.866532855600006,1.9925546533900014,128.60137167553026
06113010609,3.364647447761194,5.381308544776119,28.13246951588437,1.9925546533899956,83.23140764139168
06113010611,3.378181,5.409908,29.596999521634313,1.9925546533900007,84.92063492063494
06113011302,3.788409942105263,5.983801763157895,40.869988718418874,1.9925546533900016,116.1675014403736
06113011211,3.313589,5.430284,30.060654659899974,1.9925546533900016,106.34920634920638
06113010314,3.3456771527777778,5.156615256944444,23.8839210428681,1.9925546533899972,88.09720234674269
06113011207,3.2152414926884143,5.501591892013499,37.964489014891925,1.992554653390013,130.5865875776271
06113011210,3.313589,5.430284,30.12859881977527,1.9925546533899967,106.34920634920638
06113011209,3.313589,5.430284,30.06065465990005,1.9925546533899956,106.34920634920638
06113011303,3.789806,5.989748,41.20981920986858,1.9925546533899965,112.0029060798562
06037197200,2.7363165164835164,4.67006010989011,25.955084468931865,1.9836592168,207.38619420436535
06037197300,2.690768,4.58485709090909,24.905718870627275,1.9836592168000002,193.0229194425699
06039000511,3.7894644755244755,5.919039863636363,58.17060614547459,1.9966900594200023,166.02079683190857
06039000110,4.147700691544885,6.41105106993737,63.78992565194452,1.9966900594199677,166.17214288169467
06039000517,3.8367649434276205,5.94270553577371,51.48690442534212,1.9966900594199812,157.1188718422706
06039000901,3.830685,6.0090585999999995,58.7473441505201,1.9966900594199959,169.3154440261217
06039000802,3.811194315068493,5.977705082191781,59.18079454967339,1.9966900594199986,170.60283947175083
06039000801,3.7464223015873017,5.834669976190476,59.165537320723885,1.9966900594199957,167.16373900826432
06039000903,3.846365,6.055372,58.6925828653141,1.9966900594199959,172.22222222222217
06039000516,3.8923188658227845,6.0092356936708855,50.66886740698957,1.9966900594199763,167.4843215044314
06039000515,3.7218999732704403,5.7830984182389935,54.82103594916356,1.9966900594199801,157.75353686443182
06031000402,3.455747456043956,5.467276029670329,58.48901665332138,1.9991352696299731,223.5736566586504
06031001601,3.3737269239828693,5.379066047109208,37.438742801676646,1.9991352696299727,222.53505498918776
06031001300,3.4331687346938775,5.550048247165533,44.74949177578033,1.9991352696299869,217.4892893715061
06031000200,3.5079856316507505,5.533036800818554,66.56298591809806,1.9991352696299762,215.66029249537533
06031000100,3.6267854109131403,5.628752955456569,60.15209021799426,1.9991352696299731,222.5506333828829
06045010601,2.702764816576087,5.554207944293479,35.17948267276804,1.9279417468699858,123.23980706309868
06031001200,3.518389808236808,5.542923817245817,52.71804917956159,1.9991352696299753,225.00286711267347
06045011003,0.9099528620071685,2.9646368234767024,31.26117358800277,1.927941746869974,74.86098362917177
06045011004,0.8998385097813578,2.71935733716916,25.44638387871199,1.9235045967045672,93.46846849565569
06031000403,3.525713556363636,5.555311207272727,59.12709879342059,1.999135269630003,213.3277751166342
06045010602,2.6620778585972853,5.341739923076923,39.66156887440884,1.9279417468699747,120.71530751581705
06045011502,2.6006209936708857,5.570480037974684,26.984993713401938,1.9279417468699989,109.55290490673798
06045011501,2.578414113095238,5.570338083333333,28.740158348151756,1.9279417468699975,112.20686273632144
06001441702,1.5137464576271185,3.7620324067796607,25.269744396795744,1.984592878499997,97.7953356822916
06001433801,1.2695391999999999,3.870344682352941,20.191568277605867,1.9845928784999975,57.7689407854482
06001433802,1.23994565,3.8341251,20.54021268799003,1.9845928784999969,55.56480532016269
06001436302,1.340755,3.874033,17.17317507593913,1.9845928784999973,65.85856971579067
06001436403,1.344787610062893,3.8783392264150947,20.57790363711003,1.9845928784999967,66.45397998350622
06001436404,1.4381201296296298,3.9780044444444447,24.546748906437053,1.9845928784999964,77.7360589649436
06001442502,1.690683,3.990192,22.38708677681521,1.9845928784999969,117.46031746031744
06001442501,1.691179453125,3.9884590625,20.685399709713263,1.9845928784999969,117.97995964035891
06001450609,2.6317453,5.3409379545454545,29.835701560625594,1.9845928784999962,118.3108603348916
06001450608,2.7895850572519083,5.450032572519084,30.466084482268776,1.9845928784999973,146.471544072226
06001444303,0.955551,2.8267085,31.2775163201,1.9845928785,10.628272087634516
06001432601,1.1026337422680412,3.573232556701031,22.120184403127823,1.9845928784999973,38.47303197965896
06001403401,0.753286,2.917377,22.610041621608335,1.9845928785000002,48.44223818190095
06001403402,0.753286,2.917377,22.988737714600003,1.9845928784999995,48.4126984126984
06001403302,0.753286,2.917377,23.141616976562496,1.9349780565374999,48.4126984126984
06001982100,1.0364716315789475,2.9835116842105265,30.710112469536853,1.9845928784999998,48.427178008359995
06001420302,0.604854,2.096633,28.271374844796537,1.9845928784999984,10.408804277647503
06001402801,0.753286,2.917377,22.348489465533326,1.9845928784999995,48.40401267459835
06001402802,0.753286,2.917377,22.656301123738462,1.9845928784999993,48.4126984126984
06001420401,0.604854,2.096633,28.27701257069999,1.9845928785000002,22.222222222222214
06001403301,0.753286,2.917377,22.988737714600003,1.9845928785,48.4126984126984
06001422902,0.965358,2.886972,29.875769227209105,1.9845928785000007,43.650793650793645
06001422901,0.965358,2.886972,29.67404331713334,1.9845928784999995,43.650793650793645
06001420402,0.604854,2.096633,28.277012570699984,1.9845928784999984,6.321669823635319
06001420301,0.604854,2.096633,28.221185333704863,1.9845928784999998,22.222222222222214
06037197410,2.721007580246914,4.641618728395062,25.53355137723334,1.9836592167999967,197.3297931245252
06047001603,3.3424719507042253,5.178095718309859,55.15883761399988,1.9966900594199979,150.09379597950817
06047000306,3.479542664516129,5.31269104516129,63.25493354060508,1.9966900594199997,112.31312713793486
06007002402,3.5229876263383297,5.743180399892934,49.13753650203554,1.9925546533900145,96.78888749450742
06007002401,3.5029144512471655,5.733767157596372,48.00571103869817,1.992554653390013,92.86338941131842
06007001601,3.4681773910969795,5.808359333863275,56.13228778975618,1.9925546533900116,94.62178289926705
06007001602,3.468132018733274,5.721184103479036,40.370410966080044,1.9925546533900136,95.09718331112578
06007000404,3.578558240740741,5.860611051440329,52.10522478811917,1.9925546533900105,114.2497687122388
06007000403,3.5664434811320755,5.838208886792453,51.373599882827385,1.9925546533900031,106.929596386155
06037197420,2.681398,4.567392,25.11349339462599,1.9836592168000013,189.6825396825397
06037197500,2.681398,4.567392,23.81413655705831,1.983659216800002,189.6825396825397
06037197600,2.681398,4.567392,23.6556371496,1.9836592168000018,192.10504410627868
06037197700,2.727043285714286,4.652471942857143,23.717747633104253,1.9836592168000022,207.58559359089583
06031000405,3.473496410958904,5.486394293150685,61.53822754538189,1.9991352696299924,213.9411363996261
06031000500,3.511900773635153,5.541615143808256,66.79364342398897,1.9991352696299758,197.86775342898991
06031000602,3.491941121212121,5.482523575757576,63.57700832519217,1.9991352696299927,200.98110173104465
06031000701,3.489682787564767,5.481098077720207,63.987355158331695,1.9991352696299907,201.37518647444273
06031000702,3.508343200716846,5.494706942652329,65.80396973231845,1.9991352696300024,215.38436204011072
06037199110,2.758276,4.702934,25.983157995524518,1.9836592167999998,240.4761904761904
06031000800,3.5581397368421053,5.527433049861496,68.15598540053277,1.9991352696299929,208.72757375968231
06037187102,2.7790906666666664,4.749605177777777,26.744229028739987,1.9836592168,199.23113360722624
06037187200,2.7923597045454547,4.778960022727272,26.044072665407956,1.9836592168000002,198.0407838936512
06037187300,2.7705703484848487,4.732330446969697,26.01544987622958,1.9836592167999976,196.52357252816807
06053014110,1.8610195301085883,3.994126189536032,32.5637565071009,1.9922713284900053,166.6467070594091
06053014109,0.9718725714285715,2.940492777777778,27.343679105803208,1.9922713284900022,72.00750374853065
06037670702,2.224731564383562,4.285823128767124,29.833180096635623,1.9836592168000267,217.5410725049432
06037670201,2.4801206566820273,4.645775928571428,25.241432443279077,1.983659216799994,271.70259249836295
06031001001,3.5987883613445377,5.55771693837535,63.91603900297282,1.999135269629993,195.77713395937553
06087122204,1.4156770457256462,1.7096150318091452,34.27720502428509,1.992271328490005,75.20209563624935
06087100802,1.816593,2.935384,28.84927142200001,1.9922713284900033,57.142857142857146
06087121501,1.161006648275862,2.071558172413793,30.564161083658725,1.9647917239591073,37.341449088912675
06087122402,1.336408463377024,1.9571807386276021,35.943991878628474,1.992271328490005,75.87495190391579
06087121502,1.101856,1.993619,30.380314162128954,1.9922713284900027,36.50793650793648
06087122005,0.5328287912087912,1.0450712362637362,29.06819556774724,1.9922713284900042,31.701869460653285
06087121801,0.555826,1.113168,29.893751943673102,1.9922713284900033,32.53968253968253
06087110402,0.6942881415929204,1.7393256194690265,45.83542566987075,1.9922713284900035,55.82888356769827
06087110504,0.8230004516129032,1.9454756451612905,39.89164804900001,1.9922713284900022,63.68916817325769
06087110602,0.6730191724137932,1.5085496206896551,41.96532256920688,1.9922713284900029,54.8475655015068
06087122004,0.5232742891566265,0.8995760642570282,31.286992513677447,1.9922713284900047,37.92037492092309
06087101001,2.4386751775700932,3.6836993177570094,28.901905904204664,1.9922713284900033,81.69782271872717
06087110101,0.822536,1.994667,41.7258153820637,1.9922713284900033,66.66666666666666
06031001002,3.603273185,5.558151155,65.98549882248813,1.9991352696300029,197.1096331049211
06075020602,0.297988,2.209838,18.109905747900015,1.9845928785000004,7.142857142857139
06031001003,3.5467125102639296,5.558995727272728,66.5521004816423,1.9991352696299947,213.82897522264577
06031001100,3.5194168776371306,5.509460067510549,66.97443447415075,1.999135269629985,212.0566405097361
06031001500,3.462561034965035,5.6159231888111885,44.705809655834884,1.9991352696300013,225.27591807569212
06037236400,2.0452135172413795,3.604911528735632,17.785276743259775,1.9836592167999965,164.1270678825954
06037237500,2.210483,3.918853,20.128702503199982,1.9836592168000018,217.46031746031747
06065042212,3.1700607844522968,5.325753802120142,29.14694954057731,1.981431767889996,381.2578669290231
06065042719,3.0715245264516127,5.011328802580645,31.053235614896646,1.9814317678899633,437.9333049209517
06065042723,3.223707556440903,5.160457564409031,27.10491912295039,1.9814317678899638,429.86192854359217
06065043218,3.1686017621722846,5.1664420074906365,20.608912495115217,1.9781059053200138,462.3289089217498
06065040807,3.058722041916168,5.104235808383234,29.8890955001377,1.9814317678900006,300.0295130227686
06065040808,3.0393185027027028,5.092076378378378,30.908778739833966,1.9814317678900009,308.89619972997167
06037213201,2.482595,4.275402,21.233561561900014,1.983659216800001,202.38095238095235
06037213202,2.482595,4.275402,21.233561561900018,1.9836592168000016,202.38095238095235
06037502303,2.499220349344978,4.42873092139738,33.359095047573,1.9836592167999954,283.91082653420153
06037533204,2.464969,4.274496,23.63150701779756,1.9836592168000007,241.2698412698412
06037703003,1.518123,2.933605,19.7528637859872,1.9836592168000011,102.38095238095232
06037930400,2.892107951807229,4.926614944578313,27.519848848275714,1.9540244242311517,204.38468322970613
06037242202,2.283891,4.039457,21.244341584875443,1.9836592168000027,250.7936507936508
06037128302,3.067289,5.202841,24.96477944549998,1.9836592168000031,281.74603174603175
06037134306,3.198711,5.520794,18.24159465929998,1.983659216800003,288.88888888888886
06037119320,3.033249,5.212343,22.27611265099997,1.983659216800003,290.4761904761905
06037920326,3.0985226773049646,5.333712234042554,26.86972170390637,1.983659216799995,249.22567985303144
06037294520,2.014856,3.783727,27.946744213613876,1.983659216800003,253.968253968254
06037573202,2.000729,3.7605784,29.067489427120027,1.9836592168,212.70307761963625
06037599100,2.7967738,5.03231575,30.62811543084,1.9836592168,443.2290022211948
06037460001,2.9675929032258064,5.040777505376345,34.66090825339997,1.983659216799995,223.78301237403917
06037554511,2.395781785714286,4.354061371428572,23.69272257995424,1.9836592167999973,304.343702117676
06037408503,2.696369,4.702734,32.859548442283,1.983659216799994,261.4463698057525
06037243001,2.2758487659574467,4.026261361702128,22.81591827726171,1.9836592168000018,250.5853858096911
06037242201,2.283891,4.039457,21.77556088938824,1.9836592168000022,250.7936507936508
06037533504,2.464969,4.274496,26.33716518560002,1.9836592168000027,241.2698412698412
06037403328,2.9420822973977696,4.972995464684015,30.048717516308933,1.983659216799995,290.6911857729805
06037131021,3.2052516153846153,5.476274346153846,19.30598321557823,1.9836592168000011,324.50243403539065
06037113238,3.167831,5.475847,21.063187518200024,1.9836592168000013,270.63492063492066
06037113428,3.160616,5.421259,19.314269830371668,1.9836592167999962,296.031746031746
06037113423,3.160616,5.421259,18.97619305939998,1.9836592167999996,296.23023051383655
06037119801,2.998994,5.216043,25.945159342223473,1.9836592168000005,304.4470676542889
06037980035,2.784209453125,4.7971202265625,33.074484168546874,1.9836592167999978,280.65001960682895
06037119004,2.998994,5.216043,25.409916646298168,1.9836592167999987,304.76190476190465
06037134906,3.187151,5.476049,16.38742867518182,1.9836592167999998,336.50793650793645
06037101222,3.157221263157895,5.364657842105263,25.99116725844473,1.9836592168000007,232.81546006428465
06037103201,3.10659,5.331585,19.308995569569213,1.9836592167999967,236.50793650793645
06037320102,3.065446,5.361751,24.496581093443286,1.9836592167999996,226.1904761904762
06037501301,2.5743412075471697,4.531334132075472,34.75787043018487,1.983659216799999,284.56418988845337
06037408213,2.852786431372549,4.901759346405228,27.84176894777576,1.983659216799997,293.0785456300083
06001450603,2.706693641975309,5.400083576131688,28.51062428055563,1.9845928784999962,120.02582600370476
06067008910,3.2751373236994223,5.355081034682081,28.263262655078115,1.9925546533900003,93.97755072302571
06067009004,3.2444957919075144,5.321896,26.20066623498732,1.9925546533900003,81.58526967610013
06037213310,2.482595,4.275402,21.233561561900014,1.983659216800001,202.38095238095235
06037213320,2.482595,4.275402,21.498917822397303,1.9836592168000005,202.38095238095235
06067008911,3.246032,5.322448,27.455658817684267,1.9925546533900007,80.95254501242076
06067008913,3.311868,5.392557,27.633732743794006,1.9925546533900036,96.30509148305616
06037213401,2.482595,4.275402,22.46083426669999,1.9836592167999998,202.38095238095235
06037214700,2.458746,4.192447,20.685230476600037,1.9836592168000011,148.41269841269843
06037214800,2.4557458235294116,4.1888333529411765,20.685230476600033,1.9836592168000025,148.9216736717593
06037216100,2.395902,4.098453,18.875514837799987,1.9836592167999996,182.53968253968253
06037216700,2.2522866666666665,3.8706595454545454,17.85609510059193,1.9836592167999993,165.03893146154883
06067009503,3.052400470588235,5.074075393665158,29.400981061321836,1.9966900594200052,95.7217257589186
06067009502,3.10479334412082,5.0699349406688246,27.462385247432756,1.9966900594199741,96.22636052177756
06067009504,3.0900113988439304,5.100090554913295,29.07462291249183,1.9966900594200017,96.12604880278646
06037980031,1.5601874635036497,3.1651329087591242,26.15957311521137,1.983659216799995,100.6218103842174
06037980033,1.8312915555555556,3.6575886666666664,31.878201350112946,1.9836592168000025,140.39818868211776
06037980025,1.9379823157894738,3.5666435263157896,25.719531741005262,1.9836592168,232.77071072378823
06037980028,0.9825234333333334,2.2231007333333332,24.28328202408333,1.9836592167999998,55.84715278073625
06037980022,3.0995278333333336,5.32670225,25.524031756158333,1.9836592167999998,228.52985384946524
06037980030,0.7378060833333334,1.82899475,26.36696728933332,1.9836592167999998,32.344643179779524
06037408703,2.8225228562753037,4.860459720647774,29.66135215130055,1.9836592167999938,275.34211796612686
06037408722,2.8343536244541485,4.877580585152838,28.662793830199064,1.9836592167999954,283.40755241572884
06037980038,1.7539826,3.2199544666666666,18.783771510586664,1.9836592167999998,139.9477786985778
06037980036,2.697116363636364,4.6279729454545455,34.23378988170183,1.9836592168000025,259.77599427534375
06037980039,2.807319,4.875013,26.9356936991,1.9836592167999998,219.78300623949755
06037980023,3.15187675,5.457486821428572,27.387670156635718,1.9836592167999998,280.034793514886
06037910214,3.2064215527065527,5.166983752136752,21.44227032176593,1.8928401628400022,469.8791543837947
06031981800,3.2880553883495143,5.219332281553398,13.82394873969998,1.9991352696299967,219.2172937048616
06001450604,2.865432225296443,5.518768873517786,29.701277943589613,1.9845928784999962,133.26866810444378
06001450605,2.868345,5.52195,30.946360807530272,1.9845928784999964,134.0547463382705
06065030300,3.1356990939597313,5.247132604026846,39.932110931748326,1.9814317678900006,341.41542159480616
06065030400,3.1866568542510123,5.368872064777328,40.01727096939026,1.9814317678900009,359.5337594051249
06065030501,3.1930253333333334,5.381086893939393,39.636534819128826,1.9814317678900009,367.79730595139296
06035040200,3.456190250728863,5.7030115860058315,30.962661560214336,1.984926754520563,146.87454818889012
06035040500,3.9858383990384616,6.023373953296703,26.183549494578678,1.9806349754299337,139.98196763029176
06035040100,3.362360285037879,6.140870996212121,27.64157367731728,1.9351151234133952,192.01735321420617
06035040400,4.0536725839524514,6.3611222095096585,31.663602212028493,1.9806349754299808,234.04934058792315
06035040302,4.181521730853392,6.38980255142232,29.89139143548424,1.9806349754299364,153.69303721206148
06035040600,3.699672764392324,5.960967840085288,26.990392197673014,1.9806349754299561,217.6352351735839
06011000302,2.9980393735632185,5.251074479885058,25.035505779345318,1.9925546533900083,131.85560114051603
06011000301,2.9369172648809525,5.213974014880953,23.866744207857305,1.9925546533900078,102.71402620975908
06037532102,2.4938915263157897,4.389203210526316,32.89674728030711,1.9836592167999985,268.59703011244494
06037480201,2.880136,4.858579,32.73841049830712,1.9836592167999958,229.36507936507937
06037430501,2.963274469387755,5.028090970845481,32.62566810872987,1.9836592167999945,208.5461385907693
06065040901,3.0539269166666667,5.141387197368421,35.41352179985357,1.9814317678900009,340.43939419489266
06065040903,3.051113,5.1294154,34.78201762411048,1.9814317678900009,334.7073873510342
06065040904,3.064617034883721,5.151266069767441,34.89141240100941,1.9814317678900009,333.21507258057954
06037213402,2.482595,4.275402,22.460834266699987,1.983659216800002,202.38095238095235
06037214000,2.458746,4.192447,20.79796055119104,1.9836592167999976,148.41269841269843
06037214100,2.5263152689655173,4.3116607931034485,20.410793941451033,1.9836592167999971,159.19366531186122
06037214400,2.458746,4.192447,22.34843461339998,1.9836592168000022,148.41269841269843
06067009005,3.279616985576923,5.331432100961538,25.895718442423615,1.992554653390003,106.96901612625422
06067009006,3.250584292929293,5.329000585858586,26.993758552862612,1.9925546533900023,86.15283862743726
06037216800,2.261436285714286,3.8827499285714286,18.05768088979999,1.9836592167999993,165.7922406735496
06037551203,2.349765,4.216991,33.56030852610001,1.9836592167999998,269.8412698412699
06037551001,2.3949331780821916,4.321792493150685,33.11369482869734,1.9836592167999971,280.7867274549003
06037550501,2.470684,4.363044,33.035040086086276,1.9836592167999991,295.21783075849044
06037276605,0.9531,2.177574,25.78371840329999,1.9836592167999998,35.66758639141753
06037276607,0.9531,2.177574,24.450027767999998,1.9836592168000025,39.68253968253967
06037550802,2.403861145631068,4.258867893203884,33.08599958386497,1.9836592167999991,275.78054477829875
06037217200,2.3358336831683166,4.000256960396039,18.276656589360396,1.9836592167999991,176.2938018515862
06037218110,2.395902,4.098453,18.13923302221393,1.9836592168000011,182.53968253968253
06037218210,2.3546928679245283,4.031086811320755,17.176938295198106,1.9836592168000025,178.76139032590643
06037218220,2.395902,4.098453,17.341058452289158,1.9836592167999998,182.53968253968253
06037218300,2.274564,3.900097,16.73418084138002,1.983659216799998,167.46031746031747
06037650607,1.2119074250000001,2.4985074,22.912622350605,1.983659216800001,74.85230596859421
06037131023,3.228441,5.511917,18.46741976762191,1.9836592168000018,334.9206349206349
06037131801,3.2096561940298507,5.479602104477612,19.765323475573126,1.9836592168000027,330.27078653517987
06037240301,2.084642,3.735386,20.427400396700016,1.9836592168000022,208.73859915195052
06037500100,2.706962593008739,4.717209777777778,28.055050873387984,1.9836592168000338,282.2271409260526
06037240302,2.084642,3.735386,20.427400396700016,1.9836592168000025,206.34920634920627
06037502603,2.473337945945946,4.380895891891892,32.936550875909944,1.9836592167999987,287.6683393057839
06037408725,2.862843371794872,4.916230658119658,27.995817094923865,1.9836592167999954,292.430839323053
06037218400,2.274564,3.900097,16.76157329641397,1.9836592168000005,167.46031746031747
06037218500,2.274564,3.900097,16.617847452100015,1.9836592168000025,167.46031746031747
06037218600,2.3473667999999996,4.0191106,17.100225830679996,1.983659216800003,176.84247275111989
06037218900,2.338245488888889,4.031506822222222,18.47160477140333,1.9836592168,184.50075113019992
06037219020,2.216968,3.890689,19.09412165755002,1.9836592167999987,189.6825396825397
06037271702,1.632238,2.99633,18.657132043000022,1.9836592168000025,93.45374922077389
06037531202,2.566460380952381,4.439441904761905,26.812230787066664,1.9836592168000031,253.35070351669444
06037224410,2.5132925555555556,4.321533888888889,20.637608081786674,1.9836592168000016,214.6802775618862
06037267404,1.939321,3.38441,21.031610707151845,1.9836592167999998,87.30158730158729
06037267300,1.939321,3.38441,20.251798443758826,1.9836592168000022,87.30158730158729
06037218800,2.395902,4.098453,18.292307785607136,1.9836592168000027,182.53968253968253
06037209401,2.5107197407407407,4.315994296296297,22.46083426669999,1.9836592167999998,211.15472018357056
06037232701,2.210483,3.918853,19.8680004187,1.9836592167999998,217.46031746031747
06037920106,3.1332173333333335,5.460577716049382,29.830672607626425,1.9836592167999945,271.576135004692
06037232602,2.210483,3.918853,19.85668895389997,1.9836592168000025,217.46031746031747
06037232601,2.210483,3.918853,19.856688953899987,1.9836592168000002,217.46031746031747
06037273403,1.0282404545454547,2.135651727272727,22.509207096400008,1.9836592167999998,-27.777777777777786
06037232702,2.210483,3.918853,19.868000418699996,1.9836592168000031,219.87977014225265
06001450606,2.8427549625468167,5.506326044943821,30.079629715763318,1.9845928784999982,134.1743423520219
06093001300,3.3766203220883533,5.964081716465864,34.58145204999254,1.9162610818138548,134.83399623623563
06009000220,3.4063099198184568,5.419824578920827,36.669850213898705,1.9966900594199675,124.32414458619914
06009000400,3.79449617287234,5.823489724069149,55.44119966620115,1.9966900594199692,85.84119269513121
06093000902,3.6295138289473687,5.9022511904024775,31.246991389707603,1.917092237989938,138.14736682231225
06095980000,3.24759325,5.364372,19.421280790725,1.9845928785,116.74230816588268
06065030502,3.131717,5.26215,38.94023052687385,1.9814317678900006,340.4761904761904
06065030503,3.131717,5.26215,38.72315813100007,1.9814317678900006,340.4761904761904
06065030700,3.1221186489675516,5.234896672566372,40.78179211269788,1.9814317678899875,350.1037783001927
06001451701,2.904762591240876,5.25355695620438,31.286490231631372,1.9845928784999969,147.0947071876833
06065030800,3.1342171361386137,5.238050923267326,40.77043671322775,1.9814317678899804,351.7591609982846
06065031702,3.0577493666666666,5.176968266666667,39.379190971941156,1.9814317678899986,398.2059260986582
06065031703,3.097332975490196,5.213334637254902,38.91487554269225,1.9814317678900009,379.2643412709831
06067009108,3.255319,5.309038,24.94886808379892,1.9925546533900014,82.53968253968256
06067009109,3.255319,5.309038,23.637382538366538,1.9925546533900051,82.5397910501205
06037219500,2.1722453098591545,3.8162761690140847,18.004008109930997,1.983659216800002,183.8332656522332
06037219800,2.094495263157895,3.664166789473684,16.676343893943866,1.9836592168000027,163.8308151445575
06037220000,2.1984144166666666,3.8523483863636363,18.05725713149544,1.9836592167999976,184.44044476208816
06037220100,2.024638510638298,3.572543510638298,17.672845396896797,1.9836592167999998,158.47517641891147
06037221120,2.482595,4.275402,20.643781730300013,1.9836592168000013,202.38095238095235
06037221210,2.482595,4.275402,20.102504746504362,1.9836592168000018,202.38095238095235
06037221220,2.482595,4.275402,20.321461332406265,1.983659216800002,202.38095238095235
06015000106,1.203265143624161,2.5571536362416105,18.976512669088347,1.927941746869985,40.737582879925874
06015000107,0.9789308936170212,1.9802361985815602,24.524571926520547,1.9279417468699924,29.365079365079367
06001451501,2.835322423857868,5.02010126142132,29.735487843189187,1.9845928785000158,157.13358207323418
06037232300,2.210483,3.918853,19.856688953899962,1.9836592168,217.47831027687585
06037232500,2.152841214953271,3.83455585046729,19.523530572814032,1.983659216799999,207.87993916968065
06037232800,2.351184,4.11816,19.868000418700007,1.9836592168000027,236.50793650793645
06037234200,2.216968,3.890689,18.70249453576005,1.983659216799999,189.6825396825397
06067007603,3.2503885427135675,5.286980010050251,24.767644400003046,1.9925546533900023,89.52729370240783
06067006204,3.2238993532934135,5.22299713772455,23.617457875564664,1.9925546533899996,79.62645642274792
06067004019,3.404213129032258,5.2935118467741935,16.357027156400004,1.992554653389995,109.22094248276278
06067006502,3.277956305084746,5.2776225875706215,23.905360724099964,1.9925546533900007,93.51740959762569
06067004015,3.4181510425531916,5.297494829787234,18.638869087488565,1.9925546533900045,97.2029235809462
06067006706,3.278162,5.28401,23.684133689141643,1.9925546533899998,101.42868211655424
06067007027,3.402818,5.370743,26.22369747805517,1.9925546533900016,93.5388423189882
06067009640,3.2647287088607597,5.264730443037974,19.1204349112291,1.9925546533899992,97.34880983815415
06067008802,3.3848453804347827,5.397612146739131,28.23364891002445,1.9925546533900012,113.23538870288591
06057000107,3.6633835982085734,5.742508160588612,59.07291078522898,1.9925546533900143,123.77709156647607
06057000404,3.5085194069714802,5.5508307080126755,60.257109568964175,1.9925546533899834,110.94056361332598
06057000601,3.6235013333333335,5.756664333333333,57.99162461931281,1.9925546533899994,105.608278047795
06057000403,3.5001680471092076,5.521142834047109,58.34643890516824,1.9925546533900131,103.50579955016372
06057001207,3.9612882696969693,6.136281666666667,25.87561992982125,0.9968611032359954,161.54845276525825
06057000503,3.600720555,5.7293688650000005,62.61108014507609,1.9925546533900025,127.31311170396027
06057000504,3.5988873171247358,5.724284213530655,59.88190077651844,1.9925546533900103,112.88643649630224
06057000602,3.650242626223092,5.773830234833659,62.04305174581104,1.9925546533900107,112.90288141146787
06057001208,3.8414304710327456,5.97170256675063,29.56089472329464,0.996861103236001,138.63274772642131
06057001209,3.7592863555555556,5.909493034567901,31.731075747958123,0.9968611032359898,141.2280976337237
06057000106,3.5841021801242237,5.658610765527951,58.38155372745576,1.9925546533900118,123.73126372800496
06057001211,3.893451121212121,5.994994904761905,25.295960073464663,0.9968611032359875,164.35187354627675
06057001210,3.8368653478787875,5.923767825454545,27.918335293811424,0.996861103236002,157.33981846253596
06037404402,2.8821141243243247,4.886228675675675,23.15665124134651,1.9836592167999962,214.44184226738776
06037500300,2.652158,4.613628,36.05279517621679,1.9836592167999958,267.2131011528152
06037403325,2.8955167106918243,4.920585798742139,32.96885270134835,1.9836592167999947,279.113784415232
06037543321,1.9670471,3.56298415,25.29861019954889,1.9836592167999962,229.35763334973117
06037543100,2.0396977846153845,3.673812128205128,24.43197013095845,1.983659216799996,232.32731188637084
06037542200,2.17416,3.918165,27.70404081701415,1.9836592167999971,273.8215915548145
06037540201,2.3580275,4.130017,25.557450692199986,1.9836592167999998,263.3220730812263
06037240600,2.196558,3.928857,20.49593617251575,1.9836592167999996,230.9523809523809
06037534102,2.454877483870968,4.306366548387097,31.838832294746204,1.9836592167999998,264.5798292381883
06037239310,2.351184,4.11816,20.128702503199982,1.983659216800003,236.50793650793645
06037532800,2.3662302083333335,4.142422875,20.2648953895,1.983659216800002,238.54389576373924
06037501302,2.580612,4.542127,35.09366663631951,1.9836592167999971,283.3333333333333
06037273404,1.0753678965517242,2.1573901379310345,22.509207096400008,1.9836592167999998,-27.777777777777786
06037232401,2.2716829342105265,3.9991823815789473,19.707136164221037,1.9836592168000013,216.7259946288974
06037236101,2.1862639452054795,3.839601383561644,18.7410289617644,1.9836592168000018,187.17927797956003
06037910218,3.2039068943661975,5.1317276901408455,20.107197115981666,1.892840162840002,478.30374476940534
06037910216,3.248259892430279,5.27444645816733,21.401370861533962,1.8928401628400022,466.8838804349367
06037670405,2.0525083825503354,4.013148255033557,33.44239763204898,1.9836592167999971,221.0058378996069
06037543305,2.0345561834862385,3.72489423853211,26.26145397781102,1.9836592167999987,241.7988052511892
06037231902,2.426402,4.2213715333333335,19.844947595806673,1.9836592168000016,248.04038984446396
06037234302,2.216968,3.890689,19.28251877785599,1.9836592168000022,189.6825396825397
06037231602,2.341892,4.09972,19.58332272070001,1.9836592168000016,220.63492063492063
06037234002,2.216968,3.890689,19.384311266877774,1.983659216800002,189.6825396825397
06037236206,2.030185,3.579906,17.062104233387878,1.9836592167999998,161.90476190476193
06037265701,2.069004,3.64111375,19.80189691146767,1.9836592168000025,137.1232219403903
06037216301,2.3031047887323948,3.9460877183098595,18.982874406278878,1.983659216800002,163.2143697736246
06037265204,2.032814,3.563608,21.00251623156667,1.9836592167999998,106.2069644578761
06037265203,2.102121977272727,3.6907509318181817,20.907389377456838,1.9836592168000016,118.171123766926
06001408000,1.3007975,3.7229261666666664,31.182003802794807,1.9845928784999964,52.89164251403475
06001441401,1.4022876182572614,3.7274538755186724,26.84045342525322,1.9845928784999962,86.12966933302765
06065040202,3.1430404285714286,5.257613142857143,40.53848562233174,1.9814317678900009,327.11731454789026
06065031704,3.112632,5.215183,39.760562972865145,1.9814317678900009,388.2773670848718
06031001402,3.3742427107438018,5.428051190082645,46.94358208339497,1.9991352696299955,222.94357402247977
06031001401,3.3301125235294116,5.337522970588235,45.8192681654,1.9991352696300004,210.49406455929096
06069000502,2.6771623525423727,4.871780562711865,33.27020234467042,1.9922713284900049,169.05954304269946
06069000802,3.0636827674661107,5.215048633993744,29.733069580016096,1.99241877310915,215.3848978662218
06069000702,2.824863151843818,5.11350000867679,32.12328019717898,1.992271328490005,180.1086191804632
06069000501,2.746063875,4.937660459459459,32.908230877675564,1.9922713284900049,173.40501494306193
06069000701,2.751602952054794,5.061731061643835,33.6870904032054,1.992271328490004,164.06068635871617
06065043505,3.287153,5.339517,26.717419444290947,1.9814317678900006,380.1587301587301
06065044104,3.234159889473684,5.049959968421052,30.320858517974077,1.999670437390014,254.5318248608657
06065044403,3.0212152895905278,4.825721354711396,33.57524259668318,1.9873189713152866,366.3957296390174
06065042007,3.100294928019036,5.111540985722784,49.19841298967572,1.9814317678900406,388.7762144494001
06069000801,2.8339209815242494,4.9747403764434175,29.191108818673936,1.992271328490005,188.14082144304544
06067009111,3.255319,5.309038,24.375118553919066,1.9925546533900027,82.53968253968256
06087122100,0.4939747272727273,0.8750531122994653,32.05377616096531,1.9816174711184,31.58292172995815
06087122500,1.1316258567774935,2.2403932966751916,37.95651913228616,1.9922713284900049,73.59248411097636
06087100100,1.42146413986014,2.4148882097902096,31.079951322138452,1.992271328490004,53.75728929599099
06087100600,2.65916,3.948925,29.04330736399247,1.992271328490004,96.8253968253968
06001432400,0.8871405454545455,3.2661664545454547,25.73930895696456,1.9755720017795417,20.28862761826215
06029002819,3.033163,5.017051,39.740162243562,1.9991352696300047,296.8253968253968
06029002821,3.107454467811159,5.20410586695279,41.02759414520005,1.9991352696300049,282.04081608439986
06029003112,3.0251614433962266,4.995219754716981,37.735511219491585,1.9991352696300038,288.4093772476695
06029003113,3.087019902222222,5.105907688888889,37.55251914800006,1.9991352696300044,284.9001586498913
06001404300,1.1697962060301506,3.325147753768844,28.49981208415975,1.9845928784999964,52.36368201858544
06065040203,3.143743638095238,5.244420685714286,38.61816988548193,1.9814317678900009,336.2626681999179
06065040204,3.156928,5.248144222222222,38.420000426212766,1.9814317678900009,326.1840419460424
06065040303,3.190950446494465,5.308844719557196,37.732809294588066,1.9814317678899984,288.33091247771705
06065040402,3.136013334190231,5.269807303341902,38.973902510529015,1.981431767889982,292.5868781574135
06033001000,3.547967794289044,5.814602333916084,33.37062012208837,1.9925546533900145,103.69128173427804
06033001200,3.8939786985032074,5.9591406963649325,46.570274272936366,1.992554653390014,116.03349991463632
06111003011,1.1606694716981132,2.340114716981132,35.830597846754664,1.983659216799999,80.52971563303608
06111005801,2.5308572185089973,4.599761120822622,23.43626476537298,1.9836592167999942,233.9765930000572
06111007405,3.1655640646258503,5.430976159863946,21.862354412346516,1.9836592167999947,263.7189745576937
06111007511,3.159271672523962,5.511350413738019,31.416222920743504,1.9836592168000136,271.178349968913
06111007512,3.0368400705289673,5.314308236775818,31.37449058911935,1.9836592167999942,265.11795185050136
06111000303,2.792359402366864,5.149111165680473,31.501336304538448,1.9836592167999945,241.6275117169651
06029000300,3.2147591421568626,5.294541892156863,29.278203352471586,1.9991352696300033,262.5646620669511
06037552700,2.402658,4.362358,28.5766598763,1.983659216799996,309.5238095238096
06037552800,2.37621350295858,4.3336772899408285,30.128983230517665,1.9836592167999965,306.432691725372
06037553000,2.332828,4.286623,30.918135473600078,1.983659216799997,300.7936507936507
06107003501,3.3989018900000003,5.50836075,66.64326970690057,1.9991352696299993,224.0068973766323
06059062649,2.485954011627907,4.764033447674419,26.62840056668078,1.9797301637844154,315.2097964034852
06059032058,2.291149557109557,4.5065464195804195,24.40953882674672,1.978105905320009,324.6338434281591
06059032061,1.9635298818635607,4.13581355906822,27.1442623987223,1.9781059053200163,294.31641513742056
06041109002,3.279400044897959,6.049445873469388,34.78701203426521,1.9845928784999962,144.51621033602254
06041130201,0.667357,1.594998,44.428330237933054,1.9845928784999964,-17.46031746031747
06041112202,2.7577389029126214,4.793345990291262,35.86045041943977,1.984592878499997,114.7312392987964
06041131100,3.1940999779005526,5.240678071823205,40.39887191428576,1.9845928784999964,115.52233480139522
06111007406,3.063881220238095,5.351198357142858,19.324574182569616,1.9836592167999965,263.2703695011923
06111007509,2.8746789558823527,5.120430642156863,20.984547401311797,1.9836592167999958,257.6556494845598
06111007510,2.7452080508083143,4.9441991570438795,22.87152283269728,1.983659216799994,255.71771092700808
06111007613,2.4984526988304094,4.645829763157895,31.594053032234115,1.9836592167999945,205.1591394645414
06111007614,2.5530575542635656,4.789529335271317,34.1469099788309,1.9836592167999938,219.75259704572073
06037601502,1.62074,3.09585,17.20393376526923,1.9836592168000022,130.9523809523809
06037601600,1.4940554074074075,2.877864259259259,17.153852908240758,1.983659216800001,123.89444009558474
06025011500,2.55623296373057,4.501874202072538,12.655997712620747,1.9996704373900052,545.6984277510965
06037602002,1.6740751891891892,3.1308157027027024,15.81268068329998,1.9836592168000018,171.40728276350612
06037602003,1.6718667272727272,3.1276231818181817,16.417037034799993,1.9836592168000002,171.47709511670928
06037602103,1.467584,2.832315,15.896587153300851,1.9836592167999985,123.01587301587298
06037602104,1.467584,2.832315,15.8028676349318,1.9836592168000002,123.01587301587298
06037530700,2.6365533076923073,4.569202461538462,26.67158167388845,1.9836592168000022,241.95550636470256
06107001901,3.550471866666667,5.606601184615385,59.8420409587625,1.9991352696300027,210.60123983153585
06107001902,3.556808766550523,5.608915202090592,60.1714005298254,1.9991352696300013,211.93766228776732
06107002002,3.445869,5.566076,55.92021206669972,1.999135269630002,209.52380952380952
06107002003,3.550202125423729,5.578637681355932,60.613489289620816,1.9991352696300002,197.9506236043653
06107002004,3.5803525161290324,5.6037155806451615,61.753473370099854,1.9991352696300024,204.6727208317118
06037530801,2.6490097572815534,4.566891485436893,26.115391764321387,1.9836592167999991,244.1434485400228
06037530802,2.625091,4.571329,27.11555470050885,1.9836592168000011,239.68253968253964
06037530901,2.6513317547169812,4.566460698113207,25.591500181869797,1.9836592168000025,244.2666996512578
06037531000,2.625091,4.571329,27.383480228104652,1.9836592167999987,239.68253968253964
06037531102,2.625091,4.571329,27.36631702514363,1.983659216800002,239.68253968253964
06037531201,2.5692668309859155,4.4438738450704225,26.829802712350702,1.983659216800002,251.59051935006076
06037531301,2.5651779574468083,4.44388714893617,27.0936059140617,1.9836592167999998,252.6642939296722
06037531302,2.5646451636363636,4.445733963636364,27.62536724026811,1.9836592167999987,252.5629457705178
06037541401,2.208294,3.915418,23.52994389159491,1.9836592168000011,249.2063492063492
06037207711,2.577516,4.412401,22.916399735786104,1.9836592168000005,222.22222222222223
06037402503,3.029422,5.129604,26.76753767315683,1.982780498422661,294.4444444444444
06037433506,2.720846972222222,4.66441975,33.575189141040696,1.9836592167999987,255.1253939458359
06037209202,2.577516,4.412401,23.276990665299994,1.9836592167999998,222.22222222222223
06037980017,2.05899204,3.6137834399999997,21.63134139306801,1.9836592167999998,98.04605913042452
06037602801,1.963295,3.555215,17.272119202400003,1.9836592168000002,207.14285714285705
06037577800,2.3873647932960895,4.334217586592179,32.775767865399466,1.9836592167999962,283.7609117991371
06037406300,2.902900874074074,4.94695054074074,24.706085265433376,1.9836592167999987,268.1989212957086
06037462900,2.947246692982456,4.993506399122807,33.17415973613519,1.9836592167999954,231.07119828156897
06037542105,2.17416,3.918165,29.099620233000035,1.9836592168000005,273.8095238095238
06037543000,1.969532,3.577055,22.971529752660174,1.9836592167999971,220.63492063492063
06037602302,1.184713534591195,2.458005257861635,19.467688629625105,1.9836592167999967,86.18198791711342
06037602301,1.3961148863636366,2.734269403409091,19.298211023499924,1.9836592167999962,111.70383766777118
06037541200,2.098150806451613,3.7711004677419355,21.63358836541833,1.9836592167999962,234.6720072927055
06037602700,1.7290735714285714,3.211176564285714,16.08290929539999,1.9836592167999973,179.49073643288466
06037503103,2.516399,4.498079,31.423142927222276,1.9836592167999976,311.9047619047619
06037540800,2.1296763684210527,3.82249809569378,21.264830213286107,1.9836592167999958,236.53847842984217
06037602106,1.467584,2.832315,16.34141834726593,1.9836592167999998,123.01587301587298
06037602105,1.467584,2.832315,15.775920292500013,1.9836592168000031,123.01587301587298
06037542106,2.175442745762712,3.922285576271187,29.153159700400003,1.983659216800003,275.1823649895403
06037551204,2.349765,4.216991,33.491253996770325,1.9836592168,269.8412698412699
06037980037,2.014856,3.783727,24.1808849179,1.9836592168000002,246.35064981976407
06037536201,2.276744,4.094717,31.756193292656967,1.983659216799999,276.984126984127
06037503502,2.5292358571428575,4.507563,28.12840175700716,1.983659216799997,298.0880695602816
06037601700,1.4918648292682928,2.87409493902439,16.36876182600001,1.9836592168000007,124.00128660473564
06037503402,2.607875592178771,4.586745502793296,29.35937310437976,1.9836592167999962,281.68311356938693
06037601801,1.62074,3.09585,16.368761825999997,1.9836592168000025,130.9523809523809
06037502005,2.5493871037037037,4.5196445333333335,33.220278985066656,1.9836592167999976,278.6168811874301
06037601402,1.62074,3.09585,17.766480924100037,1.983659216799999,130.9523809523809
06107002008,3.5081606335877864,5.599158122137405,56.73907618270004,1.9991352696299955,213.98369330027467
06107002009,3.5465801037344398,5.619562107883818,57.002388101721266,1.9991352696300053,216.62660639266193
06107002302,3.500020887550201,5.576116072289157,64.79432326462418,1.9991352696300058,236.31773968108257
06107002303,3.4886211266666667,5.5791834711111115,64.15189976798746,1.9991352696299862,225.9551796168486
06065045124,2.2873881974358974,4.302754966666667,31.942970413924133,1.9996704373900143,357.9809990560681
06065045217,2.8975298727915195,4.804355466431096,26.44718969136404,1.999670437390011,676.4575419307531
06065046602,3.0774048373626375,5.119632725274725,29.911306618046897,1.9814317678899764,293.0912011876114
06065046700,3.16070948245614,5.224886307017544,30.975422332777196,1.9814317678900009,434.43917503420585
06065047000,3.020283279373368,5.230173315926892,21.95170739151347,1.9926004890900142,589.5387374724742
06037501900,2.586421971590909,4.560483142045454,33.3184310535421,1.9836592167999962,283.27849715979556
06037462500,3.0207739305019303,5.103742019305019,33.34961541710195,1.9836592167999951,220.9103263481689
06037501600,2.627526743961353,4.613106801932368,34.65576712384402,1.983659216799994,268.72576814887543
06037501002,2.5633392258064513,4.512398258064516,34.16714691829632,1.9836592167999962,287.01077266633655
06037408629,2.7309655454545454,4.7567942045454545,29.90999145409944,1.9836592167999962,273.7438260850489
06037504200,2.5021358714285715,4.469509957142857,33.14904014994281,1.9836592167999958,292.48810126682656
06037601802,1.62074,3.09585,16.368761825999993,1.983659216800003,130.9523809523809
06037601202,1.62074,3.09585,17.69365088680001,1.9836592168000005,130.9523809523809
06037408628,2.757744243243243,4.787530675675676,29.43847906085596,1.9836592167999956,279.81564126648897
06037408626,2.818071,4.851806,28.78552395515445,1.9836592167999958,297.61114729303426
06037501501,2.5984918136645963,4.562426658385093,35.36188376022113,1.9836592167999967,271.3018842288598
06037501200,2.5869463529411765,4.53636722459893,34.6419650185572,1.983659216799996,280.58015638836724
06037408141,2.911216,4.960735,25.792403112500764,1.9836592167999982,288.88888888888886
06037408135,2.9053620680272108,4.954737448979592,25.64131088491965,1.9836592167999971,289.165175418319
06037408137,2.911216,4.960735,24.96414815568483,1.9836592167999993,288.88888888888886
06037500403,2.6076740689655176,4.554994765517241,34.812220150331044,1.9836592167999971,268.9806060179806
06037530202,2.546239579310345,4.477856696551724,31.328956832119385,1.9836592167999971,247.9237815262619
06037530302,2.547597111111111,4.479614,31.04795577598215,1.9836592167999982,248.29057693933555
06037530301,2.559730375,4.478376410714286,29.858365206919622,1.9836592168000027,247.18387297777048
06037409000,3.0040190852017936,5.100538721973094,28.24829815924609,1.9836592167999956,292.14525705418856
06037408301,2.778679203703704,4.763890240740741,34.68049273693852,1.983659216799995,256.94890269918704
06037702202,1.2755980507246376,2.443563688405797,21.55273812983412,1.9836592167999973,9.833731850625504
06065940100,3.111150212765957,5.180158219858155,20.16389546067377,1.9926004890899989,412.43447927696593
06065941200,2.7183325438972163,4.719240779443255,21.566670252175886,1.9996704373900156,501.08265882110607
06065941500,3.4463800699774265,5.401594415349887,28.95721216591735,1.9814317678899773,329.0860721866537
06065042744,3.151924933977456,5.097489333333333,30.35907115096511,1.981431767889968,436.3620602484359
06065043235,3.2883964320113312,5.167173372521247,31.981190722144134,1.978105905320019,444.7262830364965
06065043278,3.182532363844394,5.320908311212815,36.521309724104995,1.9781059053200094,397.5287023181706
06065045120,2.701201689156626,4.610076746987952,25.238084006531004,1.9996704373900147,490.7165497130645
06065940400,2.7090410468085104,4.657592710638298,28.983421507166,1.9996704373900085,646.5090904509989
06065940600,2.6876657837398374,4.514360100813008,20.916329990475063,1.9996704373900174,557.5206959415194
06065043279,3.2349254542294323,5.228174170336037,44.57700367353376,1.980267908682414,393.4273389165587
06071002602,3.284899320610687,5.37210884351145,29.09179400381838,1.9814317678900002,282.711936475013
06009000301,3.4946166108273746,5.514833080694586,42.08290143468221,1.9966900594199735,94.13282799107394
06009000124,3.612223122105263,5.811942562105264,43.29619176705974,1.996690059419974,134.440394284121
06009000221,3.289826804272915,5.209918516195727,29.62203933017462,1.9966900594199697,97.22701898845138
06009000302,3.691829229757085,5.8295402398785425,52.94933320928026,1.9966900594199735,102.14456856201475
06009000222,3.430769091535433,5.413726314468504,30.30389729973935,1.9966900594199672,121.40142826931572
06009000505,3.9665494154727794,6.141827085959886,44.52406744203857,1.996690059419995,87.61034835620336
06009000506,3.9654067200000003,6.166252293333333,43.29708428201995,1.9966900594200006,90.93357337218956
06009000123,3.54444183227446,5.733957082592123,39.71562734580934,1.9966900594199766,118.222227142898
06037702300,1.403102,2.630808,20.57525722505457,1.9836592167999954,31.746031746031747
06037408302,2.734255825,4.711475105000001,35.14483393306599,1.9836592167999958,260.667188878496
06037530500,2.625091,4.571329,29.898627311099975,1.9836592167999991,239.68253968253964
06037530400,2.6281692857142858,4.580227857142857,30.099151356713435,1.9836592167999982,239.21080226126864
06037408004,2.834058,4.859775,28.500858449471014,1.9836592168000025,268.25396825396825
06037407601,2.820024,4.82146,32.55853066754941,1.9836592168000005,258.7301587301587
06037408003,2.834058,4.859775,28.81466146289486,1.9836592167999965,268.25396825396825
06037434004,2.730961594936709,4.701238556962025,34.78788469325312,1.9836592168000011,260.7745166899067
06037433804,2.7253204864864866,4.688699873873873,34.19538436713523,1.9836592167999987,261.07170315968006
06037482002,2.629635136054422,4.584465408163266,30.50461031437284,1.9836592167999947,238.99588168317365
06037407902,2.834058,4.859775,29.148369007582083,1.9836592168000027,268.25396825396825
06037482522,2.69632075,4.6133955,33.27763338055466,1.9836592167999976,251.0192047921508
06037407501,2.820024,4.82146,32.87741128708032,1.9836592167999976,258.7301587301587
06037434100,2.725074,4.688152,34.01418642372577,1.9836592167999958,261.04736431941296
06037434003,2.738754,4.718559,34.62277770677495,1.9836592167999982,260.3174603174603
06037406602,2.8324521194029852,4.8553906965174125,31.074100655299908,1.9836592167999958,267.1100617240099
06037402404,2.964372305699482,5.051647388601036,26.98310306876371,1.983659216799996,284.2915534432125
06037402403,2.9771443383458647,5.069014052631579,28.47492704427378,1.9836592167999976,287.58599107275984
06037403500,2.9154140517241376,4.967170475862069,24.703925603275415,1.983659216799995,277.28915819445564
06037800202,2.7833654363057323,5.070524471337579,32.8528437893216,1.9836592168000138,263.0367028941777
06037406101,2.8834794468085105,4.8996761985815604,23.307212290848984,1.9836592167999973,240.85931867170152
06077005004,3.345995023734177,5.343820735759494,42.942568303762364,1.9966900594199801,129.3767623865665
06071000201,3.109168538961039,5.239138246753247,28.363647562115,1.9814317678900006,326.0373243681654
06071000808,3.196693,5.299919,30.098069555875373,1.9814317678899944,333.3333333333333
06077004701,3.198073670138889,5.12814453125,46.01323206914008,1.996690059420002,119.50077569223237
06077003110,3.1514371986754965,4.934843218543046,32.0686285447,1.9966900594199992,107.251399369235
06077003215,3.165934487804878,4.914123268292683,31.72845481026169,1.9966900594200006,107.26107134822166
06077005122,3.281017245862884,5.296897224586289,35.29288309961465,1.9966900594199892,126.66189387842898
06077003700,3.2493299256198345,5.231083349173553,43.679096567094916,1.9966900594199857,114.00722478281698
06077003803,3.3657254207407408,5.35088666962963,37.10621983794463,1.996690059419979,112.34761009814166
06077004001,3.1013586247933884,5.067774076033058,31.046492619327573,1.996690059419981,88.37667373786815
06077003308,3.245548,5.143762,30.788292110900045,1.996690059420001,111.01824324725722
06077003900,3.2488724380664653,5.140739179758309,27.11107646204864,1.9966900594199792,97.5872034827398
06097151405,2.3990048308605343,4.061191,33.79529317585577,1.927941746869999,98.66441421512272
06097153302,2.702244149560117,4.126597545454546,33.63405415079389,1.9279417468699993,91.65712970761597
06097153708,2.932689719008265,4.279318739669422,37.633170301270624,1.927941746869991,92.94431336683668
06097152401,2.8371290886469676,4.606980572317263,23.046869077753115,1.9279417468699953,88.24775164641335
06097151205,1.461863251390434,3.7725508220244715,32.233358717568734,1.9845928785000362,100.37604183234258
06097154308,2.0510823400809715,2.9723208643724695,26.31963953827508,1.9279417468700097,61.65946130968384
06097153405,3.2139693951219512,4.505617759349594,32.93306200381175,1.9279417468699989,93.08299895834928
06097154304,2.52830892377261,4.123482421188631,31.071865994167265,1.9320405367553584,92.1915409806718
06037980016,2.487848076923077,4.321650230769231,24.73970592851924,1.9836592167999998,249.8478191382447
06037113239,3.167831,5.475847,21.063187518200003,1.9836592167999998,270.63492063492066
06037113427,3.160616,5.421259,19.799925288018184,1.9836592167999998,296.031746031746
06037226702,2.453754,4.258903,20.96536611316172,1.9836592168000018,253.1746031746031
06037800338,3.1889703629032256,5.451365669354838,20.621764719657257,1.983659216799998,275.52781644062816
06037143402,2.770328777777778,4.925924333333333,23.54888145740004,1.983659216800002,243.43493304383105
06037141305,2.9985727368421053,5.16105575,22.36930608178419,1.9836592168000013,269.24158945477154
06037128703,3.05595348,5.195948053333334,22.955744225042704,1.9836592168000016,279.8257697317791
06037800205,3.1522619565217394,5.5172670869565215,28.884753690675975,1.9836592167999973,267.24587131037504
06037406000,2.878341663414634,4.885605053658536,23.55111328513903,1.9836592167999958,239.3242947495984
06037297002,1.939384,3.916093,30.30668649015537,1.9836592167999991,163.4920634920635
06037297001,1.8126420449438203,3.6943587303370786,31.239468668521354,1.9836592168000002,140.5794066137559
06037403326,2.9384984057971018,4.9854716086956525,27.52621560540513,1.9836592167999973,284.66926714768516
06037405701,2.870584846153846,4.877027076923077,24.740113491118336,1.9836592167999991,234.117656027774
06037670604,1.8544647283018867,3.7184079094339624,34.33009316887473,1.9799164635607513,150.02410854828923
06037403305,2.934785,4.972339,31.557669497132203,1.9836592167999982,285.7450161322209
06037670603,1.8160622440944882,3.6380309370078736,35.84561916017165,1.9836592167999951,181.99738296651705
06037405800,2.874477272727273,4.8766360909090904,23.84956901659663,1.9836592167999962,223.7854066485457
06037480202,2.877696362416107,4.857854140939597,32.697519388834884,1.9836592167999971,228.48488832486512
06037577605,1.09403,2.588709,31.123234460595896,1.9836592167999971,56.349206349206355
06037901007,3.2923028701657455,5.3358336215469615,27.838187458153737,1.8928401628400022,500.0518763449195
06037901101,3.2860007939814815,5.340680659722222,28.177838985008798,1.8928401628400022,484.3842919759672
06037901102,3.313022453358209,5.327764044776119,29.14741301984362,1.8928401628400022,496.0824758411815
06037276601,0.955179380952381,2.1800249166666665,24.819680757024955,1.9836592167999965,34.82277018294987
06037277000,1.40447808,2.803698061818182,21.87360948689053,1.983659216799995,97.98554193928182
06073008331,1.3324808407079645,2.632240752212389,34.41359226893638,1.9781059053200047,173.10054960325758
06073008337,1.984127,3.933303,29.042538752137872,1.9781059053199956,288.88888888888886
06073011601,1.09004796875,2.79640278125,34.0003655721167,1.9781059053200043,263.6098950824578
06073011602,1.0917141463414632,2.7990601707317073,34.175419297780486,1.978105905320004,228.2585335688356
06073011700,1.0954724203821655,2.8050542484076435,33.081870232638224,1.9781059053200003,264.16590685208695
06073011801,1.04906,2.731031,32.95026813852005,1.9781059053200043,253.968253968254
06073013307,1.535354,3.128988,26.473675725641407,1.9781059053200023,205.5555555555555
06037480102,2.86841,4.855095,32.65089331084546,1.9836592167999967,225.39682539682545
06037404501,2.875095,4.879602,23.090118704973175,1.9836592168000027,219.0476190476191
06037431800,2.852052371257485,4.844067437125749,32.48600585279529,1.9836592167999965,238.6128461134541
06037431300,2.8406265,4.837565,30.374274300061554,1.9836592167999991,236.86465729143345
06037430802,2.8455441206225682,4.843013225680934,31.405969604737653,1.9836592167999951,233.02668765169895
06107002304,3.566962,5.612264047619048,63.40230108609432,1.9991352696299967,237.97286916304816
06071002901,3.2266207553956834,5.326480575539568,32.21665378214605,1.9814317678900006,292.107300509953
06073013308,1.532579027027027,3.120087693693694,24.772865224626994,1.9781059053200047,207.3797741072529
06073013309,1.5584071404109587,3.221061462328767,27.254742572740767,1.9781059053199965,224.35065321870795
06073013312,1.5631607653061224,3.191434173469388,26.092588989457134,1.9781059053200045,218.89106047078576
06107002601,3.4953675346153843,5.491940669230769,67.83229364196225,1.9991352696300055,193.47431780714828
06107002602,3.445681549342105,5.44814950986842,62.20275485751234,1.9991352696299989,186.11917514349432
06107002901,3.5715547027027026,5.615683935135135,62.45772371120715,1.9991352696300018,239.06462311682665
06107001400,3.5650883050458715,5.628788855504587,59.03457727898882,1.9991352696300184,185.15364719866503
06107001502,3.5230826494252874,5.592840681992337,70.86998469100264,1.9991352696299827,182.32929401434535
06107002500,3.472985248015873,5.485821165674603,61.502428643312676,1.9991352696299718,196.3406693769
06107002800,3.468850492537314,5.465769343283583,65.3169070422327,1.999135269630003,195.8133369871377
06107004200,3.4299524979079496,5.496212328033472,58.582086432925266,1.9991352696300024,223.94089228335804
06081610700,2.2268942620689653,4.698813206896552,19.36131841047173,1.9845928784999967,152.9387064274917
06081610800,2.332382057142857,4.898833285714286,20.913522651537118,1.984592878499998,160.25022059348862
06081611000,2.476027363636364,5.026203967914439,21.08415349873682,1.9845928784999964,162.0904338864276
06081611200,2.549865,5.091676,19.99331618818383,1.9845928784999967,163.4920634920635
06037920040,3.1478597945945945,5.297222118918919,30.66169894157402,1.9836592167999962,340.717299324024
06095250701,1.640856095238095,3.448628884920635,28.509998801991614,1.9845928784999962,32.517349560011134
06095251000,2.0780631020408165,4.11349506122449,26.026331267861188,1.9845928784999973,71.56042481003153
06095251300,2.160736,4.228554,24.882587535691002,1.9845928784999964,74.60317460317461
06077005106,3.308586776954178,5.294632332884097,42.45942606727391,1.9966900594199695,120.99607887956336
06077005119,3.2786158646153845,5.286068104615385,29.413102181139017,1.9966900594199797,113.48040374999115
06077004202,3.1330303015873016,5.020298761904762,39.60496955995556,1.9966900594199957,107.7681200092333
06077002800,3.287430101265823,5.262426588607595,38.014699199921964,1.9966900594199986,112.46778841836148
06077003602,3.2247819646464646,5.065468297979798,58.66868868001943,1.9966900594199735,126.260218306124
06077003109,3.160347273927393,4.9389430627062705,31.05167527984813,1.99669005942,105.3949450057778
06077001800,3.26310317,5.237316184999999,36.249409521006655,1.9966900594200039,110.75718068930478
06077005124,3.366821,5.410694,42.15840450490004,1.9966900594199959,125.3968253968254
06077003406,3.178182,4.957166,34.80718194920008,1.9966900594199963,107.93650793650797
06077003305,3.175620730964467,4.9575875228426405,32.76761886399344,1.9966900594200037,108.6520782110887
06001435104,1.420934,3.856927,26.160809320820093,1.9845928784999964,83.80633787472087
06001405301,0.7898392121212121,2.9759508181818184,22.218753287099997,1.9845928785000007,49.264408749189286
06061023502,3.325274934707904,5.367497058419245,18.9635454645835,1.9925546533900067,97.91575995024908
06061023501,3.3982856619718307,5.461437154929578,31.873526085157785,1.9925546533900031,103.69083609900582
06107001705,3.6059196124999997,5.6071682874999995,62.04652681918132,1.9991352696299995,219.46888771971575
06001982000,0.6648331428571428,2.7420895714285716,24.7227849548,1.9845928784999995,45.28112759475635
06001450102,2.621160155462185,5.229422848739495,28.777942535896624,1.9845928784999962,130.69258605423178
06017030902,3.5779032871842844,5.649893583723106,55.404307177127535,1.9925546533899974,92.66197327769692
06017031302,3.710352277504105,5.848312162561577,50.933285464942735,1.9925546533900116,72.11550727288943
06017031404,3.6581643873704053,5.771695248821866,57.65193291170019,1.9950842278607366,80.30640954091088
06017031100,3.5803665455357145,5.690535451785714,55.57902458426918,1.9925546533900136,94.29732770418843
06017030502,3.7858190568862273,5.8371523847305395,31.23913719489167,0.9968611032359957,124.95437323625649
06017030601,3.4832038615520284,5.61076480643739,46.95324188434398,1.9925546533899723,109.44312325586056
06017031503,3.473092626485569,5.5356491528013585,54.10507264479119,1.996075716418917,91.72479609949472
06017030801,3.395653779237023,5.417212621013133,55.488215697082666,1.9930124187854492,105.93333124650576
06017030603,3.6373013234501346,5.728674320754717,51.294913274760916,1.9925546533900143,92.27500670371504
06037431100,2.8737716273584906,4.869100490566038,29.5432952355321,1.9836592167999956,218.3411377334896
06037800101,3.134256927184466,5.41998840776699,28.78043563199644,1.983659216799994,300.8121234927911
06037430724,2.904214153846154,4.920090576923077,32.135736885765404,1.9836592168000011,235.5701424826844
06037430902,2.861345,4.860519,30.66870102907344,1.9836592167999973,222.22222222222223
06037800328,3.1098884615384614,5.452648076923077,28.91250181371202,1.9836592167999982,269.4363487352444
06071003401,3.2311877870370367,5.329265407407408,33.26412319179372,1.9814317678899895,292.30402258989795
06107002903,3.57559,5.618347,63.727176973733364,1.999135269630004,240.4761904761904
06107002904,3.570213841004184,5.622864820083683,61.24162760020032,1.9991352696300053,239.98452026705107
06071003403,3.2394318735632184,5.330495494252873,33.36477974490004,1.9814317678900004,297.773666024452
06071003700,3.2221326842105262,5.3046322481203,35.247019387499996,1.9814317678900006,298.0185858197041
06037670500,2.4032050345821325,4.563547772334294,30.34775756850358,1.9836592168000227,257.3535706327006
06037670701,2.529882649068323,4.74080949378882,28.14641690501861,1.9836592167999947,283.37145803601624
06037700200,2.53021787628866,4.323635453608247,23.9556226805619,1.9836592167999996,154.3558868773946
06107003001,3.484996,5.554476,62.47905549098221,1.9991352696300015,229.36507936507937
06107003002,3.504974142857143,5.583335795918368,62.4359904912178,1.9991352696300027,238.51748399153823
06107000502,3.86680444117647,5.873216892156862,69.14934616251695,1.9991352696299987,209.83281426042188
06107000302,3.751972424920128,5.764988306709266,59.18656208266947,1.9991352696299978,207.6795383517918
06107004500,3.330099100775194,5.464053311486962,43.37317630890603,1.9991352696300317,223.9341390347956
06107000600,3.7883958379446643,5.839737160079052,65.80279498493704,1.9991352696299833,181.8623986947953
06107001602,3.5961721932650073,5.626532566617862,68.89587151290958,1.9991352696299773,197.8560477074214
06107000401,3.929674767590618,5.916387014925373,65.13457721287018,1.9991352696299853,206.55931897885995
06107003902,3.411893490291262,5.474820621359224,51.19979059528703,1.9991352696299745,195.19959147443953
06107000701,3.6680814575289578,5.781396932432433,48.555505695583996,1.999135269629983,184.29232258700847
06107002006,3.6532921120000004,5.670325792000001,60.71738486765137,1.9991352696299916,225.32566209596297
06107004000,3.400383,5.467392,51.694006455149996,1.9991352696299993,221.42857142857144
06107000202,3.9248690371024733,5.963460966431096,62.755921105422885,1.999135269629981,166.60065286847535
06107002100,3.5450397646103897,5.632095214285714,64.74946924385404,1.9991352696299791,235.04233506116435
06073008343,1.660086024691358,3.1913740370370367,34.28948592006423,1.9781059053200039,223.44610645563927
06073008344,1.7945289411764707,3.4241503529411763,35.075118087273324,1.978105905319997,263.65971971198655
06073008345,1.824255693989071,3.466741224043716,35.23890611382134,1.9781059053199972,281.8990888471329
06037700300,2.4880735405405408,4.251730594594595,23.832208571973,1.9836592168000018,153.72036347930106
06107003100,3.4903149313868616,5.570355632116788,58.97393894368718,1.9991352696299773,234.62691635881407
06017032002,3.9045961612903226,5.637262497695852,28.534474002433605,1.0060380023157605,109.24364767835796
06017031409,3.776971989021043,5.739527156450137,51.361898558725755,1.9966900594199724,81.39304957768753
06017030606,3.5508748014925375,5.66100490199005,52.347303324187585,1.9925546533900147,87.36886414254934
06017030712,3.3765535870445342,5.402329982995951,51.24314481507034,1.996690059419971,99.51836494435226
06017030812,3.4938782583001324,5.550615030544488,56.80255006244805,1.994191241699342,84.41008449546975
06017031407,3.5996441156462584,5.612187273809524,57.63482193722688,1.9966900594199817,94.226340885636
06017031408,3.6485096964285715,5.629726945535714,57.857614449052335,1.9966900594199721,94.55845204002122
06017032001,4.002175787755102,5.668469134693877,20.823707629340007,0.9968611032360001,110.93763805734928
06017030605,3.547409684076433,5.6411511426751595,56.10776390316202,1.9925546533900125,84.56004123627251
06017030506,3.686176365758755,5.692428182879377,34.46256818244124,0.9968611032360001,130.70106819829655
06017030604,3.673030298701299,5.812489428571428,46.15573225178658,1.992554653390009,93.4728048853066
06017030201,3.512290990825688,5.041829600917431,30.854936768040382,0.9968611032360001,164.96013219935492
06017030507,3.72783747008547,5.694188132478632,29.151502388238452,0.9968611032359873,154.77972901590988
06017031601,3.463121,5.048565,32.84328526085325,0.996861103236,176.1904761904762
06017030202,3.5335419423076924,5.291129067307692,31.529174857501005,0.9968611032360001,179.5746169645008
06017030403,3.658586222591362,5.250536681063123,28.417360312229864,0.996861103235996,131.7091955790309
06017031506,3.5514806423487544,5.704294489323844,55.41274299739402,1.9934082247413893,83.32596235521346
06017030404,3.65771022907489,5.262919559471366,28.40070347805456,0.9968611032360001,127.67561869384124
06017030711,3.2908029480519483,5.337018272727272,41.428435934151125,1.9966900594199835,101.3042058071589
06017031602,3.4772881399176954,5.119471666666667,34.0290685116519,0.9968611032360001,189.15034883008389
06017031505,3.607171248798077,5.721073594951923,55.51028585882519,1.9926341804290502,89.03801165278743
06017030811,3.4571916666666667,5.482684430894309,56.59889712324638,1.99665643823276,92.07463752381828
06073013401,1.388218606741573,3.1462692471910114,30.864939817007727,1.978105905319993,232.9041095161517
06073013409,1.5111632450592887,3.324371861660079,29.268097105125136,1.978105905319992,263.3592856527552
06073015601,2.462614,4.649275,37.933565512543524,1.9781059053199943,421.42857142857144
06073015701,2.442549563218391,4.609736160919541,33.33474558922645,1.978105905320004,415.9500315962848
06081611300,2.546623900826446,5.086932867768595,18.20784186121396,1.9845928784999962,163.2638808706901
06095251400,2.080826820143885,4.156961424460431,24.27334085644543,1.9845928785000004,73.95898139677554
06095251500,2.048209,4.071946,25.375068368710703,1.9845928784999967,70.26965127148901
06095251600,1.935682,3.915338,25.427175399515754,1.9845928784999973,65.87301587301587
06037920030,3.153932,5.242159,33.07236354343971,1.9836592167999962,356.92217618036534
06071000304,3.091158036036036,5.2220809009009015,28.09415623469185,1.9814317678899882,321.19175606028153
06095251701,1.935682,3.915338,25.056857291155342,1.9845928784999967,65.8685208030427
06037271600,1.6279550841121495,2.989497813084112,19.7072546577542,1.983659216799999,92.05195879673346
06037400209,3.053021588235294,5.100756900452489,27.546711222717395,1.983659216799994,265.95257456634744
06037577606,1.5476794473684212,3.202108710526316,29.348690988060515,1.9836592167999985,56.349206349206355
06037900901,3.5037651056661563,5.439653313935681,21.208437055253277,1.892840162840002,487.11094426255
06037900902,3.5746417286689423,5.428826109215017,19.978917891226608,1.892840162840002,461.662040035667
06037135116,3.1613911363636364,5.488996181818182,15.967247801295459,1.9836592167999998,307.9287533079895
06037137202,3.159614,5.487482,16.266704626169012,1.9836592167999993,333.3333333333333
06037276606,0.9531,2.177574,25.78371840329999,1.9836592167999998,21.255949183122503
06037269908,1.632238,2.99633,18.47441941057143,1.9836592168,94.87644402716256
06037206303,2.634382,4.484777,22.740870098899997,1.9836592168,235.7142857142857
06037267503,1.939321,3.38441,20.980844531999995,1.9836592167999998,87.30158730158729
06037267406,1.939321,3.38441,21.301805077058617,1.9836592167999998,87.30158730158729
06037206053,2.6350585555555557,4.486536555555556,23.32136922942002,1.9836592168000016,236.13111741543904
06037670417,2.2901085531914895,4.329100478723404,31.293212904953315,1.983659216799996,255.4828561283121
06037670101,2.2859255597014925,4.234426276119403,22.885666616952996,1.9836592167999976,255.2617598842756
06037670418,1.7294701806451613,3.31908614516129,30.73578306183418,1.9836592167999947,164.57286832183763
06037980011,2.013921642857143,3.728115428571429,32.03251525959286,1.9836592167999998,220.96922876649512
06037578000,2.0233135428571427,3.7292578285714284,31.782647928428524,1.983659216799999,220.6990442191111
06071003900,3.2224085977011496,5.304691103448276,35.34672173770008,1.9814317678900009,298.2286285359447
06065044505,2.7996358529411762,4.5980304540441175,22.71251188906327,1.9996704373900167,576.2541410741026
06037571202,2.1416574594594593,4.011378702702703,22.757123218329788,1.9836592167999971,273.6482658644289
06037555107,2.1642093673469387,4.035129537414966,21.666445998926555,1.9836592167999971,288.9138831917538
06037480101,2.86841,4.855095,32.723486866798694,1.9836592167999971,225.39682539682545
06037555105,2.1918376666666664,4.0725796,21.864832305999993,1.983659216799999,299.83200057986534
06037650606,1.3715763246753245,2.689355688311688,22.75058954267794,1.9836592168000013,110.39044597935212
06037292002,1.783912,3.327947,21.767544772499996,1.9836592168000031,210.3174603174603
06037570703,2.1167351967213115,3.9769383442622948,24.815520892700047,1.983659216799998,269.0374767399338
06037650801,1.645002,3.077831,19.520017029678684,1.9836592168000002,164.28571428571428
06037461300,3.0179741735849053,5.10069880754717,33.28789390984461,1.9836592167999951,221.21304340831847
06037620703,0.667604,1.704938,25.84738413473899,1.9836592168000007,2.380952380952394
06037620704,0.8181398367346938,1.9315561224489797,24.310426030746925,1.9836592167999993,19.106793971914207
06037570503,2.112951,3.968935,27.211756511899985,1.9836592168000007,265.0793650793651
06037570306,2.077097014925373,3.8647696716417914,26.046051316117932,1.9836592168000027,251.21885770841908
06037543203,2.125013,3.79146,24.956075862551412,1.983659216799999,254.05515823620047
06037620801,0.763304,1.8613477142857142,25.903433249729737,1.9836592167999965,31.18209065837987
06037620802,0.7708420136986301,1.8736676575342466,26.004134052445202,1.9836592167999971,30.71101459728653
06037604102,1.254388,2.53984,19.10970292480002,1.9836592168000025,98.88404886487444
06037901300,3.2445337469387754,5.215031885714286,17.5130222134105,1.8928401628400022,436.97966282424534
06037570305,2.1008094285714285,3.8917778095238096,26.69232155703018,1.9836592168000031,256.970117812502
06037621005,0.6863424615384615,1.7355636783216783,27.744841989128613,1.9836592167999971,7.1683827400215545
06037570504,2.112951,3.968935,27.980034247501028,1.9836592167999993,265.0793650793651
06037604101,1.254388,2.53984,19.03556421815626,1.9836592168000031,99.2063492063492
06071002501,3.286427113772455,5.361167784431138,28.425953855439626,1.9814317678899882,270.9458069188165
06037920028,3.2245175588235298,5.309817147058824,33.632416928535015,1.983659216799995,347.01247503292984
06107002702,3.665839617647059,5.7682198869281045,57.740500226506846,1.9991352696300428,161.86782097539194
06107002701,3.8037721816367265,6.004999191616766,46.558622489700554,1.9991352696299836,167.84847669449934
06107000102,3.841944813504823,5.957180139335477,47.63824805605486,1.9991352696299727,132.619365711047
06107000303,3.803272792915531,5.811986455040872,56.385603533684,1.9991352696299867,210.75350726997704
06107000902,3.754272697108067,5.761941908675799,66.65986744297524,1.999135269629978,201.4105218411384
06107000304,3.82029893220339,5.849109186440678,68.38035722055385,1.99913526962998,196.89526386568576
06107000901,3.6507161840490796,5.658851231083845,62.60550294829703,1.9991352696299842,241.87907493320543
06107000801,3.6310304281045753,5.7156237810457515,69.4125749301701,1.9991352696299987,173.93875483286126
06107000802,3.693376419678715,5.750040354417671,67.61962162563415,1.9991352696299718,179.47736878814578
06107002402,3.552873563186813,5.612795093406594,68.1203097270893,1.9991352696299851,229.0042158258969
06107002403,3.572286573446328,5.626187983050848,64.54101965961678,1.9991352696299933,238.71803186675183
06107000101,3.845696878133103,5.92795385911841,50.2603345936381,1.9991352696299964,161.95846338286864
06107001010,3.5783446397515526,5.662266850931677,58.075255840730364,1.9991352696299995,188.1999140099226
06107001009,3.5808230057142856,5.663472668571428,59.02930994770017,1.9991352696300009,188.1575377700667
06107001008,3.6896186826196473,5.68005920906801,56.95348647459496,1.9991352696299898,220.7555084292819
06107003202,3.459599321428571,5.499464244047619,62.58419523679946,1.9991352696300002,231.3986303475408
06107001306,3.650184734072022,5.668953459833795,62.91731759977748,1.9991352696299929,193.8214322983359
06107001011,3.5435144054054053,5.629513126126127,56.390336421161315,1.9991352696299955,201.8514824888404
06107002010,3.5725248271028036,5.604253689252337,65.27583355719663,1.9991352696299876,219.73686711797492
06107002401,3.469556516826923,5.5646826875,68.44607893266515,1.9991352696299884,234.24397443055184
06107003904,3.4197326539923956,5.502096741444867,52.9839923013361,1.9991352696300049,218.7851428190635
06107003401,3.442160017699115,5.517651500884956,60.85609888817056,1.999135269629981,219.72152613682096
06107003201,3.4074977032258063,5.510309412903226,57.97602349615007,1.9991352696299753,229.57890482830769
06107003302,3.4395116267880366,5.472455464239271,69.49760239195818,1.9991352696299753,218.5889256335815
06107000203,3.865353967153285,5.921157390510949,70.94217178546668,1.999135269630003,177.79545846510646
06107003601,3.374565392857143,5.486143880952381,59.64280885991434,1.999135269629995,220.00773754790728
06097153406,2.881292320224719,4.065877752808989,31.629738282865805,1.9279417468699964,89.30783877763695
06097153710,3.1656918226950355,3.9636025567375888,31.766323392840754,1.9279417468699924,83.33288725662378
06097152601,3.0041634782608697,4.80155758757764,31.484550227870958,1.92794174686998,93.70585267401192
06097153709,3.464631444897959,3.914854869387755,32.00267272435795,1.9279417468699909,91.48867314975584
06071002902,3.226575955645161,5.326453258064516,32.0847641098708,1.9814317678900009,292.1209285511214
06037920035,3.1411473214285714,5.249740339285714,32.44902618855309,1.9836592167999956,343.9455036987572
06037670102,1.963066,3.62758,20.789568696425007,1.983659216800002,203.1746031746031
06037543704,1.9680483999999998,3.684088066666667,24.26637335263446,1.9836592168,245.22806157955324
06037543605,1.8156493577981652,3.3826674403669728,20.887132381655057,1.9836592167999987,215.76985165993852
06037573101,2.028297,3.729864,28.969851981074576,1.983659216800003,221.42857142857144
06037573102,2.028297,3.729864,29.467420544304055,1.9836592168000018,221.42857142857144
06037543705,1.935547441860465,3.6149035581395346,25.422174184784897,1.9836592168000005,237.99470667460247
06037577700,1.963401609375,3.750820984375,28.6349220677797,1.9836592167999978,228.81767472645103
06037543607,1.9065113503184714,3.5536362738853504,22.826861769288495,1.983659216799997,232.26645924658945
06037141306,2.9491647534246574,5.133956657534246,22.45554109361916,1.9836592168000018,254.7707095542611
06037128704,2.9354506938775513,5.1243707857142855,22.96153464539189,1.9836592167999993,284.2571033512785
06037301901,2.9230540212765956,4.979890255319149,29.652070756400004,1.9836592168000018,214.47252412527004
06037139506,3.201486,5.466245,18.817920070900012,1.9836592167999998,313.49206349206355
06037650904,1.645002,3.077831,19.300203910971415,1.9836592168000022,164.36567295269072
06037571201,2.121883,3.957101,22.270637099393603,1.983659216799997,253.27743039745852
06037293204,1.783912,3.327947,21.040144676686044,1.9836592168000005,210.3174603174603
06037555106,2.153507,4.005594,21.864832305999983,1.9836592168000018,291.26984126984127
06037603007,1.8182930394736843,3.3582670526315788,17.86371400477894,1.9836592168000013,208.4171426206365
06037602202,1.467584,2.832315,18.43376114989999,1.9836592168000022,123.01587301587298
06037275313,1.2570823076923077,2.5180695384615386,23.409561790941776,1.9836592168,54.374133649194626
06037297501,1.939384,3.916093,31.2050573360964,1.9836592167999973,163.4920634920635
06037297502,1.939384,3.916093,31.005698026831368,1.9836592168000007,163.4920634920635
06037261104,2.594157959409594,4.565414627306273,24.23722984338173,1.983659216799995,192.95430557659256
06037543606,1.783912,3.327947,20.99945078936544,1.983659216800001,210.3174603174603
06037293206,1.783912,3.327947,20.279499431063172,1.9836592168000027,210.3174603174603
06037650903,1.67389528,3.129855128,19.351302843151952,1.983659216799998,173.26831424746575
06037577900,1.969474,3.766915857142857,25.515307736587722,1.9836592167999971,230.53041997882696
06037543803,1.914554,3.570215,25.688814401343418,1.983659216799999,233.33333333333331
06037293203,1.783912,3.327947,21.35822687981694,1.983659216800003,210.3174603174603
06037910213,3.0308644947643977,4.992823594240837,26.72605871902744,1.8968818484874364,422.8490799270983
06037920038,3.13647,5.252514,31.867910339550594,1.9836592168000002,340.4761904761904
06037115204,3.142309,5.37953,19.254305928538514,1.9836592167999987,304.75507263484656
06037113324,3.133066,5.37421,20.157056291800007,1.9836592167999998,235.0804820639352
06037113323,3.1321558243243244,5.380218675675676,22.102280033667583,1.9836592168000018,233.96817588001983
06037104823,3.0087743466666668,5.2497259199999995,25.46683996840797,1.9836592168000016,298.0543944776451
06037111304,3.121269,5.359443,19.73751965650001,1.9836592167999998,263.49206349206344
06037103202,3.060158537037037,5.322970992592593,18.172532827839643,1.983659216799995,240.07565768771036
06037101221,3.167348,5.371507,23.903661620229794,1.9836592168000018,230.9523809523809
06037103402,3.153708448979592,5.362544918367346,21.168695319859218,1.9836592167999971,232.18337178411588
06037910607,3.1272747434210526,4.957349434210527,19.97729686750003,1.892840162840002,493.781255376094
06037910717,3.0339863383458647,4.928324488721804,20.175862456900013,1.892840162840002,483.5050930215064
06037910608,3.1063911940298508,4.939463873134328,19.97729686750001,1.892840162840002,491.0591437902691
06037910718,3.007003528138528,4.903655259740259,19.628010393056783,1.8928401628400022,481.5772699675415
06037911100,2.925016547504026,4.845285148953301,19.20857348047838,1.892840162840002,464.3523882891613
06037910405,3.132852023668639,5.0289131420118345,20.989876836315347,1.892840162840002,475.768492937334
06037910215,3.178741553398058,5.123898478964401,21.23923446279251,1.892840162840002,476.51549340997445
06037910212,3.269323494565217,5.28595162189441,22.60158797587247,1.892840162840002,489.06647168157485
06037901214,3.316815513888889,5.350643763888889,26.819167252543426,1.8928401628400022,485.89972771216816
06037901014,3.3963067925925925,5.372442400000001,32.23217206537971,1.8928401628400022,509.4282215899915
06037901216,3.3418682323943663,5.347150630281691,23.40913799856752,1.892840162840002,465.74665850915784
06037901012,3.3405936965811964,5.34523938034188,30.710677763841904,1.8928401628400022,494.23443333003695
06037900509,3.233230174496644,5.251398033557047,25.68198111297319,1.892840162840002,453.31943768768326
06037900611,3.215137925531915,5.230750324468086,25.63217611719998,1.8928401628400022,438.5247879341687
06037900510,3.229112524691358,5.252609604938272,25.707310877925988,1.892840162840002,450.8235420124757
06037920041,3.1435756363636362,5.2877042727272725,30.51402053010909,1.9836592168000013,337.5841724954016
06107003602,3.4186267341463417,5.5145191975609755,56.362303900495654,1.9991352696299889,225.34608053161844
06107003700,3.348529819004525,5.45291215837104,56.1519810327953,1.9991352696299867,210.6774512111377
06107003801,3.3521316284153007,5.455268540983606,56.00664371052635,1.9991352696300015,216.3380864628855
06037125102,2.879495,5.112711,24.144853520649992,1.9836592167999996,280.1587301587301
06037460002,2.967008,5.040085,34.461274042818765,1.983659216799996,226.1904761904762
06073008336,1.955962732142857,3.8862916339285714,29.489845758324975,1.9781059053200047,278.47332184979246
06037480012,2.86841,4.855095,32.80372395570842,1.9836592167999962,225.39682539682545
06037480002,2.8771154623655915,4.871682978494624,32.913067882078025,1.9836592167999962,227.6248246722093
06037431200,2.833913642105263,4.823803947368421,30.02172473331064,1.983659216799996,233.3222488559787
06081611500,1.7325235989492118,3.8653461190893172,18.075741453537894,1.9845928785000269,121.23735691168116
06081611600,1.2078224036697247,3.1599799174311927,21.657779196962412,1.984592878499997,84.17656925631441
06095251702,1.9253002692307692,3.901764282051282,25.42232950383847,1.9845928784999978,66.01676157158515
06095251803,1.773727,3.703588,25.80747205996456,1.9845928784999964,67.82949078607527
06095251804,1.7629326164383563,3.6603145753424657,27.077842229795944,1.9845928784999967,67.19395295723992
06037920109,3.283964,5.49694,28.91143627398596,1.983659216799997,324.6031746031746
06037125404,2.9834342,5.2213617,25.695347419713336,1.9836592167999998,269.8431240877482
06037137203,3.159614,5.487482,16.470632450449244,1.9836592167999978,333.3333333333333
06037125101,2.879495,5.112711,25.160387771900048,1.983659216800001,280.1587301587301
06037125403,2.8855733157894736,5.119064842105263,25.489628535689477,1.9836592168,278.928538341994
06037125321,2.994983,5.233434,26.476652236900005,1.9836592167999998,269.0476190476191
06037125322,2.9778736666666665,5.215549111111111,26.427901701159264,1.9836592167999998,273.29218230845225
06037310705,3.015655,5.115968,32.18407611513001,1.9836592167999998,228.7546174945184
06037139505,3.201486,5.466245,18.817920070900012,1.9836592167999998,313.49206349206355
06037133101,3.2594273414634145,5.571338463414635,17.33841978519998,1.9836592168000007,320.45785454409327
06037310704,3.015655,5.115968,33.003522657398285,1.983659216800003,227.77950808069303
06037133102,3.251904081081081,5.556911360360361,17.45083894560267,1.9836592167999987,323.4800115934065
06037131024,3.228441,5.511917,17.92722779952724,1.9836592167999987,334.9206349206349
06037135205,3.153118277777778,5.550786316666667,22.991478936811127,1.9836592167999962,273.1497705650583
06037134801,3.187151,5.476049,17.180311719905585,1.983659216799998,336.50793650793645
06037134802,3.187151,5.476049,16.965726010213107,1.983659216799998,336.4604605583867
06037131802,3.180034,5.428644,19.880294114603164,1.9836592167999998,324.6031746031746
06037300602,3.050636,5.208141,30.136942398738828,1.9836592167999965,208.7301587301587
06037131022,3.228441,5.511917,19.303625409613357,1.9836592168000016,334.9206349206349
06037113424,3.147890402439024,5.392252256097561,19.00893905587194,1.9836592167999967,301.82224958546936
06037119802,2.998994,5.216043,27.468771567663513,1.9836592168000005,304.76190476190465
06037293205,1.783912,3.327947,20.143640494105885,1.9836592168000022,210.3174603174603
06037650802,1.6264225,3.051219357142857,19.652604602571415,1.9836592168000013,157.6137797020753
06037571505,2.1039010555555553,3.954744266666667,24.975440044894494,1.9836592168,263.11074172551565
06037543804,1.914554,3.570215,24.571219439503984,1.9836592168000016,233.33333333333331
06037292001,1.7560874285714287,3.284024,22.085106862920636,1.9836592168000031,177.5295589485039
06037603705,1.528949,2.964315,15.8217649334,1.9836592167999998,150.79365079365078
06037603902,1.254388,2.53984,17.923483618500008,1.9836592168000011,99.2063492063492
06037541003,1.9547818433179722,3.548718188940092,23.655798031958092,1.9836592167999956,220.02439893381836
06037603008,1.788372,3.317627,19.14938676149998,1.9836592168000022,208.7301587301587
06037541402,2.2066283799999997,3.91293884,23.843638956300005,1.9836592168000022,249.25201699469255
06037503704,2.5253049270833334,4.497777447916667,26.21385462939998,1.9836592167999996,299.8849609461719
06037602602,1.589957746987952,3.036339204819277,15.5931731333,1.9836592168000007,159.4811260188995
06037551801,2.349765,4.216991,32.80207339543361,1.9836592167999991,269.8412698412699
06037602511,1.692295,3.157154,15.449224008799998,1.9836592168000005,172.22222222222217
06037536202,2.276744,4.094717,32.87301587208693,1.983659216799999,276.98411459952365
06037703200,2.0749804545454547,3.699204951048951,18.78923302729579,1.983659216799995,183.76240918640917
06037800325,3.31515801754386,5.564014789473685,21.381395128961415,1.9836592168000027,299.7468291044885
06103000500,3.652392282306163,5.8830306381709745,36.67723384213508,1.9925546533900107,105.97511029882357
06103000900,3.603280900695134,5.862425869910625,36.758677118412365,1.9925546533900134,79.2234441472416
06103001000,3.545738003087781,5.736279304367005,50.82891861186838,1.9925546533899725,91.67882086655568
06073008348,1.8551859948186527,3.774456243523316,32.753582019205254,1.9781059053199963,272.4410084821831
06073008349,2.0155394851485147,4.013635900990099,33.01943557541582,1.9781059053200045,294.34051733278244
06073008351,2.046459328244275,4.027366335877863,34.47311798856864,1.9781059053200047,306.89365629721897
06073008352,2.017341,4.016323,31.280225111616666,1.9781059053200043,294.4444444444444
06073008353,2.0192517830687833,4.0190193386243385,31.0798703522058,1.9781059053199967,294.161703178987
06083001001,0.85555,2.216808,34.74320759055218,1.9922713284900022,84.92063492063494
06083001403,0.5162893422053232,2.028287399239544,32.23037014176581,1.9468202715662783,69.48551491739119
06083002410,1.2682884857142855,2.7958373714285716,39.20576106881719,1.992271328490004,154.13277924216078
06083002937,0.18886921590909092,1.8073011136363635,40.29698983725004,1.9922713284900029,32.84682897685866
06083002935,0.13196022891566264,1.7623606385542168,42.200867416007284,1.9922713284900029,32.06083002451076
06083001910,3.4520080390625,5.49245304296875,38.11395832736127,1.9922713284900047,309.1228993647386
06083002406,0.8684521509433962,2.721480603773585,35.65260818179996,1.9922713284900015,152.37926872860268
06083002308,0.5875864571428572,2.9740722642857143,31.764831761119922,1.992271328490004,151.81720706568743
06083002503,0.6885812352941176,2.3514161078431375,35.6567943460961,1.9922713284900033,157.00274822612332
06083002934,0.1424531153846154,1.7706467692307692,42.65608273396702,1.9922713284900038,27.479070295537472
06083002407,0.8751408734177215,2.739673734177215,35.652608181800005,1.9922713284900027,152.7606648693247
06083002409,1.349639282868526,2.808101282868526,39.82782802327154,1.9922713284900047,156.20392738181778
06083002310,0.6364510602409639,2.896913578313253,31.989849699799976,1.9922713284900029,149.68048794495283
06083002309,0.6148591111111111,2.847354222222222,31.989849699799954,1.9922713284900033,142.96733018080886
06083002405,0.8698278289473684,2.7252224078947367,35.70281817120264,1.9922713284900027,152.42054202055095
06083002710,1.995004,3.250282,35.100170376600055,1.992271328490003,158.7301587301587
06083000805,0.7017508,2.1843264,31.603608498313342,1.9922713284900009,74.59931762612625
06083001307,0.7370641589958159,2.3835077447698745,37.23995671287233,1.9922713284900047,78.69154653563466
06083000806,0.663301,2.176206,30.932613800684138,1.9922713284900038,73.01587301587301
06083002933,0.259593,1.863151,39.81647756582463,1.9922713284900024,45.71602100151545
06083001308,0.45778608171206225,1.7887554280155642,37.46258323640622,1.9922713284900047,38.56798650272451
06083001002,0.85555,2.216808,34.71865469196963,1.9922713284900027,84.92063492063494
06083002936,0.259593,1.863151,38.63260009920001,1.9922713284900022,44.44444444444443
06083000201,0.9801615294117647,2.824697470588235,35.76298635112007,1.9922713284900035,108.08758900467808
06083980300,0.2922130333333333,1.8881079666666665,38.07913799200286,1.9812031544428377,47.09279879801129
06083001404,0.595399,2.17028,32.023850578264,1.9922713284900047,76.19047619047618
06083002307,0.5795471270718232,2.8018275248618782,32.68262736902316,1.9922713284900042,137.42440444466706
06073015801,2.438028,4.600826,30.460758648115707,1.9781059053200023,414.28571428571433
06073015901,2.4224836078431373,4.536167411764706,30.025929933699974,1.9781059053200023,394.65636718971047
06073015902,2.3839932980132454,4.488626529801325,32.499716411599984,1.9781059053200012,394.1433386083444
06037900607,3.2926440797546013,5.267658343558282,30.88802989899387,1.892840162840002,454.2836466129607
06037900703,3.3133387467532467,5.308946681818182,33.0638320557,1.892840162840002,497.3133054500016
06037900705,3.3065524943502824,5.3188255649717515,29.61134432085686,1.8928401628400022,495.5793384445622
06073016000,2.4001900198675497,4.4697108410596025,31.260314701737755,1.9781059053200012,378.48265433268693
06081612500,1.9488386282722512,4.102222958115183,15.214456009522552,1.9845928784999964,131.82846235458794
06095251901,1.9525544881516588,4.032747241706161,24.942164206301822,1.9845928784999964,72.88720100273027
06095251903,1.96239,4.050851,27.692311289819916,1.9845928784999962,72.92903597735929
06107003802,3.343952,5.458721,53.386922708582404,1.9991352696300015,208.7301587301587
06107004102,3.5021339030612246,5.592022729591837,54.024038046844055,1.9991352696300027,225.0302058868192
06025011803,2.4961870873786407,4.452546097087379,13.778785795809918,1.9996704373900147,511.9312092764294
06025010600,2.551398299287411,4.470429313539192,16.16804973958108,1.999670437390015,568.7077717975397
06025011201,2.5576011473029046,4.50843315560166,13.766441152782267,1.9996704373900158,545.4189765465674
06025012302,2.446984722222222,4.360596346450618,6.674976814937653,1.9996704373899727,121.85973033687368
06037920039,3.1402550847457626,5.2712594237288135,31.45451230107378,1.9836592167999982,339.2732568100972
06071001200,3.183982,5.313362,28.655205729366358,1.9814317678900009,350.7936507936508
06037920110,3.283964,5.49694,29.700881016599983,1.9836592167999998,324.6031746031746
06099003300,3.3687093516068054,5.2075215853812225,44.49385564616978,1.996690059419969,131.06288769710588
06099002801,3.5828004503582394,5.64802101432958,41.34180498154166,1.9966900594199737,133.34838279887862
06099003603,3.4778150216787105,5.314978616453585,46.33045557938213,1.9966900594199681,115.11252161412388
06099001604,3.291067,5.29018,39.03344388520006,1.9966900594199972,120.6349206349206
06097153301,2.585765097588978,3.9614967003444317,32.87068549153739,1.9279417468699755,93.97097690073068
06097151702,2.7759038333333335,4.608005916666667,24.666776227718337,1.927941746869993,82.18597981642257
06097152602,3.283747997894737,5.377348282105263,48.04383708241083,1.9281802779505564,103.43196984390386
06097151506,2.62340285046729,4.47953468224299,31.098802722448045,1.9279417468699929,97.33404782906342
06097152402,2.8308152106918243,4.52989301572327,22.978097718596274,1.9279417468699969,87.39827251906134
06097151404,2.622465,4.317512,31.15209800109011,1.9279417468700026,92.85714285714286
06097153711,3.2752890252631577,4.919020717894736,41.28453287426401,1.9279417468700089,97.13444470865542
06097154305,1.287854935763889,3.1680875208333337,35.91347319937565,1.9485895439175833,89.95866761185289
06097152803,2.752088119402985,4.379522582089552,24.295294468340348,1.9279417468700029,89.7727250458923
06097152204,2.7791708852459016,4.60662418852459,22.586791513638616,1.9279417468699909,81.46991806498752
06097152804,2.742368,4.365423,23.935271647799993,1.9279417468700017,91.08899574676124
06097150501,3.2272654009111617,5.4798495523918,35.348289447426104,1.9702042653411562,135.05627833551483
06097154306,2.8683875786350153,4.7376155652818985,44.949831295921875,1.927941746869992,106.9477487539289
06097152205,2.913087,4.699613,23.335054970090088,1.927941746870003,86.5079365079365
06097153905,3.4606146466165413,4.783312714285715,35.47526218935516,1.9279417468700113,89.55792869624719
06097151403,2.554643302721088,4.270416598639455,32.48535105079179,1.927941746869994,98.01446227674704
06097153712,3.4938771918238993,4.99811143081761,34.79927397029327,1.9279417468699962,97.02783416444784
06097153601,3.4119545584415585,4.864725574025973,35.46463248818997,1.9279417468700033,94.91251116631406
06097153810,3.245474859719439,4.580335460921844,33.31827569298599,1.92794174687001,87.59055242870822
06097153904,3.208988366946779,4.476738201680672,36.06755127111942,1.9279417468700009,91.42554130687276
06097153811,3.2281152083333335,4.588760049479167,31.832741248336472,1.927941746870003,80.98469474487511
06097151206,1.7028504689265536,3.427649645951036,32.84109336256772,1.9306089376247202,86.1443401057669
06099001100,3.269929827751196,5.342299076555024,28.948147728444166,1.9966900594200045,113.49206349206352
06099000907,3.28023670781893,5.353725238683128,34.30179723306647,1.9966900594200063,114.24969611816968
06099003400,3.52829117397882,5.212098807866869,47.157231372302945,1.9966900594199795,162.66919293314805
06099002302,3.2768357790697675,5.300466197674419,34.936698198717444,1.9966900594200014,111.47486461334672
06099000908,3.3201894890829693,5.390778799126637,35.81317786483873,1.9966900594200057,114.841918451671
06099000102,3.4477286457065586,5.546283550371873,43.05650184071124,1.9966900594199695,125.67391523719036
06099003908,3.422266,5.301716,46.31195988915066,1.9966900594199988,120.6349206349206
06099000302,3.364591,5.456909,41.31198446383204,1.996690059420001,130.15873015873015
06099000501,3.324210583499006,5.3619928071570575,36.77167459132582,1.9966900594199732,123.27994526751564
06099002603,3.313238,5.34128,40.29282701680011,1.9966900594199999,120.6349206349206
06099000101,3.4168043447996763,5.506354429785512,45.73548214735368,1.9966900594199664,129.2474845454237
06037900501,3.2585437245901643,5.255800124590164,29.873797216611518,1.892840162840002,485.0550708680043
06037900504,3.2325198487544484,5.228149270462633,26.213103504219564,1.892840162840002,474.44220500435426
06037800412,2.594166204411765,4.758719002941176,46.23257571498439,1.977824924985903,209.45736009807416
06037224702,2.4138032857142857,4.202051928571428,20.551177002600003,1.9836592167999998,244.38087207518757
06037403327,2.976708427860696,5.040535945273632,28.158319317689013,1.9836592167999958,283.6332758455143
06037270102,1.7695,3.233869,18.273435514900008,1.9836592167999998,126.984126984127
06037271703,1.632238,2.99633,18.63277035867621,1.9836592168000031,92.85714285714286
06037407802,2.8147256165413537,4.850320112781955,30.654732890571374,1.9836592167999976,284.73792850229427
06037269909,1.632238,2.99633,18.27343551490001,1.9836592167999998,92.85714285714286
06037271704,1.632238,2.99633,18.657132043000026,1.9836592168000018,95.3955392575371
06107001007,3.6369460581395345,5.668237726744186,56.365031488374825,1.9991352696299944,206.40492885597465
06107000204,3.8626554431818185,5.922863034090909,72.41501825446129,1.999135269630001,173.69554669291094
06107001012,3.647753423300971,5.691034829126214,59.18310780559438,1.999135269629983,196.07528037643647
06107003301,3.432908777777778,5.473478677902622,63.30668446361243,1.9991352696299747,203.11008336191983
06107004302,3.2941486791666668,5.368955547916666,39.796689018265276,1.9991352696299847,238.04811484293367
06107004402,3.3977791472392638,5.423353944785276,57.40835468628228,1.9991352696299998,211.4461443164491
06107004104,3.4716740176470586,5.563207670588235,54.19147698258232,1.9991352696300004,220.37918375740992
06073008355,2.07512308,4.09786028,31.865095130659967,1.9781059053200045,309.2298295644808
06073008356,2.017341,4.016323,32.20420046677239,1.978105905320004,294.4444444444444
06073008357,2.017341,4.016323,33.64444119437645,1.9781059053200045,294.515844594978
06073008358,2.032333862244898,4.027893270408163,33.96424278269998,1.978105905319996,298.80589117855084
06073008359,2.2106851,4.239339157142857,35.412504711987104,1.9781059053200034,337.06026715723374
06073016401,2.613214204301075,4.826389992831541,33.25135471864265,1.9781059053199948,400.7958560211989
06073016302,2.44013075,4.604969664473685,30.638959321136923,1.9781059053200012,415.11118898952094
06037910301,3.2660503373493976,5.330953951807229,26.227062031573617,1.8928401628400022,482.0539465699232
06037910302,3.2494432725450904,5.3109472945891785,24.603274255979937,1.8928401628400022,448.71339115686453
06071000804,3.234371329113924,5.371682879746836,26.804674707639983,1.981431767889975,251.2133684248193
06021010401,3.336123878205128,5.612987483974359,36.56682851623302,1.9925546533900074,92.9883009254236
06081602100,0.2575119047619048,2.276888380952381,27.74740211633968,1.9845928784999982,1.4169703308146793
06021010101,3.433648937321937,5.582768176638177,65.046149395275,1.9925546533900083,98.64248292628504
06021010402,3.3726971152263374,5.596795827160493,35.148322476246946,1.9925546533900105,95.83066668683804
06021010102,3.48526334,5.698048030909091,66.36942711604085,1.9925546533900111,100.54729360520032
06081602400,0.27734487786259543,2.390206900763359,25.80903876813345,1.9845928784999973,6.628212639364549
06081602500,0.125999,2.157369,26.30344495391859,1.9845928784999967,3.1746031746031917
06037910401,3.1053044575342468,5.0434134,22.31658025060791,1.8928401628400022,460.71637436157863
06095252000,1.839147172413793,3.7680442896551725,36.21751883934101,1.9845928785000027,39.58236644961752
06095252103,2.2913095604395606,4.414732835164835,28.69068988324441,1.9845928784999995,82.40185919443222
06095252105,2.410922400921659,4.5503061658986175,33.4583517862401,1.9845928784999964,74.43650111810959
06095252106,2.404576003558719,4.542512117437722,33.66034088194422,1.984592878500001,74.23830136334162
06071009714,2.966785163498099,4.8494582446134356,19.01725560488143,1.8928401628400022,528.5836418577633
06071010009,3.185659803240741,4.925035328703704,21.66854997854882,1.8928401628400022,533.5764661088674
06071010015,3.1900814736842102,4.94028705263158,25.3025185337297,1.8928401628400022,544.1199241559934
06071010021,3.1612460551378447,4.932535189223057,24.52396782500253,1.8928401628400022,540.4595922075802
06071010402,2.810716527777778,4.680504666666667,17.314376503499993,1.6967642111800014,356.54018538094374
06071011500,2.946045693693694,4.65267592972973,32.431397056617094,1.9789986451772685,184.93419551621548
06071011700,2.970016451499118,4.924980835978836,17.61965453063174,1.892840162840002,433.1851180940717
06115041102,3.374596765277778,5.519148875,55.8611449582544,1.9925546533900123,84.23486377400502
06115041101,3.540142181273408,5.736891142322097,52.499256383055155,1.992554653390014,96.16271813485277
06063000100,3.577003537326389,6.171548270833333,30.384578419445607,1.9925546533900136,122.8574621369246
06063000400,3.6074325746887967,6.057222264522822,26.632103454735386,1.9925546533900131,141.17457833065993
06063000300,3.6465223598705503,5.974467443365696,31.299355782548346,1.9925469383880983,208.27703029040708
06063000201,3.707930946236559,6.090551740957967,24.015093087468077,1.9925546533900134,126.09528877377156
06063000202,3.5974243462897526,6.015954408127208,33.03129471927923,1.9925546533900111,121.98027034224565
06115041002,3.4993276309639727,5.550364377799416,53.19985934574,1.9925546533900147,93.5566380976008
06115040702,3.242996724409449,5.270271233070866,29.42314779595945,1.9925546533900118,79.68510694924171
06115040701,3.2679075512367493,5.249315554770318,31.186505012503094,1.9925546533900111,92.47606812004122
06115041001,3.475714351368159,5.503474523009951,38.079902859379104,1.9925546533900143,94.4918653890128
06115040304,3.3933155210843373,5.381680777108434,30.257451767195473,1.9925546533900078,82.20829807357984
06115040202,3.423707195652174,5.5057637173913045,27.710215420939118,1.9925546533900012,82.85519145657378
06115040201,3.413880062200957,5.497233751196172,27.306633665357946,1.992554653390003,80.00781586983513
06115040305,3.3607677000000002,5.360393650000001,30.44359915031388,1.992554653389999,86.39818516573436
06037920111,3.283964,5.49694,29.65960650280934,1.9836592167999971,324.6031746031746
06037920112,3.202940113207547,5.394101962264151,31.062932081701266,1.9836592167999967,336.7115582196602
06037920200,3.2681828260869565,5.518341304347826,28.220158727176088,1.9836592168000018,298.4367546046394
06037920313,2.978323757475083,5.1944893289036544,28.486114907667464,1.9836592167999947,266.64871211175256
06037920322,3.058935,5.249908,28.762891541874495,1.9836592167999978,289.6825396825397
06027000300,3.9816300723514213,6.084135142118863,21.343674928790005,1.9547875284999938,318.7258691440635
06099000201,3.4013204436090225,5.500449533834587,48.04773457850523,1.9966900594199908,119.93392358200003
06099000301,3.4070103488372094,5.520567279069767,43.07303357464044,1.9966900594199959,136.9962080316311
06099000303,3.3736302671232874,5.468699113013699,42.246789087683055,1.9966900594200017,130.6816421406026
06099000304,3.4148256772908367,5.5296634501992035,43.43983426574702,1.9966900594200068,136.4111941539107
06099000202,3.406185148148148,5.503750111111111,45.76064390571435,1.9966900594199903,119.62295814097094
06099000403,3.344733244343891,5.427006547511312,38.199807376391966,1.9966900594200052,120.43655846472822
06099000404,3.320755,5.401211,36.841821324813196,1.9966900594200037,119.04761904761904
06099000503,3.2569772694610775,5.289773904191617,37.530540566169535,1.996690059420001,123.2660098749617
06099000505,3.2977406612903226,5.349602052419355,38.45216822409423,1.9966900594200065,126.1904761904762
06099000601,3.2810945592417062,5.310624973933649,39.39955626963457,1.9966900594199892,112.07123517726336
06107001305,3.612102549382716,5.631548351851852,58.343338874274174,1.9991352696299998,201.5139566341451
06107001706,3.5874383484042554,5.601442933510638,61.90028258544167,1.9991352696299916,219.54464257076015
06107001102,3.389558915492958,5.567286591549296,54.976982402865495,1.9991352696299973,190.538613761624
06107003504,3.390279817535545,5.4603395805687205,64.28629808879083,1.999135269629988,212.4270909298564
06107003503,3.3775857267080744,5.473961105590062,66.15931047117293,1.9991352696299967,218.3406594422244
06107004103,3.4622940251256282,5.556948829145728,55.1063054704478,1.9991352696300029,223.79455312925745
06107003903,3.3675344310344824,5.447364810344827,50.52852608962807,1.9991352696300009,209.106187320356
06107004401,3.4034226707317075,5.429683426829269,58.709319866515294,1.99913526963,200.6913206049788
06107001101,3.3834,5.567419,54.017214205100004,1.9991352696299989,188.88888888888889
06107001304,3.678723280665281,5.685480908523909,66.24409828077057,1.9991352696299847,177.73408665924933
06107004301,3.3495178210116734,5.436482147859922,49.51803430141214,1.999135269630006,233.4000279702521
06107003402,3.4541254767759564,5.554726622950819,50.75407539590924,1.9991352696299762,222.96264867610483
06073003209,1.350533375,3.2270145546875,33.11463190605776,1.978105905320005,330.9654734895738
06073003211,1.2992165083333334,3.1609930916666666,32.58046559700005,1.9781059053200047,322.1518812436304
06073003212,1.300094,3.162653,32.409645391403146,1.9781059053200003,322.22222222222223
06073003213,1.5496000896551723,3.492938006896552,34.529549568099945,1.9781059053200023,359.12412251980345
06037206301,2.634382,4.484777,22.740870098899997,1.9836592168,235.57301327743744
06037207901,2.577516,4.412401,22.757739726800008,1.9836592167999998,222.22222222222223
06037264306,1.9248292,3.3835886,22.723801922919982,1.9836592168000022,74.48356948908543
06037206202,2.634382,4.484777,23.349328766670595,1.9836592168,235.7142857142857
06037267202,1.9807717123287671,3.4897369589041096,19.388379661641093,1.9836592168000018,119.01810053398464
06037207712,2.577516,4.412401,23.12382305027369,1.9836592168,222.22222222222223
06037207308,2.585639714285714,4.422740428571428,22.740870098899997,1.9836592167999998,224.7083505960425
06037206052,2.634382,4.484777,23.676652252750003,1.9836592167999998,235.7142857142857
06037206302,2.634382,4.484777,22.7408700989,1.9836592167999998,235.7142857142857
06037206201,2.634382,4.484777,23.26762490464118,1.9836592168,235.7142857142857
06037402504,3.029422,5.129604,26.486133323379708,1.9814317678900006,294.67123608887385
06037271803,1.632238,2.99633,18.328327363493564,1.9836592167999998,92.85714285714286
06037216901,2.274564,3.900097,17.64794548359152,1.9836592167999998,167.46031746031747
06037207305,2.610010857142857,4.453758714285715,23.86022406109999,1.9836592167999998,230.4941328954561
06037265524,1.939321,3.38441,19.806635779900006,1.983659216800001,87.30158730158729
06037203601,2.664827,4.563957,24.54382387119998,1.9836592168000002,246.8253968253969
06037207306,2.634382,4.484777,23.790264438462494,1.9836592167999998,235.7142857142857
06037264304,1.939321,3.38441,21.086281972700007,1.9836592167999998,87.30158730158729
06037530603,2.625091,4.571329,27.369904119511517,1.9836592167999985,239.68253968253964
06037206054,2.634382,4.484777,24.406515337600002,1.9836592167999998,235.7142857142857
06037267101,1.985168,3.500908,19.320617010223895,1.9836592168000027,122.2222222222222
06037203602,2.664827,4.563957,24.543823871199983,1.9836592167999998,246.8253968253969
06037270101,1.7695,3.233869,18.100201445751622,1.9836592167999998,126.984126984127
06037407202,2.802233912621359,4.817974174757281,32.88204071423588,1.9836592167999991,266.58552101462226
06037226701,2.453754,4.258903,21.008472895675016,1.983659216800002,253.1746031746031
06037224701,2.3774844545454545,4.150369136363636,20.55117700260001,1.9836592167999998,237.6794305384242
06037800411,2.486252303370786,4.578416565008026,45.36488843939177,1.9836592168000131,205.21181299309129
06037482404,2.707367,4.627683,33.28052570761888,1.9836592167999991,253.1746031746031
06037482801,2.660052120418848,4.587643136125655,31.987546869200045,1.983659216799996,248.27625621988483
06037267201,1.9488364150943396,3.408588830188679,19.139548010952847,1.9836592168000025,92.25382857620863
06037267405,1.9323088387096774,3.384012548387097,22.64321688198709,1.9836592167999998,83.08745481924757
06037407901,2.834058,4.859775,31.303544508097808,1.9836592167999973,268.25396825396825
06037207303,2.577516,4.412401,22.740870098900004,1.9836592168,222.22222222222223
06037207902,2.577516,4.412401,22.755682455104875,1.9836592168000011,222.22222222222223
06037267504,1.939321,3.38441,20.980844531999995,1.9836592167999998,87.30158730158729
06037433803,2.725074,4.688152,34.60714102841295,1.9836592167999998,261.1111111111111
06037407201,2.81284408045977,4.813220183908046,33.736373232042546,1.9836592168000002,258.771954431999
06037407502,2.8264368874172185,4.838968178807947,31.254406170326522,1.983659216799997,263.0716369878052
06037264305,1.915803605263158,3.3830770263157897,23.64017762557195,1.9836592167999985,64.99235335148556
06037403409,2.9280047666666666,5.004622333333333,25.73351536615808,1.983659216799995,282.4499315967895
06073008360,2.1169666524822692,4.086540404255319,36.92185611042556,1.978105905320003,338.68306133306385
06073008502,1.7829353114754098,3.4641036,35.22146410385959,1.9781059053199983,283.0950722546854
06073008504,1.8085955907692308,3.5025446030769234,35.155096692720186,1.9781059053200005,289.4080031490356
06073008505,1.9490473787878788,3.706509075757576,35.967307745831064,1.9781059053199925,309.553000165887
06073016502,2.5366268509090912,4.71596828,29.21419197841346,1.9781059053199943,412.6111142071421
06073017104,1.484096,2.907316,34.88694652368279,1.9781059053199963,179.36507936507934
06073017107,1.3817019042553191,2.750068085106383,35.045886553834066,1.9781059053199967,164.54114817263115
06081603700,0.12952242063492064,2.163012246031746,25.667147034378846,1.9845928784999962,3.422424450760774
06081612600,1.9226794383561643,4.050176712328767,13.967447819961635,1.9845928784999967,130.84576163150336
06081612700,2.0489456610169494,4.301395610169492,13.067416444893212,1.9845928784999964,140.4753918933808
06081612800,2.352955493670886,4.60876852742616,12.949366990389032,1.9845928784999962,158.89964465791311
06095252107,2.2298382133891215,4.2941667071129705,32.864053891403756,1.9845928784999962,54.684375017664024
06095252108,1.9195442972972974,3.8784617999999997,34.665451175469805,1.9845928784999964,40.3181760964816
06095252306,2.9260242885572136,5.299858751243781,22.140193986401414,1.9845928784999964,106.72661692540224
06095252401,2.9041434065934064,5.262626807692308,23.97060900082193,1.9845928784999964,106.12305948218876
06037461200,3.0133595065359478,5.095600630718954,33.758766207485,1.9836592167999947,222.79606078920307
06037503501,2.5352481794871795,4.513158651282051,28.919576692201158,1.983659216799996,295.241450560527
06037503104,2.516399,4.498079,30.978612693597398,1.9836592168000013,311.9047619047619
06037482403,2.707367,4.627683,32.943256088999995,1.9836592167999993,252.83245902435695
06107002011,3.565216599173554,5.6194116694214875,64.9942749688295,1.9991352696300053,218.17943514385885
06107001303,3.6750184940711463,5.692583604743083,60.23046688402311,1.9991352696300058,190.351145043986
06073016100,2.400275349570201,4.462550816618911,30.22342254410556,1.978105905320003,377.4482575026099
06073016202,2.4369716761904763,4.5527144095238095,28.485505056131423,1.9781059053200045,398.3934541567923
06073016301,2.438028,4.600826,28.7778784464805,1.978105905320005,414.28571428571433
06037601501,1.62074,3.09585,17.259170004638886,1.9836592168000025,130.9523809523809
06037500204,2.666412336483932,4.660571650283553,28.816983004910213,1.9836592167999965,273.6317183965106
06037405702,2.8690391126760564,4.876144591549296,25.29110526557756,1.9836592167999973,237.7354753453233
06037431400,2.819908,4.814611,31.53672811368311,1.9836592167999962,251.58730158730157
06037404503,2.875095,4.879602,22.925883193642203,1.9836592168000007,219.0476190476191
06095252402,2.712189375,4.984837465517241,25.978098546723224,1.9845928784999962,112.46690673810944
06095252501,2.908945,5.267185,24.697500393124976,1.984592878499997,104.93969151918245
06021010200,3.466704883031302,5.665980548050522,58.2701219486039,1.9925546533900145,96.35754633638628
06021010501,3.4368683996789726,5.6783319261637235,40.471206409346486,1.9925546533900116,95.70157606071876
06021010502,3.4390201,5.622939494827587,23.143707459457936,1.9925546533900114,108.39834807349196
06021010300,3.332003171084337,5.638816595180723,36.019986706945986,1.9925546533900127,118.69233557129024
06037920328,3.257894,5.459203,29.498405727800055,1.9836592167999998,342.0927651339463
06037920329,3.1449518928571427,5.329458,30.748702535645588,1.9836592167999985,333.2888129158472
06037920330,3.102343130434783,5.30084115942029,29.019991594081866,1.9836592167999973,308.83643353765484
06037920334,3.068745232209738,5.2659068689138575,28.371420481311606,1.9836592167999951,295.53590979970903
06037141500,3.0673,5.310344,23.942167652914176,1.9836592167999942,255.3838041011012
06037209201,2.577516,4.412401,23.276990665299994,1.9836592168,222.22222222222223
06037264303,1.9369057,3.3842731,22.237407291633335,1.9836592167999998,86.15200262924765
06037217102,2.274564,3.900097,17.667919935300002,1.9836592168000022,167.46031746031747
06037265523,1.9522777608695652,3.4173333478260868,19.80663577990001,1.9836592168000018,97.29217142798096
06037433903,2.7354753223140498,4.711271371900827,33.957125526465376,1.983659216799998,260.473401861902
06037216902,2.274564,3.900097,17.918480548907162,1.9836592168000027,167.46031746031747
06037216202,2.277888328767123,3.905531410958904,17.76717431084795,1.9836592168000018,168.32965036686227
06037265522,1.939321,3.38441,19.806635779899995,1.9836592167999998,87.30158730158729
06037216302,2.274564,3.900097,17.885032937671436,1.9836592168,167.20992465323567
06037406801,2.832296079207921,4.82633093069307,32.0725880089658,1.9836592167999958,236.6317363248152
06037209105,2.577516,4.412401,23.276990665299998,1.9836592168,222.22222222222223
06037406903,2.8124536040816324,4.806937820408163,33.590638519992524,1.9836592167999954,252.4901107551689
06037208001,2.5861728333333334,4.425316916666667,23.551291925580546,1.9836592168000005,217.08469579433543
06037406413,2.8874366578947366,4.915860442105264,26.002437580355377,1.9836592167999942,257.2186295558673
06037433505,2.725074,4.688152,33.84673924855263,1.9836592167999996,260.34569813861896
06037216201,2.288046,3.9221365555555554,18.032406402847617,1.9836592168000031,169.5584251830941
06037402601,3.072000319327731,5.180798798319327,27.14756026912851,1.9814317678900009,319.9515646245956
06037265307,2.2665465,4.011603,22.070500310975,1.9836592167999998,107.7220717022405
06037214505,2.458746,4.192447,19.845259621399997,1.9836592168,148.41269841269843
06037199801,2.758276,4.702934,25.4510527135,1.983659216800002,240.4761904761904
06037265702,2.2679090196078433,3.9737587647058823,20.77994496656864,1.9836592168000022,145.72476957721892
06037265306,2.313293,4.101202,21.861591931608334,1.9836592167999998,145.23809523809524
06037404806,2.8194100555555557,4.8007028518518515,32.59556674669807,1.9836592167999967,224.4560278130089
06037214504,2.458746,4.192447,19.845259621399997,1.9836592167999998,148.41269841269843
06037433103,2.782935,4.745126916666667,32.45149692604366,1.9836592167999971,239.73903599333036
06037402602,3.0720390058479534,5.182954953216374,27.191854720835018,1.9814317678900009,322.54449517617695
06037199802,2.758276,4.702934,25.45105271349999,1.9836592168000013,240.4761904761904
06037208002,2.6774779245283016,4.561543283018867,23.63591745973961,1.9836592168000025,190.66132816648312
06037211124,2.597877,4.44247,22.54345111789999,1.9836592168000005,184.92063492063488
06037199002,2.7489185846153847,4.688355292307692,25.44516149906925,1.983659216800003,220.3078627153583
06037214903,2.407743,4.131015,20.4530384413619,1.9836592168,151.58730158730157
06037214904,2.407743,4.131015,20.469572047919996,1.9836592168,151.58730158730157
06037406201,2.879895913043478,4.897302434782609,24.9718373530098,1.9836592167999998,243.5697021076996
06037403601,2.9081120559440556,4.940676725524476,23.158550440246547,1.9836592168000047,268.5149653717496
06037800104,2.8006045560165975,5.092720225449516,36.955888342834875,1.983659216800026,234.5564466834197
06037217101,2.274564,3.900097,17.1142453532491,1.9836592168000025,167.46031746031747
06037207304,2.577516,4.412401,23.1139880863,1.9836592167999998,222.55193759371284
06037192420,2.5843739318181815,4.4177152954545456,21.240069881200014,1.9836592168000016,179.00662146936023
06037221302,2.4433377924528306,4.195274150943397,18.91870058606415,1.9836592168000025,194.0541795692514
06037231500,2.293008695652174,4.017925260869565,19.47035708085218,1.9836592167999973,209.284837622844
06037430723,2.904862,4.920942417910448,32.07863503753883,1.9836592168000027,235.93573814961496
06037432901,2.803102,4.748678,32.542371021231155,1.9836592167999978,229.36507936507937
06037700400,2.4150291428571427,4.139791,22.22196032552862,1.9836592167999971,151.26049554480971
06099000602,3.28341016875,5.30075373125,38.638234228510115,1.99669005942,111.97417529309617
06099000805,3.2848243795620435,5.349171861313868,36.38910046929978,1.996690059420004,125.32898213478192
06099000806,3.2878364680851067,5.349752632978723,38.18121109112483,1.996690059420003,125.46545170420076
06099000807,3.2689718873239433,5.310598295774648,38.21826486802459,1.9966900594199979,113.51475014570757
06099000801,3.2834665305039787,5.3499114933687,35.29799054029614,1.9966900594199926,121.8067411480922
06099000803,3.275964,5.320049,38.17407012249176,1.996690059420002,108.75676111914792
06099000905,3.3333847603833866,5.401116996805112,29.858992815488907,1.9966900594199988,114.95566396949042
06099000906,3.358553592476489,5.421629470219436,35.347748467991536,1.996690059419998,123.6659814478496
06099000909,3.272726,5.344923,31.794627547399866,1.996690059420005,113.4920634920635
06079012708,3.676913887724551,5.679631398203592,26.216220550381976,1.992271328490005,252.14651098277787
06079012705,4.125704296276875,6.740602841636077,34.81443714368976,1.9922713284900053,267.15910154671985
06079012601,4.146457381725888,6.965651725888325,35.68951735089673,1.9922713284900053,315.5519057979422
06079012706,3.991216088996764,6.756992634843582,40.28613110189482,1.9922713284900053,261.65322493186875
06079013100,4.001241064720195,6.638696703163016,45.65016164171229,1.9922713284900053,295.7998950077888
06079010506,0.07713606040268457,1.0242299530201342,43.460218198503426,1.992271328490004,46.556525400426366
06079010301,3.7068564853479855,6.088114601343101,38.27355561414625,1.9924389461002636,254.26262600433077
06079011505,2.0959954847001225,3.858715752753978,42.363926444300795,1.9922713284900053,188.0754417812652
06073003214,1.6615879664429531,3.6578448322147654,35.760850179194684,1.9781059053200016,386.7379621197633
06073003301,1.470169,3.111501,29.98045761142734,1.9781059053200045,325.3968253968254
06073003303,1.470169,3.111501,30.679509190065005,1.978105905320003,325.3968253968254
06073003403,1.470169,3.111501,28.737231573017,1.9781059053200047,325.44930066322655
06073008506,1.9414637701863353,3.695722956521739,35.36585815870252,1.9781059053199999,311.45170152502345
06073008507,2.069643,3.882084,35.5156526138268,1.9781059053199932,330.9523809523809
06073008509,1.9926956315789475,3.830830192982456,34.65667415217447,1.9781059053199934,336.2151030774856
06029001105,3.1679106796875,5.237328765625,28.151874958421804,1.999135269629995,300.4815416572432
06019002501,3.655756,5.736042,41.200964170900065,1.9991352696300009,190.47619047619048
06019004703,3.5929032098765434,5.691856592592592,48.27743440920017,1.9991352696299998,192.8571428571428
06019006900,3.8955940979498864,5.897072448747153,65.67385897925554,1.9991352696299869,192.09848781262303
06019007700,3.5579438942857142,5.602685702857143,61.7066760807566,1.999135269629977,209.7378258356983
06029002501,3.1684236751824817,5.25004598540146,35.01567113474962,1.999135269630003,290.61334029648
06029002304,3.160818,5.230093,32.538495491200045,1.9991352696299955,301.5873015873015
06029003002,3.130144,5.154096,36.92160862229994,1.9991352696299964,284.9206349206349
06029003125,3.130144,5.154096,38.82862584570009,1.9991352696299958,284.9206349206349
06029003127,3.083997,5.206394,39.99769658835234,1.9991352696299953,270.63492063492066
06029003219,3.065176238938053,5.1690474247787614,43.66578129590012,1.9991352696300044,284.89811515341717
06029004606,3.2730892670454548,5.328788056818182,48.86525583340486,1.9991352696299935,215.0899964538742
06029001104,3.1438096693548387,5.244212080645162,29.65764354329668,1.9991352696299953,277.61375958583966
06019001700,3.7384162350557246,5.754527060790274,69.5521054931374,1.999135269629972,215.11326928034015
06019007004,3.760058230952381,5.774984,62.819847310978716,1.9991352696299882,203.25517188962368
06019005904,3.877015203448276,5.909755200862069,62.428473036272756,1.9991352696299969,184.6153138347427
06073008510,1.8753578708133973,3.7545283444976074,33.80694557837834,1.978105905319995,349.59457167400694
06073008512,1.7689454085106384,3.568905604255319,35.106091966417914,1.978105905319993,288.44518127212876
06073017108,1.285135325,2.58424125,35.090658374754575,1.9781059053199928,135.9843212303422
06073017303,0.9365636830357144,1.980943125,32.855471238777305,1.9781059053199939,39.91109977378565
06099003201,3.32685546884273,5.168042836795252,52.62163946679861,1.996690059419996,98.42992644291208
06081604000,0.779893655737705,3.214114073770492,26.10192785578195,1.9845928784999969,37.35906641433759
06081604102,0.30830989655172414,2.437845,25.590120884929288,1.9845928784999984,8.64620998581348
06037900804,3.311857,5.260952,31.97191780469993,1.892840162840002,466.66666666666663
06037900805,3.3724905197368424,5.31192180263158,33.98480211139998,1.892840162840002,476.91837333690216
06037900806,3.311857,5.260952,33.348447983100094,1.8928401628400022,466.66666666666663
06037301100,3.007678131147541,5.127217595628415,30.333103071066525,1.9836592167999962,226.1154247078001
06037301204,3.00023,5.110048,31.232948215836185,1.9836592168000018,219.84126984126988
06095252605,2.908945,5.267185,21.00562243736315,1.9845928784999964,104.7619047619048
06037301300,3.00023,5.110048,31.696365077469395,1.9836592167999971,219.84126984126988
06037302104,2.928457,4.978676,30.01557660607004,1.983659216800003,223.015873015873
06037302201,2.916598589285714,4.962820160714285,29.24333481529999,1.9836592168000027,216.637257980313
06037302301,2.889394,4.926445,29.44247880055001,1.9836592168000027,206.34920634920627
06019004301,3.664603831739962,5.8180591453154875,33.14425388160725,1.998087990304859,184.36899097652255
06019007300,3.685752105014191,5.69494997256386,63.34552590145878,1.9991352696299782,221.3730933457736
06019001600,3.7659376360544217,5.776438738095238,62.26151528650297,1.9991352696299802,199.11197146069935
06019000400,3.6752954516129033,5.755974732718895,46.0130085298571,1.999135269630004,207.28434336279017
06019005403,3.6788293058823527,5.7748577999999995,37.74069480110006,1.9991352696300004,199.1794287336997
06095252606,2.950773875,5.2467078125,20.964995873699994,1.9845928784999967,106.92806334281376
06095252607,2.9481007425742574,5.248016435643564,25.493614084057416,1.9845928784999973,107.25394772527268
06095252608,2.969787,5.2374,22.837829122000002,1.9845928784999969,107.93650793650797
06095252703,2.914728503703704,5.209494237037037,26.21388324803698,1.9845928784999969,111.05201131835884
06095252704,2.925363089385475,5.217211173184357,27.3681834684519,1.9845928784999964,110.7449057134912
06095252705,2.9581263255813957,5.194329697674418,28.15705271878968,1.9845928784999964,116.45565460975052
06095252706,3.0047352864583337,5.175202140625,26.544045864111443,1.9845928784999964,113.88301388684982
06095252707,2.994308890909091,5.1991128,25.753747971295844,1.9845928785000149,109.18905566322069
06037700600,2.448146749029754,4.2522785161707635,23.14231765411317,1.983659216800031,163.92880476258907
06037910502,3.144392,5.011913,19.757925150499915,1.8928401628400022,482.5396825396826
06037302302,2.889394,4.926445,29.442078108426774,1.983659216800002,206.34920634920627
06019004100,3.8393089132075473,5.912796673584905,54.59092803340432,1.9989553390673598,194.09829138162397
06019008301,3.5100958055555553,5.428637894444444,35.17281807575218,1.998999424618335,171.86555891573423
06019005503,3.908451958781362,6.052181727598566,36.618828088893025,1.9966900594199826,185.4409488621888
06037920042,3.015025868852459,5.114548774590164,30.76660636344881,1.9836592167999954,318.1553813513945
06083002014,1.428428599264706,3.0631738125,40.24591509179048,1.9922713284900047,172.68560325032115
06037700700,2.3212738427947595,4.062336100436681,22.27804634045067,1.983659216799994,150.5970123912562
06019001500,3.7634778416422288,5.795650002932551,62.73094037411104,1.9991352696299947,195.24499707301732
06019007600,3.706165079439252,5.776909609813084,63.85376704723094,1.9991352696299738,196.1148244311372
06019008402,3.442793022026432,5.413379660792952,37.03951068465685,1.9966900594200054,142.381124015933
06029001106,3.160818,5.230093,27.80862193360388,1.9991352696299993,301.5873015873015
06019005505,3.823415510447761,5.9585102656716415,44.15837776489975,1.9988725007716075,186.1603076118008
06019003900,3.7650872562770563,5.810373272727272,58.3680156687392,1.9987859538857056,177.1463079254815
06019008100,3.170227892215569,5.12546302994012,12.398270872574301,1.9991352696299953,278.90102205016905
06019007400,3.5982549819168175,5.626773139240506,58.560204957506826,1.9991352696299813,213.83922797085293
06029001002,3.1380419929078016,5.259085659574468,33.301010326661,1.999135269629997,263.6524021879411
06029002702,3.125509103896104,5.109896571428572,34.07354284034472,1.9991352696299989,282.79913603242505
06029002901,3.099617852173913,5.106853773913044,35.69149148650004,1.9991352696299958,287.1053298133716
06029002902,3.085452230769231,5.084931076923077,35.69231844242137,1.9991352696300004,287.0166199360709
06029003133,3.056659,5.125044,38.474519935400004,1.9991352696300029,281.71147758439116
06029003131,3.06546077027027,5.136129310810811,41.31255617871136,1.999135269629998,290.1664583058821
06029003130,3.066129,5.138593,41.34460772439985,1.9991352696300018,285.7142857142857
06029003128,3.083997,5.206394,40.04765687649985,1.9991352696300013,270.63492063492066
06019006802,3.8667947083333334,5.887994677083333,58.03240424298875,1.9991352696299804,194.2913510421267
06079010904,2.929412777777778,5.0286835,38.01747990532225,1.9922713284899995,193.8705074634776
06079011201,2.047258437007874,3.8997123228346458,36.071163096436095,1.9922713284900047,162.20955435512144
06079011202,2.134337381443299,4.030328556701031,36.217172450410715,1.9922713284900044,168.72851073135104
06079011105,2.2316785384615385,3.8703763076923074,38.659244984457004,1.992271328490004,169.26625383795354
06079010017,3.8054965496049165,6.2041608165057065,34.95499042169422,1.992271328490005,237.02443619602593
06079012305,0.47894710035629456,1.913724028503563,38.29024448700661,1.9922713284900053,65.62055238057856
06079012406,0.6671956872427984,3.169383777777778,44.78312557283332,1.9922713284900047,136.7945531966186
06079012403,0.4610093421875,2.4829629421875,34.425789101893834,1.992271328490005,110.54034737435131
06079011706,0.44853141337386015,1.5824177234042551,47.09914475579725,1.9922713284900049,90.57996333810851
06099003700,3.5435410824931255,5.36419422456462,44.60096471584494,1.9966900594199724,103.85527979041666
06099003802,3.534622,5.396631,45.77548622920023,1.9966900594200065,103.968253968254
06079012002,0.27269734736842105,1.5062268210526315,39.40081498749676,1.9922713284900044,51.95075251201257
06079011705,0.40051127102803735,1.6036685046728973,42.8357014797729,1.9922713284900033,78.77425025337814
06079012001,0.175649,1.421911,36.18140236968463,1.9922713284900035,24.603174603174608
06079012201,0.14812396478873238,1.3786795915492958,34.34211867637322,1.992271328490004,9.690869406342673
06079012202,0.185501345,1.42998103,34.65690804152994,1.9922713284900044,29.50984859005414
06079011104,2.2439031290322577,3.87868864516129,39.38206176860321,1.9922713284900022,170.71550560858017
06079012306,0.45076508878504673,2.021316719626168,33.87857844346133,1.992271328490005,48.064322291222176
06079012405,0.511892,2.805309,37.12619098441967,1.9922713284900049,137.0223321599312
06079012404,0.5991991078431372,2.70763681092437,39.41229277386898,1.9922713284900053,115.5699989687173
06079010206,3.7849059368421054,6.342403610526316,48.79885636527317,1.992271328490005,307.2884696024501
06079011904,0.1920111387900356,1.4353131850533807,36.52439173116287,1.9922713284900047,30.715650652061576
06079010302,3.823657608803472,6.440845769993801,51.69407293802981,1.9922713284900053,312.1268387312039
06079010207,3.793154821321321,6.324507289789789,48.36603248707563,1.992271328490005,315.07008093410883
06079010505,0.08052691133004926,1.0336519655172414,42.76444295872864,1.9922713284900044,35.408715527596826
06073003404,1.5133467272727272,3.236006,28.623126784408306,1.978105905320005,330.9794109648785
06073003501,1.470169,3.111501,29.835345188220003,1.978105905320004,325.3968253968254
06073003502,1.470169,3.111501,31.222730121038442,1.9781059053200045,325.3968253968254
06073003602,1.470169,3.111501,30.86583639729998,1.9781059053200034,325.3968253968254
06073003603,1.220280142857143,2.8857275934065933,31.88878509098905,1.9781059053200043,280.05542087020564
06097150205,3.2799329794344474,5.417872316195372,44.37315258287537,1.9845928785000153,95.22171489623238
06097150206,3.1381058440860214,5.252123287634409,48.025714177475855,1.9845928785000135,85.3401071078839
06097150502,3.596008220454545,5.775673659090909,37.60399794819907,1.9845928785000195,120.97003771149872
06097151505,2.3679646631944444,4.400360135416667,38.10025256649067,1.9279417468700042,114.17497274893044
06097154307,2.1107453025210083,3.5954027436974787,23.502708267813958,1.9279417468700089,76.03255851052779
06077003119,3.195289,4.981245,28.03633397807898,1.9966900594200039,96.03174603174602
06077003116,3.247907603448276,5.168942241379311,30.35058305986378,1.9966900594200012,109.71938653968472
06077003118,3.195289,4.981245,28.192921292061264,1.9966900594199959,96.06636290042871
06077003117,3.198733385093168,4.991336263975156,28.056869952652367,1.9966900594199979,96.4677331318594
06077003115,3.247949,5.169384,29.60795830275559,1.996690059419996,109.52380952380956
06077004310,3.029566679775281,4.904771415730337,39.94432178885326,1.996690059420002,108.40934025639284
06077004309,3.025812218045113,4.900664533834587,38.33096873086389,1.9966900594199966,108.41470953443842
06077004205,3.127964,5.012405,36.677097295099905,1.9966900594200019,104.7619047619048
06077005223,3.278215034912718,5.2205111446384045,29.742964554493028,1.9966900594199908,125.9304988859587
06077005222,3.253059,5.208696,28.938426649663697,1.9966900594199999,130.37786920568124
06077005312,3.2654472727272728,5.196958668831169,29.943386161199992,1.9966900594199994,98.14754027517418
06077003805,3.3157866587301585,5.219885801587301,33.121418899042915,1.9966900594199957,104.50168182722255
06077003804,3.3398173973214287,5.268430138392858,32.93767449329733,1.9966900594200054,103.06364914282656
06077003808,3.3590421275167786,5.308255959731543,35.53954988590003,1.9966900594199988,108.3305663446729
06077005139,3.37382909561753,5.422813717131474,54.168937494397774,1.9966900594200068,130.01360385039916
06077005136,3.3624046029411763,5.406581794117647,38.85771021249997,1.996690059419997,125.2977439675998
06077003503,3.18042488,5.01958044,46.81066756056297,1.9966900594200006,111.18666914620674
06077004107,3.092631226076555,4.853518282296651,50.215835124502775,1.9966900594199757,122.21349189173358
06077005137,3.3257887627627625,5.340747348348349,46.46038016854215,1.9966900594199966,136.1463931940287
06077005311,3.223585,5.1266,28.952086733000044,1.9966900594199977,117.46031746031744
06077000102,3.285013646153846,5.229529153846154,32.39854314585536,1.9966900594200012,105.7732682388056
06077004206,3.127964,5.012405,38.94361516949996,1.9966900594199979,104.7619047619048
06077003219,3.14677623326572,4.848305430020284,38.09412036483596,1.9966900594199852,96.06442198206706
06077000802,3.275576147058824,5.170144147058823,31.130298154760805,1.9966900594199972,94.14542495582616
06077004004,3.055847453125,4.815396234375,33.17997718902459,1.996690059420007,101.73293237450176
06073008513,1.8185343006993007,3.70782872027972,34.228815874801434,1.9781059053200025,341.7256017491447
06073008600,1.811643,3.710233,33.666122731311674,1.9781059053199956,349.00032082591156
06073008701,1.835725370967742,3.7317471612903224,31.843911745054864,1.978105905320003,352.5488475673223
06073008702,1.9126328757763975,3.757770285714286,30.620965211506135,1.9781059053199999,356.5606630519915
06073017305,1.2415585537459284,2.460223892508143,29.56161804367982,1.9781059053199985,114.49505606201674
06081604400,1.160701224770642,3.752053922018349,26.06934147778164,1.9845928784999964,48.35808925660356
06081604800,1.1601302785714285,3.751342964285714,25.61652136160151,1.9845928784999967,48.4120713570336
06081605100,1.7446946597938144,4.476584020618557,27.37544736312575,1.9845928784999973,62.14492629742851
06077004904,3.3497266582914573,5.434009487437186,57.54527308843369,1.996690059419991,151.24586778047947
06077004903,3.3415271878172588,5.39102585786802,56.28538423267799,1.9966900594200037,149.49067817646687
06077005140,3.364839,5.42062,50.13465532563175,1.996690059420003,139.27972931392992
06077005138,3.363956657534247,5.3967683904109585,54.15506193392534,1.9966900594199986,147.40401276542315
06077004906,3.3410875243531204,5.362754671232876,55.185537847223856,1.9966900594199706,134.30782839768054
06077004905,3.358739740425532,5.420433348936171,54.13892718097546,1.99669005941997,137.522180291901
06077001501,3.236479658291457,5.161038281407035,34.0030956456964,1.9966900594200037,111.11111111111111
06077001502,3.232658,5.168319,35.10264521669198,1.996690059420003,111.11111111111111
06037267102,1.985168,3.500908,19.32017175000003,1.9836592168000005,122.2222222222222
06037209106,2.577516,4.412401,23.276990665299994,1.9836592168,222.22222222222223
06037207307,2.6249043333333333,4.472714333333333,22.927429092600004,1.9836592167999998,233.4067777288235
06037481403,2.807396888888889,4.756621222222222,32.21918598835553,1.9836592167999993,229.42283912878628
06037404804,2.805021,4.779772,32.331198676294726,1.9836592167999985,226.1904761904762
06037481404,2.8326424552845526,4.8033118699187,32.174378270799956,1.983659216799998,229.9269537522243
06037432502,2.8046705177304965,4.784942056737589,32.12280576529361,1.9836592167999973,245.41928848161857
06037401706,3.0397651504424776,5.102749575221239,27.260563733415974,1.9836592167999985,299.51504476116355
06037432001,2.838974,4.834516,32.32868277570204,1.9836592167999996,249.2063492063492
06037432002,2.849074588235294,4.841577421568627,32.378170447933236,1.9836592167999958,241.25397856982812
06037190702,2.677824,4.600372,24.117279745199998,1.9836592167999998,157.93650793650795
06037401707,3.095449,5.200409,27.086118626848315,1.981679262213334,311.9047619047619
06037189801,2.651323,4.545927,23.9940558217415,1.9836592168000025,164.28571428571428
06037190701,2.677824,4.600372,24.117279745199998,1.9836592167999998,157.93650793650795
06037190101,2.6666120384615386,4.577337576923077,24.061907550992302,1.9836592167999998,159.65320118544074
06037189802,2.651323,4.545927,23.877333570300014,1.9836592168000013,164.28571428571428
06037800103,3.1009204084249085,5.388207542124542,32.52271432797007,1.9836592168,266.41599278939407
06037481203,2.8594134897959185,4.8404355153061225,32.41769735355566,1.983659216799996,225.809492351798
06037189906,2.651323,4.545927,23.8773335703,1.9836592167999998,164.28571428571428
06037189907,2.651323,4.545927,23.877333570299996,1.9836592167999998,164.28571428571428
06037185101,2.849706,4.812399,25.916933014284208,1.9836592167999996,234.92063492063488
06073018621,1.382801,2.730707,28.78256912509998,1.978105905320003,213.4920634920635
06073009108,1.412567,2.877006,34.5488418709063,1.9781059053200043,195.2380952380952
06073017069,2.213553261682243,4.285354878504673,36.38388106039344,1.9781059053200045,307.6096701788422
06077005141,3.372182440789474,5.425688888157895,49.82987608563032,1.9966900594199992,130.4900530111648
06077005503,3.21884502892562,5.066110522727272,38.32187571450051,1.9966900594199857,105.01833630682172
06077005219,3.21377,5.084888,40.861953442038335,1.9966900594200065,103.17460317460322
06077005220,3.213524157480315,5.097989401574804,36.966353145599925,1.9966900594199957,106.88006662114654
06037302102,2.928457,4.978676,29.01635414955517,1.9836592167999976,223.015873015873
06037190302,2.677824,4.600372,23.275713641700005,1.9836592167999998,157.93650793650795
06037408900,3.0004797009063444,5.041702885196375,26.99900506620643,1.9836592167999945,277.65933079787277
06077005217,3.2250655,5.113600907407408,37.03400954730015,1.9966900594200003,98.5919113916379
06077005214,3.2084772588832484,5.109133475888325,32.36543924608691,1.9966900594199766,119.81730560107806
06077005216,3.236920725490196,5.143074411764705,34.736681460019966,1.996690059420007,95.1737157557911
06077005215,3.206415433035714,5.069686919642857,41.33960611859142,1.9966900594199877,104.35290110813509
06077005309,3.2162910472972976,5.114625743243243,29.915699597399932,1.9966900594199988,114.65300295223877
06077005211,3.247876,5.176943158415842,32.83798824899209,1.9966900594200039,97.28260032143334
06077005213,3.2366135837988828,5.155731399441341,29.792792814143763,1.9966900594199941,124.72545509097311
06077005224,3.255206446601942,5.183511737864078,32.84990027839372,1.9966900594200043,94.39062584219222
06077005310,3.223585,5.1266,29.067313524068712,1.9966900594199972,117.46031746031744
06077005212,3.2478443358208957,5.172407970149253,32.64464506425831,1.9966900594200052,96.22445861293473
06077004108,3.10490274501992,4.841637019920318,47.232117321265825,1.9966900594199848,108.73857305750256
06077003504,3.1910143465045593,5.073775574468086,39.329317669438765,1.996690059419997,108.16541771127562
06077000101,3.2849067608695655,5.234739956521739,33.01935501329997,1.9966900594200003,107.26680058234362
06077003806,3.3448359285714284,5.276576357142857,33.63095127141257,1.9966900594199966,109.69192691963556
06077003502,3.1374974577464787,4.913274626760564,53.421061469867105,1.9966900594199823,123.83198376098568
06077005221,3.2838687950310557,5.223089770186336,27.263715188474183,1.9966900594199979,119.33291100339112
06077003501,3.1391073544554455,4.870180386138614,52.403724831560815,1.9966900594199846,121.18204436417876
06077980000,3.247235972222222,5.106333583333333,35.094086426400025,1.9966900594199994,130.26394723832826
06077005225,3.2820249163763067,5.225326,33.385248505836785,1.9966900594199821,108.01933281291797
06077003218,3.1449220857142857,4.841861478571429,34.32719073579999,1.9966900594199977,97.01332323359328
06077004003,3.153122,4.87915,34.77957314820528,1.9966900594200068,93.65079365079364
06077003807,3.3590036790123454,5.31059949382716,35.53954988590006,1.996690059419999,107.37757499268592
06077005218,3.2269536829268293,5.1184006260162604,37.03400954730012,1.9966900594199959,98.26187649031236
06077000803,3.345444834951456,5.283812669902912,31.880143595112553,1.9966900594200043,102.21818449683292
06037310300,3.097863846153846,5.287515027972027,31.00505104921962,1.9836592167999971,249.9693317107829
06081605200,1.828352134751773,4.683327553191489,26.824932824099967,1.9845928784999967,94.26515647453957
06095252610,2.977064179856115,5.226037791366907,23.557797888818623,1.9845928784999969,108.29076750383878
06095252908,3.375837761589404,5.450524715231788,25.199297757386173,1.992554653389998,129.85662939691912
06037310400,3.1078830896551723,5.298763965517241,29.883820635921357,1.9836592167999971,260.69659558334234
06095252909,3.500996597883598,5.527514481481481,26.41289045672538,1.9925546533900016,137.4785727867233
06095253000,3.40019,5.437797,29.34950847546717,1.984701943909449,135.71428571428572
06095252801,3.172969878787879,5.249471787878788,21.544799239900005,1.9845928785000007,114.17221658770164
06053012601,0.6393109271523179,2.6400767417218542,52.30259584682586,1.992271328490004,14.966729331548605
06053011002,2.9338590012771393,5.381075655172414,38.8886098572564,1.9922713284900053,208.9342177173635
06053012504,0.6898053529411765,2.752117882352941,52.78242394723527,1.9922713284900029,18.97355415015491
06053014108,0.427759703125,2.2610183984375,31.27330733052496,1.9922713284900038,-5.636938987298239
06053011305,2.830313565217391,5.13587775,29.016910135867974,1.9922713284900042,199.4221183441852
06053011901,0.4699607793367347,2.1406554923469385,44.8645633767947,1.9922713284900053,13.327946450912153
06053011606,2.0308569574468085,4.411364147684606,35.449636856768684,1.9922713284900053,186.09600828312023
06053011001,2.619546870488323,5.055705226114649,36.8046527790714,1.9922713284900053,244.4582401756823
06053011902,0.32814288957055215,1.9184085398773005,47.9780704798837,1.9922713284900049,-13.16179848980747
06053000106,0.9176944038461539,2.7517887115384614,27.808992042710297,1.992271328490004,40.64053440036777
06053012503,0.5991083009708738,2.5508718834951454,52.52343401701354,1.9922713284900033,12.869229269273664
06053011104,2.3306707283950616,4.228030185185186,33.17209021931038,1.9922713284900042,169.31490530950674
06053000105,0.914562,2.747778,29.067804774228986,1.9922713284900038,40.47619047619045
06053011103,2.242063693548387,4.108424467741935,32.85318744873228,1.9922713284900038,174.00766512508318
06053011105,2.276134355450237,4.1544302227488155,33.20695343866004,1.9922713284900044,171.769224899876
06053011106,2.537311574712644,4.520948597701149,35.09645165572922,1.9922713284900042,206.8390047107956
06053011605,1.3338316992337167,3.5173980249042147,35.492471671355645,1.992271328490005,137.6424276659439
06053011306,2.68584984375,5.049601875,29.478730254050998,1.992271328490003,192.5644974810766
06029003209,3.056659,5.125044,40.90576150630015,1.9991352696300007,281.74603174603175
06029003218,3.0625269141104297,5.133439392638037,42.43674437980006,1.9991352696299998,284.40968165817446
06029003220,3.0775827712609973,5.194730026392961,45.31944912909717,1.9991352696299947,288.4020977247412
06029003222,3.066888082981716,5.08728417862166,45.76414450554884,1.9991352696299767,277.07365474190505
06029003210,3.053899,5.110967,44.42423744389999,1.9991352696300009,288.01152408388924
06029006011,3.389364493371212,5.491257948863637,33.143085492966804,1.995108939827327,262.12026689495264
06029003307,2.565238113997114,4.704418655122655,29.992293917318317,1.9989074620596752,231.7043356752147
06029006012,3.3774563840070297,5.675849660808436,25.48061733398709,1.983256387244841,305.990936741425
06029002825,3.115091,5.084728,35.12792964209992,1.9991352696299969,286.5079365079365
06029005206,3.6747423430079156,5.836442507475814,37.24249643093434,1.999135269629993,224.56297098377263
06029004607,3.3300810315789473,5.399048978947368,49.75165724185948,1.9991352696300022,223.3429689120162
06029001001,3.210904307535641,5.328641608961304,37.54321302657814,1.999135269629984,244.41636747234216
06029002303,3.1518123403361344,5.23543006302521,33.965445483746905,1.999135269630005,281.5694264893226
06029005207,3.8252904327784893,6.033948306017926,31.12643706199413,1.9983186618953532,302.3877744693399
06029002401,3.1315273003194886,5.208492623003195,45.749288495111344,1.9991352696299978,272.1491182395877
06029006010,3.3773700340632606,5.619355421532847,38.45836669778464,1.999135269630053,219.4745716027121
06029005514,3.6021608252496433,5.354276889443652,17.32829145722974,1.8928401628400022,411.73556122066026
06029006009,3.440677632007233,5.5631951934900545,39.6629976486748,1.9991352696299876,189.37788444509513
06029002202,3.193422,5.270973,31.55573329743279,1.9991352696299958,297.6190476190476
06029002001,3.13253,5.126858,31.60899038010398,1.999135269629995,280.1587301587301
06029002002,3.13253,5.126858,31.670571429524728,1.9991352696299989,280.1587301587301
06029006600,3.1426679282786885,5.168199040983606,47.6685920408404,1.9991352696299722,277.19197689636394
06029002403,3.1347913300970873,5.229140873786408,44.74745872762299,1.9991352696299887,276.1988084229504
06029002402,3.153706008,5.2382466160000005,40.431440172399924,1.9991352696299953,296.2131425687907
06099002200,3.2753222779922777,5.300219042471043,34.582477759877435,1.9966900594200068,116.64858225521785
06089010300,3.6579974006309146,5.966618050473186,27.671177611267495,1.9925546533900074,88.95142749143953
06089010400,3.6389591397205585,5.955030243512974,27.98869021337146,1.9925546533900105,91.8610144603735
06089010900,3.5819548181818184,5.899046090909091,29.42305883416463,1.992554653390008,88.07614079776178
06089011100,3.687857488888889,6.025087622222222,30.44036616354824,1.9925546533900094,90.58178036519564
06037900704,3.301587375,5.298985375,29.949349656154165,1.8928401628400016,484.6219891952701
06073003800,1.184656792746114,2.75121714507772,33.46127936977111,1.9063611315519142,257.5273020354996
06073003901,1.3786169277108433,2.8560358915662647,31.89673318841082,1.978105905320004,281.9988915657778
06073003902,1.366019962264151,2.820885566037736,33.84843265790004,1.9781059053200045,278.03663851700514
06073004000,1.367759,2.825738142857143,31.62937709669996,1.9781059053200047,276.97296466247775
06073008800,1.7274851694915254,3.478981610169492,30.860112748072215,1.9781059053199979,329.1509358234189
06073008901,1.6077318057553958,3.1499197553956835,32.44928513906183,1.9781059053200032,298.1566822887994
06083001911,3.160753801872075,5.218679449297972,32.27753030266984,1.992271328490005,269.1597975506775
06083000202,1.162863610526316,3.1468335894736845,36.1093810320442,1.992271328490003,114.29481673789084
06083002015,1.8096144609665428,3.2402704572490704,39.12809497010002,1.9922713284900047,208.12646506390016
06083001909,3.336787036834925,5.52373490723056,36.97987641037722,1.9922713284900053,310.6587131516477
06083001907,3.272118057142857,5.719594594285715,38.3914850858503,1.9922713284900042,280.15459133294996
06083001908,3.3267779239130433,5.673910296376811,37.10332630348653,1.9922713284900053,306.2314630347596
06083980200,1.1541064328165376,2.8230155788113693,30.05154595875976,1.9922713284900053,148.3091104422939
06083002504,0.6398380748663101,2.172591882352941,34.350466493755164,1.9922713284900044,72.08902300563626
06083001912,3.2591711107954544,5.026482869318182,36.7468141899179,1.9922713284900049,290.58677253645794
06083980500,1.0257460833333334,2.8646590833333336,35.59192540765,1.9922713284899995,133.60112983350882
06083980400,1.343620418918919,2.964253756756757,33.02752713592028,1.9922713284900024,159.22208235891554
06083002408,0.859975,2.698423,35.65260818179998,1.9922713284900022,152.46044776913908
06083002709,1.9758017912087913,3.2381696153846153,34.93352670081429,1.992271328490003,167.35261922899585
06037910815,2.9553282895156996,4.956528233634913,26.639673379658873,1.9769891638747643,320.77152898560445
06037480602,2.908718210810811,4.9030026270270275,31.467007190935643,1.9836592167999962,228.87329211835336
06037404805,2.8061859310344826,4.7814665517241375,31.346449166499966,1.9836592168000027,225.90414631751224
06037401802,3.095449,5.200409,26.647743176989696,1.9814317678899978,311.9047619047619
06037464102,2.8857017094430994,4.885069462469733,32.563674982561515,1.983659216799994,226.3776943053051
06037464101,2.9010863022508038,4.892736209003216,32.802486494668564,1.9836592167999947,228.69761161311823
06037401705,3.0921615,5.194643318181819,26.48257026319999,1.9828379856362106,311.1125751512863
06037480601,2.866829,4.859062,32.12790463910585,1.9836592168000005,223.8573150958455
06037431701,2.8501062522522522,4.848440324324325,32.290928629773454,1.983659216799994,246.4294977679317
06037404203,2.907881933333333,4.904674,22.496986364800016,1.9836592168000016,222.3621602353092
06037211123,2.5484704285714286,4.370869428571428,22.543451117899995,1.9836592167999998,191.61781907081564
06037265521,1.939321,3.38441,19.8066357799,1.9836592167999998,87.30158730158729
06037199001,2.751035142857143,4.6916528571428575,25.44882766503928,1.9836592167999998,234.57444619906468
06037432501,2.7924247534246573,4.761562363013699,32.147031598938334,1.9836592167999971,251.58730158730157
06037185102,2.845394046875,4.810161109375,26.58378106937761,1.983659216799996,232.79483652444344
06037190102,2.6731473529411764,4.590764058823529,24.11022250476176,1.9836592168,158.44996281446842
06037401801,3.195522942386831,5.346558119341563,26.769968617776488,1.9814317678900009,323.7929258581127
06037300503,3.050636,5.208141,30.04133899484926,1.9836592167999973,208.7301587301587
06037300601,3.06205225,5.2248973888888885,29.89197836490089,1.9836592167999987,210.4884001541728
06037113426,3.160616,5.421259,19.310109588835672,1.9836592168000002,295.98586304056136
06037113425,3.160616,5.421259,20.464226978027583,1.9836592167999998,296.031746031746
06037460601,3.0809185477707004,5.257394197452229,29.684004144248583,1.983659216799994,206.8142472082419
06037603901,1.254388,2.53984,17.78698806302958,1.983659216800002,99.2063492063492
06037554106,2.332828,4.286623,31.17851452180002,1.9836592167999998,300.71655004360076
06037553202,2.3497604033613446,4.2964559915966385,32.47289641321009,1.9836592167999982,289.6222161752184
06037553201,2.322028488,4.233709408,32.508625989059944,1.983659216799998,284.4136873400509
06037602512,1.692295,3.157154,15.449224008799998,1.9836592168000007,172.22222222222217
06037551802,2.370142,4.308292,32.57928420731695,1.983659216799999,276.8016055728321
06037503705,2.564193,4.542063,26.21385462939998,1.9836592167999978,299.20634920634916
06037602601,1.7374616666666667,3.2234975,15.593173133299992,1.9836592167999967,179.093999154217
06073018201,0.8306289345794392,1.841692981308411,35.46940918158689,1.9781059053200045,42.322457167841065
06073018101,0.7064741463414634,1.6005690975609757,35.308003264745196,1.9781059053199994,9.263727232953944
06073017202,0.7942201333333333,1.6853963743589744,34.272619764072346,1.978105905319996,-16.53126453623812
06073018302,0.6024076818181817,1.4750328636363634,35.41501782376591,1.9781059053200016,-32.42042567398013
06073017068,2.2911268733333334,4.399850900000001,29.356811489520673,1.9781059053200014,339.4019734223151
06073013325,1.7752489914529914,3.61081347008547,27.77650213728726,1.9781059053200047,283.8857957765576
06073013318,1.8038852138728325,3.6671762427745667,28.09616052240409,1.9781059053199983,291.9158925868199
06073013317,1.7616175625,3.552990125,27.337141730260026,1.9781059053199939,266.02645898869054
06073015407,2.3886432660550456,4.555737486238532,35.27434005772287,1.9781059053200047,412.89588999864014
06073008367,1.8459788938053097,3.6566429115044246,28.249092801348645,1.9781059053200047,263.78092520804677
06073010017,1.638257867924528,3.305603566037736,24.482635450538385,1.97810590532,236.27944921796995
06073007304,0.95006675,1.904369455882353,36.14358369522799,1.9490161125947092,33.23810915804865
06073005602,1.552849707317073,2.78887443902439,31.55501227394392,1.9781059053200012,296.3424560336257
06073001301,1.766156318181818,3.278644,25.3508675186,1.9781059053200016,358.74135156016683
06073021306,2.233173762917933,4.299617056231003,42.02667530769694,1.9781059053200178,387.03793776453995
06073013319,2.0017754484848487,3.9828993878787875,29.223486540358152,1.9781059053199994,333.8476799401034
06073013324,1.808633,3.725685,28.890058750582977,1.9781059053200019,320.63492063492066
06073009000,1.631573814814815,3.215433537037037,33.71803016115642,1.9781059053200047,307.3455725983779
06073009101,1.542007,3.280578,35.566691135952595,1.9781059053199987,233.33333333333331
06081605300,1.733276,4.4149,27.915446786757226,1.9845928784999967,90.47619047619044
06081605400,1.6546738550724638,4.263912893719806,28.973636061400086,1.9845928784999964,91.93324549625486
06081605800,1.6947006022727273,4.330202517045454,28.911152863289715,1.9845928784999964,92.7200520008393
06095253101,3.5068448707865167,5.6626279887640445,36.841653693217836,1.9925546533900083,131.6718432939989
06095253105,3.522826927536232,5.62390311594203,25.873986968260326,1.992554653390003,139.08087125968223
06095253106,3.391814912751678,5.466399214765101,25.580169164336933,1.9925546533899978,130.6497855284798
06095253107,3.4303751018867925,5.48919260754717,28.855195369352145,1.991202653880382,135.1123268442381
06095253201,3.5230967706185568,5.689325056701031,38.649385409579516,1.992554653390009,126.01417662283164
06071980200,3.038330272727273,4.816811704545454,21.493841793252248,1.8928401628400018,397.0329103936115
06071009300,3.0335921616161614,4.985025484848484,21.808882648477084,1.892840162840002,404.28611210506057
06037553902,2.24878296875,4.1383365,30.28410939226254,1.9836592167999978,287.12193959136033
06037570304,2.0703585,3.8451925,25.78736934496254,1.983659216800002,248.3425684886589
06037620303,0.779254,1.887416,27.06138245173422,1.983659216799997,35.714285714285694
06099000910,3.325016301724138,5.39258998275862,32.98448877089983,1.9966900594200059,113.97975513878086
06099001001,3.305537307228916,5.375551063253012,28.797405582705977,1.9966900594199968,114.75106212883338
06099000911,3.351501,5.416733,35.30057647840232,1.9966900594200008,114.28571428571428
06037403801,2.917269882882883,4.925769072072072,21.17324379123735,1.9836592167999956,252.819395891934
06037408134,2.911216,4.960735,26.36273752165361,1.9836592167999985,288.88888888888886
06037980034,2.456848411764706,4.429248411764705,27.94831732552352,1.9836592168,308.1835589305239
06037602510,1.6595246458333333,3.1097816458333334,15.4492240088,1.983659216800002,171.0044261477111
06037604200,1.692295,3.157154,16.11998978206458,1.9836592167999967,172.20909454284313
06037555300,2.447214,4.424309,32.29935691729998,1.9836592167999987,300.7936507936507
06037980012,2.283382272727273,4.105832818181819,32.945478518381826,1.9836592167999998,276.6801053019096
06037602201,1.3536794647887322,2.69232961971831,18.433761149899976,1.9836592167999973,112.43481655636266
06037550301,2.370142,4.308292,33.104276358068184,1.9836592167999978,276.984126984127
06037602513,1.687187931818182,3.1497712954545456,15.730076893640911,1.9836592168000016,171.98609527600013
06037550101,2.447214,4.424309,32.29935691729998,1.9836592167999991,300.7936507936507
06037240901,2.102287,3.790126,20.71513494797598,1.9836592168000022,233.33333333333331
06089011300,3.637579374622357,5.954975241691843,29.105722951761265,1.9925546533900078,90.77865945505953
06089012000,3.647683811627907,6.077450748837209,29.415333602832547,1.9925546533900096,104.69238834403382
06065043248,3.0075250117647063,5.117860517647059,24.63827211008794,1.9781059053199919,413.84667599873814
06065043256,3.036808849056604,5.143803301886792,24.565406891228292,1.97810590532,432.3069920489158
06065043264,3.028444469740634,5.064248054755043,22.48355965506653,1.9781059053200027,421.4317975563952
06065030101,3.1379055090909094,5.260940836363636,36.53905092149995,1.9814317678900009,338.43818772262455
06065030103,3.131717,5.26215,37.57057404292248,1.9814317678900009,340.42591149843724
06093000100,3.0837057411764706,5.503145521568627,28.045554984585593,1.917092237990004,157.05476645745495
06093000600,3.5699133753246755,6.022199455844156,33.53268820897467,1.9170922379899697,177.1843235092466
06037408212,2.882684,4.933736706896552,27.74385794917305,1.9836592167999965,289.8057768382672
06037108204,3.1253937714285716,5.375073314285714,21.443339686122858,1.9836592168000002,220.94107436080844
06037603706,1.528949,2.964315,15.8217649334,1.9836592168,150.79365079365078
06037243002,2.2612118999999997,4.0022453,23.127001603199993,1.983659216800003,250.30816120683505
06037240902,2.1163572985074626,3.8108321194029853,20.62398603609997,1.9836592168000027,233.0895740750234
06037500203,2.646823755725191,4.635217198473282,28.640071415672583,1.9836592167999951,270.49311813400743
06037920047,3.13647,5.252514,31.610778367833312,1.9836592168000027,340.4761904761904
06037920046,3.13647,5.252514,31.484735294788884,1.9836592168000005,340.4617392916366
06037920049,3.228751916524702,5.301738521294719,32.81576290373577,1.9836592168000073,336.53084969132965
06037920343,2.9390933777777777,5.1060154,30.422395858883373,1.9836592168,256.7437572672232
06037920342,2.9833158260869563,5.128301826086956,29.967098125244934,1.9836592168000025,293.55494928547813
06037920341,3.046516309090909,5.225431927272727,30.404346479427296,1.9836592168000025,298.64463823428855
06037920048,3.153932,5.242159,33.297988509497365,1.983659216799996,356.802676444668
06037920340,3.058935,5.249908,29.355105492876433,1.9836592168000002,289.6825396825397
06037115203,3.1373732631578948,5.369646368421052,19.745027062300025,1.9836592168000013,304.97267890369807
06065051100,3.119819,5.048195,28.26606614208069,1.9814317678900009,440.4761904761904
06065980004,3.1639847142857143,5.299182857142857,33.94562731755714,1.9814317678900004,408.6577986356468
06065043276,3.2520013907692307,5.231260553846154,34.206406796181156,1.9781059053200005,375.7177216935215
06065043512,3.4012344727272725,5.4057866,24.171541531258065,1.9814317678899886,367.7119109946473
06065043810,3.147426695652174,5.0215388746803065,33.01342760848927,1.9814317678899818,321.83660352439017
06085503111,2.337605912,4.40489692,21.94543091934404,1.9845928784999969,108.74496946444108
06085503112,2.1839023333333336,4.22911,24.03185709637148,1.9845928784999967,115.24145653785042
06085506302,2.088757663043478,4.0842398586956525,23.274060068841543,1.9845928785,122.94807967750504
06085511200,1.3547145017421602,3.3327599965156796,19.406852642705278,1.984592878500002,90.29645151639276
06071002021,3.2321066126126126,5.3345457477477485,27.073306450354295,1.9814317678899773,222.02592375673171
06071002804,3.2393535185185187,5.340317037037037,30.72277105900002,1.9814317678900009,293.06231860704736
06071000825,3.141115071428571,5.282678904761905,29.186818187285716,1.9814317678900006,345.05456174232967
06071002706,3.1504167677224735,5.240354309200604,29.07827877103277,1.9814317678899664,224.492886587284
06071002105,3.2244757596153844,5.332598692307692,29.255094453926915,1.9814317678900009,311.8844011972509
06071001503,3.183982,5.313362,27.06649552459999,1.9814317678900006,350.7936507936508
06071002037,3.2889213986486485,5.389126486486486,27.086073801634537,1.9814317678899938,267.70474038567545
06089012301,3.589602728601253,5.902294703549061,31.492771678029808,1.9925546533900103,92.97687318923282
06045010801,2.8145656477900554,5.475201655386741,28.753321435626155,1.9279417468700135,122.2736614497718
06045010802,3.021110389558233,5.46150274497992,32.87512137615586,1.92794174687001,110.67705193313786
06079012602,4.0662030289156625,6.897095934939759,39.08303038290065,1.992271328490005,316.7526516317508
06079011903,0.3132796666666667,1.5410817777777777,41.13207293657315,1.9922713284900035,55.02296521675464
06037603703,1.5095682235294117,2.9343520588235297,15.821764933399976,1.9836592168000005,150.07234332203117
06045011600,2.6310082575250835,5.585978882943144,29.99749437055869,1.9279417468699946,111.15936195943245
06045010500,0.7243207058823529,2.6560427647058824,29.48317428073463,1.9279417468699993,51.33276277479088
06045010900,2.519329394259819,5.331362712990937,25.52343824968006,1.9279417468699933,115.57758154564752
06045010200,2.9207677324777888,5.292192370187562,33.082027759010714,1.9279417468699676,98.0372378615453
06045011800,3.2349947775,5.8427916075,33.42124891913676,1.9279417468700044,113.9587739952566
06085509801,1.6086203556485354,3.6781890083682005,19.560196024587455,1.9845928784999962,118.91373260111612
06085512401,3.1448634488355682,5.327945745942132,34.88945878503993,1.9922713284900053,142.92040671618017
06085511911,2.8351989286608257,5.060207565707134,22.811700339998705,1.9845928785000342,153.63731900258617
06085506801,2.82684738150289,5.160307222543352,23.224636962371157,1.9845928785000106,167.40033337572643
06085507600,2.956256884339816,5.391991205731832,27.569539849528653,1.9845928785000375,178.2087773015734
06085505202,1.5493302366863906,3.4521241420118343,17.580192206129553,1.9845928784999967,84.63163937769897
06085512035,2.756139875,4.984706630208333,27.0419113768323,1.9845928784999964,160.28405668955176
06085511913,2.807535,5.061529,24.50188763333736,1.9845928784999973,161.11111111111114
06085502500,2.224804301204819,4.288491126506024,24.32485588743346,1.9845928785000089,130.96029111383442
06085506502,2.2320299723756905,4.268184430939226,23.934586342201204,1.9845928784999964,144.62291494502333
06085507206,2.9088197702702705,5.205354333333333,20.34132360869889,1.98459287850002,158.61727420715474
06085504308,2.403814469957082,4.5314243476394855,34.86010639786391,1.9845928785000213,130.51204582061206
06085504202,2.6843515064194006,4.817833332382311,38.54819204033191,1.9845928785000317,136.5242483224293
06085504201,2.457332843575419,4.578906877094972,35.16692458511028,1.984592878500012,130.27438638550453
06037460800,2.959069277673546,5.039073564727954,32.48686531062698,1.9836592167999973,229.7252020263741
06045010700,2.648174989505247,5.554874521739131,28.89749552741959,1.9279417468699926,128.48872184461666
06045011700,2.599246610904585,5.442451750929368,25.959297199829955,1.92794174686998,108.54218088335702
06045011200,2.337582381882771,5.625013090586146,37.42776132714751,1.9279417468700062,115.22187628804068
06045010400,0.6777435037220844,2.55142182382134,28.303192690502318,1.9279417468700046,54.3966426160673
06045010300,0.8666627638297872,2.833432015602837,26.471433688107695,1.92794174687001,89.28514840174759
06045011300,2.8021289012131714,5.64868959965338,32.63349553104024,1.9279417468700042,117.81917694554568
06085503113,2.083055336842105,4.094734589473684,25.018380775461036,1.9845928784999973,110.90822315048852
06111004304,0.71898,1.602611,28.92049006081864,1.9836592167999965,5.172183786372042
06111980000,,,,,386.1067640537193
06111004710,1.111684243902439,2.1718020894308943,32.58597085928286,1.983659216799998,69.70105309047455
06111004505,0.9379858909090909,1.916806309090909,29.407540913500025,1.9836592168000025,54.7641326449599
06039000510,3.832910154929577,5.954904267605634,56.16715743572524,1.9966900594200048,167.18553054105763
06039000301,3.6393718601694918,5.604247864406779,56.83106801954901,1.996690059420006,170.5995344445944
06039000302,3.635565925531915,5.596049354609929,54.22403161120784,1.996690059420003,173.69799269916783
06039001100,3.783744907721281,5.856208448838669,47.19391680507657,1.9966900594199688,170.93220308212668
06039000203,3.599519833655706,5.583872738878143,62.61269903917744,1.9966900594199843,166.9466689920741
06039000204,3.6244307648612946,5.607421697490093,57.07985856033008,1.996690059419977,172.31564850514496
06039000111,4.1654127528205125,6.447521636923077,65.39485846744377,1.9966900594199737,154.579959789793
06039000514,3.871451216111541,5.960612224632069,46.81068363504757,1.9966900594199706,157.40053822699616
06085510500,1.8121591375358166,3.923892805157593,18.30749376478331,1.984592878500011,132.68494228510625
06035040304,4.2514560827586205,6.464559868965517,29.893355969113742,1.9806349754300057,206.2732450913541
06035040305,4.27820093197279,6.473368149659864,32.4983030972729,1.9806349754300068,208.275763250005
06039000513,3.6703021788908763,5.688821525939177,63.462013343901106,1.9966900594199826,152.76953999817252
06039000702,3.739088801020408,5.775749403061224,62.00209809613989,1.9966900594199914,164.08557083471356
06039000701,3.70154964516129,5.765356703225806,60.57509756948687,1.9966900594199992,164.77721381020237
06039000512,3.757808635359116,5.7638066795580105,64.56113609711342,1.996690059419994,159.12921510144443
06039000518,3.8186736216216217,5.909153378378378,52.5893685491207,1.996690059420001,155.41325032065492
06039000902,3.846365,6.055372,57.885223816940574,1.9966900594199997,172.22222222222217
06073008368,1.9421404840764331,3.8632197484076434,29.48857309860228,1.9781059053199994,274.3205383788726
06073017057,2.2361130812499996,4.292166934375,41.453697337959,1.97810590532,321.19195092729
06073021502,1.699558785263158,3.360476136842105,30.076522837972327,1.9781059053200114,236.8722093167696
06073008371,1.2407184881889763,2.575270692913386,37.34221894566697,1.978105905320005,145.6471855045696
06073007911,1.096281,2.453603,36.78202671764286,1.9781059053200014,109.52380952380956
06085512031,2.692843762430939,4.86651935359116,18.511281232786214,1.9845928784999964,155.28226582821122
06085502902,2.502422834285714,4.643346434285714,23.628019476259954,1.984592878500011,148.52723443515953
06085502601,2.2045152352941177,4.244889647058823,24.638554366819164,1.9845928784999964,132.43077428639668
06073008373,1.225574,2.544969,37.00107189202327,1.9781059053199985,121.09693806848414
06073017201,0.7947337894736841,1.6868687368421051,35.346875635831516,1.965092050679738,-21.493681082579755
06073007601,1.055803441696113,2.19024151590106,32.16095932238986,1.9711161318029635,98.81923997838342
06073008201,0.897279,1.828218,36.999737357359095,1.978105905320004,16.666666666666657
06073020035,1.4494984819277108,2.8701168265060244,34.655063650637224,1.978105905320008,182.394319159509
06073020032,1.572826875,3.035142355769231,33.81915075507364,1.9781059053199992,193.744009597823
06073020033,1.5914677874396137,3.054101502415459,33.735913021134664,1.978105905319995,194.30949509340863
06073020030,1.4465404202247192,2.8080486831460676,33.43486110452439,1.9781059053200098,171.08115667531382
06073008377,1.447372,2.814609,34.370635415372405,1.9781059053199999,168.14889768247625
06073008379,1.7668813214285715,3.3805328571428572,34.2305519396,1.9781059053199999,259.770324392547
06073018202,0.8448291097560976,1.8980332804878048,35.51711331349998,1.978105905320004,44.718580595477746
06073018616,0.9301883626373627,2.03875210989011,33.79963181744285,1.9781059053200043,101.32567297432884
06073018102,0.692752,1.573919,35.13478461197156,1.9781059053200023,5.555555555555557
06053014104,0.38795315384615386,2.176740153846154,28.393560647548842,1.9922713284900042,0.7306039221477647
06053011801,0.7426866762589928,2.4757108633093527,38.32441281134033,1.992271328490004,72.41016498139597
06053011203,2.292314348039216,4.253081171568628,31.45721504955838,1.9922713284900044,198.77020706467417
06053014500,1.0082445662100457,2.814321894977169,29.671172408860304,1.9922713284900044,36.10691798715846
06037106112,3.0588988578431375,5.340467073529412,26.529535165957796,1.9836592167999958,227.00995952893868
06037106113,3.065552337078652,5.3590368426966295,25.885049427490443,1.9836592167999962,225.3742805376493
06037106114,3.065446,5.361751,25.293581525047415,1.9836592167999982,226.1904761904762
06037106403,3.141015353383459,5.447200556390977,26.159785394898467,1.9836592167999976,225.5154355617988
06065030104,3.168276691131499,5.256996987767583,36.39517918069067,1.981431767889989,329.45176281820915
06065031601,3.113109602040816,5.247637285714285,38.73036835945414,1.9814317678900009,359.8947446835096
06065040102,3.188733413994169,5.286843816326531,36.70940970280963,1.981431767889987,297.54779513511664
06037101300,3.1169931039999996,5.308457032,28.673437777734705,1.9836592167999951,220.5931976589777
06037103101,3.1521585,5.3615265,21.166190459268776,1.9836592167999967,232.08362811001027
06037103102,3.156228888888889,5.364201013071896,21.301516389085656,1.983659216799997,232.0329295676633
06037104103,3.009341368,5.297200336,21.074174237652805,1.983659216799998,251.9446869049154
06037104105,3.0056626753246753,5.287148025974026,22.541557220864977,1.9836592168000013,270.39942043930614
06065041101,3.1458241627906975,5.279417782945736,37.667643707753484,1.9814317678900009,346.036975552247
06065041102,3.09736180887372,5.215821709897611,35.78498744627293,1.9814317678899942,326.6262134891351
06065043818,3.2443516770833334,5.113833177083333,30.501559356224988,1.998625513616567,302.4953893041061
06065043820,3.2463651815068495,5.165152332191781,35.278376838833566,1.9814317678899944,321.41742258108275
06065043821,3.2428858536585365,5.118668673170731,30.96061475525364,1.9819655826070746,304.17161597422506
06065044405,2.8961716536248563,4.621796841196778,45.90170684035316,1.982544137836451,228.25299367352312
06065044518,3.423022355902778,5.185935279513889,29.048295580546192,1.999670437390017,571.7718033267473
06065044521,3.2029298653846157,4.972921686813187,23.807289861042356,1.9996704373900136,535.7782748442309
06065044919,2.834022101754386,4.720735431578947,20.373948398993686,1.999670437390017,490.77925148747534
06037106510,3.046437129032258,5.235685422580645,29.09521405303253,1.9836592167999947,212.03481254188745
06037106520,3.15556168558952,5.440973768558952,27.46811045904421,1.9836592167999954,224.07339443947785
06037106604,3.1359595945945946,5.396021324324325,26.175392236930797,1.9836592167999962,227.1219893665364
06037106641,3.109533,5.360365,25.023787456517702,1.983659216799997,219.0476190476191
06037910605,3.1462040817610064,4.961889849056603,19.05817374683591,1.892840162840002,499.2381629430709
06037910714,2.9615449344262292,4.84053406557377,19.348404757708217,1.892840162840002,484.6642671777321
06045011400,2.604694349081365,5.621931359580052,31.801611417165695,1.9279417468700029,113.41698548288632
06065044921,2.715427970350404,4.475396512129381,21.074663133937893,1.9996704373900138,507.8408552250583
06065044922,2.8304871408199643,4.714745438502674,22.77176596765295,1.999670437390017,517.0739864210209
06037911001,2.6912307691373023,4.544298665856622,19.850125779834915,1.8928401628400022,340.25289936555964
06037570403,2.16408,3.9093951666666666,26.49066555616283,1.9836592168000011,271.0252751334608
06037920114,3.229981885350319,5.427269585987261,29.486903139857347,1.983659216799997,338.54498182550117
06037402801,3.048547,5.161024,26.88018180116489,1.9814317678900006,303.1746031746031
06037403901,2.9022894657534244,4.906008780821917,21.84402240108841,1.9836592167999971,248.7302310619053
06037403902,2.909162700483092,4.91507509178744,20.89013889852712,1.9836592167999958,250.45470863876776
06037404000,2.872377,4.866552,20.84753299190003,1.9836592167999971,238.09523809523807
06037404100,2.872377,4.866552,22.22518641650003,1.9836592167999965,238.09523809523807
06037404301,2.921326006535948,4.920754549019608,22.963216441748344,1.983659216799997,211.2535635247716
06037404302,2.8728177567567568,4.868668216216216,22.225186416500023,1.9836592168000018,235.06296616997167
06037404401,2.912768633333333,4.91516925,23.740099066892537,1.9836592167999982,194.24854265097764
06037431600,2.838974,4.834516,32.455853737211875,1.983659216799995,249.23709198947955
06085503803,2.150424153846154,4.223314292307693,23.69323775299611,1.9845928784999969,102.38871674048724
06111007612,2.379836120481928,4.415886987951808,30.623538322797632,1.9836592167999967,187.22994019854687
06111000702,2.3872985142857144,4.397304257142856,24.553148826840026,1.983659216799999,216.1382053660841
06037113232,3.167831,5.475847,24.048749119740048,1.983659216799995,270.6599599932741
06037113234,3.1653114761904764,5.4567845238095245,20.883974721656344,1.9836592167999978,280.9787955941284
06085512052,2.744025467391304,4.946512288043478,18.235169720685846,1.9845928784999964,163.8391696901451
06057000900,3.593512458896396,5.702527048423423,55.15432880039873,1.9398546569291557,128.67390790773197
06057000401,3.4975664421235857,5.528168778938207,58.67929671924636,1.9925546533900136,118.92821822345168
06057000701,3.7753105607508535,5.890908522866894,57.7343183810143,1.9925546533898795,101.94463065747009
06097153602,3.249078471864952,4.796950743569132,38.497276836714434,1.9279417468699918,104.39012059359852
06097151701,2.768505,4.599218,26.91226591768968,1.927941746869998,80.95238095238093
06097153707,3.0171973739130435,3.6341390391304347,31.859912841547843,1.9279417468699918,85.7929353369026
06097153201,2.6513638911917097,4.135979611398963,33.15388776734257,1.9279417468699949,97.77163125358634
06065041301,3.053915,5.138305,35.756827564238804,1.98143176789,338.88888888888886
06065041302,3.0576358167539266,5.145295282722513,36.12881664315868,1.9814317678900009,340.49223778986595
06065043266,3.1322936842105262,5.20756552631579,20.805096033105276,1.9781059053200043,424.4700380809173
06065044928,2.8294092536231883,4.706152014492754,21.186727679677595,1.9996704373900167,585.1257743868398
06065044929,2.775840445595855,4.644575658031088,18.957893707532396,1.999670437390014,437.0695854238096
06065044931,2.713567,4.662325,20.594623748700037,1.9996704373899965,584.9206349206348
06065044932,2.713567,4.662325,20.59869747775363,1.9996704373900027,584.9206349206348
06065045114,2.457381972067039,4.403824290502794,24.148295393202265,1.9996704373900134,363.8367573684837
06065045116,2.510450170212766,4.438671893617021,22.667173592258912,1.9996704373899987,383.5281204205579
06037402902,3.0649848048780486,5.168366682926829,26.069849211920722,1.9814317678900006,297.65620624455573
06085506802,2.840793624087591,5.148048233576643,23.761588234044517,1.9845928784999998,165.49945248505745
06085500800,2.071872,4.079492,22.958350006133358,1.9845928784999975,108.73015873015872
06085502302,2.2093704782608694,4.255323630434782,25.56683451429995,1.9845928784999973,132.0507840335967
06085501102,1.9383323684210525,3.955968697368421,19.135747957457845,1.9845928784999967,90.47243585274192
06085502703,2.537879727272727,4.681918579545454,22.188202886031196,1.9845928784999964,154.61303582468446
06085511917,2.9300880384615384,5.201271115384615,25.554359911367715,1.9845928785000126,156.69071782771243
06085511918,2.944704774919614,5.237604308681672,27.1902752723012,1.984592878500006,147.45313767433774
06085509110,1.771640985915493,3.89054961971831,21.277821188566197,1.984592878499998,126.223884499067
06085505011,1.4504984108527132,3.3090721782945733,26.745770481344998,1.9845928784999969,81.86363079041384
06085508705,1.522333,3.507549,19.543172419290016,1.9845928784999975,98.35841081710376
06085512515,3.180716703463203,5.4488074913419915,31.829693402265175,1.992271328490005,145.88751102632136
06085508509,1.522333,3.507549,20.226228973573676,1.9845928784999984,98.71838553687792
06085508005,1.9329481551724137,4.010757275862069,27.271570617242183,1.984592878499997,152.79866001619567
06085504508,1.662796,3.592563,27.131575226857063,1.984592878499997,81.3358084611731
06085512054,2.498211,4.658134,20.345036868200022,1.9845928784999987,145.23809523809524
06085505013,1.4901604464285714,3.365041928571429,27.042266411599996,1.9845928784999987,77.85017029397997
06085504902,1.45922,3.319891,23.864941542146024,1.9845928784999982,84.12698412698413
06085508707,1.1601923714285713,3.0219307333333334,22.042700731811447,1.984592878499997,73.30147495091896
06085508706,1.5215720789473683,3.4962130789473687,18.993648813960533,1.984592878499997,96.5737800298362
06085505901,1.875343,3.822307,21.52761835560272,1.9845928784999967,91.42250547231936
06085503221,2.310770789473684,4.419461666666667,23.709902432900037,1.9845928784999984,141.52400207860504
06085503220,2.3829293385826773,4.505702826771653,21.08019342322915,1.9845928784999969,123.89359714029904
06037404702,2.805021,4.779772,33.23726211152226,1.9836592167999978,226.1904761904762
06037404703,2.8043378,4.779723146666666,33.25241488645731,1.9836592168000016,232.52803508717145
06037900807,3.420284,5.352098,33.00915385179997,1.892840162840002,485.71428571428567
06037910211,3.275872819852941,5.330914106617647,25.7590177560413,1.892840162840002,492.5760753638143
06037900301,3.2101109830508476,5.225881457627119,20.663589201137995,1.892840162840002,437.5703971423976
06037900610,3.2097559444444443,5.227414416666667,23.855159041417323,1.892840162840002,438.4498665629799
06037901215,3.2677915172413794,5.331478431034483,26.132935953691057,1.8928401628400022,473.30604304462383
06037910720,3.02306531372549,4.878080823529412,19.270158634200012,1.8928401628400022,489.761880050452
06037261103,2.585937628205128,4.537270017094017,25.103561657505132,1.9836592167999954,189.16923990098996
06037400208,3.0361748823529413,5.0819368235294125,28.183680251199956,1.9836592167999991,272.078642084222
06037104824,3.018667111111111,5.283796,24.75822709846982,1.9836592168000031,290.88093077399753
06037910814,3.196972139938081,5.258441463777089,32.84821291362468,1.9836592167999882,330.6814545922529
06037920050,3.3416272587209304,5.4206435639534885,36.880688071579044,1.9765309770996464,284.9732496603652
06037910721,3.091543775510204,4.920738408163265,19.261410136703404,1.892840162840002,497.3949134967345
06037910719,3.050375,4.942165,19.14267679127635,1.8928401628400022,485.9123596233554
06037901217,3.3883594751461987,5.34147387134503,28.833356200654524,1.8962923491016401,353.6614899209327
06037910217,3.0734142747252746,5.039577923076923,26.063904083009977,1.8931728333673281,363.78351852211296
06037901013,3.3415920408163267,5.330105020408163,32.14004780383435,1.8928401628400022,500.6194410021401
06037901218,3.2744476981132076,5.324698430188679,26.726379268337084,1.8928401628400022,429.3014053986957
06037900808,3.3312861156069364,5.2772845202312135,33.00915385179997,1.8928401628400022,468.6500438147164
06037920120,3.3404255117370893,5.58859041314554,29.25355414565165,1.9836592167999956,321.23775651271126
06037800335,3.2425304483870967,5.568987530645161,27.279723813816343,1.9836592168000127,266.6838928506468
06037139704,3.1598563967213114,5.397246127868852,22.269090730889477,1.9836592167999947,258.1857963848067
06037430004,2.886396,4.878736,28.002742797737838,1.9836592167999987,191.33524720312644
06037800337,3.0589747155963303,5.400255486238532,31.945583060611046,1.9836592167999987,284.8532330652231
06037404903,2.805021,4.779772,31.346449166499962,1.9836592168000013,226.17294344397772
06037143606,2.807319,4.875013,25.240635603499992,1.9836592168,222.7761840330747
06037400605,2.9451434591836736,4.945162282312925,25.863727860189993,1.9836592167999947,200.0039096315695
06037189703,2.7822658606557376,4.781908172131147,28.486048070788556,1.983659216799998,186.35696553043235
06037463103,2.9162229705215417,4.946018782312925,32.713213885458785,1.983659216799994,236.49580106063607
06037143801,2.756962756906077,4.902423718232044,24.59399703808119,1.9836592167999962,234.8990355209435
06037189704,2.829365230769231,4.886286769230769,28.362814483815384,1.9836592167999991,210.94658372417337
06037430005,2.886396,4.878736,28.12844113248883,1.9836592167999993,191.2698412698413
06037800336,3.1594796252983293,5.4012864844868735,27.07083928408409,1.983659216799994,253.87678807885567
06037143802,2.780631465408805,4.883763698113207,25.67246340832778,1.9836592167999967,226.10550963293383
06037400801,2.9521424350282484,4.954440392655367,24.540452976156057,1.9836592167999945,207.63453570309673
06037139705,3.0731054195979897,5.315776045226131,23.79414394544203,1.9836592167999942,255.70631108296757
06037143605,2.807319,4.875013,25.308052095282605,1.9836592167999998,219.84126984126988
06037189501,2.677824,4.600372,26.4020363795727,1.9836592168000025,157.93650793650795
06037189502,2.677824,4.600372,26.372011671405872,1.9836592168,157.93650793650795
06037190303,2.7157616,4.6701136,23.275713641700005,1.9836592168,178.45418651994754
06037800324,3.2557043333333335,5.500168137254902,18.875944949458855,1.9836592167999991,277.81880385694734
06037431004,2.879074545454545,4.873938696969697,29.213118669247468,1.9836592167999993,217.9674116779251
06037143302,2.756683,4.902576,23.86894844098616,1.9836592167999973,234.92063492063488
06037143101,2.807319,4.875013,27.02863696239166,1.9836592167999982,219.84126984126988
06037311601,2.91847404494382,5.005543707865169,29.034283515637096,1.9836592168000002,216.998017482421
06037800334,3.1788650217983654,5.438467784741144,24.010731511076248,1.9836592167999942,260.4553066925498
06037431003,2.861345,4.860519,29.56529648825333,1.9836592167999991,222.22222222222223
06037800333,3.1952760322580644,5.442334333333333,24.24800193155914,1.9836592167999998,264.40093568732345
06037143401,2.8049559320987654,4.992802265432099,23.39174174470865,1.9836592167999967,253.532271615862
06037311602,2.846510838983051,4.935791101694916,27.874092483276257,1.9836592167999982,222.38917302329563
06037143102,2.807319,4.875013,26.12973214695201,1.9836592168000022,219.84126984126988
06037301902,2.9488795324675325,5.0173449480519485,29.795788104289617,1.9836592168000013,224.5834358939007
06037800206,3.1110192819148934,5.506341620567376,23.083865658237144,1.9836592168000033,278.6213192887168
06037143301,2.7894328666666666,4.958612,23.86050393029997,1.9836592168000016,253.90629214429816
06045011001,1.1568145104333867,2.9028260722311394,34.94222550492724,1.9279417468699978,89.40971724764937
06089011502,3.680306222047244,6.0576833385826765,35.72731970262548,1.9925546533900118,101.30211421848368
06089012606,3.3606604095860564,5.830876246187364,49.054876337356816,1.9756803072273668,101.56094737092148
06089011501,3.6245092352185093,5.9157174280205655,37.240566094383254,1.9925546533900125,90.67595988229851
06089012605,3.4106075301810868,5.839714339034205,34.326151777326324,1.9925546533900134,110.48886792151926
06065043602,3.4085070466321246,5.5143148031088085,24.38977807796263,1.9814317678900009,374.32467084495505
06037462600,3.021404,5.104488,33.01489200947769,1.9836592167999973,219.84126984126988
06037117405,3.07015,5.242859,23.483537635319994,1.9836592167999998,303.35312188643024
06037117301,3.07015,5.242859,20.86682838990006,1.9836592167999962,306.8124664559477
06037103300,3.064504931746032,5.3216494,20.205582874314633,1.9836592168000142,246.93720066746084
06037910807,3.1335091225806453,5.255280812903226,28.991578218948558,1.9836592167999947,347.01553887258797
06037920331,3.058935,5.249908,30.08036543495392,1.9836592167999978,289.6825396825397
06037920332,3.002016,5.137726,30.70818532503823,1.9836592167999956,307.9137526118202
06065044917,2.702150698296837,4.508402761557178,21.499507355183184,1.9996704373900187,438.48505599246926
06065044918,2.7534960064412237,4.606355268921095,20.110380797965654,1.9996704373900174,440.5479715204698
06065044923,2.7386376424581003,4.693289402234637,20.087011066299972,1.9996704373900038,558.8147528698427
06065044924,2.718337,4.681143142857143,20.087011066299972,1.9996704373900027,548.1006115017819
06065044925,2.7195772000000002,4.6860358600000005,20.86982485230393,1.9996704373900058,529.8869141105165
06065045118,2.729955118181818,4.584806527272727,20.034706757983642,1.9996704373900074,423.47166763111824
06065045122,2.8024304243542435,4.702035291512915,21.94420106933472,1.9996704373900103,621.0674526485477
06065045123,2.748635150259067,4.646747357512954,20.399345662168813,1.999670437390014,542.9711217276703
06073005102,1.31529528,2.67955644,34.373992720212,1.9781059053199999,252.2655893311226
06073005101,1.326795,2.711433,33.9859968077,1.97810590532,253.1746031746031
06073017901,0.7175404000000001,1.6181143379310343,35.680414733428265,1.9781059053200023,15.604667695140996
06073022102,1.1841680688622755,2.3791557574850297,39.158836029619394,1.9781059053200014,135.48312715346196
06073017070,2.0295246541666665,3.951483004166667,33.9484572153083,1.9781059053199928,282.9276585947201
06073008380,2.1647316826347303,4.231856700598803,30.12027854306941,1.9781059053199992,321.9107419607261
06073018301,0.6110405833333333,1.4844819833333334,32.93308781928666,1.7802953147880023,-41.90835955782411
06073017902,0.816477074468085,1.8343649042553192,36.89267748433401,1.9781059053200043,18.419702108744364
06073007912,1.096281,2.453603,36.91618231756168,1.9781059053200019,109.52380952380956
06073007602,0.7627458888888888,1.5145745555555554,36.0646559112093,1.7949479511237056,-14.31494633256568
06073013327,1.653835,3.395063,26.533089627931865,1.97810590532,250.1774917296133
06073017606,1.1844340773480662,2.42088291160221,36.14500597659181,1.9781059053199974,124.24006384674256
06073017605,1.0191313027522935,2.1413602935779816,36.960281577766544,1.9781059053199943,86.37912025900668
06073010018,1.7017688083832336,3.417255221556886,26.325354598861644,1.9781059053199992,256.06624270601014
06073013321,1.9992087192982457,3.9594870701754386,27.651699658180302,1.9781059053199934,337.6614255879064
06073020038,2.1547003438914025,4.063633208144797,34.48283034447441,1.9781059053200096,307.24422976722906
06073005103,1.326795,2.711433,33.98599680769999,1.9781059053199999,233.24535501712927
06073020712,2.7001791,4.903198091666667,37.17197817631411,1.9781059053200116,343.9011168627383
06073005401,1.230964,2.445795,34.59224042099999,1.9781059053199999,216.588340446998
06073000301,1.413074,2.526065,30.928356588943423,1.9781059053200025,208.7301587301587
06073000302,1.413074,2.526065,31.044053154157723,1.9781059053200023,208.91627292861764
06073001801,1.957387,3.584995,21.449697565599994,1.978105905320001,411.9047619047619
06085501101,1.945652585106383,3.9622733829787236,19.405362956840452,1.9845928784999973,90.69800919298658
06085503122,2.2739670444444444,4.354403966666667,24.173040159316642,1.9845928784999975,128.1849788373114
06085503121,2.241957962616822,4.3166064299065425,24.88154045550751,1.984592878499997,136.76089943035277
06085502301,2.2108584285714286,4.25852125595238,25.150363020836192,1.9845928784999967,131.9158781403964
06085503118,2.294550064935065,4.357827545454546,22.669297396744124,1.9845928784999978,111.12352280823043
06067005004,3.279712,5.276399,20.59031776989998,1.992554653389996,96.8253968253968
06067006705,3.285307986238532,5.287338444954128,23.947604216285782,1.9925546533900036,99.0100582875653
06067009335,3.222703785340314,5.264935738219895,22.005439870124135,1.9925546533900018,92.7032627178093
06067007434,3.332562691666667,5.329509983333334,23.682669757380047,1.9925546533900047,91.05798532185092
06067006703,3.2830986096256685,5.287917422459893,24.487526790215497,1.9925546533900014,99.87512069720354
06067006801,3.301391,5.287019,23.355733280000035,1.9925546533899994,85.41508327169723
06073015002,2.3027050655737704,4.298641442622952,33.59549024939998,1.978105905320003,379.9454720667889
06073015001,2.3161636530612246,4.294842066326531,32.950113847015416,1.978105905319996,383.58424685805966
06073014701,2.1103770596026488,3.9464601192052977,32.43554480794107,1.9781059053200012,371.697266891903
06073010201,0.8304081491228069,1.81666250877193,29.272218801177218,1.9781059053200047,9.662427943458288
06073020711,2.664357212264151,4.836611367924529,44.89107801553538,1.9781059053200085,337.60187100033903
06073010202,0.854631201754386,1.8658519824561404,29.45677695954739,1.9781059053200047,1.0374054874933325
06073009307,1.7706342048192771,3.345300686746988,25.295018343066257,1.978105905320004,369.6126868091579
06073021002,2.350052982019364,4.404251127247579,30.455802133899244,1.9996107844658966,536.4874912711286
06073009203,1.9022715346534653,3.6083527326732674,26.598110001312918,1.9781059053200045,377.2195152927953
06073009204,2.0129513379310344,3.872198144827586,26.784458549397918,1.9781059053200023,381.8656611027496
06073009308,1.7707002727272727,3.338818727272727,27.02774199187633,1.9781059053200025,352.0715786268004
06073007401,1.1128646000000002,2.219646153846154,36.31303600556771,1.9781059053200032,73.96909518734128
06073007303,0.8438996666666666,1.7062323921568627,36.71075359950004,1.9005331247192176,7.492072794964964
06073021401,1.15818,2.2783986666666665,36.448641327965795,1.9781059053200047,150.5541427943209
06073021501,1.590997,3.154365,30.65769687162721,1.9781059053199956,219.84126984126988
06073005601,1.413074,2.526065,33.579557388300024,1.9781059053199999,208.7301587301587
06073005802,1.413074,2.526065,33.49969360270001,1.9781059053199999,208.7301587301587
06073005801,1.413074,2.526065,33.48126349833078,1.9781059053199999,208.7301587301587
06073005201,1.326795,2.711433,33.500916359641366,1.9781059053199999,257.67662837685685
06073004102,1.326795,2.711433,33.50505400953674,1.978105905320002,253.1746031746031
06065044926,2.7197435384615387,4.686692082417582,20.811351697291137,1.9996704373900043,537.1261003780508
06065044930,2.811499300380228,4.686712901140684,19.635434541996172,1.99967043739001,532.3333539668237
06065045117,2.5492078481675393,4.4920638429319375,20.9328235316298,1.999670437390014,429.4218919344341
06065045119,2.787229536312849,4.6556964413407815,19.69201641660061,1.9996704373900038,512.2801606759609
06065045707,2.650599668202765,4.59669431797235,30.712616048518022,1.9996704373900072,602.3128082145344
06037405001,2.819263670520231,4.809597190751446,29.32764112989012,1.9836592167999965,225.4903290803404
06037405002,2.822845,4.815153,27.8656808149,1.9836592167999998,217.46031746031747
06037405102,2.834424722222222,4.82254374074074,30.84077667586291,1.9836592167999987,223.2206327323425
06037405201,2.838804,4.828914,29.639804510599895,1.9836592167999971,223.015873015873
06037405202,2.8379932080000003,4.8277345920000005,31.05747442901116,1.983659216799998,223.0501415471787
06037405203,2.838804,4.828914,30.726692883113955,1.9836592167999998,223.015873015873
06085502604,2.313970886792453,4.387707528301887,23.89309437468872,1.984592878499997,140.53238456811496
06037408401,2.756435,4.754566,35.32378028971092,1.9836592167999971,267.46031746031747
06037431900,2.849232,4.84168746969697,32.65094035324402,1.9836592167999976,240.8837321991894
06037432101,2.8220354320987653,4.808462333333333,32.33247787006905,1.9836592167999967,248.23483688951976
06037432102,2.809586112903226,4.781905947580645,32.30191389188156,1.9836592167999951,241.7918261747456
06067004014,3.320194,5.219951,19.137130493517734,1.992554653389995,98.4126984126984
06067003002,3.311855505050505,5.268946828282829,21.78751826167879,1.9925546533900023,84.99935530750125
06067006501,3.2779673626373627,5.277965956043956,23.224751552780717,1.992554653390001,92.6976415097322
06067004013,3.372811812,5.266974235999999,15.75186483443678,1.9925546533900051,106.78655051891567
06067006203,3.240492112149533,5.244288121495327,23.85299460444022,1.992554653389996,80.66418031787559
06067001601,3.305718407608696,5.282219081521739,22.458659174306046,1.9925546533900012,83.16225806545599
06067003001,3.348205,5.342914,21.52308789535882,1.9925546533899976,80.15873015873015
06067007437,3.343307180428135,5.339302779816514,22.724726860083273,1.9925546533900076,94.77874261147878
06067004603,3.314188,5.20949,22.222558360717624,1.9925546533899976,94.44444444444444
06067006803,3.301391,5.287019,23.46155405043864,1.9925546533899947,84.92063492063494
06067006901,3.301391,5.287019,23.849996664161075,1.9925546533899956,86.2978883480746
06067007109,3.3426309551569506,5.2977833632286995,25.216864195606746,1.9925546533900038,92.85531355051435
06067009653,3.332670135881104,5.228407091295116,27.364055562583008,1.9966900594199863,108.91784661480376
06067004016,3.402676827160494,5.286285395061729,19.0065591097247,1.9925546533899992,95.86067238443866
06067007021,3.344101,5.336202,24.637407696882594,1.9925546533899985,95.236589325692
06085512047,2.723666745454546,4.921329054545454,16.36708953885135,1.9845928784999962,160.65271266317262
06085503117,2.215911,4.271858,23.07197897469998,1.9845928784999984,116.66666666666666
06097153202,2.4065937794871797,3.8554623641025643,33.76045343663319,1.9279417468700029,100.0863288032402
06097151406,2.622465,4.317512,32.0470183804915,1.9279417468700015,92.85714285714286
06031001703,3.3828652522123894,5.312927982300885,15.172887249536755,1.9991352696300044,218.79640275123845
06031001702,3.373203,5.309335,12.844113797524646,1.9991352696300038,219.00529769417727
06031980000,3.4665733107142858,5.514669167857143,37.76731442173926,1.9991352696299811,219.0329002841341
06031000406,3.435494684931507,5.433585698630138,51.233052302700116,1.9991352696299978,231.7937528604737
06031000902,3.555803,5.524305,65.7099779766135,1.9991352696300007,205.5555555555555
06031000603,3.5641628603351956,5.556858960893854,60.54596981469222,1.9991352696300013,194.20393992617727
06031000604,3.555516440087146,5.550794867102397,61.28338914290361,1.9991352696299858,194.2421455442083
06031000901,3.5636292085106382,5.529885072340425,65.11435313485121,1.999135269630005,204.35981953178697
06037432201,2.803102,4.748678,32.27820348748004,1.9836592167999971,229.28433922309983
06037432202,2.8029352444444444,4.748648637037037,32.36057399646008,1.9836592167999976,229.49017412544123
06037460900,2.97342072243346,5.0697137148288975,32.71348335228442,1.9836592167999951,234.1269841269841
06031000407,3.4344166315789475,5.432301448621554,57.18949475469177,1.9991352696299896,231.6286948340738
06031980100,3.3202265894736844,5.368822215789474,44.597171628780146,1.9991352696300022,205.50437367159876
06065046800,3.1226976666666664,5.092706083333333,28.392875970912534,1.9814317678900009,394.6361847450706
06065940700,2.4857561704545454,4.517474375,29.482773738023013,1.99967043739001,347.55388054606675
06037461000,2.9999450704845816,5.1216070176211455,32.78973836145978,1.9836592167999956,229.52618341575393
06037461100,2.9999854669603523,5.097513625550661,32.89664589229823,1.9836592167999956,231.9544405075908
06037400402,2.967552237762238,4.989969863636364,25.902168400709705,1.983659216799995,226.05416737936676
06065940800,2.371547706744868,4.469085829912023,34.20578918023824,1.999670437390013,195.04991487570751
06065940900,2.614674647058824,4.531953529411765,24.486879311400045,1.9996704373900063,419.1288414294408
06001444602,1.594652182795699,3.8144207204301073,23.796107407463438,1.9845928784999973,96.82946835700604
06001450502,2.2557337055016182,4.953396637540453,32.184523701047965,1.9845928785000058,116.28901615183214
06001450751,2.738279909774436,5.248970781954887,32.911532873688714,1.9845928784999969,162.79127852069874
06001450752,2.687319834532374,5.165262435251798,33.42506696975116,1.9845928785000004,159.15843765789376
06001435602,1.133235,3.596162,18.268185778346282,1.9845928784999967,46.82539682539681
06001437101,1.0176788345864662,3.2509581691729323,24.77226652836498,1.9845928784999982,44.32797307184775
06001438203,1.2084288079470198,3.548967523178808,23.904208214743043,1.9845928784999967,69.4039781815563
06001443105,1.9158207440273038,4.248073720136518,22.18287273510714,1.984592878500003,109.56516394957868
06001443321,1.982896,4.207887,24.847166365438458,1.9845928784999982,111.11111111111111
06001451504,3.000244,5.18524,27.40808604460943,1.9845928784999973,142.06417307312287
06001403502,0.87058,2.844835,21.101553370399998,1.9845928785000007,47.61958040737361
06111003013,1.2424655220125786,2.469015886792453,35.459804977880374,1.9836592167999967,104.47477060148049
06061021328,3.376340966396292,5.3517213256083425,28.479769403598137,1.992554653390013,115.67242499903682
06061020607,3.3524258141702923,5.392920198881293,55.054668026557565,1.9925546533900143,133.82597206388388
06061021324,3.361161301242236,5.395406916149069,18.56404885094918,1.9925546533900076,96.76711740482132
06061020608,3.4737074838492594,5.535429773216689,58.72285241030063,1.9925546533900143,126.78633310149952
06061021325,3.368792174107143,5.38092834375,19.033847316693862,1.99255465339001,100.0037300334183
06061021327,3.315383994230769,5.263365367307693,25.333278070882624,1.9925546533900107,105.20391060357608
06061021323,3.3432389213197973,5.381942203045685,15.896702570968074,1.9925546533900091,95.27695105820708
06061021048,3.3797105833333334,5.384231273809524,20.953601912588052,1.9925546533899998,93.28063775772289
06061021047,3.3761266313131313,5.379938853535354,20.912510728021154,1.9925546533900023,93.03712515162432
06085502901,2.5421314633204632,4.696524845559845,23.769493240033874,1.9845928784999967,150.69409464230824
06111004716,1.1527042831858407,2.2329413451327436,32.44592071163095,1.9836592167999985,86.07653708038127
06085503337,2.4638063999999997,4.57907,22.623976570629956,1.9845928784999973,127.45749795749757
06085512043,2.545982,4.700184,18.92457379704484,1.984592878499997,130.15873015873015
06085503713,2.3364885,4.42523175,23.22736286440835,1.984592878499999,118.3960950370818
06085503902,2.3921157229729726,4.498279067567568,26.42962277386893,1.9845928784999967,124.05790223838002
06065941100,2.61462028125,4.565962375,25.986508708800084,1.9996704373900096,411.86196015613734
06065941300,2.9210820597014924,4.895598605970149,21.429306243900083,1.9996704373900127,626.1704515075457
06067001602,3.274681344370861,5.222112311258278,23.327876039948997,1.992554653389998,87.60743478156668
06067007438,3.339342,5.337255,23.58280115740002,1.9925546533899976,92.85714285714286
06067007435,3.321101708520179,5.316416390134529,24.35983849692205,1.9925546533900038,88.1749797705268
06065941400,2.573418923529412,4.640689011764706,28.562247810299976,1.999670437390003,327.5252635443288
06079012707,3.9005392166476627,6.580502984036489,44.4403685738339,1.9922713284900053,283.7067286203478
06079010303,3.7656166014986376,6.047733760217984,44.10215955775551,1.9922713284900053,252.6003912663958
06079010903,2.1756582608695654,4.090488739130435,37.72963403214786,1.9922713284900009,172.36730025724046
06079010104,3.859342,6.336151,48.08987636404922,1.9922713284900038,292.8778950960137
06079010103,3.856344831896552,6.377794922413793,46.157580170947924,1.9922713284900047,305.75021029408384
06037403316,2.9983353571428575,5.074510636645963,28.845963535868197,1.9835692887384102,294.0123691033528
06037403318,3.0365671302931596,5.124761980456026,27.123787733426877,1.981431767889992,286.3485148125211
06037405400,2.8650177810650885,4.871366118343195,27.563377113363362,1.9836592167999965,238.41904362502828
06037405500,2.863927,4.873226,28.53493799543895,1.9836592167999951,250.0
06001403702,0.7590853076923078,2.9266699615384617,21.101553370399998,1.9845928785000004,49.475139165066174
06001425101,0.71376,2.493074,25.966845353291674,1.3644076039687505,47.423329150119656
06001430101,1.6830252351598174,4.311764888127854,38.39993873201207,1.9845928785000195,92.85626544519172
06001430102,1.6900419758713137,4.304102286863271,37.27049999043868,1.9845928785000138,79.73254544153873
06037408624,2.736331458598726,4.764693694267516,31.374905105579675,1.983659216799997,274.8308269836132
06037408625,2.729639819188192,4.754722638376384,31.50630868781958,1.983659216799995,273.0261892825639
06061021326,3.397602488888889,5.396025933333334,20.654322052170347,1.9925546533899958,108.07621826471365
06085504323,1.901247,3.902069,18.744128417698665,1.9845928784999967,89.85600588152442
06037432300,2.78059,4.744714,32.56682572790322,1.9836592167999978,245.23819911250112
06037432401,2.77763230927835,4.733009731958763,32.915970390358716,1.9836592167999996,251.5873015873015
06037432402,2.776361566878981,4.731244280254778,32.99219969723751,1.983659216799997,249.85671546952136
06013381000,-0.021049956521739133,1.0687941739130435,24.966507756700068,1.9845928784999964,-14.763518776574085
06085511915,2.802718177419355,5.055097580645161,20.705987300008047,1.9845928784999969,160.98786321742537
06085504322,1.901247,3.902069,17.240344383928143,1.984592878499997,89.68253968253967
06085512038,2.740568,4.950994,26.065635862472433,1.9845928784999975,160.62648142054576
06085505006,1.6689711145038166,3.6019617022900765,21.611173000209167,1.9845928784999969,82.49435915256441
06037432601,2.775814,4.7295,33.03335787534704,1.983659216799996,251.58730158730157
06037461400,3.0027554015151514,5.083885462121212,33.33140777005451,1.9836592167999976,226.7241514201143
06037461600,2.9725615773195875,5.061064257731959,32.95724484249178,1.983659216799996,233.30284271602304
06037901003,3.372776,5.370968,27.609208802799987,1.8928401628400013,510.31746031746025
06037576401,1.993837,3.768257,30.180582144800002,1.983659216800001,169.64841890304544
06037570502,2.112951,3.968935,27.75183714286185,1.983659216799997,265.0793650793651
06037542501,2.125013,3.79146,24.40562156096997,1.983659216800001,259.5238095238095
06037461700,2.9558642192982454,5.0266003947368425,32.99788871895269,1.9836592167999985,228.94282705207817
06065040821,3.007081210526316,5.097483578947368,31.932434857037517,1.9814317678900009,344.7230147822328
06065043252,2.945020054545455,5.047987304545455,25.83974997337265,1.9781059053200096,359.63967849689044
06085506202,2.159546840677966,4.200928101694916,24.137175432349697,1.9845928785000035,145.1538078172402
06065043270,3.300371910714286,5.08763855952381,31.969906135967694,1.9781059053200016,342.35309796776414
06065043271,3.406098272727273,5.115758044226044,33.60946438793479,1.9781059053200074,342.36924173950194
06085508508,1.5210758260869566,3.488820086956522,18.610912197953606,1.9845928784999969,95.72119041682969
06085508507,1.5177066000000001,3.4386266,18.29686125009601,1.9845928784999989,88.84885291140479
06085508003,1.9261838636363635,3.997853,26.456750703763667,1.984592878499997,151.35174781167476
06081600402,-0.011684,1.684566,17.753031132200014,1.9845928784999984,-3.968253968253975
06037403321,3.011644,5.066147,29.017437498330732,1.9835877825783914,288.5831197060992
06037405600,2.863927,4.873226,27.223516783126808,1.9836592167999951,250.0
06081601901,0.1305449642857143,2.1333068571428573,24.17567783170002,1.984592878499997,0.0910405961209046
06081603802,0.8113140967741935,3.2722231532258066,24.206598116783475,1.9845928784999962,38.65713662850573
06081609201,2.111562274074074,4.674905681481482,26.28727818382003,1.9845928784999969,159.7942688242889
06081609202,1.85625,4.344362,24.954614927153038,1.984592878499997,143.65079365079362
06037408303,2.759626388127854,4.744261707762557,35.30732512285853,1.9836592167999956,259.41242766966366
06065045115,2.465830671686747,4.411716786144578,23.305856835591445,1.9996704373900127,367.6124922944931
06065045303,2.8825081612903225,4.787208720430108,25.9264520202506,1.999670437389997,654.3163739968429
06065048901,3.119819,5.048195,29.031707098184683,1.9814317678900006,439.7093747669253
06065048902,3.121854936842105,5.089308905263158,28.97101154632641,1.9814317678900009,436.1012508790577
06037408627,2.8176584479166666,4.851382364583333,28.930859616859397,1.983659216799996,294.535982824377
06085511302,1.8689255087719299,3.9509511052631576,16.544050634721074,1.984592878499997,127.30678526665352
06085512045,2.682929939849624,4.87103052255639,16.475304977147456,1.9845928784999982,156.2119915131813
06085512037,2.685037,4.873459,16.835389008292072,1.9845928784999969,156.34920634920638
06085512036,2.6923127333333334,4.866991400000001,17.859895451299973,1.9845928784999969,155.32726038409322
06013307102,3.292981887755102,5.246457178571428,23.484000753454087,1.9966900594200034,93.28833281252464
06013331000,2.9682402512562813,5.315021221105528,18.746517994770883,1.9845928785000162,131.36359330133834
06085512311,3.0059912166666667,5.326582933333333,31.558123070247877,1.9877602391208753,128.27187859675175
06073000902,1.7644122894736842,3.2742663157894736,28.401813743299982,1.9781059053200007,358.41930963746586
06073004101,1.363590097345133,2.814105318584071,30.345575377372562,1.9781059053200047,283.75125711864814
06073005202,1.3143599130434782,2.6318190434782607,34.10791375318698,1.9781059053199999,254.3497020109384
06073001202,1.807577,3.382614,25.77504932220488,1.9781059053200012,373.015873015873
06073000901,1.761044829787234,3.265813659574468,28.40181374329998,1.9781059053200019,358.5822538712088
06073019109,2.5405443768786125,4.720102856647399,38.28232841097547,1.978105905320022,365.9617540182728
06073017111,1.721258801862828,3.3100006689246397,37.86013693386784,1.9781059053199976,250.73949499226347
06073017059,2.3541067069597066,4.461403142857143,42.84120658977829,1.9781059053199939,315.8247306862406
06073021402,1.135463,2.25037,36.946440935837195,1.978105905320004,84.92063492063494
06073020042,1.8937104507042253,3.540691746478873,31.149591150655382,1.9781059053199945,227.2851508164564
06073017112,1.8751409642857144,3.549525872180451,41.48301331293072,1.9781059053200138,259.475049671455
06073020031,1.7168615665796345,3.2689085248041776,29.878124489283483,1.9781059053200059,216.31218494137028
06073017113,1.8091841200980392,3.43588131372549,37.88859366536561,1.9781059053200076,243.5357116036104
06073013323,1.808633,3.725685,28.973284052685212,1.9781059053199972,320.63492063492066
06073020043,2.0808511974522292,3.8412260636942674,39.75885084104461,1.9781059053199994,259.6330066640797
06073016618,2.390071977272727,4.408512886363637,30.70298325384695,1.9781059053200045,372.12775996699565
06073020110,2.85038627402863,5.012156394683027,41.83915994959009,1.9781059053200236,343.63915864807655
06073001802,1.9308078064516128,3.549088693548387,22.335970388922558,1.978105905320003,404.3827043163467
06073005302,1.2455328,2.4522166000000003,34.06564524399602,1.9781059053199999,212.8496185479615
06073001302,1.7575473137254902,3.2570345490196075,26.308027118505862,1.9781059053200023,358.65037405774456
06073001201,1.807577,3.382614,24.918607782112204,1.9781059053200012,373.09676768503743
06073021305,2.480914699779249,4.637526685430464,55.54873093450576,1.9781059053200225,389.9888917787014
06073021101,3.2279475257108285,5.190523843315184,39.38004235480788,1.9781059053199435,403.02299543255486
06073013322,1.7633741657142858,3.6437831714285713,28.07753414395377,1.978105905319998,306.5875080246652
06073015706,2.438028,4.600826,30.718938197299988,1.9781059053199999,414.28571428571433
06073015705,2.438028,4.600826,30.71893819730002,1.9781059053200023,414.28571428571433
06073015408,2.344748918309859,4.53961033802817,38.18761996676422,1.9781059053200034,402.3685041632437
06073013425,2.0131205384615387,4.004415456043956,31.729793322658374,1.9781059053199974,352.07780200281934
06081614000,0.2170288987341772,2.288448877637131,26.042462035950134,1.9845928784999962,14.51667724141799
06081600401,-0.011684,1.684566,17.823997622227044,1.9845928784999978,-3.964671229481385
06081603801,0.938325,3.475145,23.995070129061308,1.9845928785000009,47.61904761904759
06081984300,,,,,36.08631903935061
06065040404,3.1340980416666664,5.268348791666667,39.31677863847291,1.9814317678900006,320.3214701420442
06065043316,3.274305677740864,5.246360651162791,26.886584696797314,1.9814317678899929,439.90660976960606
06065044515,3.2259542270916333,5.0218494701195215,30.028408936739968,1.9996704373900094,679.5394582399472
06019000502,3.66641724742268,5.757752381443299,42.731062902299996,1.9991352696299973,204.3527389164201
06037405900,2.872377,4.866552,22.00953481708778,1.9836592167999967,238.09523809523807
06085512313,3.1520073333333336,5.301782025252526,34.43110187909134,1.9922713284900044,145.08811106879185
06085512314,3.056291304477612,5.350763540298508,35.55145391748207,1.9916524683415568,137.89651414329722
06085512604,3.1058870921052635,5.454213684210527,32.05227628869668,1.992271328490004,156.7170120159184
06085502603,2.2243698074534164,4.270478614906833,24.497283313019768,1.9845928784999967,133.0127863999186
06037117530,3.033249,5.212343,24.95888327357912,1.9836592168000027,290.4761904761905
06037119310,3.0341749672131146,5.214067868852459,22.72300396599506,1.983659216800003,290.2350364752389
06013359104,1.7097334375,3.70744309375,40.70993454381096,1.9845928784999982,69.76316607430459
06097152702,3.0797273343108507,4.574818343108504,30.712551350007388,1.9279417468699993,81.69422524488554
06097152701,3.037172998242531,4.603525746924429,29.98983426530454,1.9279417468700053,75.9613650451146
06097150701,2.159853322429907,4.79191535046729,33.75042802236107,1.9845928784999964,143.9879753788383
06097153002,2.737170995169082,4.349119521739131,27.892272218042468,1.9279417468699935,91.79593764258898
06097150800,2.1979729236842105,4.928971552631579,37.97729029090601,1.9845928785000144,155.64313744721537
06097152300,2.800758071770335,4.571611511961723,22.975024549876405,1.9279417468700055,92.45068223481528
06097153404,2.6848328458692974,3.8763949654747223,27.425423986991557,1.9279417468699795,89.79249737903154
06097151309,2.088105683333333,4.2926179205128205,38.44219744303896,1.938836195260377,121.46046507846
06097151307,2.097508702312139,3.843296421965318,32.28406137685691,1.92794174687,98.04894890468348
06097151204,1.5797803333333333,3.595161090909091,32.7725689517443,1.9466693936898365,82.1251152756482
06097152501,2.8366271673003802,4.658686254752852,25.446828892486604,1.9279417468699898,84.22328485072703
06013368001,0.306999,1.319406,27.90098242409726,1.984592878499997,-19.04761904761905
06013304003,3.2636179448441247,5.146040441247003,23.78071126144283,1.9966900594199894,93.56655781586493
06037221602,2.482595,4.275402,20.310962919787187,1.983659216800001,202.38095238095235
06037234902,2.060052,3.698858,18.86414211500002,1.9836592168000027,191.2698412698413
06037236203,2.038306,3.5934183043478263,16.98174590715,1.9836592168000018,164.24768421489952
06037236204,2.030185,3.579906,17.513747858587504,1.9836592167999998,161.90476190476193
06037237101,2.210483,3.918853,19.99151854787427,1.9836592168000022,217.46031746031747
06037237202,2.1531021030927837,3.8349373814432988,19.902350289698965,1.9836592167999996,208.38572919194465
06037119340,3.033249,5.212343,24.98710762387778,1.9836592168,290.4761904761905
06037408705,2.8844362761506277,4.935002368200837,28.843239079749026,1.9836592167999954,290.36915686164406
06037432602,2.7762253661971834,4.730208056338028,32.86020069435215,1.9836592167999973,251.1938845635973
06037432700,2.7781705789473685,4.737006907894737,32.952297581007954,1.983659216799997,247.3525528042875
06037432801,2.78059,4.744714,32.533948269871836,1.9836592168000031,245.23809523809524
06037432802,2.78059,4.744714,32.29762647431443,1.9836592168000013,245.23809523809524
06037432902,2.7846462162162164,4.745428234234234,32.32842782590624,1.9836592167999987,242.53950969956617
06025011001,2.447818498777506,4.385065459657701,16.01153607362293,1.9996704373900145,524.9181674060717
06025011302,2.5256861129032258,4.480115080645161,15.169921283141399,1.9996704373900045,509.5216136313819
06025011002,2.478781848082596,4.40602301179941,15.776173854231452,1.9996704373900178,542.5616585134244
06025010401,2.566725447058823,4.474129517647059,16.54338997087883,1.9996704373899972,577.9120545472485
06025010402,2.602823,4.583376,16.5356229046589,1.9996704373900052,588.3259563969154
06025011303,2.5064542781065087,4.460204630177515,16.77805207751486,1.999670437390013,573.1472201439797
06025011901,2.548557264864865,4.543689778378378,14.654856213509659,1.9996704373900045,505.8178519851618
06025012102,2.5150079266055045,4.632798376146789,13.242924332346798,1.9996704373899965,596.9752689447373
06025012003,2.496276,4.618047,13.73455046914117,1.9996704373900043,610.1378410985683
06025011903,2.6050467944664035,4.579787173913044,14.855862411120086,1.9996704373900094,620.8035452862756
06025011902,2.545737318181818,4.5325185,13.550726792499978,1.9996704373899965,604.7917077142508
06025012004,2.496276,4.618047,12.526753439014055,1.9996704373900045,613.9266259680646
06025012101,2.508650424242424,4.627791848484849,12.367652417851513,1.9996704373899967,605.4403745188979
06025011301,2.5606925,4.53473625,16.85245191009755,1.999670437390002,540.9578977446637
06025012202,2.598365,4.698442,13.27863551109805,1.9996704373899967,579.3799286339178
06025012201,2.598365,4.698442,13.734632479869523,1.9996704373899987,579.9424906297002
06051000201,4.1586591875,6.5239386687500005,42.363847289570344,1.9547875284999943,153.60919501617016
06051000202,4.190910983660131,6.580116599673202,41.502703692387385,1.9547875284999934,161.53163196958334
06037237401,2.210483,3.918853,19.773040396800006,1.983659216800002,217.46031746031747
06037237402,2.210483,3.918853,19.77304039680001,1.9836592168000013,217.46031746031747
06037239202,2.351184,4.11816,20.39090766570001,1.9836592168000018,236.50793650793645
06037239501,2.351184,4.11816,20.529307683400013,1.9836592168000025,236.50793650793645
06037239502,2.281450705882353,4.032788058823529,20.52930768340001,1.9836592168000022,234.57194993563655
06037239602,2.2802081311475413,4.031266819672131,20.5787500883951,1.983659216800003,234.9632576887023
06037239701,2.196558,3.928857,20.584901908371446,1.9836592168000027,230.9523809523809
06037214902,2.407743,4.131015,20.285778487541943,1.9836592167999998,151.58730158730157
06037234501,2.060052,3.698858,19.21206170590446,1.9836592168,191.26204310027455
06037234502,2.216968,3.890689,19.224732607016144,1.983659216800003,189.6825396825397
06037265201,2.312774516129032,4.065418048387096,21.60045645740001,1.983659216800003,148.01874606522378
06037275101,1.5732431702127658,2.986818255319149,19.658317304100017,1.9836592168000018,106.62393553857484
06037119700,2.9841758034682084,5.197321196531792,28.427495212941107,1.9836592167999965,304.00328512962295
06037119900,3.029552417266187,5.21274228057554,26.460635216999922,1.9836592167999973,291.9631188402153
06037120020,3.06941315,5.212074599999999,26.596082854945028,1.983659216800003,289.0683700995604
06037120030,3.099002,5.211855,26.851877844100002,1.9836592167999998,287.3015873015873
06037462100,2.983533,5.062649,32.79113054603917,1.9836592167999971,234.1269841269841
06037462400,2.997528804347826,5.078111239130434,33.05517179187396,1.9836592167999962,229.11104399101075
06037295103,2.547645,4.740471,26.202732551963308,1.9836592167999973,290.4761904761905
06037102103,3.097324,5.316822,26.154975685115364,1.9836592167999991,272.1908311208138
06037533001,2.402771,4.201347,20.2648953895,1.9836592168000031,244.44444444444449
06037536104,2.3308420792079207,4.1512068217821785,30.71651988144154,1.9836592167999991,270.1911884790351
06037600304,1.9957986607142857,3.603475089285714,18.02009335399999,1.9836592168000027,206.9368620869329
06037910715,2.9911669204545452,4.867183147727273,19.305366172501824,1.8928401628400022,475.08242956035826
06037104201,3.0631411519999996,5.358469568,23.261540490639952,1.983659216799998,227.9863449034119
06037910716,3.0006317759197327,4.87373491638796,19.49448738199926,1.892840162840002,474.8162879194534
06037104310,3.0334071875,5.313675546875,22.71034838798201,1.9836592167999978,278.1639201166866
06037104401,3.0283783125,5.304054375,22.442435963480015,1.983659216800001,285.61848451031966
06037124700,2.885315,5.09453,23.51776932781161,1.9836592167999965,288.8115917747353
06037602802,1.963295,3.555215,17.27211920240003,1.9836592167999965,207.14285714285705
06037603006,1.788372,3.317627,19.149386761499972,1.9836592168000007,208.7301587301587
06037603801,1.254388,2.53984,17.7270406906946,1.9836592168000018,99.2063492063492
06037700101,2.458746,4.192447,23.88600632360961,1.9836592168000007,151.37088715553705
06037700501,2.407743,4.131015,22.286267869101298,1.9836592168000016,151.58730158730157
06037700502,2.407743,4.131015,23.110127442703366,1.983659216800003,152.17839545706735
06037700801,2.406964151785714,4.1303963928571426,20.46811550088754,1.9836592167999985,151.52281138591232
06037700802,2.4111432,4.135110466666667,20.27871746753337,1.9836592168,151.3311537703731
06037701402,0.8420539210526315,1.6997011315789474,25.415426183939452,1.9836592168000013,-51.44301810653102
06037104500,3.024288,5.303154,23.806206350033307,1.983659216800002,287.3118611884848
06037104610,3.024288,5.303154,23.66068490421366,1.9836592168000018,287.3015873015873
06037104620,3.024288,5.303154,23.662864026599955,1.9836592168000018,287.3015873015873
06037104701,3.024288,5.303154,22.713813771324226,1.983659216800003,287.3015873015873
06037125200,2.879495,5.112711,24.612502846928177,1.983659216799998,280.1587301587301
06013303204,3.4318811637931033,5.340032068965517,28.78814361254864,1.9966900594200059,126.13190828047614
06013355110,3.44992737195122,5.374280152439025,20.88496467412859,1.9966900594200006,98.5170151867574
06013306004,3.039375779661017,4.890633186440678,22.278226827613548,1.9966900594200019,69.0334530348303
06013304004,3.289522922693267,5.182696556109725,25.769234837157992,1.9966900594199908,108.87219437680108
06037106642,3.111903909090909,5.3601787373737375,22.453974081159593,1.983659216799996,227.72752224692331
06037106643,3.1103578390557938,5.359703347639485,23.37071488666484,1.983659216799994,225.3191624516881
06037107010,3.159378,5.467964,25.715082819700022,1.9836592168,225.39682539682545
06037107020,3.159378,5.467964,25.697201814253877,1.9836592167999978,225.39682539682545
06037108101,3.10310175,5.33304025,21.189310101044967,1.9836592167999973,242.89412124972608
06037108102,3.10053152892562,5.3375998016528925,21.211165224615367,1.9836592167999954,238.7558132128865
06019006602,3.778514959276018,5.8173074977375565,58.402827775440635,1.9991352696300042,209.65333204105508
06013303202,3.410257585106383,5.321614136170213,25.758222828012894,1.9966900594199863,106.90692285732746
06013320003,2.7917313255813956,5.231491031007752,35.57659587603023,1.9845928784999969,130.61550242006354
06013392300,1.769872,3.830762,42.31081220572371,1.9845928784999967,71.02298715159444
06037980018,2.014998,3.816185611111111,24.85780337105,1.9836592168,238.4168609772671
06037600303,1.9996991000000002,3.6092663,18.02009335399999,1.9836592168000022,206.91245885917172
06037602505,1.5457485,2.9723188181818183,15.4492240088,1.9836592168000016,158.3819619699993
06037602506,1.655995888888889,3.114300888888889,15.449224008799998,1.9836592168000005,168.11136056361326
06037106010,3.121374186440678,5.366394474576271,29.19613488901185,1.9836592167999962,216.86595724032915
06037123104,2.994983,5.233434,28.756390638271032,1.983659216799999,269.0476190476191
06037123204,2.963113,5.202726,29.104793838823262,1.9836592168000013,293.6507936507936
06037123206,3.077388,5.325757666666667,29.249048468538923,1.9836592168000025,302.0606908924417
06037123301,2.963113,5.202726,29.024816401479438,1.9836592167999991,293.6507936507936
06037123303,2.949695,5.153757,28.567353251113133,1.9836592168000013,302.3809523809523
06037125310,2.9837408053097345,5.221682203539824,27.130183991472514,1.9836592167999985,270.66031507246964
06037125600,2.919396111111111,5.089069986111111,27.25164308204853,1.9836592167999971,251.22982231632255
06037127210,3.099002,5.211855,27.065734373227254,1.9836592167999987,287.3015873015873
06037127220,3.099002,5.211855,27.151981039295077,1.983659216800001,287.3015873015873
06037127300,3.132379391304348,5.2854021304347825,26.0594606272878,1.9836592167999985,316.0708773052909
06037127400,3.1436414782608697,5.314330304347826,25.637118874085473,1.9836592167999973,328.5504986810206
06061021003,3.3979833829787234,5.404821425531915,17.334119142707486,1.9925546533900096,102.44045790706126
06061020105,3.938481739696312,5.526063724511931,29.563165141381763,0.9968611032359875,182.38645230506216
06061020601,3.302123359975217,5.345145345724907,48.28137232948591,1.9925546533900143,117.41864139674608
06061021304,3.4578437953281425,5.404714911383018,46.094452394552015,1.992554653389907,116.7604015737248
06037602507,1.528949,2.964315,15.449224008799998,1.9836592168000011,150.79365079365078
06037240402,2.09431375308642,3.752105716049383,20.04689205630862,1.983659216800001,210.00815229749273
06037241001,2.102287,3.790126,20.86441721700775,1.9836592168,233.33333333333331
06037533805,2.500129,4.367721,29.670342444225867,1.9836592168000027,261.90476190476187
06037402405,2.9923866875,5.08708375,27.103615686974987,1.9836592167999996,285.80250886633615
06037402705,3.074152,5.182613,27.660154418022692,1.9814317678900009,323.015873015873
06037402706,3.0820015,5.1960674000000004,27.903752796474702,1.9814317678900006,322.4729363465446
06037402803,3.048547,5.161024,26.51271521335165,1.9814317678900009,303.1746031746031
06037402804,3.048547,5.161024,26.678151912036064,1.9814317678900009,303.1746031746031
06037402903,3.048547,5.161024,26.38045092082499,1.9814317678900006,303.1746031746031
06037104108,2.9933622962962962,5.276577496296296,22.024495087503766,1.9836592167999976,262.15711194642654
06037106406,3.1578450858369096,5.3868716781115875,28.931636799951583,1.9836592167999954,217.3122405127419
06037109100,3.094110885496183,5.323667702290077,21.60914320272062,1.9836592167999976,259.19196136121144
06037109200,3.0826279677419355,5.289396096774193,21.364440560103226,1.983659216799998,262.02579027046244
06037109300,3.078241,5.282049,20.70769574809933,1.9836592167999971,269.0476190476191
06037127520,3.102049,5.251577769230769,25.93416005100001,1.9836592167999998,308.93947859029737
06013370000,0.16356817266187051,1.3382779496402877,24.036554414405078,1.9845928784999969,-13.217590832623912
06037106646,3.0963268547486034,5.314547782122905,22.099093109700625,1.9836592167999962,252.69428383162665
06037407801,2.815025654676259,4.853988561151079,28.705690476336635,1.9836592167999973,282.4071742729497
06037408005,2.8960894207650276,4.937896038251367,26.365969663257136,1.9836592167999942,281.536882056362
06037408140,2.8767531067961167,4.925426601941748,26.19016834150481,1.9836592167999991,289.39855861437184
06037108104,3.093078,5.349565,24.136511268840014,1.9836592167999993,223.8095238095238
06037111100,3.0852455581395346,5.294648023255814,19.82699098879535,1.9836592167999978,268.17746867786275
06037111201,3.112173650406504,5.343083292682927,19.616012936171515,1.9836592167999951,264.50977628335966
06037111202,3.121269,5.359443,19.54354492121354,1.9836592167999951,263.49206349206344
06037111204,3.106443,5.327532,19.660552629388647,1.983659216799994,250.7936574391339
06037111302,3.121269,5.359443,19.278249352471196,1.9836592167999956,263.49206349206344
06037127920,2.9931641265822786,5.1706716075949375,27.929473592600022,1.9836592168000011,298.0807317748628
06037128210,3.067289,5.202841,25.616282440999996,1.983659216800002,281.74603174603175
06037128303,3.067289,5.202841,24.964779445499982,1.9836592167999998,281.74603174603175
06037128400,3.0686045488721803,5.205212248120301,22.95705527424733,1.9836592167999976,282.5308398706323
06037128500,3.067289,5.202841,23.080259091399977,1.983659216799998,281.74603174603175
06037123304,2.9543912999999997,5.170896150000001,28.45518373908997,1.983659216800001,297.897521754663
06097152000,2.783567808510638,4.5156695,26.45647069287444,1.9279417468700024,92.61122896334868
06037408504,2.727068505376344,4.7357634139784945,33.92269531998056,1.9836592167999962,266.2618667116455
06013306003,3.0949954892703864,4.957188231759656,22.869479810109944,1.9966900594200059,75.8738998660244
06013313205,3.008346,4.996416,30.737897313945336,1.984592878499997,107.95829757308104
06013333101,3.0281288576642336,5.419356624087592,20.303244210771204,1.9845928784999998,157.59979474733478
06013333102,3.0966953197026026,5.533616602230484,21.65492063578802,1.9845928784999987,166.66499850878458
06037109800,3.078241,5.282049,20.768262122616758,1.983659216799996,269.0476190476191
06089011600,3.653073574421169,6.123200980154355,43.240555554367575,1.992554653390013,82.26370054950263
06089012302,3.754365516493874,6.201953008953817,27.292721731035673,1.9925546533900007,102.47164408720673
06089010500,3.667243462395543,5.9495608022284125,27.374806616181182,1.9925546533900085,95.14168437902131
06089012500,3.6003214480651735,6.120247266802444,44.72030133153307,1.9244139652199923,96.220680258904
06089012303,3.630033741689751,6.079477478531856,32.72077550780427,1.992554653390014,95.38874973293616
06089012701,3.4265508023255813,6.061686322997416,31.31774653913764,1.9244139652200194,115.32003074375316
06089011900,3.6672710718446604,6.050320308737864,29.36427212244756,1.9925546533900138,106.3186824741422
06089012200,3.6422032273819056,6.075562191353082,31.259452517159993,1.9925546533900138,103.06495558370864
06089012702,3.3255566167854314,6.027427053840063,26.87948341315264,1.924413965220044,148.324022597578
06089010702,3.6546602208029197,5.954842370437956,33.91291152769424,1.9925546533900111,93.07751059445808
06097152100,2.7480308333333334,4.37942019047619,23.937361065496827,1.927941746870003,90.63218622404828
06037123510,2.949695,5.153757,27.85316614066444,1.9836592167999982,302.3809523809523
06097151900,2.65090788,4.35803824,26.950722602363964,1.927941746870003,92.85714285714286
06037123520,2.937203358208955,5.142265194029851,26.33069033197011,1.9836592168000027,299.37910397435314
06037123601,2.885315,5.09453,25.653660227484387,1.983659216799998,288.88888888888886
06037123700,2.8992818175182484,5.1098988102189775,27.211971647499947,1.9836592167999973,291.3453227368717
06037123800,2.884413705882353,5.118006,26.315127982950983,1.983659216799997,281.2465143237541
06037401001,2.969835,4.984213,26.428001835271303,1.983659216799996,210.3174603174603
06037401002,2.969835,4.984213,25.77431952509998,1.9836592167999962,210.3174603174603
06037401101,2.9646515,4.97873725,23.351712192205774,1.9836592167999958,231.95024197539533
06037401102,2.969835,4.984213,23.072297533200043,1.9836592167999973,210.3174603174603
06059021813,2.561807,4.5233115,20.778723528435712,1.9836592167999998,253.9690258061703
06059032057,2.5223756859205775,4.819480888086642,20.276568240802206,1.9781059053199945,339.5778461338394
06037113211,3.130928713375796,5.387490420382165,24.49902285181078,1.9836592167999947,236.1037818552305
06037113212,3.131025,5.387684,23.56631544732018,1.983659216799998,232.53968253968253
06037128910,3.067289,5.202841,22.453877996704023,1.983659216799997,282.36586150250247
06037131100,3.174097251612903,5.41982504516129,21.849396179837363,1.983659216799997,321.4038827222877
06037131200,3.1730786258503403,5.418311891156463,21.629209897163893,1.9836592167999971,321.1453224818316
06037403323,2.9436146015625,4.97271609375,30.240086835815607,1.9836592167999951,289.34591755367103
06037403324,2.9354036335664335,4.9505766181818185,32.65110809166293,1.983659216800025,294.87539556353755
06055201004,1.8919280153256706,3.9304127088122605,28.519140409616096,1.984592878499997,78.218126170112
06055201601,3.85622056,6.035636156363636,37.55308356643766,1.9845928785,126.84616372386512
06055200301,2.489522173160173,4.510696285714285,37.13446884175697,1.9845928784999962,85.73289614740618
06055200505,2.677178609195402,4.791382655172415,41.0384142705655,1.9845928784999975,105.3807662457123
06055200707,2.8942620432432435,5.042083594594595,38.21286981948012,1.9845928784999964,114.90418885627147
06055201602,3.7720666574585633,6.103451889502763,38.156435159030885,1.9845928785000124,132.4286234754303
06055201007,1.7938498961748635,3.6968044207650275,28.205694143081907,1.9845928784999964,76.32775441322937
06055200302,2.4849450555555554,4.507424661111111,38.59328602813332,1.9845928784999964,86.52884199767047
06055201003,2.2436142890484736,4.282318515260323,33.77433103065766,1.9845928785000262,97.55992605371138
06037241202,1.9780875639097744,3.577812864661654,19.790580507210485,1.9836592167999976,210.02767269533103
06037406500,2.860164874045801,4.871531790076336,28.352859975782547,1.9836592167999951,252.7645764501874
06037406601,2.834058,4.859775,29.190176707980648,1.983659216799995,268.25396825396825
06109004201,3.8728522955367914,6.010781389626055,51.47859868177892,1.9966900594199757,119.1460649850093
06109002202,3.8979542875436555,6.147068571594878,71.39565177612931,1.9966900594199752,94.88952223830547
06109002201,3.966681574291638,6.215382714581894,75.87317904513279,1.9966900594199697,97.82145245864098
06037262501,1.748693,3.21231,29.97988317771504,1.9836592167999958,64.28571428571428
06037264103,1.9346761923076923,3.384146730769231,22.052261261315383,1.9836592167999998,84.61524933917833
06037239702,2.196558,3.928857,20.581694549238478,1.983659216800003,230.9523809523809
06037239802,2.196558,3.928857,20.529307683400017,1.9836592168000002,230.9523809523809
06037265601,1.9816859493670884,3.492060050632911,19.58495596880635,1.9836592168000011,120.45513176267872
06037461501,2.983533,5.062649,32.998460079848556,1.9836592167999973,234.1269841269841
06037650605,1.176972641509434,2.4567507169811322,22.117127898000014,1.9836592168000025,68.34194493059705
06037900508,3.2314679444444443,5.250324654761905,22.839993123945945,1.8928401628400022,452.9615407762028
06037901008,3.420284,5.352098,33.533599187809145,1.892840162840002,485.71428571428567
06037106649,3.1576654180327868,5.4642655409836065,24.092571228113137,1.983659216799998,226.9289796586832
06037108202,3.1163847151515154,5.376087054545454,21.214048371529113,1.9836592167999967,211.88569202564665
06037102104,3.140125546666667,5.371770233333334,28.568092753887363,1.983659216799997,279.64798376677356
06097152201,2.800233,4.570801,23.644610360331214,1.9279417468699986,92.85238981057935
06097151308,2.002538588235294,3.7775261411764705,30.648554920326173,1.9279417468699902,97.95372691688952
06097150702,2.4679052918032784,5.309340491803279,40.267401922228906,1.9845928785000286,167.58330974467225
06097150303,3.136224503294893,5.467314101317957,36.50990388235242,1.9845928785000064,116.46886259989236
06097153902,3.4503861148936172,4.672962408510639,37.44312047973522,1.9279417468699915,89.6125260875406
06097154100,3.6368865433012583,5.416936542561066,34.614923480173225,1.9279836796099223,89.44372358917245
06097153403,2.5344493101920236,3.8049160649926144,28.35481045726219,1.9279417468699915,90.25451191380684
06061021401,3.394110570093458,5.312134719626168,25.91254639619215,1.9925546533900034,113.62456208471072
06061020604,3.294140875754961,5.338379438308888,37.15704692309675,1.9925546533900136,129.86803596090692
06061021802,3.54867765131579,5.6934624945175445,52.041962195968274,1.9925546533900131,117.47103999848648
06061020606,3.3456902806236077,5.37053191091314,26.065509125176472,1.99255465339001,125.51103322296755
06061020605,3.2785612213592232,5.291656588349515,29.54407995932735,1.9925546533900134,122.4638219898412
06061020300,3.479152147582697,5.651789119592875,46.72947818746609,1.9925546533900091,115.672312501168
06061020107,3.758788719367589,5.139889256916996,24.05886433266205,0.9968611032360001,199.64630242759245
06061020200,3.7130648210526314,5.835240178446115,44.85168540708663,1.9925546533900147,95.58319870288103
06061021902,3.584280398848684,5.675090206414473,56.436717242108095,1.9925546533900138,115.53681781582677
06061020106,3.7720890323383087,5.4375756815920395,28.606268096629634,0.9968611032359899,202.65123106504333
06037113237,3.167368198653199,5.475314407407407,26.734488800644012,1.9836592167999947,270.9843313249297
06037408505,2.7360692746781115,4.736992060085837,34.721319774455765,1.9836592167999954,265.36945096191977
06037408631,2.759748,4.7890725,32.82697566491917,1.983659216799996,276.2475918272503
06037190401,2.725246,4.687549,24.413983976499996,1.9836592168,185.7142857142857
06037190402,2.725246,4.687549,24.413983976499996,1.9836592168,185.7142857142857
06037190801,2.615268857142857,4.4808327142857145,23.275713641700005,1.9836592168000002,158.59384409932525
06037207501,2.577516,4.412401,23.86022406109999,1.9836592167999998,222.22222222222223
06037208501,2.681398,4.567392,23.611586160678115,1.9836592167999998,189.6825396825397
06037185203,2.794513,4.783754,26.108432334599975,1.9836592168000025,198.4126984126984
06097151000,1.7965557926267282,4.405824269124424,29.71098321219628,1.984592878500028,120.32001976332896
06097152502,2.9224093913043476,4.706544304347826,27.015110042842966,1.9279417468699918,86.61120919124204
06097153003,2.702475157635468,4.201432172413793,28.889768802590638,1.9279417468699938,95.05582993110384
06097150603,1.9405479593750001,4.490011359375,28.957755676553678,1.9845928785000073,126.25026199836798
06097150601,2.133852,4.668615,32.40287913204096,1.9845928784999967,136.5079365079365
06097150100,2.6586252604065828,4.808050872216844,39.5419340576783,1.9845928785000382,98.35330409106918
06097150304,3.2679827280000002,5.431364168,39.75172719035279,1.984592878500014,102.58633639987922
06097152801,2.8795198135593223,4.421210837288136,27.35231736128562,1.9279417468699942,82.12440144727069
06097153006,2.8164012522522524,4.233774666666667,30.695980585624056,1.9279417468699986,85.90319255639014
06097151100,1.5782976383442266,4.061368091503268,33.03359373162501,1.9829266687461284,102.89937825887256
06097153502,2.481327111684958,3.684896375726275,28.47087944524737,1.941985668461914,88.96650729238264
06097153705,3.245010959687906,4.781274482444734,34.911046183600604,1.9279417468699829,90.8762486164641
06097151503,2.6843043035019454,4.691944391050583,34.17769193270154,1.93576709773719,109.16668057428528
06037433200,2.7802587167630057,4.743658693641619,33.02247582138563,1.9836592167999965,246.51510090646647
06037185204,2.7987952155172415,4.7859764568965515,26.249084288893073,1.9836592167999982,201.90574658895807
06037211121,2.597877,4.44247,22.543451117900002,1.9836592167999998,184.92063492063488
06037211202,2.597877,4.44247,22.241011247637935,1.9836592167999998,184.92063492063488
06059032059,2.3218,4.538566,21.825356149618404,1.9781059053199985,330.1587301587301
06037577604,1.0959031860465116,2.593738581395349,32.51646503287907,1.9836592168000013,57.69481002377742
06067007017,3.3811083125,5.33305215625,27.400746138117242,1.9925546533900018,92.27626629819702
06037462700,2.9642022040816327,4.997230367346939,33.09195102586427,1.983659216799996,226.70821986858056
06037462800,2.970031419354839,5.0081605806451615,33.186009584251636,1.983659216799998,226.42610401580544
06037463000,2.9396394093959732,4.989484194630872,33.14660502059997,1.9836592167999971,232.2393230528433
06073021001,2.566066053663571,4.500695814241485,22.436993621434183,1.9996704373900194,540.7877382088088
06073013423,1.7360152037037035,3.690397172839506,32.64292459306408,1.9781059053199996,361.00745358890777
06073013320,2.064538497206704,4.0746336927374305,28.8732082542653,1.9781059053199976,345.0729651951825
06073020812,3.2257452311320756,5.526862655660378,39.84685808921923,1.9781059053200085,338.031152237888
06073021102,2.9152888854886476,4.673101033563673,48.022585397744855,1.9884149522765855,394.6765653728326
06073010016,1.9780623121019107,3.9294007961783444,27.88350296004557,1.9781059053199994,331.6096678308511
06067007107,3.3374222903225808,5.21860838172043,28.44190854036667,1.9925546533900014,91.077395820918
06067008513,3.3473739541984733,5.3905071068702295,32.776507804421726,1.9929176852170658,119.5021965409862
06055200705,2.601803789473684,4.717367052631579,35.981786062494024,1.9845928784999964,88.3353622710914
06055200804,2.5756007950310558,4.678692099378882,33.84087782349988,1.9845928784999967,87.58582443960005
06055200803,2.674217887640449,4.824248419475655,35.08591156126175,1.9845928784999982,90.38676746419102
06037910505,3.079662901408451,4.980141478873239,20.869560506900022,1.892840162840002,470.3182914038349
06037291120,1.963295,3.555215,19.29973553210002,1.9836592168000025,207.14285714285705
06037480702,2.928333,4.923578,29.73738297933821,1.9836592167999947,230.9523809523809
06037480703,2.928333,4.923578,31.067897997411297,1.983659216799997,230.9523809523809
06013329000,2.965425432176656,5.33076634384858,24.532543176580074,1.9845928785000069,164.74098687333364
06073013316,1.992304502074689,3.9776675726141075,28.823402370877925,1.9781059053199928,338.8654413304794
06073019111,3.064838071005917,5.241095977176669,56.441749689022814,1.9781059053199972,342.95688780592445
06073019110,2.959650561797753,5.206009215257244,46.02274699112103,1.9781059053199403,347.847483270145
06073013315,2.002777,3.992035,30.710605979364693,1.978105905320001,342.063492063492
06073018615,0.8604784683544304,1.923832,34.3738741354,1.9781059053200039,10.642271672579202
06073020040,2.3699835355329952,4.3975903807106596,39.61962271647961,1.9781059053200065,318.53890024070074
06073013608,2.2694498833333334,4.4368466416666665,46.313991356700086,1.9781059053200047,386.72196827985346
06073013607,2.125850122448979,4.2410254081632655,43.34486686056629,1.9781059053200045,387.62220143205707
06073008202,0.897279,1.828218,34.10768385634165,1.9368953656258352,16.666666666666657
06073013422,1.6610173526785714,3.6105062589285715,33.03484252070776,1.97810590532001,336.7917599119339
06073017062,1.6973370113528856,3.374818414380322,25.480992462462215,1.9781059053200198,227.26960406650164
06073020310,2.3375423184713378,4.299306894904459,37.854300588914015,1.9781059053199994,301.2553741715998
06073017308,0.85345,1.855175,31.663479033705475,1.9781059053200047,-8.73015873015872
06073020311,2.329704863979849,4.275062816120907,40.37493122914068,1.9781059053200067,297.8202482775067
06055200602,2.7281676213017754,4.8560128934911235,41.524890199131605,1.9845928785000098,113.51107127383992
06037267902,1.985168,3.500908,19.15089544158227,1.983659216799999,122.2222222222222
06037269601,2.090776,3.657238,17.593774802039995,1.983659216800001,150.79365079365078
06037269903,1.684174972972973,3.086209621621622,18.285308945335153,1.9836592168000005,108.36025947327256
06037269905,1.7695,3.233869,18.273435514900015,1.9836592167999998,126.984126984127
06037271902,1.6286009206349208,2.9905280634920635,20.26874578702378,1.9836592167999978,91.76729205799738
06037272201,1.5039816666666668,2.8380514444444445,22.553647850900003,1.9836592168000005,80.57170347123333
06037272202,1.106126558139535,2.2700377674418606,22.553647850900003,1.9836592168000013,23.912696480518175
06037535902,2.3415573913043475,4.109908304347826,27.87737215569997,1.9836592167999973,264.8189100007444
06037601303,1.837764,3.362545,18.758204221953573,1.9836592168000027,156.34920634920638
06037532606,2.402771,4.201347,22.941914739675006,1.983659216800001,244.44444444444449
06037271801,1.632238,2.99633,19.095627981369223,1.983659216800003,92.85714285714286
06037221810,2.36672194117647,4.130722705882353,19.7687574329353,1.9836592168,214.09775285299543
06037203200,2.664827,4.563957,25.941743215299997,1.9836592168000027,246.8253968253969
06037262400,2.317033626262626,4.162244325252525,27.857781343918653,1.9836592167999938,178.52124357582562
06037209402,2.577516,4.412401,22.506176288844436,1.9836592168,222.22222222222223
06037212305,2.482595,4.275402,21.233561561899997,1.9836592167999998,202.38095238095235
06037433602,2.707367,4.627683,33.37568251719996,1.9836592168000025,252.4958062195899
06037480704,2.8793991605839415,4.872247751824817,30.918167752833522,1.9836592167999973,224.95133816572687
06037480802,2.7573633571428573,4.7215306875,29.36919886726792,1.9836592167999985,245.4471916306229
06087120800,2.7753572569444445,4.296734293055556,32.68906308935822,1.9922713284900053,100.85197262458487
06087100500,2.7037881228668943,4.017017116040956,29.709143327951967,1.9921927095481282,103.22961747571128
06087120600,4.022869050071531,6.339512907010014,27.911730853003238,1.9922713284900053,140.5293849193873
06087100400,2.8744767914691947,4.274191492890995,33.272712831486665,1.9917254671163072,104.6960543339274
06087122002,1.836630374115268,2.5013432305358947,30.00511693829798,1.9922713284900053,99.67724186222388
06087100200,1.7290258841059605,2.8200021953642382,30.44719851080436,1.9922713284900049,53.30106579011306
06087122202,0.804424,0.9139965982142857,37.99894048709865,1.9922713284900044,42.04988314204127
06087123100,1.180006228668942,2.0670415733788396,36.4900545923426,1.9922713284900049,76.13210939296333
06087122203,0.7156900509803922,0.855388031372549,38.94794232547326,1.9922713284900047,32.03597176681288
06087121000,3.8016887719928185,5.923049070017953,39.75272888310493,1.9921472601777788,110.0512928092938
06087123300,1.3574833545454545,2.694896897727273,37.689925132859386,1.992271328490005,92.43745584517104
06087122001,1.17952696014068,1.9754904431418523,28.172795535167676,1.9922713284900053,89.62486161083591
06087110700,0.9957184385964912,1.7810044649122807,38.55926742284289,1.9922713284900047,63.0640904629096
06087121300,1.3278801992481202,2.2981937293233083,30.677599061207886,1.9922713284900047,51.83107715137604
06087100300,2.634249108303249,3.922286187725632,30.269668918012353,1.9922713284900047,98.10353707191608
06037211804,2.597877,4.44247,21.38647201670001,1.9836592167999998,184.92063492063488
06037212101,2.5926369090909094,4.434876,21.59683185328182,1.9836592167999998,188.4065066187152
06087100900,1.7553298285714285,2.854661285714286,29.242491131567157,1.9922713284900044,53.56763796537384
06087120301,4.4494956170212765,6.999081886524823,35.422256735773836,1.9921515228873248,150.07630355588773
06087120302,4.17883371875,6.580675078125,31.627044981137363,1.9922713284900049,137.5441908740152
06087121402,1.101856,1.993619,30.228027367066726,1.9922713284900042,36.50793650793648
06087122300,0.5824721896272286,0.9895766369529984,43.98573622929992,1.979355468986018,25.532802502378427
06087120500,4.271238187237027,7.0457407054698455,43.63196516823089,1.9921744055588555,152.93579232537058
06087121100,2.0860209003164556,3.381100329113924,28.722542410485495,1.992271328490005,98.50418051584722
06037212102,2.5863487999999997,4.4257632000000005,21.3864720167,1.9836592168,188.52385720328147
06037214503,2.458746,4.192447,19.845259621399997,1.9836592167999998,148.41269841269843
06037234901,2.060052,3.698858,18.86414211500001,1.983659216800001,191.2698412698413
06037239801,2.196558,3.928857,20.529307683400013,1.9836592168000016,230.9523809523809
06037553504,2.2704949550561797,4.133847651685393,33.15425486992136,1.9836592168000002,279.847642728938
06037554105,2.332828,4.286623,29.481414210699988,1.983659216800001,300.72657667328605
06037554203,2.301265806451613,4.23845340860215,28.907599335494616,1.9836592167999998,295.79780956307246
06037554204,2.275861303370786,4.199681561797753,29.231674172444936,1.9836592168000002,292.47282814608525
06037554301,2.266117,4.18481,29.99756603059757,1.9836592168000007,290.4761904761905
06037554302,2.1798134109589045,4.099982821917808,28.261193196569838,1.9836592168000018,298.25565960476774
06023940000,3.1003141628614914,6.259566372907154,25.668875318476896,1.9170922379899833,95.42978870288135
06061020901,3.354946,5.357172,20.13842345189076,1.9925546533899952,100.70890978704006
06061021106,3.3980623214285712,5.406184339285715,26.079650474668856,1.9925546533900038,108.01800899486491
06061023000,3.4060443801169593,5.418912444444444,15.038102112157915,1.99255465339,95.2354971233159
06061021203,3.403976750727449,5.437192741028128,51.83648017416869,1.9925546533900134,125.57514211860992
06061020501,3.584066633914422,5.597903405705229,59.52897967307321,1.9925546533900138,120.57137098476082
06061020717,3.3112135369649804,5.359676992217898,22.681243132750136,1.9925546533900054,113.10721297006369
06037480901,2.778547,4.748367,30.183575023900012,1.9836592168,245.23809523809524
06037261102,2.6386182857142857,4.683294091156462,24.254062564773783,1.9836592168000273,201.47273957277213
06037191204,2.6233508,4.4914857999999995,24.41398397650001,1.9836592167999998,185.19513369669448
06037143901,2.756554584745763,4.899374025423729,24.49441679302615,1.983659216799994,231.33076077180476
06037139802,3.174746281995662,5.457599919739696,21.889348239091746,1.983659216799994,296.555185136527
06037460700,2.9927164830393487,5.138822010854817,31.35390612182369,1.9836592168000275,215.2681955181013
06037123010,3.0889499411764705,5.338205576470588,29.818065929285915,1.9836592168000005,302.90191427976663
06037134720,3.187151,5.476049,17.460815228817847,1.9836592167999985,336.4788494686889
06037920034,3.15710725203252,5.260179930894309,32.472633177284834,1.9836592167999951,349.4598351996954
06037910808,3.1561872443729904,5.252381813504823,31.29247060659733,1.9836592167999947,349.9799283751008
06037224310,2.4871150476190476,4.281925761904762,20.643781730300002,1.9836592168,204.43101524449432
06037113231,3.1357227471264366,5.439264471264368,30.508252423511475,1.9836592167999965,283.41852978603134
06037300800,3.0255033038674033,5.163692599447514,31.07470874504732,1.9836592167999942,220.00244827658457
06073019108,2.8469154763257576,5.064974901515152,34.58283549733542,1.97810590532002,262.7388546424231
06073013326,1.653835,3.395063,26.609841012043507,1.978105905319999,250.0
06073022101,1.17053435,2.3948232055555554,37.03477236754951,1.9781059053199976,96.95692711767826
06073010019,1.6938572807017545,3.4030771929824564,27.51165891041409,1.9781059053200047,249.11954937306407
06073016703,2.6725208846153845,4.891160070512821,27.18078292251341,1.9781059053200005,400.5260873989529
06073017066,1.916971101055807,3.7233692730015084,34.568438995306146,1.978105905320018,275.6654241893296
06073016705,2.781182006329114,5.060895006329114,29.39085015833428,1.9781059053200003,383.9284339171279
06073020312,2.3836771016949156,4.401094315254237,41.968726149615414,1.978105905319997,297.1143593495547
06073020313,2.4393387255813956,4.4679547069767445,38.103648576434345,1.9781059053199945,348.4915784066188
06073020034,1.4236054193548389,2.829879412903226,35.02539358562896,1.9781059053200007,175.16634706524212
06073020111,2.722888871012483,4.838389595006935,43.42518437686051,1.9781059053200194,353.1860129481051
06073020039,2.0666499156626505,3.925141674698795,30.829175856050583,1.978105905320004,293.5250409084331
06073020044,2.0524870070921986,3.797926865248227,34.61971453971786,1.9781059053200085,258.4013935888719
06073019210,2.0147869662447255,3.8578210337552745,35.58999477059162,1.978105905319993,305.6168313602916
06073020036,1.9703904556962026,3.756048265822785,27.55318722384049,1.9781059053200039,274.9136903479901
06073019305,1.7216406626506024,3.348769301204819,25.855614822145817,1.9781059053199992,264.5582318664024
06061021108,3.361410023255814,5.386830441860465,30.263809527517427,1.9925546533900003,121.0712975550686
06061020806,3.3585228932038835,5.369456854368932,18.11099968415678,1.9925546533900027,102.3458721108255
06061020711,3.345631625,5.37593175,18.827773845748208,1.9925546533900034,120.75930524352552
06061020712,3.358432,5.371961,17.46523810432259,1.9925546533900027,100.79365079365076
06055200601,2.8088112313432836,4.946713757462687,40.16534379660889,1.9845928784999984,113.48453200382149
06055201006,1.797485,3.695579,29.025811618196823,1.9845928784999964,76.98412698412699
06055200706,2.895248,5.043184,40.53798813104864,1.9845928784999964,115.07936507936506
06037143602,2.756683,4.902576,23.952583564169363,1.9836592167999971,234.92063492063488
06037430901,2.861345,4.860519,29.624872774571358,1.9836592167999978,222.22222222222223
06055200504,2.6836123916666668,4.804618087500001,39.4194429865851,1.9845928784999962,107.215410782215
06037186100,2.913322084745763,4.9566509152542375,28.1751118274396,1.9836592167999962,219.74086126010417
06037301206,3.000366504424779,5.1101003893805315,31.532031833951258,1.9836592167999985,219.845328645417
06037542103,2.17416,3.918165,29.023086325819083,1.9836592168000007,273.80952380952385
06037293307,2.072193,3.824991,22.31354653690002,1.9836592168,240.4761904761904
06083001208,0.456706,1.6406657142857144,36.01161891494836,1.9922713284900044,0.086583145425949
06083001604,1.5455584869565215,3.5783925913043477,35.107426524591176,1.9922713284900047,137.10940208086228
06083980000,0.3725085,1.9495405,40.575739477949995,1.99227132849,59.88521325899111
06079010205,3.7978169545454548,6.471532625,48.852413718115564,1.9922713284900047,317.8300687498958
06079010404,0.5052996483180427,1.4523777247706422,29.57909830337144,1.9922713284900049,50.819529021203536
06079010101,3.8547333610108305,6.347074640794224,46.9007503806768,1.992271328490005,284.4205576037744
06079012102,0.27854923154362415,1.4946827214765102,39.32737233644915,1.9922713284900049,41.96273813809833
06037209810,2.4920871,4.2891019,22.46083426669999,1.9836592168,206.20763515107043
06073019304,1.5904332611464969,3.108453535031847,26.354203286581487,1.9781059053200003,243.36411907709493
06073019209,2.0533115381861577,3.9069019176610977,36.709486484432055,1.9781059053200216,321.0913507069873
06073020813,3.3058627554455446,5.572798914851485,41.445920861927156,1.9781059053200238,360.33103127353854
06073016706,2.6622904291497975,4.881027967611336,29.13217163013943,1.9781059053199923,398.40308112070977
06073016404,2.462614,4.649275,32.854090853403235,1.978105905320003,421.42857142857144
06073016620,2.5638969360000003,4.67364828,28.95882537059127,1.978105905320005,392.75669471719425
06073016813,2.926672244147157,5.210448837792643,44.25203476960226,1.978105905320016,351.384364932303
06073016812,3.005260981226533,5.3437906295369215,46.26792069722918,1.978105905320021,359.6253360834756
06073016704,2.5851126763285026,4.771146574879227,27.593276556608505,1.978105905320008,412.6035683283867
06073018805,2.275612947727273,4.294971597727272,42.77337034920752,1.9781059053200223,349.98320858551193
06073016619,2.4178109212962964,4.446547273148148,28.777281339828683,1.9781059053199943,380.7878400043669
06073018804,2.0865798580246913,4.025993589786756,42.40201900968221,1.9781059053199337,333.9703814339931
06073018525,1.6026855263157895,3.127769447368421,26.128188439275284,1.9781059053199928,254.94582467632787
06073018524,1.583675,3.089893,26.13125335247704,1.9781059053199983,253.1746031746031
06073018522,1.4757495288461537,2.9034984903846155,26.84053736625096,1.978105905319995,198.3772997335256
06073017067,2.3137728028169016,4.448137267605634,30.536023232962552,1.9781059053199945,350.3629423952468
06073019811,1.3224072183544302,2.6443679715189874,34.11869521162712,1.9781059053199996,174.5179016462506
06073018620,1.643726,3.235151,28.867893954788766,1.978105905320004,261.1111111111111
06073018619,1.827141585185185,3.563695141563786,36.563743480014246,1.9781059053199923,294.34389820187766
06073018617,1.643726,3.235151,27.69422324220981,1.9781059053199972,261.1111111111111
06073018618,1.6221859673913044,3.183047586956522,26.008365924254335,1.9781059053200043,258.76841192046834
06073018622,1.382801,2.730707,26.708976204965346,1.978105905320001,213.4920634920635
06013340004,2.7351143877068558,5.331293602836879,24.46994282559738,1.9845928785000182,104.5079957416034
06013337202,2.923666,5.381599,15.880529643393054,1.9845928784999962,164.28571428571428
06013334007,2.997085,5.39817,17.50798816463702,1.9845928784999967,160.3174603174603
06013334008,3.04877637414966,5.468458108843537,19.946021855025855,1.9845928784999967,163.7150065048561
06013355123,2.513124577586207,5.05985925862069,30.2284379363845,1.984592878499997,133.2909347947388
06013355125,2.546514,5.059181,33.38163197783917,1.984592878499997,135.17677049142438
06037117404,3.07015,5.242859,23.63729716997255,1.9836592167999956,307.1428571428572
06037123203,2.963113,5.202726,29.2410819812182,1.9836592168000025,293.6507936507936
06037237600,2.210483,3.918853,20.128702503199982,1.9836592168000031,219.3274503408358
06037204410,2.664827,4.563957,24.02026779795899,1.983659216800001,246.8253968253969
06037296220,1.8769912653061223,3.807061081632653,29.09653697573061,1.983659216800002,134.16124111022268
06037228500,2.453754,4.258903,19.98862556338333,1.983659216800003,253.1746031746031
06037183810,2.849706,4.812399,27.993391064947435,1.983659216800003,234.92063492063488
06037460501,3.039179475728155,5.202676813592233,30.21214563711712,1.9836592167999938,204.02193422906333
06037920314,3.025969193236715,5.176910376811594,31.97090326558508,1.9836592167999958,322.4131987777217
06037575803,1.8689231538461537,3.7397704615384617,32.166825900500015,1.9836592167999998,171.63331083578927
06037621201,0.667604,1.704938,25.333599266899494,1.983659216799996,12.55889714668335
06037131400,3.203351562043796,5.469687737226278,20.046322824079564,1.9836592167999973,326.1518541475208
06037131600,3.220135414285714,5.499151110714285,18.60395979127109,1.983659216799995,331.04311723403555
06037131900,3.180034,5.428644,21.471742462974696,1.9836592167999965,324.6031746031746
06087100700,2.1435592985074625,3.3286984179104477,29.090006137782115,1.9922713284900022,65.16929614901191
06037554405,2.2867314444444444,4.230807236111111,27.474209662749956,1.983659216800002,301.690584777261
06075017102,0.108383,1.707983,19.316501824797708,1.9845928784999993,-1.4210854715202004e-14
06075012302,0.253988,1.916595,22.2845404359,1.9845928784999993,3.1746031746031917
06075016801,0.297988,2.209838,20.63457129489999,1.9845928785000004,7.142857142857139
06075011902,0.253988,1.916595,22.2845404359,1.9845928784999993,3.1746031746031917
06075012202,0.253988,1.916595,22.2845404359,1.9845928784999993,3.1746031746031917
06075012601,0.05457238461538462,1.4383767692307692,24.74442514359999,1.9845928785000004,-11.511968203062889
06005000500,3.4528212033462036,5.484860425997426,51.491196436058786,1.9966900594199768,89.87561900162017
06005000401,3.4759684462947544,5.513356184845962,55.666519070565776,1.9966900594199712,102.20370757588476
06005000301,3.39560307079646,5.436809923303835,45.769790154410266,1.996690059419979,86.6218074048247
06005000402,3.5335247418361058,5.580006192236598,53.24656358422283,1.9966900594199688,90.44662859050376
06061021109,3.3129493493975906,5.360065791164659,38.07293947061616,1.9925546533900105,125.89579636407416
06061021801,3.5722324976958526,5.6449670547235025,56.92969039337652,1.9925546533900145,116.30359297992035
06061021901,3.651665898776418,5.769554480533927,55.0353658106831,1.992554653390013,111.13634651955472
06075012602,0.16201804878048778,1.6960420243902439,24.7524333784195,1.9845928784999998,-0.4675268305817948
06075012902,0.253988,1.916595,24.75969666116278,1.9845928784999995,3.1746031746031917
06075013101,0.253988,1.916595,23.236487280048145,1.9845928785000007,3.1746031746031917
06075013102,0.253988,1.916595,23.187964104516666,1.9845928785000007,3.1746031746031917
06075015801,0.1781171739130435,1.833558456521739,22.452450617421736,1.9845928784999993,-0.8439557452410992
06041102202,2.8716293838383837,5.8437138181818185,26.25115157473361,1.984592878500016,141.37200899857214
06041102203,2.8772804,5.813244516666667,26.735381438091753,1.9845928784999962,134.42264092170953
06041109001,3.0705015789473684,5.576529052631579,35.455145646189344,1.9845928784999962,124.11356316413452
06037262303,2.3363242896174863,4.124414950819672,25.770611441858698,1.9836592167999942,120.06026946595
06097152203,2.800233,4.570801,24.27624170685484,1.9279417468699955,92.85714285714286
06061022002,3.6873816675588866,5.770525678265525,54.70933203514463,1.9925546533900145,100.7770229018833
06061020104,3.9323881944444445,5.566550472222222,25.50655340974924,0.9968611032359971,159.40323640030456
06061021501,3.6008331518900345,5.680725107903781,56.61252777153531,1.9925546533900143,118.20591137886382
06061020713,3.358317076923077,5.371473450549451,17.905730002267596,1.992554653390001,100.79365079365076
06061021129,3.364136541401274,5.381050401273885,20.939737447823653,1.9925546533899987,108.7972729515508
06061021040,3.3589172460063894,5.377297431309904,18.52821701678685,1.9925546533900074,93.43222309235026
06037191410,2.597877,4.44247,23.947447924720013,1.9836592168000016,184.92063492063488
06037541606,2.154054409090909,3.866331136363636,25.843449714399995,1.9836592168000016,268.06871611631897
06037234800,2.060052,3.698858,20.07896867999995,1.9836592167999996,191.2698412698413
06037500600,2.571056986754967,4.504858781456954,33.81256060818748,1.983659216799997,267.0918650681601
06037141600,2.9636822748815166,5.155632720379146,24.305724923397992,1.983659216799994,254.89090690708372
06037302103,2.928457,4.978676,29.706357834424345,1.9836592168000018,223.015873015873
06037570601,2.112951,3.968935,26.112983135748436,1.9836592167999996,265.0793650793651
06037980021,3.012460782608696,5.291594869565218,21.01907840723043,1.9836592167999998,254.77159724371805
06037211802,2.585525357142857,4.424569857142857,21.386472016700008,1.9836592167999998,188.6886748000871
06037262100,2.46809487388535,4.366311919745223,24.70467709593341,1.9836592168000322,176.46237118116778
06037191720,2.565869727272727,4.3837921818181815,21.610186928563646,1.9836592167999998,172.93139777555507
06037194300,2.5571162836257306,4.474152643274854,24.414966913134187,1.9836592167999945,185.10765304114537
06037122420,2.963113,5.202726,29.797157510894994,1.983659216800001,293.6507936507936
06037128220,2.939138295774648,5.126565647887324,25.616282441000017,1.983659216800002,286.88452920507837
06097152903,2.7739419086294417,4.32100533502538,27.80736723725933,1.9279417468699944,89.03314076389968
06097152904,2.8192890828025474,4.2572116624203815,29.774536839301877,1.9279417468699964,85.2600301101482
06061021038,3.3876235531914896,5.392830542553191,20.829460372138325,1.9925546533900087,94.21247970791704
06045011102,1.8715128191985086,3.833675471575023,38.22572026221811,1.9207546387735266,101.86587516552656
06037189903,2.651323,4.545927,23.877333570300003,1.9836592167999998,164.28571428571428
06037194101,2.651323,4.545927,25.552837389437705,1.983659216799996,164.28571428571428
06037111205,3.1096757368421053,5.3344900375939845,19.647974678555617,1.9836592167999976,253.8994804045037
06037265602,2.0146417173913043,3.544139065217391,20.018711558497838,1.9836592168000018,118.92352620053865
06037115403,3.136872536231884,5.36864368115942,20.606107523299976,1.9836592168000025,305.1149619476885
06037297201,1.939384,3.916093,30.548004718454745,1.9836592168000025,163.4920634920635
06037603802,1.254388,2.53984,17.923483618500008,1.9836592168000011,99.2063492063492
06037125502,2.9025945692307693,5.056980584615384,25.4112365771,1.983659216800003,247.95410319407304
06037127103,2.949695,5.153757,28.42223108993658,1.9836592168000011,302.3809523809523
06037127603,3.146982,5.317579,25.66374158831954,1.9836592168000018,331.74603174603175
06037127711,3.132715552845528,5.298998235772357,24.420863540256057,1.983659216799998,307.1413789515876
06037127803,3.099002,5.211855,27.24394814750003,1.9836592168000013,287.3015873015873
06037127806,3.0902199384615385,5.209358815384615,24.96477944549998,1.983659216800003,286.0730653042621
06037128101,2.9884226666666667,5.166279388888889,26.130324919133333,1.9836592168,296.7994345648808
06037128601,3.004298,5.165348730769231,24.99853316353333,1.9836592168000011,283.64557558748197
06037128602,2.9348317346938773,5.124002380952381,23.080259091399977,1.9836592167999971,286.8651644369022
06037128802,3.067289,5.202841,22.765713374799972,1.983659216799998,281.74603174603175
06029003815,3.1411478903225807,5.289474670967742,43.0106646483,1.9991352696299982,297.5003372474783
06029003824,3.1508773409961686,5.305691735632184,45.31314204188988,1.9991352696300053,297.06894206754407
06029005804,3.396685151750973,5.17877087159533,17.054905222646646,1.8928401628400022,423.716354174266
06029005512,3.4979966213592233,5.3071999708737865,11.932298062197342,1.8928401628400022,453.59919614581753
06029005806,3.428979201680672,5.171238773109243,19.388410403158872,1.8928401628400022,410.877077169033
06029005803,3.3600196618357487,5.125033879227053,17.70803467805359,1.8928401628400022,405.15272022382334
06029005406,3.7059067352941177,5.640675529411765,25.458114291209526,1.892840162840002,359.21752529728843
06029005410,3.791447153846154,5.73775901994302,19.835861209989503,1.8928401628400022,403.4751119252611
06029005409,3.781476870503597,5.70469371942446,23.009583035385496,1.892840162840002,403.6119331092352
06029005408,3.7755340763157896,5.686290334210526,23.281119684477734,1.8928401628400022,405.76546936682
06029002503,3.147006805755396,5.2661817841726615,39.55118846012801,1.9991352696299969,281.00632778136134
06029002305,3.160818,5.230093,31.99193232454449,1.999135269629995,301.5873015873015
06029003132,3.056659,5.125044,38.391917351699924,1.9991352696300009,281.74603174603175
06037131702,3.228441,5.511917,18.423249665733305,1.9836592167999993,334.9206349206349
06037132002,3.1805417396449704,5.429533964497041,21.270075116186973,1.9836592167999965,324.0600220148089
06037132101,3.150631663716814,5.3313186991150445,22.31085757725133,1.9836592167999985,327.8962395806084
06037273502,1.007637,2.126148,23.60106269849851,1.9836592168000025,-14.819216972229306
06037273902,1.007637,2.126148,24.195707466642833,1.9836592167999982,5.530762255013354
06037275102,1.3803152093023254,2.687253488372093,19.810239562048807,1.9836592168000005,72.58945693373708
06037275603,1.353305575471698,2.6705254056603773,20.88160603483208,1.983659216799999,79.20003981931859
06037461502,2.983533,5.062649,32.80811699136885,1.983659216799997,234.1269841269841
06037461901,2.9530328023255814,5.022759255813954,32.66601947056278,1.9836592168000005,230.80186099762383
06037461902,2.948652,5.017757,32.59475789802501,1.9836592168000005,230.15873015873012
06037462002,2.983533,5.062649,32.66550166049997,1.9836592168000018,234.1269841269841
06037462201,2.954378731343284,5.0251273283582085,32.556955427952225,1.9836592168000027,231.21023967610475
06037462202,2.948652,5.017757,32.627788697663476,1.9836592168000022,230.15873015873012
06037462301,2.95866608,5.018447133333334,32.7066574722,1.9836592168000016,229.41008327166767
06037231720,2.341892,4.09972,19.69510424700001,1.9836592168000027,222.2418918221446
06037403317,3.010144849710983,5.098450838150289,27.94795514039269,1.98232017236854,291.05313087226625
06037212410,2.482595,4.275402,21.233561561899997,1.9836592168,202.38095238095235
06037127102,3.099002,5.211855,27.90762413088207,1.9836592168000011,287.3015873015873
06037482201,2.6727141010101008,4.59234394949495,31.915774881600065,1.9836592167999993,246.95699319221143
06037482202,2.680856,4.593393,32.65328591080002,1.9836592168,249.01443764777383
06037482301,2.835192113207547,4.808027358490566,32.34449801328304,1.983659216799999,230.00086119890975
06037482303,2.836071588235294,4.8096539117647055,32.34483669243678,1.9836592167999976,230.0010277677449
06037462302,2.951715076923077,5.006684230769231,32.807047787241544,1.983659216800003,229.35655266763672
06037463602,2.948652,5.017757,32.73686555269995,1.9836592168000007,230.15873015873012
06037554513,2.402658,4.362358,26.479768830000005,1.9836592168,309.5238095238096
06037262200,2.584736619298246,4.567688807017544,25.159888845012464,1.9836592168000045,188.1676396602562
06037297110,1.939384,3.916093,29.420613810199992,1.9836592168000027,147.34257035672786
06037400603,2.924727004385965,4.915619666666667,27.58775179555269,1.9836592167999954,185.46009558066297
06037402200,3.0597883537234045,5.1840708031914895,27.4133526310739,1.9835999761374938,317.35504561319584
06037403802,2.9284117213114755,4.947068442622951,21.936049235499947,1.9836592167999962,257.1428571428571
06037408623,2.772056566037736,4.802779783018868,29.896854727427403,1.983659216799999,285.84621106714025
06037430801,2.863534611111111,4.863367722222222,30.72219877848514,1.9836592167999967,222.39466827334073
06073018520,1.583675,3.089893,26.084571046216826,1.9781059053199992,253.1746031746031
06073018523,1.5064157692307691,2.9517445384615386,26.722868044892863,1.9781059053199974,235.830186236193
06073018521,1.4351564574468085,2.824324627659575,26.34913682607869,1.9781059053199967,232.40913101694113
06073017071,2.0564671933962266,4.001540094339623,34.69098168227541,1.9781059053199948,292.89164374433176
06073008381,2.1866244375,4.25520175,31.365181366099975,1.9781059053200032,326.07810867116086
06073017063,2.2006443333333334,4.223599206349206,39.86754137633117,1.9781059053199967,333.78634801653544
06073017065,1.8768747227138645,3.6805222241887905,32.2731044756165,1.9781059053200019,254.9667712940347
06073017064,2.039371068181818,3.959236577272727,37.91532744103499,1.978105905319994,283.5611795125527
06073017061,1.759323126923077,3.4727083397435896,26.9485783165638,1.9781059053200205,226.6642798560264
06073017060,2.306760172011662,4.355037393586006,41.71982667647998,1.9781059053200023,313.52546423243615
06073008376,1.778715,3.401493,34.36978947505171,1.978105905320004,260.3077014513847
06073008375,1.778715,3.401493,34.48501257652835,1.9781059053200034,260.3174603174603
06073017058,2.205031620253165,4.24389346835443,39.794620846308156,1.9781059053200003,326.32373235691557
06073008372,1.6589011881918818,3.3955767306273064,33.16815598161329,1.9781059053199936,252.87844883469785
06073008374,1.5500558602150536,3.1874796236559138,34.240060818534474,1.978105905319997,221.94861905810967
06073008369,1.295923,2.558405,33.73980566922444,1.9781059053200016,161.3187586867248
06073008370,1.295923,2.558405,34.81407332400007,1.978105905320004,158.6448691392132
06073020041,2.314540432989691,4.270669288659795,36.827874649959796,1.9781059053200043,306.39156092873026
06073020037,1.9520190753138074,3.717258841004184,26.81273821841182,1.9781059053199928,263.4315779114308
06073019810,1.4885562666666665,2.9374711428571425,30.935905264623454,1.9781059053199994,187.7223080095673
06073017406,1.0956826784452298,2.2351963533568906,34.84515672499417,1.9781059053199954,80.19249768654586
06073017405,1.1318384666666665,2.3109016666666666,36.35822443974201,1.9781059053200014,98.25799535933766
06073017307,0.85345,1.855175,31.9537965358922,1.978105905320001,-8.73015873015872
06073017408,1.072479,2.186611,35.434627171038855,1.9781059053200047,72.87069461270796
06097153102,2.67756,4.216820333333333,31.955961172802933,1.9279417468699969,95.29203638258493
06097153501,1.9693687567229519,3.383080191369606,29.358899073392074,1.9308469331074467,85.5863440442498
06081613702,1.1808643102766798,3.1656061640316207,31.670202206874272,1.9845928785000237,73.47517963015333
06081608025,1.6279827833333333,3.9595807333333335,29.456408089168395,1.9845928784999969,77.10830078370023
06081610901,2.195823,4.777746,24.309593025546476,1.984592878499998,158.7301587301587
06081604104,0.36205615151515147,2.5256864696969696,26.706033843500045,1.9845928784999982,13.036287133794415
06097153903,3.3998577863247865,4.614430521367521,37.82449331302811,1.9279417468700004,90.87383765716
06081602002,0.156911,2.18355,25.71630268685756,1.9845928784999969,3.099234669776174
06081612002,1.1749191358024693,3.0744284567901237,22.721790269599985,1.9845928784999975,70.09787094598454
06097150901,2.1446657522123895,4.779735261061947,28.824043378080457,1.9845928784999962,137.4832787234709
06097150902,2.042497099667774,4.687929797342193,30.19897561034024,1.9845928785000044,139.65447447804237
06081612102,1.31965,3.290605,22.34630747148889,1.9845928784999993,88.0952380952381
06081611902,1.2239711739130434,3.1540371304347827,23.612420978395587,1.9845928784999967,46.66314077214079
06081600702,-0.03133270588235294,1.605661294117647,19.234139915099988,1.9845928785000007,-8.721961920920307
06081602602,0.08344792307692307,2.0633713076923077,26.989905721507657,1.9845928784999978,1.4162339216800368
06081600502,-0.011684,1.684566,19.220562132348118,1.9845928784999978,-3.968253968253975
06081600701,-0.016323277777777777,1.6659357222222222,18.473014568331944,1.984592878499998,-5.504849610006115
06081605502,1.7129482823529412,4.375852423529412,28.89375203149884,1.9845928784999975,91.09727473095924
06081612101,1.31965,3.290605,21.664419688572895,1.9845928784999975,88.0952380952381
06081602201,0.21025897297297297,2.2728445945945945,26.83056437183917,1.9845928784999978,4.6656717534517504
06097154000,3.6951875362035227,5.070091268101761,37.66257882182844,1.927941746869967,86.97889097841893
06037403000,3.033263875,5.129590833333333,26.617371684861546,1.981515297224126,292.85471439801984
06085508006,1.9579422363636363,4.034790533333333,26.49696282138188,1.9845928784999967,152.1590379475726
06085506504,2.16839,4.181976,23.313257087900002,1.9845928785000004,134.1269841269841
06085512511,3.107633532967033,5.454134005494505,30.79577153270317,1.9922713284900042,157.1522839317077
06073014702,2.108892,3.938018,32.634800409661636,1.978105905319997,371.42857142857144
06073005403,1.230964,2.445795,34.592240421000014,1.9781059053199999,213.4920634920635
06073005402,1.2603365806451612,2.4587417741935487,34.132894078783885,1.9781059053199999,212.99166225607553
06073005301,1.2631010588235294,2.4599602941176473,34.23482288004706,1.97810590532,212.84081382353975
06037403319,2.996372483146067,5.05534902247191,29.53930145512473,1.9836592167999962,287.8981485964837
06037403320,2.9977466624203823,5.041612210191083,30.302003525384144,1.9836592167999947,295.2484706711957
06061021103,3.4258744840989404,5.419954113074205,36.14601856985129,1.9925546533900065,127.957643469866
06061021502,3.513972701298701,5.718812826839827,46.45294218927302,1.99255465339001,117.76967590016318
06037109400,3.089733,5.31756,21.58371941701238,1.9836592167999967,269.8412698412699
06037109500,3.083738038167939,5.316240366412214,22.07606140115414,1.9836592167999976,271.77787584703606
06037109601,3.089733,5.31756,22.04857089992917,1.9836592167999958,269.8698315496243
06037406701,2.820024,4.82146,32.67077137670616,1.9836592167999978,258.7301587301587
06037433302,2.770294425531915,4.7278704893617025,33.229732898985105,1.9836592168000018,255.22413738398737
06037433403,2.7574832473118276,4.724088322580645,33.51909446273553,1.9836592167999998,255.4324634556964
06073013424,1.9660052215909092,3.9472997556818186,31.706057288648307,1.978105905319998,346.4760416608445
06073016403,2.533872201232033,4.722211948665298,40.952052140333244,1.978105905320012,400.2162245239437
06055200704,2.803348029268293,4.945099131707317,37.05870077861941,1.9845928784999964,109.05747448357464
06073009109,1.4238721764705882,2.892578588235294,34.235103647799995,1.97810590532,221.62976745012708
06073007402,1.1349245483870967,2.249637943548387,36.559857463064525,1.978105905320005,84.39018972875843
06073016621,2.5596675645933016,4.661824990430622,29.387647368526828,1.978105905319995,399.1213221719585
06013380001,-0.073334,0.8955449636363636,26.13453264692275,1.7500500837681794,-16.22640311983712
06013380002,-0.0801555,0.8729411363636363,26.141536586578148,1.984592878499997,-23.643676052433293
06073017407,0.8715085796178345,1.8616518025477709,37.766493791834314,1.9781059053200003,-7.732425494545345
06073008378,1.778715,3.401493,34.2305519396,1.9781059053199999,255.49182973418863
06097153001,2.747377612403101,4.358375558139534,26.886857256826634,1.9279417468699902,91.03387550817266
06097153005,3.013613639240506,4.295674271097046,34.20663459467061,1.9279417468699709,90.08391919365609
06081612001,0.9653774725274725,2.7614475824175826,21.958036785445042,1.9845928784999973,40.85118898464469
06081611901,1.1576220325203253,3.0485927235772357,23.1832254782659,1.9845928784999969,71.05657158057956
06081602202,0.2815767894736842,2.3922173684210524,27.703710891599997,1.9845928784999984,7.178566497547984
06081608024,1.6839199795918367,4.077976632653061,28.660047572185714,1.9845928784999973,91.1578036446027
06081610902,2.195823,4.777746,22.334476643243804,1.9845928784999975,158.7301587301587
06081605501,1.733276,4.4149,28.709581313053665,1.9845928784999998,90.47619047619044
06081606201,1.589288,4.138313,28.645928687070718,1.9845928784999975,93.65079365079364
06081605902,1.589288,4.138313,28.588677992421292,1.984592878499999,93.65079365079364
06081606202,1.589288,4.138313,28.57070382394499,1.9845928784999978,93.63308917621332
06081601301,-0.03024111111111111,1.610044888888889,21.50493435188093,1.9845928784999982,-8.175100360479785
06081601302,-0.07316751515151515,1.6968513333333333,21.213455563409077,1.9845928784999982,-11.42619419646591
06081604103,1.0156429647058824,3.5655204,26.05644814568705,1.9845928784999975,46.32678920637232
06081613701,0.4850779840764331,1.981893356687898,27.108952987757856,1.9845928785000064,27.773010112160527
06081605901,1.589288,4.138313,28.940973798423904,1.984592878499998,93.65079365079364
06081600501,-0.011684,1.684566,17.882628150703763,1.9845928784999978,-3.968253968253975
06037482304,2.835055973333333,4.807775573333333,32.34346367526402,1.9836592168000016,230.0052495060993
06037482401,2.803102,4.748678,32.376012999799975,1.9836592167999987,229.36507936507937
06029003826,3.148396342857143,5.3003629142857145,45.66071237040596,1.9991352696300022,283.99807021525515
06029003818,3.1437655,5.211204246268657,42.8550681507912,1.9991352696300042,294.37476013389204
06019001000,3.6871908518518515,5.762924740740741,60.55152113812417,1.9991352696300053,190.93289834467495
06019001100,3.6802234404761904,5.758366357142857,49.36807507122572,1.9991352696300002,191.19340110225608
06037554406,2.2818275555555556,4.224869388888889,26.947414574445737,1.9836592167999971,301.9078081527267
06037701902,1.073013294117647,2.1415397647058825,23.371334191370607,1.9836592168000025,-28.754479891950098
06037702102,1.083183,2.160995,22.44296595476846,1.9836592167999987,-27.777777777777786
06037431501,2.8317636642335766,4.825018540145986,32.294447352761956,1.9836592167999973,249.6715314227787
06037431502,2.819908,4.814611,31.910504718683082,1.9836592167999962,251.58730158730157
06037433304,2.775814,4.7295,33.08013687459999,1.983659216800003,251.58730158730157
06037433305,2.775814,4.7295,33.17176767117574,1.983659216800003,251.58730158730157
06037433306,2.775814,4.7295,33.360919815535695,1.9836592168000027,251.58730158730157
06075016802,0.297988,2.209838,20.643330413150014,1.9845928785000007,7.142857142857139
06019001201,3.7082981706349205,5.763625769841269,49.403924179930485,1.9991352696300058,196.38933894715703
06037482503,2.688721901098901,4.603566956043956,32.943256088999995,1.9836592168,250.3795227910881
06075017101,0.108383,1.707983,19.64678514173476,1.9845928784999993,-1.4210854715202004e-14
06075017801,0.531162,2.399213,22.88600092104443,1.9845928785000007,2.380952380952394
06075022704,0.531162,2.399213,19.324718136999994,1.984592878499998,2.3995712953280988
06075025701,0.332733,2.300064,19.063437028945568,1.984592878499998,16.836045939947496
06075025702,0.4898077205882353,2.5415366764705882,20.31129659183824,1.984592878499998,23.611356519740152
06075031201,0.10301979487179487,1.802397717948718,14.098195914346148,1.9845928784999978,8.340021504863243
06075031202,0.04736213953488372,1.7452223023255815,14.191945812500004,1.9845928784999995,4.273639210900655
06075032602,-0.034162,1.263206,22.737878291750715,1.984592878499998,-12.698412698412696
06075032801,-0.01363805194805195,1.432690025974026,20.42303312094806,1.9845928784999978,-10.373335827665004
06075032802,-0.0323572676056338,1.2781092394366196,21.238986887028187,1.984592878499998,-12.317822140264015
06075032901,-0.012806,1.439561,21.62164975780001,1.9845928784999973,-10.320242521187463
06041119202,3.1008428861209962,5.4208677046263345,32.97179314636688,1.984592878500001,116.46936509619482
06037433402,2.725074,4.688152,33.804059808800034,1.9836592168000025,259.871695709249
06037480011,2.901948028169014,4.919000633802817,32.9312052071,1.9836592167999973,233.0068489347301
06037481711,2.841756,4.820167,31.431911667736106,1.983659216800003,230.15873015873012
06037501700,2.603868,4.579721,34.265984416716684,1.9836592167999962,285.7142857142857
06037531101,2.653538363636364,4.5660513181818185,25.580080637072687,1.9836592168000002,244.16472470406325
06037533105,2.4563899655172414,4.264406482758621,23.35682064050001,1.9836592167999998,241.4964553462796
06037533701,2.500129,4.367721,29.21648855231275,1.9836592168000025,261.90476190476187
06037541500,2.208294,3.915418,23.636449800273887,1.9836592167999985,249.2063492063492
06037552601,2.402658,4.362358,28.576659876299953,1.9836592167999991,309.5238095238096
06037554517,2.292127208588957,4.211839950920246,22.414392455899936,1.9836592167999967,291.41562595213884
06037117302,3.0914592967032966,5.282692538461538,21.421501460236055,1.983659216799995,306.08136713023714
06037117303,3.07015,5.242859,22.500792507759904,1.983659216799996,307.1428571428572
06037117520,3.033249,5.212343,25.07471768172001,1.9836592168000002,290.4761904761905
06037482600,2.6749496137931037,4.5926319862068965,32.395403621497096,1.983659216799995,248.2180270907172
06037482701,2.630478,4.586902,30.904446244477068,1.9836592167999971,238.88888888888889
06041119201,3.154643725490196,5.542501509803922,32.74042561711278,1.9845928784999973,117.68752193458764
06061020908,3.366024009416196,5.364331161958568,21.6147091397226,1.992554653390011,100.14588661956584
06061021046,3.438221,5.437803,19.600613345839275,1.9925546533900025,92.094768659949
06061021034,3.42145712565445,5.4279825811518325,16.760936949954466,1.9925546533900018,94.1475560147596
06061021044,3.3419333475177306,5.374615687943262,18.599497098803866,1.9925546533900063,94.90944907048817
06037572500,1.9596604202898549,3.721248855072464,28.78279567691161,1.9836592168000025,229.4608842942357
06037132102,3.1516134904458597,5.333142248407643,23.423859500732465,1.983659216799997,330.5783496162467
06037132501,3.228441,5.511917,18.020197485999986,1.9836592168000007,334.9206349206349
06037132502,3.228441,5.511917,17.563005380757627,1.9836592168000005,334.9206349206349
06037134002,3.187151,5.476049,17.451529790051076,1.9836592167999998,336.50793650793645
06037134423,3.202380690821256,5.573508294685991,26.44326441265271,1.9836592167999958,289.45431546225825
06037134904,3.187151,5.476049,16.589074779840846,1.9836592167999973,336.79801209676145
06037137104,3.28791,5.639488,17.25132143974262,1.9836592167999956,347.5170318627193
06037139001,3.201486,5.466245,20.358999675715253,1.9836592167999965,313.49206349206355
06037139402,3.2631289014084506,5.579865971830985,17.622614084307724,1.983659216799995,322.82804767953775
06037480303,2.8368761785714285,4.821504767857142,30.946680193399974,1.9836592168000027,230.37579764761392
06037910210,3.244475097186701,5.2811921994884905,22.057505494751435,1.8928401628400022,466.5083862546117
06037910712,2.886531,4.794752,19.010405070700013,1.8928401628400022,476.984126984127
06037910713,3.085481,4.916174,19.431168733893475,1.8928401628400022,496.8253968253967
06037920045,3.260957,5.429186,31.542355554879066,1.9836592167999956,316.6666666666667
06037980001,3.168808,5.424183,29.630735891675005,1.9836592167999998,310.31746031746036
06037980002,,,,,228.11003733392891
06037980004,,,,,460.2233500336269
06037575103,1.973157888888889,3.7732925555555554,26.774687306312693,1.9836592168000031,224.2439856377893
06037575202,1.993837,3.768257,29.24279652129999,1.9836592168000025,210.3174603174603
06037601002,1.62074,3.09585,17.765920418553584,1.9836592168000007,130.9523809523809
06037603102,1.7812759090909092,3.308200829545455,20.290548961899972,1.9836592168000002,200.3350579808452
06037620521,1.2184542857142857,2.4995874285714286,23.297099024799994,1.9836592168000007,88.38321550422441
06037900701,3.3061740368663592,5.302981350230414,32.51746939207618,1.8928401628400022,491.0749547107582
06037910709,2.899131906382979,4.804623078723405,19.864552333255997,1.8928401628400022,447.1903980208418
06037910810,3.162795107692308,5.263978427692308,33.96884593710945,1.9836592167999945,363.9190049910943
06037920043,3.0455136467391304,5.1858395366847825,29.86749261645289,1.9836592168000273,306.41512209343705
06037920104,3.1022703190476193,5.396040369047619,27.83833970166508,1.983659216799994,278.87485494885243
06037920303,3.1213952052401748,5.400362406113537,24.78410076948779,1.9836592167999954,209.3420810557802
06019003805,3.6951616097560978,5.847636158536585,55.675582774905756,1.9991352696300055,209.34291255713993
06037433307,2.775814,4.7295,33.382518503300005,1.983659216800001,251.58730158730157
06037269907,1.6881595555555555,3.0931051481481484,18.27343551490001,1.9836592167999998,106.84906397818663
06037120300,3.038747,5.195397621951219,27.648207693402384,1.9836592167999967,291.98444997848424
06037120400,2.9726510229007634,5.1827604045801525,27.574140100738934,1.9836592167999976,303.67780178714827
06037121010,2.9745914808743166,5.206633540983606,29.621025595185774,1.9836592167999962,296.16096096426713
06037121020,2.961283272727273,5.196048409090909,30.282021865600065,1.9836592167999987,294.5881520708428
06037293306,2.24454435,4.1568525,24.27664229496874,1.983659216800001,254.16049165752395
06037570404,2.157936,3.9040497444444444,27.85035369949996,1.9836592168,268.71224292236155
06037571504,2.0448949338235294,3.8622199264705883,23.762790737600756,1.9836592167999976,242.4712845987868
06075033203,-0.095191,1.349221,16.879122531614037,1.9845928784999984,-19.034913498955017
06075033204,-0.0474077,1.4016182,17.059130397076004,1.9845928784999989,-12.940926668096465
06075042601,-0.03067391489361702,1.1389872765957447,27.929230801982985,1.984592878499999,-15.35090688522554
06075042602,-0.030240511627906978,1.1235527906976746,26.611291001700007,1.9845928784999995,-15.502760716711444
06075047801,-0.034162,1.263206,26.06677579060003,1.9845928784999984,-12.698412698412696
06075061200,0.677284,2.829746,21.171787662813575,1.9845928784999984,28.571428571428584
06037121210,2.9851023474576275,5.212488889830508,27.047987775635566,1.9836592167999982,296.75936956866815
06037121600,2.951935863636364,5.156588181818182,30.282021865600065,1.9836592167999987,302.1879584603964
06037124000,2.8822664285714286,5.10405338095238,24.080405985027024,1.983659216799996,283.97741831291495
06037124102,2.879495,5.112711,25.498299496736532,1.9836592168000018,280.1587301587301
06037124600,2.8804288125,5.0884266875,23.396552664606237,1.9836592167999978,287.5813967471174
06087101100,2.491345825726141,3.7470579128630708,28.8219164199178,1.9922713284900047,85.90806433133885
06087120200,4.234841460985626,6.691353399383984,41.35113028733375,1.9856177229545526,137.90434242101534
06087120400,4.657999587412587,7.553343442307692,33.96329363265441,1.9922444807627675,149.89586450659505
06087120700,3.574651924485126,5.453193608695653,36.368611539736605,1.9918144870718355,131.52158013074404
06087121200,2.308643570438799,3.681524247882987,31.973273414683046,1.992271328490005,91.1041612904506
06087121401,1.101856,1.993619,30.948232662165093,1.9922713284900038,36.50793650793648
06087121403,1.1067514589041096,2.0000694452054795,30.512298418199943,1.992271328490004,36.62422035043745
06075980300,0.031070457627118644,1.4667480169491525,23.199953377684736,1.9845928784999984,-9.056398363702424
06075012502,0.253988,1.916595,22.2845404359,1.9845928784999995,3.1746031746031917
06075980200,-0.029478,1.096398,30.662382013885697,1.9845928785000007,-15.830596500631374
06061021039,3.3519552786069653,5.380720502487563,18.06976417079301,1.9925546533900025,96.15466753050256
06061021403,3.3860528634812286,5.292128481228669,19.791599203919453,1.9925546533900067,113.43079498651448
06061021037,3.3852154715447154,5.390690170731707,19.904025553782922,1.992554653389995,94.42992373752152
06037482702,2.630478,4.586902,31.443946675681637,1.9836592167999993,238.88888888888889
06037500202,2.627064335676626,4.609770263620387,31.1105190936081,1.9836592168000042,273.7714808862439
06061020401,3.406702,5.519344,46.84487672630827,1.9925546533899987,115.07936507936506
06037141102,2.807136,4.996877,23.236525767726647,1.983659216799999,252.38095238095235
06037141201,2.9330619078947366,5.116819881578947,22.927167042600036,1.9836592168000013,254.75501284677625
06037141202,2.9286781134020616,5.112644371134021,23.47349366427729,1.9836592167999996,254.51734624527205
06037141304,2.951421,5.132383540229885,22.54414435442297,1.9836592168000002,256.583240526297
06037143603,2.782001,4.8887945,25.197034159472434,1.9836592168000027,225.51924538033495
06037183221,2.906561625,4.914875913461538,30.309183316211545,1.9836592167999991,227.5846581330635
06037183222,2.9396733840000002,4.978933056,30.250470251699976,1.983659216799998,223.047043473932
06037183401,2.849706,4.812399,28.13888075427862,1.9836592168000022,234.8853007103237
06037910606,3.0515238287292816,4.903449408839779,19.083996565294537,1.8928401628400022,485.1156742209016
06095251100,2.08806784,4.11971676,27.632718349801653,1.9845928784999969,69.88789179770582
06095253108,3.424620411214953,5.479905859813084,34.508305752081334,1.9916989486121048,130.5973032977844
06095253300,3.4968437328629034,5.450480444556451,35.4185179344503,1.9925546533900134,121.88607996881298
06037121900,2.96586162992126,5.2042761732283465,29.85668482223775,1.9836592167999978,292.9282320622347
06059021903,2.5438143333333336,4.497155333333333,21.78025911276708,1.9814317678900009,254.602496055434
06059021914,2.2988128260869565,4.300408043478261,24.189885759764408,1.9814317678900009,237.9794314971445
06059021919,2.662301690265487,4.678613446902655,21.007472798781382,1.9814317678900009,247.21851188896335
06059052408,2.558215514084507,4.822766267605633,21.762765851293718,1.9814317678899787,327.85430124641266
06059052415,2.5788507177033493,4.858179607655503,21.532841404715327,1.9814317678900009,328.1092997011181
06037122000,2.962911327659574,5.17045494893617,28.69361325190905,1.9836592167999954,303.250419529494
06097150602,2.1260329004739336,4.661210592417062,31.804448765474437,1.9845928784999964,136.06244579583
06097151203,1.6449413333333334,3.6156103333333336,32.20002395863299,1.9336967824641556,84.93003815084197
06037122120,3.110893873786408,5.361831029126214,28.855813491300037,1.9836592167999991,305.3920121995038
06037122200,3.1463935254237287,5.390518957627118,28.52908992882454,1.9836592167999982,302.8423906377704
06037123020,3.168808,5.424183,29.84980689512226,1.983659216800002,310.31746031746036
06037123103,3.150403,5.403986047058823,28.9856871155612,1.9836592168000005,305.14168718549126
06037980005,,,,,120.23902560487976
06059052416,2.596697025,4.8845224125,21.846085155861836,1.981265474761501,323.0086422891059
06059052417,2.171825,4.169353,25.534332145111684,1.981431767889999,265.0793650793651
06059074106,1.6914326436781608,3.4601965172413793,14.760346727266661,1.9814317678900009,217.9917969255212
06059074107,1.741712,3.523494,15.84828560676491,1.9814317678900006,215.87301587301585
06013322000,2.9425528245614037,5.390642644736842,21.526690974222603,1.9845928785000206,146.70519870019373
06013314103,2.728800372093023,4.6673373255813955,32.28479709328717,1.9845928784999964,41.981364728473
06013356002,2.359579774074074,4.8384835629629634,40.11865494513337,1.9845928785000344,104.14575149059657
06013354002,2.2284363565480696,4.779898558667676,33.57149296626316,1.9845928784999916,99.31347929023876
06013321103,2.860756340909091,5.379537214646464,33.12775682358803,1.984592878500016,140.09736054813882
06013353001,2.057286746317512,4.596881332242226,36.20635797442075,1.9845928785000286,77.63414765462582
06013309000,2.6858286394557824,4.519756517006803,33.933230204208805,1.9845928784999967,24.169916422372523
06013323000,2.9467352586872586,5.399072698841699,19.495425426261807,1.9845928784999967,147.37265618157812
06013359203,1.8622245230352303,3.9871415013550133,40.23029024649562,1.9845928785000133,75.6157286090044
06097151301,1.63274,3.588527,32.31786717575295,1.9279417468700002,81.74603174603172
06097151305,1.7007041783439492,3.61983425477707,32.327986384251524,1.927941746869999,88.69027422785949
06097151306,1.9651022153846154,3.7538242230769234,30.251574456200064,1.927941746870003,98.1495861950077
06037101110,3.167348,5.371507,24.29972811359725,1.9836592167999971,230.9523809523809
06037101220,3.146013294736842,5.3455457157894735,26.489649492336895,1.9836592167999996,227.81576827640168
06097151310,1.6617276397515528,3.6528709440993787,32.06677418343471,1.9279417468699984,97.08182047507312
06013369001,0.26332502631578947,1.4225581842105264,26.73415409181447,1.9845928784999967,-14.1285275439789
06001408200,1.18024,3.581291,21.82268802484314,1.9845928784999969,39.68253968253967
06037113301,3.1302849154228856,5.362928830845771,19.04902138125715,1.9836592167999958,292.1410963873053
06037113303,3.1605974497607656,5.421581712918661,19.568423267147775,1.9836592167999958,294.5203546922514
06037113322,3.1301329576271186,5.3690675084745765,19.755316327033015,1.9836592167999954,236.53885281089293
06001408400,1.18024,3.581291,20.881929364497417,1.9845928784999978,39.68253968253967
06001408500,1.18024,3.581291,20.268987736099962,1.984592878499997,39.68253968253967
06001408600,1.1450692093023256,3.525166720930233,20.95969520618211,1.9845928784999969,39.32290143371373
06001408700,1.0644511625000002,3.39651935,21.56604151780622,1.9845928784999967,38.282551575494495
06037106020,3.0677507944664035,5.332392205533597,28.507394154581036,1.9836592167999951,215.30001927402765
06037106111,3.0452036045454545,5.311980786363637,27.264318348644533,1.9836592167999956,215.55185535727372
06089010100,3.645052,5.912597,25.79977553687189,1.9925546533899978,96.8253968253968
06097151504,2.6609660909090906,4.510517636363637,28.867422342279355,1.9279417468699933,92.46127105661948
06097151311,1.7186772756410258,3.7792822083333335,31.7274498532638,1.928849617569195,102.2793831248792
06059099239,0.57606864171123,1.603133652406417,23.7869701155011,1.9814317678900009,6.965466720267587
06059099305,0.828437,2.061922,21.970475241247357,1.9814317678900006,52.38095238095235
06059099306,0.828437,2.061922,22.668516569477642,1.9814317678900006,52.38095238095235
06059099251,1.509895,3.22645,13.355922163827731,1.9814317678900006,184.92063492063488
06059099307,0.5709652872340425,1.599729,22.88828825551491,1.9814317678900009,-14.644677284891298
06059099903,1.699533,3.401281,22.57563579196304,1.9814317678900006,226.984126984127
06059099905,1.6345077,3.323749,25.92064593665996,1.9814317678900009,209.24460600483445
06059099906,1.5206891255605381,3.1880390269058294,26.754984944501302,1.9814317678900009,185.3554888804223
06001408800,0.991197,3.279623,21.282907700605705,1.9845928784999975,37.30390294144113
06001408900,1.105140726027397,3.461450287671233,20.510661809831493,1.984592878499998,37.97024040575747
06001409100,1.050674,3.438778,22.74529959239999,1.9845928784999982,30.92993650923224
06001409200,1.050674,3.438778,22.74529959239999,1.9845928784999975,30.952380952380963
06001409300,1.050674,3.438778,21.48368027924128,1.9845928784999969,30.952380952380963
06059110007,1.7021079411764706,3.4686954274509807,29.20328684765531,1.9836592167999951,211.6693420110608
06059032002,2.6714221518151815,5.031920745874587,21.676514635676213,1.978105905319998,354.77296842666016
06037115101,3.128912,5.352703,20.50183275435808,1.9836592167999938,304.9490971213812
06037115202,3.140132837563452,5.375172314720812,19.752361591122394,1.983659216799996,304.8859877531588
06037115301,3.142309,5.37953,19.216274783185696,1.9836592167999958,304.73948415060386
06059032003,2.668216,5.028837,21.386182919549633,1.9781059053199932,354.1877520663749
06059032012,2.519804220264317,4.84881998678414,22.106392801230434,1.9781059053199936,334.55373799861576
06059032013,2.46887,4.787039,22.45575393775307,1.9781059053199925,321.663964499582
06059052424,2.657552,4.97435,21.64343393975198,1.9794708546984379,307.1428571428572
06059052425,2.635295084158416,4.902160816831683,21.865400399807353,1.9810860099000482,289.8163959744362
06059052427,2.7306527834394907,4.9071108089171975,25.94099333603498,1.9814317678900006,250.9454083520064
06095252702,2.888780526470588,5.168505400000001,30.78964040021639,1.98459287850001,71.48231869639386
06013306002,3.0007916834532375,4.851266258992806,22.239146680064753,1.9966900594200037,59.51300256821805
06013326000,2.8789068597560976,5.395446243902439,23.34927734318757,1.9845928785000084,126.28504452669148
06013340001,2.843413656716418,5.4097411253731345,20.3661927772099,1.9845928785000093,111.2523954921145
06013301000,2.6815063963691377,4.4258402299546145,25.446675539901065,1.9966900594199795,38.05159706744886
06013361000,0.6526455540540541,2.2695604391891893,26.359047406507067,1.9845928785000035,17.86388989492558
06013352102,2.128883912028725,4.9628413321364455,38.97896997993301,1.9845928785000262,96.3252865246417
06013338302,2.8883823422818793,5.434630755033557,21.034932407800326,1.984592878500028,155.01797116519452
06013346101,2.737461159779614,5.362225005509642,29.187786426152076,1.9845928785000126,142.67630689725854
06013378000,0.22760195909090908,1.168156731818182,31.435642153683553,1.9034049880159056,8.847267851609498
06013349000,2.6432993532110087,5.35524548853211,30.117166818652237,1.9845928785000193,97.89806353657748
06013369002,0.250741,1.45228,25.02318620534371,1.9845928784999967,-13.492063492063494
06013345105,2.52103,5.253977,24.23080590878568,1.9845928785000182,98.1245978618418
06013337300,2.9231129290780142,5.396819848699764,16.64650715807484,1.9845928785000182,165.37185495891111
06013343003,2.7581760293453725,5.353006006772008,26.45419306139401,1.9845928785000198,130.8804832056298
06013345103,2.3381958538011696,4.968045514619883,26.707827639170333,1.9845928785000102,127.45988085844223
06013352202,1.8699901198347109,4.499135516528926,39.575710305185446,1.9845928784999962,76.34485292538294
06013346102,2.8007569007238886,5.428051430196484,28.90783698792734,1.9845928785000373,136.62081244060724
06013321200,2.840994,5.178224,25.62358820403651,1.9845928784999964,140.47619047619045
06013325000,2.882398469656992,5.405538947229551,20.073857688908195,1.9845928785000142,124.16430981805986
06013343001,2.7201239347826087,5.300461717391305,23.78105178054812,1.984592878500013,115.36472892696466
06013321102,2.8662201140186916,5.293853927102804,28.61418024141749,1.9845928785000253,138.9045928047796
06013307204,3.439954304761905,5.450589571428572,25.24939719218772,1.9966900594200045,117.29198402266336
06001409400,1.050674,3.438778,20.816325096300023,1.9845928784999973,30.9314159663838
06001409500,1.1381731168831168,3.5350205454545454,20.617293328954563,1.9845928784999978,35.538754645037315
06001409600,1.1617305714285713,3.560932,20.384999190177687,1.984592878499997,38.408313036461
06001409700,1.18024,3.581291,20.440557992004493,1.984592878499997,39.66994703586252
06001410100,1.228173202020202,3.7073423434343438,20.333244911909127,1.9845928784999973,47.71855156073836
06059052428,2.7852624295774646,4.9870428767605635,24.38453200126267,1.9787499984233414,251.2031687332444
06095250900,1.935682,3.915338,25.93594796799384,1.9845928784999982,65.87301587301587
06095252104,2.2812350099999996,4.3683167625,30.49213459278137,1.9845928785000162,75.6313139494419
06095252102,1.6311745498007968,3.4668060836653387,33.559361611725194,1.9845928784999962,42.00331639503832
06095252604,2.908945,5.267185,21.28863321856568,1.9845928784999969,104.7619047619048
06095251902,1.929861896551724,3.9909780689655174,26.612506832424607,1.9845928784999962,72.28377033808528
06095252910,3.321931730612245,5.391197865306122,26.959302251012225,1.992554653390005,126.01860318305548
06037115401,3.128912,5.352703,21.30598665730619,1.9836592167999951,305.55555555555543
06077004104,3.0933808,4.97461366779661,39.83891649095016,1.9966900594200012,104.1329638495598
06077004203,3.136556693877551,5.025793204081632,37.32389809333333,1.9966900594199986,112.44063170054358
06001410200,1.1467310804597701,3.5898812298850578,20.052577370793138,1.9845928784999975,40.56710783880769
06001410400,1.050674,3.438778,19.963535128280892,1.9845928784999973,31.243992426487747
06001420100,0.604854,2.096633,28.915820929367957,1.9845928784999978,22.222222222222214
06001420200,0.604854,2.096633,28.319434159616918,1.9845928784999982,22.222222222222214
06059087001,2.182138,4.119676,21.05521829740006,1.982246688222928,276.984126984127
06059087002,2.1884466358381505,4.124443815028902,22.971414806700043,1.9817536535706366,278.8127330184861
06111001402,1.6228438173913042,3.150825860869565,35.57935787193963,1.9836592167999954,136.34792314890836
06111001506,1.549489821596244,3.020480028169014,31.551560301560066,1.9836592167999956,140.02386401916797
06029003217,3.056659,5.125044,40.90576150630013,1.9991352696299953,281.74603174603175
06029000913,3.2561356116504854,5.416334480582524,24.769724570802005,1.9991352696300033,261.33435970890275
06029003208,3.077023369747899,5.195233151260505,43.570039636790554,1.999135269630005,264.07639047166026
06029003207,3.083997,5.206394,42.83917948376229,1.9991352696300018,270.63492063492066
06029003216,3.0613122765957446,5.138890808510638,41.25735179830006,1.999135269629997,279.0453043034146
06029003211,3.0446651407035175,5.090802829145729,44.06760860269986,1.9991352696300029,277.03767037268204
06029004305,3.1738749004739337,5.176483639810426,48.44604802077149,1.9991352696300038,287.6382810895665
06029000914,3.2324833121387284,5.384271026011561,24.209914612887335,1.9991352696299942,277.6203629663786
06029003129,3.08847,5.249101,41.76102535869996,1.999135269630001,300.89045538918316
06029001003,3.201866109090909,5.346501436363637,31.451577545372775,1.99913526963,247.7055718831987
06029003215,3.0395417016393442,5.07581777704918,46.95449238112358,1.9991352696299989,269.06099306559423
06029003214,3.03149,5.062032,45.48120148246492,1.9991352696299973,263.6040583048727
06029002201,3.193422,5.270973,32.14543306546522,1.9991352696299978,297.6190476190476
06029003001,3.130144,5.154096,36.92160862229989,1.999135269629999,284.9206349206349
06029003126,3.1152222155688625,5.171006730538922,38.828625845700095,1.9991352696300002,280.796063467814
06029003137,3.083997,5.206394,38.8318905244566,1.9991352696299955,270.6620448395184
06029006406,3.1126169523809524,5.1678200952380955,50.77618268370018,1.999135269629998,252.1596735838584
06029006405,3.1251400661764706,5.188570889705883,51.142108149151625,1.9991352696299964,251.63407207422708
06029003823,3.1498441313868613,5.2862894087591235,49.64923915875167,1.9991352696299745,288.4244160652984
06029003136,3.0736619024390244,5.175639731707316,38.811284315099925,1.9991352696299989,274.46253670489614
06029003213,3.1713858494623657,5.324611677419355,45.00406960731079,1.9991352696299975,288.8261448115595
06029002502,3.147129,5.266994,37.7790329974,1.9991352696300018,280.1587301587301
06029005208,3.4240666644010194,5.415460484282073,41.887387886673665,1.9991352696299995,210.57292320792595
06029005805,3.4163935863874344,5.1627696125654445,17.859067541030868,1.8928401628400022,399.4653892401892
06029003821,3.1678715265700483,5.2881307536231885,42.8513234133282,1.9991352696299887,291.8523935824414
06029000912,3.1709219148936167,5.335338021276596,27.125001169553876,1.999135269629997,250.7191247986836
06029000510,3.1499415454545456,5.189788872727273,43.28474752565417,1.999135269630003,298.47972307167134
06029004001,3.1834428445945946,5.2136563344594595,51.08366751683916,1.99913526963,308.5192538360314
06029003825,3.1312497448275862,5.2716676,44.67220747040009,1.9991352696299975,291.3464175682882
06029000911,3.164974,5.329181,23.509603674623087,1.9991352696299978,254.76190476190476
06029000603,3.149763,5.170934,27.41507966669998,1.9991352696300004,273.8095238095238
06029001402,3.157657,5.195337,25.80947287514816,1.9991352696299964,287.39153080917157
06029005510,3.842881511671335,5.775415465919702,21.5146361769368,1.8928401628400022,324.4232309945927
06029003221,3.1387050168776374,5.24699870886076,41.123766221474675,1.999135269630005,292.89832674830757
06029003822,3.166046753768844,5.319431834170855,47.19182721714152,1.9991352696299898,281.40484162132236
06029005205,3.6545224946043167,5.859587489208633,38.40241844831732,1.9991352696299813,310.59563961374914
06029001302,3.157298181818182,5.194227772727272,28.34879178395223,1.9991352696299982,285.7017327919619
06029000701,3.1551196428571426,5.187493178571428,27.02071999000006,1.9991352696299969,282.34394495509457
06029001401,3.157657,5.195337,27.02071999000001,1.9991352696300007,287.3015873015873
06029000106,3.245696934065934,5.383620692307692,27.47083950918457,1.9991352696299978,278.24927767228763
06029000105,3.2230181965811964,5.31867694017094,26.585290123764143,1.9991352696300049,266.48579706905105
06029000508,3.159729,5.204122,38.02649980942495,1.9991352696300015,289.3827689501854
06029000509,3.149398767790262,5.18878506741573,41.120432396792985,1.9991352696300042,297.72706688850224
06029003820,3.175046299703264,5.303772160237389,43.0350729682769,1.999135269629995,293.12228921881575
06111001507,1.5056850107526882,2.944011430107527,30.399142187100075,1.9836592167999962,123.2222909012096
06111001602,1.3376717578125,2.6075396484375,25.707230726249204,1.9836592167999978,109.7902225252607
06111002000,1.396721722513089,2.6816620628272254,25.609256897427272,1.983659216799996,120.59919801993978
06001420500,0.604854,2.096633,28.68786599316067,1.9845928784999984,22.222222222222214
06059099240,0.667786345177665,1.7661122131979696,23.58203956328935,1.9814317678900009,25.49804295943786
06059099308,0.70199,1.772438,23.585935118701478,1.9814317678899909,48.4126984126984
06001421100,0.999109,2.849802,30.47643650433519,1.984592878499997,40.47619047619045
06001421400,0.999109,2.849802,30.471900242599993,1.984592878499998,40.47619047619045
06001421700,0.999109,2.849802,30.34392677634696,1.9845928784999975,40.47619047619045
06001421800,0.9158156901408451,2.6906817887323946,29.72453043830422,1.984592878499998,37.588467573707455
06001421900,0.604854,2.096633,28.92208100580239,1.9845928784999969,22.222222222222214
06059099309,0.739479311557789,1.8582649145728642,22.52317912316033,1.9814317678900009,49.347339644630665
06059099310,0.70199,1.772438,23.1370222591083,1.9814317678900009,48.4126984126984
06059099402,1.2647882857142856,2.7264541298701297,20.007406918253178,1.9814317678900006,142.54661903689922
06059099404,1.103876,2.409101,23.735177366546207,1.9814317678900009,94.44444444444444
06059110004,1.678072504950495,3.375692881188119,22.71802321844799,1.9814317678900009,220.69145770578535
06059110005,1.655119420289855,3.4150584492753624,24.732100684399963,1.9814317678900006,208.91966242809943
06001420600,0.604854,2.096633,28.88828229679996,1.984592878499997,22.222222222222214
06059032046,2.717321743879473,5.008075815442561,19.318819833392418,1.9781059053200138,343.93676994895156
06059001901,2.373737,4.315681,24.52063230119998,1.9836592167999987,292.06349206349205
06111000903,3.2574233917159763,5.875578953846154,29.220028234777033,1.9836592168000375,185.16540061834104
06111001101,2.958813332307692,5.469421944615385,34.11724488610668,1.9836592167999945,218.04562744359455
06111001201,2.075857527559055,3.966923779527559,32.65541170115307,1.9836592167999951,173.6996480470422
06111001202,1.8296794269340975,3.5076680974212033,28.91949912248108,1.9836592167999945,158.77924454306378
06059052528,2.0324864426229508,3.9769568360655736,23.84523989695414,1.9814317678900009,263.88714371469945
06059032043,2.8993540256410255,5.162478512820513,25.176826405780737,1.9781059053199932,325.25337856243067
06059042205,0.8343089470046083,2.40727883640553,36.6043665741989,1.9781059053200092,195.12471245654123
06059089107,2.0661669298245613,3.948597450292398,19.943766149768482,1.9814317678900009,238.3401666348689
06059042324,0.7729085569948186,2.004672152849741,39.14148074811801,1.978105905320006,61.20899929247575
06059052423,2.6533372459677422,4.912688278225806,21.691435652444838,1.9785484596135812,279.93003085303724
06059052506,2.125696688,4.088646296,24.026534674330385,1.9814317678900009,261.9755963829378
06059001706,2.566990331288344,4.539729836400818,28.221733572133008,1.9836592167999938,286.141459484954
06059021802,2.7593952937500004,4.78343499375,24.617955735920848,1.9836592167999938,277.4656502374065
06059086405,2.4258704709677423,4.383029038709678,24.748984134719333,1.9827251253216134,282.4394764626561
06059074501,1.937574,3.795656,21.083831852,1.9814317678900006,249.2063492063492
06059032011,2.8321466153846155,4.898524310769231,33.67666766726758,1.9814317678899893,226.68839169003013
06059021821,2.507829,4.444843,22.85012415178263,1.983659216799996,251.81970728062103
06059075605,2.3747131480686696,4.390153055793991,26.554117497942475,1.9814317678899758,229.82361370343537
06059032014,2.609801208791209,4.962916615384615,22.49392897085216,1.978160727230492,336.45664676034414
06059032015,2.6494966166666667,5.00798297,22.819472841344933,1.9781059053199976,347.64269827409294
06059032020,2.7416644109589043,5.09948126369863,20.284699489192874,1.9781059053199965,368.7701548786983
06059032022,2.204383704626334,4.399807775800712,23.204071257918972,1.9781059053199952,302.37184844481305
06059052502,2.026156435897436,3.96201155982906,23.90506316937271,1.9814317678900009,241.8764171628294
06059052505,2.170557175675676,4.166427324324324,24.402503935394638,1.9814317678900006,265.3704018069472
06059052511,2.0233281181818183,3.9464446272727276,23.558703884960053,1.9814317678900009,249.84505634188267
06059052514,2.019733,3.934467,24.360491484445156,1.9814317678900006,245.23809523809524
06059087101,2.242771,4.1655,23.332986128398215,1.9818570081364553,290.4761904761905
06059087102,2.242771,4.1655,24.659660953115637,1.9822179263288244,290.5071178937785
06059087103,2.242771,4.1655,23.153132040848337,1.9814317678900009,290.4761904761905
06059087105,2.295693,4.231431861111111,23.11755437648328,1.9814317678900006,287.23245744179934
06059087106,2.3079629175257734,4.246718103092783,23.120337387209236,1.9814317678900009,286.485002285915
06105000200,3.068708908950617,5.791817637345679,40.007936461954266,1.9170922379899844,99.10148491066128
06023010901,1.9471882600000001,3.7852413844444444,16.69805525127471,1.9279417468700075,55.33615686589709
06023010902,2.1963559424242423,4.352762406666666,22.910739150444147,1.92794174687003,80.95447788886102
06023011600,2.745773258196721,6.009696467213114,31.50306788984483,1.927941746870034,100.73069623098678
06023001300,1.1454735238095237,2.822317574603175,30.32571959418596,1.9157008468898693,37.14005325161681
06023010504,1.2927258275,2.49144034,22.98092726347865,1.9279417468700044,38.775098698017274
06023010503,1.2989053795620438,2.5158464233576643,22.887670039603286,1.927941746869991,40.75254869580756
06023011502,3.1612745841269843,4.94205363915344,33.040419234375975,1.9259015968732833,75.70421598399984
06023011501,3.014837611363636,5.941799287499999,27.210546119674795,1.9279417468699749,94.33222791527358
06023010701,1.2881656266447368,3.0447401315789473,23.02662236490083,1.9279417468699998,56.01093007927661
06023010702,1.3927396246786632,3.297033917737789,19.71895851738087,1.9279417468700035,63.22165102371043
06023001103,1.3454796666666669,2.9717317446808513,30.612142866953203,1.9279417468700015,42.62172984640154
06023001001,1.4415792388059703,3.0625444029850746,28.143459845491737,1.9279417468700029,45.30844969135622
06023001002,1.4346528803418803,3.0559127606837606,21.906329017692315,1.9279417468700029,45.56618632595965
06023001102,1.4439571088825216,3.0847634097421204,28.661280648717565,1.9279417468700002,45.612921224300194
06093001003,3.2683879001189062,5.9622469203329365,54.015553300001415,1.9244139652200245,111.17262285586914
06093000901,3.4872985415841584,5.983859313861386,33.80194115323804,1.9179766446454527,98.1874236243362
06093001002,3.2451153613445376,5.961862127731092,55.72177641832072,1.9244139652200003,106.65044934366207
06093001001,3.2952997089108913,5.863395605940594,51.83202039922716,1.9244139652199916,100.18973169951224
06077004600,3.143204601082145,5.101032274471225,43.44090988746881,1.9966900594199672,106.8445175796292
06077004800,3.3485266259067354,5.217426344041451,50.93803722399128,1.9966900594199677,127.63124154029184
06077005127,3.3267346255319152,5.356469370212766,32.15825540090219,1.9966900594200059,109.84130617666813
06059001402,2.7126296390532545,4.724685928994083,27.67542307349998,1.9836592167999965,281.87994667564766
06059001403,2.712668962962963,4.724754561728395,28.54952951887406,1.9836592167999967,282.0259131098066
06059001404,2.6720989830508475,4.657393389830508,27.58184063638472,1.9836592167999982,279.2243126462737
06059001501,2.7099118852459014,4.7162379672131145,28.846972481899396,1.9836592167999947,278.15784539430894
06059001503,2.677885805084746,4.663957584745763,29.43326951609166,1.9836592167999954,277.2500092185281
06059032027,2.6503305376344084,4.966432661290322,22.153909791046782,1.978123786301556,314.38668747380234
06059032028,2.6641855118110236,5.008243488188977,22.115630281084993,1.978105905320005,343.5182955803964
06059032029,2.672501234939759,4.976180469879519,21.75885057906086,1.9781059053199992,302.74560602748585
06059032030,2.68261791959799,4.998024236180904,21.75035519378498,1.9781059053199956,309.72732128965526
06075023102,0.677284,2.829746,22.74142492625232,1.9845928784999982,28.571428571428584
06075023200,0.677284,2.829746,21.94361433210255,1.9845928784999978,28.571428571428584
06059052518,2.3784399344262295,4.4886644098360655,23.18999917850002,1.9814317678900009,287.1561355482685
06059052519,1.869394625,3.72842875,23.797240891804474,1.9814317678900009,236.86983879058903
06059052520,1.995044,3.900630806451613,23.76237732675085,1.9814317678900009,244.26667040419855
06059052521,1.80659971875,3.64276128125,23.317940804718745,1.9814317678900009,236.22360047408372
06075023300,0.6710851999999999,2.82110915,21.327203610979993,1.9845928784999984,28.406119676050206
06075022901,0.3043052727272727,2.226242727272727,18.337187725363638,1.9845928785000007,9.934953559264317
06001407000,1.06394,3.392112,21.555643922270942,1.9845928784999969,46.82539682539681
06001407200,0.8628357938144331,3.0743248041237115,21.921644007709254,1.9845928784999973,39.75899863754519
06085504316,2.10614940397351,4.167132390728477,20.12332477405104,1.9845928784999967,99.24637759946084
06001407300,0.9739383076923077,3.2517705384615385,21.87317645489231,1.9845928784999978,37.63883010158256
06001407400,0.991197,3.279623,21.583509248739997,1.984592878499998,37.30158730158729
06001407600,1.0000441216216216,3.2933040945945944,21.46167668397233,1.9845928784999967,38.788771546204345
06001407700,0.9986819852941176,3.2915408602941176,21.43249791747061,1.9845928784999969,37.616294206084106
06001407800,1.0658552891566264,3.396423265060241,22.3470863999578,1.9845928784999975,45.98493343376158
06071007105,3.148142897637795,5.205347074803149,37.14067917394447,1.9814317678900009,355.3227153737271
06071002204,3.2787453709198813,5.383799329376855,27.065973700435162,1.9814317678899878,276.01772602903867
06071009717,3.1058414389534885,5.0057785,22.410007760384005,1.8928401628400022,534.2537811883496
06071940100,2.807646728594507,5.030395990306946,17.241990604252035,1.9926004890899982,327.67654784393915
06071008705,3.1231844210526316,5.134853280701755,33.83615982577579,1.9814317678899764,320.20385855656014
06071008302,3.2081691463414637,5.327635813008131,33.81595414668957,1.981431767889984,372.36269333110647
06071004601,3.143816416938111,5.242241570032573,23.454118621167847,1.981431767889992,274.76097996698536
06085503324,2.522182,4.636749,30.588236314104375,1.984592878499997,120.6349206349206
06071004503,3.0819386655574044,5.16528022296173,30.15922136460671,1.9814317678899689,192.08819944179623
06071007800,3.236984262886598,5.370786963917525,34.16564938307061,1.9814317678900009,351.2506669077553
06071001600,3.1367122844036697,5.269873481651376,27.611224848304644,1.9814317678900009,300.48476694852206
06071011300,2.780647149484536,4.472152666666667,29.82641147463548,1.981127329384643,244.1038907438027
06071000111,2.908087644257703,4.892506610644258,32.45958071337813,1.9826796384278096,275.16865352942443
06071010023,3.231095623306233,4.99541587398374,28.275400765989136,1.8928401628400022,492.2291993294918
06071007407,3.152933,5.237221,27.44499876043994,1.9814317678900009,287.3015873015873
06001423700,1.1076844074074075,3.1301326666666665,29.35913263027901,1.9845928784999975,49.845964564647616
06001423800,1.2051852264150944,3.2967100754716983,30.312400007344653,1.9845928784999967,52.08810226971269
06059001504,2.727127,4.723495,29.026215622897006,1.9836592167999967,274.6031746031746
06085503509,2.6047544353741494,4.709043829931972,33.63836534059596,1.9845928784999967,134.89717801375784
06071004800,3.189191433962264,5.267687433962264,29.18771625807542,1.9814317678900009,296.27555472745905
06001423901,0.965358,2.886972,27.6980528588588,1.9845928784999989,43.650793650793645
06001427700,0.6720833770491803,2.7564573934426226,26.17870348179425,1.8056541763401612,43.90122894297976
06059001506,2.7352035689655176,4.735022362068965,30.511891513924176,1.9836592167999954,268.62827444864394
06059001507,2.727127,4.723495,29.494687269230177,1.9836592167999978,274.6621646730072
06059001705,2.6444565388127854,4.632980675799087,28.023122299865754,1.9836592167999956,287.019136873766
06059032031,2.7900938539325844,5.099533005617977,21.229284882404546,1.9781059053199979,317.87709467389675
06059032032,2.71492653125,5.030621,21.06523336819326,1.9781059053199963,314.1541612786217
06109003102,3.8837829901129943,6.112824251412429,59.92492226713749,1.9966900594199781,90.7633320112714
06109004101,3.9604677819103973,6.175652431107355,70.13021097338226,1.9966900594199715,103.5774045375394
06109003103,3.8853586611111113,6.090119796296297,49.688721528964685,1.9966900594199835,100.76837896581388
06109004102,3.9257260244565217,6.124168035326087,68.18136246143335,1.9966900594199932,102.55764061294356
06109005102,3.8005121122881356,6.035753386652543,61.97236747084269,1.996690059419974,120.40304708166404
06109004202,3.846787821387941,6.005684194539249,51.91102763555991,1.996690059419975,120.64330385480044
06109005101,3.945218827160494,6.177429269005848,61.535189731773805,1.9966900594199692,111.09037953507848
06109002101,3.750025799154334,6.018468890063424,56.64996119494271,1.996690059419974,126.5151115109162
06109002102,3.872883542213884,6.116842540337711,57.403227818456145,1.9966900594199837,101.40477050957392
06109003101,3.886618636215334,6.125201442088092,69.62939602653123,1.9966900594199808,90.76098786644428
06059032034,2.800973950310559,5.110586279503106,20.229068527726735,1.9781059053200003,319.26371495683424
06059032035,2.7913969411764703,5.101660039215687,20.297546156074493,1.978105905320001,318.93794419487193
06059032036,2.725387969072165,5.07903744329897,20.444931131260873,1.978105905319996,359.5869025383011
06059052523,1.801059,3.634775,23.439361616537713,1.9814317678900006,232.53968253968253
06059052524,2.122402,4.088199,24.927535143249546,1.9814317678900009,219.84126984126988
06059052526,2.045824094339623,3.9957487735849058,24.060527923147838,1.9814317678900006,264.4960811108923
06059052527,2.032699,3.977665,24.326701943321243,1.981431767889994,262.8197993321969
06059062605,1.2507005304347827,2.7008518782608695,43.65546206207307,1.9781059053200047,141.8304353072226
06071004700,3.1711877850467287,5.259384728971963,27.17541916700421,1.9814317678900009,285.09692353014384
06001427800,0.7536191475409836,2.9173810327868854,25.47744412909751,1.9845928784999969,38.888888888888886
06085504317,1.9837091042944783,4.0085299938650305,18.320412277977937,1.9845928784999967,93.69205755762964
06085504319,2.1453039406392693,4.199769789954338,19.307587288790906,1.9845928784999964,99.95682014111262
06085504320,2.1251169583333334,4.1941256749999996,23.327526190430014,1.9845928784999969,99.74424956867442
06071009712,2.914985562776957,4.782518905465288,20.2631871714844,1.892840162840002,479.03152140271857
06071009713,2.9153659556412728,4.7996879566055926,20.32133414609751,1.8928401628400022,491.6301263323934
06071010700,3.4736286871657756,5.4195630374331545,16.30669943324945,1.992600489090014,352.1555205805285
06071010024,3.2084602460474305,4.98174713339921,24.086842765323038,1.8928401628400022,440.5101407102177
06071008301,3.293160238207547,5.4842274740566035,34.38224333202004,1.9814317678899789,361.0706074307776
06071000109,3.032290296116505,5.041567349514564,28.043710083561326,1.9814317678899798,292.7996070901528
06071008901,3.722677573875803,5.784767809421842,11.441698300035243,1.8928401628400022,372.5867826571018
06071009400,3.068557007905138,4.944607403162055,23.21275006927228,1.8928401628400022,400.29819598746536
06071010300,3.300668311827957,5.408885505376345,20.547563578908466,1.8742198993438037,441.3311065358293
06071010022,3.115536910946197,4.900692871985158,26.466967405241526,1.8928401628400022,534.3776528947407
06071000812,3.2306489063670414,5.344818213483147,31.71878940906581,1.981431767889999,308.6609138368926
06071000104,3.0660047564102566,5.148426820512821,27.394510499852174,1.9814317678899913,283.15988057463596
06071010413,3.1019225670307846,4.873915424031777,23.631577984539586,1.7172186534662597,477.39714476290914
06071010415,2.671419708058124,4.543397952443858,23.44057461444272,1.6967642111799974,364.3414302575168
06071009708,2.8383226182937555,4.720731074318382,24.907964491015772,1.8507622981038072,441.9509367708979
06071010410,2.884730138584975,4.717032597374179,18.937527866619963,1.6967642111799652,482.85600277830576
06001424001,0.965358,2.886972,26.71266777540271,1.984592878499998,43.650793650793645
06001428100,0.766834,2.917541,24.64959135634621,1.9845928784999967,38.888888888888886
06001428200,0.766834,2.917541,24.949954599747162,1.9845928784999964,36.928017102183254
06085503511,2.4360885545454547,4.525573436363636,26.60563201390004,1.984592878499997,115.97418934518052
06085503601,2.148563786516854,4.187801011235956,20.16789586202469,1.9845928784999975,101.27276008568082
06085504321,2.141094,4.212337,21.90841029052037,1.9845928784999964,100.7676577153094
06085504410,1.9809974468085108,4.034471843971631,23.986872547816986,1.9845928784999967,94.79473013157248
06085507003,3.086905484210526,5.48382464631579,26.94453464172751,1.984592878500022,147.99873994948493
06081602601,0.125999,2.157369,26.418271728649362,1.9845928784999975,3.1746031746031917
06081602001,0.156911,2.18355,26.57981207162154,1.9845928784999967,3.1746031746031917
06037124201,2.96664175,5.20498059375,28.686021578199966,1.9836592167999978,281.52483791134404
06037124300,2.994983,5.233434,26.983054169986012,1.9836592167999998,269.0476190476191
06037124400,2.88480284,5.096129928,25.327523739549637,1.983659216799998,287.8671458756943
06059021922,2.7104512666666665,4.723038764102564,23.996924077622065,1.9814317678900009,247.61904761904768
06059110003,1.9333699006622518,3.7943092119205297,22.128185606858253,1.9814317678900006,268.83251366309446
06059099904,1.71919222875817,3.4292230130718955,20.501100787737254,1.9814317678900006,231.1705218794032
06013367100,0.7583830473933649,2.1795256113744075,30.275682190535925,1.9845928784999964,5.146199585785481
06111001302,1.909872,3.732763,35.47916630212449,1.9836592167999998,155.9339681222374
06085503510,2.36472865,4.460196557142858,27.862388944351466,1.9845928784999967,120.73943369972406
06085507004,2.9486412173913044,5.28221298757764,26.777846115879296,1.9845928785000075,159.30093033831596
06085502204,2.203239,4.242147,24.80039580033183,1.9845928784999993,132.5396825396825
06085502203,2.203239,4.242147,25.02990995353187,1.9845928784999973,132.3119904660781
06085501902,2.0215572162162165,4.008999432432432,24.991599460376996,1.9845928784999978,108.34241946406873
06085502104,2.203239,4.242147,25.022394628783,1.984592878499997,132.5396825396825
06085502103,2.046135970588235,4.040252514705882,25.050026731899944,1.9845928784999969,113.99792425303684
06085504424,2.17109574009901,4.329885066831682,30.0432837945914,1.9845928785000166,116.58762314709352
06085505015,1.3763015125,3.21728535,27.62036958605624,1.9845928784999978,75.91770373144227
06085505012,1.450977619047619,3.309666619047619,23.874067398333334,1.9845928785,80.18037474799416
06085505014,1.372675,3.212535,31.24207640714006,1.9845928784999973,73.01587301587301
06085505010,1.4402710463576158,3.2970506490066223,24.956002916013976,1.9845928784999967,75.17585087413505
06085501901,1.9868982096774195,3.965816193548387,23.77061920960001,1.9845928784999982,105.69270232558792
06085511502,2.1805450823529413,4.205818403921569,14.018231489375317,1.9845928784999962,149.71144547090205
06085504903,1.45922,3.319891,21.66205122284167,1.984592878499998,84.12698412698413
06085504808,1.146574,2.997247,26.399395914634198,1.9845928785,74.06874910380425
06085511501,1.8649098983050847,3.8321858587570623,15.579439198532224,1.9845928784999964,135.7110143064357
06085512057,2.498211,4.658134,19.16709347735027,1.9845928784999967,145.23809523809524
06085512059,2.696525,4.863247,20.691499045141164,1.9845928784999962,154.76190476190476
06085503339,2.6282773283208023,4.769849481203008,26.523809308314725,1.9845928785000162,130.25793754906886
06085503338,2.5481378900255756,4.6747083810741685,24.314581420068503,1.9845928785000155,133.06496097348307
06085512056,2.540235112781955,4.6951253533834585,19.184577808609017,1.9845928784999969,132.0252227574946
06085503219,2.36581975,4.48516425,22.40082772817814,1.9845928784999982,128.78579149306398
06085503222,2.34271945,4.45759335,22.745353740528778,1.9845928784999978,134.96567753665744
06085509111,1.3119883600000002,3.2713138799999997,20.540092164889607,1.9845928784999969,99.96143997667932
06085507705,2.5279683975903615,4.832459903614458,29.019895634160115,1.9845928784999962,177.31130234501887
06085507704,2.372832275675676,4.6259375567567576,28.56864780511566,1.9845928784999964,166.66666666666663
06085512058,2.6689607887323947,4.833390394366197,19.77962204634788,1.984592878499998,149.7266677441523
06085504807,1.146574,2.997247,28.094173618537603,1.984592878499997,71.24550668715152
06085508205,1.520865671641791,3.4856892835820896,19.487893738823118,1.9845928784999969,95.76667522929831
06085508510,1.522333,3.507549,19.89211171306815,1.9845928784999973,98.4126984126984
06085508206,1.832958231958763,3.8689261649484536,22.757113252088697,1.9845928784999964,131.7243572361177
06085512513,3.1094045294117647,5.437508058823529,32.29280777696172,1.9922713284900038,152.80131925489064
06085512512,3.0356563999999997,5.386786,31.230492971765837,1.9922713284900038,158.03231017222666
06085512514,3.108636,5.455072,31.85330078074036,1.9922713284900033,157.14285714285717
06085512516,3.155087563432836,5.476128936567164,30.431542718091503,1.9922713284900047,154.9908869117598
06085508305,2.055,4.220711,25.2803484904,1.984592878499998,166.66666666666663
06085504509,1.930021,3.979595,24.49990641255236,1.9845928784999975,93.65079365079364
06085501601,2.1718174285714285,4.212970448979592,23.15560769063572,1.9845928784999973,114.06816790819674
06085501602,2.0958785,4.111553,23.831594182581462,1.9845928784999987,110.12495853328215
06085506505,2.16839,4.181976,23.31325708789998,1.9845928784999973,134.1269841269841
06085504510,1.9003293333333333,3.9365914444444443,26.612981010617485,1.9845928784999982,92.50661197510424
06085508708,1.2600590877192983,3.1148175175438597,20.8426620560772,1.984592878499997,78.10615610455973
06085505902,1.875343,3.822307,20.12456752810737,1.9845928784999969,91.26984126984128
06085503127,2.3403114096385544,4.455827240963856,21.736932991980098,1.9845928784999967,142.57789346346988
06085503126,2.308069,4.416237,23.293904290500038,1.9845928784999975,142.0628110610652
06085503124,2.361277036036036,4.475850936936937,22.237368399499992,1.984592878499997,145.7930121323285
06085503125,2.3116624242424244,4.404744616161617,22.05254245951414,1.9845928784999973,138.449602387874
06085512055,2.498211,4.658134,17.94949742430002,1.9845928784999973,145.23809523809524
06085509002,1.146574,2.997247,25.409374689937746,1.9845928784999973,71.42857142857139
06085509001,1.146574,2.997247,26.079176492243384,1.984592878499997,71.42857142857139
06085508306,1.7241927478991597,3.81690081512605,22.87162613735123,1.9845928784999969,125.0158670133056
06085502704,2.539767765432099,4.687471283950617,22.98780321139757,1.9845928784999967,153.20116785122474
06059062651,2.01317278,3.92547624,24.338403267620038,1.9814317678900009,244.97401644709012
06059062650,1.8250090095238094,3.6675984095238094,23.94898052171436,1.9814317678900009,233.78789158398183
06059062654,2.349866086124402,4.442633688995215,23.596142710555924,1.9814317678900009,304.2469847568544
06059052531,2.074610709090909,4.010974709090909,24.437467020189125,1.9814317678900009,252.30520732649404
06059052532,2.1885180592105264,4.169778539473684,24.218181783542814,1.9814317678900006,268.1371519385402
06059032063,1.5137593691460054,3.612585578512397,28.79677752354041,1.978105905320004,269.7799329911263
06059062658,1.1478918659793813,2.622916257731959,34.234817857690686,1.9814317678899946,101.85114475157845
06059042341,0.9795901908713693,2.617811560165975,35.67835047987763,1.9781059053199928,147.00105095863026
06059042115,0.7962254130434783,2.277092108695652,35.955927406927096,1.9781059053200043,107.93549993056747
06059075517,2.010139,3.936081,23.505119987790923,1.9814317678900009,243.92733513198988
06059052437,2.2750670124610592,4.282010429906542,26.166247452816403,1.98143176788999,235.2557392483874
06059052534,2.122402,4.088199,25.12322598649999,1.9814317678900006,219.8944531419634
06059052430,2.4723513873873872,4.518850273873874,27.986312854949638,1.9814317678899709,237.7804409386532
06059052434,2.208361961325967,4.204029519337016,25.398709813964597,1.9814317678900009,219.74181551354744
06059075516,1.8033379655172412,3.6409005862068966,22.552150868737904,1.9814317678900009,231.28380835301837
06059075518,1.9501912923076923,3.8718305846153847,23.07910340398154,1.9814317678900006,250.30644097913265
06059052435,2.219919,4.220035,25.288223389421656,1.9814317678900009,219.0476190476191
06059052438,2.4540928009259257,4.541432791666667,26.82818578136934,1.9814317678900009,276.4191056716817
06059052436,2.248465084507042,4.252887713615023,25.379304378767646,1.9814317678900009,222.66888294679333
06059052535,2.1623125704697985,4.146819939597315,24.9856008791852,1.9814317678900006,240.90381965839583
06059052533,2.1731609444444446,4.1707608333333335,25.127429625301282,1.9814317678900009,263.07668418039225
06059052529,2.032699,3.977665,23.286393216199976,1.9814317678900009,264.28318350719564
06059052439,2.305218075301205,4.309227804216867,26.890846268726058,1.9814317678899884,282.2717057661446
06059052433,2.2019504444444444,4.200641637992832,25.02577620472596,1.9814317678899969,268.12437386837917
06059052431,2.218496673469388,4.211756557823129,25.930964435367333,1.9814317678900006,260.83931284386256
06001428301,0.648418,2.781942,26.52500695487416,1.9736885220247218,22.456158227147895
06001428302,0.648418,2.781942,25.740153023092393,1.6522447887990401,22.222222222222214
06059001801,2.288297,4.243746,22.970858818991648,1.9836592167999987,286.5885618880053
06059001802,2.288297,4.243746,24.35709846237705,1.983659216799997,287.01633370690473
06059063910,1.7200421301775148,3.4962134556213016,16.18093731316098,1.9814317678900006,217.20195699772597
06059052530,1.9455430161290321,3.8598159193548387,22.995668748766928,1.9814317678900009,250.09528609303928
06059063909,1.75513928,3.54996844,18.259623699899986,1.9814317678900009,222.9216456096896
06059042340,1.012716,2.681736,34.05223798467145,1.978105905320002,162.6984126984127
06059032062,1.901514252559727,4.107255754266212,30.25153531046151,1.9781059053199967,300.4053340469127
06059076001,2.2164287586206894,4.156456433497537,21.325981903534498,1.9814317678900009,260.57981364191335
06059032064,2.0054355024390245,4.207282882926829,30.92761873737607,1.9781059053199952,315.16666858761215
06059042116,0.778934,2.248762,34.00792364818523,1.970806621536525,107.93650793650797
06059032065,2.6998186071428574,5.014596714285714,18.6037738570553,1.9781059053199939,354.4891338545084
06059032066,2.445612017291066,4.675508806916427,23.863130962050086,1.9781059053200027,344.53620471073833
06059062655,1.9348518322717623,3.8479349363057325,27.782193517939728,1.9814317678899753,276.1652724990865
06059099418,1.2640805588235293,2.7500444803921567,21.00352765699997,1.9814317678900009,150.82744842908616
06059001603,2.599084,4.572059,29.27843941070681,1.9836592167999958,278.57142857142856
06059021831,2.7856675087108016,4.813198578397213,29.85202469006695,1.983659216799995,274.78581217334846
06059021832,2.7902690690607734,4.803910696132597,32.300543902245174,1.9836592167999942,267.022590910639
06059087302,2.335262951456311,4.282320067961165,24.45683513192034,1.9814317678900009,283.1750970451739
06059062656,0.9711513781818182,2.2304077854545454,43.73431620510905,1.9277541186391207,220.47262811374935
06059062657,1.427803,3.077661,32.72246055065272,1.9814317678900009,152.14727499963698
06059062652,2.5375572139534883,4.844699279069768,22.657542254498154,1.9814317678900009,325.16925363644077
06059001710,2.5025902926829264,4.471506048780488,25.874056679117086,1.9836592167999958,298.27235268743124
06059076105,2.2441744777070065,4.191227694267516,21.852652989891705,1.9814317678900006,260.1834305795944
06059076104,2.218073,4.155496,22.099607724725004,1.9814317678900009,254.76190476190476
06059076002,2.122526,4.039056,21.28425688557779,1.9814317678900006,266.57052319844365
06059099419,1.1598316000000002,2.5281207111111113,22.056393607475528,1.9814317678900009,116.93839644852297
06059001604,2.6608401174377225,4.643049412811388,29.15671982519827,1.983659216799995,278.57142857142856
06059087301,2.331927226804124,4.277699670103092,24.77765651665668,1.9816154750165986,283.5725653257317
06059001709,2.605682675862069,4.590613034482758,26.95111240659992,1.9836592167999971,293.8873207006953
06059001903,2.373737,4.315681,25.267061297301737,1.9836592167999982,292.06349206349205
06059011000,2.432595875,4.3862825928571425,25.972550407051987,1.983659216799995,293.4902898690754
06059011101,2.373737,4.315681,26.024652144890457,1.9836592167999976,292.06349206349205
06059011102,2.4061702746478875,4.348584873239436,26.34260620447889,1.9836592167999973,296.86543509050864
06059032037,2.7511190676691726,5.100871954887218,20.05637102701228,1.978105905320007,360.4239138414404
06059032038,2.639210877076412,4.9759013986710965,19.736314379184343,1.9781059053199979,352.3406700618904
06059032039,2.5699319795918365,4.891635910204082,20.81402441388986,1.9781059053199925,339.1431317308361
06029001301,3.157657,5.195337,27.047421865990255,1.9991352696299975,287.3015873015873
06029003135,3.0949091061452516,5.250947648044693,42.57531053539989,1.9991352696300013,300.2807810791497
06029001107,3.1835444782608695,5.253277956521739,27.619426991300028,1.9991352696300009,298.1095980398754
06029003212,3.170345046875,5.248149,40.647310970656115,1.9991352696299831,299.71419059327735
06029005509,3.7342838262626263,5.602237183164983,25.04653319367863,1.8928401628400022,361.1772958836164
06029001804,3.109309309352518,5.105351920863309,37.09276045398205,1.9991352696299969,285.7459178208559
06029003816,3.150617,5.306522,43.28079050170805,1.9991352696299975,305.55555555555543
06029006101,3.6263135953947367,6.022215125,24.748925917060816,1.9991352696299989,268.1539101417187
06071007404,3.1647181361867704,5.2438902101167315,29.207437416884435,1.9814317678900009,271.51924790662275
06029004605,3.295791768361582,5.367469028248587,47.810970300699196,1.9991352696299933,243.4462217566333
06029002701,3.103302006060606,5.0994804121212125,34.1435969683999,1.99913526963,285.4533116751002
06029004304,3.1960254464285716,5.207984383928572,46.182808821462565,1.999135269629996,270.92504640672524
06029001803,3.109138,5.105963,38.48747309379997,1.9991352696299995,284.9206349206349
06029003308,3.023085653516295,5.31948849399657,33.03888597040679,1.9991352696299802,258.81475320736735
06029002824,3.115091,5.084728,36.81407876842274,1.9991352696300013,286.5079365079365
06029002823,3.101362354037267,5.171999770186336,40.40659872845466,1.9991352696299995,281.98791807790775
06029002822,3.113899,5.200483,39.83157171720145,1.9991352696299982,276.984126984127
06029003817,3.151298261904762,5.219607595238095,42.58364675952167,1.9991352696300058,286.9474473169266
06029005006,3.356821,5.449798,48.70832759330005,1.9991352696299967,235.7142857142857
06029005005,3.356821,5.449798,49.18667543553609,1.9991352696299995,235.7142857142857
06029004903,3.391977,5.476335,49.758120148109505,1.9991352696300013,204.7619047619047
06029004904,3.363546495652174,5.454874643478261,49.686459004539955,1.9991352696299958,227.8365388528591
06029004802,3.3393327112299467,5.412707379679144,48.649109734713996,1.999135269630002,224.84543792170925
06029000702,3.1595021489361703,5.197727638297873,25.913592679500034,1.999135269630002,285.0899151190364
06029004801,3.3353399440559444,5.401350426573426,49.98276122977203,1.9991352696299973,220.9491299815297
06029004703,3.2892882906976744,5.361722808139534,48.44881033992164,1.9991352696300007,238.0099451448452
06029004704,3.2900134285714286,5.363012383928572,49.59810232381598,1.9991352696300044,236.64720920944256
06029000601,3.149763,5.170934,27.53069329835216,1.9991352696299978,273.6641916674829
06029004404,3.168947063348416,5.167920194570136,48.384342921205864,1.9991352696300042,286.6397987330697
06029004403,3.1879964054054053,5.19648304054054,48.24049964448504,1.999135269629998,270.1623724074977
06029000201,3.214423590277778,5.287900319444444,28.339313916105585,1.9991352696299975,263.77735100201437
06029004303,3.1705416040268455,5.166583939597315,49.624749581502584,1.9991352696299982,287.94936436912866
06029000104,3.270080894736842,5.405374,22.818772275223168,1.9991352696299973,280.96291239146245
06059032040,2.5577632352941175,4.879041529411765,20.715865100077984,1.9781059053200039,336.9323228281636
06059042323,0.7858273857566765,2.181223715133531,40.20574668544812,1.9781059053200019,91.4553714815146
06059062632,1.5294403440233235,3.2182017900874635,40.79999423324659,1.9781059053200023,220.13967058840765
06059062611,1.801059,3.634775,24.486422704482735,1.9814317678900009,231.6273317542517
06059062614,1.7077753636363635,3.520239038961039,30.924672710899962,1.9814317678900006,181.0742102605971
06001428400,0.766834,2.917541,25.26399652030001,1.9845928784999975,38.888888888888886
06001430900,1.44597,4.096487,22.831505427444167,1.9845928784999969,63.492063492063494
06059062622,2.5797375853658537,4.9256929878048785,21.956250717571912,1.9813912085903667,328.3410973168564
06055201102,2.8104212007343943,4.880836751529988,40.82826034447417,1.9845928785000346,91.65428039801
06017030810,3.459333430976431,5.497171885521886,56.71981616825408,1.996690059420001,85.47712743137666
06017030301,3.727893,5.411121,28.6407161728174,0.996861103236,167.46031746031747
06017030302,3.6074143684210527,4.9747619699248125,28.654229685179565,0.9968611032359991,144.89380235258017
06017030808,3.3555018068739773,5.384857954173485,56.096813004435354,1.9962095130564292,87.75857489469499
06017030809,3.468793,5.51816,56.968916134893995,1.9966900594200065,81.74603174603172
06075022803,0.297988,2.209838,17.964396297000004,1.9845928784999993,7.142857142857139
06075047702,-0.034162,1.263206,25.858797746061555,1.9845928784999989,-12.698412698412696
06075035202,-0.034162,1.263206,25.310690417999986,1.9845928784999984,-12.698412698412696
06075013300,0.018315,1.351428,24.808223361899998,1.9845928784999975,-14.285714285714306
06075025403,0.332733,2.300064,17.797432843738335,1.984592878499998,16.666666666666657
06075022702,0.531162,2.399213,19.324718136999994,1.9845928785,2.380952380952394
06001431000,1.44597,4.096487,20.51789278178671,1.9845928784999975,63.49264423727943
06001432100,1.259193,3.791694,20.661125587404015,1.9845928784999967,51.58730158730157
06085503325,2.5263107808219174,4.641630842465753,29.600877073938353,1.9845928784999967,120.4570549454228
06053013200,1.450175451253482,3.791783200557103,39.209689347769746,1.992271328490005,139.11061882966237
06053013600,0.749819,2.812182,37.56582522589998,1.9922713284900035,59.03769478290312
06053011700,0.7651309790356394,2.5370420901467505,39.386986101617666,1.988094659038244,73.61854505205294
06053010606,1.2687326204506066,3.1692394835355286,31.53844354778539,1.992271328490005,99.13470837072138
06053010305,1.0999800955149501,2.917528530730897,30.89960746559762,1.992271328490005,59.86744198004866
06053001200,0.8645534140127389,2.6953705987261145,28.206250438744586,1.992271328490004,25.963759770759008
06053010501,1.1305337239738251,2.9797874396192743,29.90692483054777,1.9922713284900053,77.18537144516253
06085503602,2.164852689320388,4.207854631067962,20.811949696047527,1.984592878499997,108.14119073893625
06059011200,2.4783350625,4.433011738636363,27.580956983198938,1.9836592167999962,294.55766927833315
06085503703,2.3483320952380953,4.43484725,22.067206837138094,1.9845928784999975,117.3103344500752
06085503712,2.167293,4.211109307692308,20.152724311987697,1.9845928784999982,104.01873529796435
06001428000,0.766834,2.917541,24.99572140155558,1.9845928784999982,38.888888888888886
06001428500,0.766834,2.917541,25.386067322980477,1.9845928784999975,38.888888888888886
06001428600,0.7593365631067961,2.9174502427184463,25.96957190180872,1.984592878499997,38.888888888888886
06059011401,2.59121488,4.56274316,28.106153696599936,1.983659216799998,280.2799648062902
06059011402,2.6000151052631577,4.570953368421052,27.664406918503914,1.983659216799997,281.9432770775525
06059011403,2.491441926553672,4.442999135593221,26.1938058205316,1.9836592167999962,295.09655419683247
06059011502,2.502657,4.456823,25.430474037904933,1.9836592167999973,291.26984126984127
06059032042,2.927243649842271,5.144500362776025,24.888274104902504,1.9781059053199996,268.1522563128906
06059032045,2.697138605633803,4.9969898661971826,18.568183800838042,1.9781059053200027,355.114032427862
06059032047,2.7823766666666665,5.023119,21.8080148538179,1.978105905320005,275.3872022988386
06059032050,2.8847627793103445,5.157395034482758,22.39797839922763,1.9781059053200023,305.4790037879374
06053001600,0.752542,2.57464,31.268321358694315,1.9922713284900038,18.253968253968253
06053011400,3.711444935235158,5.835974098689284,28.86768259735657,1.992271328490005,202.93368509746324
06001430300,1.478110931818182,4.127150443181819,26.984323786969266,1.9845928784999978,65.55425514702507
06001430400,1.4139436666666667,4.047510587301587,24.66049335401113,1.9845928784999969,59.094178133717584
06001430700,1.44597,4.096487,24.04128979607885,1.9845928784999967,63.492063492063494
06059062625,2.521894673469388,4.844645639455782,23.48364058346538,1.9781059053200019,337.4139170409217
06059062627,1.731435,3.55764,26.97743981002639,1.9814317678900006,210.0261394922184
06059062629,1.8014387841726618,3.6555627338129497,27.420120887122263,1.9814317678900006,222.32650017457135
06053000600,1.03666068,2.90668536,26.454708436570584,1.992271328490004,31.60698769174971
06053010702,2.155622494374121,4.512843554852321,40.77007929859696,1.9922713284900053,201.65151620608285
06053013100,1.3026762558139535,3.6976198139534886,44.11116968710227,1.9922713284900038,111.36099919983552
06053010102,1.2206590897177418,2.8169968800403224,39.43705519959099,1.9922713284900053,83.6717712394035
06085503708,2.1506875263157896,4.19112862406015,19.99714345029773,1.9845928784999969,101.56300673352474
06059062635,2.551313,4.889774,25.1758593123756,1.9785904680785438,324.6031746031746
06059062636,2.3769398275862073,4.633439793103448,25.601263736527613,1.978105905320004,328.4513381756078
06059032048,2.8139454959016397,5.121073053278688,20.590111395023804,1.9781059053199925,317.360537247635
06013304006,3.2501630060790276,5.102460820668693,25.443771704199122,1.996690059419997,92.59932796680346
06013392202,0.9602744285714285,2.482110663265306,36.02614554487106,1.9845928784999964,40.48120006649152
06013392201,0.8691117149758454,2.2411718937198066,32.307850326882125,1.9845928784999964,16.670333620418006
06013303210,3.497938399433428,5.4253870538243625,30.957566676996144,1.9966900594199946,136.15356900568165
06013355121,2.5051422807017545,5.110830131578948,29.087029767556434,1.9845928785000102,106.27809154507769
06013355124,2.5446232716763006,5.059310034682081,33.08123970222948,1.9845928784999964,134.7792361195309
06013345205,2.3795331527093597,5.100133438423645,28.60710973040149,1.9845928784999964,92.16219924971274
06013355126,2.594099,5.084103522292994,38.08909792622261,1.9845928785000064,128.66704297150036
06037137000,3.121208543956044,5.483627266483516,18.681506509065365,1.9836592167999942,282.09346913853227
06001422500,0.9981163235294118,2.8508952352941175,30.53707609623236,1.984592878499998,40.586731248856005
06001422700,1.135171340425532,3.1770933191489363,30.868051709599982,1.984592878499999,49.55759805903571
06029000103,3.2151565555555557,5.302407888888889,28.703861224599986,1.9991352696300007,262.47149154351064
06001423000,0.944595570093458,2.837517887850467,29.388808914320542,1.984592878499997,43.7223711772065
06001423100,0.7432,2.357813,28.22179851367251,1.9845928784999973,45.23804585522841
06001424002,0.8357658333333333,2.5782959166666664,26.263985393320823,1.984592878499999,44.45585376402061
06075030202,0.05654845454545455,1.546245909090909,21.3862278562,1.9845928784999987,-3.524277959438768
06075026001,0.332733,2.300064,15.337633374449153,1.9845928784999984,16.666666666666657
06075026003,0.28811396666666667,2.2526083666666668,15.840080974843325,1.9845928784999984,13.932479577149708
06075026404,0.229766,2.190551,19.7555684706,1.9845928785000007,9.523809523809518
06001426200,1.061603,3.245809,23.79929732520811,1.9845928784999964,49.20634920634919
06001427100,0.766834,2.917541,24.721676301869923,1.7806963498869834,38.888888888888886
06001427200,0.7662291785714285,2.9175336785714285,24.721139943482203,1.9668732992276756,41.46018360786087
06085503401,2.3327187818181816,4.399554227272728,21.519992310148208,1.984592878499997,109.3275640694575
06013314106,2.994832462686567,4.994206895522388,30.56914360626045,1.9845928784999969,113.86433031648824
06013302011,3.0691221866359446,4.8854505207373276,27.171467973942107,1.9966900594199886,82.18266130193382
06013340003,2.8198093834586464,5.395047939849625,24.216647947037274,1.9845928784999982,107.9339074283932
06013355307,3.1560265067114095,5.533856167785235,25.226269615392603,1.984592878500004,181.82703427510063
06013355119,3.6255908559670784,5.617490493827161,22.111974141467886,1.9966900594200063,141.87998274286977
06059052432,2.3033686615384616,4.289408138461539,26.77976940712775,1.9814317678900009,251.23557463712797
06059052429,2.331377,4.314314,27.318719028327905,1.9814317678900009,247.68611817361185
06059062653,2.389405402061856,4.509836216494845,22.6546119743082,1.9814317678900009,318.8221980455749
06013355120,3.6181102634408604,5.611083510752688,21.59323338113548,1.9966900594200028,112.09400602547085
06013313106,3.260525825242718,5.3713163592233,29.629137578259797,1.9861197071598045,161.95714424788434
06013303206,3.534064697761194,5.4785032052238805,29.315693249084124,1.9966900594200052,145.1446366139158
06013303207,3.592657041958042,5.523948272727273,20.52133230025375,1.9966900594200023,117.65089548767617
06013302014,3.157570670912951,4.965176231422506,22.250498411626424,1.9966900594199863,72.1782868848107
06013303104,3.3660869697542535,5.273829189035917,24.069162577188422,1.996690059419984,92.10688792150708
06013303106,3.3256231378896883,5.197562011990407,28.244662034669872,1.9966900594199757,106.45989694203364
06075025401,0.332733,2.300064,18.261917539961527,1.9845928784999989,16.666666666666657
06075060502,0.229766,2.190551,19.04655788770909,1.9845928785,9.523809523809518
06075045100,0.108383,1.707983,22.99401738955863,1.9845928784999984,-0.0229066388220327
06075016500,0.108383,1.707983,21.706104679360372,1.9845928784999987,-1.4210854715202004e-14
06075015300,0.08459803125,1.51038121875,22.957417095900006,1.9845928785000009,-9.43245334151334
06075013500,0.253988,1.916595,22.95741709590001,1.9845928785000007,3.1746031746031917
06075023103,0.677284,2.829746,22.991662760529305,1.7963987262284458,28.571428571428584
06075022801,0.297988,2.209838,17.964396297,1.9845928784999984,7.142857142857139
06075018000,0.4823581395348837,2.359576372093023,21.27760256529768,1.9845928784999975,3.391253917833114
06085503402,2.363599,4.433313,21.489586455400044,1.9845928784999973,107.14285714285715
06085503507,2.363571888888889,4.434444377777778,21.64528255200002,1.9845928784999993,108.41802055470116
06085508004,1.935994,3.9826705606060604,25.044732563067157,1.9845928784999964,138.68605856581718
06001427300,0.753611152,2.9173809360000003,25.186899530576007,1.9687161354719969,43.28530204408418
06059011503,2.613336505154639,4.581911824742268,26.839257276400037,1.9836592167999996,286.9042794036893
06059011504,2.6195727083333336,4.588959916666667,26.45674598524165,1.983659216800002,286.6909555898717
06059011601,2.435144,4.377979,26.445761067600703,1.9836592167999971,301.5873015873015
06059011602,2.4482110322580644,4.393239129032258,26.005057228019997,1.983659216799997,295.8678849833501
06077000300,3.285127,5.224003,31.540145606164202,1.996690059420001,104.7619047619048
06077000401,3.28489912,5.222717946666666,31.127328953905412,1.996690059419999,104.58115638551376
06077000402,3.285127,5.224003,31.567480329685548,1.996690059419996,104.95715564750422
06077000500,3.28020227184466,5.2610906504854364,32.70338539379029,1.996690059419997,110.34630008713282
06077000600,3.284206,5.268903,33.95081412279327,1.9966900594199999,110.31746031746032
06059032051,2.8825558073394495,5.159781284403669,22.400713224645912,1.9781059053200047,297.99083916621163
06059032054,2.8641446666666663,5.160718,21.28776194491201,1.9781059053200047,312.815571140649
06059032055,2.892212,5.15929,22.686950998051433,1.9781059053200045,292.06349206349205
06059062638,2.328483,4.549394,28.59237446868612,1.978105905320005,307.936507936508
06085504411,2.206646,4.323936,27.72484502121826,1.9845928784999964,103.17437652915106
06071005200,3.1811939714285713,5.283661814285714,24.223367193719987,1.9814317678900009,278.1777446733051
06077000700,3.2849417100591713,5.233036136094674,32.75216010079638,1.9966900594200012,105.86810309728904
06077000900,3.268118277372263,5.128610532846715,30.13542109297492,1.996690059420004,91.11832091717248
06059062640,2.160363329113924,4.279911392405063,26.177260549151885,1.9781059053200039,294.92714529849604
06059062641,2.5560482098765434,4.895757691358024,24.26679217132478,1.9787628658276537,325.4559153705381
06059062642,1.108375,2.558717,35.26832551811478,1.9814317678900009,92.06349206349203
06059062646,2.596502670886076,4.946878341772152,22.967876938465142,1.978989995370253,333.56614846563616
06071980100,3.19955,5.278349,28.1350620187,1.98143176789,330.5066691766492
06085503322,2.5429665,4.6549465,32.93656864292898,1.9845928784999967,123.72091669704407
06075010300,0.253988,1.916595,25.07276277120001,1.9845928785,3.1746031746031917
06075010500,0.253988,1.916595,25.90659750240001,1.9845928785000007,2.380952380952394
06075010600,0.253988,1.916595,25.61796240313847,1.9845928785000004,2.824920265589295
06075010800,0.253988,1.916595,24.66273007483236,1.9845928785000007,3.1746031746031917
06075011200,0.253988,1.916595,22.41127781477727,1.9845928785,3.1746031746031917
06075011300,0.253988,1.916595,24.27612781825714,1.9845928784999993,3.1746031746031917
06075011700,0.253988,1.916595,22.94826924877142,1.9845928785,2.562780825515163
06075011800,0.253988,1.916595,23.0181354396,1.9845928784999998,2.755828977710705
06071005300,3.152000945945946,5.253774878378378,23.66712120523783,1.9814317678900009,271.9862025473178
06085503508,2.509075063829787,4.609942404255319,29.637081447612793,1.9845928784999967,129.4431909903201
06001423300,0.7633961818181818,2.405918363636364,27.145947385699994,1.9845928784999973,45.013441347298915
06085503709,2.150985,4.190471,19.025848436837187,1.984592878499997,101.58730158730154
06085503804,2.2481459811320756,4.332099553459119,24.257593141006264,1.9845928784999967,111.85792939055932
06085503212,2.38507,4.50814,22.451733890785977,1.9845928784999967,123.02027204128294
06085503213,2.3723610970873787,4.492971543689321,22.597249756872838,1.984592878499997,125.23424380465192
06085503217,2.38507,4.50814,20.848373916356312,1.9845928784999975,123.01587301587298
06071005400,3.1523262017937217,5.254107865470852,25.727976523899628,1.9814317678900009,272.09073772719876
06059011707,2.683807901574803,4.6707820787401575,28.443766090769696,1.9836592167999951,281.1781312334065
06059011708,2.6370643174603177,4.6114957301587305,27.373713792600025,1.9836592167999978,283.85114757870616
06059011709,2.697548146788991,4.6925593944954125,28.111653204370697,1.9836592167999956,275.66852543332175
06085504001,2.362989,4.458769,24.32757270184797,1.9845928784999967,120.6349206349206
06085504002,2.362989,4.458769,22.915673237910145,1.9845928784999969,120.6349206349206
06085504101,2.3672446165413534,4.463369526315789,30.161572897828595,1.9845928784999969,120.9041274542852
06085503218,2.4691612837837837,4.6196220270270265,20.345036868199998,1.9845928784999978,138.08183785503203
06085503304,2.374659818181818,4.471860242424242,23.034701850801873,1.9845928784999967,115.15787830829832
06077001000,3.2388122917771884,5.0997566100795755,28.59334720600839,1.9966900594199926,96.62962050259522
06077001101,3.247949,5.169384,29.7414374355623,1.9966900594200037,109.52380952380956
06077001102,3.262138114893617,5.139885446808511,30.024665105225566,1.9966900594200059,97.02000467260628
06077001200,3.2564912372881354,5.165972783898305,31.010925471980517,1.996690059420006,108.8882400772641
06059011710,2.692632,4.686689,27.416457328278323,1.9836592167999965,273.8095238095238
06059042106,0.710079,2.259679,37.08857503946676,1.9781059053199992,154.89811963783416
06059042107,0.778934,2.248762,34.63620873911347,1.9781059053200045,117.52748339130814
06085503305,2.3869445,4.466175587837838,23.610263436164917,1.9845928784999967,112.90075320474732
06085503306,2.363599,4.433313,23.299496583583466,1.9845928784999967,107.14285714285715
06077001300,3.248473404347826,5.149692856521739,31.661722730597333,1.9966900594200057,110.79803763806144
06077001400,3.245548,5.143762,31.270767001140833,1.9966900594200057,111.11111111111111
06059062701,0.704786425925926,1.8068335679012346,34.74666375462039,1.9814317678900006,22.887736842435032
06059062702,0.8360002857142856,2.0686551224489795,36.271737930814766,1.9005570018536742,50.96362460725942
06059062800,0.5518045494505495,1.5450207362637363,30.760833289437844,1.9814317678900009,-5.087516775223115
06059063005,0.669574,1.741233,31.095633480595644,1.9814317678900009,16.546409566847505
06059063006,0.669574,1.741233,31.8630193166,1.9814317678900009,16.666666666666657
06059063008,0.6860290375,1.77188865,32.909417009651236,1.9814317678900006,39.484943669985576
06059110001,1.8832859,3.77271805,23.028155451772484,1.9814317678900006,252.36971345074136
06071006201,3.224533,5.328031,24.974655257807676,1.9814317678900009,284.9206349206349
06071006301,3.220545103286385,5.320100539906103,25.62513060753525,1.9814317678900009,287.9294351527442
06071006401,3.19955,5.278349,26.533916018293333,1.9814317678900009,307.936507936508
06071006402,3.194279899441341,5.270980385474861,26.46781314776544,1.9814317678900009,316.3353611195855
06085504102,2.439857435483871,4.538314322580645,31.28833060858328,1.9845928784999964,125.0293925325956
06085503313,2.6778605945945944,4.820822315315316,34.92836839791235,1.9845928784999962,115.37428926674652
06085503315,2.521438253393665,4.635986846153846,26.372325097921742,1.9845928784999962,120.79325855530264
06075012700,0.018315,1.351428,26.27679684273999,1.9845928784999989,-14.285714285714306
06075013200,0.10851083950617284,1.5677264814814815,23.475865986681463,1.9845928784999975,-7.246202845110366
06071007408,3.171910991304348,5.2514164,27.471671900839944,1.9814317678900009,309.50947246196097
06085503323,2.522182,4.636749,32.8375733681682,1.9845928784999967,120.6349206349206
06075012100,0.253988,1.916595,22.2845404359,1.9845928784999993,3.1746031746031917
06075015100,0.253988,1.916595,22.31512573862727,1.9845928785,3.1746031746031917
06071006700,3.195295,5.274906,36.329084829563236,1.9814317678900009,307.1428571428572
06085503321,2.5189674797297297,4.632625297297297,27.22636616744194,1.9845928784999967,119.23117267060552
06071007106,3.162696956521739,5.249661913043479,36.56669138894583,1.9814317678900009,328.620736205373
06071007107,3.1527059266055044,5.235710128440367,36.59739434616781,1.9814317678900009,316.1177377463006
06071007108,3.144077024390244,5.212802463414635,37.33774443580732,1.9814317678900006,334.16570883084506
06077001600,3.2694098148148147,5.240031666666667,33.98686568494731,1.9966900594199968,110.51478670666631
06077001700,3.232658,5.168319,36.48847245518038,1.9966900594200017,110.96443447128844
06077001900,3.283957004464286,5.268645834821428,35.11772586076123,1.9966900594200054,110.37262409017444
06085504311,1.9163118731707318,3.922584209756098,16.94172197944826,1.9845928784999964,89.86517117797949
06085504314,2.1491273333333334,4.226013348039215,27.35489573010676,1.9845928784999964,101.11990367765712
06085504315,2.1916797899543377,4.298456776255708,28.1685000302457,1.9845928784999964,102.7212098590026
06077002000,3.2358676666666666,5.218978666666667,37.31898666670265,1.9966900594200034,114.41934839355844
06077002100,3.2565870362903224,5.2385545604838715,37.384733015196495,1.9966900594200065,114.45388931415268
06077002300,3.303515102857143,5.266062017142858,33.454304838518745,1.9966900594200017,108.98778727750036
06059011711,2.690095582089552,4.68325676119403,26.55957826208725,1.9836592167999976,274.2324099201137
06059011712,2.624504602484472,4.601953614906833,26.02787705731614,1.9836592167999967,273.9152621263081
06059011715,2.692853531561462,4.687045534883721,26.034207493559865,1.9836592167999947,274.1537620260045
06059011716,2.5464744682926828,4.507737034146341,24.471090030498107,1.9836592167999958,265.8589129281664
06059042114,0.8932275805084746,2.50747461440678,33.00161294879624,1.978105905319993,155.22154281828125
06001423400,0.965358,2.886972,28.596033910547295,1.984592878499997,43.650793650793645
06059042305,0.6656448933823529,1.8033149338235295,41.215414783824656,1.9490161125946992,58.118587276377326
06059042307,2.605345929054054,4.954472263513514,22.94817820539407,1.9781059053199972,340.7615836977675
06059063010,1.031781607028754,2.4151989392971247,29.069514747041612,1.981431767889991,97.71494412409874
06059063101,1.4575456910569107,3.0861572682926828,25.156902331267396,1.9814317678900009,191.44161464552369
06059063102,1.3784970854271357,2.9675008844221105,23.99663902036934,1.9814317678900009,179.8955496638428
06071004201,3.172575509933775,5.257935456953642,27.712441671780187,1.9814317678899929,286.1277270486468
06071004202,3.175232485436893,5.2594393592233,27.50371616323295,1.9814317678900009,290.07469474229015
06071004401,3.219227230769231,5.304012483516484,35.782236108218626,1.9814317678900009,293.2102483358865
06001423500,0.965358,2.886972,28.78644931279997,1.9845928784999978,43.650793650793645
06001423602,0.965358,2.886972,29.146896852806655,1.9845928784999984,43.650793650793645
06001427600,0.6862762597402597,2.7845834935064935,25.989188440736413,1.9845928784999978,43.040763476128134
06059063103,1.167399606060606,2.664531242424242,26.827815595933377,1.9814317678900006,131.5773380287745
06059063201,1.1122692248062016,2.565692410852713,24.59680623122559,1.9814317678900009,126.75834589409654
06075015900,0.253988,1.916595,22.899741953614296,1.9845928785000004,3.175106310468933
06075016000,0.267988,2.009899590909091,22.2845404359,1.9845928785,4.2787551629516845
06075016200,0.297988,2.209838,20.64703683320646,1.9845928785000009,7.142857142857139
06075016300,0.297988,2.209838,20.63457129489999,1.9845928785000002,7.142857142857139
06075016400,0.2118039090909091,1.981722090909091,20.634571294899985,1.9845928784999993,4.023377126892999
06075015500,0.19355902564102564,1.7716803846153846,22.957417095900013,1.9845928785,-2.437985530384965
06075015600,0.108383,1.707983,22.634566316414283,1.9845928784999995,-0.4760166815577874
06075016700,0.21815431578947367,1.9985306315789475,20.569157191405253,1.9845928784999984,3.3898730779487276
06029000202,3.217706,5.352869,30.714399199885328,1.9991352696300004,258.7301587301587
06029004002,3.1797016354166665,5.200705578125,51.69714362137811,1.9991352696300024,322.57971633839514
06029003814,3.130736994923858,5.266691911167513,43.710207991742855,1.99913526962999,288.91916366170534
06029006102,3.443027749216301,5.773924435736677,25.3111119359549,1.999135269629997,272.70832870151526
06029005511,3.4966926752503573,5.344191509298999,10.434876587928093,1.8928401628400022,453.08007233374326
06029003827,3.137665946380697,5.265420423592493,50.30036773394035,1.9991352696299918,284.152514373591
06029000602,3.149763,5.170934,27.433545732866648,1.9991352696300018,273.8095238095238
06029003819,3.1641813214285714,5.315827503246753,44.8930349251003,1.9991352696299984,294.78171370810765
06001433000,1.147986378698225,3.7024434319526627,21.125625952531962,1.9845928784999967,47.85503578608893
06001433200,1.0987270837209302,3.6603485302325582,23.284961507156698,1.9845928784999964,42.6349730788228
06001433300,0.9826264867924529,3.465483271698113,24.409746502561482,1.984592878499998,35.37787131074985
06001433400,0.7872662112676057,3.0017918262910794,26.34100698336517,1.9845928784999964,17.598253983920433
06001433500,0.8434365882352941,3.120120052941177,25.136912723662356,1.9845928784999967,30.187302643245545
06001433102,1.1023331510791365,3.665700992805755,21.67160510877699,1.9845928784999969,46.548880206145995
06077002701,3.2260345670731705,5.209521731707317,40.923668482063114,1.9966900594199972,111.63816881979724
06077002702,3.222130236842105,5.205418087719298,45.571485018472465,1.9966900594200057,115.55473233964196
06077003106,3.1846999655172414,4.959131729064039,29.487580982690055,1.996690059420004,99.15407617372314
06001440307,1.39577831097561,3.725611012195122,27.00493210282072,1.9845928784999967,84.7283552963446
06001440308,1.4934733886462883,3.8370810917030567,27.4620997172857,1.9845928784999962,85.590013832631
06001441200,1.6200292189349113,3.9860705147928996,27.9065464882209,1.9845928785000098,87.9324190939422
06001441301,1.5261912134831461,3.866580078651685,26.025959945265182,1.9845928784999975,84.8144734041958
06001441302,1.5124993097345132,3.8473809292035397,25.882817530567625,1.9845928784999962,83.01741228131661
06077003108,3.17501,4.938896,30.413784705599955,1.9966900594200037,102.38095238095232
06077003111,3.2390481210191084,5.147753286624203,30.298051617979592,1.9966900594199999,109.41148629739992
06077003112,3.2341322673267325,5.120020797029703,28.824045332227676,1.9966900594200039,106.92360709875236
06077003203,3.1549264386617097,4.9298659442379185,32.21916744250111,1.996690059420005,106.08581564350467
06001433900,1.314874,3.92583,19.60383486655276,1.984592878499997,61.111111111111114
06077003205,3.1505754545454545,4.927909636363637,32.34474497494321,1.9966900594200052,106.77966601670272
06001434000,1.314874,3.92583,18.710507643212924,1.9845928784999967,61.111111111111114
06001435500,1.2346892222222223,3.7320100444444444,17.203557637421458,1.9845928784999969,56.90626671536059
06001435800,0.898291091954023,3.220054,21.32297354725682,1.9845928784999964,37.35425673558437
06077003209,3.145162657458563,4.857944657458563,35.86173119609997,1.9966900594200023,98.9123738342754
06077003210,3.1581441801242236,4.903284857142857,33.71556857787708,1.9966900594200003,100.3390689842076
06077003213,3.152629871165644,4.876757932515337,33.050564881920295,1.9966900594200006,93.9294960095302
06077003214,3.153122,4.87915,32.794988057161085,1.9966900594199994,93.65142047032924
06001435900,0.832645,3.114965,23.798927766392236,1.9845928784999964,31.80514411438248
06001436000,0.832645,3.114965,23.72259322302858,1.9845928784999964,34.92063492063491
06029005513,3.46280604040404,5.2049052592592595,20.29600950279491,1.892840162840002,425.0870940347003
06029005405,3.7196316440677966,5.651475457627119,24.9713434142023,1.8928401628400022,366.7751618170196
06029003134,3.08847,5.249101,42.57531053539994,1.9991352696299973,302.3809523809523
06029005407,3.6951958723404252,5.5786925191489365,24.043483207606194,1.8928401628400022,384.46346390002583
06001436100,0.9883723493975903,3.3642598313253016,20.72336799386559,1.9845928784999967,41.34201634649066
06001436200,1.133235,3.596162,19.228522937437955,1.9845928784999975,46.82539682539681
06001436602,1.197594205882353,3.593803794117647,19.098347608082353,1.9845928784999973,55.45454068827037
06001436700,1.133235,3.596162,19.832765492888385,1.9845928784999973,47.02041371701391
06001436800,1.0714480357142857,3.401602160714286,18.950361051474108,1.984592878499997,54.28243404453224
06113010511,3.3834329444444444,5.505991333333333,32.78859712690559,1.992554653389996,95.52652561219162
06113010512,3.4201271824324326,5.500197445945946,32.75286725059998,1.9925546533899976,90.48350595150436
06001436900,1.1049998,3.5330872749999997,20.15459504640376,1.9845928784999967,47.66327829982219
06001437000,0.971891,3.235735,21.521468052673413,1.9845928784999969,53.1727474664479
06001437200,0.971891,3.235735,22.741264086407224,1.9845928784999962,53.174603174603135
06001437300,1.078548681818182,3.4041675545454546,21.624708073736382,1.984592878499997,54.05963030213208
06001437400,1.193256,3.585312,20.5864123284,1.9845928784999969,54.7613225361071
06001437600,1.193256,3.585312,22.00469249041491,1.9845928784999973,54.76190476190476
06077003306,3.1761540858895705,4.955117503067485,33.90145090908717,1.9966900594200006,107.87777428029445
06077003311,3.1477091570247935,4.877457231404958,36.278527084862866,1.996690059419996,99.84177349748586
06077003403,3.1280073214285715,4.835849464285714,38.05444000219996,1.996690059420001,102.92977356396084
06077003404,3.132672011235955,4.850661747191011,41.59961704669988,1.996690059420002,105.59656981136554
06077003405,3.1784666417910445,4.963753462686568,38.50589138030891,1.9966900594199968,107.93650793650794
06077003307,3.1543187647058826,4.93306055882353,32.777855631008286,1.9966900594200012,107.3097711508846
06077003310,3.1597642580645164,4.938561322580645,33.65787629522581,1.9966900594199997,107.41997959149111
06077003601,3.1875219717277488,5.10536962513089,51.49482495834407,1.996690059419974,113.86275126242847
06013327002,2.969916619047619,5.374904273809524,26.530899562122013,1.9845928784999967,172.65566260574371
06013346206,2.7573503351800555,5.443697365650969,26.43971498936989,1.9845928785000322,123.61974754993904
06013319001,2.7587474375,5.2147651704545455,37.91486844944716,1.9845928784999964,131.68758937913665
06013302013,3.165743073954984,4.968631964630225,21.907741494772498,1.9966900594199992,73.71958680432785
06013345206,2.2304683066037736,4.938017188679245,30.0901331805042,1.9845928784999964,85.32827784824457
06013302012,3.1117792961783444,4.94228899044586,26.352415985957443,1.9966900594199988,75.96663751118297
06013355308,3.1826775070422535,5.572594169014084,24.79873906151504,1.9845928785000015,186.5714136278356
06013355118,3.630537578544061,5.668445026819923,23.414763043066642,1.9966900594200063,121.16430820164716
06013314105,2.960693,4.988626,31.058405307976507,1.9845928784999967,126.19047619047618
06013319002,2.68344867264574,5.063324130044843,39.487409636343465,1.9845928784999962,119.93573147828153
06013345117,2.4054735954545454,5.105590036363636,22.63263346622181,1.9845928784999962,97.81494542855816
06013303208,3.4959804620938626,5.420853487364621,27.08081052755694,1.9966900594200037,127.12150795856016
06013304007,3.311638087613293,5.220600996978852,27.831332268397833,1.9966900594199968,115.16294341492149
06013303107,3.384619032967033,5.278113413919414,29.641673341269538,1.9966900594200043,115.35286757172295
06013355201,2.960693,4.988626,30.66343284451695,1.9845928785000115,127.55219281608272
06013313105,3.0768723024390243,5.042553370731707,31.24252271153746,1.9845928784999964,113.9202749688373
06013303209,3.442213,5.353569,22.801212262870184,1.9966900594200003,106.1210934618396
06013303211,3.408439628712871,5.322280777227723,30.600923642648194,1.9966900594199906,124.8164003339994
06013355310,3.097067,5.534122,21.121429927360094,1.9845928784999967,166.63197547910406
06013355309,3.078977278606965,5.5337113631840795,21.340408768711995,1.9845928785000164,187.1968924630145
06013324004,2.9302892258064515,5.428829951612903,15.21829602499681,1.9845928784999969,154.83253677578696
06013355122,2.6286302942942945,5.11518987987988,34.941737175919904,1.984592878500009,112.38730067791276
06013339003,2.661285804597701,5.266999183908046,22.332807943444855,1.9845928784999975,107.66527578897325
06013336103,2.959834789473684,5.430665578947368,16.874653821543877,1.9845928784999984,162.73516602779597
06013337201,2.941842176470588,5.409823960784314,15.11569911093136,1.9845928784999973,161.70792193580053
06013355202,2.964677020547945,5.117824602739726,27.78040445301506,1.9845928784999967,133.5236098407452
06013327001,2.931931138157895,5.324676322368421,25.393209299320375,1.9845928784999967,177.79471125275927
06001437900,1.3470924864864864,3.7688356486486487,24.820878510829736,1.9845928784999978,70.62113308348367
06001438100,1.4398525916666665,3.8169384416666667,27.008170256265974,1.9845928784999962,80.352637412853
06001438201,1.1887658507462686,3.541999880597015,23.28877209499251,1.9845928784999969,55.86814220983793
06001438400,1.1809821458333332,3.4669180208333334,23.712927545232287,1.9845928784999973,57.9102616764368
06001437800,1.218227135483871,3.6151020322580645,22.860446476868326,1.9845928784999967,57.28342262186214
06113010513,3.343956,5.5122246,33.07443613735002,1.9925546533899978,99.71481288408884
06001440200,1.5760743975155278,3.9760645279503106,28.12161757087395,1.9845928784999967,97.4753503490906
06001440304,1.229093,3.487165,27.49529547345497,1.9845928784999969,80.15873015873015
06001432200,1.1457132721088437,3.599630870748299,21.173125356303384,1.9845928784999967,41.24050824188323
06001432300,1.050674,3.438778,21.549238134632123,1.9845928784999967,30.952380952380963
06001440305,1.229093,3.487165,27.698440718411746,1.9845928784999969,80.15873015873015
06001432700,1.259193,3.791694,20.67512887353129,1.984592878499997,51.58730158730157
06001432502,1.050674,3.438778,23.145575388008737,1.984592878499997,30.952380952380963
06001433103,1.100793,3.663816,21.7967606517686,1.9845928784999975,46.031746031746025
06065041912,3.0097193504531723,5.050948012084592,32.472098978459634,1.9814317678899886,293.985205617127
06081608013,1.630941,3.963623,28.597683046400736,1.9845928784999967,86.37369049581908
06073017050,2.273065008695652,4.418663547826087,33.26137213081076,1.9781059053199934,331.1658199482813
06037275500,1.302436,2.589328,20.62316738718987,1.9836592168000011,63.492063492063494
06037462001,2.983533,5.062649,32.66550166049997,1.9836592168000022,234.1269841269841
06037463601,2.948652,5.017757,32.79459411335538,1.9836592167999991,230.15873015873012
06037920116,3.1259400582822088,5.3977970276073615,26.17279264991656,1.9836592167999945,282.3652533802841
06037920119,3.1449693672316386,5.432138768361582,26.70373361931756,1.9836592167999962,284.74117382476
06037920338,3.1350898534798533,5.345088692307692,25.496583706806902,1.983659216799995,301.91376651805695
06013346204,2.7354439033557045,5.3519964,22.978123566703715,1.9845928785000329,108.09583805457665
06013346203,2.763306082901554,5.467498253886011,23.86022404671122,1.984592878500015,119.34574969172134
06013360101,1.08091623019802,2.9080971311881187,34.25048292557128,1.9845928785000166,39.317227968375626
06013355109,3.4885756458923516,5.478799878186969,21.715504334901304,1.9966900594199946,71.56542871673363
06013355113,2.6362476299212596,5.148268779527559,32.92474572526194,1.984592878500024,107.3269716739998
06013334006,2.9958406101694917,5.39788913559322,17.899506243798704,1.9845928784999962,160.36404920717536
06013334200,2.6417833638778223,5.277936391766268,28.39239501220608,1.984592878500033,108.11858875462688
06013355306,3.305229879251701,5.7387642517006805,27.229381844487172,1.9859301519010384,169.46160810388025
06013355112,2.9258073488188976,5.3366739055118115,37.16773311719789,1.9875933603817175,154.82600601781914
06095252317,3.1263506506986025,5.213594431137725,24.26891273728723,1.9846564455650135,113.99680422020344
06095252316,2.969787,5.2374,20.689578538721285,1.9845928784999967,107.93650793650797
06095253206,3.5721730800000002,5.6684956799999995,26.102366349676366,1.992554653390006,121.40424626159756
06095253205,3.5632597603305785,5.674411231404958,26.215825048377667,1.9925546533899952,128.04221905423557
06037221601,2.482595,4.275402,20.059684717850015,1.9836592168000022,202.38095238095235
06037222001,2.2669376,3.9743014,19.224366936000017,1.983659216800003,202.39519126854265
06037237201,2.210483,3.918853,19.7730403968,1.9836592168000031,217.46031746031747
06037239201,2.351184,4.11816,20.128702503199982,1.9836592168000025,236.50793650793645
06037239601,2.351184,4.11816,20.58734025157195,1.9836592168000027,236.50793650793645
06037980019,2.1244916000000003,3.9482884,32.96910421176666,1.9836592167999998,201.01849674148357
06013304001,3.5450181521252793,5.503002109619686,34.539751796304245,1.9966900594199877,150.45772966229825
06013355111,3.354532734375,5.288611546875,21.174522929000048,1.996690059419998,69.21954088229758
06013360102,1.202756142857143,3.207909425925926,31.055525024605707,1.9845928785000142,50.99877220087727
06013302007,3.143501,4.985878,23.669327376177048,1.9966900594199903,67.46031746031744
06013302009,3.409266261494253,5.3264356264367825,21.062512259227617,1.9966900594199952,86.15557142272962
06085504700,0.7195992318840579,2.4883306086956525,27.073067834823203,1.984592878499998,51.07823804549167
06081601902,0.08182134899328859,2.032598375838926,25.28842159990208,1.9845928784999967,-2.9069558124257946
06083000301,0.8508171999999999,2.2322542153846157,33.513875970600054,1.992271328490002,84.87343390869552
06083001306,0.6831470216216217,2.2645504864864865,38.67411401341405,1.9922713284900049,74.91513001840984
06083001706,1.1405301585728445,3.2268027591674926,35.1892656537581,1.991861634375916,197.75276856947033
06033000100,3.2471046437149718,5.592134465172138,36.81359847444945,1.9863468481198714,112.14850003697724
06013324003,2.850885,5.421291,15.515798751899995,1.9845928785000007,142.06349206349205
06013313107,3.1807118475609757,5.306119091463415,30.60169357082686,1.9845928784999967,163.69831772426198
06013351105,2.5254384166666664,5.219003833333333,29.76580403872811,1.9845928784999973,103.00684161355748
06001441927,1.690683,3.990192,20.90114277919998,1.9845928784999982,117.46031746031744
06013980000,0.903287,2.212886,32.038522683657135,1.9845928784999993,16.666666666666657
06013351104,2.5535848,5.22747,30.49678014667416,1.9845928784999969,103.1018225262216
06013346205,2.8577700807754445,5.488550148626818,25.451543336913282,1.9845928785000289,125.47361432518134
06013336104,2.980418862068966,5.42787248275862,18.7867307898,1.9845928785000007,180.3676815055415
06013345118,2.3809409670329673,5.085788109890109,22.49637868742782,1.9845928784999995,95.82064612465818
06013339004,2.849005945945946,5.418386189189189,19.728163739483794,1.9845928784999978,124.06598850993484
06013303105,3.369592,5.283121,25.74027986117389,1.9966900594200025,93.0117188006656
06013313104,3.080429275862069,5.050663551724138,31.497757376443136,1.984592878499997,122.00205954969664
06037132900,3.219176076923077,5.49835533974359,18.723315616934617,1.983659216799997,316.626335243825
06037133000,3.228441,5.511917,17.03716368102376,1.9836592167999971,334.9206349206349
06037134103,3.1840744782608694,5.469696536231884,18.565554113120296,1.9836592167999973,328.1391179295883
06037134104,3.187151,5.476049,18.534139499767345,1.9836592167999996,336.50793650793645
06037134201,3.1877233178807947,5.48052142384106,18.380695142696048,1.983659216799997,319.39539538708596
06059110015,1.8196006170212766,3.653090654255319,25.572887442618125,1.9834696466799968,247.11333858664463
06039000106,4.021381485742872,6.23212212056028,60.90049630441668,1.9966900594199675,175.1333427516872
06039000109,4.032212921375922,6.273007486486486,52.31489600015136,1.9966900594199712,165.10388725788326
06039000201,3.69043934416826,5.717405915869981,58.29268981749693,1.9966900594199841,155.1966638427406
06039000604,3.679165,5.74522605263158,59.59292341418418,1.996690059420003,162.6984126984127
06013313203,3.001690553072626,4.995328011173184,30.287980268826814,1.9845928784999964,110.08947616523945
06059021812,2.6495606142433235,4.638866317507419,21.177193560913427,1.9836592167999945,257.9392615455995
06059021905,2.64551975,4.64980038235294,20.45511634366718,1.9814317678899982,251.39059517471003
06059089106,2.021404,3.884517,19.234062798399986,1.9814317678900006,244.3828275523543
06059021916,2.5280935971223024,4.531706133093524,21.13860180109429,1.981431767889997,256.5209692900979
06059021825,2.7716433493150685,4.780544092465754,25.037348839487887,1.9814317678899944,245.5482006367062
06059001708,2.5935046393442622,4.576681401639344,27.384748964497494,1.9836592167999954,293.2438618552267
06059062634,2.3916803652173915,4.6476571608695645,26.192929137796938,1.9781059053199934,315.3017869747964
06059042325,1.351128659090909,3.020007831818182,34.494632620955315,1.978105905319994,185.373856600311
06059042113,0.8441169942528736,2.3797286551724137,32.989162507973695,1.9781059053200027,131.4721025965021
06059021918,2.373222,4.386966,23.200583849043426,1.9814317678900009,240.4761904761904
06059021816,2.7119005273775216,4.710460968299712,21.07018414638319,1.9836592167999945,254.2175951993492
06059001704,2.519582,4.490623,25.987797203176306,1.9836592167999947,296.031746031746
06059110118,2.131467,4.028278,20.56770896895226,1.9836592168000002,276.984126984127
06059062633,2.2701359571984434,4.4558682801556415,29.858054407434558,1.9781059053199919,279.97768045934185
06059062630,2.103157970588235,4.076835794117647,25.34775049698138,1.9814317678900009,266.49120906697846
06059052513,2.026400762886598,3.9437628556701028,23.770338482346407,1.9814317678900009,246.0854549870434
06039000603,3.767965,5.823805,58.36809729046178,1.9966900594199988,162.6984126984127
06013355107,3.4272562476635513,5.514540894859813,31.621529982601853,1.996011712826349,174.1323755810045
06071011404,2.3669839941588786,4.11725951635514,28.746602583098657,1.980766656776153,334.78213603029883
06001404101,0.9611934743589744,3.0350406153846157,21.773926770099987,1.9845928784999978,48.36831741971852
06001405302,0.753286,2.917377,22.218753287100004,1.9845928785000007,48.4126984126984
06059042315,2.081491874626866,4.239052214925373,24.780673364043317,1.9781059053200016,287.69347045054906
06059075813,2.433582942528736,4.407889367816091,22.05244117364416,1.9814317678899864,259.4939974711946
06059099311,0.7236533644859813,1.8247601495327102,22.763999826801882,1.9814317678900009,48.45060701607469
06059086303,2.3238221866028708,4.27683404784689,23.25662932297759,1.9814317678900009,263.9766883385963
06059021921,2.6827754514435695,4.697413986876641,22.50882381085118,1.9814317678899827,247.63534434542004
06059001902,2.373737,4.315681,25.920882386199995,1.9836592167999991,292.06349206349205
06059063004,1.0846432330827067,2.5066823834586467,31.35524476109024,1.9814317678899993,96.41608293534355
06059062626,1.7236233921568627,3.5433546470588237,27.49956031279999,1.9814317678900009,207.64523236864773
06059042339,0.836675,2.292425,38.26505232398102,1.9781059053200019,114.28571428571428
06059042336,2.066375,4.167987,25.07362663057813,1.978105905319994,281.4382702256452
06059042319,2.005099111111111,4.080967222222222,29.18207314585703,1.978105905319995,273.54323131807143
06059074407,1.9887263770491803,3.8946441147540987,23.948022961400035,1.9814317678900009,244.25447632911823
06059032044,2.8478564066852368,5.145374802228413,21.646200228645483,1.9781059053200194,342.00116667477664
06059042206,0.6263902337662338,2.0708376233766232,36.95286622811423,1.9781059053200007,124.513937945888
06059042112,1.1799233282051282,3.046297184615385,35.10304316909861,1.9781059053200063,225.06154828402208
06059021923,2.677781440860215,4.696005018817204,25.979399942664678,1.9814317678899838,252.4549867065526
06059021920,2.5803085311004783,4.609497899521531,22.83105506893889,1.9814317678899793,244.83517000812583
06059021822,2.764994343478261,4.775754460869566,26.98081449050952,1.9835914248766744,256.61574055307415
06001405600,0.904068,3.158994,21.422153512000015,1.9845928784999982,52.38095238095235
06001406400,0.911562,3.16992140625,22.58411767852188,1.9845928784999982,51.941439123767445
06059032041,2.9275569719101124,5.074930466292135,25.578533641358977,1.9781059053199979,258.062801142838
06059075814,2.5029322748815166,4.498411658767773,21.593437131046887,1.9814317678900009,258.86328477542537
06059099416,0.8671903448275862,2.0436510344827585,31.072559174700007,1.9814317678900009,54.61098768150799
06059001505,2.6502762124645893,4.627416603399433,28.34450820753806,1.9836592167999945,282.3109892107281
06059011714,2.5166980322580645,4.465868161290323,23.75388033161935,1.9836592167999998,262.7943032699811
06059042311,1.1463303870333987,2.8497498428290764,34.1256772929444,1.978105905320013,188.65927549312875
06059042329,1.851625252788104,3.8652321412639403,27.832130766977386,1.9781059053199934,256.35260872842474
06059063007,1.340694279826464,2.93512626681128,32.3821926288984,1.981431767889976,135.74049364772102
06059052422,2.5783278157181573,4.750753159891599,23.55818262584924,1.981431767889984,280.5413018267182
06059032033,2.792366,5.101679,20.675560982680594,1.9781059053200045,318.25396825396825
06059042201,0.37071331003039515,1.4669541550151977,36.80668637874205,1.978105905320001,47.237541180222784
06059052522,1.804557784,3.639570072,23.386009644616056,1.9814317678900009,232.65414705308208
06059052410,2.5652303271028036,4.840864710280374,21.48161269023457,1.9814317678900009,329.48562930890165
06059021917,2.416840403474904,4.437927671814672,23.553840345194082,1.9814317678899727,240.61619742175705
06059075703,2.2341656754966888,4.218564337748344,24.743446267578573,1.9814317678899929,240.89934769486177
06059075512,2.010139,3.936081,24.71443050643748,1.9814317678900006,242.8571428571428
06059052419,2.335333,4.3440327142857145,26.18193951159862,1.9814317678900006,224.40447679482543
06059052421,2.230487652818991,4.226376017804154,25.63530337870231,1.9814317678899878,245.93434630632265
06059032049,2.8435620833333335,5.097872414141413,21.59729585820133,1.9781059053200067,270.24051740731846
06059032053,2.783214010135135,5.109262324324325,19.315940082348696,1.9781059053199972,345.9109830868581
06001405700,0.904068,3.158994,21.443851340266235,1.9845928784999978,52.38095238095235
06001405800,0.904068,3.158994,21.616892674789508,1.9845928784999978,52.38095238095235
06085511608,2.230019237113402,4.2711947835051545,13.006904042096906,1.9845928784999964,152.03294750305696
06059075702,2.220297531120332,4.190000726141079,24.959963619851486,1.9814317678900009,253.12384722334215
06059074805,1.9210308923076922,3.7802602000000003,16.861016400192298,1.9814317678900006,243.81621843512065
06059042317,1.3918686397306397,3.1670370303030304,35.82743991213507,1.9781059053199972,200.71328578476124
06059062647,2.5985230945945945,4.948370290540541,23.377006311405445,1.9781059053200019,336.5709642892374
06059052411,2.5892174769230767,4.906550584615384,21.961138388513767,1.981397656479026,334.7550977561639
06059021913,2.3679793714285715,4.376511893877551,22.589869514378407,1.9814317678900009,240.9474841370262
06059075604,2.3128170823529413,4.317623202614379,25.168209904132198,1.9814317678899636,237.02844905126113
06059042111,1.0028847468085107,2.731322525531915,36.05670083703873,1.9781059053200112,217.3642736034833
06059021924,2.7232546231155776,4.73536427638191,26.90654891497341,1.9814317678900009,257.6737078041067
06059099603,1.42809225,3.0069061716417913,28.6364723921342,1.9814317678899989,139.7922764017726
06059099406,1.420951,2.924032,24.754441220899956,1.9814317678900009,154.76190476190476
06059087403,2.2932273999999997,4.2279648,22.369820769899967,1.9814317678900006,281.36169894502325
06001444301,1.310936941860465,3.5057243895348837,30.682099284711022,1.9845928784999964,84.36740935603162
06059062900,0.371879,1.245252,27.430797321520927,1.9814317678900009,-36.756609255294805
06059062619,1.573101,3.236898,41.926666563485995,1.978105905319992,199.20634920634916
06059062620,1.562914594936709,3.224344075949367,43.024062336070934,1.9718460765056955,199.20634920634916
06059074110,1.741712,3.523494,14.111015557765404,1.9814317678900009,215.87301587301585
06059062610,1.6259508994413407,3.336478586592179,24.223798525934612,1.9814317678900009,181.2745531778587
06059042203,1.3284879258114375,3.242142545595054,34.47101602472861,1.9781059053200176,228.3716079161572
06019004404,3.662146488372093,5.7757208682170535,30.30662655003878,1.9988130326255769,194.14451920529177
06059110113,1.9552005922330096,3.8377780388349514,19.340728330866053,1.9816480250657282,255.6178053609547
06059087902,2.062772,3.938221,19.078200234837052,1.9814317678900006,284.9206349206349
06059021912,2.5295578004866184,4.543715284671533,22.296130721752235,1.98143176788998,246.20474266698017
06059099415,0.9985318647686833,2.2376651530249108,26.12495654173037,1.9814317678899964,54.78256683630123
06059021915,2.526237051111111,4.503431046666667,21.443742560700727,1.9814317678899769,257.6168250077277
06059021820,2.6875970304182513,4.694434802281369,23.804812399759655,1.9836592167999951,278.28582714332833
06059001602,2.61527561682243,4.586397939252336,27.900364010294926,1.983659216799994,284.0886298664026
06059062643,1.2894465101419879,2.8270139077079106,36.33588606716293,1.9733901320541276,126.76441629694486
06059042320,2.416311,4.701727,24.673406481412677,1.9781059053200014,326.10884407024275
06037141303,2.9741758,5.146220366666666,22.336140456299983,1.9836592167999998,262.3587411043052
06037186202,2.794513,4.783754,27.64852464747589,1.9836592168000027,198.54316687019872
06037188202,2.7539319626168224,4.718344308411215,26.863441666115907,1.983659216799999,192.5676725304073
06037189905,2.651323,4.545927,23.87733357030001,1.9836592168,164.28571428571428
06001404700,1.2027002857142857,3.5084987819548874,28.778577120674445,1.9845928784999969,51.824494405989014
06001404800,1.06394,3.392112,23.929215045588926,1.9845928784999975,46.82539682539681
06001405200,0.9027336460176991,3.1568557964601767,21.741019389178767,1.984592878499997,52.359716597501325
06001405500,0.904068,3.158994,21.70096343328502,1.9845928784999984,52.38095238095235
06001450750,2.74043,5.263458,31.449265451559462,1.9845928784999978,154.76190476190476
06001451403,2.919997411764706,5.264346558823529,30.759328869573576,1.9845928784999973,147.44857293154533
06019004405,3.724251177474403,5.838964941979522,30.585513808323025,1.9985260534343348,191.6964333614997
06037602504,1.5833976666666667,3.0285946666666663,15.4492240088,1.9836592168000016,159.45325731157504
06037241002,2.102287,3.790126,21.121486169497846,1.9836592167999998,233.33333333333331
06037262604,1.4933459962686568,2.7804549962686567,33.50165553147449,1.983659216799998,67.96508424967081
06037262802,1.6672180424929177,3.0579322974504253,27.581538017874635,1.9836592167999945,54.48401703078576
06037267403,1.939321,3.38441,21.057526307054548,1.9836592167999998,87.30158730158729
06019005301,3.636861519685039,5.742193228346457,39.26770224254238,1.999135269630006,194.43206723267127
06019005302,3.635799,5.740452,39.323187768604456,1.999135269629999,194.43467643079416
06019005304,3.6876704399999998,5.756452114285714,41.83809418699434,1.9991352696300009,189.28388387457773
06019005305,3.6856637258064513,5.755833129032258,41.902756701633386,1.999135269630002,189.3055032156609
06001405100,0.9580066141304349,3.1887187010869567,22.105921128900487,1.9845928784999964,51.27791019986324
06001404900,0.9397229064748202,3.210984345323741,23.078137137891353,1.9845928784999969,50.72730734265107
06037980003,,,,,415.79027589690656
06037980007,1.09403,2.588709,33.156004543150004,1.9836592168,59.00490927520369
06037980009,2.8289989111111113,4.8452908,28.627477803035582,1.9836592168000016,203.4893088304384
06037296901,1.939384,3.916093,30.016793895306513,1.9836592168000013,163.4920634920635
06037123902,2.879495,5.112711,25.736394479006144,1.9836592168000007,280.1587301587301
06037134522,3.198711,5.520794,17.152705353921313,1.9836592168000016,288.88888888888886
06037192001,2.458746,4.192447,22.3484346134,1.9836592168000031,148.41269841269843
06037211122,2.597877,4.44247,22.63572766754705,1.9836592168,184.92063492063488
06037104822,3.0012127719298247,5.223684315789473,25.27479464832983,1.9836592168000027,302.1018507222368
06059063808,1.0340324854368932,2.411542359223301,23.789838259499952,1.9814317678900009,119.85849465280783
06059062645,1.3975296873315364,3.0322753369272237,33.81294660403753,1.9814317678899838,166.82873012163333
06059088702,1.930843,3.73908,16.992725427218456,1.9814317678900009,254.76190476190476
06097151602,2.982018648501362,5.2001710871934606,29.280794221784447,1.967072705638978,112.7885227934994
06097150607,1.6916481361256543,4.209811797556719,29.588739613729857,1.984592878500027,115.38667293819825
06097150610,1.719331,4.28475,27.825885319708657,1.9845928784999967,118.25396825396822
06097153809,3.100275244897959,4.528119766763848,32.091031294359546,1.9279417468699995,78.30700100698569
06097153104,2.675607265822785,4.220389151898734,31.544599691463922,1.9279417468699989,95.55933481795824
06001405401,0.8458113181818182,3.065641977272727,22.218753287099986,1.9845928784999993,50.804767071355705
06065043822,3.240336451612903,5.190497123167155,34.19014208302314,1.9814317678899873,345.36346041428527
06065043823,3.117526491009682,5.04986245504841,33.234518235350095,1.9814317678899647,334.59973975695635
06065044517,3.3292740177935944,5.093879871886121,26.23229795101177,1.9996704373900107,603.0005752862443
06065044520,2.9034869748427674,4.75611452620545,22.482784740990457,1.9996704373900158,585.7360535979458
06065044606,2.764418556745182,4.7627798029978585,26.52410757224083,1.9996704373900156,475.7688305822428
06037901210,3.474728733870968,5.493991233870967,25.91160197696573,1.9785323347216086,385.90989463073095
06037269602,2.090776,3.657238,17.75967058,1.9836592168000011,150.79365079365078
06037271901,1.632238,2.99633,19.335219972904625,1.9836592168000005,92.85714285714286
06037302003,2.928457,4.978676,29.57032356818001,1.9836592167999998,223.015873015873
06037115103,3.130950935483871,5.359630387096773,19.744058364777406,1.983659216799997,297.0163873450121
06037127605,3.1479919444444446,5.323146592592592,23.04310853406667,1.9836592168000025,328.44365620052884
06037400404,2.9672497391304344,4.989204704347826,27.845509570295587,1.983659216799994,206.1230212589958
06113010402,3.4161722200489,5.1957958899755505,20.784479900895814,1.9925546533900094,102.00675295502252
06007001703,3.5844811622641513,5.8412281433962265,54.75730207404412,1.9925546533900058,97.06248638121072
06037117102,3.033249,5.212343,22.24530375345672,1.9836592167999971,290.4552213429004
06037119341,3.033249,5.212343,24.308216089114264,1.983659216800002,290.4761904761905
06037120106,3.033249,5.212343,25.14657791640001,1.9836592167999998,290.4761904761905
06037122121,3.1182272622950817,5.369726360655738,28.855813491300015,1.983659216800003,306.76007582291334
06037124204,2.9412676511627907,5.17728376744186,26.476652236900005,1.9836592168000013,274.16557952822996
06007001704,3.55008510106383,5.867663205673759,52.01478013937676,1.9925546533900111,94.46292160243893
06007002601,3.434093332098765,5.604009735802469,54.412803796135805,1.9925546533900127,83.61381645591185
06007002602,3.4258270050955413,5.583327810191083,46.126847366925055,1.9925546533900125,78.80542473064831
06007003002,3.325071429022082,5.512928050473186,36.55700398155427,1.9925546533900074,78.71450678688373
06007003501,3.405596691566265,5.410385824096386,33.499363225268965,1.9925546533900094,85.05554594667026
06007003700,3.3774130457604308,5.516176631224765,25.760738809931766,1.9925546533900123,74.58773969545271
06073017813,0.8012774924812031,1.7766391203007519,42.199161522360015,1.9781059053199928,13.05218685883046
06073017054,2.3770090428015567,4.5692955019455255,40.29421851545024,1.9781059053200132,321.5534640645798
06073017053,2.447168670769231,4.648059223076923,47.421220460659285,1.9781059053200176,323.49669833469846
06001451703,2.8982140632911393,5.247547101265822,30.27710529960911,1.9845928784999962,147.0457569816643
06085503329,2.6061632437499997,4.7385062,28.302558674358828,1.9845928784999967,123.58625071968156
06085512032,2.7031894013157896,4.8765245065789475,23.410473156696742,1.9845928784999967,157.1868164108825
06085511916,2.807535,5.061529,23.322882931619155,1.9845928784999964,161.11111111111114
06001442302,1.8102546168224298,4.143141317757009,20.9443737712925,1.984592878499997,101.11026039173944
06001406602,1.06394,3.392112,22.944613492332724,1.9845928784999987,46.82539682539681
06001407101,1.0401918928571428,3.355369910714286,21.88581249779284,1.9845928784999987,45.30866043903871
06001407102,1.0166945463917525,3.3190521340206187,21.848443521955648,1.9845928784999973,41.23979937592257
06001432501,0.9148529299363057,3.322111375796178,22.769779162588524,1.9845928784999967,29.228508120832352
06065045222,2.825707784140969,4.7470163083700445,24.79431177139649,1.9996704373900078,604.5949007073762
06065045228,2.841410657183499,4.790677812233286,23.5543571010986,1.999670437390018,512.7852417387743
06065046900,2.882065497340425,4.815725484042553,20.47430542303897,1.9222645497202746,458.1699962315193
06065047202,3.1069926779661015,4.938149467043314,21.630194159848497,1.9996704373900165,487.3291275160082
06065045125,2.6713402720379147,4.610416599052133,24.250144817906584,1.9996704373900132,402.2350022972734
06065048100,3.118138992753623,5.064511606884057,29.530202330128727,1.981431767889971,286.15753740602406
06065050600,3.1094327623762377,5.168984641584159,24.518114196050007,1.978105905320013,366.0428312990167
06065981000,3.0339192100840338,4.961725,13.328793069188245,1.696764211180003,544.4756168378466
06065051200,2.891526127071823,5.072425530386741,34.02339485398884,1.9781059053200143,343.82926985590217
06065043274,3.260759844522968,5.154317014134276,42.4378736707896,1.9811027072823666,389.27954535024224
06065043513,3.431944,5.420898666666667,25.000004366421642,1.9814317678900009,366.44315287990287
06065043517,3.2882609824175826,5.387939791208791,29.48720144486517,1.9814317678899764,415.8197767628864
06001406201,0.899568524590164,3.1510775081967215,21.915492724400025,1.9845928784999984,52.282467504085744
06001406202,0.8419243018867925,3.04965679245283,22.054545513849057,1.9845928784999987,47.25548292766389
06001406300,0.904068,3.158994,21.898476021233346,1.984592878499998,52.38095238095235
06111002905,0.7972008197424892,1.76646591416309,34.347663820078964,1.9836592167999954,4.088377399144756
06085503333,2.5043452584269663,4.621630426966292,25.169799733085444,1.9845928784999982,128.43929763594105
06037128801,3.071206194029851,5.209901656716418,22.60479917235226,1.9836592168000027,282.1215209188361
06037139504,3.201486,5.466245,19.23076665958333,1.9836592168000005,313.49206349206355
06001450501,2.272661077419355,4.961637754838709,30.840659774159295,1.9845928784999967,121.95341225237355
06037191902,2.526544472727273,4.312065181818181,21.65479640719999,1.9836592167999987,159.20339173243198
06037194102,2.6720127308641977,4.590552165432098,26.037492389127017,1.9836592167999942,172.57134854972557
06037195803,2.681398,4.567392,23.762737967805673,1.9836592168000025,189.6825396825397
06037102105,3.168808,5.424183,28.39131493259998,1.9836592168000031,309.9190521210331
06037104124,3.0129078050847458,5.291350576271187,19.94153582594998,1.9836592167999954,245.2752850059564
06037104821,3.0022002816901407,5.22708523943662,25.5499031625014,1.983659216800002,302.7241988229817
06037106408,3.157910290322581,5.412111709677419,28.425210799499983,1.9836592167999998,219.6251486465084
06019004406,3.72198704,5.826591605000001,32.2118993442,1.9991352696300029,196.96051437914332
06019004503,3.6439717515151515,5.7572035999999995,31.530626110901704,1.9991352696299958,192.6441682272109
06019004504,3.655237,5.76816,32.36808140591673,1.9991352696300053,192.8601812449205
06019004505,3.6593218571428574,5.776038857142857,36.166189120892824,1.9991352696300015,192.6372031637519
06099001002,3.257275492385787,5.330424269035533,28.956270782749804,1.9966900594200037,113.4920634920635
06037115104,3.128912,5.352703,20.169669481423313,1.9836592167999971,305.00057771602434
06037119201,3.0345402047244097,5.222721771653543,23.824086698899972,1.9836592167999978,289.89954014475217
06037125501,2.994983,5.233434,25.703366677367743,1.983659216800003,269.0476190476191
06037800204,3.0660356242774567,5.374725988439307,26.557308121962407,1.9836592167999965,300.5300880200321
06037571703,2.06184,3.820444,25.861747899300003,1.9836592168000016,245.23809523809524
06037901209,3.6299066166666667,5.6674414904761905,26.415485620785667,1.8992191202014799,396.64569445871086
06067002500,3.295477,5.226526,23.34776677684999,1.9925546533899967,88.0952380952381
06099002602,3.379414261802575,5.388027313304721,46.43373498124107,1.9966900594200059,120.39844373635248
06099002604,3.309909594936709,5.3368752405063296,39.84761764300009,1.9966900594199999,118.78193642015492
06099002605,3.315442541935484,5.343820593548387,40.497950358400104,1.9966900594199997,121.26354128487203
06099002701,3.313238,5.34128,36.2038379625797,1.996690059420007,120.6349206349206
06099003803,3.5494848707482993,5.435150537414966,46.582293772199854,1.9966900594199986,115.6103551597392
06099003904,3.5562698921568625,5.452735019607843,47.37631385446801,1.9966900594199997,122.42713712799568
06059089001,1.9706401454545455,3.8258519090909093,16.395784894500007,1.9814317678900006,241.2643460214062
06037134422,3.2016867201365184,5.563539559726963,22.11070484812556,1.9836592167999947,289.5343723618795
06037134520,3.197555,5.5163195,16.466231661399977,1.983659216800001,292.28275029790746
06059099241,1.601177,3.242525,16.09325205780001,1.9814317678900006,196.031746031746
06059099242,1.4739995,3.0653835,16.093252057800033,1.9814317678900006,185.06441295870783
06059099405,1.2523794810126583,2.650271215189873,24.799871928121494,1.9814317678900006,127.38318893490543
06059099407,1.2989270819672132,2.735066475409836,28.68628372550824,1.9814317678900009,128.77369427384525
06059099408,0.97847312,2.242467554285714,28.90916071421778,1.9814317678900009,71.36817065904934
06059099410,1.5233193680000001,3.104936024,20.574663069300016,1.9814317678900009,180.3016280123424
06059099411,1.4279919541284405,2.974665220183486,20.57466306929999,1.9814317678900009,163.76536808260474
06059099412,1.103876,2.409101,23.442101489211694,1.9814317678900006,94.44444444444444
06059110201,2.15868,4.093067,19.96025879731881,1.9836592167999954,276.1904761904762
06059110117,2.1342048881987576,4.025460111801243,20.549883855414237,1.9836592167999967,278.6715654915436
06059074601,1.9363852108843538,3.7948415238095237,18.517708694524504,1.9814317678900006,248.75132629917297
06059075100,2.069976822857143,3.9585943314285714,21.14234557806974,1.9814317678900009,240.5847179099369
06059075201,2.066629568965517,3.9526475344827583,19.261626467918983,1.9814317678900009,237.8897734667543
06059075202,2.06706975,3.95316475,19.435975151500013,1.9814317678900009,237.1804480821336
06067003900,3.32382711627907,5.211723279069767,22.501150341952684,1.9925546533900054,93.49555263035047
06065045128,2.6736657050938337,4.534812804289544,26.172911836064834,1.9996704373900138,451.13572805165495
06065045613,2.777418,4.695392,27.67504101787121,1.9996704373900172,358.0584211427238
06065045127,2.7873917647058826,4.655897235294118,20.292572886943113,1.9996704373900063,521.1211571296966
06065049101,2.807144409395973,4.673410758389261,27.93691623999994,1.99967043739,672.1242774232152
06065045614,2.7060988291571757,4.5959544988610475,30.614098973619374,1.9996704373900152,354.59126934350127
06065043824,3.1482825280172415,5.017201313577586,29.275517144025674,1.9814317678899602,283.7725938283309
06065043524,3.449932850393701,5.4042582086614175,25.601080635892213,1.9814317678900009,370.9302746086318
06065050901,3.1467775714285713,5.307190142857142,32.860971675439245,1.9814317678900006,409.02768331062407
06065049002,3.131854796992481,4.966229563909774,27.0269959909496,1.9814317678900006,419.2695102792187
06065043521,3.2992647791411045,5.347707429447853,25.02952381337424,1.9814317678900006,378.8918626147861
06065043522,3.3301400483870967,5.3685864193548385,24.88413348403469,1.9814317678900009,373.6571469097509
06065046502,3.184246,5.314337,36.73349876220181,1.9814317678900009,343.65079365079356
06065050902,3.1500592517985613,5.310381079136691,32.76438276617695,1.9814317678900006,382.2061008015062
06065043523,3.3951968547008544,5.40597608974359,24.56435805151027,1.9814317678900009,367.5929040378438
06065042629,3.064593347826087,4.913799847826087,24.45961143805649,1.9814317678900006,405.4290881922838
06065049001,3.1079428267973856,5.021069349673202,26.80525309399577,1.9814317678899922,437.8363087128478
06065042522,3.183508,5.266153,29.27146377765472,1.9814317678900006,436.5079365079365
06065042523,3.1835865378151262,5.2668084033613445,28.890282521268965,1.9814317678900009,417.4978906335293
06065031504,3.163619856115108,5.2997129712230215,39.12156818000229,1.9814317678900006,355.7946585493801
06065031503,3.1366893224043717,5.259257469945355,39.52153873220832,1.9814317678900009,358.4610403022364
06065040304,3.1723952960526316,5.27239865131579,38.745344217399946,1.9814317678900006,319.62452379697015
06065040305,3.165517222222222,5.267876449275362,39.131553869981566,1.9814317678900009,321.3200265716011
06065040622,3.131617493150685,5.151684452054795,31.83271169868262,1.9814317678900009,281.85840241414036
06065040618,3.190521362369338,5.20475200348432,32.41797933549589,1.9814317678899953,286.0754484369115
06065044406,3.142892323076923,5.214696346923077,37.66650049635452,1.9781135803874492,408.72786775018466
06065043519,3.216629,5.181122,26.936601608999986,1.9814317678900009,400.0454046837417
06065042625,3.076744070224719,4.968807485955056,27.67297545885917,1.9814317678899855,409.2860242259376
06065030605,3.1659490733944957,5.267338236697247,38.37865190885599,1.9814317678899713,412.4611688648908
06065050503,3.1588559057591623,5.305225869109948,23.076170726894134,1.9781059053199965,406.79695551929734
06065051302,3.3833493919413917,5.4741083113553115,26.35279325361464,1.981431767889998,361.3367309966109
06065051301,3.343521855345912,5.528278446540881,25.508189253828,1.9814317678899904,396.7290189450789
06067004005,3.3728600074074073,5.263467229629629,19.0655122129823,1.9925546533900058,95.62533019236618
06037134901,3.243337122302158,5.551972129496403,16.761670033884837,1.9836592167999973,331.15635634598533
06067005402,3.2665174264705885,5.2860745,22.00036389516912,1.992554653390001,82.15589369156608
06067005403,3.311469375,5.328084625,21.375480396624997,1.9925546533900012,80.80893260535122
06067005404,3.2517844364089776,5.236391905236907,21.746952722632496,1.9925546533900091,80.51606435786469
06059087200,2.3228543170731704,4.265270268292683,24.37696847477882,1.9814589319010985,286.1301042183475
06059087401,2.327094119402985,4.2710052089552235,23.258104404352196,1.9814317678900006,284.6528791600979
06059087405,2.326210663043478,4.269781510869565,23.27241347122063,1.9814317678900009,282.5031991055864
06067004012,3.4258252736842105,5.307494936842105,15.026515572527348,1.9925546533900016,107.68921284189156
06067004100,3.2980528125,5.1775420625,18.565796262831153,1.9925546533900038,90.36021092568312
06067004202,3.364898,5.244722,14.514894976266845,1.9925546533900027,100.79365079365076
06067004203,3.3644884239130435,5.244483456521739,15.679821085099935,1.9925546533900012,100.61986950492653
06065044524,3.1886383657957245,4.9903586627078385,27.854241340403853,1.999670437390015,613.9358103497646
06065045618,2.713803731092437,4.513046193277311,28.920458201022683,1.9996704373899965,289.56736802769547
06065042632,3.0705186273291925,4.933023304347826,28.645528505186928,1.9814317678900006,397.31464650354894
06065042631,3.0829794335664333,4.947654300699301,29.489890872062894,1.9814317678900006,388.26674718765975
06065044933,2.675872951219512,4.6210291951219515,23.508433304599983,1.9996704373899972,503.6482203507718
06065044934,2.649173,4.591778,23.508433304599983,1.9996704373899978,430.1587301587301
06065941002,2.5225454372990357,4.502987453376206,28.632507618357618,1.999670437390012,388.3530013418661
06065941001,2.500233906976744,4.491288852713178,28.934659815955058,1.9996704373899965,375.4834420050066
06065045126,2.731272972222222,4.586437666666667,20.61163257509998,1.9996704373899965,427.0247147076519
06067004401,3.2970669945652173,5.203611885869566,22.0431114598,1.9925546533900012,92.26004559796688
06111002102,1.3081264444444445,2.563078222222222,25.965700236787676,1.983659216800001,104.30886053942608
06111002500,0.9132655114155251,1.9143224292237442,26.04284926093154,1.9836592167999956,28.31553566587148
06067004006,3.338938420408163,5.236702424489796,18.77832923341844,1.992554653390005,100.88704802334496
06067005502,3.220132,5.225485,23.250353484540064,1.992554653390003,80.09099470962373
06099001200,3.2515642311557786,5.319152266331659,30.296376438263255,1.9966900594200037,113.14493305040322
06099001500,3.2780129180887374,5.3119770221843,38.210640524690035,1.9966900594199817,113.74878934467314
06099001601,3.2672246923076926,5.3043,36.67035399625527,1.9966900594200034,114.06690418015418
06099001603,3.2925246324110673,5.29981281027668,39.438070348938695,1.9966900594200068,120.50440396541065
06099001700,3.2599573333333334,5.308668715686275,32.340838024531415,1.9966900594199972,111.9690060846698
06099001300,3.274791582022472,5.3386233977528095,32.08727470356069,1.996690059419988,118.65773217825269
06067005601,3.237136,5.214256,22.84817471980181,1.9925546533900063,80.15873015873015
06067004402,3.2947300569620253,5.202809550632912,22.0431114598,1.9925546533899987,91.65158195604442
06065042018,3.097641,5.142875,38.810047518300046,1.9814317678899969,416.66666666666674
06067004602,3.314188,5.20949,21.978014199300077,1.992554653390001,94.44444444444444
06067004801,3.273367,5.192653,21.878226113913804,1.9925546533900056,95.23809523809524
06065030604,3.1256672085561497,5.199517301247772,39.58723457246578,1.9814317678899707,409.2722833073652
06065041414,3.047566415,5.18428015,37.28314217411498,1.9814317678899809,388.6106895016738
06065042630,3.077818144680851,4.926854672340426,24.0734663277536,1.9814317678900009,411.9080941551907
06065043203,2.989042532773109,5.111084438655462,27.59906122675139,1.978105905320016,343.0790342228992
06065043518,3.220512,5.274925,28.081742571964224,1.9814317678900009,377.77777777777777
06065043208,2.976539775330396,5.039071431718062,24.720329062328165,1.9781059053199936,382.0322331740339
06065043202,3.0378774532871975,5.156004003460208,25.353844388087573,1.9781059053199963,432.01500373902144
06065042907,3.1977225081967213,5.010172786885246,42.44199382619886,1.9814317678899662,388.36844880199783
06065049702,3.1575215067650677,5.203814055350553,34.87166343150589,1.9781059053200212,309.44909867229
06065050501,3.187552105263158,5.20785394736842,22.229847534919205,1.9781059053199985,448.57268390298265
06065043205,3.29809,5.176813,27.170354145232526,1.9781059053199954,452.3809523809524
06099001400,3.2831973333333333,5.347009704081632,35.74846572211583,1.9966900594200012,123.37458376456878
06099001800,3.2491162531645568,5.321216227848101,29.784297135031654,1.9966900594199992,113.25616720259576
06099001900,3.2637750175438596,5.3381798771929825,29.107840910384677,1.9966900594199957,115.51614934519094
06099002002,3.3753503027522935,5.407675452599388,41.4966889671839,1.9966900594199795,126.7421983453676
06099002702,3.300623169014085,5.32458572887324,35.54646190666333,1.9966900594200028,116.97190726447884
06099002802,3.501206937054632,5.532875146674584,49.06977179804196,1.9966900594199686,130.798016650148
06059099417,0.7450942781456953,1.8205730397350992,27.9010131713947,1.9814317678900006,23.186625172423753
06059099504,0.9277219597315437,2.304370765100671,33.65348907472483,1.9821941832887249,77.51147652422368
06067004802,3.2767918579545454,5.237856806818182,21.95659248792036,1.9925546533900005,96.1368207140374
06065042752,3.1977593795620436,5.1393858175182485,26.734062788301593,1.98143176788998,419.4441352199437
06067004904,3.3229698642384107,5.227570109271523,18.818600944126153,1.992554653390007,97.55222134740596
06067005201,3.3389244210526314,5.339167631578947,21.519729409902624,1.9925546533900014,80.36467947346769
06065043295,3.2844087837837836,5.181185905405405,23.057681798676594,1.9781059053199939,468.4773214697043
06065043204,3.3112474169014083,5.198733845070422,28.887912116095727,1.9781059053200034,460.1202172959564
06065043296,3.2183371585365856,5.174079390243903,22.668489258710988,1.9781059053199994,463.8493375052926
06065042750,3.469996403030303,5.036634384848485,34.66974468516512,1.9814317678899886,392.697472297271
06065051401,2.7704055899280573,4.674282100719425,24.946299165581515,1.9996704373900147,566.886025651474
06065042748,3.4122575738916257,5.057476206896552,36.99989773307654,1.9814317678899804,409.0618037004175
06065045234,2.888483061538462,4.803682876923077,25.13532061542841,1.9996704373900125,707.8539017729815
06065045129,2.7980444171539958,4.682452974658869,25.725117031303284,1.9996704373900163,629.2635688462514
06065042749,3.368453503937008,4.994597488188976,38.549830065015804,1.9814317678900009,412.0848002224026
06065049701,3.220206313084112,5.141720696261682,28.545607326055976,1.9781059053199945,351.788706851768
06065050702,3.218827629032258,5.18881754516129,42.369297971917135,1.9808846098542932,416.4306656388704
06065050401,3.150006061776062,5.302608864864865,30.162946736981773,1.9781059053199916,409.0326777841853
06037135102,3.1807374976303318,5.505479952606636,15.60820347671271,1.9836592167999958,308.6862244006277
06037135111,3.195724423611111,5.518249333333333,15.907833657601365,1.9836592167999971,292.5854435476743
06099003909,3.422266,5.301716,46.30454624055625,1.9966900594200039,120.3736613115787
06099003905,3.49083149201278,5.39431196485623,48.42305174151028,1.9966900594199988,126.98480412107824
06059110006,1.845539,3.66185,26.347381992983767,1.9836592167999967,245.23809523809524
06059110008,1.4303397425742572,3.131609282178218,31.112825373926157,1.9836592167999958,169.96552062028982
06059110010,1.965017,3.847501,19.767178267936075,1.9814317678900009,269.8412698412699
06059110011,1.965017,3.847501,19.795694975334424,1.9814317678900009,269.8412698412699
06067005202,3.3002428238993713,5.312795572327044,21.861472898866623,1.992554653389999,82.81534742181334
06099003906,3.432240086956522,5.328438347826087,47.92080855652597,1.9966900594200003,126.04081197150136
06099003907,3.435775935334873,5.337911512702078,50.206866850479045,1.9966900594199886,127.95491542617668
06099000506,3.306752198067633,5.36763215942029,38.04808906184337,1.9966900594200043,124.04879753390172
06075025200,0.332733,2.300064,18.420030264999983,1.9845928784999975,16.666666666666657
06075025300,0.332733,2.300064,18.420030265000012,1.9845928784999984,16.666666666666657
06075025402,0.332733,2.300064,18.83059344009998,1.9845928784999998,16.666666666666657
06067005605,3.243474181818182,5.209640545454546,22.176727728235768,1.9925546533899983,79.59581813244517
06037910404,3.114195224719101,5.018364449438202,22.672602325414633,1.8928401628400022,468.0693236956423
06037910602,3.15975,4.972088,19.06687815491925,1.892840162840002,499.8207688395427
06075025600,0.332733,2.300064,17.611716178966656,1.9845928784999975,16.666666666666657
06067005702,3.25934343907563,5.264986771008403,21.913337447247557,1.9925546533900103,82.41198230594529
06067005606,3.244108,5.209179,21.884426432298007,1.9925546533900083,79.36507936507934
06067005701,3.2689669164265127,5.252580654178674,22.584232363543148,1.9925546533900083,84.20307248797788
06067005801,3.288992,5.276691,23.314482274604693,1.992554653390008,87.30158730158729
06067002900,3.3103936231884057,5.265972061594203,22.26167487279422,1.992554653390006,84.28149794551459
06065041914,3.169970906976744,5.000405754152824,33.57078782401724,1.9814317678899929,280.6818833099991
06067003101,3.2838338531468527,5.2136685244755245,21.533372674300033,1.992554653389997,93.1412995081338
06065050402,3.1213214827586206,5.304061206896552,26.815139371164996,1.9781059053199954,411.5505191534118
06065050701,3.25523719047619,5.199031232380952,36.668299784713895,1.9783022895860514,432.1229430252948
06065042751,3.2097376919831224,5.149530046413502,27.7651056380849,1.9814317678900009,417.9172150954535
06065050502,3.158687,5.305799,22.93383431009649,1.9781059053200023,406.3492063492063
06065050302,3.1973024444444444,5.254397230352304,27.984169272398162,1.9781059053200047,434.38729260705657
06065049501,2.73031,4.686449,27.65243049519996,1.9996704373899976,668.2539682539682
06065046501,3.1881478076923075,5.329736205128205,36.13488970294613,1.9814317678900006,365.3920482393835
06065041601,3.0504370434782606,5.105508597826087,31.44056132369125,1.9814317678900009,308.070346852798
06065049502,2.7525391981981984,4.688360387387387,27.278052775219795,1.9996704373899965,669.7762786603965
06065045708,2.64178365,4.579486425,31.8275624076,1.9996704373899965,597.9322922487556
06065045619,2.627383191304348,4.434265169565218,33.05324891012266,1.999670437390008,376.177282390613
06065045616,2.616036291891892,4.585024043243243,30.25634774908215,1.9996704373900045,526.8607395329453
06065045612,2.705820564102564,4.702491245421245,15.657846677603697,1.9996704373900167,220.59815622840864
06065045610,2.56665576142132,4.498962654822335,30.57105429810849,1.9996704373900056,427.19594672527165
06065045617,2.678024913649025,4.518604075208914,30.42391631596475,1.9996704373900134,300.97771359838686
06065044523,3.148618271653543,4.974739748031496,27.8765627503968,1.9996704373900096,568.5292510618544
06065045615,2.692173903614458,4.594079879518072,32.75741310221364,1.9996704373900127,454.18475251509693
06065045306,2.87668602310231,4.793240768976898,25.061403725019606,1.9996704373900116,633.6337420250823
06065045305,2.872959930041152,4.816806341563787,25.13669536539993,1.999670437390009,625.895098938893
06065051402,2.856073243323442,4.750632700296737,25.808433702924177,1.9996704373900127,595.421251083624
06065045709,2.6182321600000003,4.533516519999999,31.010575769807996,1.9996704373899967,591.9280268072919
06059074701,1.926652,3.788173,16.194111089412488,1.9814317678900009,244.44444444444449
06059074702,1.926652,3.788173,17.282379854778643,1.9814317678900009,244.44444444444449
06067002800,3.276233,5.196459,23.32976662600003,1.992554653389996,89.68253968253967
06067003102,3.2897043958333336,5.209504951388889,21.754652136,1.9925546533899972,93.3130459356892
06065040619,3.1100613864541833,5.114203362549801,30.367969223031395,1.9814317678900009,293.34356946905694
06065040617,3.1515736377952757,5.1190221732283465,30.776343394446865,1.9814317678900009,299.2578825274148
06065040620,3.107177490909091,5.114385636363637,30.27079791909925,1.9814317678899975,293.33453837932177
06065040621,3.1213830426829268,5.1319442621951215,30.368400986869407,1.9814317678900006,289.8528783373226
06065042906,3.0971415662514157,5.055323229898074,46.72017795038728,1.981431767889961,411.8032719541586
06065041915,3.1958745748987853,4.97605004048583,30.461087390920166,1.981411570344002,272.6066691356098
06065047902,3.118909778702163,5.108698405990016,29.47842249618489,1.9814317678899689,328.21740390802285
06065042905,3.071146366972477,4.950339131498471,40.76114426425956,1.981431767889989,394.8021568362505
06065042908,3.109602488250653,4.948056255874674,42.711583868065254,1.9814317678899824,380.24304639627314
06065043201,3.21124587854251,5.168665510121457,21.41017897711491,1.9781059053199923,479.4828205569366
06071012300,3.1589899387755103,5.24064862244898,28.849678031499966,1.9814317678900009,279.44625627006474
06071007104,3.142466352542373,5.197229111864407,37.12421961964067,1.981431767889994,353.1767024169368
06059074602,1.937574,3.795656,20.82751199980768,1.9814317678900006,249.2063492063492
06059074802,1.9250376907216495,3.7859005463917526,17.432704591128864,1.9814317678900009,244.37629554297695
06059075303,2.1022782685714283,4.005432937142857,21.371147752842212,1.9814317678900009,253.91329006472145
06059075401,2.122526,4.039056,21.57161463174058,1.9814317678900009,266.6666666666667
06059075403,2.150462045685279,4.0857839035533,24.09948496361116,1.9814317678900009,258.1163019049739
06059075404,2.1349566847826087,4.0575328152173915,22.308380216697795,1.9814317678900009,265.20278214303073
06065042214,3.1920725810344828,5.312108646551724,31.41633029582259,1.9814317678899698,366.1202050709224
06037135202,3.166785076923077,5.535494884615385,18.78310825684179,1.9836592167999954,285.02245138461967
06065042004,3.095600528481013,5.152171897151899,42.793477571640665,1.9814317678899676,403.46678774305286
06065046403,3.46984203003003,5.062587373873874,32.60998661017904,1.981251991534836,353.1404700153325
06065042206,3.1895101635687735,5.356615702602231,35.41160404069748,1.9814317678899989,387.6428271456621
06065040302,3.1473257189097104,5.271493199318569,39.31909366652141,1.9814317678899693,313.14708157260554
06065042003,3.081413206365503,5.146638168377823,45.61081936637302,1.9814317678899593,413.03711368200226
06065041806,3.0583858909952606,5.114836203791469,32.05724907518114,1.9814317678900009,306.34920634920644
06065042213,3.179350362369338,5.311471456445993,34.99021558504936,1.9814317678899953,355.36602129984095
06037910707,3.0283743547008544,4.934702679487179,21.71916250521111,1.8928401628400022,464.9080423829379
06059087503,2.170765,4.073816,21.497441205764673,1.9814317678900006,270.63492063492066
06065041909,3.0922366660341556,5.111161664136622,31.910491853398806,1.9814317678899722,370.2769566571046
06065043005,3.5148694625267667,5.131510100642398,31.678491694686638,1.9814317678899755,387.7269901534877
06065042207,3.1722628129496404,5.307862906474821,37.170780928109274,1.981431767889997,399.80253441955045
06065042008,3.0834724915572234,5.1639844609130705,47.19005280905641,1.981431767890034,410.68728657696073
06067005002,3.2816430975609756,5.2742192032520325,20.00157572369679,1.992554653390005,96.9129752149372
06067004906,3.327217,5.222776,16.967692697341686,1.9925546533899952,97.6190476190476
06067005101,3.235509458536585,5.254480224390244,21.409613186699975,1.9925546533900027,88.96814157425717
06111007403,3.16361934375,5.43397771875,18.920513844523803,1.9836592167999951,269.9052518829932
06111007201,2.812465162561576,4.964936187192118,19.92837339538739,1.9836592167999942,269.0794984960403
06111007505,2.7501872628571427,5.002383097142857,27.231343315885766,1.9836592167999965,249.2063492063492
06111007507,2.7826820822898033,5.012985279069768,25.00585081659508,1.9836592168000025,249.97623358113376
06059087504,2.2132944141414144,4.147245494949495,22.184193158908066,1.9814317678900009,255.13372308163557
06059087601,2.240857838235294,4.164337661764706,22.226440100979424,1.9814317678900006,285.34769379814713
06059087602,2.1417477992424243,4.04530131439394,21.922117258872813,1.9814317678899998,274.14644849955545
06059087701,2.242771,4.1655,23.066234513141893,1.9814317678900009,290.4761904761905
06059087703,2.1653911764705884,4.075920529411765,21.49741808020005,1.9814317678900006,281.2869054505326
06059089003,2.021404,3.884517,18.0276372582,1.9814317678900006,244.55965737429204
06059089004,1.9680534522292994,3.8228626050955414,16.357736423399995,1.9814317678900006,241.26874523906665
06099002004,3.282459316,5.356399452,29.522769876465297,1.9966900594200068,119.16151819087804
06059089102,2.0461477397959182,3.9199389438775514,19.514987041650006,1.9814317678900009,241.4426065640695
06059089104,2.032084935483871,3.8998073118279573,18.312394746199974,1.9814317678900009,242.69564791546088
06059089105,1.9332352,3.782625,18.135639418126985,1.9814317678900009,240.569694463405
06065041703,3.0402905416666663,5.093413052083333,31.65025627471671,1.9814317678900009,308.39629153087844
06065041500,3.037338598039216,5.090326294117647,31.40946998424708,1.9814317678900009,303.6980702374402
06065044807,2.412952458677686,4.4305336404958675,31.750212116304198,1.999670437390009,380.1223817529297
06065046401,3.4905366715620825,5.192040129506008,34.35348895835635,1.9802683820510754,319.78530484510134
06065042401,3.1541471226993862,5.095288070552147,28.534988376078537,1.9814317678899893,351.9494411072922
06065043802,3.127978998281787,5.057179132302405,30.739698664710847,1.9814317678899696,298.5289302398969
06065042208,3.2123071836734693,5.396017836734694,37.2961790554322,1.9814317678900009,397.74037982543695
06065030603,3.235414089189189,5.464090624324324,39.08965749864713,1.981431767889984,387.2797800123433
06065041904,2.989435538167939,5.022680824427481,32.320647635024436,1.9814317678900002,295.7402871532067
06065043701,3.486430334158416,5.49009451980198,30.275189940842324,1.9814317678899804,426.23981209719864
06065046405,3.3069296515837103,5.087314352941177,35.01545243720914,1.9797011154214608,356.5128910750328
06065043509,3.4180768035190616,5.496814958944282,24.650774567982868,1.9814317678899873,364.5000101833997
06065042521,3.104757084745763,5.164895870056497,29.03235284237913,1.9814317678900009,397.7000494078453
06067002200,3.3360363597883596,5.211141232804233,25.153638719957215,1.9925546533900016,88.81925976481048
06099002100,3.256363234567901,5.329226487654321,31.566099009039426,1.9966900594200003,116.32426176510955
06075025800,0.6692855483870968,2.8186016774193545,21.499333245577414,1.9845928785000009,26.925068177531223
06059099508,1.0513308378378379,2.372634310810811,31.42715133169994,1.9814317678900006,83.29461633075941
06059099509,1.1711974055944054,2.7959066503496506,32.40711806278816,1.9836592167999971,121.82590435104574
06059099506,0.631736918032787,1.7426009180327868,32.5385549735508,1.9814317678900009,5.555555555555557
06065042412,3.16869290625,5.241878196759259,30.928813615093524,1.9814317678899613,359.9074234802701
06065042005,3.1016760513112884,5.149859752565565,41.46843173826758,1.9814317678899611,412.18309162434355
06065045900,2.9150023764705884,5.093505235294118,22.86631977556003,1.992600489090013,568.3243555619172
06065040902,3.05582568956743,5.145160597964376,34.12308219713614,1.9814317678899815,327.7704852331487
06065044507,3.3232232526766596,5.102449235546039,29.3447765312289,1.9996704373900156,703.0311680572404
06065043809,3.1818682503703704,5.005914660740741,27.21291988578112,1.982755760194413,255.1913843326456
06067004008,3.483207,5.344621,17.550975855894308,1.9925546533900034,103.968253968254
06067004011,3.42626076,5.307776697142857,15.87912120688745,1.9925546533900005,107.8558805358575
06099002803,3.3756978901734107,5.43962685549133,42.691300950274076,1.9966900594200017,126.39670572963036
06075025900,0.37911776404494385,2.3723210674157307,19.68470860030788,1.9845928784999975,18.305061321137856
06075026002,0.332733,2.300064,15.34646916112116,1.9845928784999989,16.666666666666657
06075026004,0.2043376530612245,2.1124728163265307,15.856010264699991,1.984592878499999,9.279559501806595
06075020500,0.22399580487804877,2.0139921463414634,18.10990574790002,1.9845928784999998,4.3444824005038285
06075061000,0.5547009887640449,2.6589498651685393,21.654209836905586,1.9845928784999975,13.19552078149284
06037533402,2.464969,4.274496,26.39549576105074,1.9836592168000027,241.2698412698412
06037533501,2.464969,4.274496,26.20758498798698,1.9836592168000018,241.2698412698412
06037576503,1.993837,3.768257,30.038481446524386,1.9836592168000011,160.3174603174603
06059110012,1.5009220476190477,3.170431095238095,27.83924521987672,1.9832702971490443,164.13931079026517
06059110014,1.8552693488372094,3.707143081395349,24.994926686453514,1.9836592168000005,245.96433558058237
06059110202,2.15868,4.093067,18.95853817670002,1.9834205615596403,276.1904761904762
06067003400,3.320194,5.219951,19.247262915698585,1.9925546533900067,98.26385696500536
06065042209,3.159386217391304,5.279849452173913,37.08911298309385,1.9814317678900009,337.30590949419786
06071008001,3.2031842999999998,5.266146542857143,31.635170153358448,1.9814317678899966,330.3673454644832
06059042108,0.778934,2.248762,34.89350789068006,1.9781059053200047,119.12818972483328
06059042109,1.243592200913242,3.174476812785388,30.75108313410143,1.978105905319994,235.75915460622133
06001440331,1.1920228691588786,3.469718158878505,27.04348610334955,1.984592878499997,60.9105153120512
06075016900,0.297988,2.209838,19.61105823530542,1.9845928785000002,7.142857142857139
06075017000,0.163806,1.854679076923077,18.66598804135848,1.9845928784999982,1.9322887850187025
06037132700,3.191118924050633,5.447854367088608,18.953215458773414,1.9836592167999967,324.3457790045159
06013345115,2.2116766125,4.934780760714286,30.36559733361933,1.9845928785000264,104.6284936057279
06037650604,1.384889,2.705268,21.850884024400013,1.9836592168000027,114.28571428571428
06059075301,2.086135889502762,3.9779273149171273,21.330981645998882,1.9814317678900009,240.57247420764293
06059075302,2.079835,3.968164,20.54019331401819,1.9814317678900006,236.50793650793645
06065045235,2.8157788775510206,4.700206126530612,25.454353079027758,1.999670437390009,659.0722812587994
06065049102,2.7959355625,4.668279825,29.015808788800047,1.9996704373900123,671.1264441405579
06065045611,2.6101584174757284,4.538410844660195,29.8357079159,1.9996704373899967,433.168618668147
06111002200,1.298978,2.549116,24.884925366278708,1.9836592167999958,107.98765641721624
06111002400,1.1943095340909091,2.3762955454545454,25.950462650810234,1.9836592168000002,101.2772556802288
06065043210,3.1721041694915253,5.293009974576271,25.275402233433596,1.9781059053200034,419.70681835196166
06065043209,3.21577044813278,5.177457265560166,23.15974503274429,1.9781059053199928,451.2069558834528
06065050301,3.236965,5.161342,25.129168862291195,1.978105905319993,450.7936507936507
06067003300,3.31534954368932,5.207775941747573,22.494282228095084,1.9925546533900071,93.15409487749008
06067003502,3.282627,5.162039,21.563517546306237,1.9925546533899992,87.30158730158729
06065046402,3.452785196013289,5.028812744186046,28.80722888382892,1.9814317678899929,366.01351396083817
06065030200,3.138708343283582,5.2357840298507465,39.33896803221848,1.9814317678899989,338.0735458784145
06065040201,3.144008029411765,5.251586155080214,39.97812696872586,1.9814317678899835,332.2847672696418
06065044300,3.219216112121212,5.037983075757576,33.51487333883863,1.9996704373900125,340.10190433540146
06065040701,3.0887540850202426,5.125061384615385,30.0293818662993,1.9814317678900009,290.715444421269
06065040606,3.189634,5.297203,36.355354004004255,1.9814317678899875,292.85714285714283
06065031701,3.08769822909699,5.178140143812709,39.04379699262585,1.9814317678899689,397.728811172635
06065044904,2.949621261648746,4.83804717562724,20.93922832170835,1.9996704373900107,648.815476426034
06059110304,2.2007584325842693,4.124250904494382,19.873948450569713,1.9836592167999962,280.87938185066264
06059110401,2.2901219952606633,4.242502464454976,21.790035363550167,1.9836592167999958,286.7213802618813
06059110402,2.177988965986395,4.114969646258503,21.206159763225877,1.9836592167999971,279.47332667704245
06065043222,3.018814122715405,5.049132806788512,21.894866734939587,1.9781059053200203,406.5110655068475
06065043001,3.231561832229581,4.722886593818985,30.57914278499872,1.9814317678899767,345.62473433210357
06065030602,3.175331645728643,5.333450344221106,39.09912178601979,1.981431767889981,396.95365899702153
06065042509,3.1106681605839417,5.141273934306569,29.56950627820006,1.9814317678900006,406.6817628029225
06065041003,3.1113094285714284,5.235517302521008,36.6958536033823,1.9814317678900009,320.59509394293667
06065041004,3.128968370535714,5.250114950892857,37.18599523233787,1.9814317678900009,316.7898114820115
06065042009,3.1216718140531277,5.15994307369323,45.168108518999325,1.981431767889983,429.36524563578456
06065040502,3.2374049348314604,5.352477788764045,34.023005877995104,1.981431767889977,290.854137616727
06059075405,2.180284737373737,4.1249078686868685,23.494647056600066,1.9814317678900009,262.740383229978
06059075505,2.010139,3.936081,24.868023664125236,1.9814317678900006,242.8323289153016
06059075506,2.1153414339622643,4.078631830188679,25.066286925878643,1.9814317678900006,222.77556382003803
06059075507,2.076071238095238,4.025420142857143,25.01424040454922,1.9814317678900009,231.47261177721904
06059075513,2.0301859642857143,3.9632449285714286,23.92347573777144,1.9814317678900006,238.27907372181164
06059075514,2.010139,3.936081,24.640334581919987,1.9814317678900009,242.8571428571428
06067003700,3.290564392638037,5.205533036809816,22.187513514657606,1.9925546533899994,89.50458894271617
06067003800,3.31762987037037,5.198366266666667,17.83944997921999,1.9925546533900058,91.60998378706935
06037920015,3.3507486263157893,5.575743963157895,30.555040661361446,1.9836592167999942,298.4738392646045
06111007508,2.7126202931937176,4.852080989528796,22.511557293488462,1.983659216799996,252.97382985355344
06059076201,2.406186112359551,4.385128685393258,22.905807523602522,1.981431767889999,267.196017440748
06059087704,2.1550738666666667,4.0639766,22.26590268828968,1.9814317678900006,281.3685809162431
06065043298,3.1921134058577403,5.194742581589957,21.890019748967774,1.9781059053199928,452.9373001320632
06065043319,3.17462075,5.166249986363637,27.271642577246343,1.9813864152185914,444.2423452488373
06065043292,3.211737818922306,5.263892405388471,36.481310468562384,1.9781538344171368,463.0094864473694
06065043297,3.250820253196931,5.196910718670076,23.492509910244745,1.9781059053200207,486.2118727909787
06065043294,3.275375283828383,5.199667221122112,24.685396658000794,1.978105905319998,470.3380426144979
06065043293,3.195503991574854,5.2807212391445235,45.38869633461277,1.9782761860348304,450.7402349712966
06065042802,3.080402773809524,4.936079321428572,37.85603534391516,1.9814317678900009,389.6102733986279
06065041415,3.0474137669616517,5.150440460176991,35.08961516111358,1.9814317678899875,380.20958843984783
06065047901,3.109720058365759,5.103797447470817,30.387979282090726,1.9814317678900009,331.8930756966848
06065043207,3.0110442884615387,5.049983846153846,23.611167032769206,1.9781059053200005,414.1861056602807
06065042747,3.151418573643411,4.948153914728683,31.698811036216377,1.9814317678900009,407.3044237230338
06065043318,3.2075281213592235,5.178621660194175,26.01848340509997,1.9814317678900009,404.9696906731031
06065042801,3.079160778443114,4.881190676646707,35.81548351215632,1.9814317678900006,387.2241362318296
06065041413,3.039789638138138,5.182724897897899,38.664589042479705,1.9814317678899664,395.05779839288994
06065044407,2.835545560190074,4.610379664202745,33.61105730527788,1.9827747224818821,332.70549429246256
06065043520,3.2110035750000003,5.2333872249999995,31.084127478685637,1.9814317678900006,387.9467577748739
06065042628,3.12312692,4.9219352800000005,30.396659959200004,1.9814317678900006,397.8993362070321
06065042746,3.1141316039603963,4.913599079207921,32.11714567790008,1.9814317678900009,395.7671709655134
06065042626,3.1054405356521735,4.9414533269565215,26.133330180813434,1.98143176788997,432.2274502103715
06065042627,3.1293318039215685,4.943098333333333,29.75062139875489,1.9814317678900006,405.94256990855865
06065041602,3.0301831926605507,5.079002128440367,31.419747755684423,1.9814317678900009,318.76326069938267
06065042015,3.0847977938931295,5.110864236641222,35.400588052816424,1.9814317678900002,426.8843456622152
06065042016,3.0863049416058392,5.114620693430656,37.3527171056,1.9814317678900006,425.76993933403554
06065042017,3.097641,5.142875,42.90036084838549,1.9814317678900009,416.66666666666674
06037920016,3.264418230088496,5.4393790796460175,31.25228787429866,1.9836592167999956,317.46659644238497
06037920017,3.233766008032129,5.4033701445783135,31.051796936891098,1.9836592167999951,323.855095384128
06037920018,3.270386098360656,5.456954032786885,30.57712829344914,1.983659216799998,319.3939636597292
06059087801,2.0215927078651688,3.919239382022472,20.084748289642725,1.9814317678900009,271.94581349120233
06067002100,3.354866285714286,5.294284428571428,25.338054659251185,1.9925546533899985,91.97874208349468
06059099202,1.874456,3.714697,14.835484789897695,1.9814317678900009,234.92063492063488
06059099203,1.732555,3.507391,13.728994998800024,1.9814317678900006,209.05614279130353
06037134710,3.187151,5.476049,17.685526681011755,1.9836592168000005,336.50793650793645
06099002901,3.5561834974214723,5.548645971401782,51.166226730069894,1.996690059419967,127.26955182026325
06075026100,0.06008808421052631,1.7693137578947369,14.847510989260009,1.9845928784999973,4.373814880112138
06059074003,1.781204,3.60136,18.747967275428767,1.9814317678900006,237.3258564578058
06059099243,0.828437,2.061922,22.36687352248635,1.9814317678900006,52.38095238095235
06059099244,0.828437,2.061922,22.35339302557068,1.9814317678900009,52.38095238095235
06059099510,1.172537835443038,2.799505759493671,32.68558790456338,1.9836592167999967,120.03790998640947
06059110203,2.0941256666666668,4.011211666666666,19.173403797053272,1.9816922882303514,273.9137638024208
06059110301,2.2992026079295154,4.2262664801762115,20.177338450337892,1.9836592167999956,288.522211299089
06059110302,2.302559,4.234028,20.714431419900006,1.9836592167999956,288.0952380952381
06059110500,2.2993312842105262,4.236227336842106,21.8954610826348,1.983659216799996,287.86779827089697
06059110603,2.2899609,4.242612233333333,22.486074292740057,1.9836592167999962,286.7743527507781
06059110604,2.471192305263158,4.43632132631579,24.45662530679581,1.9836592167999942,300.6361870793074
06059110605,2.4844183744855965,4.451116152263374,25.233834838264176,1.9836592167999954,298.70814294803273
06015000202,1.916619301724138,3.418388037356322,26.991331150069698,1.7337936436293402,74.41403226230709
06059001201,2.646604,4.638498,27.044697703486026,1.983659216799998,289.6825396825397
06059063500,0.43172610047846893,1.350321062200957,25.193346526752688,1.9814317678900009,-33.68839418229415
06059063601,0.7509980119047619,1.915999404761905,23.57176155557145,1.9814317678900006,43.95067227759258
06059063603,0.7269934605263159,1.8747669210526317,24.80284479784082,1.9814317678900006,33.07494693565884
06015000101,1.014921,2.053039,24.94617842426672,1.927941746869991,29.365079365079367
06015000203,1.37009187732342,2.4194009293680296,21.43472645858103,1.9174955654576613,61.034413988642825
06015000201,1.2763657979882648,2.912626510477787,13.791131693299484,1.927941746869985,48.72241434535239
06015000102,1.1054570926966292,2.2999444606741575,19.7504465737469,1.927941746869988,36.168351177043775
06111002600,0.930545,1.940788,25.942271172764723,1.983659216799997,60.34699263418993
06059075603,2.169316257918552,4.145526882352941,25.33803232790044,1.9814317678900009,225.9968478130654
06059075606,2.237481257971014,4.227939837681159,25.187562068683995,1.9814317678899656,228.2102068949546
06059076202,2.44066252734375,4.4073234765625,22.830066937075653,1.9814317678900009,258.75628207938814
06059076204,2.3264789918699185,4.291601780487805,22.249163081430087,1.9814317678900009,264.64867839077465
06059076205,2.274539679324895,4.229239075949367,21.86395658146925,1.9814317678900009,262.69593148381523
06037700901,2.2779605083333334,3.9353666416666666,19.745823077663363,1.9836592167999982,151.6222492652061
06037700902,2.231650222222222,3.8678055555555555,19.55460626000341,1.9836592167999982,151.15686326631626
06037701000,2.1893831575757576,3.819791787878788,19.65025060571338,1.9836592167999967,143.8077988905631
06037701201,1.8990174402985074,3.3664775447761195,25.517694991542466,1.983659216799995,64.28571428571428
06037701202,1.786066879310345,3.193413172413793,24.84806352917239,1.9836592168000027,55.843520582289514
06059087803,2.124011947826087,4.031315304347826,20.47292254430002,1.9814317678900009,282.20762244524667
06059087805,2.110838845637584,4.011290127516778,20.472922544300065,1.9814317678900006,282.1704954072388
06059087806,2.09290472,3.983811616,21.497418080200042,1.9814317678900009,281.9740812249816
06037702400,1.7883612451612902,3.2587573032258064,17.86376285672515,1.983659216799997,130.4971953088597
06037900602,3.285347580487805,5.270205214634147,28.43751995801504,1.8928401628400022,452.47432498253227
06059099212,1.346822,2.888242,17.358345285260874,1.9814317678900006,171.4285714285714
06059099214,1.0341081607142857,2.43071925,19.503293348180406,1.9814317678900006,83.50046414066671
06059099245,0.828437,2.061922,20.840325939600003,1.9814317678900006,52.38095238095235
06099003002,3.4277641018041236,5.409138846649484,50.929684640086805,1.9966900594199768,121.80534973608022
06113010508,3.324751,5.515257,34.61837130398758,1.9925546533899983,102.38095238095232
06059099511,0.9135890217391305,2.2655262282608697,33.32650434442612,1.9814317678900009,56.349206349206355
06037134302,3.1991461162790698,5.527044348837209,22.8556605369768,1.9836592167999965,287.88578440805856
06037134303,3.198711,5.520794,18.0703948560045,1.9836592167999958,288.88888888888886
06037134304,3.1977306825396825,5.519367111111111,21.680934886300015,1.9836592167999978,287.5318918584063
06037134421,3.2023536944444446,5.57450328125,24.451852485626798,1.983659216799995,289.63900161892263
06099003100,3.3529147853441894,5.282056480384901,44.77165470107612,1.9966900594199701,118.52841119397056
06059110102,2.1771564469273743,4.079829312849162,20.374167958669315,1.9836592167999962,281.1493148282164
06055200900,2.338745,4.400675,36.365197551825005,1.9845928784999995,96.30036751830836
06055201300,3.452326,5.56252484,42.0707098260406,1.9845928784999967,104.31947388614442
06059062639,2.085382808988764,4.159723516853933,31.001032814507248,1.9781059053199979,276.0944379063469
06059110607,2.429584676691729,4.391608954887218,23.39697278405033,1.9836592167999976,298.6776553931727
06059062637,2.3319613366336633,4.55542699009901,26.46725963765642,1.9781059053200045,312.54898257259987
06059074801,1.926652,3.788173,18.01452405745868,1.9814317678900009,244.44444444444449
06059075809,2.4898906666666667,4.481388333333333,21.60892163454152,1.9814317678899798,259.0366580843952
06059110606,2.4141276736842103,4.367492936842106,22.80964675990001,1.9836592167999996,298.63432856495194
06055202000,3.536153572052402,5.817259253275109,44.68271492437749,1.9845928785000209,112.52814979874272
06055201800,3.6435860998463903,5.56068521812596,36.25234526131056,1.9921388310455277,112.33068797297236
06075060400,-0.0791158780487805,1.366848317073171,17.661491828975617,1.9845928784999998,-14.633692113775815
06059063605,0.934284,2.246597,24.99269705880004,1.9814317678900009,101.58730158730154
06059063701,0.934284,2.246597,23.78983825949996,1.9814317678900009,101.58730158730154
06059063702,0.934284,2.246597,24.1053258281636,1.9814317678900009,101.58730158730154
06059063802,1.314806,2.875833,17.26433725210001,1.9814317678900006,159.52380952380952
06111004400,0.7106382545454545,1.5941382,28.410542087102638,1.9836592167999956,7.822532405247043
06111007607,2.3483187590618337,4.376939859275053,30.168908649882937,1.983659216799994,190.33699704167208
06111005906,3.2247837286245353,5.501539557620818,23.260068528617293,1.9836592167999985,298.89918043395056
06111001204,2.2397677427184464,4.196175305825243,26.370918471155314,1.9836592167999958,200.30067207026127
06111008402,2.946738877922078,5.253913142857143,27.892924864606353,1.9836592167999942,219.20795865492417
06111008304,3.135693627906977,5.432901895348838,32.64668601504991,1.9836592167999951,250.6876661787594
06111007800,2.806905,5.074642,29.303263290030912,1.9836592167999976,249.2063492063492
06111006301,2.4707521977011497,4.512316402298851,26.230130393746787,1.983659216799994,232.94986229935853
06027000200,3.925174918918919,5.881441445945946,27.437119955638206,1.9547875284999936,175.79756151676227
06027000500,3.855677284382284,6.059798321678322,21.270518037855485,1.9547875284999936,376.3965543159287
06027000100,4.097911188034188,6.216512623931624,18.53279080105681,1.954787528499995,297.00066065739975
06027000400,4.032539901610018,6.113110518783542,21.124337166803382,1.9547875284999934,303.4036395900155
06067007206,3.2764463938706014,5.21595627922815,25.523740873089025,1.992554653390013,99.59904560609569
06067007207,3.28532875975039,5.254981786271451,25.348131072125,1.9925546533900118,102.55940785861009
06067005803,3.2746132443438913,5.3216713393665165,22.508589872643824,1.9925546533900098,85.0990871930563
06067005804,3.261278930131004,5.323653318777293,23.992584671971674,1.992554653390004,82.17306169669666
06077004204,3.1326276987951807,5.019671469879518,36.98207839437645,1.9966900594200008,110.44018711128422
06077004302,3.063929943859649,4.917167266666667,38.85473199075314,1.9966900594200025,114.94447822334264
06077004305,2.964275,4.833351,42.359683750210294,1.9966900594200052,110.31746031746032
06077004402,3.0896836271186436,4.893498008474577,43.43518421799702,1.996690059420006,124.09003977262672
06077005003,3.3370887593537417,5.355487079081632,54.78466971405641,1.9966900594199715,136.70182757717947
06059076206,2.342864194029851,4.318076,21.894900300682043,1.9814317678900009,247.8712289440354
06067007204,3.277554582716049,5.235353207407408,25.547498470320505,1.9925546533900094,99.98071799635572
06067007209,3.287218956989247,5.246738358422939,25.700630415730934,1.9925546533900063,109.3648074798098
06067007402,3.325068561290323,5.329249183870967,23.720986768489524,1.9925546533900071,85.92797895446202
06067007403,3.3141458658536584,5.328371134146341,23.93651317819759,1.992554653390005,84.65407380218703
06067007208,3.2645745407066054,5.221193611367128,25.894937860369556,1.9925546533900118,102.20071582097718
06059088001,2.062772,3.938221,19.237135391999935,1.9814317678900009,284.9206349206349
06059088002,2.0690215172413793,3.9474111379310344,19.814925761496507,1.9814317678900009,283.5760389313513
06067007413,3.297085571428571,5.352304642857143,23.87880483599164,1.9925546533900051,83.50520622059233
06067007414,3.3278295209580837,5.333814245508982,22.92342471611674,1.9925546533899996,91.90332264351696
06067007416,3.3088215853658536,5.328133310975609,22.86886178995728,1.9925546533899994,90.69057761293564
06059099215,1.0402129259259258,2.441665950617284,19.495790359451902,1.9814317678900006,83.70297058070861
06059099216,1.073492,2.50134,18.008995911409137,1.9814317678900009,88.88888888888889
06059099217,1.0154245675675675,2.396109054054054,21.395577366678424,1.9814317678900009,79.13561845583895
06059099220,0.294740205479452,1.1038714246575343,23.490288028776632,1.9814317678900009,-48.83955777575359
06059099222,1.675077125,3.391512125,14.22510002672725,1.9814317678900009,203.7593827817552
06037920029,3.1529310795454544,5.241911835227272,33.54259876052791,1.9836592167999962,356.4471504722263
06037920031,3.033305200704225,5.122734183098592,31.45024103608739,1.983659216799995,324.7740834778598
06059099512,0.9237677435897437,2.2837570512820515,33.49424960212695,1.9819172375242324,56.349206349206355
06067007417,3.3336528216216217,5.326242708108109,24.65457036390269,1.9925546533900014,89.61828887191125
06037701302,0.9995289677419356,2.00096,24.45320939155966,1.983659216800003,-33.94723848776938
06037701501,1.1884975569620253,2.3156843670886076,23.93570958267464,1.9836592168000011,-12.615174632454355
06037701502,1.083183,2.160995,23.65027790238997,1.9836592168000022,-27.73830852405897
06037701601,1.915168,3.383041,23.429472446286688,1.9836592167999967,64.28571428571428
06037701602,1.8279084342105263,3.2544225921052634,22.657830774640782,1.9836592168000013,53.247878691583054
06037701701,1.71321,3.07787175,22.425104765482367,1.9836592168000025,33.380625965752074
06107001501,3.5192085283446715,5.58928116553288,66.61439146398968,1.9991352696299869,185.05239694083133
06059099513,0.6374260168067227,1.7442120672268908,32.71491720992098,1.9814317678900009,6.427000448004794
06059099514,0.8167348990825688,1.995185504587156,31.961706264858552,1.981431767889989,40.42720344140598
06059099601,1.5884836723163842,3.210153675141243,22.098390741689357,1.9814317678899858,194.5936980718905
06059099602,1.5877078309859154,3.2097092183098592,24.33155298725351,1.9814317678900006,199.37441798350727
06037702501,1.7695,3.233869,18.616600870563428,1.983659216799997,126.984126984127
06037702502,1.790236306818182,3.2613946704545453,18.527117226486336,1.9836592168000002,128.89778126113958
06037702600,1.543495388429752,2.962837632231405,19.327443778019003,1.9836592167999954,104.9236899970717
06037702700,1.7310642322580645,3.168410283870968,18.974239391869027,1.983659216799997,120.27205591572658
06037702802,1.632238,2.99633,19.600825076049997,1.983659216800001,92.82674052362448
06059110303,2.1988946273291927,4.132466037267081,20.107330030200046,1.9836592167999967,280.75091295620007
06037702803,1.2613933775510204,2.5214396938775514,21.612643672208165,1.9836592167999993,51.93990776824973
06075026301,0.03474869230769231,1.7818708076923078,15.50399663058076,1.9845928784999989,-1.1527601841872752
06075026302,0.2268569638554217,2.184454795180723,15.856010264699993,1.9845928784999975,9.410850821847989
06059063803,0.9152542363636363,2.208082896969697,22.771330263423668,1.9814317678900006,82.69210192937418
06059063805,1.6120297894736844,3.3514419122807015,15.02502347429653,1.9814317678900009,211.6257555855267
06055200201,2.563568,4.660932,34.226748874427464,1.9845928784999964,87.30158730158729
06059063807,1.314806,2.875833,21.14467810560535,1.9814317678900009,159.32372942574855
06059074300,1.8680762222222222,3.709302222222222,18.854642853122225,1.9814317678900006,244.9118778723341
06059074403,1.9482453235294117,3.8163067352941176,21.951115485914737,1.9814317678900006,246.48105440401605
06055200202,2.563568,4.660932,34.064773753700045,1.984592878499997,87.30158730158729
06055200203,2.563568,4.660932,34.412242510835085,1.9845928784999973,87.30158730158729
06055200501,2.618043857819905,4.726136402843602,36.93167429666209,1.9845928784999964,97.90251890320188
06059076208,2.412048406779661,4.389320508474576,22.491129135466476,1.9814317678900009,263.2868804715987
06059086301,2.367408,4.326845,23.99755770041472,1.9814317678900009,274.6031746031746
06059086304,2.3786579277108433,4.345041626506024,23.563769733840942,1.9814317678900006,272.47666241745077
06059086305,2.376651195652174,4.341795760869565,23.299057494698864,1.9814317678900009,272.6973043850584
06059086306,2.3728424888888893,4.335635222222222,23.34775645072292,1.9814317678900006,271.5306459203423
06077005001,3.318537857142857,5.335311352040816,41.21660890606317,1.9966900594199914,127.31742141270004
06059088101,1.965017,3.847501,18.908817576835727,1.9814317678900006,261.0641823461397
06059088104,2.0348928615384616,3.896052876923077,19.71509953156159,1.9814317678900006,284.2762295548218
06059088105,2.0391883827160493,3.9024247037037036,18.879643111700027,1.9814317678900006,283.955538616705
06059088106,1.836254,3.595605,19.66306452407754,1.9814317678900009,251.58730158730157
06055200503,2.563568,4.660932,37.7414885763826,1.9845928784999973,87.04567714803818
06075020401,0.108383,1.707983,18.16309932614468,1.984592878499999,-1.4210854715202004e-14
06059099225,1.67689,3.43715575,14.051736780231256,1.9814317678900009,204.67527337797907
06061021123,3.3808827537414965,5.413903888435374,31.41256997969614,1.9925546533900123,114.5110283012622
06067007422,3.337265216494845,5.333736319587629,21.674870395711338,1.992554653389997,94.09131157849038
06087101200,2.6961427393939394,4.005352042424242,29.017149079047275,1.9921317203083677,102.0813352119884
06059099223,1.732555,3.507391,14.052551954090907,1.9814317678900006,208.7301587301587
06059099224,1.6542596095890412,3.3746570136986302,14.123484432999975,1.9814317678900006,199.26443563518364
06061022014,3.8305611635802466,5.932537830246913,37.83308074353469,1.381002133388012,120.9764289121542
06061022011,3.9903098422413796,6.05650404224138,26.547153204285813,0.9968611032359966,172.69284387398557
06061022013,3.805666481012658,5.946930795780591,50.670275828461264,1.9925546533900138,99.7075680095773
06061020402,3.435492513297872,5.555248595744681,45.35169548653526,1.9925546533900087,112.30903589152982
06061020502,3.541757214791503,5.637024612116444,52.26004166072311,1.9925546533900138,116.60602339791988
06061021204,3.5284459599659286,5.528744287052811,54.78633737397331,1.9925546533900138,120.61304252411306
06061021604,3.5190050537764352,5.539799020543806,59.3646781867162,1.9925546533900145,108.97215470992136
06061020714,3.3576095985915493,5.368472045774648,18.610193723518982,1.9925546533900065,100.79365079365076
06061021603,3.582777,5.639612,58.13248136137715,1.9925546533900094,112.6980492750354
06061021122,3.3370092471264368,5.4019849770114945,30.697706406569726,1.9925546533900083,117.64225397947592
06061020710,3.343228043778802,5.373555751152074,18.933284290743504,1.9925546533900098,121.4349297342585
06061021043,3.375671081081081,5.387085572072072,18.933986419394575,1.9925546533900038,94.61357459070798
06067005901,3.305954,5.388088,24.68550258793731,1.9925546533900103,88.0952380952381
06067006002,3.2692663843137253,5.252941215686275,23.597213352062703,1.9925546533900054,84.19855150439746
06067006003,3.2907871231527097,5.369880019704433,23.77913568623895,1.9925546533900025,85.32287936964923
06067006101,3.26570461971831,5.314073774647887,23.637216692195032,1.9925546533900065,81.46657380058915
06067006102,3.237136,5.214256,23.619841229570085,1.9925546533899974,80.15873015873015
06059099604,1.420951,2.924032,24.829112222007552,1.9814317678900006,154.76190476190476
06059099605,1.4305374893617022,2.9409731170212767,24.424344882361684,1.9814317678900009,157.6619589354529
06059110104,2.131467,4.028278,19.875795347561233,1.9836592167999958,276.984126984127
06067007701,3.27233909202454,5.320734975460122,25.39003639755405,1.9925546533900076,83.15987763712383
06067007702,3.2711519263456093,5.32195230878187,25.0966355431391,1.9925546533900083,83.06331354730405
06067007801,3.249732526666667,5.275245793333333,25.364668454266656,1.99255465339001,91.78126274927511
06067007802,3.2728923444976075,5.333625885167463,26.185243928697293,1.9925546533900096,86.65050256849908
06067007904,3.2864830828025475,5.300348853503184,22.03697775681398,1.9925546533900074,96.45059805045084
06067007905,3.255542,5.27746,24.025117538333998,1.992554653390008,93.61830550136658
06037701702,1.083183,2.160995,23.087777690803907,1.9836592168000013,-27.777777777777786
06067006202,3.220132,5.225485,23.498345079096758,1.9925546533900014,79.36560059360926
06067006300,3.2658696779661014,5.259951020338983,23.248414780668256,1.9925546533900067,81.48868391065041
06067006400,3.27767,5.268732,23.3058692034543,1.9925546533900078,82.53968253968254
06037701801,1.4058016690140847,2.6297657464788733,21.04771089313453,1.9836592167999973,22.335623845176336
06037701802,1.083183,2.160995,21.99108461963621,1.9836592167999998,-27.777777777777786
06037702201,1.1407223884892086,2.2454937410071945,21.814418975278485,1.9836592167999973,-16.280536952582555
06111001401,1.6176507314285715,3.141598045714286,31.50353831004115,1.9836592167999965,145.18593264983213
06089011802,3.5414160434426227,5.969395702459017,33.90689854029081,1.9925546533900138,99.94052124774268
06089011701,3.594427121019108,6.123372993630573,38.59790583994656,1.9925546533900074,101.99508250869398
06089011001,3.7581068149847097,6.187156266055045,34.661800150919646,1.9925546533900118,104.59390864915216
06089012603,3.153718882093316,5.608195346784363,43.93044442135178,1.9925546533900143,92.41536491754457
06089010806,3.6436870426666665,6.0011237306666665,32.001295682705376,1.9925546533900087,90.15122255165576
06067006600,3.2841354018987343,5.279150886075949,23.191040765895576,1.9925546533900074,89.94737152494986
06037703002,1.685684094017094,3.158462435897436,19.13170194375185,1.9836592167999945,135.18394591852564
06037703100,1.8596601827586208,3.3872791827586206,18.16960586572001,1.983659216799995,156.86609233548256
06077005108,3.3666448222222223,5.411576311111111,42.15840450490012,1.996690059420002,128.0242502903902
06077005109,3.364839,5.42062,49.00165814082302,1.9966900594200025,139.62062272563213
06067008005,3.284960296103896,5.2762311974025975,24.352441888807007,1.992554653390009,104.50494668023018
06067008006,3.2921037507987223,5.272208945686901,24.191322655610737,1.9925546533900116,103.78644363103793
06067008007,3.2994339023255814,5.305756,22.080068586991654,1.9925546533900034,100.14794489611876
06067008009,3.296072429400387,5.288917887814313,23.56844337284547,1.9925546533900107,103.77877272976642
06059086402,2.455649725609756,4.411647719512195,24.23041710133713,1.9828171324559756,285.89904194223607
06059086404,2.500903415584416,4.454775103896104,25.223051052800084,1.983659216799997,291.43861931658773
06059086406,2.433775798449612,4.39624457364341,23.97000220940847,1.982036114493489,277.55251128391427
06059086407,2.4464507435897436,4.417337391025641,23.074623940630822,1.9822313649346155,264.39186048193847
06067008010,3.273152488,5.283980152,23.923289969678528,1.9925546533900105,98.26324147616994
06067008111,3.346334,5.340662,19.6311571586663,1.9925546533900087,98.4132877550969
06067008113,3.3467322427745665,5.341425468208092,19.724716262573388,1.9925546533900003,98.6296311729022
06067008117,3.303258380597015,5.309294873134328,21.1559464282605,1.9925546533899956,90.08816031105265
06067008119,3.320312,5.325374,20.22683358139277,1.9925546533900076,99.2063492063492
06067008120,3.333684195652174,5.340177826086956,19.385145309259727,1.9925546533900012,105.98702498868114
06059086501,2.3781789212598423,4.320923842519685,24.871132511436226,1.9833084374440937,296.7892667544448
06059086502,2.4042874270833337,4.348120604166667,24.91923710796559,1.9836592167999996,298.1628821330891
06059088107,1.8417462645161289,3.603935806451613,18.86901025968777,1.9814317678900006,251.8785773116629
06059088201,2.123184,4.027059,19.903909551199973,1.9814317678900006,276.1904761904762
06059088202,2.123184,4.027059,20.970438729725714,1.9814317678900006,276.1904761904762
06059088203,2.123184,4.027059,19.031630680641634,1.9814317678900006,276.1904761904762
06059088301,2.123184,4.027059,21.02289416882875,1.9814317678900009,276.1904761904762
06067007001,3.322664206751055,5.30138152742616,24.737861940551873,1.9925546533900045,94.73721115580112
06037402304,3.044306896551724,5.156280275862069,27.057705239505736,1.9836592168000002,304.3250498643594
06037208301,2.6094796923076924,4.460090538461538,23.390544962069228,1.9836592167999998,209.41527642709792
06067007007,3.3192029076923077,5.2953496307692305,24.664412762876385,1.992554653390002,95.70505127847282
06037219901,2.0980680555555553,3.6688479444444444,17.138464871036106,1.983659216800002,163.6811654955389
06059099226,1.835837082352941,3.662111352941176,12.507437013580038,1.9814317678900006,232.1420617977614
06067007501,3.3026524482758624,5.316102655172414,22.726101648512934,1.9925546533900056,89.23322410712784
06067007503,3.2999699471153847,5.344371572115385,23.959795385543778,1.992554653390003,89.2943807900592
06067007504,3.3023303508064514,5.382944552419355,24.67849135955362,1.992554653390005,87.48409482063141
06037551401,2.3872814468085104,4.224893489361702,32.824290322325574,1.9836592167999998,272.43514469638046
06037651401,1.9698387129629629,3.6403174907407405,22.540593540496303,1.9836592167999987,203.56944528349385
06037670324,1.75892,3.2959828181818183,28.758216015543198,1.9793655821315956,166.6738545777162
06059099701,1.667113231707317,3.3415596341463414,17.431710813199974,1.9814317678900006,211.13003245328449
06067007010,3.366977,5.346998,26.39717106914778,1.9925546533899956,93.65079365079364
06067007011,3.3717306524064172,5.349789203208556,26.21029074747006,1.9925546533900014,93.76589167099432
06067007012,3.3583616742424245,5.335841416666667,25.374386532206085,1.9925546533899954,94.2949620036944
06067007013,3.330049727272727,5.313146909090909,24.722306582599995,1.9925546533899967,95.6479851558302
06019005515,4.030653126556016,6.189722178423236,45.44437154696913,1.998075002132288,172.13795190177805
06059110106,2.071647838095238,3.9631326095238095,21.121176851300035,1.983659216799999,270.06618455782575
06067007202,3.287794384,5.265430841142858,25.598523051688417,1.992554653390013,97.81087599193496
06077005123,3.3500592325581398,5.395086744186046,36.20493182904888,1.9966900594200048,125.28101414920114
06077005125,3.404230074468085,5.440862638297872,43.768021579900044,1.9966900594199977,114.60042560533404
06077005126,3.404438049382716,5.441409092592592,43.768021579900044,1.9966900594200003,115.19746286933956
06077005303,3.2160743293413177,5.114269964071856,29.91856030592568,1.996690059420001,114.64161236578607
06077005403,3.245492704626334,5.165854334519572,32.722548998185474,1.9966900594200032,94.00529653717145
06111006200,2.5558647990970655,4.6343611489841985,23.966265965153756,1.983659216799994,264.01029436746956
06111006302,2.529999220125786,4.595712893081761,25.684822995176095,1.9836592167999967,235.806801795859
06059074803,1.8830683400000001,3.72682054,15.830472979257998,1.9814317678900009,236.7590148689885
06059075607,2.1668913225806454,4.148345377880185,25.08282746248935,1.9814317678900009,219.5042778645333
06059075701,2.210497,4.169815,24.124794950072076,1.9814317678899975,261.1111111111111
06059075805,2.334306730769231,4.311513730769231,22.161637738925602,1.9814317678900006,244.3158658371304
06059086601,2.42077214893617,4.363398617021277,25.67917072692984,1.9836592167999973,299.270537330473
06111006500,2.727924,4.853786,22.555983127678875,1.9836592167999958,263.49206349206344
06111007700,2.697015258426966,4.931100404494383,30.26071888518152,1.9836592167999951,225.7874030388723
06111007903,2.786344151202749,5.080290470790378,31.11767223228632,1.983659216799995,220.8766931207494
06111007904,2.8483614655870446,5.119021599190283,29.1268636562382,1.9836592167999951,250.9414551590525
06059086701,2.36138825,4.30528414453125,25.44014667015716,1.9836592167999951,291.41492050383226
06059086702,2.2924113387096776,4.2224234435483865,24.686385518899932,1.9835514370140306,291.2602548532983
06059086801,2.242042007142857,4.189686928571429,22.294084084484307,1.9836592167999973,284.2680227401902
06059086602,2.365008311688312,4.305325116883116,24.82472615223307,1.983543505168309,294.08074329982264
06059088302,2.141951007968127,4.0455010039840635,20.04560528334899,1.9814317678900009,274.057575699493
06059088401,2.170765,4.073816,20.310774553498867,1.9814317678900009,270.63492063492066
06059088402,2.170765,4.073816,21.13664456756802,1.9814317678900009,270.63492063492066
06059088403,2.170765,4.073816,21.13102510916857,1.9814317678900006,270.5586845653259
06059088501,2.021404,3.884517,18.903884674598263,1.9814317678900009,245.01236138396789
06059088802,1.836254,3.595605,17.29025473608433,1.9814317678900006,251.58730158730157
06059088901,1.908349274390244,3.7049609451219516,16.132158491098743,1.9814317678900006,254.3174833164207
06059099227,1.8301668444444443,3.6543904444444446,12.870479710093365,1.9814317678900009,232.5237073492853
06059099229,1.5411163600000002,3.2670044799999998,13.412304758278195,1.9814317678900009,199.60914398515123
06059099230,1.4847179038461538,3.184616730769231,15.357710137199966,1.9814317678900006,180.94980838312136
06059099231,1.3339053709677418,2.873214233870968,18.634740778299992,1.9814317678900009,167.46510270609596
06059099232,1.4852593467741935,3.185516370967742,16.988166192999966,1.9814317678900009,180.7530039921888
06059099702,1.601177,3.242525,17.45929729246914,1.9814317678900009,196.031746031746
06059110108,1.9404958,3.7678377333333333,23.083789185624955,1.9836592167999982,255.6385626625555
06059110109,2.150349489795919,4.073233632653062,19.2749587239075,1.9836592167999971,276.4472011968042
06059074405,2.0923707826086955,3.999371217391304,22.162535356233672,1.9814317678900009,261.5148589633509
06059074806,1.926652,3.788173,17.459014434499984,1.9814317678900006,244.44444444444449
06037407602,2.798231,4.817189836065574,32.01276504549666,1.983659216799998,268.8158412033453
06111006600,2.6296952635135136,4.7303919662162155,23.324197921629665,1.9836592167999947,269.1583958686073
06059074901,1.928286,3.789292503937008,19.59105178383782,1.9814317678900009,245.38906496732503
06059074902,1.9274815189873418,3.788741329113924,19.185422183699988,1.9814317678900006,244.68832427377916
06059075806,2.2595732903225807,4.224629087557604,22.329522918042347,1.9814317678900009,253.80780201419324
06037189904,2.651323,4.545927,23.877333570299992,1.9836592168,164.28571428571428
06037190201,2.677824,4.600372,24.117279745199998,1.9836592168,157.93650793650795
06059075807,2.3235796379310343,4.30406124137931,23.60034951422467,1.9814317678900009,244.69007816637915
06059075808,2.214203550458716,4.177449220183486,23.68645669867619,1.9814317678900009,257.86818480458174
06059075810,2.411487847972973,4.402129932432433,21.23431213576614,1.9814317678899938,248.6385535036062
06059086802,2.2614030070921984,4.2010465673758866,24.163138376151114,1.9836592167999973,287.0844972011017
06059086901,2.15868,4.093067,20.163921446599957,1.9830714177820827,276.1904761904762
06059087802,2.089469487012987,3.98740374025974,20.125772162690275,1.9814317678900006,279.89825597898255
06059099204,1.732555,3.507391,13.731494014306193,1.9814317678900006,208.7301587301587
06037900606,3.291451900621118,5.2680744782608695,31.29804759974658,1.892840162840002,454.57868399385393
06059099246,0.828437,2.061922,20.840325939600003,1.9814317678900006,52.38095238095235
06059086902,2.1751006,4.1116933,20.163921446599954,1.9827125510132504,276.78938898298486
06059086803,2.18402296373057,4.1211005803108804,22.711849656286557,1.983659216799996,277.5342775822804
06059086903,2.182138,4.119676,21.055218297400057,1.982202269085284,276.984126984127
06059088601,1.930843,3.73908,18.30300268875695,1.9814317678900009,254.9759301582069
06059088602,2.0067356690140845,3.8609603028169013,18.65668043121827,1.9814317678900006,247.0773387524001
06059088502,2.021404,3.884517,20.473551822300006,1.9814317678900006,245.8431516881437
06059088903,1.8792703363228698,3.6788200807174887,15.071502402100018,1.9814317678900009,244.28170992088957
06059088904,1.8013726,3.587800711764706,15.343441728149987,1.9814317678900006,222.78216768016907
06059088905,1.8228411927710844,3.5861893373493974,15.752924454301171,1.9814317678900006,235.78152381017497
06059088902,1.930843,3.73908,17.431259690030952,1.9814317678900006,254.76190476190476
06059099235,1.3165070877192981,2.8399191929824563,19.517589089304064,1.9814317678900009,165.16567294028022
06059099237,1.0069338518518518,2.381991901234568,21.78307963354932,1.9814317678900006,79.10559081082761
06059099238,1.073492,2.50134,21.80174118660597,1.9814317678900009,88.88888888888889
06037188100,2.8828268846153846,4.915778961538462,28.618541062595202,1.9836592167999991,206.0096552073051
06037188300,2.7811166829268292,4.75058543902439,28.107576289200075,1.983659216799998,197.35870669923017
06059099234,1.4450977814569537,3.092062715231788,14.45762297100004,1.9814317678900006,180.2998241619432
06059099247,1.874456,3.714697,14.404581573600003,1.9814317678900006,234.91983831690297
06059099248,1.874456,3.714697,14.40458157360001,1.9814317678900006,234.92063492063488
06059099249,1.874456,3.714697,16.348446656499984,1.9814317678900009,234.92063492063488
06037189300,2.709195476923077,4.658042938461539,26.78837099650147,1.9836592167999951,176.69316365953398
06059099250,1.509895,3.22645,14.457622971000033,1.9814317678900009,184.92063492063488
06059110110,2.141981113636364,4.053310113636364,19.770366480327823,1.9836592167999962,276.5395684085614
06065042623,3.1326873584905663,4.9695869245283015,27.102776136328583,1.9814317678899995,425.872765368627
06065042732,3.1272440755467197,4.987244174950298,33.66987789329183,1.9814317678899733,395.25650303999913
06059074408,2.010139,3.936081,23.94802296140003,1.9814317678900009,242.8571428571428
06065043009,3.39328,5.067184,29.543383317984635,1.981431767889991,356.45246819496236
06065043601,3.423076923976608,5.4821313391812865,24.063332671456095,1.9814317678900009,364.31546897784193
06065044404,2.9072319523809522,4.694102228174604,44.99320137599127,1.9814317678899733,229.48805544566463
06065049600,3.173328814814815,5.252502577777777,22.14472336115581,1.9781059053199934,416.723396269943
06065042726,3.190196431578947,5.086636210526316,25.689833767965986,1.9814317678899664,425.87460589129665
06065940500,2.37759984120983,4.44649095274102,32.69353781734918,1.9996704373900165,246.49669623798417
06111006700,2.598256811059908,4.690899271889401,22.56169646242811,1.9836592167999956,272.4204043262624
06111006800,2.7399064982332155,4.868584537102474,21.258877273013734,1.983659216799995,265.18615675351117
06059074502,1.937574,3.795656,19.462181587130022,1.9814317678900009,249.2063492063492
06059075002,1.9723889716981133,3.8414468113207545,21.244268556483004,1.9814317678900009,252.84231545698864
06059075003,2.1181096896551725,4.031722344827586,21.139549260268964,1.9814317678900009,264.8149220433272
06059075811,2.429412,4.402445,21.85564880023971,1.9814317678900009,259.52370488225444
06059075812,2.3483788307692306,4.3260373076923075,21.51678511650006,1.9814317678900009,245.1833094533869
06059075815,2.337543,4.31582,22.100211216292127,1.9814317678900009,243.65079365079356
06059075816,2.340926353448276,4.3225666034482755,22.495684375313793,1.9814317678900009,243.34371812737012
06059075901,2.2534,4.203857,21.983348715323473,1.9814317678900006,261.90476190476187
06059088701,1.930843,3.73908,18.927601374950587,1.9814317678900006,254.9494845115279
06059088801,1.8418546644736842,3.6041002302631577,17.093032048653914,1.9814317678900006,251.8365041011288
06037199120,2.758276,4.702934,25.43195762854166,1.983659216800003,240.4761904761904
06037199201,2.758276,4.702934,25.4496006286,1.9836592168000025,240.4761904761904
06037199202,2.758276,4.702934,25.793169845323078,1.9836592167999991,240.4761904761904
06037199300,2.771087847133758,4.718273044585987,26.042250250899325,1.983659216799997,237.9533690227023
06111006400,2.615763275747508,4.717335717607973,25.41647530094342,1.9836592168000098,241.30858266323736
06111007506,2.88767258540146,5.1435859109489055,26.69170603837216,1.9836592168000216,257.70825201358286
06111008001,2.8530241034482757,5.122008689655172,28.447529475680124,1.9836592167999982,253.47688700027692
06111000400,2.534930799352751,4.6242659417475735,26.799431001967957,1.9836592167999947,213.78665868387213
06037199400,2.768434888888889,4.715096777777778,25.35604544504,1.9836592168,239.6590302808163
06037199700,2.742743193548387,4.678734129032258,25.406385494300018,1.983659216800003,220.14549953970436
06037199900,2.7543822916666665,4.697143291666667,25.413251511737496,1.983659216800002,241.11584162975632
06037201110,2.8251006404494383,4.800642988764045,28.204692022489944,1.9836592168000002,236.3668761335748
06111000600,2.445207613636364,4.490946619318182,26.69801085392097,1.9836592167999962,223.1672965949144
06111005401,1.8874043596059114,3.5491220591133006,32.295784685065094,1.9836592167999958,163.72863971932816
06111000901,3.134008289855072,5.727292777173913,29.086390004419215,1.9836592168000011,197.0528808818491
06111007300,3.0829444483870967,5.3926368774193545,33.745405523598734,1.9836592168000127,241.44018341585783
06111007901,2.80441385483871,5.073999682795699,30.284977992991884,1.9836592167999962,245.17104983071903
06111000800,2.450870070643642,4.524057434850863,26.56244166873936,1.9836592168000151,203.6029657420066
06111000302,2.8349982946859904,5.193675526570048,30.975470317920216,1.983659216799994,224.3836337294417
06111005911,3.0221386315789474,5.202614631578947,25.01607460021088,1.9836592167999951,308.3849969315247
06111007202,2.9502904963855423,5.193667002409639,17.393874643006335,1.983659216799994,274.08695588058504
06111005907,3.3365870891719744,5.592973299363057,21.712763690220292,1.9836592167999947,301.67615982676057
06111001102,2.9790463591905567,5.499080080944351,33.23375181751521,1.9836592168000085,212.1890681997407
06111007402,3.0129375407166124,5.295623868621064,17.086387269930583,1.983659216800043,277.51370977434715
06111000902,3.1768917038461537,5.758562123076923,29.83656338067698,1.9836592167999947,226.87730428822928
06111001002,3.0821703624801273,5.660122290937997,32.010269138965825,1.983659216800014,205.46904020014168
06055201900,3.5851171847988077,5.790941356184799,42.76188501327414,1.985303441519403,102.01811580688022
06055201500,3.7285509492600424,5.896545549682875,39.4079467032074,1.984592878500037,123.11261414357764
06055200703,2.739498803858521,4.892655286173634,37.30870820154604,1.984592878500006,97.08331993630254
06055200400,2.5584603500000003,4.601982934615385,43.87741574899183,1.9845928785000244,94.1992081816191
06055201700,3.7790209415904292,5.8896706995073895,48.111560078875726,1.9854221133231522,110.02744396883686
06055200802,2.458984312865497,4.533857514619883,34.45505540583621,1.9845928785000102,92.75892339458724
06037127104,2.9923541428571427,5.170356428571428,27.909553693735084,1.9836592168000013,297.71594791750266
06037127804,3.099002,5.211855,27.243948147500024,1.983659216800003,287.3015873015873
06037128102,3.0958307,5.2109536,26.13675045011002,1.983659216800001,286.6607842532427
06037132001,3.181723133858268,5.431604708661418,20.8994331659764,1.9836592167999978,323.70586955445924
06037134001,3.187151,5.476049,16.961694025290267,1.983659216800002,336.50793650793645
06111008005,2.806905,5.074642,27.73369796721179,1.9836592167999982,249.2063492063492
06111000500,2.3991605968586387,4.439266942408377,29.209619330642905,1.983659216799996,205.38493594662197
06059099703,1.601177,3.242525,16.673464159721746,1.9814317678900009,196.031746031746
06059110111,2.1351450045871556,4.032427885321101,20.633925221730262,1.9836592167999956,277.31639434847284
06067009900,3.334525998613038,5.248169980582524,22.000130243398477,1.9935641283709742,113.97915412137596
06067000100,3.2863224933920705,5.301453088105727,22.212662490274923,1.992554653390004,81.95241780890818
06037208802,2.63225152,4.49443568,22.513709051467995,1.9836592167999998,205.2456425590081
06037211921,2.597877,4.44247,21.7721317171,1.9836592167999998,184.92063492063488
06037215102,2.4429589714285713,4.167388428571429,19.72084021076571,1.9836592168000002,152.32837183917013
06037217002,2.090776,3.657238,18.397172129342696,1.9836592167999991,150.79365079365078
06037221303,2.482595,4.275402,19.682765396883337,1.9836592168000005,202.38095238095235
06037920102,3.353281542669584,5.447787575492341,31.78906302685852,1.977299895734962,286.12287627203835
06037920115,3.1804533865546216,5.365561109243697,30.326493210084863,1.9836592167999982,341.3626925992374
06111006900,2.6254263414634145,4.721976890243903,22.593419432679323,1.9836592167999967,290.983562390159
06111007000,3.033653256198347,5.231365504132231,21.247775029044657,1.983659216799998,295.7628355298934
06111007100,3.0251961219512196,5.249863570731707,18.812594411235047,1.9836592167999958,294.2534975886332
06059075902,2.1882885572139306,4.1218664527363185,21.678602258550228,1.9814317678900009,264.45471900654
06037201120,2.856174676767677,4.837735878787879,29.940083150296957,1.9836592167999993,235.6991386795648
06037201501,2.736923,4.695636,29.23121969127671,1.9836592167999982,246.031746031746
06037201503,2.736923,4.695636,27.00940053140169,1.983659216800003,246.031746031746
06037201504,2.736923,4.695636,27.204264197888673,1.9836592168000025,246.031746031746
06037201700,2.736923,4.695636,27.0460880130682,1.9836592167999985,245.77196759716787
06037203100,2.671623290909091,4.574064418181818,25.903406150529086,1.9836592168000025,246.02187203015083
06037203300,2.691346310810811,4.603396418918919,25.061812025190516,1.9836592168000018,245.37635831915244
06037203500,2.6494813230769227,4.522852276923077,24.535295838073814,1.983659216800003,239.8861627702538
06037203710,2.664827,4.563957,25.771810876037495,1.983659216800001,246.8253968253969
06037203720,2.664827,4.563957,24.88770276316889,1.9836592168000016,246.8253968253969
06075026303,0.009130655172413793,1.728185396551724,14.851833440096545,1.9845928784999984,-2.7410199870290075
06075026401,0.229766,2.190551,19.7555684706,1.984592878499999,9.524227471016864
06075026402,0.48159725,2.552872966666667,21.35685309597331,1.9845928784999984,12.93176875727458
06075026403,0.351857320754717,2.366572886792453,20.731678111611313,1.9845928784999987,10.960369918624062
06075030101,0.108383,1.707983,19.182251975367333,1.984592878499999,-1.4210854715202004e-14
06075030102,0.108383,1.707983,18.069029170894662,1.984592878499997,-1.4210854715202004e-14
06075030201,-0.034162,1.263206,21.386227856199994,1.9845928784999989,-12.698412698412696
06059099801,1.836254,3.595605,18.83286249509872,1.9814317678900006,251.58730158730157
06059099802,1.836254,3.595605,20.80086800808158,1.9814317678900009,251.58730158730157
06059099803,1.836254,3.595605,17.431710813199974,1.9814317678900006,251.58730158730157
06059110114,2.0206562955665026,3.916170945812808,20.194876331946357,1.9836592167999958,266.0248546697845
06037575801,1.8652339444444446,3.739999777777778,32.166825900500015,1.9836592168000005,172.45575659393762
06037651221,1.384889,2.705268,22.689483906599957,1.9836592168000018,114.28571428571428
06037554600,2.3921526017699115,4.350964238938053,27.362915681299945,1.9836592167999985,308.1942725990574
06037620201,0.679779,1.747205,27.34091711469998,1.9836592167999998,35.714285714285694
06075030301,0.030511194444444445,1.4650029722222222,21.235320436431525,1.984592878499997,-6.561092077835704
06075030302,-0.0061452261904761905,1.366024726190476,19.667731116795245,1.9845928784999975,-9.055013826303234
06075030400,0.05859462857142857,1.6471716,18.40818922656503,1.9845928784999967,0.2175435044813559
06037189201,2.725246,4.687549,24.534764925437518,1.983659216800001,185.7142857142857
06037211803,2.597877,4.44247,21.386472016700004,1.9836592167999998,184.92063492063488
06037211922,2.597877,4.44247,21.3864720167,1.9836592167999998,184.92063492063488
06037212501,2.482595,4.275402,21.233561561899997,1.9836592167999998,202.38095238095235
06037241201,2.091424787878788,3.747111515151515,19.90500759039999,1.983659216800003,209.1296192264877
06037702002,1.083183,2.160995,22.811147137070943,1.9836592167999982,-27.777777777777786
06037267901,1.99040775,3.509670859375,19.236482517662488,1.9836592168000031,123.11614928456788
06037269906,1.7517887741935483,3.203218806451613,18.273435514900015,1.9836592167999998,125.07276443160072
06081611700,1.095576909090909,2.9873861931818184,22.155047063568176,1.9845928784999964,53.5814779006283
06029006201,3.126726798076923,5.212527023076922,50.126558677470406,1.9991352696299827,268.79757532904847
06059110116,2.292857,4.211592520547945,20.213655998067868,1.9836592167999971,289.5212517954622
06059075004,2.122526,4.039056,22.02098484516317,1.9814317678900006,266.6666666666667
06075030500,0.108635,1.738326569892473,16.11222641625593,1.9845928784999973,3.106918720240643
06075030600,0.10922,1.808767,14.782512767454559,1.9845928784999978,8.73015873015872
06075030700,0.10922,1.808767,14.04050256026411,1.9845928784999964,8.73015873015872
06075030800,0.0512407955801105,1.6333431546961326,17.59436846948124,1.9845928784999964,0.2343355327374254
06059076102,2.165153765625,4.08378296875,21.634833786084368,1.9814317678900009,248.5935397057416
06059076103,2.161306039548023,4.078370214689265,21.558520059039562,1.9814317678900009,247.86011415711735
06037203900,2.6370614464285715,4.5188933392857145,25.284209202757147,1.9836592168000027,249.2062253929704
06037204110,2.664827,4.563957,25.07389803589999,1.9836592168000022,246.8253968253969
06037204120,2.662355027027027,4.559944972972973,25.07214139584595,1.9836592168000005,246.89402724096905
06037204300,2.664827,4.563957,23.883588505913668,1.9836592168000018,246.8253968253969
06037204600,2.6566788852459013,4.547232081967214,23.828719883745894,1.983659216800003,245.77796297972097
06037204700,2.61930464,4.49032005,23.94176317744102,1.9836592167999993,251.81011678275704
06037204810,2.582028915789474,4.429575210526315,24.98958472627579,1.9836592167999996,255.20370868225191
06037204820,2.573364,4.415512,24.518385752968175,1.9836592168000016,256.3492063492063
06037204910,2.573364,4.415512,25.56462409189999,1.9836592168000025,256.3492063492063
06037137301,3.1210442576419215,5.482608113537117,17.860631477315707,1.9836592167999954,282.95585969554224
06107002202,3.488894549450549,5.560295868131869,63.273179641254394,1.9991352696300033,234.90229292204617
06059099902,1.699533,3.401281,23.04970302362532,1.9814317678900006,226.984126984127
06037137401,3.1610493639575967,5.475314989399293,20.65517604590932,1.983659216799995,323.91244163204317
06037141400,3.1188401078838175,5.339913585062241,22.46547667290493,1.9836592167999954,284.11957394542327
06037535001,2.3328385423728815,4.095700322033898,20.45730158540002,1.983659216800003,236.0636631811365
06037603005,1.788372,3.317627,19.14938676149997,1.9836592168000002,208.7301587301587
06037604001,1.254388,2.53984,18.99365973179243,1.9836592167999998,99.2063492063492
06037104203,3.0299417528089885,5.311405382022472,22.67822446644275,1.9836592168000002,276.0670644660785
06037102107,3.1015055173913044,5.322150323913044,23.470509830154562,1.983659216799994,250.57341009477523
06037620904,0.779254,1.887416,27.988223566999984,1.9836592168000018,35.714285714285694
06037650003,1.4849711857142858,2.9002589285714286,17.027692620000003,1.9836592168000022,138.68429999966315
06095250106,2.2017203056603774,4.326800596226414,29.284237470566133,1.984592878499998,83.47039654323888
06095250104,2.290502,4.41324,26.775655594635573,1.9845928784999967,81.74603174603172
06037203800,2.664827,4.563957,25.13771018144408,1.9836592168000025,246.8253968253969
06037208610,2.6182932444444442,4.473006488888888,22.543451117899984,1.9836592168000016,186.58536058028375
06037208620,2.6775133023255813,4.561581674418605,22.594734420779055,1.9836592168000013,189.5549840273791
06037208903,2.577516,4.412401,23.276990665299994,1.9836592168,221.57531191327627
06037209300,2.577516,4.412401,23.276990665299994,1.9836592168,222.22222222222223
06037209510,2.5041679545454545,4.306538136363637,22.46083426669999,1.9836592167999998,208.9657497621583
06037210010,2.577516,4.412401,22.74599151527316,1.9836592168000011,222.22222222222223
06037190510,2.7076321142857145,4.655168971428571,23.53588971822572,1.9836592168000002,175.48777787818824
06037190520,2.725246,4.687549,24.413983976500013,1.9836592167999998,185.7142857142857
06037191420,2.597877,4.44247,23.589252013900012,1.9836592168000005,184.92063492063488
06059074406,1.9968827171717172,3.8768840303030303,23.21056719252626,1.9814317678900009,254.1647101328756
06037137302,3.1201967546012273,5.503044634969325,20.38738087187457,1.9836592167999945,275.3891066098177
06037190902,2.59245,4.437227188679246,23.275713641699983,1.9836592168000025,158.59054093570768
06037191000,2.677824,4.600372,23.27571364169997,1.983659216800003,157.93650793650795
06037191110,2.725246,4.687549,24.413983976500013,1.9836592167999998,185.7142857142857
06037191120,2.6227970217391303,4.490420239130435,24.413983976500024,1.9836592168000018,185.16372784135285
06037191201,2.725246,4.687549,24.48062174143106,1.9836592168000027,185.7142857142857
06037191500,2.597877,4.44247,23.116701026208816,1.9836592168000025,184.92063492063488
06037191610,2.597877,4.44247,22.872955026330494,1.983659216800003,184.92063492063488
06037191620,2.597877,4.44247,23.091063621129635,1.9836592167999998,184.92063492063488
06037191710,2.558945076923077,4.371097461538462,21.24006988120001,1.983659216800001,163.4151668320902
06037191820,2.531862,4.321447,21.447433144200016,1.9836592168000025,159.52380952380952
06037137402,3.1370885504087194,5.447303008174387,22.08925878437414,1.9836592167999942,303.78319968764504
06085503506,2.3633229416058392,4.4448332335766425,22.38175331131827,1.9845928784999969,113.76471513265427
06085512001,2.6304893978494626,4.80008061827957,23.361949284345197,1.9845928785000135,139.8183895088314
06085510300,1.9224196688963209,4.080866859531773,20.610314613182034,1.9845928785000042,141.11659686013837
06085504602,1.1746895806451612,2.9381499784946237,34.87336522369569,1.9845928784999973,54.45217149925006
06085507002,3.0718899122055676,5.496204680942184,30.15229648625396,1.9845928785000215,160.49062759680012
06085512307,3.1346286692913385,5.248950716535433,34.473747534682275,1.992271328490005,148.827557545078
06085511910,2.9319832274368234,5.216734902527076,24.872936852294085,1.9845928785000002,158.89203473942055
06085505700,1.7980846995515696,3.7394244484304933,19.035261379005778,1.9845928784999962,91.8942265720579
06085506900,2.8714123345367026,5.198015648616125,27.128498597828496,1.9845928785000349,166.51725269512582
06085507301,2.672300362441314,4.905917378403756,20.285459795962474,1.9845928785000317,168.85815042895626
06085501700,2.071872,4.079492,24.018380446314623,1.9845928784999969,108.73015873015872
06085503116,2.486477,4.635303,20.8403384341886,1.9845928784999969,156.85603483688357
06085507701,2.0583352602739726,4.224963356164384,27.908634460826068,1.9845928784999964,166.66666666666663
06083001206,0.85555,2.216808,34.814363064585045,1.9922713284900029,67.02760039050386
06081601601,-0.05974841584158416,1.7143797029702972,21.42234569652874,1.9845928784999973,-9.635774593953586
06085502908,2.5321750250896056,4.686705516129033,22.92604435257145,1.9845928785000007,151.31917874071502
06085502909,2.508892,4.662781,21.173390892879468,1.9845928784999967,152.38095238095238
06085509107,1.2304061846153846,3.1544533076923074,21.144603751100014,1.9845928784999982,94.79177903562277
06085511701,2.366966280961183,4.504289802218115,21.32331988059918,1.9845928785000284,166.41567980642222
06085511907,2.8450255224489798,5.089312040816327,20.786146835091365,1.9845928784999962,161.0246943763446
06085511912,2.867231724458204,5.08262020743034,22.848159303620736,1.9845928785000078,155.5947376886324
06095252904,3.5873049851150203,5.580924055480379,30.666924151888878,1.9925546533900143,132.05169744127144
06095252305,2.7807923303769404,5.087410472283814,27.736200562538173,1.9845928785000204,112.76637796705576
06095251802,1.8337724903846155,3.782824673076923,24.69245424505096,1.984592878499997,67.76549748216388
06085503207,2.400231052631579,4.521797894736842,22.329535352399954,1.9845928784999967,124.30963878195634
06085502910,2.647287536585366,4.847566658536585,20.871088966399988,1.9845928784999969,155.4900120468949
06085503001,2.2956344979591834,4.381892608163265,23.075286844754338,1.9845928784999962,135.34550030293212
06023000500,1.2698021797235024,3.224631267281106,28.47092772939159,1.9279417468699926,46.39492562897666
06023000600,1.2858655295566501,3.2431045812807886,26.45953222684669,1.9279417468700049,46.62132768117987
06023000700,1.3703701501976284,3.4176911422924903,23.84074388640461,1.9279417468700104,49.398319454297145
06039000506,3.703107461187215,5.758773837442923,55.15676877073832,1.9966900594199724,145.32322783925073
06039000102,4.190567223398329,6.530362450696379,65.65974010069326,1.9966900594199681,134.75762557201048
06039000602,3.7104893421052636,5.772952671052632,59.5987939377131,1.9966900594199992,162.79664823399625
06039000103,4.140078128914405,6.483344280793319,65.15212409036188,1.9966900594199677,113.17696951606622
06007000102,3.610610491694352,5.82362992026578,41.00542924778612,1.992554653390007,102.1447462141812
06085503208,2.4594122421052633,4.606473452631579,20.537919162372596,1.9845928784999973,134.0372432576424
06095251200,2.160736,4.228554,26.158770571600055,1.9845928784999967,74.60317460317461
06085500100,1.935497,3.952842,18.34276710711973,1.9845928784999964,89.68253968253967
06085500200,1.9250683484848483,3.9283598686868686,18.740954585958118,1.9845928784999964,90.80069657975147
06085500300,1.953647948275862,3.9306764612068967,21.272907051757745,1.9845928784999962,97.6375097069035
06095252502,2.800866793478261,5.130819467391305,24.23766353423696,1.9845928784999973,110.73164975708592
06095250200,2.290502,4.41324,27.503519360162503,1.9845928784999964,81.74603174603172
06085500400,1.9452858135593218,3.9121889067796607,20.07873960202122,1.984592878499997,102.04814001291544
06085500600,1.9560765081967213,3.9245836939890713,21.00680284620548,1.9845928784999964,104.06685146241216
06085500901,2.071872,4.079492,21.403563928520455,1.9845928784999975,108.73015873015872
06085500902,2.071872,4.079492,21.4545066195143,1.9845928785000004,108.73015873015872
06085501000,2.0480394757281553,4.057358990291262,20.855234513988368,1.984592878499997,104.80660783847046
06085503210,2.38507,4.50814,21.284158607915195,1.9845928784999969,123.08262193961944
06085503211,2.3776084468085106,4.482136290780142,22.281984989900025,1.9845928784999967,116.65223537560836
06007001000,3.5909250859375,5.82532628125,48.220041538984724,1.9925546533900054,107.12134948766035
06067000501,3.329164,5.293949,25.00219569332448,1.9925546533900016,88.0952380952381
06067000502,3.329164,5.293949,24.194121607192166,1.9925546533900016,88.0952380952381
06007000201,3.592006726726727,5.861887108108108,48.61009250066156,1.9925546533900078,102.46421164228838
06085503002,2.503996189655173,4.656332568965517,22.45435828122304,1.9845928784999964,151.54106671984934
06085503003,2.508892,4.662781,21.328894320939487,1.9845928784999962,152.38095238095238
06085511800,3.8169898388157897,6.338140183114035,48.92099183554814,1.9849885880938176,122.387611941711
06085512305,3.100939115995116,5.359278785103785,37.66942104675873,1.9905837570636358,138.8592598142811
06085511914,2.7902084341736697,5.028155767507003,21.89485385222064,1.984592878500012,162.13230020791474
06085507302,3.2254221699346406,5.709511656862745,28.848777839624393,1.9845928785000286,164.53430598595284
06085504307,2.1426490256410253,4.214166548717949,25.360145237639376,1.9845928784999964,101.20651716784296
06085503504,2.363599,4.433313,21.62221646361484,1.9845928784999969,107.14285714285715
06085504318,1.871830375,3.86676184375,17.36892334882746,1.9845928784999967,89.3983120100695
06085507500,2.5920651417165668,4.822349650698603,22.78025990518514,1.9845928785000235,173.6691849591151
06085512200,3.1260436356907895,5.33753088075658,39.92963737299846,1.9922144978568557,122.1172765635957
06085507203,2.735821829931973,4.976757333333333,20.67541733987136,1.9845928784999967,158.14964494053316
06085503802,2.4430169741379313,4.567561232758621,29.91435704107163,1.9845928784999962,130.15588786454563
06085512602,2.957356385481852,5.212510887359199,38.3549673203487,1.9919349758621592,140.60890932715648
06007000300,3.5940452739726028,5.869470515981734,49.796666474658004,1.9925546533900036,104.32446289874044
06085506604,2.3635414709677423,4.445884296774194,22.23933923717278,1.9845928785000058,150.7512566102438
06085512308,3.049236308691309,5.301650969030969,33.287211151861435,1.98842826810541,128.9241256901763
06085501200,1.9804899449541284,3.9987557431192657,20.022120167015604,1.984592878499997,94.05196711618184
06085501300,2.1518936666666666,4.186362,21.507867344606524,1.984592878499997,113.18177360621252
06085501401,2.150985,4.190471,20.16634815045523,1.9845928784999978,101.58730158730154
06085501800,2.094871103626943,4.110938217616581,24.817588539974643,1.9845928784999964,112.15162710115796
06085503105,2.215911,4.271858,23.17183635630452,1.9845928784999982,116.66666666666666
06059099233,1.346822,2.888242,17.378924261231596,1.9814317678900009,171.4285714285714
06059099502,0.9279077530864198,2.3118137283950615,33.90198667261908,1.981500516313149,89.85457854005546
06059001101,2.677559591549296,4.6742190422535215,26.927823318619357,1.9836592167999956,278.4225853942401
06085507401,2.2568237916666667,4.3944490555555555,23.927953533646495,1.9845928785000189,166.6255492229266
06085507100,2.9339052352941177,5.245395764705882,22.53494232254701,1.9845928784999969,160.43233283396196
06085507805,2.0964650043668125,4.27357762882096,26.267958217522203,1.9845928784999962,166.6666666666666
06085507702,2.478952316793893,4.7601769255725195,27.6664421374928,1.9845928785000246,182.90211972045515
06085505303,1.611352,3.531335,17.13057861160331,1.9845928784999967,87.30158730158729
06085503707,2.150985,4.190471,20.287251261450965,1.9845928784999973,101.58730158730154
06059001102,2.5801224,4.5599365999999995,26.683320865777503,1.9836592167999982,292.7960719862793
06059062628,1.935844852112676,3.8431447535211265,25.665839463714832,1.9814317678900006,243.6030582053112
06085502001,1.944032264516129,3.909247064516129,22.844697910387698,1.9845928784999967,101.2161112794562
06085502002,1.954797,3.922872,23.198388570599956,1.984592878499997,103.968253968254
06059001103,2.6538475,4.6471301714285715,26.74140470467788,1.9836592167999973,287.7749921497174
06085501501,2.203737375,4.2565979375,21.37817077824998,1.9845928784999978,113.35586302128544
06085501502,2.215911,4.271858,21.599319786973815,1.984592878499997,116.6490721491768
06007001100,3.512062407216495,5.660112007731959,51.700682527520826,1.992554653390009,105.61377537589884
06085502101,2.1567707828054297,4.1778007194570135,24.047070062533926,1.9845928784999962,126.25048333639056
06085502202,2.203239,4.242147,24.7202542388496,1.9845928784999967,132.5396825396825
06007001200,3.514488541501976,5.64960128853755,48.822311019747815,1.9925546533900051,109.25280379968882
06007001300,3.5524234905660377,5.756782528301887,45.77990184068535,1.9925546533900058,105.38966091972478
06007002800,3.4389706787148593,5.761461835341365,30.746747493063765,1.9925546533900051,84.54247259224744
06007003100,3.426678118518519,5.57122823068783,42.576600112489075,1.9925546533900131,83.0397512613906
06007000202,3.596433,5.871954,47.61283402506849,1.9925546533900027,101.57325609895464
06065044927,2.8548335377855887,4.749525891036908,22.839345891786955,1.999670437390017,606.1379286762032
06065043812,3.24813038590604,5.142306911073826,33.22837113345018,1.9909795277624733,349.750813062739
06085502701,2.540607036363636,4.689939572727273,22.992538497900842,1.9845928784999962,152.71163902013774
06085502800,2.543445,4.698286,24.09719060754372,1.9845928784999962,150.79365079365078
06085502903,2.432734742537314,4.556100940298508,23.28142848024366,1.9845928784999984,146.05058050705205
06085502906,2.7481548308457713,4.984985537313433,23.359855716151216,1.9845928784999964,158.8819312775619
06085503110,2.219697871794872,4.275997871794872,22.380752242738435,1.9845928784999978,116.34282521218456
06007000601,3.5501487635658915,5.801661174418605,50.56730488759303,1.9925546533900054,111.7965549609219
06093000701,3.369993767211202,5.939524864060677,33.31511101951119,1.9170922379899265,167.59981894165304
06093001200,3.739806673076923,6.147473283653846,27.117747063832446,1.9239035563505995,130.50405746054872
06093000800,3.4864288256939964,5.807917401549386,30.897565111083594,1.9170922379899302,125.90594598367537
06093000703,3.345670947643979,5.967412232984294,31.509419395013875,1.9170922379900042,152.85224931421027
06093000200,3.5521363634719707,6.045482269439422,33.581642890890926,1.9170922379900006,183.8220223775968
06093001100,3.6095133130990416,6.157145293929712,36.752787255537854,1.9244139652200056,106.76301995955409
06093000300,3.4373680755112743,6.24677990456214,36.73932484992022,1.917092237989923,163.02214718806914
06093000702,3.272225658653846,5.891057443910256,26.541487981683538,1.9170922379899882,144.077566476699
06085502400,2.2205112138728325,4.282723445086705,25.163968167384308,1.9845928785000106,129.96964364728254
06085510200,2.0775769481865285,4.268252414507772,21.986563851167112,1.984592878500015,154.7780653631773
06085512309,3.0963469541108983,5.259994273422563,37.07101751063869,1.9910233968472701,153.3101751192277
06085504601,0.8209137368421053,2.6821231315789476,25.489648373181574,1.9845928785,35.59017388777209
06085510001,1.920161455319149,4.087229791489362,23.535329987673062,1.9845928785000218,142.63468030766197
06085500500,1.9505187076923076,3.9174569615384613,21.761663179825824,1.9845928784999969,103.05101389874292
06085512100,2.928931389867841,5.349694786343613,31.669181712649618,1.9850664392923538,139.76581233569428
06085507402,2.3876960630914823,4.510982391167193,22.289522711080018,1.9845928785000069,160.0382164038347
06007000604,3.550306,5.800152,51.08420647928005,1.992554653389998,111.9047619047619
06007000700,3.5825605568181818,5.821318613636364,46.88548659241101,1.9925546533900083,107.4701896999267
06007000800,3.5812908546637745,5.795260047722342,39.650248287257206,1.99255465339001,105.041848225985
06085502907,2.508892,4.662781,22.199574357911196,1.9845928784999964,152.38095238095238
06085503336,2.48109,4.59464,24.428040455238012,1.9845928784999969,128.57142857142856
06071025100,3.1636932401746725,5.245245947598254,19.530573050078733,1.9913086276144,411.46496702749823
06037272100,1.3970269044585988,2.6323697834394904,21.624563035410105,1.983659216799997,37.34181947304548
06037403403,2.95236955361596,5.02865878553616,25.745233872091728,1.9836592167999942,282.9774365065654
06037407302,2.820024,4.82146,33.49163932676406,1.9836592167999993,258.7301587301587
06037530902,2.625091,4.571329,27.347966009625342,1.9836592168000027,239.68253968253964
06037221110,2.482595,4.275402,21.098044864400013,1.9836592168000005,202.38095238095235
06037212303,2.482595,4.275402,21.489210133179995,1.9836592167999998,202.38095238095235
06037201200,2.736923,4.695636,26.92984925515423,1.983659216800003,246.031746031746
06037191203,2.6342681428571426,4.512492571428572,24.79358124458929,1.9836592167999998,185.21651385112796
06033000602,3.002626229378531,4.994601614689265,37.117383158741504,1.992554653390013,128.79171201641336
06033001302,3.8293255198019804,5.977512438118811,34.02362787736976,1.9925546533900138,101.14782979920652
06033001101,3.779299299723757,5.983715658839779,48.707842700491526,1.9925546533900123,108.79773054197662
06033000901,3.334204291311755,5.498288330494038,50.264671258433616,1.9925546533900114,138.94319504573414
06033000703,3.514038143851508,5.563309403712297,32.19772281925372,1.9925546533900096,156.18818958148154
06033001102,3.7619552506527416,5.944865015665797,44.56663618743429,1.992554653390009,94.53558201931382
06033000902,2.8943411686626748,5.003276996007983,44.477131377093194,1.9925546533900134,101.44104855075176
06033000704,2.998664094086022,5.079385943548387,36.5810788898289,1.9925546533900087,116.59323807854702
06033000402,3.1122646129032256,5.429153043010753,26.90330169889257,1.9925546533900063,104.10168366652982
06033000401,3.115097660098522,5.413515581280788,26.25484681488938,1.9925546533900094,84.78175819012041
06033000601,3.3482209057142858,5.530604397142858,43.77671445518547,1.9925546533900083,148.84037433385674
06033001301,3.863969737037037,5.9422480148148145,42.67236286120036,1.992554653390011,114.93509118629724
06019008403,3.4609406164383563,5.4296037260273975,41.18539883532663,1.9966900594199986,183.7597176129899
06019008303,3.507969136645963,5.428742055900622,34.64630122725897,1.9988467044499376,167.81464285624426
06019008304,3.4076536446043164,5.363130317985612,32.40610695987244,1.9986849287567687,162.44718491275663
06019008405,3.4646178898678412,5.432732638766519,39.06620254156165,1.9966900594200054,157.3018551959151
06019004003,3.7497755426008967,5.780645224215247,66.60977866073422,1.9991352696300044,175.6761172899311
06019004005,3.7794814057971013,5.832415086956521,67.97062505484836,1.9991352696300033,186.01280741706032
06019007204,3.7893565750798723,5.789894063897763,55.56239409165548,1.999135269629979,198.803651368564
06019008200,3.4445259696394683,5.4775703776091085,41.27165247961322,1.9991352696299824,156.54762629788573
06019007203,3.7689923155080214,5.7651428556149735,53.03422898154189,1.999135269630002,193.331093730706
06019005526,3.7341821688311687,5.823954025974026,36.36392834580006,1.9991352696299995,200.6090658558677
06019004004,3.756313422222222,5.787995129629629,66.11505789770345,1.9991352696300038,179.19911590325873
06019006001,3.9878211572327045,5.986509786163522,69.48973881766801,1.999135269629997,182.28877663582335
06019006409,4.2000440267379675,6.427979948306595,53.18027675716248,1.9969559378920145,120.76530838998846
06019006407,4.146737484872611,6.268364253184713,45.88988310838809,1.9991352696300115,143.40719977969627
06019006410,4.146079112567463,6.314094862760216,56.426596679094104,1.999135269630017,157.89887695680113
06019005914,3.9360679056603773,6.006021464150944,58.23414846090017,1.9991352696300047,172.8119847409023
06019006606,3.806332432432433,5.861655594594595,59.01669167866759,1.9991352696300018,193.35252905433515
06019000602,3.653289,5.760381,44.13206500641898,1.9991352696299962,199.68034712822077
06019001415,3.707926008298755,5.763874601659752,51.31660252571215,1.9991352696300053,200.8336589130054
06019001417,3.730632077170418,5.764531424437299,58.14191438711099,1.999135269629998,197.80767647975716
06019008504,3.8807527478991597,5.897001915966387,62.184374471251154,1.9991352696299955,185.57308551530332
06019001416,3.709098051118211,5.7477865431309905,54.29085982838988,1.9991352696299978,197.77621953434655
06019005913,3.9245527528089887,5.984590966292134,57.21001070440002,1.9991352696300013,174.9209905777236
06019005916,3.9721207094657918,5.985027363636363,69.14638292254416,1.9991352696299802,172.53729232654038
06019007101,3.7120901008645535,5.727707729106628,62.01909679109748,1.999135269629994,226.03277597926188
06019007102,3.742577710526316,5.759596649122807,62.10700179891938,1.999135269629996,219.15866946661703
06019006002,3.9899608630136987,5.992471173515982,69.83284306722514,1.9991352696300042,181.6030039194335
06019006102,3.9909121134020618,5.993960855670103,68.87839604014974,1.9991352696300007,181.8157376906827
06019006302,3.971710472182596,6.003864235378032,54.73308583138888,1.999135269629977,168.2149744696506
06019006301,3.8783612848180677,5.922140964868256,65.38093765317191,1.999135269629975,191.5375154379342
06019005529,3.894756913746631,6.0432670404312665,37.913803588663654,1.996690059419993,191.9710987805887
06019006406,4.072365572787821,6.242430665080875,63.2956616887955,1.9971158191425524,170.1360288716042
06019008404,3.4675,5.439361,39.69206881844872,1.9966900594199988,184.90720105936808
06019008503,3.8779739548872176,5.894180255639098,61.58170652029848,1.999135269629996,181.3524791101515
06019006408,4.201299205211726,6.392634444625408,53.984877203663196,1.999091462932406,119.87177057917089
06019006411,4.117316819354839,6.249729891495601,52.36754219773027,1.9991352696300577,143.08369783929794
06019006101,3.97810296941896,5.974966617737003,68.85724655716037,1.9991352696299962,193.1930706906979
06019001418,3.7315220499999997,5.7951843,56.720883464951,1.9991352696300053,193.20879685743657
06019006605,3.708,5.784061,59.098308333681324,1.9991352696299969,192.85714285714283
06019005915,4.031826219047619,6.087732432234432,60.9261927024859,1.9991352696300255,164.33388030564794
06019008600,3.798795514543631,5.909224241725176,62.310649723198885,1.9991352696299718,208.1018194630851
06019003811,3.803726042105263,5.938650427067669,64.1513149894873,1.9991352696299778,209.02016232228567
06019004217,3.688251004,5.825026108,53.883062382842745,1.9991352696300058,193.93714260047068
06019003812,3.8064399480916027,5.917780685496183,63.56733580753973,1.999135269629978,207.11885823065865
06019004705,3.5933946929824563,5.695470710526315,42.14974276968425,1.999135269629996,192.85714285714283
06019004706,3.5926181397058823,5.689760330882352,41.56054165050012,1.9991352696299964,192.8571428571429
06019004006,3.7932573470319637,5.847343210045662,67.3620442241836,1.9991352696300042,181.9739422303374
06019000701,3.665668,5.783802,57.339509800950154,1.9991352696299955,196.031746031746
06019000702,3.666789402234637,5.784956089385475,58.15107548464311,1.9991352696300013,196.3850091151782
06019000601,3.6518442413793104,5.7592099655172415,46.591352781700095,1.9991352696299975,199.11656561529992
06051000102,3.6853724484304933,5.982581469730942,30.267728023367912,1.9287672575494472,167.5044086289481
06051000101,3.828042706431535,5.880733537344398,30.115022141472764,1.9547875284999927,251.7794288861835
06061022200,3.669511034934498,5.583856995633187,23.913149286091326,0.9968611032360001,134.33085021055254
06061023800,3.383886694252874,5.389284751724138,29.183617427806,1.9925546533900098,106.19953292017466
06061022600,3.426726740331492,5.428617364640884,17.039981367719935,1.992554653390001,97.44528059849866
06061023400,3.4994685620915034,5.424013287581699,22.08863781479422,1.9925546533900071,118.8786838818086
06061023700,3.3416686851851853,5.3318485787037035,20.61382909612996,1.9925546533900098,101.96410745254404
06037135201,3.163020905882353,5.525437311764706,18.571134500026417,1.9836592167999965,289.55578760037525
06037119400,3.0108515,5.214762230769231,24.25165872305767,1.983659216799997,299.80165176800233
06037113213,3.131025,5.387684,25.199682334623905,1.9836592167999967,232.7571042353649
06037296600,1.939384,3.916093,29.644860658533347,1.9836592167999987,163.4920634920635
06037575300,2.002958764705882,3.7580941470588236,30.37302966908087,1.9836592168000025,212.7185154628699
06019004410,3.68707,5.802994,28.605371871041424,1.9966900594199983,195.2380952380952
06019003401,3.6389793193277313,5.732403806722689,40.30966159729997,1.9991352696299955,192.80412937041953
06019003402,3.640734779527559,5.732784496062992,40.28924627697871,1.999135269629995,193.02088895913664
06019005527,3.733473617142857,5.848848502857143,36.36392834579993,1.9991352696300009,194.9365021990058
06019007903,3.394542140233723,5.317158455759599,22.892304408557614,1.9991352696300029,203.3842380757872
06019004411,3.68707,5.802994,28.70739216204559,1.9966900594199966,194.99437403854077
06037554001,2.266117,4.18481,31.507681517046237,1.9836592167999971,290.4761904761905
06037920013,3.1635216666666666,5.286302075980393,32.711822788397384,1.9836592167999942,340.88991012600854
06037920312,2.969330623268698,5.174310008310249,29.2284917616017,1.9836592167999945,253.73835057085623
06037535501,2.283891,4.039457,22.94141763398064,1.983659216800003,250.81376643089777
06037237300,2.153342542635659,3.835289007751938,19.969877974362745,1.9836592167999978,207.22522195993005
06037408402,2.7397949418837677,4.738066492985972,35.463462753554374,1.9836592167999938,265.40008105713423
06037227010,2.487613,4.304948507042253,21.338974097338028,1.983659216800002,248.49092893797857
06037219300,2.223595185185185,3.898383962962963,18.219617645100012,1.983659216800001,189.256287406799
06037204420,2.664827,4.563957,23.834841688686126,1.9836592168000005,246.8253968253969
06037404701,2.8046341523178806,4.779106145695364,33.14092728166894,1.983659216799997,232.37145057835056
06037211320,2.597877,4.44247,21.5793018669,1.9836592167999998,184.92063492063488
06037262301,2.777949509036145,4.885794171686747,27.037331357182012,1.9836592167999945,195.96143659376455
06037218120,2.395902,4.098453,18.42284175461147,1.983659216800003,182.53968253968253
06037209403,2.577516,4.412401,23.132963065547052,1.9836592168,222.22222222222223
06037208902,2.577516,4.412401,23.276990665299994,1.9836592168,222.22222222222223
06037212203,2.482595,4.275402,22.460834266699994,1.9836592167999998,202.38095238095235
06037433901,2.738754,4.718559,34.05100583330006,1.9836592168000007,260.04886106274176
06071000504,3.0982686985294117,5.164870764705882,27.455399557477566,1.9814317678899982,303.068592824179
06071000117,2.9913625536159603,5.015122503740649,31.18865269585667,1.9819483582855713,284.4723210765845
06071001906,3.1721253462686567,5.161182546268657,29.306836368544968,1.981431767889988,279.75556925233053
06071009202,2.823421046589018,4.83069077703827,24.680378472624277,1.9809895468997025,210.25066778740953
06071002017,3.24022613592233,5.352133980582524,29.910115176508263,1.9814317678899647,229.87600422957112
06071001501,3.183982,5.313362,27.06649552460005,1.9814317678900009,350.7936507936508
06071003505,3.2069544812030073,5.291834067669173,33.3991909150052,1.9814317678900006,294.7381615157867
06071003801,3.1832537040358746,5.270301246636771,30.73505310300262,1.9814317678900009,277.3702979953029
06071004510,3.143842945945946,5.249259243243244,23.959950893075,1.9814317678900006,241.57150254013425
06071011002,3.11241684,5.104606608571429,38.05817780077581,1.9505512655582737,196.1636432067184
06037194200,2.6138381063829788,4.536311595744681,24.818827078432143,1.9836592167999945,177.5623457026395
06037404901,2.8092286198347107,4.791601900826446,30.258991961957893,1.983659216799998,234.78366693629732
06037183620,2.865193136363636,4.834297893939394,28.518529077748454,1.983659216800003,234.19335073110253
06037139303,3.260202,5.572824,18.679884567699983,1.9836592168000016,319.25637835951125
06037123410,2.949695,5.153757,28.504984122499994,1.9836592168000031,302.3809523809523
06037120010,3.0802154285714285,5.211994428571428,26.597831521724313,1.9836592168000022,288.5333168996699
06037117510,3.033249,5.212343,24.381029753074014,1.9836592168000022,290.4761904761905
06037576501,1.9069715714285713,3.750870085714286,30.434659087300023,1.9836592168000002,160.3174603174603
06037294810,2.282635769230769,4.240869230769231,28.061825939733353,1.983659216800001,252.070225830843
06071011102,2.978742523690773,4.887237588528679,46.97237658201363,1.8999098171083304,247.58748499313364
06071007904,3.156169848739496,5.233643254901961,30.791124278080957,1.9814317678899853,274.7754360543071
06071008602,3.107282996078431,5.146697678431372,32.40350011616093,1.981431767889973,263.4324479950793
06071011206,3.1143303662337662,4.646005877922078,28.767751601670145,1.9814317678899824,205.33967442219952
06071010424,2.5237769936014622,4.470029074954296,22.36276337367634,1.7380192639270409,393.4776198470885
06071012002,3.089934187096774,4.966435051612903,22.583418529343547,1.892840162840002,393.8206154393341
06071012101,3.0188465994263862,4.923392293499044,19.31732942514205,1.8928401628400022,479.7399337351352
06071012103,2.454438939711664,4.224182948230668,16.131482684643373,1.696764211179961,370.7975161398054
06071009913,3.2756878763326225,5.227149070362473,23.846817655455965,1.8928401628400022,542.5095451102742
06071010422,2.700221392265193,4.486783367403316,20.599902807776278,1.6967642111800008,367.8686015853371
06071010420,2.968435567385445,4.654939367924528,22.764999656572915,1.6967642111799621,493.92175322723375
06071010803,3.1137235926892948,5.113062248041775,46.17946262832789,1.9037117175067066,178.33206761031678
06071011205,2.961579764940239,4.47487261752988,24.176068849106745,1.9814317678900009,217.46031746031747
06071010419,3.04811895,4.698442365972221,27.188867679600598,1.6967642111799632,549.2729337576685
06071002703,3.163187,5.250116,29.768630387747233,1.981431767889998,208.7301587301587
06071009201,2.482912911985019,4.321745044943821,25.238264961924706,1.8928401628400022,223.87920419337115
06071004603,3.147860191275168,5.2552511140939595,22.086787610587976,1.9814317678899935,269.26192949562096
06071011101,3.0514818884955752,4.947096732743363,48.18285004381094,1.9640270454819226,186.91391838253267
06071025000,3.5192027457763473,5.419431966210781,14.215219596759585,1.892840162840002,390.8737173241619
06071012700,3.2024965714285716,5.231362753246754,25.01893831186623,1.9814317678900006,275.81339598023163
06071012400,3.2125343086419753,5.278578098765432,34.52630394212537,1.9814317678900006,332.37919065453235
06071012500,3.169666701612903,5.251055016129032,37.22936947019285,1.9814317678900009,311.5803776920595
06023000400,1.1947429831460674,3.063506008426966,27.05944618521578,1.9279417468700009,45.83716944900456
06001406100,0.7716369508196721,2.925455893442623,22.652505001989383,1.9845928784999969,39.3039256410068
06111000701,2.3309496000000003,4.3102398,25.183529190704434,1.9836592167999962,207.79174766257515
06111003801,1.0352057881355932,2.079996372881356,30.428094791294033,1.9836592167999982,69.85496110501603
06111005205,1.7812713644859814,3.3337262009345796,33.83117642618153,1.9836592168000384,155.0741667499947
06111003010,1.346826,2.633476,35.90132909402746,1.983659216800001,131.74603174603172
06111000304,2.872080525,5.214048936111111,29.20369279076525,1.9836592167999945,240.33534273441785
06023011100,1.837142278164117,4.4263454812239225,18.55915658687743,1.9279417468699873,87.93628398734285
06023000800,1.347070748502994,3.2776911796407187,25.117030956518477,1.9279417468700102,41.04925417492691
06023010102,2.97182199913119,5.881595304083406,34.488653113865446,1.9178840353365305,91.83123759909228
06023010502,1.4245769814814815,2.7988089395061726,19.756378885050157,1.9279417468699798,48.905122702357225
06023001200,1.9528280993630573,3.8417528050955414,21.226645923556617,1.9279417468699815,89.52937887096304
06023000200,1.2401358590604028,3.201586389261745,27.882431624746758,1.9279417468699944,43.99919644118742
06023000900,1.657245004823151,3.5601842540192927,22.07207379376502,1.9279417468699918,66.44852423580602
06023010400,1.3630651417112298,2.540566422459893,21.35108087091739,1.9279417468699847,55.77504901227746
06023011200,1.694526050384287,3.4738756174210077,24.36467800931597,1.927941746869982,61.53947652276654
06037573002,2.028297,3.729864,30.378576700599986,1.983659216800001,221.42857142857144
06037400205,3.1395038545454543,5.2382258323232325,25.44798729479259,1.9825252428094375,259.1165586837732
06037552900,2.3729155925925927,4.3301005,30.1255642364425,1.9836592167999967,306.44013004869123
06037242300,2.283891,4.039457,20.87141102342239,1.9836592168000013,250.7936507936508
06037535503,2.37318,4.148517,25.296469292400012,1.9836592168000013,261.90476190476187
06037534201,2.372602,4.194813,32.07182649464576,1.983659216800003,268.25396825396825
06023000100,1.244225,3.213921,27.50493423192167,1.8814853192345766,42.58750181297512
06023010200,1.6012197551252847,3.149222875854214,18.39320471151434,1.927941746869975,69.13508052233246
06023000300,1.1935385212765959,3.0649469946808514,27.362880091674214,1.9279417468700024,45.815451276901136
06023010800,1.5794493549415516,3.255037005313496,22.30462518517698,1.9279417468699713,51.17761779805552
06023010300,2.018596968443961,3.7421675832426553,19.270295311364638,1.9279417468699727,85.86881493600808
06023010600,1.8470984586894588,4.286565628205128,21.486274328394057,1.927941746869989,80.6856272821225
06019005512,3.898016898989899,5.979569909090909,54.63810500269707,1.9991352696299898,175.6287968435039
06019005513,3.804402375,5.905182,52.91837719396753,1.999135269630001,187.33439924664032
06019005514,3.7919394063745018,5.910874860557769,49.09322158510891,1.9991352696300058,188.8027910160355
06019007002,3.7508709789473684,5.767841957894737,62.170080089030435,1.9991352696300022,209.85958398567007
06019007003,3.747187375286041,5.767437217391305,62.532397399512654,1.999135269629987,209.2217105947342
06019005602,3.7274704966442953,5.777374657718121,47.40245681383983,1.9991352696299998,183.0732248614271
06019007202,3.7346043741721857,5.726544804635761,55.21067735957158,1.999135269629999,204.0044426444981
06047000504,3.4754533549295776,5.361866261971831,68.99690614644449,1.9966900594199946,133.90190849547582
06047000602,3.445264,5.334001,64.76144768281472,1.9966900594200023,133.33333333333331
06047000603,3.4499288571428575,5.335918912698412,64.91416638126786,1.9966900594199926,134.07564412024615
06047000701,3.4450356114285716,5.329450965714286,64.7384829718607,1.9966900594200017,133.0057667495159
06047000702,3.451542884022709,5.299059740470398,63.902912250767294,1.996690059419971,127.10815812650446
06047000801,3.463014922580645,5.34092724516129,62.9698424816204,1.9966900594199992,135.9758791551885
06019005408,3.716533632530121,5.793738602409639,41.26818986454831,1.99913526963,197.16117155122316
06037541700,2.25196,4.000517,27.08790200154418,1.9836592167999965,273.8095238095238
06037533603,2.464969,4.274496,26.981458505492622,1.9836592167999996,241.3410487285825
06037980015,2.4319945135135135,4.5177866756756755,24.956260409118922,1.9836592168000005,277.72809086115154
06029004402,3.176966411764706,5.188434790849674,48.65416211349397,1.9991352696299987,281.33813036228617
06047000802,3.4678057603305783,5.341511280991736,64.11144315141335,1.9966900594200063,133.05036032338842
06085501402,2.1705517397260277,4.214998589041096,21.238598635879477,1.984592878499998,104.97569120611998
06047001003,3.325680888888889,5.232031,51.30327153660862,1.9966900594199994,134.2558453123462
06019004303,3.608533185185185,5.719462703703703,35.509618359955326,1.9991352696299858,192.14458440732065
06005000102,3.8078702512908777,5.824194020654045,50.313954578700475,1.9960565806993806,88.14653340633953
06005000303,3.41230931614654,5.431545423337856,35.31681725379649,1.9966900594199775,95.9194647397643
06005000101,3.8159128574626866,5.798351843283583,51.86693927154013,1.9966900594199704,86.28233098714509
06005000304,2.953687157250471,4.755871351224106,26.30826261381045,1.9966900594199726,78.45323460444834
06047001401,3.3691349170305678,5.253117545851529,58.18899497621387,1.9966900594200057,161.6048230005111
06047001402,3.3886615078534033,5.284950780104712,59.235084600017224,1.9966900594199921,167.43333802864055
06047001501,3.2855834285714285,5.070239720496895,53.82562379005899,1.9966900594200003,136.6528891757363
06029004901,3.378113951807229,5.465327277108433,50.199622931651916,1.99913526963,216.2834969610626
06019005405,3.726891742081448,5.813727542986426,35.53950001077323,1.9991352696300042,204.7345417588469
06019005504,3.877376,6.013601,44.23122164593323,1.997179101462006,188.88888888888889
06037262601,2.4949007269372694,4.662125051660516,33.04461231312771,1.983659216799995,191.0161705310142
06073010015,1.7325247295597483,3.4712292893081758,23.565124928814413,1.97810590532,358.0360686771056
06073020810,3.3208100367074525,5.530994111234705,53.473171552465054,1.9781059053200225,313.2907308919201
06073021900,1.0475643692307692,2.724138082051282,34.65993221843328,1.9781059053200063,187.8579560192567
06073020026,2.026361503311258,3.796323062913907,29.724522975424502,1.9781059053199979,270.8728665735634
06073020028,2.198612,4.060245,33.23297350999999,1.9781059053200016,288.88888888888886
06073013421,1.6205568666666668,3.4725463333333333,30.01762557771997,1.978105905319996,290.804725448588
06073020811,3.350412365448505,5.535922620155039,51.80292100464831,1.9781059053200225,327.5820058187636
06073021206,3.0787488558558556,5.302639261261261,61.7705097973669,1.9781059053200205,351.72678758602285
06073017051,2.2565672545454545,4.358003625454545,39.32559801344404,1.9781059053199943,309.2094854411285
06073017109,1.6291785518763797,3.1484226666666664,35.70406409467231,1.9781059053200103,218.1491478293986
06019005507,3.7335600718232045,5.851037922651933,36.37310362602764,1.99889209955386,190.38221073816464
06029005402,3.7145235645161288,5.645689444700461,26.00580732419257,1.8928401628400022,367.7483133469525
06047001004,3.321834,5.2323565806451615,53.57169470981304,1.9966900594199997,136.27053326226832
06047001005,3.3274537586206896,5.1658504482758625,52.92942160033791,1.9966900594199983,130.82845793766927
06047001101,3.38920351497006,5.3299685508982035,51.252882066158925,1.9966900594199966,149.6587102070169
06071008402,3.180433167832168,5.252265884615385,34.0781752618311,1.9814317678899955,298.9935489667205
06071008404,3.167244,5.22279,34.42915634180006,1.9814317678900009,357.44108927104463
06071008800,3.090551281725888,5.068096337563452,30.06710964138489,1.9814317678899815,257.69752790615604
06047001200,3.395801343387471,5.32223447099768,56.90330682661531,1.9966900594199886,156.4057994173553
06047001301,3.3326549141414143,5.196233252525253,52.825582475989414,1.9966900594200037,146.9038059025185
06047001302,3.334644,5.191274,54.65233276850622,1.9966900594199986,149.9326751560222
06033000502,2.482284493188011,4.366301188010899,32.31211300573872,1.9925546533900087,50.14653072375874
06047001700,3.398062638554217,5.295154156626506,62.91652776930158,1.9966900594199968,165.44140511266073
06047001801,3.4165942838709675,5.368708333333333,49.6856299171424,1.9966900594199866,143.0621255918008
06047002201,3.215073404833837,5.330985709969789,52.816648282837185,1.9966900594199968,197.1041989020038
06073019809,1.53796,3.036464,30.37334092533286,1.9781059053199996,207.93650793650795
06073020029,2.0511117515527952,3.855526801242236,29.046223610719235,1.9781059053199999,273.1855762526959
06073020309,2.576858,4.661949,33.85094407907977,1.978105905319993,321.42857142857144
06073021205,2.9299926774193548,5.163608170848268,65.44968631842502,1.9781059053200216,326.7537873965646
06071003506,3.1788005389221556,5.267396341317365,31.936461719100063,1.9814317678900006,275.852591221547
06071000404,3.094361481848185,5.225912511551154,27.425451946620868,1.9814317678899926,321.46496812738405
06037300100,3.132833,5.328787,30.451919471227775,1.9836592167999942,218.3976666354912
06073000400,1.5545528333333332,2.980491785714286,30.7596168304,1.978105905320004,282.3443585250312
06073000500,1.7780398155339805,3.3475352621359225,28.262706236152383,1.9781059053200045,358.6113504545392
06073000600,1.7627341063829787,3.298588936170213,29.028889032422324,1.9781059053200043,351.4491985992819
06037300501,3.101218769230769,5.282384692307692,30.26679655540768,1.9836592167999971,216.2172629720542
06111002700,1.2598891812865496,2.4750299005847953,26.101870099825742,1.9836592167999965,95.9770962916111
06111002800,0.9812511058823529,2.0238445921568626,27.381450696092912,1.9836592167999951,63.51219036790445
06111003608,0.821723,1.803422,30.970541303800015,1.983659216799998,19.04761904761905
06111003700,0.7562209852941176,1.6641185220588237,29.855216941319856,1.9836592167999976,13.565264120425043
06083003102,2.739753731818182,3.990800725,35.4692308236318,1.992271328490005,258.27642173161416
06083001704,1.0144953068181817,2.1764543181818183,36.17112423569774,1.9911458820759693,133.5747547127802
06083980100,,,,,262.11406600564845
06053010202,1.1467416925619833,2.9007556264462813,35.89624277931234,1.992271328490005,67.82982487816733
06053013000,1.0847005165562913,3.368100794701987,48.39271715348934,1.992271328490004,72.6521716813357
06037310701,3.0354308928571427,5.18162675,31.393407610124992,1.9836592167999998,235.52925768316055
06053010603,1.077447,2.956335,27.992610023173203,1.9922713284900047,46.031746031746025
06053013300,0.8606841160714285,2.958711629464286,42.031000382166084,1.9922713284900044,93.9312818936964
06053013500,0.72355,2.788282,34.56050204764992,1.9922713284900044,61.9047619047619
06053013700,0.7322160618556701,2.796166536082474,34.95115090130002,1.992271328490003,60.947907664927754
06053013800,0.72355,2.788282,32.457303938143525,1.9922713284900042,61.9047619047619
06053000101,1.1129342872928176,2.945390950276243,30.659889370399405,1.9922713284900042,57.509063374031854
06053000103,0.9151777938144331,2.7479018144329896,29.729232994165965,1.992271328490003,40.62850232629303
06083000302,0.7896288571428571,2.431951714285714,34.4169935285572,1.9922713284900035,84.5813113594151
06053010604,1.077447,2.956335,27.93377901902114,1.992271328490004,46.031746031746025
06053010605,1.0974691355932205,2.9795784661016946,28.528745564183836,1.9922713284900035,44.030727365929366
06053010900,2.114554875968992,3.9936362558139535,31.78653369661394,1.9922713284900038,132.04100721177554
06053013900,0.72355,2.788282,32.267971072739456,1.992271328490004,61.9047619047619
06053014000,0.776088,2.836082,37.631824309466666,1.992271328490003,52.32841531545217
06039000104,4.14000080411728,6.474490500311915,73.06981937428715,1.9966900594199688,149.39835872254784
06111004000,1.041999,2.063499,30.44358023187959,1.983659216799997,70.6349206349206
06111004101,1.041999,2.063499,29.361341388418158,1.9836592167999971,70.6349206349206
06053011302,2.7043829500000003,5.073184325000001,30.085702202991985,1.9922713284900042,193.0734882208065
06053012000,0.597942,2.548284,49.775879771994894,1.9922713284900038,12.698412698412696
06053012100,0.597942,2.548284,51.273688226824,1.9922713284900038,12.698412698412696
06111004200,0.7438827844311378,1.6382422934131737,29.394168494668868,1.9836592167999965,14.51600241916864
06111004503,0.705486,1.588905,31.200869081390433,1.9836592168000018,6.349206349206355
06111004504,0.9522622,1.9369406,30.938149180699956,1.983659216799999,56.75786868056663
06085504505,1.8404260659340659,3.84132895970696,22.70437493199592,1.9845928784999995,89.1025072132612
06029000400,3.142222800970874,5.180096082524272,29.841945207917924,1.9991352696300033,272.13612468726893
06029000504,3.1621447083333334,5.210319791666667,36.81022897500491,1.999135269629995,285.8817909453252
06029000506,3.100252,5.104355,38.98687267227391,1.9991352696299955,287.3015873015873
06029000507,3.117528394321767,5.1378397602523656,35.875496824758926,1.9991352696299973,286.21079685671464
06085503903,2.362989,4.458769,24.493481047200017,1.9845928784999969,120.63624347596388
06013386000,0.18662067346938774,1.4631915714285713,24.623270063642895,1.9845928784999973,-7.304556879598634
06013354001,1.9625532402826855,4.403662063604241,35.37225049255961,1.9845928785000013,77.51650332308279
06013318000,2.7419158246445496,5.202917203791469,40.2817151949109,1.9845928784999964,103.17416464118337
06013314200,2.5482966877470354,4.473326173913044,31.596024834625698,1.9845928784999962,44.3640762880477
06013357000,2.288635775,4.343728255,42.37658347566016,1.9845928784999964,76.23893458157659
06071008403,3.1630848683693515,5.231055583497053,34.59541792052718,1.981431767889973,336.7338734996614
06013337100,2.9239793823529414,5.382085637254902,16.14311601476595,1.9845928785000053,164.28290699366087
06013363000,0.9035679975961539,2.583192793269231,31.50846955455936,1.9845928785000178,23.68899673093115
06013321101,2.868986746331237,5.314040169811321,33.537473495414204,1.9845928785000222,137.13108739971403
06013320001,2.7403703999999998,5.090539752173913,35.57243359655428,1.9845928784999962,106.28075466278004
06013307205,3.3965397854545456,5.408667730909091,25.617173296946618,1.9963821311784042,121.4272281239298
06013355302,2.9570142040816325,5.460306795918368,20.556611699510363,1.9845928785000102,190.52270664111904
06013307101,3.454822568,5.461023696000001,21.90459044758721,1.9966900594200068,103.49543210871003
06111003615,0.504297,1.325046,32.069435502097676,1.9836592167999976,-19.04761904761905
06111005803,2.4222905326086956,4.436989809782609,23.632141506164153,1.9836592167999962,232.4261254179188
06111008307,3.074714125,5.345809604166667,30.606799132963488,1.9836592167999996,251.4110849589433
06111007515,2.6550163529411765,4.8593525661764705,29.56695416509937,1.983659216799995,232.4407739754417
06111001511,1.536867,2.99805,29.05421036369995,1.983659216800002,136.5079365079365
06111008308,2.9975859517045453,5.287376556818182,28.499040179642304,1.9836592167999945,222.9966748569657
06111003617,0.6897050454545454,1.5647612272727274,28.2444806234879,1.983659216800003,-19.04761904761905
06111003101,1.1644,2.336897,34.603119850726365,1.983659216799999,99.9017006161317
06111008502,2.836948703703704,5.120717559670782,29.99956798708926,1.9836592167999954,224.34036900920853
06111003902,1.041999,2.063499,30.004048362659546,1.9836592168000002,70.6349206349206
06111001509,1.431941111111111,2.792349074074074,28.145305214179015,1.983659216800001,122.91470947215736
06111009600,2.033302826633166,3.8353262211055275,23.1505266411726,1.9836592167999942,170.82664778759295
06073002902,2.096687048076923,3.9034530240384613,31.02388551131347,1.978105905319995,375.669128081944
06073002903,2.0281373493975905,3.8745676325301206,32.353206646961524,1.9781059053199992,378.96841204431246
06013341000,2.6238210272952855,5.256696300248138,27.475865557617396,1.9845928785000166,101.06288508183482
06013385100,0.4367620299625468,1.912418509363296,25.19564318122428,1.9845928784999982,6.553276668162067
06013392000,1.0148475319148937,2.8805389574468085,28.29714046632762,1.9845928784999967,40.55545511824215
06013351200,2.513967985915493,5.272841135211268,33.217542809890055,1.984592878500032,104.05396769171634
06071000115,3.0015231619718308,4.971579007042253,28.3392079233764,1.981431767889996,310.36975064155513
06071002031,3.2361818049792532,5.331954879668049,27.161011978170205,1.9814317678900009,248.56453570449452
06029000800,3.166455543209876,5.2085858312757205,24.975724491099985,1.9991352696300053,285.1907750575693
06029000903,3.231089324022346,5.314352597765363,24.19325652802844,1.9991352696300013,288.3057588646141
06029000904,3.243351,5.314291,24.741913378400028,1.9991352696300022,289.6825396825397
06071008100,3.26562825,5.42707125,34.35059586774505,1.9814317678900009,360.4769219690533
06053014102,0.091792216,1.680838072,29.915550249304793,1.9922713284900038,-19.77442276776327
06071011203,2.6881953468950748,4.306745231263383,24.165204560287094,1.9814317678899755,226.68509093902375
06053014301,-0.09074245555555556,1.424136088888889,35.03071081490544,1.9922713284900042,-29.377761406855928
06013365002,0.306999,1.319406,30.143847892177106,1.9845928784999967,1.395069787422687
06013307201,3.125640268656716,5.119805179104477,29.11658166353442,1.9845928784999969,107.03648565579084
06073019903,2.0178748883572566,3.8467076810207335,32.68642916856466,1.978105905320017,291.7503971513155
06035040303,4.156603073878628,6.427450691292877,29.430125123279808,1.9806349754300066,214.63826093087616
06053014302,-0.08174195187165775,1.436923935828877,34.44792398613731,1.9922713284900044,-21.96595357355055
06013308001,3.4792635157657656,5.466353418918919,22.05068675957394,1.996690059419988,69.94176354775703
06065042624,3.1592868315508023,4.994664973262032,28.51717955933224,1.9814317678899835,371.5453412155004
06013307202,3.11977,5.027473,25.584669499092577,1.996690059419999,82.7614432806127
06065042730,3.0516414772209566,5.043052191343963,32.07577509081923,1.9814317678899611,424.92513793113864
06065042731,3.046829315789474,5.012351161403509,33.448300382222925,1.9814317678899702,401.543511412259
06065042733,3.1980139205807,5.141143302305721,41.71743058581837,1.9814317678899838,404.9233341235006
06065042737,3.2585578652291107,5.133833469002695,30.952418991739158,1.9798271064343795,435.03181311177934
06065042745,3.197040350912779,5.177789084178499,33.605536635823874,1.9814317678899593,417.0489111619898
06065043007,3.2234047642487047,4.99033089119171,30.594129460081746,1.9814317678899822,327.4697729198808
06065043246,3.1268759434416364,5.184861624548736,24.651007279061883,1.9781059053200214,470.9630301351245
06065043254,2.9071872399150744,5.010385874734608,30.526420280238533,1.9781059053200112,341.8654688166348
06065043265,3.0508142155844156,5.140231862337662,24.07239997226137,1.9781059053200059,434.5524470041062
06065043267,3.125394,5.146951,21.525225183186507,1.9781059053200105,453.2365134104871
06065043272,3.489386237878788,5.2126008717171715,44.685926738879054,1.978105905319921,323.90507866849816
06065041913,3.0460560664451823,5.073425335548173,33.73633304559292,1.9814317678899929,307.0046777741415
06065043008,3.6395186768953067,5.251271649819494,31.32849204259142,1.981317704011219,314.20513632695696
06065043813,3.146336242105263,4.955157390430622,30.64868111738795,1.9985010681493405,301.07471611297245
06065044516,3.2607927955390337,5.062518013011153,29.963376447597618,1.9996704373900165,641.9200416901517
06029000905,3.243351,5.314291,27.619426991299967,1.999135269629999,289.6825396825397
06029000906,3.216954601036269,5.319305766839379,26.68049823236533,1.9991352696300024,278.3571584653665
06085508102,1.8724029008264462,3.908350033057851,23.75085286707602,1.9845928784999969,140.38916860305775
06053012302,0.597942,2.548284,52.633999863761495,1.9922713284900027,12.717320464565503
06053012401,0.5993893373493976,2.5514954698795185,53.19687413849636,1.9922713284900029,13.767586021053
06053012402,0.597942,2.548284,52.23195080487354,1.984781586653576,9.75503564914645
06029000907,3.164974,5.329181,27.903789259799968,1.9991352696299962,254.76190476190476
06029000908,3.2264555853658536,5.316497280487805,22.91287435240238,1.9991352696300055,280.364480417589
06029000909,3.213269686619718,5.320005823943662,24.40257989356462,1.9991352696300015,275.6030866058601
06111007516,2.649838870229008,4.835531206106871,27.655510659799216,1.9836592167999976,244.95823395236664
06111004507,0.705486,1.588905,29.059540041850013,1.9836592167999998,6.349206349206355
06111001901,1.1523112436548222,2.302744314720812,25.077778385721334,1.983659216799996,80.39923598351355
06111004508,0.705486,1.588905,29.039539991755188,1.9836592168000027,6.349206349206355
06111002302,1.298978,2.549116,24.69442442611098,1.9836592167999982,124.43396857800248
06111002301,1.298978,2.549116,25.87811052471318,1.9836592168000013,103.96825396825402
06111005804,2.3863952231404957,4.377483862258953,23.904854550378566,1.9836592167999942,224.02201132690533
06111001510,1.536867,2.99805,27.773521789885667,1.9836592168000007,136.5079365079365
06111005307,1.9364102406015038,3.646701894736842,32.146454289518104,1.9836592167999951,158.34868800232587
06111001801,1.6041395489361703,3.0642096425531915,24.807584407672383,1.9836592167999954,124.18695367785168
06111003301,0.8292543626373626,1.8151467252747253,35.26586251888571,1.9836592168,23.076363967967534
06111005006,1.382900017857143,2.693977321428571,38.26436922527944,1.9836592167999985,140.9114263287867
06111009400,1.7314007234042552,3.3340238297872338,25.29701784290212,1.9836592167999998,148.09586840448665
06111008501,2.865985,5.141269,28.4698521151627,1.9836592167999945,223.80952380952377
06111001303,1.719793640625,3.326526171875,36.238769625796245,1.983659216799996,155.174505864975
06111009500,2.675394,4.9880265724508055,33.31760097134268,1.9730134607169965,183.1454204709709
06111009700,2.798596953982301,5.026020394690266,27.293184023744477,1.984643118916057,233.42227488021737
06111005602,1.8284539246575344,3.451443308219178,30.612863559198185,1.983659216799995,117.79682426710728
06111001508,1.363418081632653,2.658013775510204,27.76956973011489,1.9836592167999971,111.29123264118356
06111001304,1.733066487394958,3.344135117647059,33.92441187121684,1.9836592167999982,156.07154151520464
06111003102,1.1644,2.336897,35.18939145194372,1.9836592167999973,99.82661910146562
06111009200,1.346826,2.633476,36.40914225553282,1.9836592167999962,129.93386552856938
06111003618,0.71898,1.602611,27.537474899762536,1.983659216800002,129.34161802002183
06111008601,0.9120993516483517,1.9441187032967033,30.52004371449997,1.9836592168,39.5374645593906
06111003613,0.7608830166666667,1.7117332666666667,31.07824175184999,1.9836592167999982,12.007046529970228
06111003614,0.7158834313725491,1.6132684705882352,30.786169515512448,1.983659216799997,5.552166893896666
06111003302,1.1410886394557822,2.3006061836734695,35.08047023812586,1.9836592167999971,97.25961728413272
06111005601,1.812256616,3.432259304,32.72068090619609,1.9836592167999951,151.83182047530596
06111008602,1.1256063773584906,2.276503603773585,30.52004371449999,1.9836592168000025,89.2459480541663
06111006101,2.44532718556701,4.490670226804124,24.146066027280963,1.983659216799996,251.53680393370456
06111006102,2.6488017808219175,4.768069410958904,24.08904158674927,1.9836592168000018,237.3356644982664
06111005308,1.9363776363636365,3.6478688636363636,31.955243637922795,1.9836592167999976,158.4135238846902
06111009300,2.2694264537815125,4.273713989304813,33.73147562931948,1.983659216800014,186.93124682774703
06111005005,1.34753195,2.6346334049999998,38.16118624090802,1.9836592167999958,131.85256373116445
06111003616,0.5474060361445784,1.3807819437751003,25.845297725278026,1.9836592167999951,-19.04761904761905
06111003901,1.041999,2.063499,30.50555541345492,1.983659216800002,71.69188745865902
06085506606,2.1619099032258067,4.189081374193548,23.51380941382001,1.9845928784999967,139.30630381863568
06053014105,0.7016690888888889,2.5494979777777775,26.901194002806676,1.9922713284900009,-4.462541122705036
06085504506,1.821315,3.897245,29.71799347130587,1.9845928784999967,87.30158730158729
06085504507,1.7232935893719807,3.7088426038647344,29.115275232627535,1.9845928784999964,83.33860845466141
06085506701,2.516822,4.632204,20.598197859160567,1.9845928784999964,157.14285714285717
06053010400,0.17189188732394367,1.7157196150234741,52.36698790256707,1.9922713284900044,-3.024585520896526
06029001201,3.160921533333333,5.199868580952381,25.900700820285714,1.9991352696299967,287.67766455268264
06029001202,3.165866401273885,5.210458210191083,27.80392897118346,1.999135269629999,290.1450483052704
06029001500,3.186844261627907,5.257032023255814,28.58990890419303,1.9991352696300007,293.76808971932763
06095250801,1.695100109090909,3.5308088848484847,29.734845591819838,1.9525186501606284,44.33250083539603
06095252915,3.308130930463576,5.373033927152318,26.852331379991718,1.9909201168231843,125.72144597702462
06095252314,2.933195922330097,5.262279019417476,19.756231877039806,1.9845928784999964,105.5880227861906
06085508203,1.6974813041474655,3.7309167880184333,23.272176912525264,1.9845928784999964,120.43903582657104
06029001600,3.142438975,5.1522017,30.013311547688375,1.9991352696299955,276.35914449726744
06013308002,3.312972939102564,5.229643951923077,21.68983223930638,1.996690059419999,69.3115922748276
06085506702,2.531222661016949,4.669279423728813,22.013778560808817,1.9845928784999962,154.56090465060893
06053012700,0.7235435166666667,2.8133107,53.97399591235742,1.9922713284900035,21.828054485552048
06053012800,0.9012105899122806,2.9669484627192984,50.45265141337731,1.992271328490005,57.94569039304971
06085506703,2.5293347034883724,4.661688348837209,20.479670222669807,1.9845928784999964,155.61207959704657
06013343002,2.765955729658793,5.3413587795275586,20.743160539157188,1.9845928785000144,126.40477901578528
06013348000,2.5707175805330245,5.264569910776362,31.343680952716294,1.9845928785000355,104.46159698037071
06013352101,2.4025931708683474,5.204027927170868,37.57272500592201,1.984592878500012,105.63210925630172
06013359202,1.4070900623608018,3.451066830734967,36.54406842623769,1.9845928785000202,71.96642709017803
06085504805,1.1503184642857143,2.975245494897959,28.769730603552077,1.9845928784999964,69.55247159647227
06103001101,3.581791616257089,5.777554264650283,58.237213818512515,1.9925546533900134,93.50577049429042
06025010102,2.785667600928074,4.646001626450116,17.85564652595822,1.999670437390015,353.3436717773516
06025010101,2.950173625,4.776083625,20.57224148799751,1.9996704373899974,533.0573024825801
06025012001,2.496276,4.618047,12.292260981099988,1.9996704373899978,609.5238095238095
06085504806,1.18786825,3.028212625,26.254047255005755,1.984592878499997,73.93356223042218
06085505007,1.45922,3.319891,21.053628332342402,1.9845928784999969,84.09482421813746
06085505203,1.7947914234234235,3.7425813423423424,18.552655547796437,1.984592878499997,86.24239689197341
06029000902,3.233631903954802,5.314339824858757,24.217246206299954,1.999135269630001,288.0294568861206
06029006002,3.459924,5.651726,28.81644393577335,1.9991352696299998,254.42169465400903
06037310100,3.08775614686825,5.275805142548596,30.43487286637892,1.983659216799994,237.37424848823457
06085508204,1.6975574897959183,3.721435530612245,22.270385729665332,1.9845928784999967,121.89332515814124
06085508505,1.522333,3.507549,19.986877701439692,1.9845928784999967,98.4126984126984
06043000200,3.7874835260257194,5.94639733251684,45.60466249234741,1.9966900594199688,140.34046430805046
06043000400,4.060352656050956,6.399140299363057,43.147160340257884,1.9966900594199999,117.42430021853568
06057001205,3.98963244294699,6.055161734950584,33.07109931968423,0.9968611032360001,189.84298272777832
06029002820,3.1185901231231234,5.209960663663664,40.72853059354852,1.9991352696299955,283.1383582982755
06037300200,3.132833,5.328787,30.315987319302433,1.9836592167999951,219.84126984126988
06037300400,3.0926428548387097,5.2902047741935485,30.23810785686377,1.9836592167999951,217.47775985023395
06085504802,1.256692,3.079822,25.857818608171577,1.9845928784999967,73.83194860287321
06085505301,1.51655,3.421396,17.71041721951957,1.9845928784999969,87.30158730158729
06085505302,1.5232027719298245,3.42911101754386,17.708175691620482,1.9845928784999964,87.30158730158729
06037300701,3.034698185501066,5.181419829424307,30.950125175411134,1.983659216799994,217.66770811891277
06037300902,2.9435335286624205,4.989217458598726,30.900976816012044,1.983659216799997,224.52888888223484
06085505402,1.6103717709923664,3.536666900763359,18.796474631101557,1.9845928784999969,94.73045713935272
06013384000,0.19128475126903555,1.4597024416243656,23.317286683112247,1.9845928784999964,-4.166176079741346
06013305000,3.106197590551181,4.995576354330709,24.886498789216123,1.996594806026936,85.09635209701035
06029001801,3.115091,5.084728,34.12475108141639,1.9991352696300042,286.5079365079365
06029001901,3.1181836305418718,5.092199330049262,32.0810383828399,1.999135269630003,285.4350590563298
06029001902,3.13253,5.126858,31.968692155839612,1.9991352696300038,280.1587301587301
06029002100,3.1727104353741495,5.221954292517006,32.133498143391826,1.999135269629998,291.7869076878474
06085508601,1.3827234259259258,3.361679111111111,21.551654337918524,1.9845928784999967,103.91961500845002
06029002302,3.1904333,5.267225666666667,31.17575673840008,1.9991352696299955,297.943713736009
06037320300,3.124125592592593,5.391833580246913,23.144778773190083,1.9836592167999967,244.66854853936985
06085505403,1.791014450980392,3.7586073333333334,20.743516615824582,1.9845928784999964,105.69142802270208
06085505500,1.661738913907285,3.588547655629139,17.897861259427145,1.9845928784999967,88.34743065083167
06085505600,1.611352,3.531335,17.051289146386672,1.9845928784999969,87.300768278086
06085505800,1.8834921282051282,3.832621358974359,20.53729251184149,1.9845928784999964,92.30489338292794
06085506803,2.8706167475083055,5.170721315614618,24.814704247013317,1.9845928785000044,164.3417336893322
06085507806,2.055,4.220711,27.060225756375115,1.9845928784999964,166.66666666666663
06085507807,2.236401845070423,4.4496117394366195,27.199673829600034,1.9845928784999967,174.9236670851514
06029006202,3.116320228310502,5.188826102739726,44.40789623112923,1.999135269629987,260.8970580934346
06029003103,3.080330282352941,5.187433811764706,42.013596765397025,1.999135269630006,268.7151575583436
06029001101,3.131781992805755,5.253145395683453,30.982736894263294,1.9991352696300027,265.04986895750864
06029003807,3.1527626372549022,5.235852241830065,41.99517166079986,1.9991352696299987,282.1955707014886
06085508301,1.8680843201581028,3.9956897628458496,24.339465822119294,1.9845928784999962,140.3799159383743
06085508303,1.8390646754966888,3.9571228145695367,24.176334082506546,1.9845928784999967,138.57070820660346
06053010504,0.7118481078431372,2.5518045245098038,36.287086324376794,1.9922713284900044,31.711859331067544
06029002600,3.131817109756098,5.134996182926829,33.31372498990003,1.99913526963,281.81734223378726
06085506000,1.8735260517241379,3.820954522988506,19.638581735925808,1.9845928784999964,91.40052012760806
06085506101,1.857957,3.840854,21.103430881369643,1.9845928784999964,111.9047619047619
06085506102,1.859378496855346,3.839337578616352,21.76376054432269,1.9845928784999967,109.43714188706876
06085507808,2.463874,4.736646,26.33156711745969,1.9845928784999962,183.33333333333331
06053001500,0.7889360959409594,2.611450885608856,30.49425361045574,1.9922713284900047,30.236226737257624
06053001700,0.752542,2.57464,29.612927202363952,1.9922713284900038,18.253968253968253
06029003124,3.0632113794466402,5.133718932806325,39.61720884886908,1.9991352696300058,286.9802257265001
06029003806,3.1493930583554377,5.1962880132626,40.89928996954112,1.9991352696299913,290.57207415008344
06111004704,1.2862685157894738,2.4507905368421055,36.34417590291363,1.9836592167999996,72.35339932446138
06029005600,3.4630061265822785,5.410978724683544,14.039747982761345,1.892840162840002,436.6416948703286
06029004500,3.296089327710843,5.311148012048192,32.713405641107194,1.9991352696299884,250.18799964708623
06029006004,3.499341330199765,5.788344575793184,37.70995275156936,1.9552932220585537,261.209719223791
06029005700,3.4117695264452643,5.219939019680196,11.979116623949107,1.8928401628400022,425.70392291361185
06029005104,3.2896893449477353,5.461351416376306,28.845341211887362,1.9991352696299807,239.62340882621913
06029000505,3.1325036126760564,5.158454007042254,38.874491664999915,1.9991352696300015,288.19718721223524
06001410000,1.2774599368421053,3.7899061649122805,22.45954492780909,1.9845928785000018,51.71053115146571
06029003810,3.1698575559210527,5.319518065789473,42.42939960849984,1.9991352696299989,301.93176862062694
06029003303,3.1587301985294114,5.128309974264705,18.70928534317054,1.9990595643968414,237.4473471185555
06029003900,3.1885181591836735,5.271917665306122,42.79008826780412,1.9991352696300055,289.9035929963575
06029003808,3.1517350357142857,5.219849258928572,40.6239287108391,1.9991352696300044,278.7132163181498
06085506103,1.857957,3.840854,23.637677845770774,1.9845928784999964,111.9047619047619
06085506203,1.857957,3.840854,23.637555354493905,1.9845928784999973,111.9047619047619
06085506204,1.985499724137931,3.991820892241379,24.347103296078853,1.9845928784999962,124.3670054716094
06085506301,1.8734230736196318,3.824355134969325,22.106632034328914,1.9845928784999967,94.8513812587197
06001430200,1.4989956758241758,4.137695796703297,31.309717056252993,1.9845928785000126,71.01194092327842
06001407900,1.2660584,3.6744067555555557,25.58500197627254,1.9845928784999969,52.6600645219076
06001436601,1.2699166644736843,3.7353709407894735,19.316859676934214,1.9845928784999967,60.80862923121457
06029003811,3.1439434561933535,5.22248442900302,41.87768418831,1.9991352696299958,284.7917654697677
06029003812,3.125294992805755,5.180099942446043,40.94299265018421,1.9991352696300027,283.83593644807155
06029004101,3.17898375,5.2051030592105265,51.48429188052284,1.9991352696299989,304.17934662352235
06037301400,3.012519761904762,5.117708171428571,31.903403812385676,1.9836592167999958,224.7491225870377
06037301501,3.015029662162162,5.115728,31.98883231158514,1.9836592168000018,226.94902884210504
06037301502,3.015655,5.115968,31.748702685590935,1.9836592168000002,227.58484747888593
06037301601,3.015655,5.115968,31.317164980933672,1.9836592167999987,226.5476781951615
06037301701,2.978623709090909,5.073542672727273,30.96838788106722,1.9836592167999987,217.67802422914772
06037301602,3.015655,5.115968,31.124490046144864,1.983659216799998,227.5373217967731
06037301702,2.889394,4.926445,31.21243600718933,1.9836592167999998,206.34920634920627
06029004102,3.187281396226415,5.221703641509434,52.04266353018492,1.9991352696299993,306.71434183412487
06037302002,2.9048564375,4.947119770833333,29.600978763762495,1.983659216800002,213.6707428436732
06113010401,3.3943416196943974,5.283031084889644,25.09730790044234,1.9925546533900114,110.2550918998656
06029002804,3.0743514259259257,5.06271545925926,37.26799016187004,1.9991352696300038,289.9990671633872
06073017022,2.2572968843537415,4.272368850340136,37.18034878742707,1.978105905319997,357.875747277979
06073009901,0.980046835443038,2.0913588987341774,40.723543922725376,1.8779486442911406,15.94654699798063
06073017045,2.4137046,4.515249494736842,33.727914143098864,1.9781059053199965,404.3578247276815
06073013503,1.912748,4.032953,39.50345226714703,1.9781059053199987,390.4761904761905
06073020017,1.9468910108695652,3.7198315489130436,27.094937683633702,1.9781059053199972,249.3330715191803
06073015403,2.23866,4.418802,37.97062772850958,1.9781059053200063,404.7619047619048
06073010103,1.0046609038461538,2.160240871794872,27.62335829757698,1.9781059053200005,49.826690818256175
06073018504,0.9880019979035639,2.0939292683438158,33.482573714048804,1.9781059053200116,88.41107425251141
06073020801,3.1728689169199593,5.485136133232016,39.72460189351346,1.9781059053199213,361.3500733443791
06073018608,1.4839903049645389,2.9369699929078017,28.476503435221204,1.978105905320003,232.49552298744703
06073005900,1.413074,2.526065,33.15990127811353,1.978105905320003,208.7301587301587
06073020500,2.4537668072916663,4.565699567708333,32.271098281707836,1.9781059053199963,368.4164242041406
06073019001,2.5773815209854014,4.705479640054745,50.69782474112461,1.9781059053199352,324.3051506214327
06073009505,2.296586925816024,4.256805246290801,31.705991720650427,1.9781059053200019,384.43337790308254
06001400500,0.965358,2.886972,25.406585954989843,1.9845928784999978,43.650793650793645
06001451102,2.7410327952755904,5.052214181102363,29.074727527612723,1.9845928785000144,164.12725746875762
06029002806,3.1087195555555556,5.155710174603175,39.78824336867146,1.9991352696300018,285.5480681444433
06029002807,3.074890202072539,5.065883497409326,39.266488184277705,1.9991352696299907,289.3519812765665
06029003203,3.1829561693989072,5.330092983606558,42.01135042078512,1.9991352696300015,291.67526554768745
06085507903,2.218156,4.33744,25.823741461713798,1.9845928784999964,164.28571428571428
06085508401,1.662598827160494,3.742407,21.761826731210075,1.9845928785000078,118.8533283084709
06085508404,1.657363,3.735323,21.22183166068431,1.9845928784999962,118.25396825396822
06001432800,1.2331805263157893,3.7810666736842107,20.64513702536701,1.9845928785000018,54.569278954186906
06001441503,1.6425575533980583,3.841491504854369,26.5780264321796,1.984592878499997,50.18660133604374
06001435400,1.3391586923076924,3.8718955307692307,17.63553439262305,1.9845928784999969,65.86800741973546
06001438000,1.4792696975308643,3.879305475308642,28.363368325776545,1.9845928784999967,90.84366060626203
06001451201,2.9976383255131966,5.185988689149561,25.09929758250184,1.98459287850001,143.86897243003682
06001451202,2.9246791302325583,5.1457943813953495,30.099103051122825,1.9845928785000189,153.89465783287218
06001409000,0.9402782314049587,3.284999884297521,23.067823895730616,1.9845928784999969,23.50291880620619
06029003400,3.189663487804878,5.2447527398373985,17.1544748327484,1.9991352696300055,278.4769367461837
06029003500,3.1664078770053474,5.195373462566845,15.823219479674623,1.9991352696299916,263.94519429265654
06029003600,3.158020784172662,5.176108366906475,15.552495771715106,1.9991352696300027,259.2151112436538
06029006003,3.514409405063291,5.7827491139240506,26.12734825166247,1.9991352696299767,249.1819202720609
06115040500,3.3374419664179107,5.335304817164179,30.19845433514166,1.9925546533900058,80.2707340669636
06115040600,3.1982012287234043,5.255192710106383,29.80684084339127,1.9925546533900087,80.78950040752416
06109003200,3.949149946488294,6.180480538461538,69.27749985810034,1.9966900594199695,105.66553999929246
06109001200,3.8956912901459853,6.103633468978102,66.40285516500215,1.996690059419983,109.65572933887348
06109005201,3.6951585505617977,5.864935617977528,41.00379200656157,1.9966900594199803,117.71132371638149
06109001100,3.8594310067681894,6.066163529610829,65.5546415559288,1.9966900594199815,114.93305324424058
06085508503,1.5443146279069768,3.544628488372093,21.36908698578835,1.9845928784999964,100.73242314854204
06001401500,0.8006141538461539,2.6878954769230767,23.225718646561532,1.9845928784999982,47.61904761904759
06029004601,3.2562715285714288,5.312217214285715,49.47697732824003,1.9991352696300007,223.17865600991345
06029003304,3.1879907344461307,5.209434854324734,19.020998523714564,1.999135269629978,267.1457897798466
06029005300,3.736677914285714,5.666232685714286,24.307676727100013,1.8928401628400016,326.9834024632652
06029005103,3.214398709090909,5.343837209917355,23.693036687218935,1.9991352696299796,279.6910423277447
06029002811,3.124351053921569,5.2008284460784315,40.61130663569628,1.999135269629989,283.09677332433887
06029002813,3.0577622700729927,5.024927240875913,35.400013113572186,1.9991352696299964,288.36645935752733
06073003208,1.3019686341463415,3.1650450670731707,32.991854343600025,1.9781059053199994,323.14869367342226
06085507904,2.2015292881355935,4.298713220338984,24.59566651307912,1.9845928784999964,158.51997923141647
06101050101,3.364244697749196,5.499514501607717,28.456654195300338,1.9925546533900071,75.16762375141619
06029002814,3.023765,4.989464,36.18523108347495,1.9991352696299984,289.6825396825397
06029002815,3.023765,4.989464,35.872628914093696,1.9991352696299989,289.6825396825397
06029002816,3.027481481818182,5.000373404545455,38.330548703545844,1.9991352696300042,292.60506675113515
06029002817,3.033163,5.017051,38.25406833678589,1.99913526963,296.8253968253968
06029002818,3.033163,5.017051,39.677575240000046,1.9991352696300055,296.8253968253968
06085504412,2.0854154615384615,4.223299538461538,28.627095580108413,1.9845928784999969,104.58853129937826
06085504413,1.964967185185185,4.055032,28.887219026416673,1.9845928784999987,94.82905252587702
06085504414,2.0725025283018867,4.2101715188679245,28.728708428090567,1.9845928784999964,102.90093389394258
06085504415,2.1632223081395345,4.2698824709302325,28.16200352119527,1.9845928784999964,101.45279082273802
06085504416,2.0244247698412696,4.097108198412698,26.425566616507883,1.9845928784999969,97.49803624026538
06073013414,1.648954964664311,3.509279487632509,27.944840876461782,1.9781059053199954,302.6005322566802
06073013415,1.7328551025641026,3.623807871794872,28.613708958712817,1.9781059053200039,315.62085991759363
06073013416,1.7949404162895928,3.7078808687782803,29.980912773579163,1.978105905319994,319.54860901709435
06073013417,1.7783044375,3.7118115208333333,30.76590854231801,1.9781059053200023,328.5748605422893
06073013418,1.8064816142857143,3.7247008714285714,30.266500167904283,1.9781059053199948,321.25683104447927
06111005002,1.4855816896551723,2.8609659482758625,37.40876905773795,1.9836592167999982,141.59825013143015
06073018517,1.4116133333333332,2.8022249777777777,29.20389358339778,1.9781059053199976,204.32197898804736
06073018518,1.4757313684210527,2.906020694736842,27.690784148333673,1.9781059053200043,207.8826274323879
06073018519,1.5197200213903743,2.979363919786096,27.549603359716034,1.978105905319997,224.77362816333428
06073018601,0.9691460537634408,2.0670464731182796,30.92001474416344,1.9781059053199948,104.64482437427226
06029000102,3.21725282320442,5.273411121546961,24.41200776700108,1.9991352696300015,266.7082035993468
06073008303,0.9988961698113207,2.0130802264150947,36.294612942382955,1.9781059053200085,51.0359304774878
06073006200,1.3567986153846154,2.5080365384615386,34.72552115094358,1.572340591408205,199.22537519926104
06073012200,1.194795,2.963464,34.04894973039176,1.9781059053200023,288.0952380952381
06073020706,2.4193069552572704,4.537685164802387,33.85523981193442,1.978105905319975,353.61983230901467
06111005202,1.9708992813370474,3.7038172451253484,31.847975450049486,1.9836592167999945,181.25326929156017
06001401600,0.8037386885245901,2.694904081967213,22.981288417737705,1.9845928784999984,47.61904761904759
06001402400,0.7035739565217392,2.681306586956522,23.476309239499994,1.9845928784999993,46.64728484214934
06085504418,1.9453890555555555,3.9987250555555556,26.71299462123329,1.9845928784999969,94.0734784569628
06085504421,2.047650738317757,4.187453308411215,29.352023719650848,1.9845928784999964,103.34346300354638
06073000700,1.6193188679245283,2.913851254716981,29.767259173589565,1.9781059053200045,306.85658316294354
06037310703,3.015655,5.115968,32.338980758005256,1.9836592168000013,227.77777777777777
06037310900,3.019838021505376,5.163563774193548,30.339812686232186,1.983659216799995,242.91783340842855
06001402200,0.655676,2.693594210526316,24.489273798891226,1.9845928784999984,45.39010793243218
06073000800,1.625326,2.925146,29.185306852647066,1.978105905320004,309.5238095238096
06037311000,3.028898471830986,5.219570556338028,30.00063532468591,1.9836592167999973,264.1383094866354
06037311100,3.014171474025974,5.254490707792208,28.983553762215646,1.983659216799997,285.2073248809081
06037311200,2.994983,5.233434,27.870031260799927,1.9836592167999976,269.0476190476191
06037311300,3.0037907939393937,5.19327686060606,29.365137898704216,1.9836592167999967,254.69683445641635
06037311400,2.994983,5.233434,27.57488603960267,1.9836592167999987,267.96020693915193
06085507905,2.24575,4.382270620320855,26.208728251287113,1.9845928784999964,166.80109557746115
06001402500,0.650091,2.712875,24.439495019504534,1.9845928785,45.24872250900247
06001402600,0.7392139545454546,2.8894903636363636,23.56264236034091,1.9845928785,47.70580480783583
06001402700,0.7741382666666667,2.9044806444444444,22.48835874986889,1.9845928784999993,48.28783783576315
06001403000,0.753286,2.917377,22.988737714600003,1.9845928785000007,48.4126984126984
06037237900,2.1130267459016396,3.778297270491803,19.47640098857543,1.983659216799998,204.028718034156
06037534700,2.4096602435897436,4.198585576923077,24.295332429599977,1.9836592168000011,252.8125039039979
06037228600,2.453754,4.258903,19.943341322466672,1.983659216800003,253.1746031746031
06037222600,2.341892,4.09972,19.186626613000026,1.9836592168000007,220.63492063492063
06037407101,2.7980778046875,4.78784278125,33.90144175849143,1.9836592167999978,255.70162040304828
06037482502,2.680856,4.593393,32.65328591080003,1.9836592167999998,248.9487852842805
06037208904,2.577516,4.412401,23.276990665299994,1.9836592167999998,222.22222222222223
06085504422,1.9195521929824562,4.023205,29.293782431739483,1.984592878499997,95.23461697321356
06001403100,0.753286,2.917377,22.988737714600003,1.9845928784999998,48.4126984126984
06073013506,2.0017830061349695,4.051129202453987,41.86403074286641,1.9781059053199996,384.4095500406849
06073013604,2.2989841611111115,4.489579022222222,49.906088504776754,1.9781059053200039,385.7462518808166
06085506304,2.0397305663716816,4.045699194690266,24.05699629056013,1.984592878499997,123.555217980223
06085506305,2.1599387581699347,4.191242718954248,24.04152516678361,1.9845928784999967,141.17773050664908
06085506401,1.958530535483871,3.924406587096774,23.4339539708612,1.9845928784999967,100.74127579899724
06073013802,1.938489,3.934494,36.708008948699934,1.978105905320004,392.8571428571429
06073018609,1.4790858502673798,2.9199174598930484,26.440971416139018,1.978105905319997,235.98292174511627
06001404501,1.2551049607843137,3.5071697843137253,28.8299092677315,1.9845928784999967,53.845377224714674
06001403800,1.0376302826086956,3.2325980217391304,21.533893997304382,1.9845928784999973,49.78492338752794
06001403900,1.0052529000000001,3.1344927714285715,21.101553370400023,1.984592878499998,48.82842845898476
06037302202,2.9139658870967744,4.9592999838709675,29.24333481529998,1.983659216800003,216.36329618614957
06037139703,3.1679798069620255,5.420166686708861,21.091397719009656,1.9836592167999947,280.4496357138149
06037430502,2.963974991957105,5.030385246648793,32.25804643170831,1.9836592167999942,210.1033865014714
06037300702,3.006523630218688,5.124556214711729,31.162079063559172,1.9836592167999938,221.38335806086693
06037123602,2.885315,5.09453,25.86720124345349,1.9836592167999978,288.88888888888886
06037122410,2.963113,5.202726,29.8202952023698,1.9836592168000025,293.6507936507936
06037131300,3.173004725,5.4182021124999995,20.20178698819064,1.9836592167999967,321.30180136032214
06037115302,3.142309,5.37953,19.274545471700023,1.983659216800001,304.76190476190465
06037109700,3.078241,5.282049,20.702976704838516,1.983659216799996,269.0476190476191
06037910501,3.144392,5.011913,20.270284616481916,1.892840162840002,482.5396825396826
06041106001,3.0950648571428574,5.772583068322982,30.756996396285764,1.9845928784999967,134.82216983618113
06001404000,0.8889475961538461,2.8833901923076923,21.631693935548096,1.9845928784999989,47.758931687753
06001438300,1.1705935,3.5485873703703703,22.28002156890003,1.984592878499997,54.71273915058637
06037576402,1.993837,3.768257,30.18058214479998,1.9836592168000025,169.6281253574027
06037543903,1.914554,3.570215,25.97570109563583,1.983659216799999,233.15511248955693
06037571102,2.172287,4.03729,22.507928104686325,1.9836592167999973,285.7142857142857
06085506402,2.16839,4.181976,24.11886539501949,1.9845928784999964,134.1269841269841
06085506503,2.2548665658536584,4.298923668292683,22.983704033836577,1.9845928784999964,138.62686628723395
06111005203,1.8580076933333334,3.489768986666667,31.14371574482365,1.9836592167999942,167.7542896835833
06111005304,2.001173610429448,3.767533110429448,30.201531595573663,1.9836592167999945,182.006930984917
06009000122,3.7971449546232874,6.026513461472603,53.04974470970748,1.9966900594199717,114.3404570660324
06009000504,3.882307531380753,6.085302836820084,38.77516820912675,1.996690059420006,88.68139949168832
06009000121,3.7239290827067673,6.00079340386681,50.85300217382763,1.9966900594199741,128.60413483365616
06009000501,3.9727221623108666,6.170018389270976,46.84820356874447,1.9966900594199777,98.21602992491836
06085507906,2.218156,4.33744,25.84642586607108,1.9845928784999964,164.28571428571428
06099002402,3.2872466428571427,5.292895357142857,41.29717037765705,1.9966900594200045,117.9187766668788
06037543701,1.914554,3.570215,25.352757603347023,1.9836592168000025,233.33333333333331
06037241300,1.963295,3.555215,19.18030273020001,1.9836592168000022,208.04700120778975
06037228410,2.453754,4.258903,19.707863269700017,1.983659216800001,253.1746031746031
06037531800,2.537237,4.466203,31.363187557595182,1.9836592168000007,250.0
06037910809,3.057080275630252,5.205374593277311,30.118093854862924,1.9836592168000087,308.294755761043
06037204200,2.664827,4.563957,24.318310247300012,1.983659216800001,246.8253968253969
06037209820,2.577516,4.412401,21.8551500879,1.9836592167999998,222.20665660428537
06037214600,2.458746,4.192447,20.685230476600037,1.9836592168000018,148.41269841269843
06037211420,2.597877,4.44247,21.680843993069388,1.983659216800003,184.92063492063488
06037191810,2.531862,4.321447,21.919686072814294,1.9836592168000002,159.52380952380952
06037480302,2.876678275590551,4.858704503937008,32.11077740041805,1.9836592167999978,227.87868465978408
06037192620,2.597877,4.44247,22.845493152958625,1.9836592167999998,184.92063492063488
06073001000,1.807577,3.382614,27.401353676733912,1.9781059053200047,373.015873015873
06073001100,1.807577,3.382614,23.13449906848288,1.978105905320004,373.015873015873
06085506601,2.156845,4.194635,23.701451121616067,1.9845928784999964,144.44444444444443
06085506603,2.3184941420765024,4.386929092896175,22.54950139891965,1.9845928784999964,145.70250584697328
06085506605,2.1615485185185186,4.189477629629629,23.56951727859629,1.9845928784999969,139.789320233883
06019006405,4.063678583856936,6.236808944900919,62.92773338344313,1.9968011516189765,164.1876312261712
06079010202,3.7972200673076926,6.483232742788462,52.93327186689568,1.992271328490005,320.33262923284013
06019005912,3.9938561836105975,6.070652314849045,58.65101721804176,1.9991352696300513,166.19428151997644
06079011501,2.147991,3.63855875,39.22636216774996,1.9922713284900018,174.44301727418213
06079011600,2.001321419495213,3.220199914708442,49.198776545540866,1.992271328490005,204.08194810304917
06079012503,4.19535177540107,6.948918818181818,35.04470119063491,1.9922713284900049,314.6036431026602
06079010703,0.42477706333333337,1.6000823466666667,42.395127275198675,1.9922713284900049,33.983066198077175
06079012302,1.1476344373626373,3.0076064516483516,44.845308163341365,1.992271328489893,212.74909104663624
06073001400,1.625326,2.925146,27.35177405245514,1.9781059053200045,309.5238095238096
06073001500,1.7428601714285714,3.1637190285714287,27.006525935147685,1.9781059053200045,333.46561344540885
06085508101,1.891432576335878,3.9621733473282443,25.877985185045006,1.9845928784999973,150.30588755546822
06073013905,1.8541983608247423,3.9088605824742264,38.69723786946917,1.978105905319996,386.8197686358866
06073013907,1.8284601020408164,3.838677217687075,36.46325136556264,1.9781059053200019,389.3026703096835
06073013908,1.683156030075188,3.6741647368421053,36.64645238520004,1.9781059053200043,385.32838736996206
06073013909,1.772518,3.735744,37.58830393351864,1.9781059053200005,375.3968253968254
06073014001,1.939023,3.9303212000000003,36.53116708519598,1.978105905319994,392.6196883011952
06001450701,2.7723047973531845,5.214169023986766,27.416370091207135,1.984592878500007,151.23909413762544
06073019206,1.898437541436464,3.659134447513812,29.801151311566947,1.9781059053199974,292.73703594987035
06073019404,1.796738720338983,3.469546881355932,26.88104515617623,1.9781059053200047,276.5732237540566
06073019405,1.710132,3.297563,27.459655896964158,1.978105905320005,265.0793650793651
06073019406,1.710132,3.297563,27.585729773964264,1.978105905319993,265.0793650793651
06001403600,0.8360817647058824,2.8661708823529413,21.101553370399994,1.9845928784999989,48.09341271240923
06001435300,1.3866051005586593,3.9229940726256984,23.75383897447707,1.9845928784999964,71.64053410629964
06001409800,1.2240001265822784,3.6284566962025315,21.355370909096163,1.9845928784999967,43.63367571353375
06001440306,1.229093,3.487165,27.487073406000025,1.9845928784999975,80.16695187395793
06001450601,2.6774486676602085,5.268542067064083,29.100184129284766,1.9845928785000306,135.2958976128646
06037124500,2.885315,5.09453,23.73101289696694,1.9836592167999982,288.88888888888886
06037301203,3.00023,5.110048,31.561037690460754,1.9836592168000011,219.84126984126988
06037127910,3.099002,5.211855,27.92947359260001,1.983659216800003,287.3015873015873
06037123205,2.963113,5.202726,28.69636623260771,1.9836592168000022,293.6507936507936
06037108103,3.0965202195121955,5.347181,22.23317606957486,1.9836592167999951,228.46592982211257
06037575101,1.993837,3.768257,26.32413481232001,1.983659216800003,210.3174603174603
06037900102,3.013133605809129,4.998188064315353,11.526491440893903,1.8928401628400022,392.0854291465764
06037570001,2.262212,4.201118,26.108569712157397,1.983659216799996,302.3695955608819
06001435700,1.1078840361445783,3.555579120481928,20.074182001878864,1.9845928784999967,46.05629738310947
06001400600,0.8793965581395349,2.848754720930233,23.74024757179998,1.9845928784999995,46.910497822967805
06037310800,3.012706,5.15263,30.421607539340716,1.983659216799996,242.0239740516788
06037311700,3.003986938697318,5.137597517241379,30.41772920417062,1.9836592167999951,238.60192963614688
06037311802,3.014762539473684,5.127063078947368,30.64262100803423,1.9836592168000013,232.04459615725827
06001442000,1.8986976563706564,4.2572236100386105,29.56955636161437,1.9845928784999967,111.04605442816089
06001426100,1.1129913932853717,3.3152186882494004,25.274840100435235,1.9845928785000178,50.41213229843885
06001400100,1.2816561971830986,3.4211845422535214,32.31167237432075,1.9845928785000015,59.03975037213067
06001433700,1.1532862661290322,3.652066370967742,19.184074175473402,1.9845928784999969,51.37891183999522
06001437500,1.193256,3.585312,21.59467856818619,1.9845928784999975,54.76190476190476
06001441100,1.8614229310344828,4.27867530651341,30.52440934651349,1.984592878499997,103.135921473728
06001451503,2.8619447578947366,5.072388842105263,28.141627346948475,1.9845928785000018,153.29004975156232
06001408100,1.3627916494082841,3.813297278106509,28.977779013665863,1.9845928785000309,54.98180499519274
06001450742,2.9151062346570398,5.4476469133574,30.406401944124834,1.9845928785000002,151.45353709903716
06001404502,1.3496506666666668,3.6367051256038647,33.524452548603904,1.9845928785000175,55.72155911705397
06001440301,1.4400635478927202,3.810998409961686,26.90905798806509,1.984592878499997,79.49024105778197
06001406800,1.0661263769230769,3.3951656692307695,26.837438679233045,1.9845928784999969,46.974370861978855
06001430500,1.314874,3.92583,19.371724148808962,1.9845928784999962,61.11606322582305
06001422000,0.7137646808510638,2.302242787234043,27.61498878505107,1.9845928784999973,41.23000642552166
06001442200,1.8523268671679198,4.183072887218045,24.573471460190493,1.9845928785000162,108.36046366244317
06001436402,1.5272543823529412,4.067413811764706,30.360831386658447,1.98459287850001,81.8801717969729
06001431100,1.4088088632478633,4.0047287606837605,23.225387845143622,1.984592878499997,65.20160854738434
06075980501,0.2631607027027027,2.2260687297297297,18.448245774697295,1.9845928785000002,12.580446149933255
06085510400,1.745231,3.865041,18.491956485278266,1.9845928784999962,128.57142857142856
06085510700,1.5786807228915662,3.559026012048193,18.680247572767502,1.9845928784999967,119.44357961377663
06001421200,0.9825957015706805,2.818255654450262,30.304575959227222,1.9845928784999964,40.02129573441677
06001422800,0.965358,2.886972,30.344260128964297,1.9845928784999995,43.650793650793645
06001405000,0.9239685357142857,3.182908642857143,23.567484125394653,1.984592878499997,51.81847238958775
06017030804,3.489790354324432,5.539464841371064,56.511067045090144,1.9962005354698242,91.96027590604729
06017030901,3.525957535043805,5.569436423028786,56.5583763485212,1.9925546533900143,105.31278686657568
06017031000,3.598841452815226,5.699618105471847,55.142737819680704,1.9925546533900138,91.59300708836976
06017031200,3.539036833833834,5.6577001381381375,55.01166261982301,1.9925546533900134,88.36536200137111
06017031301,3.594887796030871,5.720682926130099,55.610273134438,1.992554653390013,80.13113512553902
06027000800,3.5226423965317917,5.6411995410404625,14.702944467146963,1.9278143766359122,365.4524015105635
06111005700,1.64882,3.123012,32.6750430395,1.9836592168,102.67672182087009
06079010902,2.330516588652482,4.237693517730497,39.2391271600858,1.992271328490004,174.86756075281858
06079011101,2.2199623819444443,3.9944720555555553,38.647045192002736,1.992271328490004,169.82035915671412
06079011103,2.237460098765432,3.866807061728395,39.21042630960192,1.9922713284900042,169.58569729205163
06079010701,0.2961882700729927,1.4051224452554745,41.638601100488955,1.9777292020046762,9.355237556818272
06001400900,0.8088803278688524,2.706437229508197,24.313291130277037,1.9845928784999984,47.61904761904759
06001400700,0.8956452561983471,2.8559786694214875,23.740247571799966,1.9845928784999969,46.48268678756536
06001400800,0.7807583461538461,2.516484048076923,24.623311740788434,1.984592878499997,45.615078501074485
06001451602,2.8571294256559767,5.126081845481049,31.03971467049373,1.9845928785000102,151.7818012170456
06001400200,1.122421086419753,3.1597464814814815,26.859083973027154,1.9845928784999975,49.20641723376505
06017031504,3.5130729245283017,5.623902873515025,56.16221897097763,1.9963779533045014,86.1190641689309
06017030701,3.249932107692308,5.291702128571428,41.76867433208793,1.992554653390013,117.13953543458749
06111005901,2.7203929433962264,4.885745924528302,22.524537087737286,1.9836592167999938,262.4960211039572
06085509106,1.292564828125,3.23901940625,21.145530055212514,1.9845928784999969,98.3870702463037
06085509108,1.3276419008264462,3.2935760082644627,23.898844018590918,1.9845928784999969,95.51763194896355
06073014002,1.9031464779116465,3.8992955421686744,36.39671600922753,1.9781059053199923,392.12920294392154
06073014101,1.9266269010989012,3.840594186813187,35.55997197477142,1.9781059053199974,387.4030469413584
06073014102,1.6572994545454547,3.6041021428571427,34.6326136899286,1.9781059053200007,368.45145948652726
06073014200,1.9176630410958904,3.7925375479452055,34.76265407057278,1.9781059053199965,383.54108930149
06073014601,2.1246551836734695,4.027626979591837,34.58793408011502,1.9781059053200019,373.86507774556264
06073015704,2.4483198139534887,4.621106976744186,34.27480137070001,1.978105905320005,417.3817711780974
06073019501,1.80428164,3.47680388,27.778063581319955,1.9781059053200036,279.51834966540696
06001435200,1.4860841470588235,4.046389848739496,28.699441033228688,1.9845928784999962,75.96303901787809
06001410300,1.0557220259740259,3.4443304545454545,20.027352441845487,1.9845928784999978,31.24804157200119
06001409900,1.3482453976945246,3.787834809798271,25.098546208240553,1.9845928785000109,51.00986010923123
06073001600,1.9084057250000002,3.5025996375000004,24.946990789619974,1.9781059053200039,396.8037681758311
06073001700,1.948252243902439,3.5726546951219516,23.952476519996324,1.978105905320004,408.3890232878584
06085510801,1.275682,3.27094,22.441443079066573,1.9845928784999964,96.8253968253968
06085510802,1.275682,3.27094,19.93173267068823,1.9845928784999969,96.8253968253968
06085510803,1.2886788444444444,3.283297177777778,20.481330254657063,1.9845928784999969,97.78083771788044
06085510900,1.7553145020920502,3.7269663933054393,19.65439904932343,1.9845928784999962,128.20423015449003
06085511000,1.2150797566539924,3.1220746349809887,21.9094709305639,1.9845928784999975,77.77860376210782
06073019502,1.891189,3.642257,29.75103459079995,1.9781059053200045,292.06349206349205
06073019804,1.1550912411575562,2.377767646302251,34.071839345028025,1.978105905319999,139.184016998964
06073019805,1.358310357615894,2.7186911390728477,30.355412182259595,1.9781059053200012,189.79879909110292
06001421300,0.7868178461538461,2.4442494615384613,29.317534192853802,1.9845928784999967,31.652070763104525
06001450741,2.9099720634920634,5.447928742063492,29.756233250207636,1.9845928784999962,145.52930056774048
06017030504,3.7251668529411766,5.5964958300653596,28.610947313029392,0.9968611032359928,177.39340832720046
06017030709,3.29626087254902,5.36450331495098,48.830064362156534,1.9926610792804893,102.01878569745386
06017030807,3.3581002459459457,5.393507691891892,55.5449770465088,1.9966900594199932,87.15311788102116
06017031800,3.221098251838235,5.2807662040441175,47.93536679822519,1.9966900594199832,102.44037475376024
06001423200,0.7432,2.357813,27.895960416469247,1.9845928784999982,45.23809523809524
06085511100,1.3125294333333333,3.276160426666667,21.032125164104112,1.9845928785000042,85.87998313090687
06085511400,1.6827131506849315,3.6506596849315067,17.81901175975748,1.9845928784999964,119.20546482988414
06085512024,2.486922331125828,4.635848920529801,19.453007029376167,1.9845928784999967,156.84900753687506
06085512025,2.486477,4.635303,18.22945094589572,1.9845928784999967,157.14285714285717
06085512026,2.5013085802469135,4.661416839506172,16.649690162907977,1.9845928784999967,147.1838684706073
06001406000,0.7942344772727273,2.980545534090909,22.410428985250007,1.9845928784999975,47.364776850576625
06001423902,0.965358,2.886972,29.163152460799996,1.9845928784999995,43.650793650793645
06001443200,2.0894524665271965,4.334060094142259,25.836507671270823,1.9845928785000222,113.28363007277244
06001404200,1.0577243604060915,3.237667395939086,28.314206084805143,1.9845928784999964,49.21425639648376
06085509109,1.3249615,3.289764,22.73939587553693,1.9845928784999969,98.84262705644268
06085509201,1.4144401463414633,3.4204227134146343,23.066191032945163,1.9845928784999967,98.35232041930544
06001400300,0.9209424864864865,2.92741425,25.721144525738424,1.9845928784999967,48.314843158230154
06085512027,2.486911592592593,4.636148592592592,17.252118478903697,1.9845928784999969,156.1450185975803
06001427900,0.7632211999999999,2.9174972666666665,24.976559999000887,1.9845928784999969,38.888888888888886
06001421500,0.999109,2.849802,31.189077260699563,1.9845928784999964,40.58636390293832
06001407500,0.991197,3.279623,21.350739692300007,1.984592878499998,37.30158730158729
06001451401,2.9553871454005933,5.197429783382789,28.12849188615668,1.9845928785000095,152.75739990674836
06001443103,1.9626127380281688,4.297733645070423,25.46469960214052,1.9845928785000118,109.22329646091148
06001430600,1.347877188811189,3.9687926013986012,21.190930864940878,1.984592878500002,61.768178106128794
06001451300,2.908068421487603,5.267272201101928,31.26070453136475,1.9845928785000126,156.65981986880297
06001421600,1.0725833523316062,2.969249564766839,31.30411658230259,1.9845928784999964,44.9322723951177
06001408300,1.181894090909091,3.5830738181818185,23.340653243083665,1.9845928784999964,39.78676273304218
06001450607,2.889418220338983,5.506270587570621,30.253596322283652,1.9845928784999964,141.60340320677895
06085513500,3.141312886075949,5.295044898734178,38.081487120649385,1.9869012732754785,154.96030731958527
06001401800,0.653442,2.70130652631579,24.761207890299993,1.9845928785,45.30831062587299
06085509202,1.2342820361445783,3.1971230843373495,22.683670261741597,1.9845928784999967,86.76947260069699
06085509302,1.3675926766917292,3.3871495864661654,20.614128448399253,1.9845928784999969,101.23152205228244
06041101200,2.76357536,5.39741465,28.811472263939347,1.9845928785000042,139.81827289025233
06041117000,3.410023411585366,6.195493030487805,35.450752028533074,1.9845928785000084,150.33067179138382
06041110100,2.787171973737374,4.94602335959596,36.59446821334058,1.9845928785000233,105.1127170046703
06041133000,1.415163920034394,3.9534000369733446,42.594446826661006,1.9845928785000142,119.85418860452808
06041114100,3.3975915386533666,6.194756064837906,37.48149723932129,1.9845928785000164,153.1644452157475
06041124200,1.6230221775700935,2.752812635514019,51.939064404546286,1.9629540153388143,22.680468734444197
06041114200,3.320224548245614,6.216298460526316,38.0107932291777,1.9845928784999962,162.95688327195782
06041108100,3.1960044596273294,6.037497517598344,32.72672381077416,1.9845928785000224,153.435407482336
06041128100,2.6877885147928997,4.05382376331361,44.55447564600565,1.984592878500024,80.24797122756989
06041121200,3.1693477210682492,5.141286599406528,37.82301615667555,1.9492588806632134,134.22848243791248
06041126200,2.8854070496183204,4.450670053435114,42.022507803837875,1.954293750583966,122.12756138755928
06041110200,2.065682121301775,3.5889691449704144,40.614485444172026,1.9787213019364212,89.08956105754106
06041113000,2.6743776032,5.616404416,40.32066761735599,1.984592878500029,155.73330053765017
06001400400,0.9543159029126214,2.8820628349514563,27.033785535988297,1.984592878499997,44.036731512417575
06073021302,3.1201829801020406,5.371682635204081,51.21866750600854,1.9781059053199221,432.18610709547227
06073009504,2.501606784172662,4.5951341323741,38.2108461168821,1.9781059053200187,408.265915623521
06073019205,1.937968296137339,3.751177549356223,29.68619209278719,1.9781059053199932,295.80049190477837
06073017041,2.4147690119402987,4.610219155223881,34.838451307558,1.9781059053200016,342.58141854960917
06073017810,0.8724071216216217,1.9231872243243244,37.44751478193545,1.9781059053200047,40.69672920469876
06073020903,3.0268192752360203,4.854818625272331,38.57794035191086,1.9790611968641023,298.61019937984054
06073014300,1.953174,3.819742,34.559874113104904,1.9781059053199996,385.73909427769007
06073014500,2.0258423999999997,3.8749374666666667,34.25960303975873,1.9781059053200014,379.4521968586624
06073014804,2.2811366081871345,4.2234638654970755,32.29950564196719,1.9781059053199985,382.5155447366999
06073010800,1.230964,2.445795,36.612256907617684,1.9781059053200039,189.38633640028024
06073008902,1.5513694444444446,3.068202777777778,32.95668999399444,1.9781059053200005,274.0658076716349
06073007100,1.084275513595166,2.2463878670694863,38.35756644739038,1.948225151463203,89.57539238599743
06073006802,1.2005134857142856,2.340671504761905,35.432452905959,1.9781059053200045,125.45771125725972
06073020023,2.3807230169491524,4.383738254237287,37.52092612349243,1.978105905319993,308.6110175532394
06037533403,2.482846966101695,4.321898542372882,27.35159249509324,1.983659216800003,252.87438991024044
06023011000,1.9040108771186441,3.6444629830508473,18.004782248474374,1.9279417468700086,61.875569056579906
06001401000,0.87058,2.844835,22.205147760430325,1.9845928784999967,47.61904761904759
06085509303,1.272504369047619,3.254079380952381,23.17020300514285,1.9845928784999975,92.3105083914472
06073018803,2.1109820549048317,4.019689419472914,34.89418392800964,1.9781059053199719,346.2807524874435
06073013701,2.2064121355311355,4.211795501831502,36.589549324991374,1.9781059053199939,406.7924084335635
06073020904,3.3351162204450624,5.0431442475660635,54.982945780959774,1.983294589670601,248.5508554636724
06073016806,2.673757,4.897592,31.102830528627848,1.9781059053199956,388.88888888888886
06073019602,1.9906641722113505,3.8112559099804306,33.28081677352171,1.9781059053200132,305.4032300148353
06073019203,1.94165,3.75975,30.257330146322236,1.9781059053200087,295.93687989186486
06073021204,2.9690639731182795,5.199500138590203,61.89056186400427,1.9781059053199417,352.4180901163691
06073003207,1.4340375633270321,3.342037395085066,32.822782269911485,1.9781059053200136,334.0587834756761
06073019107,3.1443468343023255,5.282799452034884,50.02123992857895,1.9781059053200187,294.4279015174919
06073008347,1.937875812244898,3.897794514285714,31.587437521624487,1.9781059053199925,282.0598816724353
06073013702,1.9199620382165605,4.005359394904459,37.607398623635625,1.9781059053199994,391.0627828401494
06085512402,3.1385215509828006,5.292810540540541,35.93978706547357,1.9922524625195135,153.11978347901976
06007000501,3.523051551643192,5.792598171361503,52.30347523018583,1.9925546533900096,115.82212308386671
06007000502,3.550306,5.800152,52.009801538006116,1.9925546533899974,111.9047619047619
06019004218,3.778863136288998,5.893903952380953,51.59021362893311,1.9990991335185015,192.9533681316077
06019005528,3.8899518055555555,6.039239555555556,35.31627036587294,1.996690059419998,192.74854239686428
06047001601,3.335484168067227,5.192780453781513,55.26825652555374,1.996690059419996,153.6103050788549
06073003103,1.607534,3.554952,33.10839843901339,1.9781059053199923,361.20724083479246
06073003105,1.6421844258064515,3.620389316129032,35.3805280976225,1.9781059053200007,379.17267499117503
06039000509,3.9234212803030304,6.074437201298702,41.41144614315278,1.996690059419968,168.23635111899316
06053012200,0.597942,2.548284,51.95689607061449,1.9922713284900035,12.698412698412696
06103000701,3.623876,5.847839,37.85036243428906,1.992554653390008,104.46565997037612
06103000702,3.6438298395415476,5.866366406876791,39.96336666551834,1.9925546533900083,109.39372504086155
06103000202,3.65609492599445,6.093573825624422,32.0935227530168,1.9925546533899925,110.25790110806253
06103001102,3.627916818181818,5.840809466200466,66.36662446060684,1.9925546533900096,87.86250063710196
06103000201,3.57291311928934,6.0050619111675125,23.596666384097556,1.9925546533900125,100.94847305118223
06029001700,3.1103558705501615,5.120001213592233,31.180304226431623,1.9991352696299982,282.47308673316286
06085505304,1.51655,3.421396,17.768751267038493,1.9845928784999967,87.30158730158729
06085505305,1.51655,3.421396,18.00062258448573,1.9845928784999964,87.30158730158729
06085505401,1.51655,3.421396,18.162974053345085,1.9845928784999967,87.30158730158729
06001401400,0.87058,2.844835,22.16478470304896,1.9845928784999973,47.61904761904759
06073013505,2.018150674418605,4.113577147286821,42.08346917364619,1.9781059053199919,386.7416517547953
06111005306,2.014223,3.787019,31.14372426944745,1.9836592167999947,175.39682539682536
06111005403,1.8500567840909092,3.477058693181818,33.08951430353414,1.9836592168000002,160.171437592624
06111005404,1.930084,3.635294,32.68175632504843,1.983659216799996,157.14285714285717
06111005502,1.8203908842975207,3.4167931983471074,32.709810062547874,1.983659216799998,161.03332204887806
06111005503,1.83456125,3.44073053125,32.512110897495575,1.9836592167999967,166.974789296556
06111005504,1.856033,3.485782,32.44252048047409,1.983659216799996,168.25396825396825
06073005000,1.326795,2.711433,34.53258542958861,1.9498472495297177,253.27636127040728
06073014803,2.211378675324675,4.1682779805194805,33.659161960577926,1.9781059053200007,378.0031963999371
06073003003,1.875205111111111,3.729843232323232,32.204607672939204,1.9781059053200067,377.3954878070712
06073015802,2.438028,4.600826,30.525804746788474,1.978105905320005,414.28571428571433
06073017106,1.5723761729957806,3.031450134083451,29.564355441106656,1.9781059053199261,194.98489525819417
06073016902,3.006720554425229,5.314409664292981,40.13855757821102,1.9781059053200236,367.8636849376493
06073017010,2.6143074733096086,4.830206711743772,43.171261651442386,1.9781059053199952,350.03803052362844
06073016811,2.8434777027027023,5.06570927027027,40.116167012854895,1.9781059053200014,354.93675781687364
06073008313,1.447372,2.814609,35.150862900772545,1.9781059053199939,166.55327968950422
06073018700,1.5500383193997858,3.3246144528403003,33.62084374249212,1.978105905319928,270.1798901439428
06073019701,1.6027433627118643,3.1347080305084742,28.44821252485657,1.978105905319997,232.99225127537636
06073020708,2.3694563297297297,4.4760288540540545,33.50083617107796,1.9781059053200047,341.6486327327144
06073020405,2.290572418402778,4.35243740625,39.0324362346415,1.9781059053200154,323.4150220801321
06085512029,2.650640840909091,4.826809132575757,17.0191432291212,1.9845928784999978,152.6778994333587
06001423601,0.965358,2.886972,29.0897572465183,1.984592878499998,43.650793650793645
06001435102,1.4767679217687075,3.9590304353741494,28.503476875608502,1.9845928785000033,80.81602578775156
06001431200,1.373493361344538,3.9446030420168063,19.631822127144517,1.9845928784999962,64.92053129734796
06001440332,1.229093,3.487165,27.559497988408726,1.9845928784999969,79.11456661302499
06001404400,1.4063108379746836,3.663624324050633,33.12018688923366,1.9845928785000158,60.9815643584448
06001404600,1.3667154947916667,3.67240271875,33.18287341364523,1.9845928785000149,57.55136816284864
06001406700,1.06394,3.392112,26.68647746034174,1.9845928784999962,46.82539682539681
06001436500,1.2941293773584905,3.7813310125786166,20.388545506944666,1.9845928784999967,65.20466845335817
06001430800,1.474745203319502,4.115010419087137,28.033939791982178,1.9845928784999962,64.87819829791309
06073006801,1.068695,2.159595,36.07707390481406,1.9781059053200027,39.68253968253967
06073009802,2.331276,4.312675,32.20937580741371,1.9781059053199928,384.1269841269841
06073018801,2.159247042437432,4.167201248095757,46.478739587906034,1.9781059053200227,315.43631069968654
06073013906,1.9097285,3.913117563063063,36.52017465478567,1.9781059053199939,392.20036852590835
06073002301,2.0039621836734693,3.679651,24.766870502499994,1.978105905320002,403.02192315681873
06073002302,1.9563269705882351,3.5836981764705884,24.766870502500016,1.9781059053200034,403.42825206031733
06073002401,1.79673,3.273065,23.903890255221015,1.9781059053200039,344.4444444444444
06073002402,1.79673,3.273065,23.639702702314047,1.9781059053200027,344.4444444444444
06073002501,1.79673,3.273065,25.10834691982723,1.9781059053200039,344.4444444444444
06085512030,2.685037,4.873459,17.170552100219403,1.9845928784999967,156.34920634920638
06073002705,1.879245,3.580816,27.784385141639646,1.97810590532,366.66666666666663
06073002707,2.0312037719298246,3.7540045964912276,24.766870502500005,1.9781059053200027,388.04127044546874
06073002708,2.041479079365079,3.7657154444444445,26.73340712816666,1.9781059053200032,387.0627629787048
06073002709,1.879245,3.580816,25.255374664581925,1.978105905320004,366.66666666666663
06001401100,0.87058,2.844835,22.19918305057792,1.9845928784999973,47.61904761904759
06073003114,1.607534,3.554952,33.21307928100595,1.9781059053200047,361.1111111111111
06073003115,1.6133215172413793,3.565881724137931,33.86105110867191,1.9781059053199954,364.80799307742313
06085512034,2.740568,4.950994,25.138026600048374,1.9845928784999969,161.11111111111114
06085509304,1.0061554653465345,2.9235031683168318,23.251107717819785,1.9845928784999973,84.13722111850723
06001401200,0.87058,2.844835,22.003046994241764,1.9845928784999978,47.61904761904759
06001401300,0.8651871724137932,2.848170264367816,22.233152277291918,1.9845928784999975,47.644279498385
06037134305,3.1884176666666666,5.505811666666667,18.241594659300002,1.9836592167999998,284.6370137703209
06037920020,3.2622838663101605,5.372573986631016,33.45510514761966,1.9836592167999942,307.1999727984324
06037910706,2.906053543554007,4.81464974912892,19.92132699890142,1.892840162840002,466.64660394528494
06037910601,3.1530461399317407,4.968268631399318,19.060072333923195,1.892840162840002,499.4159101187798
06037910804,2.995334692431562,4.989063814009662,26.540713866358082,1.983659216800021,367.85108399427634
06037575102,1.993837,3.768257,27.6764567426,1.9836592168000018,210.3174603174603
06037543201,2.125013,3.79146,24.697507998116993,1.9836592167999976,259.5238095238095
06037553602,2.2652705569620255,4.0849710506329115,33.18351293260002,1.9836592168000011,277.08697673410705
06085511702,2.1646170326797383,4.3786760490196075,26.184327041732043,1.9845928785000053,161.44050279219437
06085511905,2.937608893258427,5.223013696629213,22.8290072823949,1.9845928784999964,158.1183384935579
06085512505,3.129551007575758,5.453233109848484,31.695361663605404,1.9922713284900047,153.3173785011294
06041112100,3.0672647000000004,5.344953599999999,34.41022310696409,1.9845928785000027,115.17846070390618
06041103100,2.8337453370044052,5.86501088876652,28.316465920473394,1.9845928785000364,171.1845303781981
06041104300,2.590280375690608,4.588014685082873,30.42329503480281,1.9845928784999964,105.83167137264208
06041107000,3.1213942253521125,5.99721252112676,30.08064150006253,1.9845928785000233,163.56177295097493
06041118100,3.4308752297979797,6.054785494949495,34.495378454208044,1.984592878500016,131.58901444712862
06041127000,3.4951389336188434,5.595949535331906,39.8528175145049,1.9845928785000215,138.8395718913714
06041116000,3.50333,6.317581,36.34427156193973,1.9845928784999964,156.34920634920638
06041124100,2.324199170642202,3.6587509009174313,44.006646781909865,1.9408954206247953,102.70178924541808
06041132200,0.7983403268608414,3.315905289644013,50.696197857668544,1.9845928785000289,97.60942633912865
06041104102,2.8327974708737864,5.730228257281553,27.473314132021354,1.9845928784999964,135.688682795768
06041104200,2.9581059478764478,5.845436913127413,28.800084637526457,1.9845928785000242,153.14226815771912
06001402900,0.753286,2.917377,22.88584067457143,1.9845928784999993,48.4126984126984
06037620001,0.9379043142857143,2.1362561,24.37210815029996,1.9836592167999973,52.74869909691243
06037535604,2.283891,4.039457,22.878521428559985,1.983659216800003,250.7936507936508
06037532900,2.365302547368421,4.140926968421053,20.2648953895,1.9836592167999996,238.64483013707888
06037400501,2.965476949438202,4.974802154494382,27.227618469555534,1.9836592167999945,189.84424914237636
06037401303,2.946007489361702,5.011743313829787,25.5575176555085,1.983659216799996,280.12988459212943
06037401304,2.9392356968325792,4.999632484162896,23.710067589084474,1.983659216799994,277.35030014456515
06037576302,1.963127,3.762110111111111,30.180582144799992,1.9836592168000016,169.60044718366618
06037460401,3.0295860487804878,5.180662146341463,32.39146763793172,1.9836592168000007,209.4926614010179
06037910002,2.806001488811189,4.737564283216783,21.805923084961588,1.8928401628400022,390.7531675622728
06073001900,1.931964696969697,3.550651557575758,21.950344806233943,1.9781059053199994,403.58571590659426
06073002001,1.957387,3.584995,21.80901368452275,1.9781059053199936,411.9047619047619
06073009509,2.212637635761589,4.1287928609271525,25.566949838529823,1.9781059053200012,375.7457480633362
06073010012,1.6450717142857143,3.314072714285714,20.89566479569999,1.9781059053200039,237.82186798650153
06073011902,1.474409392857143,3.2786405714285713,31.802288337800487,1.978105905319996,318.7857020406818
06073012401,1.0170062051282052,2.5607806666666666,34.882482263648754,1.9781059053200039,142.85873655659677
06073013903,1.71581824,3.6966722400000003,36.92070847688922,1.978105905319998,379.703451584266
06073014400,1.9512245862068964,3.8637929655172414,35.320887419214706,1.9781059053200047,388.1326019938764
06073015200,2.2216475098743267,4.218126104129264,34.873958793793655,1.9781059053200147,406.8686123011989
06073015301,2.39856975,4.564800416666667,34.48515394204369,1.9781059053200043,413.1515994653229
06073015405,2.342964974003466,4.552625128249567,45.73969981057876,1.9781059053200154,394.5002699333338
06073016809,2.7722559461077845,4.981308419161676,43.208500908849345,1.9781059053200014,380.3361556763513
06073016901,2.7953204964726632,5.06228914021164,30.44960171778153,1.9781059053200054,389.1264652580301
06073017044,2.3347777740585776,4.4241137196652724,32.8734800972607,1.9781059053199928,392.6007425267706
06073017046,2.304078460251046,4.389798941422594,34.48929505879991,1.9781059053199928,363.6898743985849
06073017049,2.5437884959016395,4.740246614754098,38.23004729522013,1.9781059053199925,380.30558872711663
06073008310,1.2098029738317757,2.437709158878505,36.0370971722085,1.9781059053200138,154.61847130121467
06041122000,2.99359702631579,4.716752447368421,33.56709641440267,1.932366750118419,115.57068976377172
06041123000,1.065396900414938,2.077234282157676,51.54627173842772,1.7704874227282126,9.395631389108036
06041125000,2.5332509145907474,3.7970877580071174,45.85960583788929,1.8362781082206376,106.58597587946514
06041115000,3.3828959624999997,6.256994541666667,36.60341285812149,1.9845928785000322,159.07704351033811
06001441924,1.7421340714285714,4.117903042857143,27.283662047478074,1.9845928784999964,100.34048993657414
06041103200,2.8872041476635513,5.844078239252337,25.512221156972362,1.9845928785000253,139.3211735632267
06041101100,2.4753365177065767,4.61654734232715,32.060611357945014,1.9812461788735523,137.3973572496884
06041119100,3.371905528548124,5.953308045676999,34.05353834217462,1.9845928785000286,127.15068733095856
06001440100,1.769923424528302,4.22018379245283,31.64009761314905,1.984592878499997,106.84315406808582
06001451601,2.853027,5.115103,29.913622322549507,1.9845928785000142,152.42509779611467
06041121100,3.3379908597402594,5.430446015584415,36.25942359780962,1.9845928785000149,143.86693243303912
06041126100,3.4170622910798123,5.44499527230047,40.010439242813185,1.9845928785000184,135.67559463769533
06041128200,3.0302378025316457,4.539302602531645,42.77017076819753,1.9845928785000158,124.07154492828492
06073015100,2.391803196,4.451912224,32.007724816965606,1.978105905319992,379.61625492786646
06073016608,2.678222425531915,4.895472184397163,27.432771166685146,1.978105905320003,397.55497178112097
06085509401,1.4524533882352941,3.4946015529411767,19.174802998128207,1.9845928784999975,109.08753377563498
06085509403,1.725721,3.838695625,19.616431883504678,1.9845928784999982,126.81926393772268
06085509404,1.728156490909091,3.8434373272727274,18.86282686722269,1.984592878499997,127.12702877243883
06085509500,1.4680142835820895,3.4907007462686566,21.20062866905451,1.9845928784999969,109.1321236115002
06085512005,2.489250762541806,4.638703287625418,19.518295013368917,1.9845928785000042,156.57376336602454
06073020021,2.175066388888889,4.043607474747475,32.3011045718799,1.9781059053199959,290.9090630466631
06073020024,2.488379520361991,4.540278484162896,37.60429474371215,1.978105905319994,316.9759609031686
06073020025,2.440345824468085,4.474225308510638,36.87217664874525,1.9781059053199967,314.9115395446874
06073020106,2.6759294774774776,4.819768310810811,31.9733550469864,1.9781059053199939,338.9023316480004
06073009103,1.544663512315271,3.284811054187192,35.13279182952743,1.9781059053199954,237.58355432928929
06073008328,1.5719911130063966,3.121145639658849,28.12707679170788,1.9781059053200112,195.81964027194448
06073006500,1.3683982474226806,2.6416725154639176,33.517949211208276,1.9781059053200043,191.4091643439505
06073008305,1.3767118823529412,2.7925502352941174,35.387209797864706,1.97810590532,140.06502809761358
06073004501,1.326795,2.711433,31.685681716340003,1.978105905320001,264.03082992353796
06073003204,1.3229198996415772,3.132023670250896,32.14851701829665,1.9781059053199948,267.31389296099707
06073016609,2.612862902654867,4.789836101769911,28.052009446669878,1.9781059053199936,406.30344993758354
06073020108,2.653427,4.801565,29.55114444217539,1.9781059053200047,340.4761904761904
06073020109,2.665072769230769,4.824180192307692,29.180232645615312,1.978105905319995,342.0161283940761
06073020202,2.6518371507936505,4.799755761904762,27.21130510812938,1.978105905320005,341.0910789247505
06073020206,2.7080899734513277,4.907716309734513,30.538869246459342,1.9781059053200047,347.39237528634374
06073020207,2.713985,4.919164,28.35355419374049,1.978105905320004,348.41269841269843
06073013504,1.8781796744186048,3.9596875255813955,39.61496052172716,1.9781059053199945,388.04881098829526
06073013605,2.2487556896551726,4.429747929535233,40.93817531145101,1.978105905320018,399.6499755471683
06073020015,1.6060316807017543,3.1085833298245613,34.312536139955384,1.9781059053199956,206.88317277517095
06073009706,2.233530344262295,4.138696816029144,28.849195321431637,1.9781059053200145,381.5143388013992
06073015406,2.463580887912088,4.6293678527472535,50.52786291325245,1.9781059053200105,392.310338643848
06073019702,1.797918196162047,3.4877089829424306,29.328428974988242,1.9781059053200112,269.09014300242336
06073019601,1.9321015502512562,3.7116253291457286,33.13790673608828,1.978105905320007,297.06577269931086
06073017047,2.35275042519685,4.44141425984252,35.98022049266523,1.9781059053199919,399.1139514428799
06073009704,2.2438515740181266,4.159428024169184,27.60397838832638,1.9781059053200012,381.1675472863254
06073015501,2.77111900436205,5.00786578516903,55.7905294895075,1.9781059053200227,374.593560921209
06073019303,1.799842515933232,3.501419827010622,28.295412484249827,1.9781059053200178,278.2154005869916
06073019208,2.2215598620320858,4.1591004534759355,40.24303836525064,1.978105905320023,345.75459616193285
06073020807,3.1989597583011586,5.47097195984556,46.93112563186734,1.978105905319981,301.2963984812386
06073003401,1.8343916624472574,3.463287135021097,27.25730581436256,1.978105905319993,354.487079993527
06073017033,2.0455789249011858,4.030190284584981,29.66173613991767,1.978105905319992,292.0642987620049
06073020305,2.5764125862068967,4.661218612732096,36.62727383056787,1.9781059053200054,323.2602246208377
06073020902,3.235230219551282,4.899386852564103,44.55728739021914,1.9784514907698572,270.64194456703245
06073020710,2.3902158150943396,4.478103264150944,39.38326559347075,1.9781059053199928,332.7062351908321
06073009502,2.291248,4.246502,33.45242577647725,1.9781059053200007,400.7936507936508
06073002601,1.80618484375,3.3083281354166667,25.268414163699973,1.9781059053200043,348.1658669333691
06073002710,1.879245,3.580816,26.876548819749967,1.9781059053200043,366.66666666666663
06073002801,2.0383155106382977,3.7494681914893615,23.793197627405323,1.9781059053199967,392.85250513844744
06085509600,1.433071,3.443515,21.119369453429716,1.984592878499997,107.14285714285715
06085509700,1.433071,3.443515,20.757685973548664,1.984592878499997,107.14285714285715
06085509802,1.510231283464567,3.5459844173228343,20.024604115434663,1.9845928784999969,111.97717134858648
06037143902,2.807136,4.996877,23.53596832312939,1.9836592167999951,252.38095238095235
06037141700,2.872113045045045,5.058766837837838,23.802579959966348,1.9836592167999945,253.58385308761177
06037311500,3.0110713543689323,5.160082796116505,29.616223896190398,1.9836592167999958,244.36275275038895
06037123420,2.9481247560975605,5.15231243902439,27.603243184963414,1.9836592168000007,301.7894541608036
06037134101,3.18543290647482,5.472501446043165,17.88311720530005,1.9836592167999973,331.3573951731605
06073002905,2.108892,3.938018,30.752580017167695,1.9781059053200039,371.42857142857144
06073003201,1.2617028280254776,3.086413656050955,32.75012846107008,1.9781059053200003,313.97131329735913
06073003202,1.2225384491017963,3.0159449341317366,32.619533144798744,1.9781059053199992,296.8571625100769
06065042622,3.1302586666666663,5.05362,28.240056300508282,1.981431767889995,391.0169626435248
06065042724,3.162250004901961,5.06652162254902,26.77460980888001,1.9814317678900009,424.54777139972686
06065042728,3.0972704162895925,5.076359737556561,30.309528168705885,1.9814317678900009,415.9669613435212
06085509901,1.9552398260869566,4.129329956521739,22.49868405837106,1.9845928784999969,144.0881919481197
06045010100,3.261100907504363,5.415434291448517,29.43198742814545,1.9279417468700046,121.3799639192958
06073020019,1.8657146128133706,3.5552497493036213,27.761132682643865,1.9781059053200039,247.2449698001965
06073010005,1.584193225165563,3.2093379205298014,20.891771993568867,1.9781059053200012,220.55503929356468
06073015602,2.5205966651480636,4.700233487471526,44.73315257014382,1.9781059053200096,404.61677358496786
06073019103,2.665566908955224,4.892869545771144,50.985232105863155,1.9781059053199193,371.0173455885044
06073013801,1.9983777526132405,3.9790042160278745,36.4666047605748,1.9781059053199959,386.6753324102937
06073008346,1.781451676470588,3.6289166764705882,33.06257199083611,1.9781059053199939,258.2775428712951
06073020105,2.6206945315315315,4.722221112612613,35.825236173221654,1.9781059053199939,341.1258654947425
06073016807,2.7014291834532376,4.939658097122302,34.004529829538875,1.9781059053200147,387.4101283826071
06073018904,2.3983637106109326,4.53444638585209,45.137032787909085,1.978105905319999,312.4327678128045
06073009400,2.108872037037037,4.078223333333334,38.643988129209546,1.978105905320004,364.047833480734
06073008324,1.0660327663316582,2.177222002512563,35.99277519681626,1.978105905320007,52.12002881888429
06073008312,1.3615878366197183,2.706791149295775,34.621807624669735,1.9613895173877214,85.02157987700657
06073017403,1.242471958549223,2.5016282901554407,34.91094394570875,1.978105905320006,133.9164641409232
06073016616,2.462519821917808,4.578057342465754,27.048507978895515,1.978105905319994,397.6064133667056
06073008311,0.897279,1.828218,36.40931775282908,1.9781059053200019,16.895851693319752
06073002002,2.012403935714286,3.6968074,23.394704889065753,1.9781059053200032,399.2140192361949
06073002100,1.957387,3.584995,22.65818418548079,1.9781059053200047,411.9047619047619
06115040100,3.3866112839116718,5.5169438170347,27.63812595606354,1.9925546533900074,75.97708112721742
06115040800,3.3652042079866886,5.331637792013311,30.875628310814882,1.9925546533900116,103.19648738062766
06115040902,3.407741859832636,5.348449868200837,28.438195311937914,1.9925546533900103,100.08556778145032
06115040901,3.410027007670182,5.39957952924257,40.4726911403633,1.9925546533900134,96.20128486267356
06115040400,3.25405026875,5.254386097916666,29.949952376765353,1.9925546533900103,80.46069207382698
06065041804,3.0732203966101697,5.098245081355932,33.23528504033071,1.981431767889994,312.6852057475988
06065041805,3.0599100772946857,5.1064878743961355,32.834617569910726,1.9814317678900009,309.2851800452497
06065041807,3.057121,5.114479,31.767492572376124,1.9814317678900006,306.34920634920644
06065041808,3.100972943342776,5.1268627393767705,30.998013668701613,1.9814317678899858,306.3996157648352
06073002201,1.957387,3.584995,23.331483873699998,1.9781059053200014,408.3504932124254
06073002202,1.957387,3.584995,23.331483873700012,1.978105905320002,407.5751130267776
06037301000,2.9716215215311004,5.060405660287081,30.429516160884233,1.9836592167999958,226.59723096188273
06073018511,1.1247064037558685,2.3333435633802817,32.23707305274732,1.9781059053199945,117.23317424682298
06073018516,1.486532,2.923505,27.716100440740938,1.9781059053199979,219.0476190476191
06073018903,2.402293782608696,4.53982407312253,46.396725536399224,1.978105905320013,312.12669412332684
06073018905,2.2602804272445822,4.330276690402477,44.08258605881669,1.9781059053200003,312.42780171939813
06073018906,2.221484880851064,4.272869617021277,44.01233781669109,1.9781059053200112,311.2878509724234
06073019105,2.6984277099879663,4.883781823706379,51.45146563327924,1.9781059053199426,368.7410094359319
06073019301,1.6912523509174313,3.3045408623853207,25.615259170813406,1.9781059053200094,261.37759943883697
06073019403,1.6974903038869258,3.2764148445229684,27.278855624980547,1.9781059053199954,262.9004225584747
06073019902,1.8885593891050583,3.6369814163424126,29.652724224770708,1.9781059053199919,274.7910705504711
06073019904,1.7682295217391304,3.442295139130435,28.93079823474523,1.9781059053200107,259.22107180457954
06073019905,1.7662727316017317,3.42450638961039,27.926483645509503,1.9781059053199934,251.18341197339916
06073020107,2.689373814814815,4.830644066666666,30.65663554832023,1.9781059053199934,338.05190172126026
06073020401,2.281134803212851,4.3243588192771085,41.54081448088055,1.9781059053200125,316.0768870583547
06073020404,2.394278722972973,4.438519288288289,39.75846608059607,1.9781059053200098,345.86285555728557
06073020705,2.530051982543641,4.692341047381547,29.383614187001974,1.9781059053200072,366.89132146449225
06073020805,3.290624655063291,5.5880387088607595,34.448721783979984,1.9781059053200172,375.4729682731985
06073020806,3.280188186170213,5.5773084539007085,36.220292704594605,1.978105905320015,370.8897548432596
06041129000,1.69561809375,2.670897765625,45.787822883999986,1.9845928784999982,54.31100055172509
06041132100,2.2346903658536585,3.5166143885017425,48.99812339154775,1.894698427557516,105.9309348174698
06041102100,2.8931287887323944,5.83447744600939,27.12356247212822,1.9845928784999964,150.0419679345895
06041106002,2.9485500738786277,5.351196343007915,32.88158322295661,1.9845928785000142,112.82767599827878
06071000821,3.193729553846154,5.341089738461538,28.232053449561494,1.9814317678900006,327.6386113610449
06037620301,0.7785485035460993,1.8864215957446808,27.049266881600026,1.9836592167999973,35.714285714285694
06037540502,2.25196,4.000517,25.787925568778093,1.9836592168000007,273.8095238095238
06037242600,2.15317036,3.8502661600000003,21.08339042298799,1.9836592167999998,240.79703759861712
06073000100,1.4993133248730965,2.929416228426396,32.48336795971511,1.9781059053199959,247.1042316742216
06073016610,2.60136,4.778377,26.989524857995907,1.9781059053200019,407.1428571428571
06073016613,2.5491411,4.638423744444445,28.767778405652198,1.9781059053200043,387.4878570638829
06073016614,2.5884854916201117,4.760272,27.599334052707267,1.9781059053199976,404.4420879571045
06073016615,2.5409737363636364,4.693457772727273,25.986504169121766,1.9781059053200047,404.2803610277258
06073017020,2.4448146217552535,4.578818102595798,46.61728674507568,1.9781059053200212,322.7389060629622
06085508602,1.4710271161290323,3.4515242774193546,21.266317917734153,1.9845928784999967,98.39875683682368
06073003107,1.66348,3.660606,35.935901961060345,1.978105905319995,387.3015873015872
06073003108,1.66348,3.660606,36.07900458896096,1.978105905320005,387.3015873015872
06073017809,0.9073069193548386,1.9726079086021506,35.31224843478758,1.978105905319997,63.54052474368036
06073018612,1.7340387302904565,3.37074712033195,27.815104792075143,1.9781059053199928,291.7693659492741
06073019503,1.8348119700598804,3.5349271317365267,28.76060698076763,1.9781059053199992,285.14804199786886
06073020208,2.713985,4.919164,31.519166635186536,1.978105905320004,348.41269841269843
06073020209,2.713985,4.919164,33.56534396657982,1.9781059053200047,348.41269841269843
06073020210,2.713985,4.919164,35.34996213314636,1.9781059053200039,348.41269841269843
06073020211,2.6678795705521474,4.831617932515337,28.18986175623936,1.9781059053199996,343.4530262267683
06085509902,1.8164410966542752,3.9526332750929365,21.29848542367436,1.9845928784999987,133.40314310497456
06073017306,1.2135656809338522,2.475046614785992,27.680546471074468,1.9781059053200132,99.69573953987602
06073008350,1.905147559090909,3.799482418181818,34.275829978106174,1.978105905319994,276.82843092108965
06065044804,2.5265406225165563,4.548535854304636,27.474461539200064,1.9996704373900003,371.6054884906547
06073002803,2.052478,3.778251,25.602739557657447,1.9781059053200019,389.6825396825397
06073002804,2.052478,3.778251,26.752959288212335,1.9781059053199956,389.6825396825397
06073003001,1.6551025227272727,3.4413686,29.806464731768738,1.978105905319994,348.63944542498143
06073003004,1.5882008625000001,3.477599375,31.72061081636383,1.97810590532,349.94904948264076
06073003101,1.56516,3.385412,31.40792335503338,1.9781059053200023,336.50793650793645
06037401201,2.947719004347826,4.974138469565218,24.907283267935654,1.9836592167999954,243.2862217830987
06037401202,2.928471908296943,4.956033567685589,22.754722306758964,1.9836592167999954,257.1428571428571
06037401203,2.928367,4.940407,21.27521985064758,1.9836592167999951,257.1428571428571
06037401311,2.954713881355932,4.987768129943503,25.343748589459985,1.9836592167999945,258.697322789861
06037401312,2.93055213671875,4.966944578125,23.5578373118929,1.9836592167999951,259.72667376298693
06037403401,2.9378118508474573,4.998366186440678,24.01510407117515,1.9836592167999947,284.98805776984005
06059021824,2.7681321830985914,4.77764558685446,25.46675392092964,1.9824879760585887,240.4761904761904
06059021829,2.751981052631579,4.759994385964912,21.852946218741973,1.9836071127319246,245.86480132116225
06079011300,2.128994862579281,3.766349689217759,35.63490061274842,1.992271328490005,177.63517629494328
06079011400,1.665412,3.269813,36.48865811074713,1.9922713284900015,151.58730158730157
06073016617,2.488213897959184,4.622411591836735,25.611100542406717,1.9781059053200019,404.1624487757328
06073016804,2.8124935847750865,5.090395519031142,35.28291359011337,1.9781059053199963,369.6021149408252
06073016810,2.7719185764192136,5.036387148471615,35.784011821184734,1.9781059053199934,379.952617746595
06073017006,2.377893,4.524441,44.49934410411441,1.9781059053200019,319.8412698412699
06073020601,2.453106,4.573601,30.142540809174434,1.9781059053199994,372.22222222222223
06073020602,2.4644538352059926,4.588535786516854,28.97764541125694,1.978105905319993,370.60153856348256
06037408800,3.041020986013986,5.147084552447553,26.591781766041226,1.9816809929428676,299.7239910186596
06073020707,2.4542004405594406,4.575789846153846,31.58771264497277,1.9781059053200025,372.1729068066519
06073008339,1.5480228333333332,3.181690925925926,34.791043771061084,1.9781059053200025,142.1845234203734
06073013412,1.4785565,3.2924146466346156,30.508363648404274,1.978105905320008,265.1113112815861
06073020403,2.419078362745098,4.5334924673202615,34.16006936249766,1.9781059053199983,359.26586269966
06073021304,2.7149779182320444,4.942114166850828,55.97810725874888,1.9781059053200225,426.47109478132506
06069000100,2.7220452529411765,4.896484712941176,33.26655548478819,1.9922713284900053,166.39909497065793
06069000200,2.222917136908517,4.361343072555205,34.99912710453189,1.9922713284900053,154.08208793565095
06037433601,2.803102,4.748678,32.66475631429316,1.9836592167999971,229.36507936507937
06065045000,2.503309146953405,4.414680853046595,28.026587343238788,1.9996704373900107,405.2275938081825
06079011901,0.395722091503268,1.6025662777777778,37.50315211581382,1.9922713284900049,77.65433722074121
06019007500,3.659437732142857,5.704969310714286,65.20143695247269,1.999135269629974,214.3309158287806
06019008000,3.173366839572193,5.128645467914438,11.809410704589881,1.9991352696299916,265.155854928446
06073017009,2.5061160444444446,4.718434822222223,39.47247791474227,1.9781059053200039,345.6209625952569
06073017014,2.266779939086294,4.36089488324873,40.99336388013464,1.9781059053199959,310.7115155928369
06073017018,2.153757669902913,4.227918631067961,28.04535208318641,1.9781059053200045,313.3293457896049
06073017021,2.6389088363636364,4.900873551515152,48.94630771025845,1.9781059053200214,328.21642858065553
06069000400,2.750642828685259,5.024920091633466,33.77074776125397,1.9922713284900047,166.4787491287423
06037401500,3.0191842337662336,5.076712536796538,27.106545801701365,1.9836592167999954,287.6012789525586
06037401601,3.0218354234875444,5.071750939501779,27.393490795876698,1.983659216799995,294.5492186157427
06037401602,3.023124,5.073564,27.368970566840737,1.9836592167999956,296.031746031746
06075026201,-0.011684,1.684566,14.73547081593846,1.9845928784999989,-3.972394730554385
06075026202,-0.011684,1.684566,14.191945812500002,1.9845928784999993,-3.968253968253975
06075012405,0.295238,2.1915103125,21.671598483337497,1.9845928784999993,6.5510438409190455
06075020101,0.297988,2.209838,20.650028562400013,1.9845928785000007,7.142857142857139
06075017603,0.297988,2.209838,20.650028562400006,1.9845928785000007,7.142857142857139
06075017803,0.297988,2.209838,20.6500285624,1.9845928785000004,7.142857142857139
06075012503,0.253988,1.916595,22.2845404359,1.9845928784999993,3.2232722665630185
06075017804,0.38089431111111116,2.2771713333333334,21.159164510686672,1.9845928784999993,5.100360653004087
06037403402,2.945034,5.008585,24.233028448231956,1.9836592167999965,284.1269841269841
06037403404,2.9430195486381323,5.008166805447471,24.196947311913174,1.9836592167999951,283.5298295500846
06037430102,2.8769426818181816,4.8696192878787885,28.922466680452374,1.9836592167999976,217.71240426946872
06037434001,2.738754,4.718559,34.26982109080864,1.9836592167999982,260.3174603174603
06037463200,2.926122042105263,4.955331768421053,33.16700659218627,1.983659216799996,234.8152483481576
06037463300,2.957702,4.985042,33.47948930719366,1.9836592167999998,227.77777777777777
06037463400,2.957702,4.985042,33.375226237090075,1.9836592167999954,227.77777777777777
06037463500,2.951247220588235,5.008375492647059,32.85274177014998,1.9836592167999976,229.41636280134617
06037463700,2.945906960784314,4.992600862745098,32.55725061090925,1.983659216799997,224.95857041160173
06063000502,3.166252647776809,5.765810154315606,31.622193820304826,1.9925546533900136,135.79226747943224
06063000501,3.4710209067599065,6.009110785547786,20.475786032580018,1.9925546533900096,132.6233725776878
06101050701,3.3475825454545456,5.46296999577167,32.8838338378239,1.9925546533900103,104.3826438025801
06079011800,0.6380651091269841,1.8209013234126985,43.18773559318738,1.9922713284900053,108.78881708961084
06079012502,4.100701894977169,6.908767856164384,39.09235926477427,1.992271328490005,323.03921984084656
06101051000,3.2175276816380447,5.236293080581241,30.915758493293577,1.9925546533900125,97.84364636363418
06101051100,3.32678846659597,5.227207503711559,31.379584520341602,1.9925546533900131,116.970480597861
06101050601,3.2273731629297457,5.3357419626307925,33.10020277557281,1.992554653390012,79.16524608506711
06101050102,3.3872417718446606,5.529806504854369,28.75268412610589,1.9925546533900027,74.8720236567895
06101050900,3.2600055511627906,5.352297988372093,22.42240581411721,1.9925546533900096,105.26813982004252
06101050201,3.3589414963503645,5.4887743065693435,29.89751521790003,1.992554653389996,77.23518050962521
06101050603,3.3296746851851853,5.4614307962962965,30.37603211321594,1.9925546533900098,76.30941893164815
06101050800,3.2403834182389937,5.339970157232704,31.98141267762469,1.9925546533900118,105.11415961617756
06073017031,2.212213427480916,4.2771143358778625,39.35910810280068,1.9781059053200047,311.65482099859
06073017034,2.1963791706161135,4.300235895734597,33.36491677739064,1.9781059053199948,298.12376166162215
06073017035,2.124470450819672,4.141755286885246,29.875615066495104,1.978105905320005,298.54793697730224
06073017036,2.115721376068376,4.161949564102564,28.641245891329106,1.9781059053200047,309.12023894896475
06073017037,2.1211069110320286,4.171306985765125,28.308635793010684,1.9781059053199952,309.6535846612086
06071001702,3.1177602338028167,5.253139622535211,28.553508991030746,1.9814317678899855,322.58067627338727
06037277100,1.3418247338129496,2.7477502877697844,19.80776302541511,1.9836592167999973,103.09319581645757
06037277200,1.238969,2.622882,20.533757655099983,1.9836592168000016,93.65079365079364
06071003000,3.231927340206185,5.332501216494845,31.278805515340245,1.9814317678900009,293.140165185945
06037401901,3.201641,5.355493,27.235257879279082,1.9814317678900009,324.6031746031746
06037401902,3.109929727272727,5.221556818181818,26.825971623654368,1.9814317678899918,314.15461810865884
06071004604,3.1520132007575756,5.250125363636363,23.295477649998578,1.9814317678899998,272.4834460171301
06071010804,3.11255987,5.099308076666667,47.40803920027402,1.892840162840002,208.79875509958765
06071012001,3.0700974054054053,4.951974926289926,20.868625937610005,1.8928401628400022,395.53322280859334
06071010417,3.13163930678733,4.891432696832579,30.058312193554237,1.9996704373900034,417.3752594848587
06037430302,2.884598147169811,4.881589732075471,29.16234620552953,1.9836592167999951,212.15462236206773
06101050202,3.415405,5.57064,29.705579288921193,1.9925546533900012,71.42857142857139
06101050301,3.162135716346154,5.261236076923077,31.49467378553449,1.992554653390003,84.30518733989558
06037430400,2.910376249275362,4.921444052173913,30.025865739013494,1.9836592167999945,208.48121951422195
06101050302,3.3177661782608694,5.413377795652173,30.973761852715082,1.9925546533900043,77.92306514876209
06101050501,3.2589041789473687,5.373037207894737,31.720379328580087,1.992554653390009,82.40839492779418
06073017039,2.25739640131579,4.381981677631579,28.602119816502565,1.978105905319998,330.57527296866925
06073017040,2.4106498277027026,4.607057577702703,31.905411069926306,1.9781059053199972,337.7151186373931
06099002504,3.3727993020833336,5.35543746875,46.6469633452834,1.9966900594200032,114.9610752817221
06099002503,3.381595,5.387312,46.64021395646255,1.9966900594200034,119.84126984126982
06099002006,3.355705,5.397569,35.03347740929992,1.9966900594199997,124.6031746031746
06099002005,3.341594242857143,5.3896377,35.03347740929993,1.9966900594199977,123.3940728552731
06099003805,3.43017823,5.31007305,45.83562471229502,1.9966900594199972,111.16864317691804
06099004000,3.293402964240102,5.282128235632184,39.10255427463441,1.996690059419969,109.73018062312512
06037400206,3.1418632582056896,5.250910094091903,25.74827230664245,1.9816462268659947,290.5350452844
06113010102,3.34345454,5.26441765,24.55690101003098,1.9925546533899967,100.7911016741608
06113011102,3.276012,5.501838,33.49183473360001,1.9925546533899972,129.36507936507934
06113010501,3.3987852315789473,5.481471321052632,32.836250649462436,1.9925546533900111,99.4769839643262
06113010505,3.3420128873038517,5.467547833095577,35.08107913917425,1.992554653390012,101.55902087511188
06113011500,3.661051507450331,5.531359225993377,34.66276524536307,1.9925546533900138,115.31452271913602
06073017043,2.19791,4.271127,31.994917178208638,1.9781059053199928,328.6831433811099
06025011202,2.55141,4.489513,13.333506658508268,1.9996704373899994,545.2380952380953
06037291110,1.963295,3.555215,19.180302730200022,1.9836592168000005,207.14803283294793
06037291130,1.815751252173913,3.3548146869565216,20.35472397189828,1.9836592167999985,208.38490556029137
06037291210,1.788372,3.317627,21.769245545175156,1.983659216799998,208.7301587301587
06037291220,1.7762298,3.301497775,22.227401531700018,1.983659216800001,199.6098796720959
06037291300,1.718988,3.22546,21.75692692967157,1.9836592167999976,174.60317460317458
06019005406,3.727339801724138,5.814012478448276,35.60112439511937,1.9991352696300049,204.75525641155855
06019005407,3.7374501264367814,5.820787666666667,40.47176934149983,1.9991352696300009,199.23742699148875
06019005605,3.739223,5.821993,45.67195045790002,1.9991352696299978,197.6190476190476
06037402101,3.074152,5.182613,27.2028391017702,1.9814317678900006,322.9160758384127
06019005606,3.733832662921348,5.804760086142322,46.49802193500658,1.9991352696300042,192.92467919334933
06019005701,3.755559983388704,5.806242488372093,51.59113535009976,1.9991352696299993,178.91747794391395
06019005702,3.829721,5.893635,55.06312518189985,1.9991352696299982,169.04761904761904
06019005703,3.8396577296416936,5.902174889250814,54.50547331350017,1.9991352696299984,172.5183926281463
06037403407,2.920015529411765,4.98385479876161,24.76459174954391,1.9836592167999947,282.2931348041718
06101050503,3.1540448542056074,5.258092945794393,32.58830998045215,1.992554653390011,88.87330869682634
06101050504,3.1251860240601506,5.216618195488722,34.45693756393282,1.992554653390012,93.81940390781976
06101050604,3.347474180327869,5.4739706393442615,29.775160850670375,1.992554653390005,76.97490004724031
06025010500,2.558355,4.448797,16.356912232407602,1.9996704373900112,561.9042996705728
06025010700,2.6010971979166664,4.581266911458333,16.42094838671723,1.9996704373900052,573.0953328763359
06025011400,2.559721,4.510814,13.083289542017575,1.9996704373900036,546.031746031746
06073017501,0.594413,1.413602,38.59044374993022,1.97810590532,-53.96825396825397
06073017502,1.084446820224719,2.2500963370786518,37.417403710716975,1.9781059053199979,79.29611106496343
06073017603,0.6645775614035088,1.5371962105263157,38.962108835177276,1.9781059053199985,-37.000418297273946
06073017701,0.880083,1.916807,40.2840081856837,1.9781059053199919,30.95238095238096
06073017702,0.6349335673758865,1.4849785957446808,39.802337648778796,1.978105905320003,-43.61222620706529
06071001803,3.1583222296296296,5.260489659259259,27.00255614826005,1.9814317678900006,298.5855436112045
06037293302,2.072193,3.824991,20.128384727950852,1.9836592167999982,240.4761904761904
06037293304,2.072193,3.824991,21.21547832889998,1.983659216800002,240.4761904761904
06037294110,2.014856,3.783727,26.57290044268749,1.9836592167999985,253.968253968254
06037294120,1.9953578181818181,3.740993181818182,30.295970331901827,1.9836592168000025,232.0291100765252
06037294200,2.014856,3.783727,26.827019457158066,1.983659216799998,253.968253968254
06037294410,2.072193,3.824991,22.9513260883146,1.9836592168000007,240.4761904761904
06037293301,1.958022306930693,3.6281418910891086,19.33139997283369,1.9836592167999991,230.5764131923392
06019005509,3.764359363636364,5.877916022727272,44.215964610599855,1.9991352696300049,189.84846023541772
06019005508,3.781223,5.915434,44.654032408613006,1.999135269629999,184.1269841269841
06019005704,3.7719984474708173,5.828856607003891,49.65605793875011,1.999135269630006,179.7033065353387
06019005801,3.808343167330677,5.883715270916334,48.4791901388053,1.9991352696300058,181.18583140911448
06019005802,3.870945,5.929064,52.999550119949184,1.9991352696299902,181.74603174603175
06047000202,3.5308222808988763,5.360879213483146,53.333575939675356,1.996690059419988,100.60018876162138
06047000201,3.511519796954315,5.379964030456853,52.65575317403663,1.9966900594199766,126.11550160046384
06047000401,3.563103004282655,5.291938788008565,50.10428736704432,1.9966900594199866,117.86880331076588
06019006700,3.776831164556962,5.7968123164556955,55.09032843087136,1.99913526962999,210.987140983151
06043000102,4.080833409252669,6.308812325266905,62.38264600726395,1.99669005941997,147.1923369226795
06043000101,4.0423125248130525,6.273295452753229,62.56002953818247,1.9966900594199695,151.98790406436723
06043000301,4.193955266324627,6.536864631063432,69.79777910080574,1.996690059419967,129.83999610497128
06043000302,4.106843567605634,6.4543022795774645,59.91268618952193,1.9966900594199697,140.96370381738674
06071001703,3.108549827225131,5.151269916230366,28.392849242187957,1.9814317678900009,297.7098129535287
06037402102,3.072847117370892,5.18282417370892,27.113359884277493,1.9814317678900009,322.44471751743384
06037402301,3.060255,5.184862,28.166278934716974,1.9836592167999965,319.8412698412699
06073017808,1.1444635117270787,2.317197501066098,39.73087432251999,1.9781059053200112,110.21362424941314
06073017811,0.998960049689441,2.079373459627329,42.43002394117281,1.9781059053200003,72.8273301216168
06037294620,1.995053159090909,3.7403254659090908,30.690464425947766,1.9836592168000002,230.71690596819445
06037294510,2.014856,3.783727,27.16412083382057,1.9836592168000018,253.968253968254
06037294820,2.2785785,4.233942833333333,28.69718981410003,1.983659216800002,252.17673931586208
06037294900,2.3519250952380952,4.363651238095238,25.157305371199985,1.9836592168000031,253.5479106374972
06037296210,1.919376152173913,3.875942913043478,28.486509993199974,1.9836592168000018,163.86939563087122
06037296300,2.547645,4.740471,28.617227934806834,1.9836592167999982,289.1372037233994
06037294610,2.014856,3.783727,28.632730861613215,1.9836592168,253.968253968254
06037460200,3.036886,5.17571,33.94670998656957,1.9836592167999945,226.1904761904762
06037460301,3.0385235224913494,5.185978141868512,33.22188037724844,1.983659216799995,223.44809974991355
06037460302,3.0394033770491804,5.191495300546448,32.95977311882291,1.9836592167999962,222.94561358051476
06033000501,3.2084411807228914,5.282358800344235,36.216926831139254,1.9925546533900114,117.848929329571
06037400602,2.931560656441718,4.932704484662577,25.84934507217793,1.9836592167999967,195.4597966450111
06037275311,1.302436,2.589328,21.837411900461905,1.9836592167999967,63.492063492063494
06037275400,1.1118588686868687,2.289898505050505,22.77621109197376,1.9836592167999993,28.22319288136779
06071001400,3.1817371546391753,5.31136318556701,28.745150988629927,1.9814317678900009,344.3559678626338
06073018000,0.7511692421875,1.6983346484375,36.621644791854735,1.978105905320005,10.400556708070198
06037296500,2.071876495049505,4.095660485148515,28.53918837560002,1.9836592167999991,198.45678138349953
06037297120,1.939384,3.916093,29.5564080515115,1.983659216800003,156.29457101841297
06037297300,1.939384,3.916093,31.1421718543484,1.983659216800003,142.09720769727534
06037297400,1.6525610168776372,3.4142979578059074,32.365527915868824,1.9836592167999954,111.52184708751976
06073008365,1.9561322721518988,3.881674044303798,29.555691222547445,1.9781059053200003,283.8709548678271
06073014805,2.1111709024390244,3.9509728780487805,31.707142318329243,1.9781059053199994,371.9655427902952
06037407001,2.79578588372093,4.779111627906977,33.48796021250079,1.9836592167999978,246.3212223629313
06037407002,2.792211,4.778856,33.91338914986341,1.9836592167999991,255.42926001710035
06037407102,2.792211,4.778856,34.063471951413895,1.983659216799998,254.780187596634
06037407301,2.820024,4.82146,33.400000722369526,1.9836592167999976,258.7301587301587
06059075504,2.17992417,4.1363696899999995,25.002601359562927,1.9814317678900009,255.7474720707347
06037430701,2.906125243243243,4.923757756756756,32.2636742170538,1.9836592167999945,235.96642445166248
06085508403,1.657363,3.735323,22.2864688672914,1.9845928784999964,118.25396825396822
06073010011,1.538921,3.131452,22.177850681680198,1.9781059053200045,210.3174603174603
06073018400,0.5953436055045872,1.4867444403669725,34.89949021000366,1.9781059053200047,-24.788134891178963
06073018509,0.9428,2.059543,33.45278263883489,1.97810590532,76.19047619047618
06113011400,3.2650614590860787,5.355043592986185,35.8387585213098,1.9925546533900131,108.09825587089026
06073018512,1.3160090289855073,2.623862855072464,28.331552850061296,1.978105905319995,182.98143009259363
06073018515,1.2495078504398827,2.5233056099706745,30.025027201260826,1.978105905320002,145.89539455121732
06037403408,2.9136238363636364,4.963910415584415,24.768665491905306,1.9836592167999942,287.5249644413379
06037407400,2.820024,4.82146,33.223129318487466,1.983659216800001,258.7301587301587
06037407701,2.80365,4.85053,29.864864956335442,1.9836592167999985,291.12928950641765
06037407702,2.7841885645933018,4.814592775119618,31.762045831276858,1.9836592167999958,277.8416924724224
06037430721,2.900758,4.911796,31.614461834391204,1.9836592167999976,235.71413363660903
06037430803,2.819908,4.814611,31.90120378971976,1.9836592167999947,251.58730158730157
06037431002,2.884748,4.878233,28.68559948437399,1.9836592167999973,215.87301587301585
06037460502,3.0104836158940396,5.171670682119205,30.544463824523675,1.9836592167999947,211.04768098478863
06075017602,0.3052147142857143,2.160527,21.91038476785,1.9845928784999993,4.037958007684114
06075061503,0.531162,2.399213,23.018135439599988,1.9845928785,2.380952380952394
06075060703,0.531162,2.399213,21.534556949841164,1.9845928785000007,2.380952380952394
06075061402,0.531162,2.399213,19.39972491560243,1.9845928784999998,2.380952380952394
06075061502,0.531162,2.399213,22.88600092104443,1.9845928785000007,2.380952380952394
06075017903,0.32008333846153847,2.031680830769231,29.59554567248388,1.9693267794346123,33.88996623237132
06075045201,-0.0008004042553191489,1.367302744680851,24.98528995900003,1.984592878499999,-8.628653813835358
06075035102,-0.03361441025641026,1.267727923076923,23.733352324217922,1.9845928784999978,-12.64537507792195
06029003305,2.7852883264781494,5.0953704832904885,36.26710268459158,1.9991352696299904,266.4127932805317
06029005203,3.68927283937397,5.823433981054365,33.054984751329094,1.9986974808870475,276.6879582340475
06029005508,3.508707448928121,5.357657615384615,9.339563482840493,1.8928401628400022,415.85112412591025
06029006006,3.514372926335175,5.7690093683241255,28.56644256201874,1.9991352696299838,228.72544587548165
06029006303,3.129982,5.252968,46.50191059937457,1.9991352696300009,272.35204755045226
06029006500,3.581635961111111,5.42094566111111,12.335361886413578,1.8928401628400022,385.8619478714171
06071000103,3.061339910891089,5.141196435643564,27.37022915144844,1.9814317678900009,282.90625137361206
06071000105,3.0525091658031087,5.089670751295336,27.912281069018583,1.9814317678899822,290.6890300738506
06025012400,2.772622227118644,4.784875247457627,11.875548760065922,1.9972738447459437,481.3354731054308
06025010200,2.5846999101123598,4.382139842696629,17.467720116279775,1.99967043739001,408.9344368987323
06025010300,2.575529170138889,4.554476708333333,17.400857391673274,1.9996704373900112,597.5902945313364
06025011100,2.5322323181818183,4.437267804347826,18.86857589253539,1.9996704373900163,468.1962406919823
06025010800,2.657620839506173,4.615494981481481,17.509867528722527,1.9996704373900125,655.7035054197733
06025012301,2.4403466369294606,4.372048487551867,9.465807658273851,1.9996704373900158,518.1651422512441
06025010900,2.6970056696629214,4.663515995505618,17.480961430090233,1.9996704373900152,662.0420088596744
06025940000,2.81957071810089,4.8169402373887245,22.010443255803736,1.992600489089991,557.7820248919345
06037408133,2.8239160579710147,4.871293260869566,27.56284249025075,1.9836592167999973,290.73399655606033
06025011802,2.5330602162162164,4.475676010810811,13.451222933272412,1.9996704373900045,529.1791746948772
06037400304,2.987163768545994,5.025491525222552,25.723499777671883,1.9836592167999945,263.9264613617344
06075980600,0.67340975,2.82434796875,24.98162492620207,1.9845928784999973,27.87709637364348
06071000107,3.0695892903225808,5.096245161290322,26.819973631800075,1.9814317678900006,297.39180386084416
06071000108,3.034864558951965,5.050986231441048,29.731395073311187,1.9814317678900009,288.96906668736096
06037276000,1.370987678700361,2.7698304223826713,20.320063686775907,1.983659216799995,98.46487317802212
06037276400,1.0905328095238094,2.349882869047619,22.51725720643388,1.9836592167999965,54.44040975719492
06037276500,0.9869067096774194,2.2174211612903223,23.6724997849398,1.9836592167999998,46.84110383127851
06037402501,3.029422,5.129604,26.81879459822499,1.983321724540908,294.4444444444444
06037402702,3.068448730769231,5.178154823076923,27.500127229525354,1.9814317678900006,315.6046452841805
06081606800,1.8902104782608695,4.425178533596838,25.032088189266798,1.9845928784999962,122.48203369320083
06037277400,,,,,115.2098225705507
06037240020,2.196558,3.928857,20.419039457571937,1.983659216799999,230.9523809523809
06037533103,2.402771,4.201347,21.70895649524186,1.9836592168000013,244.44444444444449
06037402703,3.079840043478261,5.192362565217391,27.5484037262783,1.9814317678900006,322.6414495800514
06037403702,2.914021401960784,4.943072529411765,21.75692687035192,1.9836592167999958,268.03661293498743
06037403703,2.9227790461538463,4.954819161538461,22.171761937746467,1.9836592167999951,265.8531603042938
06037403721,2.8919450314136124,4.896388104712042,20.946025332832978,1.983659216799996,247.1154963417376
06037403722,2.901002051813472,4.929391502590674,22.20160141977621,1.983659216799996,262.08757040011426
06073004300,1.625326,2.925146,27.933764656218468,1.978105905320005,309.5238095238096
06073004400,1.625326,2.925146,29.211550525300023,1.9781059053200034,309.5238095238096
06073004600,1.326795,2.711433,33.271239332920004,1.978105905320001,256.00580931798794
06073004700,1.326795,2.711433,33.985996807700005,1.978105905320001,253.1746031746031
06073004800,1.326795,2.711433,33.49630959502466,1.9781059053200039,253.1746031746031
06073004900,1.326795,2.711433,33.96497119270853,1.9781059053200043,253.1746031746031
06073009102,1.542007,3.280578,35.42256422347498,1.9781059053200039,233.34940676493736
06073009104,1.4606159081081083,3.0111092162162163,35.0325185222334,1.978105905319997,219.77857378599495
06073009107,1.5056890206185567,3.005279175257732,33.48854765578554,1.9781059053200043,239.97001571290963
06081606000,1.589288,4.138313,29.114690952200036,1.984592878499997,93.65079365079364
06081609100,1.8788882,4.373254266666667,27.158264230374467,1.9845928784999975,136.66319202480813
06081610304,1.593435366834171,3.8083631959799,29.257343313594937,1.9746200499648205,112.09423326291108
06081606100,1.516471176056338,3.984988028169014,28.897588576568932,1.970616872313377,87.91228195728058
06081606300,1.567486701030928,4.07138293814433,28.369233558068,1.9845928784999973,94.11967678447613
06081606400,1.86879605,4.5301964,27.623528506166632,1.9845928784999969,122.32409025931992
06081603900,0.940779956043956,3.478201978021978,25.501745205249385,1.9845928784999964,47.64777167905028
06081613200,3.0150898943569553,5.58885749343832,28.700276162159952,1.9845928784999693,178.15363287258756
06095253203,3.5156018260869564,5.662860439613526,34.90961059107289,1.992554653390003,133.39012356140472
06095253402,3.483222918158568,5.366597823529412,40.10859802767932,1.9925546533900091,121.00576752194225
06095252903,3.7145326938305705,5.777365569521178,37.688908606459286,1.9924446841235544,125.61218248576664
06089012400,3.7648035755885996,6.081888585501859,38.320004875538196,1.9925546533900143,112.845654781556
06081610202,2.195823,4.777746,25.857722182396316,1.9845928784999975,158.1333487278625
06081603400,0.752587498281787,3.1471269243986253,26.263185941861494,1.9845928785000029,47.92772912194074
06081611800,0.73349,2.41509,23.49259244166294,1.9845928784999969,13.713270528224363
06081608100,1.630941,3.963623,29.64917307694007,1.9845928784999969,80.84135172417801
06081613300,2.758100679075738,5.393891645699615,24.624156910784063,1.9845928785000337,175.1197560468932
06081607300,1.922068659217877,4.562283156424581,24.1639776547028,1.9845928784999964,121.5501544125512
06081613600,0.8970985600000001,2.943035792,33.28582488599184,1.9726853212290232,51.41400880796272
06081600100,0.3401805044642857,2.3351942589285715,24.020700873092885,1.9845928784999962,4.666738186485977
06081603100,0.21174833796296294,2.180086486111111,28.060351842263415,1.9845928784999964,27.937246355131904
06081605600,1.9208928574237953,4.676030147492626,27.571383474023264,1.9845928785000382,104.01534793438157
06081604600,0.9917598447204969,3.5530420807453416,25.564230988749614,1.9845928784999967,49.58142084851548
06073005500,1.625326,2.925146,32.30421451409999,1.9781059053199999,309.5238095238096
06073005700,1.413074,2.526065,33.5795573883,1.9781059053200005,208.7301587301587
06073009201,2.024944,3.900787,28.820876563884443,1.9781059053200045,382.5396825396826
06073009301,2.024944,3.900787,27.085767092150427,1.9781059053200032,382.5396825396826
06073009506,2.2944343977272728,4.252779022727273,29.181338665334042,1.978105905319998,403.82843516368297
06073009602,2.1863755763546795,4.06716821182266,23.853200318383212,1.9781059053199954,382.9107767605011
06081606500,2.003374,4.718881,27.180355501416994,1.9845928784999964,134.92063492063494
06081606600,1.9910734728682171,4.698362054263566,27.20462288877902,1.9845928784999969,132.35987282669743
06081606700,2.003374,4.718881,25.128642099666617,1.9845928784999967,134.9061343698307
06081606900,1.772966797752809,4.147744213483146,26.005514132088813,1.9845928784999964,120.7378292597274
06081600600,-0.027148259259259257,1.6224650740740743,19.234139915100002,1.9845928784999975,-8.12736532038662
06081601100,-0.10642845652173913,1.3503174130434783,20.688701621163055,1.9845928784999969,-18.689468993678613
06081601200,-0.09972331979695431,1.3496632081218274,21.019767547274625,1.9845928784999964,-18.966612700937137
06081613502,0.9281188514150943,2.668619419811321,35.09133705090663,1.9845928785000184,58.40763622849176
06053011303,3.1064452394822006,5.448094221682847,36.37950355368323,1.992271328490005,204.07027890160128
06053011802,0.739054,2.46341,37.60149291921468,1.9922713284900044,73.01587301587301
06053014800,1.9268665537190084,3.8347826136363636,34.14754560571845,1.992271328490005,154.0339599347516
06081612900,2.538042771929825,4.825985789473685,14.615126564890815,1.9845928784999962,169.70840564953454
06081605700,2.0346376335877863,4.739188396946565,26.770621980848176,1.9845928785000366,124.1661700974734
06053014700,0.5993227603603604,2.211259525225225,42.52628865589401,1.992271328490005,28.47106335503122
06055201402,2.6841267582748243,4.760611207622869,47.92523521676623,1.9845928785000377,102.01304497444691
06055201403,3.3607039034334765,5.451216017167382,43.6996524188584,1.986984828037786,112.25845072901907
06055201101,2.8941743921568626,5.001068279411765,39.376964857838374,1.9845928784999964,99.99987567245846
06055201005,1.8546779235294117,3.7541024764705884,30.61414199165173,1.9845928784999967,91.68134430291198
06055201401,2.915093814883721,5.0320611888372095,48.62041603742098,1.9854446032557027,97.92428787518534
06079010016,3.8469459833501514,6.236369214429868,45.96379262380862,1.9922713284900053,255.3338156411968
06019001407,3.691908,5.747339,49.327493642799965,1.9991352696299958,210.77569756507836
06019003104,3.7441387425149704,5.823925716566866,45.08307559904142,1.9991352696299836,186.5640744056122
06019005805,3.82973938869258,5.861840780918728,54.382815580995526,1.999135269629981,182.22080722493735
06097151800,2.768257592592593,4.543420271604939,26.241560176518608,1.9279417468699975,89.80729914669999
06075015701,0.1013188431372549,1.6800179019607844,23.074092557229406,1.9845928784999989,-1.5049158848568132
06075015402,0.018315,1.351428,24.725965305633327,1.9845928784999993,-14.285714285714306
06075015702,0.10237846666666665,1.6842126666666668,22.079390916659992,1.9845928784999993,-3.1192358585433744
06075016602,0.108383,1.707983,21.9552984897,1.9845928785,-1.4210854715202004e-14
06075016601,0.108383,1.707983,21.672285519385714,1.9845928785000007,-1.4210854715202004e-14
06075012504,0.297988,2.209838,22.2845404359,1.9845928785,6.325417503179455
06075020102,0.297988,2.209838,17.964396297000004,1.9845928784999998,7.142857142857139
06073006000,1.413074,2.526065,31.103586338199964,1.978105905320005,208.7301587301587
06073006100,1.413074,2.526065,31.787060470552465,1.978105905320004,208.7301587301587
06073006300,1.3419623776223777,2.5032835804195805,33.97149868264334,1.9781059053200025,194.20114294305785
06073009603,2.0993233020833335,3.9519316458333336,21.473465103081224,1.9781059053200043,368.2978446359498
06073009604,2.1673803609467455,4.044380923076923,22.802692264123074,1.9781059053199987,378.82424484542133
06073009705,2.178713758474576,4.045036118644068,25.586020187012835,1.978105905319993,384.9732378283459
06073009801,2.297764384279476,4.251242790393014,31.704697374646624,1.9781059053199934,383.4017021607648
06073011802,1.1211679365079366,2.8113744682539683,32.22485315627386,1.978105905320005,270.5571609171611
06081607100,1.849357619318182,4.3998788125,22.74857445346256,1.9845928784999964,126.15029251458157
06081607200,1.879802359223301,4.485127815533981,24.228562121337877,1.984592878499997,118.58052248215554
06053010306,0.6319433776223776,2.299016706293706,38.493796192043064,1.9922713284900047,8.915197344962419
06053010804,1.834184863849765,3.593190469483568,34.2527003133118,1.9922713284900044,146.4600476149921
06053000701,1.0626493636363634,2.9383476818181817,27.034131354999968,1.9922713284900029,40.16418658544936
06053014601,0.5933140434083601,1.935685852090032,47.61548224124666,1.992271328490005,23.960049768585257
06053011101,2.9969892053231937,5.188874676806084,37.94447129533654,1.9922713284900047,221.23521511256348
06053011502,2.5153244365591396,4.119495387096774,42.0165065487076,1.983702419550263,137.35219862239214
06053011604,1.6321989787234041,3.7495261436170213,39.3689827077753,1.992271328490005,165.14292584916953
06081607400,1.9466060068965516,4.624184296551724,25.410393966379228,1.9845928784999967,123.74144438406668
06081607500,1.904201,4.553447,26.895959558363245,1.9845928784999967,114.28571428571428
06013304002,3.426420189111748,5.393892739255014,30.881859303570153,1.996690059419995,132.17939873333765
06071009119,3.0319277727682596,4.841491128494138,19.23420538381882,1.892840162840002,479.5933988277497
06071000118,2.9551474815789476,4.970700534210526,31.521708450926397,1.9824399816071552,287.685466286018
06071009109,2.7251912805206464,4.480391993267505,20.375914044654508,1.892840162840002,419.3097019725152
06075020802,0.297988,2.209838,17.964396297000004,1.9845928785,7.142857142857139
06075020801,0.297988,2.209838,17.964396297000004,1.9845928785000007,7.142857142857139
06075061401,0.531162,2.399213,19.75907942551694,1.9845928784999984,2.652204309437452
06075020702,0.297988,2.209838,18.010346649915792,1.9845928784999998,7.142857142857139
06075060702,0.531162,2.399213,20.17342982682222,1.9845928785000007,2.380952380952394
06073006600,1.339916,2.502628,35.382760141968404,1.9781059053200007,193.6507936507936
06073006900,1.1804541598360654,2.305743319672131,36.089381158553145,1.9781059053199925,111.20633355536896
06073007002,1.135463,2.25037,36.89790086669638,1.978105905319996,84.92063492063494
06073009804,2.3449951083333334,4.333839575,29.950607746260086,1.9781059053199928,383.5989278349988
06073009805,2.3118163021582734,4.278434643884892,29.685458974686284,1.9781059053199948,372.6709609398088
06073010001,1.4863360347222223,3.0231643055555555,25.38230557779584,1.9781059053200023,185.54912895744187
06073010003,1.538921,3.131452,22.6425292750812,1.97810590532,210.3174603174603
06073010004,1.5121041379310345,3.076228303448276,22.20103909120209,1.9781059053200023,202.48558511822017
06073012002,1.194795,2.963464,33.0544917888435,1.9781059053200034,288.0952380952381
06073012003,1.219486,2.991593866666667,33.02345737047625,1.978105905320004,290.6031842742354
06073012101,1.194795,2.963464,33.9484795242,1.9781059053200039,288.0952380952381
06081607701,1.278258919117647,3.4834021911764705,28.721747558589612,1.9700002838051438,70.32262769205374
06081607702,1.3518968241758242,3.6084834835164834,28.342950112046122,1.9845928784999973,75.41375774121022
06081607800,1.6964346062992126,4.197969582677165,28.652646884397573,1.9845928784999969,98.7588983217368
06081607900,1.5878646952380953,4.00988280952381,29.07876076463043,1.984592878499997,94.70027499554728
06081608002,1.630941,3.963623,28.739955614036262,1.9845928784999969,86.5079365079365
06091010000,3.7364012493660184,5.94892582079459,33.172046890326435,1.8988473541085418,149.6372553882651
06037402904,3.0771006448598133,5.17377876635514,26.03532066897383,1.9814317678900009,290.4809108712644
06075012001,0.253988,1.916595,22.2845404359,1.9845928784999995,3.1746031746031917
06075010101,0.253988,1.916595,25.165411074666675,1.9845928785000007,3.0989455448613517
06075010102,0.253988,1.916595,25.0727627712,1.9845928784999993,3.1746031746031917
06075060701,0.531162,2.399213,21.394342819714623,1.9845928784999998,2.380952380952394
06075033001,-0.012806,1.439561,20.388663554803564,1.9845928784999975,-10.31746031746033
06075033002,-0.012806,1.439561,19.278152942872545,1.9845928784999973,-10.31746031746033
06075031401,-0.011684,1.684566,14.396752335534783,1.9845928784999993,-3.968253968253975
06075025501,0.15318977049180327,1.9054155901639345,14.662638194827881,1.9845928784999984,9.982116785542168
06075010202,0.253988,1.916595,25.07276277120001,1.9845928785000007,3.1746031746031917
06075061504,0.531162,2.399213,23.0181354396,1.9845928784999995,2.380952380952394
06075061507,0.531162,2.399213,23.018135439599995,1.9845928784999993,2.380952380952394
06075025502,0.304793875,2.238651875,14.900252873300007,1.984592878499998,15.75634556907399
06075016101,0.297988,2.209838,21.563709615300006,1.9845928784999998,6.953454809196288
06075016102,0.293863,2.18234646875,21.828460493868747,1.9845928785000009,6.284968619938694
06075012801,0.018315,1.351428,25.8795152911111,1.9845928784999993,-14.285714285714306
06075010402,0.253988,1.916595,25.849091658868975,1.9845928785000007,2.586722214440325
06075061101,0.253988,1.916595,25.63150587737143,1.9845928785,2.4153770932844525
06075047904,-0.034162,1.263206,27.596060317531705,1.9845928784999998,-13.09174419187902
06075061102,0.253988,1.916595,25.4896801368,1.9845928784999998,3.1746031746031917
06075061501,0.39986905263157896,2.1706044736842105,23.01813543959999,1.9845928784999998,2.380952380952394
06075012403,0.253988,1.916595,22.2845404359,1.9845928784999998,3.1746031746031917
06075047903,-0.034162,1.263206,27.53345802695555,1.9845928784999982,-12.698412698412696
06075035101,-0.034162,1.263206,24.376276655799998,1.9845928784999989,-12.698412698412696
06075061506,0.531162,2.399213,23.018135439599998,1.9845928784999993,2.380952380952394
06075061505,0.531162,2.399213,23.0181354396,1.9845928785,2.380952380952394
06075045202,0.108383,1.707983,24.985289959000024,1.9845928785000007,-1.4210854715202004e-14
06075012406,0.253988,1.916595,22.2845404359,1.9845928784999995,3.1746031746031917
06075012404,0.253988,1.916595,22.2845404359,1.9845928784999995,3.1746031746031917
06075017604,0.297988,2.209838,21.55809071434444,1.9845928784999995,6.703175956355833
06075015401,0.018315,1.351428,24.645871935057887,1.9845928784999984,-14.285714285714306
06075010901,0.253988,1.916595,25.072762771200004,1.9845928784999993,3.1746031746031917
06075012204,0.253988,1.916595,22.2845404359,1.9845928784999995,3.1746031746031917
06075015202,0.253988,1.916595,22.9574170959,1.9845928785000007,3.1746031746031917
06075010902,0.253988,1.916595,25.072762771200008,1.9845928784999998,3.1746031746031917
06075015201,0.253988,1.916595,22.95741709589999,1.9845928784999993,3.1746031746031917
06075020701,0.297988,2.209838,18.015752573788244,1.9845928785000007,7.142857142857139
06075011001,0.253988,1.916595,22.2845404359,1.9845928784999995,3.1746031746031917
06075011102,0.253988,1.916595,22.2845404359,1.9845928784999995,3.1746031746031917
06075012002,0.253988,1.916595,22.2845404359,1.9845928784999995,3.1746031746031917
06075010401,0.253988,1.916595,25.072762771200008,1.9845928785,3.1746031746031917
06075010701,0.253988,1.916595,25.265186170707693,1.9845928784999993,3.1570972500183547
06075010702,0.253988,1.916595,25.0727627712,1.9845928784999993,3.1746031746031917
06075011002,0.253988,1.916595,24.1433553261,1.9845928784999995,3.1746031746031917
06075012203,0.253988,1.916595,22.2845404359,1.9845928784999995,3.1746031746031917
06075031402,-0.011684,1.684566,14.232554002412064,1.9845928784999984,-3.968253968253975
06075013401,0.1105348695652174,1.5725803043478261,22.95741709589999,1.9845928785000002,-8.480789369465615
06075013402,0.018315,1.351428,23.505804137677774,1.9845928785000007,-14.285714285714306
06075012802,0.08332824137931034,1.5073361379310344,24.74442514359999,1.9845928785000007,-9.9507539942621
06075013002,0.253988,1.916595,24.74442514359999,1.9845928785000007,3.1746031746031917
06075020202,0.297988,2.209838,20.645082236800004,1.9845928785000004,7.142857142857139
06075020601,0.297988,2.209838,18.109905747900015,1.9845928785000002,7.142857142857139
06075020201,0.297988,2.209838,18.008681782056527,1.9845928785000002,7.142857142857139
06075061508,0.531162,2.399213,23.01813543959999,1.9845928784999995,2.380952380952394
06075013001,0.253988,1.916595,24.794938624769223,1.9845928785000004,3.1746031746031917
06075010201,0.253988,1.916595,25.07276277120001,1.9845928785000007,3.1746031746031917
06075011101,0.253988,1.916595,22.2845404359,1.9845928784999993,3.1746031746031917
06073007200,0.9381696564885497,1.8957895801526718,37.89604922440905,1.9781059053199923,11.850985060998152
06073007302,1.1297416725663718,2.239692424778761,36.73301860009298,1.9781059053200047,83.11746869548132
06073007501,1.0707862282608696,2.147159619565217,36.092123031143444,1.9781059053200043,44.5419536214152
06073007502,1.0291719736842107,2.047639315789474,35.79609283186189,1.9781059053200039,55.95486266529851
06073010009,1.687532,3.387121,18.94428543788057,1.9781059053200047,236.34775944436583
06073010010,1.4248766106870228,2.896601526717557,22.532878235841224,1.9781059053200047,161.26812211937056
06073010013,1.687532,3.387121,20.482847576160427,1.9781059053200045,247.61904761904765
06073010106,1.334266,2.710008,23.834008806228685,1.978105905320005,131.74603174603172
06073010107,1.334266,2.710008,25.17762399725148,1.9781059053199954,131.74603174603172
06073012102,1.194795,2.963464,33.56585565815096,1.9781059053200047,288.0952380952381
06073012302,1.007396,2.539014,34.04784750532631,1.9781059053200007,138.88888888888889
06073012304,1.0177340240963855,2.555498891566265,33.68533780116566,1.9781059053199992,143.54199106685277
06037275200,1.302436,2.589328,20.59155403149999,1.9836592168000031,63.492063492063494
06037702801,1.6473771911764705,3.0225291544117647,18.77541482993158,1.9836592167999976,97.26012598592251
06037226420,2.453754,4.258903,21.597001079549987,1.983659216800003,253.1746031746031
06073012402,1.007396,2.539014,35.217860823586946,1.9781059053200047,136.90844124883213
06081608023,1.630941,3.963623,28.42356990344142,1.984592878499997,86.5079365079365
06081608200,1.630941,3.963623,30.483414510670936,1.7920577484962659,70.18570877982957
06081608300,1.538746391304348,3.767064217391304,29.32129160602441,1.984592878499997,61.07304403146856
06081608400,1.8425990346820809,4.420480895953758,27.379146505271663,1.9845928784999964,106.84170191100316
06081608501,1.8971448343558281,4.537991631901841,26.463266907638047,1.9845928784999967,113.36388154378126
06081608502,1.8389355263157894,4.382629736842105,25.286428663250025,1.9845928784999978,116.24212151693264
06037219010,2.216968,3.890689,19.0697901220154,1.983659216800003,189.6825396825397
06037530006,2.481451,4.372284,32.32897598261113,1.983659216800002,262.69841269841265
06037209520,2.577516,4.412401,22.523615528130758,1.9836592167999998,222.22222222222223
06037208720,2.592994863636364,4.4371339545454545,22.51716393797272,1.9836592167999998,196.55995271249873
06037208710,2.601673409090909,4.4481482727272725,22.543451117900005,1.9836592167999998,185.62061095555603
06037181300,2.929128690607735,4.979126320441989,29.207510148705,1.9836592167999962,222.968199485444
06037300901,2.965949236598891,5.075627393715342,31.85791851239132,1.983659216799999,228.42765192226068
06073008002,1.1121448378378378,2.4713273243243243,36.942101594120274,1.9781059053200019,114.89727062637756
06073010110,1.3363388,2.715904966666667,25.472381189066763,1.9781059053199948,136.5238726248663
06073010111,1.3483987272727274,2.7502145909090907,21.58321751239696,1.9781059053200032,139.3201195534259
06073010112,1.334266,2.710008,23.33527217358298,1.9781059053200043,131.74603174603172
06073010300,0.953542,2.066709,28.32380607210003,1.9781059053200012,22.222222222222214
06073010401,0.953542,2.066709,28.323806072100016,1.9781059053200027,22.222222222222214
06073012600,1.1693962335766424,2.608334,34.01141543596648,1.9781059053200036,55.78671947990018
06073012700,1.007396,2.539014,34.96175417194375,1.9781059053200045,138.88888888888889
06073012800,1.007396,2.539014,33.55644381081654,1.9781059053200032,138.88888888888889
06073012900,1.1131062068965516,2.645263695402299,31.722158436237905,1.9781059053199983,149.44838412816864
06073013000,1.1557088763440861,2.646705182795699,32.63028721585366,1.978105905319997,142.2760834693339
06081608600,1.838081,4.322893612244897,26.185087837055818,1.9845928784999967,132.87976979521758
06081608700,1.8481692843450481,4.38770722683706,23.852566458627543,1.9845928785000062,129.20075771134253
06081609000,1.8518377037037035,4.368029703703703,23.556739254666745,1.9845928784999967,136.32989768584477
06081609300,2.226178157894737,4.82141694736842,25.86343996104293,1.9845928784999969,166.71722191867005
06073008101,0.897279,1.828218,37.04637461534807,1.9647403248786506,16.666666666666657
06073008102,0.8855435,1.8056154739583332,36.71523242263873,1.9575006354729132,13.75267843863763
06073008301,1.3287639882352942,2.713351235294118,36.40368329976967,1.9781059053199919,190.57406733162983
06073008306,1.4407744166666667,2.8273374583333335,34.859037999032445,1.9781059053199928,183.03895425532977
06073010402,0.953542,2.066709,28.323806072100034,1.978105905320004,22.222222222222214
06073010501,0.8363905090909091,1.8288108181818181,32.57308388079998,1.9781059053200025,-2.030646975971474
06073010502,0.953542,2.066709,31.002852545251695,1.9781059053200047,22.222222222222214
06073010601,0.4953452012987013,1.2658657662337662,29.756924395667486,1.490001850760523,-32.30626399908881
06073013205,1.3035689047619048,2.743535968253968,30.3187914410397,1.9781059053200032,141.74340227631845
06073013102,1.3811373508771931,2.8828886666666667,30.266064521454414,1.9781059053199985,163.28468874640998
06073013103,1.297777,2.749862,31.537101710871447,1.9781059053200039,105.14325338407122
06073013104,1.297777,2.749862,30.44502074841929,1.978105905320005,145.23809523809524
06073013203,1.3907419130434782,2.898215652173913,28.597535361131825,1.9781059053200034,166.81803013662173
06073013204,1.3967674166666668,2.9078311666666665,27.101929782325033,1.9781059053200043,168.5621308108032
06081609900,2.208292486338798,4.795685431693989,24.26231719516505,1.9845928784999964,162.18182194387333
06081610000,2.195823,4.777746,25.09317514851353,1.9845928784999964,158.7301587301587
06081610100,2.195823,4.777746,27.417371064417832,1.984592878499998,158.7301587301587
06081610201,1.9660493595505617,4.384888337078651,24.67033584631912,1.9845928784999975,143.05976491584633
06073010109,1.3828206301369863,2.848142424657534,22.26078544438427,1.978105905320002,97.793830669557
06073008307,1.7742135760368662,3.394556668202765,34.51528255866134,1.9781059053199943,258.878728059697
06073008327,1.2949878713235294,2.5600161764705884,31.889739144821668,1.9781059053199939,145.3268351973996
06073008330,1.3875964757281554,2.7435576213592237,31.80095214234808,1.9781059053199952,184.81733123459736
06073010900,1.230964,2.445795,37.400199977031555,1.9781059053200043,16.059404761024126
06073011000,1.230964,2.445795,35.30382319977901,1.9321034424055854,213.4920634920635
06073011100,1.230964,2.445795,34.77657336550763,1.9020249089615433,213.4920634920635
06073013306,1.535354,3.128988,26.109016686584155,1.9781059053200003,205.5555555555555
06073013206,1.2980124129032258,2.7496048774193547,28.79815681530249,1.9781059053200007,142.39569217022165
06073013301,1.4990945882352942,3.1634950995475113,29.551023100102295,1.978105905319994,219.79579280399076
06073013302,1.535354,3.128988,28.73466141224209,1.9781059053199967,205.5555555555555
06073013303,1.535354,3.128988,27.501159339011505,1.9781059053199983,205.5555555555555
06081610203,2.18631144,4.76148352,24.808495836984026,1.9845928784999989,155.76302843297097
06081610303,1.1834953666666668,2.9787862266666667,29.925091742617358,1.9316704017400028,36.45874989973907
06081610400,1.6007706620689657,3.778081648275862,23.027009539665514,1.9845928784999967,124.76652806461811
06081610500,1.720245,3.964622,23.82620394694221,1.9845928784999969,138.0952380952381
06081610601,1.8117111909090908,4.0802775,18.89360959223543,1.984592878499997,139.81558562011378
06081610602,1.7098152715231787,3.948337622516556,19.228741049439083,1.9845928784999967,137.25177463410338
06095250400,1.9430179937499998,3.898161575,28.88699863820501,1.9845928784999967,55.4963498332296
06095250501,2.226570033333333,4.299980533333334,29.191667142239318,1.9845928784999967,70.41746368178647
06095250502,2.2810691315789473,4.3707835263157895,30.420286180534177,1.9845928784999964,70.24551361819762
06095250601,1.6946871007194244,3.5187036115107913,31.461335214114495,1.9845928785000004,26.59742911737395
06037430200,2.8888596067073173,4.881108158536585,28.419785150557832,1.9836592167999945,196.10534089423072
06065042516,3.104124,5.168817,29.272191409800033,1.9814317678900009,397.6190476190477
06065042716,3.2693591259445847,5.042110443324938,38.130629371258216,1.981431767889981,401.64480658857815
06065042717,3.200718885106383,4.982598359574468,37.486556493038115,1.9814317678899755,403.4423717030148
06065042902,3.2239034864864866,5.007078387968614,46.65683784675711,1.9814317678899798,366.07856877084646
06065042903,3.1310166301939057,5.04547075,50.42419974382465,1.9814317678900193,395.5776380355136
06065043006,3.0792820184210523,4.537851807894737,29.421685007674416,1.9814317678899829,326.7445013065445
06065043206,3.099116482857143,5.30151512,25.427446427429313,1.978105905320003,403.579468001538
06065043216,3.132677,5.210933,20.833700370937166,1.9781059053199985,416.9800245018208
06065043217,3.1579054942528737,5.200576900383142,20.660485955915288,1.978105905319992,434.20280589549463
06065042300,3.161491721367521,5.236792695726496,35.80682791710031,1.9814317678899696,342.29442859302293
06065042511,3.126626551181102,5.196408307086614,28.95261504369446,1.9814317678900009,408.3771179225696
06001401700,0.6982309756097561,2.546684,24.123166388603643,1.9845928784999975,47.23542511838045
06089010200,3.6607674295302015,5.93376588590604,25.576859537767795,1.9925546533899978,92.4124696618479
06073014602,2.089362840277778,4.019365902777778,35.253005726149844,1.978105905319996,378.8854326191643
06073011300,1.066839736714976,2.1814977101449275,37.26952119464026,1.9303255694427124,-11.352292042845525
06073008511,2.135554054347826,3.978703130434783,35.672031054631546,1.9781059053200043,370.5242367745525
06073013601,2.159938313084112,4.194030764018692,37.91765646509227,1.978105905320009,404.9966876644743
06073017048,2.4197393684210526,4.60214923245614,31.70397664360178,1.9781059053199934,354.585034933911
06073009507,2.2858081049723755,4.238352182320442,27.543373750364623,1.9781059053199974,401.45578227461016
06073007800,1.1200530533333333,2.4977083333333336,36.62081208142741,1.9781059053200014,130.71466172630883
06073008503,1.699121847305389,3.3552457425149704,35.56898106633029,1.9781059053200014,258.77866690259935
06073009902,1.1659016,2.347279,12.937889416093334,0.39562118106400007,117.68237280751453
06073020304,2.4873815679389315,4.556748803053435,42.187985555100326,1.9781059053200178,338.85972808536616
06073015502,2.863781235582822,5.107292804907976,61.0347733772728,1.9781059053200212,363.9905234886679
06073021202,3.225498996802558,5.290156948840927,51.08533923564513,1.978105905319987,331.84176925895525
06073016201,2.428660747933884,4.514993064049587,27.837352466103333,1.9781059053200118,388.9272042036562
06037980008,3.129402095238095,5.3067499047619044,23.33100878149999,1.9836592168,328.2102646659477
06037278102,0.97062975,2.161044214285714,25.740377652254494,1.9836592167999985,12.972287762676393
06037294301,2.020672797101449,3.787913202898551,24.18088491789997,1.9836592168000025,249.90876104726647
06037294302,2.10046241,3.9312863,24.854615030676996,1.9836592167999993,252.8654467340129
06037294421,2.072193,3.824991,22.127379800486196,1.9836592168000027,240.5116329815884
06037294701,2.0829877215189874,3.905380253164557,29.864050324459537,1.9836592168000011,239.6463809939477
06037296401,1.7270270846153848,3.5445758846153845,30.87308694427226,1.9836592167999978,127.6640396335171
06037101400,3.110520659090909,5.324803272727272,25.703689399639202,1.9836592167999947,234.37836947779505
06073018510,1.1053735847953217,2.304504169590643,31.666252393611604,1.9781059053199985,131.70107085417527
06073019803,1.196680888888889,2.4468552946859905,32.10649224583585,1.978105905319995,152.33834430431
06073015302,2.235872884976526,4.316498368544601,34.271085847469635,1.9781059053200087,407.3871279237953
06073010104,0.9954797553956835,2.137764892086331,25.367930758794316,1.9781059053200032,36.39961935028856
06073017601,0.9794818235294118,2.087376411764706,38.12708762873577,1.9781059053200123,83.53747044330554
06073016606,2.455285445086705,4.503251479768786,29.443548709454358,1.9781059053199983,383.25729883447815
06073019002,2.682624829059829,4.806069472934474,46.84766336273129,1.978105905320019,348.78629717423064
06073008501,1.492284513618677,2.9597847859922175,35.45098873569886,1.9781059053199919,228.80987695988955
06073003601,1.4215795,3.0676006153846154,31.491223892,1.9781059053200039,315.44835098208284
06073013411,1.594897107606679,3.527557400742115,31.241904935289803,1.978105905320014,333.6531370497583
06037573601,2.1454281211072663,3.994559529411765,22.80918834549554,1.983659216799995,263.48931426561956
06073002703,1.9083607788018433,3.653201184331797,30.64159370636452,1.9781059053199943,374.2359680715747
06037900103,2.9186972029478455,4.827178132653061,19.503518488111308,1.8928401628400022,400.7177388470055
06037900104,2.835235627986348,4.763722692832764,20.058631815941236,1.8928401628400022,396.1110824592933
06037900505,3.2408767900552484,5.239494060773481,28.174258230499966,1.8928401628400022,481.3503289484664
06073002602,1.8003973333333332,3.286742822222222,25.659324386762222,1.9781059053200043,346.6656518728788
06073002702,2.037563900662252,3.761253284768212,28.702795909083473,1.9781059053200012,387.3859490282871
06069000300,2.6978232146341465,4.982285156097561,33.85787053895993,1.9922713284900044,157.07007138730492
06037430101,2.8849128,4.8782833,28.240515011272745,1.983659216799997,212.818004715842
06037430600,2.91635848,4.9414437819999995,31.601194664562087,1.9836592167999938,228.3510618096284
06047002401,3.4015198167420815,5.377295269230769,36.604902751897924,1.996690059419988,170.54739012118898
06047002100,3.284848877370417,5.415307499367889,42.10825997343752,1.9966900594199763,185.97200144403288
06025011600,2.556530169642857,4.5026359375,12.709244381678117,1.9996704373900076,545.6956519023549
06025011700,2.494676405529954,4.451937428571428,13.342830511446078,1.9996704373900072,517.5715431541685
06025011801,2.5350104535714286,4.473817160714286,13.907101319673224,1.9996704373900107,527.7403431084011
06085506804,2.870977275229358,5.192333954128441,26.2999166566551,1.9845928784999964,166.47637701440917
06073009703,2.192699,4.074754,25.08808922306485,1.9781059053199956,384.12697539508054
06037404902,2.805021,4.779772,32.07433498651048,1.9836592167999996,226.1904761904762
06037481401,2.841756,4.820167,32.1952463552192,1.983659216799997,230.15873015873012
06037190901,2.6130657045454546,4.474481431818182,23.275713641700005,1.9836592168000016,172.080696061594
06037189702,2.669128359375,4.582507234375,26.432434371388325,1.9836592167999978,159.00794578330195
06037143700,2.7606381288515403,4.776531887955183,26.844859523562548,1.9836592167999945,205.23685700730795
06037900506,3.2398044716981134,5.238637452830189,28.174258230500012,1.892840162840002,480.9960111015196
06037900608,3.281154,5.271669,28.725921205200006,1.892840162840002,443.6507936507936
06061021045,3.438221,5.437803,19.677385242462776,1.9925546533899994,92.06349206349203
06073003109,1.6030735789473682,3.5371056842105264,32.9895205658879,1.9781059053200043,358.72774587895674
06073003111,1.56516,3.385412,31.262811313763734,1.97810590532,336.50793650793645
06073003112,1.588948912280702,3.4805923508771928,31.66606537136674,1.9781059053199985,348.5991531136467
06073003113,1.579067364102564,3.4410558974358976,32.629449047917355,1.978105905319996,345.5781278591832
06061022400,3.298917,5.353763,26.12754905940789,1.9925546533900063,115.00028458573142
06061023900,3.510749,5.441801,19.62485294339221,1.992554653390002,111.9047619047619
06061023200,3.344823972222222,5.350611625,18.641957356977784,1.9925546533900065,102.1832503020432
06037183402,2.9073213582089554,4.922287492537313,28.526904973600026,1.9836592168000027,227.62826153274145
06037183701,2.8802831666666666,4.855635277777778,28.584435860266623,1.983659216800002,233.2388781982635
06037183702,2.9149306704545452,4.904627034090909,28.460768814886322,1.9836592168000002,231.72606949252832
06037186201,2.825369157142857,4.8087257857142855,27.905311074120057,1.9836592168000022,215.5019936123805
06037186203,2.8336670085470086,4.804074811965812,27.43320894049237,1.9836592167999982,225.16011792558507
06037186302,2.794513,4.783754,27.34735263021316,1.9836592167999956,198.4126984126984
06037296402,1.9918202931034483,3.9871600689655176,28.902632607929355,1.9836592167999982,183.9544638115025
06037296902,1.939384,3.916093,30.071359530214554,1.9836592168000025,163.4920634920635
06037297202,1.939384,3.916093,30.866416070650015,1.9836592168000018,163.4920634920635
06037297601,1.939384,3.916093,30.634138326066648,1.983659216800003,163.4920634920635
06037297602,1.939384,3.916093,30.460524583316676,1.983659216800002,163.4920634920635
06037104204,3.0249974942528737,5.315235977011494,22.493080464231067,1.9836592168000002,245.86450818333532
06037106645,3.1169647444089454,5.350544028753994,24.075041459687707,1.9836592167999947,231.10014529139056
06037121102,3.062322788043478,5.300643760869566,24.45216473412068,1.9836592167999962,280.4446845120833
06037124104,2.879495,5.112711,27.938773064999992,1.983659216800001,280.1587301587301
06073007701,1.094829105263158,2.4381288947368422,35.824300244738154,1.9781059053200039,106.87171129032502
06073007907,1.096281,2.453603,36.89670878155244,1.978105905320003,109.52380952380956
06073021600,0.6654083373493976,1.5707246385542168,35.71004926238552,1.7397798926308465,97.86019026627916
06037406702,2.841730160714286,4.844008553571428,30.481246620208843,1.9836592167999956,243.0576318556645
06037302505,2.8531482708333336,4.866408104166667,27.83107859150415,1.983659216800002,204.51113157747824
06037302506,2.921481464285714,4.969349035714285,27.890000807680945,1.9836592168000007,219.97921346543131
06037400403,2.991628224489796,5.0199843469387755,27.30055836562742,1.9836592167999947,238.34123958698217
06037576001,1.855642,3.740596,31.932084245300015,1.9836592168000027,160.3174603174603
06089010703,3.6690548412017168,5.98865508583691,24.58405413554283,1.9925546533900043,90.88569713760074
06079010204,3.8007957554347827,6.49820579347826,49.9635961286856,1.9922713284900049,319.70438443331346
06079011002,2.409614880184332,4.156451852534563,40.418627518067616,1.9922713284900044,178.84799689261487
06037186403,2.794513,4.783754,27.104259982122393,1.9836592168000027,198.4126984126984
06073022000,1.194795,2.963464,32.66587964224135,1.9781059053200043,288.0952380952381
06073008003,0.636077213592233,1.3533511553398059,37.03870242194273,1.9781059053200045,-36.95904313218194
06073008006,0.5850718421052632,1.226908263157895,36.25524338303314,1.9632329285882753,-52.62958997086452
06073008361,1.447372,2.814609,34.44821530920684,1.9781059053200016,165.07936507936506
06073008362,1.447372,2.814609,34.17811770578132,1.9781059053200039,165.07936507936506
06037186404,2.794513,4.783754,27.12799302219999,1.9836592168000022,198.4126984126984
06037187101,2.775564,4.741567,27.19804491502933,1.9836592167999993,196.8253968253968
06037188201,2.7723860210526317,4.738155336842106,27.207004710715818,1.9836592167999996,196.13847898309888
06037189101,2.725246,4.687549,25.98702715942857,1.9836592168000027,185.7142857142857
06037189102,2.725246,4.687549,26.796087947999993,1.9836592168,185.7142857142857
06037189202,2.725246,4.687549,27.008150434277482,1.983659216799997,185.7142857142857
06037190802,2.5960852799999996,4.444174,24.117279745199998,1.9836592168000022,158.59734556854667
06037191301,2.597877,4.44247,25.380231568,1.9836592168000002,185.0135580081377
06037191302,2.695853153846154,4.630992307692308,25.380231568,1.983659216800001,185.67001103002053
06037191901,2.531862,4.321447,23.80946932795,1.9836592167999998,159.30906039095203
06037124902,2.879495,5.112711,24.925020302899988,1.9836592168000018,280.1587301587301
06037481605,2.8069910499999997,4.780677,31.453028289595967,1.9836592167999993,238.23377423252177
06037481606,2.808958877358491,4.7829122830188675,31.593254287498073,1.983659216799999,238.57685098902292
06037533703,2.500129,4.367721,29.298020447600024,1.9836592168000027,261.90476190476187
06019003302,3.655756,5.736042,40.32486012400016,1.9991352696300022,190.47619047619048
06019004901,3.6589142739726026,5.7830757260273975,40.84630184090014,1.9991352696300042,192.72177323812215
06019001303,3.679819,5.755069,45.77071896549992,1.9991352696299998,210.3174603174603
06073009305,2.035835060240964,3.910237192771084,23.86129128425665,1.9781059053199992,378.01553791469416
06037500404,2.58094,4.519481,34.439479426397156,1.9836592167999973,267.46031746031747
06037501001,2.543684,4.478569,33.42128314400863,1.9836592167999998,291.26984126984127
06037300301,3.100328153846154,5.297672970414201,29.800493749199287,1.9836592167999945,215.2048950753986
06037301205,3.00023,5.110048,31.696413368413687,1.9836592167999991,219.84126984126988
06037134905,3.2573633333333336,5.603296095238095,16.058982483315457,1.9836592168000007,346.39915516603196
06073009306,2.0872590710900476,3.9548579004739337,25.10086246649391,1.9781059053199948,362.1925999220952
06073018613,1.382801,2.730707,26.89843549549115,1.9781059053200039,213.4920634920635
06073009510,2.2645981842105263,4.206784907894737,29.070693035965867,1.9781059053200012,394.92374080785675
06073012501,1.007396,2.539014,35.7595065905,1.9781059053200027,90.18265566963773
06007002900,3.4725324400977997,5.604521867970661,27.12360884057692,1.9925546533900094,81.29867232633575
06037543306,1.9454547853403141,3.668412382198953,26.3787806062555,1.983659216799996,231.94668482031497
06037576301,1.879462603448276,3.7422404310344826,31.961352408531056,1.9836592168000027,170.92514782911024
06037576903,1.9856261764705883,3.770256411764706,27.67645674259998,1.9836592168,152.41150212479835
06037577504,1.09403,2.588709,32.35256812059998,1.9836592168000022,56.34920634920637
06037900609,3.281154,5.271669,27.990670814173466,1.8928401628400022,443.6867114663078
06007000103,3.604824546268657,5.814657886567164,37.76208980865643,1.9925546533900078,102.1533426265414
06007000104,3.6229,5.839124,42.671025705607505,1.9925546533900065,100.79380338387767
06007000401,3.5811433586956523,5.864665358695652,51.962251578376325,1.992554653390006,117.07644207489184
06019000902,3.67550946875,5.764433696428572,55.3665858730178,1.9991352696300044,193.7710039009853
06019001408,3.691908,5.747339,49.32749364279996,1.9991352696299953,210.8679255730494
06019001304,3.688630861445783,5.749434481927711,46.43553384000005,1.99913526963,210.9094502492811
06019000901,3.6945151194029853,5.776212731343283,56.60062386805962,1.999135269629996,190.9394287475047
06001433600,0.9277027566137567,3.3095312275132276,23.495952804630218,1.9845928784999964,39.07185135227057
06037901009,3.3373122523961665,5.318609977635783,32.97761231518909,1.892840162840002,503.01079161965254
06037901010,3.335648475728155,5.3239917508090615,30.478153402699984,1.892840162840002,500.6226606472376
06037901011,3.327201,5.314529,31.014967284099882,1.892840162840002,505.55555555555543
06037910504,3.144392,5.011913,20.907718695946553,1.8928401628400022,482.5396825396826
06081613900,1.724987672955975,3.7781516352201256,19.10139913817927,1.984592878500007,118.11120715329427
06019004215,3.6158169658536585,5.7818398146341465,43.68800463589306,1.9990994860659546,182.5861054127192
06073012502,1.007396,2.539014,35.37998673629005,1.9781059053200034,40.53905773929521
06073013420,1.6204304017857143,3.4723750357142857,29.074048491707142,1.9781059053200047,299.3021013822774
06073019808,1.5085706294964027,2.9746786762589927,31.436791201979805,1.9781059053199948,200.4328724470506
06073014901,2.133808,4.079658,34.98532966294963,1.9781059053199943,375.3968253968254
06037192002,2.458746,4.192447,22.348434613400023,1.9836592167999982,148.41269841269843
06037194401,2.458746,4.192447,22.706714094500033,1.9836592168000027,148.41269841269843
06037194402,2.453855301369863,4.1865562602739725,22.70671409450004,1.9836592168000018,149.0725687670419
06037195201,2.75669475,4.72131025,26.968052876944427,1.983659216800002,193.0977345950837
06037195202,2.7620000173913044,4.727005626086957,25.809221660744353,1.9836592167999985,194.35839563888808
06037195804,2.681398,4.567392,24.927286476780864,1.9836592168000018,189.6825396825397
06037195901,2.6141171944444443,4.466760388888889,24.08674633448335,1.9836592168000005,186.12145418742176
06037195902,2.6646938,4.5424076,23.589252013900012,1.9836592168000022,189.05355999410216
06037195903,2.6090131333333333,4.459126266666667,23.589252013900012,1.9836592167999998,185.85383945107657
06037201601,2.736923,4.695636,26.503070826215097,1.9836592168000018,246.031746031746
06037201602,2.736923,4.695636,28.040499235712524,1.983659216800001,246.031746031746
06073016503,2.575632,4.757623,27.360449280100042,1.978105905320004,414.28571428571433
06007000904,3.514566626953125,5.71703871484375,34.879428507521006,1.9925546533900107,104.54449115400358
06007003001,3.3470934827586207,5.569950137931035,34.00229582480251,1.9925546533900043,81.9861004813351
06007003502,3.398507648177496,5.414684832012679,33.64651501915489,1.9925546533900118,98.54660061367495
06007000901,3.5199475204678365,5.706255029239767,35.33449645036907,1.992554653390008,107.93715024086958
06007000903,3.4761240810810814,5.679664972972973,42.01105879439024,1.9925546533900067,103.07154103367046
06089010704,3.6679468548387097,5.968055258064516,32.217683073924945,1.9925546533900087,87.90501824327823
06089010603,3.733397278846154,6.090811519230769,43.09131766629803,1.9925546533900094,98.0558055527128
06089010807,3.624049,6.013324979166667,24.448929947161368,1.9925546533900123,97.22452924737703
06089011803,3.5815254544626596,6.104540411657559,41.85375391526323,1.9923684766463794,93.72328999552892
06037207103,2.722559210526316,4.644642315789473,24.034963245073687,1.9836592168,211.12613248096577
06037211704,2.5511466666666665,4.361409857142857,20.378637189000003,1.9836592168,181.2530667464972
06037237102,2.210483,3.918853,20.128702503199982,1.9836592168000022,219.7520232109101
06037240401,2.087548909090909,3.7404112207792206,20.427400396700016,1.9836592168000013,209.3863030802372
06037262704,1.4536785336787565,2.7059751606217617,32.91485874639698,1.983659216799996,40.46657238124864
06037264102,2.030776472727273,3.577572236363636,22.90885675195093,1.9836592168000025,85.61456365897666
06037620305,0.7526339295774648,1.8498947464788733,27.950437494200052,1.9836592167999973,35.714285714285694
06089011402,3.49122,5.82348,34.7204175843247,1.9925546533900078,93.65079365079364
06019004216,3.6841343221153844,5.832944985576923,44.02238713930871,1.996983954877937,182.78372672142143
06019005804,3.7947697320872273,5.868913348909658,48.553004591419395,1.9991352696299969,181.51785961904793
06019001411,3.7297048630705394,5.79388632780083,54.290921099700284,1.9991352696300053,193.0087898480443
06019001412,3.8231880483870966,5.860347119354839,61.2509426338549,1.9991352696299982,190.2308370866378
06019002904,3.6977235,5.757867615384615,47.94043230749979,1.9991352696300015,209.67456531839545
06019001409,3.690172,5.765701,52.58991658709976,1.9991352696299995,194.4444444444444
06019002905,3.742309,5.838587,45.00718738189996,1.9991352696299962,194.95453134170504
06037621104,0.667604,1.704938,26.720505975185866,1.9836592167999978,2.380952380952394
06037621204,0.667604,1.704938,25.894425308387653,1.983659216800003,32.56285515456193
06037621324,0.8055434230769232,1.8973091538461537,26.483692818799963,1.9836592168000011,114.28571428571428
06037621326,1.5084503037974684,2.919007493670886,27.24765143440002,1.9836592168000011,114.28571428571428
06037650004,1.4969996315789473,2.9183995263157896,17.027692619999982,1.9836592167999996,142.67891074633326
06037650401,1.602513917948718,3.0200899435897437,20.18686654456817,1.983659216799996,131.8952835875018
06037650901,1.6238539591836734,3.053918413265306,19.742968843345878,1.983659216799996,166.44829197840295
06037570402,2.06184,3.820444,25.959408256475037,1.9836592167999993,246.34722721533217
06037570602,2.112951,3.968935,25.917205722976153,1.9836592167999971,265.0793650793651
06037570603,2.112951,3.968935,25.885322470775023,1.9836592168000031,266.20268482249946
06037570701,2.17066,4.090986,25.134399546996775,1.983659216799996,299.967562869981
06073016504,2.5158041739130437,4.689450391304348,27.749486792882664,1.9781059053200034,414.28571428571433
06073014902,2.133808,4.079658,34.54001742013685,1.9781059053200023,375.3968253968254
06073000201,1.604755,3.14174,31.691465397957927,1.9781059053200043,294.84862993621624
06073002711,1.8914468737864079,3.6202503883495143,29.88348980048549,1.9781059053200045,369.9024067127694
06037552302,2.455423080808081,4.427902606060607,30.16208318422926,1.9836592167999993,309.0845917889668
06037553503,2.3351607999999997,4.1925362,33.15313331085201,1.9836592168000022,271.13010308599837
06037571704,2.0885749846153847,3.8981162153846154,25.619028210216957,1.983659216800003,256.3833396387975
06037573003,2.028297,3.729864,30.45244695705262,1.9836592168000027,221.42857142857144
06037920044,3.260957,5.429186,31.268571028274714,1.9836592167999991,316.6666666666667
06037570800,2.17066,4.090986,24.280074757809935,1.9836592167999958,300.7936507936507
06037570901,2.262212,4.201118,23.378888219500055,1.9836592167999954,302.3809523809523
06037570902,2.262212,4.201118,23.64819076876634,1.9836592167999973,302.3675814805268
06037571000,2.1804230714285713,4.052112533333333,22.606458388174218,1.9836592167999958,288.29261041987485
06037571101,2.2047451360946746,4.096423183431953,22.72167690704082,1.9836592167999965,293.0000442348794
06037651302,1.8452450128205127,3.4218864775641027,26.57072767510389,1.9836592167999947,187.20263508963123
06089012102,3.7021917550505052,6.144754532828283,32.21862893611365,1.9925546533900091,114.3870189010383
06089010803,3.6680181436170214,5.987755295212766,24.451982127068252,1.9925546533900087,91.57773473440577
06089011401,3.4918738310626702,5.824114615803815,33.13209480579715,1.9925546533900087,93.59442222650134
06089011801,3.54937198022356,5.925165202923474,25.882607304863917,1.9925546533900136,95.36813864391796
06019003808,3.7635989236641225,5.907823147582697,63.87323623010965,1.99913526962999,213.1845193422117
06037262706,1.6726897831858407,3.0830797345132743,31.16720596193459,1.9836592167999956,53.7849368462228
06037980006,1.845539,3.66185,27.0518290872,1.9836592168,271.9396218268847
06037604002,1.2207523720930233,2.5021617209302325,19.109702924800036,1.9836592168000005,89.20306935685402
06037701304,1.1841205,2.2514601119402986,26.610869740368013,1.983659216799995,-7.462034924133079
06037101122,3.1675578961937716,5.369777588235294,24.805548175597398,1.983659216799995,230.03267807480265
06037104404,3.024288,5.303154,23.304784637306927,1.983659216800002,287.3015873015873
06037104703,2.9995002222222222,5.281852222222222,23.60983871520002,1.9836592168000025,263.76074073025853
06037104704,3.0080277959183674,5.289180530612245,23.35815585487761,1.9836592167999993,280.1847179115976
06037106405,3.16118098013245,5.407101,28.464545530845704,1.983659216799997,219.4834958762507
06037106407,3.102202,5.403312608695653,28.305026683499996,1.9836592167999998,225.17348916761048
06037670413,1.706893,3.464836,34.95676440053519,1.9836592167999951,178.6538830409426
06019004801,3.6251186687116563,5.737409766871165,42.50398608735021,1.9991352696299998,194.86683397867577
06019004902,3.6574904093959733,5.779165711409395,41.62151275342618,1.9991352696299982,192.25990813175304
06019003301,3.655756,5.736042,40.32486012400015,1.99913526963,190.47619047619048
06019002906,3.742309,5.838587,45.007187381899904,1.999135269630001,194.9642821510003
06073003304,1.54438071875,3.32549396875,28.793989455399974,1.9781059053200032,334.49228749898805
06073007908,1.096281,2.453603,36.745230357500034,1.9781059053200032,109.52380952380956
06073014806,2.1132691351351354,3.9629007027027026,32.66899657622703,1.9781059053200036,372.5398602406704
06073008363,1.447372,2.814609,34.418626976516656,1.9781059053199999,165.07936507936506
06037106648,3.159378,5.467964,24.574681723822238,1.9836592167999987,225.39682539682545
06037109603,3.0867988723404256,5.308493361702127,21.604599304868064,1.9836592167999973,269.6477796667765
06037109604,3.0868183623188408,5.3085535869565215,21.58360354385648,1.9836592167999973,269.64469867347003
06037111206,3.1097965,5.334749964285715,19.699628793319057,1.9836592167999945,254.2863314883488
06037113101,3.132865750943396,5.375531977358491,20.875289399237634,1.9836592167999951,234.76509925001488
06037278001,1.166290440677966,2.5096681016949156,22.348909719897485,1.9836592167999982,74.2885988186203
06037104403,3.036873576923077,5.305924384615385,23.18591747498587,1.9836592168000011,282.2215072567481
06037501803,2.5722658266666665,4.534994853333333,34.978665956384,1.9836592168000016,282.2774538535896
06037501804,2.561025152542373,4.525389237288136,34.95468780210843,1.983659216800003,280.5160173880337
06073008364,1.447372,2.814609,34.21971281771201,1.9781059053200047,165.07936507936506
06089011702,3.5939066470588235,6.1628938823529404,43.83888580446535,1.992554653390008,96.28783415129298
06089012101,3.674763606965174,6.085137845771144,32.46810783424176,1.9925546533900091,105.06232575976236
06089011209,3.5401982386058983,5.866994849865952,32.36805112340722,1.9925546533900087,89.23367088994112
06037502003,2.532461,4.50098,34.692394866599976,1.9836592168000005,276.1904761904762
06037502004,2.532461,4.50098,33.53214430707992,1.9836592167999982,276.1904761904762
06037404201,2.926034831578947,4.92416494736842,22.850048791600038,1.9836592167999996,218.1780504403903
06037404504,2.8729073414634145,4.869098341463415,22.225186416500023,1.9836592168000007,234.821659184387
06037405301,2.8438286,4.8377764,28.869520125533334,1.9836592168,227.7712346545975
06037405302,2.8416331666666665,4.8339040900900905,30.14847074727791,1.9836592167999956,226.9359026488372
06019005204,3.635799,5.740452,39.80716618950008,1.9991352696300013,194.4444444444444
06019004802,3.6009591413612565,5.702180837696336,42.396203206002475,1.9991352696300022,195.25850803016624
06019003702,3.643547,5.772304,50.56099205214027,1.9991352696300033,213.4920634920635
06019003807,3.737225007518797,5.885472458646617,60.099336855537175,1.9991352696299896,214.08073400462433
06019003809,3.643687559585492,5.793499704663213,55.383741926195825,1.9991352696300024,193.30177131587868
06019003810,3.693479,5.828483,59.26249735511899,1.9991352696300029,194.4444444444444
06073008366,1.9105375526315789,3.7794953070175437,29.37277457797564,1.9781059053200023,267.9873171709112
06073009511,2.107122,3.972093,25.866149794580373,1.978105905320005,358.7317908175365
06037117101,3.033249,5.212343,22.240726821892657,1.9836592168000007,290.4761904761905
06037117201,3.064878428571429,5.238499571428572,21.861592938600047,1.9836592167999993,302.89978817904256
06037117407,3.0686124583333334,5.2415875,23.889023809499992,1.9836592167999998,303.5669478055594
06037117408,3.069271404761905,5.242132428571428,23.88902380950001,1.9836592168000013,303.86613578719766
06037119342,3.033249,5.212343,23.623095649844004,1.9836592167999998,290.4761904761905
06037120103,3.033249,5.212343,25.146577916400002,1.9836592167999998,290.4761904761905
06037700102,2.458746,4.192447,22.821003381896354,1.9836592168000025,148.5627648901758
06037920118,3.257413481727575,5.5218910764119595,27.792193432978525,1.9836592167999947,294.4648804554126
06037402406,3.0159423252032522,5.12074237398374,28.343375869554514,1.983659216799998,297.10804787631963
06047000301,3.4778382547425473,5.320777027100271,62.056549620899766,1.9966900594199932,119.3532446020438
06077005129,3.274595482014388,5.298853007194245,29.307540012970527,1.9966900594199974,103.11413394729684
06077005307,3.2641945172413793,5.195275896551725,30.393437921200047,1.9966900594199963,96.40096065243564
06077002201,3.285093703703704,5.245870259259259,34.275726266806565,1.9966900594199968,110.31746031746034
06077002202,3.285129339805825,5.250610165048544,36.361462701812705,1.9966900594200043,110.4715678656053
06077003410,3.1783325888324874,4.960651076142132,37.28936233738363,1.9966900594200037,107.93650793650794
06037408006,2.8771481826923075,4.923636009615385,26.775999086682738,1.9836592167999991,280.8201474738373
06037430003,2.894289770909091,4.888663232727272,28.73908117955344,1.983659216799995,183.55050077846357
06037430301,2.925822733490566,4.92305662735849,29.03454561082863,1.983659216799994,186.63554982451888
06047000505,3.4719880808625336,5.336459196765499,67.9185386595689,1.9966900594199775,126.59024340206936
06047000901,3.452253531390135,5.325037142376682,56.674764534319664,1.9966900594199748,156.53785521773543
06047000503,3.486887059674503,5.409835061482821,56.935511961915374,1.9966900594199828,151.53408309513625
06047000303,3.5061849319470704,5.3162802268431,61.440055284245084,1.996690059419984,110.23445662194432
06047001502,3.3199774571428575,5.155308095238095,52.96863470050289,1.996690059419997,145.13734930462311
06077003407,3.184631936170213,4.975031574468086,33.997265344235146,1.9966900594199977,108.51145931524016
06071000826,3.1564219195402297,5.29352198275862,29.513112464319565,1.9814317678900009,345.2703474740248
06071000824,3.1898546305732487,5.312976757961784,29.496331582397385,1.9814317678900006,333.33333333333326
06071000818,3.1872598651685395,5.317931421348315,28.794791634081054,1.9814317678899855,333.33333333333337
06071000904,3.183982,5.313362,29.115004328350363,1.9814317678900009,349.74431348493454
06071001104,3.140064,5.281677,29.220758183009156,1.9814317678900009,349.2063492063492
06071000823,3.184209,5.323757,28.96436237827565,1.9814317678900009,333.3333333333333
06037113102,3.125415712643678,5.360796781609196,19.806013317772734,1.9836592167999945,238.51375113883935
06037115404,3.142309,5.37953,19.289178021717614,1.9836592168,304.76190476190465
06037117202,3.07015,5.242859,21.734601719617082,1.9836592167999973,306.844736906819
06037119001,2.998994,5.216043,28.088601330224083,1.9836592167999976,304.76190476190465
06037119202,3.08154936,5.308335904,22.982299926601613,1.983659216799998,272.82337727522855
06037121801,2.963113,5.202726,30.03037976299997,1.9836592168000018,293.6507936507936
06037121802,2.9693513434343437,5.206244303030303,29.566169799262582,1.9836592167999993,292.7831572301951
06037123901,2.902879694915254,5.137884686440678,27.920295062860216,1.9836592167999982,284.31491340426817
06037125402,2.867308686746988,5.03343230120482,25.336502473639758,1.9836592168000007,251.1387199745128
06037480304,2.8500858620689655,4.8380681206896545,31.835608241934448,1.9836592168000027,226.48273311361567
06037533002,2.402771,4.201347,20.479740636655,1.983659216800001,244.44444444444449
06037536103,2.3494767627118645,4.161627101694916,29.8187979866169,1.9836592167999982,269.08867310593075
06037543322,1.9627475238095238,3.5527271904761903,25.41633761259912,1.9836592167999951,224.4317415481065
06037543400,1.95527,3.534889,24.85583587627675,1.9836592167999982,219.7646668604352
06037543501,1.8258682771084336,3.405084819277109,23.63374654393681,1.9836592167999967,204.04399530775856
06037543502,1.768064409448819,3.3029304881889763,22.23608243648271,1.9836592167999978,198.68465355893437
06071004507,3.145353371794872,5.26307005982906,23.476955010375278,1.9814317678900009,261.7789933118978
06071004509,3.1455482073170735,5.264851569105692,24.2173685613651,1.9814317678900009,261.4137350471558
06071000503,3.095901,5.197262,25.57242790959992,1.9814317678900006,299.99999999999994
06071007110,3.1391081666666665,5.195746083333333,37.37770240184111,1.9814317678900006,347.2675012622884
06067007426,3.3214293297872337,5.316790680851064,24.31724909045953,1.9925546533899974,88.37529723775351
06037502801,2.4673545675675674,4.402835959459459,32.96586634457134,1.9836592167999956,287.3784847242419
06037503105,2.5161534285714287,4.497154142857143,30.833168815709858,1.9836592167999985,308.48395823138037
06037503106,2.515253,4.493763,27.503254774360453,1.983659216799998,297.6190476190476
06037301801,2.9213013333333335,4.979300409090909,31.25485226454093,1.983659216800003,211.55212766551637
06037301802,2.889394,4.926445,30.896378297678194,1.9836592168000025,206.34920634920627
06037302004,2.928457,4.978676,30.063367809308716,1.9836592168000018,223.015873015873
06037302401,2.8882557,4.92459622,28.63786907043002,1.9836592167999993,205.5515490092559
06037302503,2.9233618260869565,4.971863260869565,29.2433348153,1.9836592168000018,219.1596644248073
06037302504,2.9072271086956523,4.950289586956521,28.622869285380425,1.9836592168000018,214.7924161084239
06037120104,3.033249,5.212343,26.00357180809565,1.9836592167999998,290.4761904761905
06037120107,3.033249,5.212343,25.14657791640001,1.9836592167999998,290.4761904761905
06037120108,3.033249,5.212343,24.875779306456618,1.9836592168000025,290.4761904761905
06047002301,3.180696338491296,5.279379868471954,52.59751163284423,1.9966900594199843,193.06462159573493
06047001901,3.5174192285714283,5.482921561904762,51.472392500612074,1.996690059419984,151.21696362259215
06047001902,3.5125126432038836,5.449324563106796,51.17244830152686,1.99669005941999,156.23086620652796
06047000601,3.4483810476190477,5.333849857142857,66.6894351110834,1.9966900594200043,131.34527163387622
06047001503,3.310812466216216,5.1328333243243245,52.983780292400105,1.9966900594199988,142.30343858267423
06067007430,3.3510032615384615,5.346220046153846,23.212109324733564,1.9925546533900056,88.16746418374049
06067007431,3.3621101549295775,5.349046971830986,23.01945151016201,1.9925546533899967,92.60672889134514
06067007432,3.3379897884615386,5.340553076923077,23.165891012088544,1.9925546533899985,81.98436524527071
06033000300,3.0658449855725878,5.28173596122633,29.687409245825677,1.9924963910757483,101.75281806037114
06033000801,3.60091342578125,5.69585830859375,33.66402884350501,1.9925546533900054,136.6715268521511
06115040301,3.4883661659192824,5.523380618834081,29.557329386438163,1.9925546533900038,92.2968825049488
06037121101,3.097324,5.316822,27.042831813192873,1.9836592168000027,272.22222222222223
06037121221,2.976539,5.210298,28.471976526726948,1.9836592168000031,292.06349206349205
06037121222,2.976539,5.210298,28.03990578113386,1.9836592167999982,292.06349206349205
06037124103,2.9422085,5.18022225,27.938773064999992,1.983659216800001,290.5869844126449
06037124105,2.879495,5.112711,27.938773065000003,1.9836592168000016,280.1587301587301
06037124203,2.9424884545454546,5.178559909090909,27.028994572225,1.9836592168000016,274.1797897560998
06037124903,2.879495,5.112711,24.925020302899984,1.9836592168000005,280.1587301587301
06037127604,3.146982,5.317579,25.672685483549966,1.9836592168000022,331.74603174603175
06037127606,3.1478476666666664,5.322351222222222,24.56237763633332,1.983659216800002,328.4293079627022
06037127712,3.1340144324324326,5.289004945945946,26.186959459299956,1.9836592168000018,317.1594476168196
06037131701,3.228441,5.511917,17.40837997737684,1.9836592167999996,334.9206349206349
06037134521,3.1962773157894735,5.511374,17.16703284478158,1.9836592168000007,297.9894779522599
06037135113,3.159614,5.487482,15.181567046400001,1.983659216800001,333.3333333333333
06037137103,3.159614,5.487482,16.748587907685724,1.9836592168000022,333.3333333333333
06037408136,2.9244830615384614,4.979506923076923,24.87614184110461,1.9836592167999978,286.9826652836084
06037571300,2.1265454155844155,3.978986329004329,22.818840529363214,1.9836592167999954,262.7543051152483
06037571400,2.05870934,3.884723173333333,23.476379854699978,1.983659216799997,246.28956705974304
06037571502,2.0371043902439023,3.8556868292682926,24.88837819189637,1.9836592167999967,244.8414248509423
06037571600,2.112951,3.968935,25.2043820747,1.9836592168,265.0793650793651
06037571701,2.0385702985074627,3.8052543731343285,25.867374427576163,1.9836592167999976,242.1684446139076
06037571800,1.963800349514563,3.759895446601942,25.720295631082514,1.9836592167999958,229.836947157262
06071001002,3.140064,5.281677,29.1495562465999,1.9814317678900006,349.2063492063492
06071000208,3.1163046201117317,5.249268553072626,28.74356981989997,1.9814317678900009,332.04558350297293
06071000205,3.12454779144385,5.260512465240642,28.533553740409037,1.9814317678900009,336.7188533278685
06071001001,3.140064,5.281677,29.279248869038998,1.9814317678900006,349.2063492063492
06071000207,3.100317,5.227461,28.76305204360648,1.9814317678900006,321.42857142857144
06071001504,3.1964809047619047,5.303967523809524,25.259796050695282,1.9814317678900009,323.2455725201093
06037408138,2.80365,4.85053,28.44913828369677,1.983659216799998,291.26984126984127
06037408139,2.80365,4.85053,28.69915692030004,1.9836592167999996,291.26984126984127
06037408724,2.859838714285714,4.911907142857142,27.869446317394313,1.9836592168000022,292.63915838332616
06037980020,3.1279093333333337,5.339989666666667,29.0644968073,1.9836592168000002,235.7159692114905
06075020402,0.10860549367088608,1.7347736835443037,16.42217881503926,1.9845928784999978,2.262946347841508
06037571900,2.037129596491228,3.8506309298245616,24.107796038529777,1.9836592167999954,239.51151011393077
06037572001,2.038906,3.852829,24.637198959268545,1.9836592167999958,239.68253968253964
06037670001,1.9843365169491525,3.6660584152542373,18.42868080442036,1.9836592167999982,210.74004148690904
06037670002,2.0076657304347827,3.7082610173913046,19.008736204300018,1.9836592167999985,218.0720374317401
06037670003,1.963066,3.62758,19.52195121513532,1.9836592167999958,203.1746031746031
06071006204,3.2077618288288288,5.306760189189189,26.151306759500006,1.9814317678900009,285.54218912828094
06071006203,3.1947914615384616,5.290309923076923,26.151306759500024,1.9814317678900006,285.98564748117724
06071006601,3.1967970895522386,5.277017567164179,37.80357371160557,1.9814317678900009,302.94624135501533
06067008505,3.274841,5.422661,24.754629297665126,1.9925546533899974,108.73010671848776
06067008507,3.3804542131979693,5.444085,27.218616107744726,1.9925546533900023,112.92628914773684
06075980900,0.5961051111111111,2.590561,20.437965465588892,1.9845928784999995,24.520986236411076
06013336202,2.955631,5.431236,15.763020384462196,1.9845928784999975,158.7301587301587
06037542104,2.1746855694444447,3.9198532916666666,29.03496227693334,1.983659216800002,273.88999207557725
06037552301,2.4709431415094336,4.449474462264151,30.607343805520742,1.983659216799999,304.35946650156217
06067008704,3.346214,5.313417,27.454094344805533,1.992554653389995,110.31746031746032
06067009010,3.2800341747572817,5.362352922330097,30.15876839073395,1.9925546533899965,105.63683487589704
06067009329,3.254942,5.053053,20.501751072233308,1.9925546533899967,103.323863357341
06067009331,3.2061296633663368,5.185679643564357,23.66670944680007,1.992554653390007,107.87388582830027
06037573004,2.028297,3.729864,30.378576700599982,1.983659216800003,221.42857142857144
06037576904,1.9860823333333333,3.7701453333333337,27.676456742600013,1.983659216800003,119.65587622051024
06037208302,2.642923185185185,4.509987925925926,23.5093564022074,1.9836592168000025,202.628264803953
06037208401,2.6630658823529414,4.540040647058823,23.58091540077058,1.9836592168,195.3194174719473
06037208402,2.681398,4.567392,23.646042129799987,1.9836592168000013,189.6825396825397
06037208502,2.681398,4.567392,23.211688094809084,1.9836592167999998,189.6825396825397
06037208801,2.59050125,4.431774875,22.813024349237494,1.9836592167999998,218.8794327713184
06037209103,2.577516,4.412401,23.276990665299994,1.9836592168,222.22222222222223
06037209104,2.577516,4.412401,23.276990665299998,1.9836592168,222.22222222222223
06037310201,3.0511592356687895,5.2338470636942676,32.542031014871945,1.983659216799997,229.2975315387387
06037310202,3.027767734375,5.156183984375,32.83473181688516,1.9836592167999978,228.3226844786638
06037310501,3.11589535,5.315257875,29.859996182268723,1.983659216800001,272.8809098812009
06037310601,3.106502888888889,5.296425696969697,30.363018420790887,1.9836592167999993,253.53351275520177
06037533803,2.491786112149533,4.356409261682243,29.495307344569238,1.983659216799999,261.8296893732461
06037533804,2.500129,4.367721,29.641273826443484,1.9836592168000025,261.90476190476187
06037533901,2.4767209101123595,4.356408516853932,31.820532146714573,1.9836592168000002,267.6049243922263
06115040302,3.3991088256880735,5.431257266055046,29.55465575900364,1.992554653389996,82.65599333635072
06011000200,3.116823402203857,5.271262426997246,23.440006650852002,1.9925546533900123,102.80682034321904
06011000500,3.1099750611353714,5.263569834061135,23.765217247420534,1.992554653390004,103.12556535161733
06011000100,3.1799099305019305,5.458283773166023,40.51617530855862,1.9925546533900134,97.27285621758185
06011000400,3.1694933628205124,5.453457123076923,25.40927753059407,1.9925546533900125,112.7037671394892
06037310602,3.1032428041237115,5.292449969072165,30.99230728737832,1.9836592167999996,253.11687217843172
06037320201,3.134496775,5.439076099999999,23.836344383729994,1.983659216800001,235.22969510374708
06037320202,3.097091540106952,5.397533989304812,24.234893344965247,1.983659216799996,226.1881387851447
06037120105,3.033249,5.212343,26.28708047918488,1.9836592168000025,290.4761904761905
06037139401,3.260202,5.572824,18.03270085253722,1.9836592168000005,319.68249910018574
06037543905,1.991100263157895,3.7331583684210528,25.312770303101345,1.9836592168000013,238.77017489927275
06037544001,1.9555508969072164,3.7189000103092784,26.90188505429588,1.9836592167999996,233.4082625891219
06037544002,1.9546511875,3.706005,27.664148666954137,1.9836592167999996,230.16290372630772
06037550201,2.447214,4.424309,32.60065685689277,1.9836592168000025,300.7936507936507
06037533902,2.4172614074074072,4.279005617283951,32.09675322496293,1.983659216800001,272.6046145646332
06037534001,2.43487029787234,4.312947063829787,32.47622118965102,1.9836592167999998,274.1010065617612
06067007106,3.279045527777778,5.266909858333333,26.336225122138167,1.9925546533900085,95.53043983806408
06067008703,3.302697113095238,5.316989264880952,24.761289100105365,1.9925546533900078,105.46497821510692
06067005509,3.289428,5.319187,21.632426393300012,1.9925546533900016,80.95238095238093
06067008508,3.3602244441624367,5.424971939086295,25.059465459371747,1.9925651493443999,113.69269953019791
06067009328,3.2343491292775663,5.20403483269962,25.24134074251371,1.9929163048679144,112.42251185644623
06067003204,3.273367,5.192653,22.852749811700043,1.9925546533900043,95.23809523809524
06067009332,3.1957997263922517,5.112807949152542,21.988415506841086,1.9925546533900094,106.86495758396217
06067009634,3.29769402739726,5.230165232876712,18.827531957914363,1.9925546533899974,96.73765227741842
06101050702,3.3245141668726825,5.388768556242274,33.41099291002003,1.9925546533900127,101.66157103373106
06101050403,3.238074355191257,5.286891885245901,32.43703413561367,1.9925546533900012,82.0790202343959
06037550202,2.432092278481013,4.401546170886076,32.61579222991775,1.9836592167999967,296.69195598451904
06037550601,2.470684,4.363044,32.837634456682814,1.983659216799997,295.027095007639
06037550602,2.4529553641025643,4.335617723076923,32.982999740509165,1.983659216799996,289.77262205988546
06037550901,2.419930481132076,4.287767424528302,33.193468510071675,1.983659216799999,279.6820364579518
06037980024,3.1924447741935484,5.445783838709677,20.64514044743549,1.9836592167999998,305.61641120007005
06019000300,3.6537086271186436,5.76117493220339,51.08707715153705,1.999135269630005,199.12422188898424
06071001312,3.200916,5.300634,25.56861670009237,1.9814317678900006,315.7385233435084
06071002206,3.170917,5.158533,27.20185755679996,1.9814317678900009,274.6031746031746
06071000604,3.1013650772200774,5.164559405405405,27.790823753595774,1.9814317678900009,296.36938639132103
06071000501,3.0942445205047315,5.198839694006309,26.191365514700003,1.9814317678899904,303.1663474578542
06071007306,3.165641456647399,5.221239710982659,35.14832541617057,1.9814317678900009,369.0990107726971
06037980026,3.167348,5.371507,26.692957325025,1.9836592167999998,222.89508985363585
06013355115,2.4460902455357143,5.048476517857143,29.533667243361922,1.9845928784999962,111.8963207982094
06013351103,2.5017548105263154,5.2236597157894735,30.994228086906915,1.9845928784999964,106.01236780017923
06013351101,2.504371050761421,5.2263423908629445,32.62224549145239,1.9845928784999964,106.45732449151576
06073021800,1.0768728636363636,2.2080443181818183,37.857551881369716,1.9781059053200045,-30.920496759838972
06037141101,2.807136,4.996877,23.232040374269182,1.9836592167999998,252.4767709869979
06037190202,2.677824,4.600372,24.117279745199998,1.9836592167999998,157.93650793650795
06073007905,0.7212402,1.5569582,36.958392158050636,1.9781059053200036,-12.46544114318079
06073007910,0.8143875882352941,1.779654294117647,36.92774058439643,1.978105905320004,14.134320322457803
06037274202,1.007637,2.126148,24.814031462383813,1.983659216799999,10.317460317460302
06067007427,3.33057644015444,5.327240791505791,23.639372598870978,1.9925546533900056,90.77911164482764
06067007429,3.339342,5.337255,22.85338767942945,1.9925546533899974,92.85714285714286
06067009201,3.2532266863425927,5.239196677083333,22.284876700839366,1.992554653390013,104.6139373678632
06037211201,2.597877,4.44247,21.94804317162,1.9836592168,184.92063492063488
06037212502,2.482595,4.275402,21.233561561899993,1.9836592167999998,202.38095238095235
06037212702,2.395902,4.098453,18.78582670843137,1.9836592167999982,182.53968253968253
06037543503,1.783912,3.327947,22.23763221446194,1.9836592167999965,210.3174603174603
06037543601,1.8391836153846155,3.430445,22.957386573599983,1.9836592168000011,221.49135320331584
06071007604,3.155321,5.217687,28.355360883050142,1.9814317678900009,307.89751763478955
06071007410,3.1651898141592922,5.244157132743363,28.28609008928507,1.9814317678900009,273.4912820839729
06071007409,3.1642829242424244,5.236809537878788,28.26804886799864,1.9814317678899998,294.13169503822155
06037214501,2.458746,4.192447,19.845259621400004,1.9836592168000025,148.41269841269843
06037215101,2.458746,4.192447,19.84525962139999,1.9836592167999998,149.36787763470386
06037216401,2.090776,3.657238,18.433099275377373,1.9836592168000025,150.79365079365078
06037216402,2.1541694,3.7519934,19.25243097956286,1.9836592168000002,150.8911866563841
06037217001,2.090776,3.657238,18.768294262499985,1.9836592168000013,150.79365079365078
06037218701,2.395902,4.098453,17.306959421500007,1.9836592168000018,182.53968253968253
06037218702,2.3855788846153847,4.086466615384616,17.44736837897692,1.9836592168000022,182.7929037133848
06037219902,2.116273056818182,3.6927005568181817,17.99991105149771,1.9836592168000002,162.092301793358
06037221304,2.40944778125,4.12610128125,18.443354305474994,1.9836592167999998,185.50461450986808
06037221401,2.4022716666666666,4.133091263157895,18.410549589299993,1.9836592168000027,191.50875117912875
06037122122,3.1062355384615383,5.341726384615385,28.452111948671156,1.9836592168000022,290.3219741262228
06037127805,3.099002,5.211855,25.916837257727828,1.9836592168000011,287.3015873015873
06037183103,2.928333,4.923578,29.59418387532854,1.9836592168000013,230.9523809523809
06037183104,2.9303922,4.931201,30.42320246447446,1.9836592168,230.01885484491572
06037543603,2.072193,3.824991,20.032017527237567,1.9836592167999965,240.38808819453092
06037543703,2.014856,3.783727,25.57023373747758,1.9836592167999993,253.968253968254
06037543801,1.9156115584415583,3.5692974415584415,24.753560677163602,1.983659216799997,230.24961119058025
06065043262,3.128525379032258,5.150986317204302,22.06968247486668,1.978105905320005,450.01515221101334
06065040101,3.199449577039275,5.283604921450151,36.565885428643824,1.9814317678899886,311.0842073758441
06037186301,2.796639095238095,4.786848,27.868483967488878,1.9836592168000031,199.84818633806375
06037531503,2.5794530161290323,4.48629279032258,27.878672170874193,1.983659216800003,247.7012567117814
06037531504,2.572092985714286,4.4725790142857145,29.667524056775697,1.9836592168000022,249.02492984276267
06037550902,2.4375682461538464,4.311813784615384,33.0282489281338,1.9836592167999978,285.4934313195313
06037551101,2.3619912000000003,4.271771599999999,33.284047650558804,1.9836592168000005,272.4719598042008
06037551102,2.3684234578313257,4.300591915662651,33.18529716171683,1.9836592168000007,276.8126234771419
06037551402,2.4001157671232876,4.25780702739726,33.40709132787123,1.9836592167999971,275.643176224695
06037551501,2.332455123966942,4.179045537190082,32.939738285244665,1.983659216799998,272.9281432141731
06071000403,3.073707223880597,5.198773440298508,26.537885324276132,1.9814317678899807,315.7996895678705
06071000815,3.1899023910891087,5.319747039603961,26.380376129035618,1.9814317678900009,297.4361293885857
06071000817,3.184522149700599,5.324327107784431,27.963274476014888,1.9814317678900006,330.294196303543
06037551502,2.3317906,4.1868927846153845,33.224356235955405,1.9836592167999978,271.58390892524375
06037552001,2.3923743076923074,4.341758442307692,31.76128015360005,1.9836592167999991,284.6268832522891
06037552002,2.447214,4.424309,31.693715268108324,1.983659216800002,300.7936507936507
06013365003,0.832874,2.286241,32.19739001092145,1.9845928784999967,7.142857142857139
06013339001,2.685583327586207,5.279945603448276,25.047318886968974,1.9845928784999984,111.1556709853417
06013345111,2.354364539534884,5.064937818604651,25.365482328460423,1.9845928784999964,97.95912702826212
06013345114,2.5437168581687613,5.241736384201077,21.068347424768756,1.9845928785000262,97.01390663406674
06013345116,2.23089,4.93852,28.642356771939646,1.9845928784999967,82.32261941180062
06037572201,1.9732032604166667,3.7597888541666666,26.65015615647803,1.983659216799996,229.53884145415984
06037572202,2.026523323529412,3.7318401102941174,27.583533971694067,1.9836592167999976,219.88003970738035
06037572301,1.9559990853658538,3.7253236341463416,28.33128395954512,1.9836592168000007,230.5695397220072
06037572600,2.0210294583333335,3.72898,29.454498319820843,1.9836592167999971,221.0835740261763
06037572700,2.0229745537190085,3.7292165950413225,30.64244432578592,1.983659216799998,221.3149160574644
06037573201,2.0009178219178083,3.76036802739726,28.240583357024644,1.9836592168000018,212.89018620150728
06037573300,1.993837,3.768257,28.122383952851276,1.9836592168000011,210.3174603174603
06037670202,2.049027693430657,3.7303617956204382,27.31007461136714,1.983659216799995,218.4760309815223
06041120002,3.4851598143236076,5.847709692307692,32.56623371182143,1.9845928785000142,133.11190137535587
06041112204,3.012890025,5.240275,35.918632257899986,1.9845928784999998,114.5206981107922
06041104103,2.9190219244604316,5.865380690647482,26.29433592249208,1.9845928785000004,144.07952127942804
06041108202,3.2266834419263457,6.013718286118981,34.88100094535265,1.9845928785000115,147.2349269349186
06041130204,0.6867034905660377,1.6125688018867925,45.46964967064348,1.9471477298490538,23.895645241566044
06041130203,1.1931846923076923,2.0725633846153846,45.38428730492569,1.9845928784999978,38.008050868436705
06041105001,2.8704870099999997,5.37873891,27.569023952087957,1.9845928784999973,139.5247275999066
06041105002,2.8286235827814568,5.33702538410596,28.869756141314557,1.9845928784999967,126.3746241304713
06041111002,3.2828577417840377,5.971889854460094,34.00357485823044,1.9845928784999964,135.54006719170994
06041108201,3.2737182065217394,6.044373315217392,34.33651552398042,1.9845928784999973,144.3294411761879
06041111001,2.8882867037037037,5.137296518518519,34.88820928846666,1.9845928785000007,108.75091691565136
06041112203,3.042369,5.288669,36.0074187095,1.9845928784999993,115.07936507936506
06041120001,3.291326,5.851515,32.933188437509195,1.9845928784999982,121.4285714285714
06041104104,2.831046057142857,5.724057885714286,28.320886811831812,1.9845928785000009,135.87766872367882
06071000606,3.104177,5.14773,28.424146824315077,1.9814317678900006,294.4444444444444
06071000813,3.19152,5.316761,25.49794831871828,1.9814317678900009,282.45136577811286
06071000603,3.1000387192982455,5.172421789473685,27.772717292442692,1.9814317678900009,302.981823265054
06071007903,3.1807850209424084,5.243134089005236,29.197457387524157,1.9814317678900009,300.2206345368067
06071008710,3.086707807174888,5.060982085201793,30.575321082759697,1.9814317678900009,284.81945928451887
06013359105,1.60528225,3.493257625,41.99051234357733,1.9845928784999964,64.8755582874449
06037980010,2.7237303214285715,4.646296785714285,25.01279858645001,1.9836592167999998,208.29839279376333
06037980013,1.029220590909091,2.2665895909090907,20.20875291713182,1.9836592167999998,69.58778342879826
06037980014,1.9734124285714287,3.712233,29.630778921057146,1.9836592167999998,200.28569277754175
06037222002,2.2674990561797754,3.9752408651685394,19.22436693600002,1.9836592168000002,202.41804070755325
06037226001,2.464862150943396,4.274009188679245,21.51536984851886,1.9836592168000025,250.0642532169848
06037226002,2.547109272727273,4.3782262727272725,21.982429380295454,1.9836592167999998,237.29153080630337
06037221402,2.4565871,4.222317299999999,19.255475168233332,1.983659216800003,196.26153481551947
06037400207,3.0262445886889457,5.065224845758355,28.278168533692593,1.9836592167999942,252.14807701803375
06037670406,1.706893,3.464836,34.937066339900014,1.9836592167999976,179.36507936507934
06037670407,1.706893,3.464836,33.810451083082526,1.9836592167999967,179.36507936507934
06071008709,3.086851,5.058529,30.340549439849053,1.9814317678899878,289.6825396825397
06037402001,3.074152,5.182613,27.270847090963056,1.9814317678900006,322.78723381557484
06037402002,3.098807480769231,5.224873615384615,27.59106601960733,1.9814317678900009,321.5430742851893
06037402303,3.060255,5.184862,27.08173417357861,1.98324038025282,319.27797256399896
06037207101,2.671338625,4.551779375,23.783503969287494,1.9836592167999998,228.159488208984
06037207102,2.6499426842105263,4.51298852631579,23.933293867768413,1.9836592168,234.1805204029764
06037207502,2.5937634285714286,4.433079857142857,23.86022406109999,1.9836592168,223.65236161725915
06037211703,2.5773895862068965,4.404911137931035,20.378637189,1.9836592167999998,176.88426058534233
06037212701,2.395902,4.098453,18.560514006099996,1.983659216800003,182.53968253968253
06037533806,2.466861086956522,4.322614565217392,29.8884218522913,1.9836592168000025,263.4354344505215
06037535002,2.3777436315789475,4.167264894736842,20.45730158540002,1.9836592168000027,245.39026437212175
06099002401,3.2876580659340657,5.292602934065934,40.80511555380005,1.996690059419998,116.50971686627427
06099003804,3.4826527460815044,5.352911344827586,45.96819775588876,1.996690059419998,111.0972855434421
06037651304,1.5504317513812154,2.985896408839779,27.82560868026963,1.9836592167999962,125.59913466503777
06037651402,2.009740082191781,3.6749173150684933,23.198846468748446,1.9836592167999956,211.92470324414072
06037670326,1.5758451327623126,3.046492169164882,33.13456481164342,1.983659216799994,139.7118140803426
06037670416,1.706893,3.464836,36.59389709340328,1.9836592167999945,179.36507936507937
06037534002,2.4395070344827583,4.320956689655173,32.52150629310916,1.9836592168000002,274.2282066094244
06037534101,2.4945843478260867,4.360203260869565,31.683790868649993,1.9836592168000018,263.74946469224614
06037534202,2.372602,4.194813,32.34049190743034,1.9836592168000011,268.6362275161041
06071002014,3.267286856531049,5.408801916488223,30.127602854367947,1.9814317678899755,265.1420744665915
06071000819,3.2382604074074073,5.365148762962963,30.763767522774828,1.9814317678899986,307.0495753269073
06071000820,3.2622152702702705,5.405845027027027,28.110412897579707,1.981431767889984,297.7678510435817
06071000203,3.100317,5.227461,28.582864711835647,1.9814317678900009,321.42857142857144
06069000602,2.804029060240964,5.02725034939759,31.99366688321565,1.9922713284900042,172.99034930439572
06049000300,3.7934004707297517,6.5082551218925415,23.478265231624334,1.9245003616957108,143.65225095870235
06049000200,3.380264680873181,6.0488420135135135,28.118504709918156,1.9203040559640767,160.8325922417759
06049000100,3.773122149668874,6.841929683443708,23.838553665953782,1.9244139652200178,141.29067781187797
06049000400,3.8109695272045028,6.573490358348969,27.11949358394028,1.976939574232694,161.33374738590942
06069000601,2.769194503937008,4.941322653543307,31.03562987325906,1.9922713284900047,182.64853981845292
06071001707,3.1231356950672646,5.258829228699552,28.166980030935857,1.9814317678900009,315.3548884708138
06071001706,3.1227730263157896,5.258498861842106,28.474011188373737,1.9814317678900006,316.95182124326976
06071002011,3.2456058116232462,5.362433130260521,30.655869405155386,1.9814317678899735,240.03521690107831
06071000814,3.2156679295774646,5.3490545774647895,26.237644063090105,1.9814317678899855,285.07216624245495
06071000816,3.2048447165605096,5.336218719745222,27.356089735295843,1.9814317678899909,297.8432848233968
06109985202,3.613805,5.874925,41.77483064429999,1.996690059419999,114.28571428571428
06071009906,3.203706147727273,4.985714204545454,21.005236262263654,1.8928401628400022,551.69184573556
06071009911,3.2136294935543277,5.00100864640884,22.623176044365167,1.892840162840002,551.273525573457
06071009910,3.229307527777778,5.055745480769231,23.733060755572122,1.8928401628400022,569.0645571537892
06065040405,3.1383540018083185,5.2717126889692585,39.10684710943016,1.9814317678899709,300.77055100062717
06065042012,3.1414943287197232,5.215789948096886,36.02820437176678,1.981431767889995,423.93192166363576
06071004004,3.1866679972677594,5.261359540983606,35.23347991739299,1.9814317678899842,310.6984905878795
06071000901,3.196693,5.299919,30.089840992477637,1.9814317678900009,333.3333333333333
06071002016,3.225305,5.337335,31.092799025318328,1.9814317678900009,315.0793650793651
06071002027,3.223661,5.329758609756097,30.574404767365742,1.9814317678900009,303.1715161346243
06071002103,3.225305,5.337335,29.376319490287305,1.9814317678900009,315.0793650793651
06071009908,3.227457,5.018825,23.15396006629999,1.892840162840002,565.8730158730158
06071009912,3.2439485226480835,5.157387794425087,23.95736797300811,1.892840162840002,524.800031779782
06071001311,3.200916,5.300634,25.69507110260008,1.9814317678900006,315.57731061318185
06071011204,2.675438175280899,4.3043586808988765,22.63948474700194,1.981431767889977,265.60900244222006
06037573401,2.0284435535714285,3.833196214285714,25.31001285308929,1.9836592168000027,229.90426821965437
06037573402,1.993837,3.768257,26.414690270458923,1.9836592167999967,210.3174603174603
06037573403,1.991814043478261,3.7687496086956522,25.257763796083715,1.9836592167999998,215.87962557363556
06037573700,2.172287,4.03729,23.186509732140202,1.9836592167999958,285.7142857142857
06037621301,1.182020515151515,2.422346383838384,25.47429879939243,1.983659216799996,114.28571428571428
06037621400,1.4013131818181819,2.733302090909091,26.1677998385965,1.9836592167999962,114.28571428571428
06037650001,1.5079852252252253,2.934187279279279,18.608291139199995,1.9836592167999956,145.04716778506224
06037650101,1.499301754385965,2.9187689122807017,19.64326804855526,1.9836592167999954,131.85948278441435
06037650102,1.427776,2.818916,18.627812340100018,1.9836592168000007,119.04761904761904
06037650200,1.4053722466960352,2.7874652511013216,18.89090970802239,1.9836592167999956,120.10050028603212
06071002109,3.241914,5.335405,22.378813360485033,1.9814317678900009,292.91422153233515
06071002028,3.219688,5.311449,29.722039855299958,1.9814317678900009,278.57142857142856
06071001308,3.200916,5.300634,26.958006102069668,1.9814317678900006,315.8730158730159
06071001309,3.1930397209302326,5.306554,25.81336462140315,1.9814317678900009,334.72196819163605
06071008601,3.1680034120734906,5.234427362204724,34.11939360807069,1.9814317678899827,298.7733706219492
06071007603,3.1785727513227515,5.249405417989418,27.891319721013808,1.9814317678900009,323.18795583825516
06071002801,3.232885404624277,5.340013549132948,31.226458839400035,1.9814317678900009,297.1002533758132
06071000903,3.1949982,5.3017114,30.1912991355146,1.9814317678900006,335.3212470479958
06071001901,3.10126056097561,5.138863170731708,29.1657456485687,1.9814317678900009,296.72395063744426
06001438204,1.367895718918919,3.7709359081081084,24.402976704366523,1.9845928784999964,74.65525236407137
06001440336,1.512474,3.849113,27.047410422765704,1.9845928784999969,82.53968253968256
06037534301,2.3728218028169015,4.177207478873239,28.936052804430986,1.983659216800002,266.3927347478299
06037534302,2.372602,4.194813,30.09393254389998,1.9836592168000022,268.25396825396825
06037534203,2.389029,4.2284745,32.687962557625866,1.9836592168000027,273.0047696654809
06037534404,2.373158188679245,4.150264018867924,27.127383473600027,1.9836592168000025,261.4020219895498
06037534405,2.3758357352941175,4.198527573529412,29.868127036166175,1.9836592168000025,267.61031088202463
06001441926,1.690683,3.990192,20.90114277919998,1.9845928784999984,117.46031746031744
06001442301,1.8094123461538463,4.117485038461538,18.8029707245961,1.9845928784999967,115.86350746364954
06001442601,1.6438259156626507,3.9268582409638553,22.974206135233192,1.9845928784999967,113.17035162194658
06071001305,3.189152687022901,5.309475587786259,28.357426778974038,1.9814317678900006,339.9421068554923
06071001310,3.183982,5.313362,27.8250711695149,1.9814317678900009,350.7936507936508
06071001103,3.157106805970149,5.293972671641791,29.199217458179618,1.9814317678900009,349.98938898465906
06071001307,3.1975956078431373,5.30312968627451,28.05853631574511,1.9814317678900006,323.0469218546306
06071001813,3.140432,5.274585,27.033043475478934,1.9814317678900009,297.6190476190476
06001443104,1.9499400131578948,4.28594971491228,25.89077542435519,1.9845928784999962,109.18813056993258
06001444601,1.450055354085603,3.595382190661479,25.801144773561724,1.9845928784999962,101.23973239909276
06037541605,2.17416,3.918165,26.07974197784291,1.983659216799999,273.8095238095238
06037541801,2.2503391666666666,3.9988013333333337,28.86079315067812,1.9836592167999996,273.8095238095238
06071000605,3.099382975609756,5.176422317073171,27.458765430398767,1.9814317678900006,297.7922470355636
06071001704,3.1246917087378643,5.257392839805826,28.13656137523834,1.9814317678900009,314.9252282606672
06071001810,3.142256803149606,5.262242527559055,27.3575099769796,1.9814317678900009,299.3360692040832
06071002013,3.248222,5.369165,31.216722877753796,1.9814317678899989,267.46031746031747
06071002101,3.2102146811594205,5.318926217391304,30.485102509000065,1.9814317678900006,323.77874327607765
06071001101,3.140064,5.281677,28.940348348735338,1.9814317678900009,349.2408125178329
06071001804,3.153307,5.187502,27.953237676313183,1.9814317678900009,311.11111111111114
06001450746,2.919510584415584,5.471441123376624,30.426020608905922,1.9845928784999967,139.46967512849233
06001451505,2.9479664723618093,5.128987618090453,27.9662439489311,1.9845928784999964,146.76960363186438
06001983200,0.753286,2.917377,22.988737714600003,1.9845928784999993,48.0787683634953
06001451506,2.841204469565217,5.014108104347826,27.938676000856475,1.984592878499997,157.48623344515292
06001451704,2.892015218978102,5.239363116788321,29.901750964423904,1.9845928784999998,147.37727985847422
06071001809,3.159855,5.202076,27.211496739074015,1.9814317678900006,296.20176919943515
06071002023,3.240323552795031,5.34996252795031,31.116657521243418,1.9814317678900006,267.2421508043175
06071002018,3.242099,5.345077,29.658499371699968,1.98143176788999,253.1746031746031
06071001806,3.15371625,5.188412875,27.572722467418767,1.9814317678900009,310.00860315013676
06001405902,0.904068,3.158994,21.9339007465524,1.9845928784999982,52.38095238095235
06001410500,0.6607025,2.6762415,23.72560438255999,1.9845928785000007,45.972535736128165
06001425104,0.8018369863013699,2.690638397260274,23.323891452026015,1.984592878499998,47.61904761904759
06001433104,1.108793,3.670274484848485,21.788164158518217,1.9845928784999973,46.32914763006712
06071001808,3.159855,5.202076,27.49663420509992,1.9814317678900006,296.8253968253968
06071001812,3.140432,5.274585,27.444045894226047,1.9814317678900009,297.6190476190476
06071002015,3.2421703246753246,5.360759675324676,31.750106215627607,1.9814317678900009,282.2429489931147
06071002029,3.2395051784386615,5.3415558884758365,28.458237138392374,1.9814317678899989,250.00667528547424
06071002025,3.237816008888889,5.338650315555555,30.55430106109998,1.9814317678900009,259.78756766840684
06067009408,3.088985161111111,5.085060669444444,31.68325377216328,1.996690059419994,101.84572228587064
06001440333,1.180721,3.464399,26.479157880719395,1.984592878499998,58.05455391530568
06037573800,2.171315620689655,4.035650551724138,22.931419496943693,1.9836592167999965,286.3932669360154
06037573902,2.048347195121951,3.888218,23.01050499579997,1.9836592168000007,277.77889374306324
06037574000,2.114818256521739,3.9670446173913048,23.991601365936543,1.9836592167999954,273.8353358708272
06037574100,2.1131112612244896,3.957077804081633,24.13735446690776,1.9836592167999954,263.4516913824491
06067009632,3.251451592715232,5.1823792317880795,22.873861429929057,1.9966900594200003,105.04702905079236
06067009633,3.2718139615384616,5.220714346153846,19.158873594460605,1.9925546533899963,95.32202934951552
06067009635,3.371958078125,5.20881112109375,22.21683643881489,1.996690059420007,108.1087471846202
06071002019,3.2389748,5.3408359,27.93136322010007,1.9814317678900009,250.11741219515352
06001441524,1.3732226923076922,3.6450256923076925,28.178045010333808,1.9845928784999982,92.48684825183284
06001442602,1.5300612204301076,3.773089693548387,24.57175334448983,1.9845928784999964,101.57771184144242
06001443322,1.982896,4.207887,25.460541261719726,1.9845928784999967,111.11111111111111
06037574201,1.970573,3.773922,25.670969994107256,1.9836592167999967,225.39682539682545
06037574202,1.970573,3.773922,25.011551199216175,1.9836592167999998,225.39682539682545
06037574300,1.889108,3.692228,26.84927536368662,1.983659216799995,237.0994174609316
06037650300,1.1342514029850745,2.40526423880597,21.26234815038106,1.9836592167999958,63.97307806660599
06037650501,1.12862,2.398956,22.610832753100006,1.9836592167999976,62.69841269841271
06037650502,1.0552765454545454,2.2885440454545454,24.09194731839993,1.9836592167999962,53.49329715805624
06037650603,1.2348630217391303,2.5145489420289855,23.85500037464708,1.9836592167999973,81.79988569885745
06037650701,1.384889,2.705268,22.262377107634254,1.9836592167999987,114.28571428571428
06071002107,3.2226609044585985,5.314653305732484,26.761112668300015,1.9814317678900006,280.9872860059116
06071002038,3.260147962962963,5.376816074074074,28.25193306213323,1.9814317678900009,278.00757278605255
06071002035,3.2334106877828055,5.322642972850678,27.19807391520986,1.9814317678900009,277.7577437529344
06071002604,3.2819342649006624,5.3666447748344375,29.724272436386133,1.9814317678900006,278.4680062261844
06071002705,3.179445,5.268137,30.941338218378988,1.9814317678899915,270.63492063492066
06071003509,3.212364840236686,5.297129094674556,34.478843691286905,1.9814317678900006,298.36947411417793
06071003404,3.2137488,5.3054622,33.13312682544144,1.9814317678900006,295.69376086554865
06067009639,3.272706945945946,5.29112445945946,21.957139936233137,1.9925546533899976,99.1257655602898
06067004501,3.2916077723577235,5.175541317073171,20.305323626999964,1.992554653389995,89.5563644397637
06067004502,3.322130762820513,5.215003019230769,19.581830050880765,1.9925546533899985,94.3255448271772
06067004701,3.3134104260869566,5.211714904347826,21.231045518202624,1.9925546533899956,96.02339533545504
06067004702,3.3123936703296706,5.208749912087912,21.095700504699998,1.992554653390001,94.49094946004509
06067005204,3.3035871292775663,5.324475703422053,22.34910561648368,1.9925546533900056,83.98459157253204
06067005510,3.269391789473684,5.270551884210526,22.17949709985158,1.9925546533899972,80.1332449332742
06067005904,3.2925629473684213,5.300143,24.23695554218839,1.9925546533900085,87.48505129718602
06029004702,3.2849537737226275,5.3547111459854015,49.94671650675687,1.9991352696299964,223.3634153476666
06029004603,3.265689,5.332348,48.94155693160007,1.99913526963,215.15766439705388
06071004101,3.130685223214286,5.227965151785715,24.611188868864215,1.981431767889988,269.69028151029806
06071004104,3.163309558472554,5.252842260143198,24.65183648532683,1.9814317678899793,273.7789958247258
06001450745,2.8347853333333335,5.377335466666667,30.171519388642015,1.9845928784999962,146.95273802909182
06001981900,0.650091,2.712875,25.748857858658063,1.9845928785000009,45.23809523809525
06071002207,3.2934034402985075,5.3933340522388065,25.35468852130155,1.9814317678900006,273.4775562074895
06071003605,3.232938,5.319561,35.030533101699874,1.9814317678900009,304.76190476190465
06071003609,3.2275861944444446,5.314562111111111,35.858289713516726,1.9814317678900009,298.55936704067426
06071003611,3.215423,5.303201,36.44760528540006,1.9814317678900009,287.3015873015873
06071004301,3.2130038843930633,5.294464104046242,31.88592426935143,1.9814317678900009,300.7588375136747
06071004505,3.1463258981481483,5.266429518518518,25.58640678420008,1.9814317678900009,257.74815676185375
06001428700,0.6615571111111112,2.7355974444444446,25.626071035580786,1.9845928785000113,45.39604787065619
06001403701,0.7634854782608695,2.911069,21.203023375965213,1.9845928785000002,48.31458957739542
06001404102,0.9506864193548387,3.012985387096774,21.773926770100008,1.9845928785000009,48.21804815752322
06071007305,3.1674699068322982,5.229878807453416,35.59539358979824,1.9814317678900006,372.42595218912186
06029006304,3.129982,5.252968,46.392988736980584,1.99913526963,242.80783699536843
06029006404,3.1202772620689654,5.149878013793104,49.15050036029311,1.9991352696299975,279.3258772447373
06029006403,3.108049,5.160251,50.67653872499983,1.9991352696299984,252.38095238095235
06029005003,3.356821,5.449798,48.227250125302035,1.9991352696299969,229.38564421369733
06037542401,2.1728494133333336,3.9147862,26.007350867190066,1.983659216799997,273.25780187629005
06037542402,2.17182,3.9161291458333336,25.848074122746908,1.9836592167999996,270.6233625792818
06037542502,2.125013,3.79146,24.751426909768114,1.9836592168,259.5238095238095
06071002606,3.271748125,5.353075326923077,31.75910238588354,1.9814317678900009,277.6932617570045
06071002307,3.2244341454545453,5.324249331818182,32.85244111445282,1.9814317678900009,292.2914271161582
06071002306,3.207455062937063,5.301235664335664,33.02985734845106,1.9814317678900006,270.9648933033034
06071003503,3.1977873034188034,5.284570008547009,33.35323204396669,1.9814317678900009,284.02921607885446
06071005701,3.192019871287129,5.26931092079208,29.619974886568322,1.9814317678900009,300.0489788393473
06097150203,2.886270247474747,5.095980883838384,41.39537930333887,1.984592878500016,93.2890455959756
06097150204,3.131345254658385,5.309069245341615,44.53013361853092,1.9845928785000075,92.43136511907404
06097150306,3.561136067226891,5.626413450980392,40.78121406187593,1.984592878500012,105.03368510239196
06001425102,0.7217890909090909,2.4561846363636364,24.660200975936366,1.9845928785000007,46.998622288788766
06001425103,0.7269028571428572,2.432689625,24.667171029053574,1.9845928784999987,46.6446405502426
06001435103,1.703564582914573,4.254372654941373,36.33078835986369,1.984592878500028,106.89842616678688
06001437702,1.193256,3.585312,22.743303962620406,1.984592878499999,54.76190476190476
06097152906,3.1537712723004696,4.527004684507042,33.15106180669491,1.9279417468699658,85.96957129686987
06097153806,3.087123,4.459732,34.58228040013002,1.9279417468699955,79.36507936507934
06071003507,3.206104,5.292021,33.46263110421962,1.9814317678900009,297.6190476190476
06071003510,3.206104,5.292021,34.12411460490007,1.9814317678900009,298.35111511362817
06071003603,3.232938,5.319561,35.03053310169988,1.9814317678900009,304.76190476190465
06071003405,3.219631323308271,5.31250012781955,33.344177350799924,1.9814317678900006,295.8811295957708
06001440334,1.2523046503496502,3.5386235804195803,26.795262324958756,1.9845928784999967,71.76556281783844
06001441523,1.3882469344262294,3.701223704918033,27.736693761699968,1.9845928784999984,87.3276216436617
06037574400,1.8883215559566786,3.6916796606498194,26.058797437220086,1.983659216799995,238.41715248354575
06037574500,1.778641759643917,3.54024715727003,29.37678432303909,1.9836592167999945,204.1391334286873
06037574602,1.09403,2.588709,31.196117769200043,1.983659216800003,62.122377450266946
06037574800,1.7878091689189188,3.5306445878378376,29.209637182925032,1.9836592167999971,183.1454746453742
06037574901,1.9332757710843373,3.736519927710843,27.012118827987987,1.9836592167999967,231.29292301100077
06037574902,1.970573,3.773922,25.65866232497502,1.983659216800001,225.39682539682545
06037575001,1.971196142857143,3.7737702589285713,25.40641058717951,1.9836592167999985,225.08073667705503
06037575002,1.970573,3.773922,27.100125728133285,1.9836592167999985,225.39682539682545
06071003301,3.252799409638554,5.337548331325301,30.783726423046975,1.9814317678900006,279.2629513169304
06071003101,3.252859,5.337555,30.413079339299983,1.9814317678900009,277.77777777777777
06097150612,2.1073058391699093,4.5176921880674445,32.60636507930027,1.9843724460812397,124.06023911831242
06097150611,2.14608744,4.65865092,34.302262560522664,1.9845928784999967,136.4992697121734
06097150609,1.7157386078431374,4.279078745098039,27.52647354802746,1.9845928784999964,118.30797355071375
06097153807,3.114273203488372,4.5673624186046515,33.315037993026955,1.9279417468700109,90.86795056884394
06097153808,3.172998200854701,4.530752914529915,33.78907227628889,1.9279417468699915,80.33038960880577
06097154201,3.426605654028436,5.7939217345971565,35.01369654248424,1.9279417468700057,96.84195287572928
06037602900,1.939129456521739,3.5219440579710146,17.221713435257925,1.9836592167999973,200.57119984078693
06037603004,1.788372,3.317627,19.1493867615,1.9836592167999998,208.7301587301587
06071003302,3.242967,5.336448,33.39688904792297,1.9814317678900009,292.85714285714283
06071003606,3.234412852941176,5.32204438235294,34.69524599561425,1.9814317678900009,303.2092183932298
06071003612,3.215423,5.303201,36.26976275389603,1.9814317678900009,287.3015873015873
06071004003,3.220102352112676,5.28452852112676,35.35686542150341,1.9814317678899787,298.16953535283034
06071004001,3.2285169723320157,5.298310754940712,34.3121554302987,1.9814317678900009,296.91029087493496
06097152905,2.911436840236686,4.371712378698225,28.837341070243717,1.9279417468699973,80.54152199833669
06037503301,2.603868,4.579721,32.53246832055909,1.9836592167999971,285.7142857142857
06037503302,2.591208714285714,4.567441285714286,31.508482369429675,1.983659216799996,287.1371311101328
06097153103,2.688579,4.196682,32.44582712574809,1.9279417468699935,96.03174603174602
06097153804,3.171804923566879,4.527692280254778,35.121269679490986,1.927941746869999,80.09599954304059
06067005205,3.316803193548387,5.329912709677419,22.078972912310732,1.9925546533899974,85.97285412500895
06067007016,3.3846365271966525,5.34530660669456,27.517704526348634,1.9925546533900047,87.78494590271714
06071004103,3.1682123368421053,5.255649417543859,24.519655913057928,1.9814317678899958,278.0872958310012
06071003607,3.2213839873949577,5.308768899159665,36.07722006645885,1.9814317678900009,293.2924514040541
06037503401,2.5911754530612243,4.572338689795918,28.14499826234174,1.9836592167999954,289.37767602987503
06071003804,3.2153390478260873,5.298103256521739,31.913133999334896,1.9814317678900009,286.01194907695583
06071004302,3.1895559838709677,5.270399913978495,30.356826275039655,1.9814317678900009,303.5463221494768
06067007020,3.377897214285714,5.330288214285715,26.344572312740123,1.992554653390001,94.09627865185624
06067007428,3.3397508104575166,5.336951,22.359271280556136,1.9925546533899983,93.50873773190142
06067008506,3.274841,5.422661,23.510645706999984,1.992554653390001,108.73015873015872
06067008509,3.2992902647058826,5.4265180147058825,25.28598973558825,1.992554653390006,108.73015873015872
06067009011,3.3213137,5.399737200000001,30.04390670713327,1.9925546533900063,108.41929104317936
06071003803,3.223116,5.304842,33.22707429940205,1.9814317678900009,299.20634920634916
06071006604,3.194912984,5.274558224000001,35.86652691829194,1.9814317678900009,306.80365033261893
06071006603,3.19953247368421,5.280862842105263,36.3637117762999,1.9814317678900009,303.36984242807773
06071004403,3.195851882352941,5.278228329411765,35.352066259842225,1.9814317678900006,300.35273205118324
06071004404,3.20745461971831,5.289209422535211,34.43289852159988,1.9814317678900006,301.27503274966807
06067009622,3.2793390718232045,5.250012436464088,21.445772699801136,1.996690059419994,101.8672664958112
06067005301,3.309617529411765,5.2763725,24.178260450866198,1.992554653390001,90.83317631328218
06067005903,3.288992,5.276691,24.6312151403969,1.9925546533899972,87.30158730158729
06067007019,3.3725124516129035,5.352915387096774,24.539833271701635,1.9925546533900016,94.76489789954432
06067007103,3.3441085507246378,5.295268514492754,26.692893030135536,1.9925546533899963,92.83867053003505
06037503902,2.440662,4.397857,24.032560670832947,1.983659216799996,300.84331657175744
06059063009,1.2293101700680271,2.7619075782312925,27.638023895972857,1.9814317678900006,137.55014138147027
06037542601,2.1475976779661017,3.8250757288135593,23.84363895630002,1.983659216800003,255.37001145261513
06037542602,2.125013,3.79146,24.4974148488,1.9836592167999993,259.5238095238095
06037542700,2.125013,3.79146,23.80926103558321,1.983659216799998,259.4345766118943
06037542800,2.092621125,3.7467922916666665,23.200247940062507,1.9836592167999996,249.82693522508455
06065044605,2.9133101307901907,4.8978943923705724,23.386287176828837,1.9996704373900136,619.9447365995895
06065048800,3.1133260061349692,5.074111331288344,28.020656056711537,1.9814317678900006,432.9711289196306
06065031602,3.113138,5.249567,39.0757729845332,1.9814317678900009,358.7301587301587
06065040611,3.101876073170732,5.114720707317073,30.326525569769135,1.9814317678899889,292.5144029970928
06037542900,2.1034184166666665,3.761681527777778,23.589090745100012,1.983659216800002,256.0707319777084
06059087901,2.062772,3.938221,19.01817877926468,1.9814317678900009,284.9206349206349
06059110115,2.291828,4.209213,20.097405795945804,1.983659216799999,289.4915920125641
06059087404,2.331933642857143,4.277708557142858,23.269338141161413,1.9814317678900006,282.9211255866802
06037575201,1.993837,3.768257,29.26343557556921,1.9836592168000011,210.3174603174603
06037575401,2.028297,3.729864,31.35705267790379,1.9836592168000025,221.42857142857144
06037575402,2.028297,3.729864,31.27270130055002,1.9836592168,221.42857142857144
06085503326,2.703367027522936,4.851574388379205,34.4974691149081,1.9845928785000082,114.98292360549124
06037575802,1.874825888888889,3.7394035555555556,32.16682590050002,1.9836592168000016,171.58610491444455
06037575901,1.855642,3.740596,32.261870104203695,1.9836592167999998,160.3174603174603
06037575902,1.855642,3.740596,32.24578570050001,1.983659216800001,160.3174603174603
06037576200,1.855642,3.740596,31.27724517146923,1.983659216800003,160.3174603174603
06037603101,1.788372,3.317627,19.85845842000094,1.9836592167999991,208.7301587301587
06037603200,1.718988,3.22546,21.669997145199936,1.9836592167999987,174.60317460317458
06037603301,1.7732389916666667,3.297017133333333,19.799890430279174,1.9836592167999982,205.5029743789865
06037603302,1.7559359831932775,3.2739357478991598,19.92299683257059,1.9836592167999982,194.53275301172872
06037603400,1.6431725597014926,3.1198777462686564,17.187744123350008,1.9836592167999976,173.73357141402664
06037603500,1.528949,2.964315,17.155212512300015,1.9836592167999996,150.79365079365078
06037603600,1.528949,2.964315,17.55453182961604,1.9836592167999976,150.79365079365078
06085512603,3.0820401983471073,5.43825067768595,32.806943162913164,1.9922713284900038,159.1520224784189
06085512042,2.514703369047619,4.672651261904762,18.1866727355,1.9845928784999975,140.23200089212048
06085511301,1.472493107913669,3.4743549568345324,15.931825727434545,1.9845928784999969,97.86519194180669
06085512312,3.014091,5.252928,31.999359766653196,1.9922713284900042,123.80952380952375
06037603702,1.5035266851851852,2.9250117592592595,16.011586884068503,1.9836592167999956,150.5180042118541
06065040812,3.108133,5.15456,30.293583233018758,1.9814317678899855,326.9774480299176
06065040815,3.006899,5.11277,33.63136657538432,1.9814317678900006,357.9365079365079
06037503601,2.515253,4.493763,27.027199042524177,1.9836592167999965,297.6190476190476
06065040816,3.0076838014184393,5.097473,31.909177194033408,1.9814317678900006,343.43924166214407
06065045212,2.921823,4.833681,26.608170912327637,1.9996704373900083,685.7142857142857
06101050401,3.1964816125,5.271861754166666,32.856755990222354,1.9925546533900047,83.47395907996798
06101050402,3.161492667481663,5.215526638141809,34.04645243695825,1.9925546533900094,86.80865042790599
06085503327,2.50902416751269,4.626834121827412,26.37224712383251,1.9845928784999964,127.93756368761868
06085512039,2.646724888888889,4.818944765432099,21.323538361991396,1.9845928784999967,146.5083003430835
06065045213,2.7979759810725553,4.662979353312302,26.441898044801732,1.9996704373900123,646.2491463840829
06065045214,2.8902585235109717,4.805280376175549,25.29422057826426,1.9996704373900176,707.7290500420426
06065045216,2.862549149122807,4.81301025,25.966725004016972,1.999670437390008,627.0215481831602
06065045224,2.768745686868687,4.622233096969697,27.08909387651691,1.999670437390016,624.6421847155325
06065045226,2.7148079030837002,4.664600757709251,29.309904565699984,1.9996704373900078,657.5337752556117
06037576403,1.993837,3.768257,29.67975706436,1.9836592168000016,169.65907843006784
06037576502,1.990766,3.767642311111111,30.424695285633344,1.9836592168000016,160.3174603174603
06037576602,1.9410716363636364,3.7576955272727273,30.555433331761837,1.9836592168000025,160.3174603174603
06037576700,1.9925862473118279,3.7685615698924733,29.34473806069995,1.9836592167999998,148.6512592915079
06037576801,1.993837,3.768257,28.562731192840584,1.9836592168000031,160.3174603174603
06037576802,1.9905135714285713,3.769066285714286,28.510597401649967,1.9836592168000027,132.72976094153603
06037576901,1.993837,3.768257,27.676456742600017,1.983659216800003,170.4677693711887
06037577000,1.8594619154929577,3.6236837323943663,27.7687223728232,1.9836592167999973,82.45853164688876
06037577100,1.970573,3.773922,28.562016954524783,1.983659216799997,56.349206349206355
06037577200,1.893437216,3.669623256,29.27450271411436,1.983659216799998,56.35360068221656
06037577300,1.09403,2.588709,30.165479982980575,1.9836592167999991,56.349206349206355
06037577400,1.12142196875,2.62574690625,30.26733053837502,1.9836592167999996,56.349206349206355
06055201200,3.1299281959183674,5.2902736816326525,43.748429718766296,1.9845928785000326,106.51264846908948
06037577501,1.09403,2.588709,32.22399384539067,1.9836592167999978,56.349206349206355
06037609900,1.939384,3.916093,30.087302739138384,1.9836592168000018,163.4920634920635
06037620002,0.8966584838709678,2.0740896451612905,24.372108150299976,1.9836592167999998,50.67154388436631
06037620101,0.679779,1.747205,26.339292255188898,1.9836592167999967,7.936507936507937
06037620102,0.679779,1.747205,26.500871949108532,1.9836592167999998,7.936507936507937
06001406900,1.1235364032258066,3.475349112903226,25.21963276860723,1.9845928784999969,48.66167639269396
06001422100,0.6959171898734178,2.268548949367089,28.524492876915172,1.9845928784999978,37.79376785387512
06037670328,1.7029578352668213,3.452273781902552,35.724055882987955,1.969851844061247,178.43051938291904
06037541802,2.25057504,4.03308468,29.8711510477944,1.983659216799998,275.63326892743623
06037542000,2.2090144,3.955058696,27.467327690946462,1.983659216799998,273.80952380952385
06071003102,3.2520289020979023,5.3374621048951045,30.413079339300058,1.9814317678900006,280.8800448604436
06071002803,3.233667,5.34148,30.72277105900002,1.9814317678900009,297.6190476190476
06037503602,2.525947243478261,4.5030242826086955,26.073645379200112,1.9836592167999954,298.84871575257637
06037503701,2.5569669597315436,4.53493145637584,27.0161081351094,1.9836592167999971,298.8609561943525
06037503702,2.564193,4.542063,27.145325782100052,1.9836592167999958,299.20634920634916
06001422200,0.7192012040816327,2.312506265306123,28.94491156689995,1.9845928784999973,41.69327814543851
06001422300,0.9309699390243902,2.772554975609756,29.71732806238292,1.9845928784999975,41.867216794135366
06001422400,0.9833585333333333,2.867148,30.117840319300043,1.9845928784999984,41.9137448450127
06037503801,2.4722661610738252,4.437282402684564,24.643374869320127,1.9836592167999971,300.8187053994726
06037503802,2.449012971428571,4.408274628571428,24.315352528099996,1.9836592167999973,301.4210209285503
06061022500,3.34631907518797,5.346540494736842,22.811021101196594,1.992554653390012,88.27832802883432
06061020805,3.354946,5.357172,20.263107112066734,1.9925546533900038,100.79365079365076
06061020715,3.3535743689839577,5.371465647058823,17.491852588327237,1.9925546533900014,105.47084803014224
06037503901,2.440662,4.397857,24.009584201101696,1.983659216799998,301.5833545624086
06037504001,2.492488214285714,4.464492987012987,25.635406983896726,1.983659216799997,299.0884008549922
06061021131,3.3788953378995434,5.396202356164384,22.06633847960139,1.9925546533900036,94.4668608346312
06061021130,3.380356657534247,5.397146547945205,16.16898290393289,1.99255465339,94.552461618225
06037534406,2.372602,4.194813,29.9946228929,1.9836592168000025,268.25396825396825
06037534502,2.3827165194805193,4.161605727272727,26.722804753028598,1.9836592168000013,258.53378949783087
06037534802,2.3928335283018867,4.187160339622642,23.14480444550566,1.9836592168000025,244.4700937677412
06037534803,2.3342401764705882,4.108022176470588,22.308719403670572,1.9836592168000005,247.91781670599988
06037534804,2.283891,4.039457,22.00388948058573,1.983659216800002,250.7936507936508
06015000104,1.0549802018348624,2.1406635458715595,22.234803323308714,1.9279417468699926,30.95783427514039
06065042738,3.199887,5.141747545454546,32.14692041929742,1.9814317678899824,429.1411430832183
06065042739,3.2179550654545452,5.156365505454546,38.22264548755572,1.9811777929300862,428.2949467512584
06065042740,3.010191,4.990686,29.30726471901205,1.9814317678900006,417.4603174603174
06065042741,3.0626419806763283,4.986266149758454,29.313526263698634,1.9814317678900009,404.7658248380677
06065042742,3.14456204,5.15161747,35.19143984790063,1.981431767889993,425.2863393683508
06065045233,2.873060615819209,4.781624403954802,25.82050140225307,1.9996704373900134,665.3591121699505
06065045606,2.710174898734177,4.549417354430379,29.151969491291485,1.9996704373900187,537.6329353887821
06065042720,3.101092879402348,5.088718816435432,32.2360581224335,1.98143176788996,427.2356682180626
06065044510,3.3248866325301205,5.122298475903614,29.82704177483133,1.9996704373900127,643.5559512448486
06065030900,3.146790608187134,5.252304602339181,40.233262533206364,1.9814317678900009,355.55555555555554
06037550700,2.419735249070632,4.284613955390334,32.814168916837545,1.983659216799995,276.06177619510277
06111004901,1.305343328358209,2.535818291044776,36.475819450055205,1.9836592167999976,106.77185319835084
06111004902,1.246238688172043,2.453627419354839,34.8928998389462,1.9836592167999998,110.23456852546448
06111005204,1.8312208083538082,3.428396292383292,32.36386424238688,1.9836592167999942,166.82018623745913
06037577602,1.09403,2.588709,32.01506011383819,1.983659216799998,56.349206349206355
06037599000,2.655893495145631,4.846616650485436,30.594294670219426,1.9836592167999991,413.4920634920635
06037600100,2.084642,3.735386,19.26654436400003,1.9836592168,206.34920634920627
06037600201,2.084642,3.735386,19.26654436400002,1.983659216800001,206.34920634920627
06037600202,2.084642,3.735386,18.020093353999986,1.9836592167999982,206.34920634920627
06111007513,2.7457193853658537,4.986158780487805,26.207862340493207,1.9836592167999958,249.19958924367816
06111007609,2.395696,4.43564,30.589358074552628,1.9836592167999985,192.06349206349205
06037600302,1.9964937075471698,3.604507066037736,18.020093353999986,1.983659216799999,206.9232141462844
06037600400,1.8443449097744362,3.38871654887218,16.772739715300016,1.9836592167999976,181.1117624813864
06037600501,1.7170806593406593,3.196185868131868,16.772739715300013,1.9836592168,172.14519269274723
06037620501,1.1543597894736843,2.4024875789473685,23.071830427022213,1.9836592167999965,85.72110977585864
06037620522,0.9806225306122448,2.163651224489796,23.542857108289795,1.9836592167999993,57.2625359399154
06037620400,0.779254,1.887416,24.5919881141,1.9836592167999965,35.714285714285694
06037620601,1.12862,2.398956,23.64868794503019,1.983659216799999,62.69841269841271
06061021128,3.3782878235294116,5.395023529411765,22.921821844874994,1.992554653389996,94.8036840797261
06061022100,3.6471915295698927,5.6981414946236555,25.820102463403057,0.9968611032359913,116.88082972697492
06061022800,3.3873349,5.4030594,15.665971472658434,1.9925546533900016,95.3988964006192
06061023100,3.3016387476190476,5.3605767547619045,17.925866279959383,1.9925546533900096,95.58829172560662
06061022900,3.3862859901477833,5.402170630541872,15.250084971954715,1.9925546533900025,94.62764239354934
06061023600,3.2944795300546446,5.345236213114754,22.06712733642697,1.9925546533900111,92.52930262367056
06037504002,2.491001738916256,4.462581738916256,26.175739039986098,1.9836592167999958,298.8588866624717
06037504101,2.495934768707483,4.473501095238095,27.533391823099944,1.9836592167999971,307.7329745903259
06107002204,3.4888317647058824,5.572259541176471,62.33624232009979,1.999135269630006,223.46376241927476
06107002203,3.5055689774774774,5.595266148648649,64.63142360571062,1.9991352696300042,230.97594061538757
06065042743,3.177463888468809,5.192444752362949,43.93035735619015,1.9814317678899722,420.9532179929221
06065043010,3.650534581818182,5.2571461818181815,29.558297824534577,1.9814317678899886,358.75322156756437
06037534900,2.3653813225806455,4.150429983870968,21.55276824485728,1.983659216799998,245.93924137785908
06037535101,2.2393333469387753,3.9830284285714286,20.457301585399964,1.9836592167999971,241.8269386267173
06037535102,2.249417447368421,3.9957991052631576,20.762038467036838,1.9836592168000013,243.29872584778417
06037535200,2.2231003823529414,3.962470725490196,20.84684266315783,1.9836592167999991,237.0154601260371
06037535300,2.283891,4.039457,21.741165849160968,1.983659216799998,250.7936507936508
06037535400,2.283891,4.039457,22.14842426725205,1.9836592168000018,250.7936507936508
06037535502,2.3625186268656715,4.135494910447761,24.534409889373105,1.9836592168000027,261.1494752231138
06037535603,2.30125275,4.060663111111111,23.570860443798594,1.983659216800002,252.6257068936631
06065046601,3.0843191238095238,5.125118980952381,29.680915704997158,1.9814317678900009,289.3971917618005
06065047201,3.134732237804878,4.957217975609756,27.32403166272749,1.999670437390002,579.128557737274
06065048200,3.007476,5.064363,31.703892349380226,1.9814317678900009,313.15322476621606
06059011300,2.5378533975903617,4.499571289156627,27.748596961948262,1.9836592167999967,290.51274697691053
06037535605,2.351920714285714,4.122550333333334,25.296469292399987,1.9836592168000031,260.0142462778585
06059980000,2.224043761904762,4.14193419047619,22.305478141600002,1.9814317678900004,274.3372438406478
06059062648,2.551313,4.889774,24.06606601586273,1.980640751927401,324.6031746031746
06059087505,2.2323481034482757,4.151333356321839,22.13842602260001,1.9814317678900009,276.2814073270559
06037551201,2.349765,4.216991,33.5403921658543,1.983659216799999,269.8412698412699
06037551300,2.35678487394958,4.222681546218487,33.35970565448737,1.9836592167999982,271.4233496186517
06111003802,1.041999,2.063499,29.31449116580001,1.9836592168000027,70.6349206349206
06111004305,0.71898,1.602611,27.792328513986334,1.983659216799994,6.234007527224255
06111004711,1.041999,2.063499,30.535524649846966,1.9836592168000007,70.6349206349206
06111004715,1.0550950683229814,2.0866134161490684,34.04918468284096,1.9836592167999967,22.266589318677156
06111004717,1.247076,2.377384,32.661457649699976,1.9836592168000007,70.6349206349206
06111005004,1.4082780723404256,2.7486397957446806,37.01546356612126,1.9836592167999954,137.51880691440925
06037600601,1.89734,3.480054,16.77273971530002,1.9836592167999996,171.4285714285714
06037600602,1.89734,3.480054,16.417037034800007,1.9836592168000013,171.4285714285714
06037600702,1.8867015384615384,3.465276923076923,18.14955842811345,1.9836592167999958,171.10331520992077
06037600703,1.89734,3.480054,18.111281165099992,1.983659216800002,171.01110436958714
06037600704,1.89734,3.480054,18.177897578214704,1.9836592167999976,171.4285714285714
06037600801,1.9227276879432624,3.5141936312056736,19.16565060020002,1.9836592167999973,175.31821231333822
06037600802,1.9044589285714286,3.4892988928571427,18.980828922899963,1.9836592167999985,175.89439606273135
06037600902,1.8148095384615386,3.334336875,18.343849505582675,1.9836592167999991,153.8199276958591
06037600911,1.837764,3.362545,18.25821133670001,1.9836592167999998,156.34920634920638
06061023300,3.4104692012012015,5.35783027027027,18.75900543415882,1.9925546533900078,108.42918903068846
06037530005,2.4977659545454545,4.390374736363636,32.44907861360257,1.9836592167999956,259.60015730286506
06037530101,2.481451,4.372284,33.35218369567891,1.9836592167999985,262.86605473367257
06067007424,3.3065276415094336,5.327387886792453,23.550308202747743,1.992554653389999,89.2137847871983
06067005505,3.224908404494382,5.222330786516854,23.115398222945437,1.9925546533900007,79.64166329799315
06067009312,3.262813,5.051794,20.802151471700125,1.9925546533900065,99.2063492063492
06067003202,3.27862743814433,5.194822716494845,22.71979815560005,1.992554653390002,95.10756644020957
06053010608,1.030439459770115,2.8967668735632186,25.9085100653184,1.9922713284900029,42.398573673586526
06053010506,0.9126134711538462,2.7040120096153846,32.17192477980577,1.9922713284900033,51.47141042837873
06053000702,1.0487221764705883,2.9214184411764705,27.034131355,1.9922713284900022,34.46833782312376
06053001801,0.7417042312138727,2.6017643988439305,29.86532697341909,1.9922713284900042,27.296912132426147
06037530102,2.481451,4.372284,32.65949494021113,1.9836592167999967,262.6977440022626
06037530203,2.5220852469135804,4.440694135802469,31.883760936100003,1.983659216800001,251.6289693410199
06037530204,2.5307502558139534,4.455282186046512,31.940743245830227,1.9836592168000005,251.52950051008028
06037535701,2.37318,4.148517,26.018663088648626,1.983659216799999,261.90476190476187
06037535702,2.37318,4.148517,26.37003059648623,1.983659216799998,261.90476190476187
06037535802,2.3619559259259257,4.134813296296296,25.772258235116638,1.9836592167999987,262.9265187482259
06037535803,2.37318,4.148517,25.305626534498245,1.9836592168000027,261.90476190476187
06037535606,2.283891,4.039457,22.824789253807992,1.9836592167999998,250.7936507936508
06037535804,2.37318,4.148517,26.600923056385515,1.9836592168000025,261.90476190476187
06037535901,2.37318,4.148517,27.959501960456766,1.9836592167999987,261.9065477568065
06037536000,2.3731711076923077,4.149229246153847,27.91157860261233,1.983659216800003,262.7756988987768
06067002700,3.2905716666666667,5.218861862745098,23.238241519458747,1.9925546533899983,88.49275850118627
06067009406,3.246918434706398,5.215379807186678,35.87422004004959,1.996690059419972,95.10090415458504
06065043227,3.1493971147540987,5.21388512295082,28.0262545845832,1.9781059053200045,374.6785902103308
06065043228,3.10380825,5.2620735,24.6958073407589,1.9781059053200005,399.5112921534449
06065043229,3.091537339181287,5.303193111111111,28.246296725720534,1.9781059053200023,406.0251571735018
06065048300,3.109461295081967,5.027346016393443,27.71395866306425,1.9814317678900009,440.02079214561377
06037535607,2.319697795180723,4.08319386746988,25.019003635506024,1.9836592168000007,254.37964185910303
06037536102,2.3251209345794392,4.145232738317757,32.28175125475984,1.983659216799999,270.7345949998514
06037540000,2.275367111111111,4.089483666666666,30.69769669266869,1.9836592167999971,276.8556787578691
06037540101,2.259475148387097,4.029080870967742,28.639762317326444,1.983659216799997,274.80602891592815
06037540102,2.2521111219512195,4.001091390243903,28.32937064350002,1.9836592167999967,273.8394804039092
06065048700,3.140398075892857,5.006702334821428,27.782341750211234,1.9814317678900009,405.4142468437352
06065049400,2.866435609375,4.7600320390625,26.441110770745393,1.999670437390014,605.2472713220996
06065049800,3.0598944826589594,5.28840887283237,25.36236367182208,1.9781059053200027,385.5536309164544
06037540202,2.25196,4.000517,26.190156545881806,1.9836592168000002,273.8095238095238
06037540203,2.25196,4.000517,26.494332429231093,1.9836592168,273.8095238095238
06067000200,3.2775956744186043,5.251618823255813,22.71464212507957,1.9925546533900034,85.0358066266506
06067000300,3.274103,5.231674,23.92162482828388,1.9925546533900003,86.5079365079365
06067000400,3.310208573770492,5.272510065573771,24.24780934258773,1.9925546533899952,87.3715633972052
06075011901,0.253988,1.916595,22.2845404359,1.9845928784999993,3.1746031746031917
06037551700,2.348890497005988,4.215526640718562,33.224653281365846,1.9836592167999965,269.87090581104525
06037551900,2.358395,4.301470277777778,32.5002300845703,1.9836592167999967,282.4530064861763
06037552100,2.397414369047619,4.359761571428572,31.542591216118446,1.9836592167999965,303.79967532655934
06037552200,2.4310395616438356,4.401819938356165,30.9505015277,1.9836592167999971,303.8571662550429
06067001800,3.279004240566038,5.201222188679245,23.629356954007466,1.9925546533900031,89.41586334989829
06067001900,3.312621276785714,5.260839491071428,24.296969788123153,1.9925546533899958,88.0952380952381
06067002000,3.3257329166666665,5.287081842592593,25.41225187240644,1.992554653389996,88.09523809523809
06067008137,3.320312,5.325374,20.092066326100756,1.992554653389996,99.2063492063492
06067005102,3.2186336691729323,5.243632556390978,21.425517058667293,1.9925546533900058,88.55742816210096
06067007423,3.306194,5.327348,23.702231075801848,1.9925546533899963,90.47619047619044
06111007610,2.4578243146067416,4.515713670411985,30.426754145312792,1.9836592167999951,202.0600186489389
06111007611,2.4514784796747966,4.582309609756098,31.20445475107889,1.983659216799998,188.84284048289285
06037600912,1.985348655737705,3.5858347786885245,18.714737634670517,1.983659216799998,180.20878274807873
06037601001,1.6393420571428572,3.1187095714285715,18.348894641365703,1.9836592168000022,133.1642803961342
06037601100,1.62074,3.09585,17.69365088680001,1.983659216800002,130.9523809523809
06037601211,1.62074,3.09585,18.255747244883338,1.9836592168000013,130.9523809523809
06037601212,1.62074,3.09585,17.69365088680001,1.9836592168000007,130.9523809523809
06037601301,1.837764,3.362545,18.821515100033352,1.9836592168000011,156.34920634920638
06067008905,3.305153516431925,5.386335460093897,28.939845816809374,1.9925546533900031,97.92417444462764
06067009307,3.246385,5.239673,23.37640408999985,1.9925546533900071,104.7619047619048
06067004201,3.3782580806451614,5.262782483870967,14.352566497492349,1.992554653390005,104.5247514886572
06111008700,1.0230898969072164,2.1169073092783504,33.46373963697017,1.983659216799996,65.78067515041849
06111008800,0.74755349704142,1.6584578461538462,30.58660596663554,1.9836592167999965,11.124612240526773
06111008900,0.8144174318181817,1.7387824545454547,29.32295023377276,1.9836592168000002,24.098448030185622
06111009100,1.1514537403846155,2.307979903846154,32.121459766369185,1.9836592167999991,92.39705190565807
06037601302,1.780526901098901,3.2922078571428575,19.17341625078134,1.9836592168,143.88022631562137
06037601401,1.604141260869565,3.0752861739130433,18.638994051804378,1.9836592167999998,123.82572022873129
06067000600,3.329164,5.293949,25.07323400279998,1.9925546533900014,88.0952380952381
06067000700,3.3541523333333334,5.294275111111111,25.17852763768889,1.992554653390001,91.8632211257634
06067000800,3.372592,5.2945157586206895,25.308510814551717,1.9925546533900014,92.7288176992922
06067001300,3.3270992125,5.2916136875,24.30169653928496,1.992554653389999,87.98577728078175
06067001400,3.3235882025316457,5.287642670886076,24.34744834336837,1.9925546533899992,87.70254683779669
06067001500,3.274263933333333,5.229013311111111,23.917818926487122,1.9925546533900038,86.7474375615034
06053001802,0.7976582517482518,2.640449202797203,27.446902091790914,1.992271328490004,26.935552041510352
06053000502,0.895920248366013,2.7333614836601305,24.935212842230708,1.992271328490004,30.66219871806855
06053000501,0.868238,2.699342,26.290151040439127,1.9922713284900022,26.19047619047619
06053980000,1.0586347777777778,2.9297076666666664,28.81620267094445,1.99227132849,33.23569443275022
06053010505,0.974294,2.759788,31.254892526928465,1.9922713284900038,51.58730158730157
06053011204,2.4002114923076925,4.3705691038461545,32.01110502653924,1.9922713284900047,209.29034137763568
06053014202,0.05943881395348837,1.6323711395348837,31.609098419774384,1.9922713284900038,-32.120695278693475
06053014201,0.039679,1.60277,30.665795808880066,1.9922713284900044,-34.0889420472001
06067007602,3.253731618556701,5.293475591065293,25.333181295523808,1.9925546533900067,89.27007724409842
06067005508,3.2761386766917293,5.286929015037594,21.66869352939476,1.9925546533899956,80.40989254511341
06067003600,3.2902387834394906,5.200238305732484,22.1033865894751,1.9925546533899987,87.77844512652324
06067008912,3.2793338999999997,5.34169188125,26.81400689045936,1.992554653389999,104.05076537312976
06053010607,1.075473981818182,2.953936690909091,26.569324371776368,1.9922713284900018,45.63578580342858
06037540600,2.208294,3.915418,23.16570503061186,1.9836592167999991,249.2063492063492
06037540700,2.1864368865979382,3.889584597938144,21.414058864299975,1.9836592167999996,246.1947897321171
06067007415,3.304604595375723,5.321750092485549,22.399739474020766,1.9925546533900003,89.9450640868448
06067008140,3.339215135371179,5.342438,19.216223545483818,1.992554653390004,104.80268071103843
06067008008,3.3109924156171284,5.306621879093199,22.781658550907704,1.9925546533900091,103.71380497505292
06067009110,3.255319,5.309038,22.820738755999997,1.9925546533900014,82.90394483059511
06067003501,3.291108,5.20460042,22.70816977969603,1.9925546533899978,87.8359021851357
06037540901,2.088959,3.767600287671233,20.213391009501343,1.9836592167999971,231.9469510850901
06037540902,2.061907012121212,3.7250295757575755,20.79004989057273,1.9836592167999967,228.28868144030744
06075012901,0.253988,1.916595,24.814783206657136,1.9845928785000007,3.1746031746031917
06075015802,0.1690566,1.8685766000000001,20.634571294900006,1.9845928785000004,2.19252659710967
06065045110,2.6570310387931033,4.580228331896552,25.46751801739994,1.9996704373900083,419.97599508020534
06085508900,1.1619393023255815,3.008769093023256,26.561560152969754,1.9845928784999969,72.31295290993582
06037273700,1.0982643958333334,2.24179925,22.84394539878127,1.9836592167999996,15.371185404522755
06037273800,1.007637,2.126148,22.928174994432617,1.9836592168000002,10.317460317460302
06085512019,2.4899189733333333,4.642000093333333,18.83822851453997,1.9845928784999967,153.24948806975263
06085512021,2.499364888888889,4.659149700483092,18.028555861366637,1.9845928784999964,144.9628514165562
06067006004,3.2788237660818713,5.3059657719298245,23.86328664643921,1.99255465339,84.96381440492806
06067007906,3.2432994340425534,5.27279390212766,24.50164640178598,1.9925546533900045,89.9054216317782
06067009314,3.2572150400890867,5.115815129175946,21.968376779122785,1.99255465339001,101.8734526513296
06067008207,3.267437,5.259975,24.289604421854406,1.9925546533900076,109.55440904678242
06067009501,3.110813225063939,5.102916104859335,27.630586635475723,1.9966900594199914,98.8549296895333
06067009403,3.2174758915254236,5.15815840338983,32.83337964560382,1.9966900594199748,98.96453333731289
06037274100,1.007637,2.126148,23.78720085629629,1.983659216800001,10.317460317460302
06037552400,2.415163,4.381067,27.215038460999963,1.9836592168000018,307.1428571428572
06037552602,2.406986653846154,4.368834192307692,27.869664141432647,1.9836592167999991,308.5237836658081
06083002211,1.0374303706070287,3.211774038338658,33.91034269691835,1.9922713284900049,193.4706901780708
06067009007,3.265733,5.349809,27.573040591698884,1.9925546533899978,103.968253968254
06067009008,3.2662135729166666,5.350254291666667,29.178274006458366,1.9925546533900018,103.66381784650396
06067009106,3.270074372093023,5.311693279069767,22.744997057924454,1.9925546533900003,84.04845519228516
06067009103,3.210098156028369,5.306923007092198,24.925271467027642,1.9925546533899967,91.6134931615212
06085512022,2.5254581629629627,4.682118074074074,17.349012578585203,1.9845928784999969,135.93794628623544
06067009323,3.264058531561462,5.2778296179402,22.571851896897066,1.992554653390007,95.63764130044784
06067009107,3.2618797657142857,5.3240259085714285,23.798546275911935,1.9925546533900005,82.98075555647338
06067009601,3.309299184313726,5.211153196078432,16.85870639145533,1.9925546533900054,100.73228223966645
06067009608,3.2462723777777778,5.251121022222222,20.866089862703436,1.9925546533900074,98.07300253083598
06067007903,3.274674861198738,5.291945813880126,22.4786785629489,1.9925546533900074,90.64886971543903
06067005506,3.2565205581395347,5.256437627906977,22.093264421994164,1.9925546533899983,80.22354233895294
06065042514,3.133231466666667,5.204506866666666,28.510215583688872,1.9814317678900009,404.3526032560474
06085509102,1.216852,3.136013,22.155826150900957,1.984592878499997,92.219215735071
06097154202,3.4424062450450448,5.8226353171171175,33.7683678601588,1.9279417468700075,104.36449394006011
06097150305,3.486061835443038,5.580030873417721,39.530396573407224,1.9845928784999962,111.53276251858576
06097151601,3.0084802190082645,5.1839915661157026,30.295373348673714,1.9351987100126975,110.28048862416132
06075031301,0.004491047619047619,1.5718189523809525,16.5472208274,1.9845928784999982,-3.4056360519344544
06075031302,-0.04072991304347826,1.5679242608695652,16.5472208274,1.9845928784999973,-8.646448822105791
06075032601,-0.034162,1.263206,22.39662473898985,1.9845928784999984,-12.698412698412696
06065042515,3.1115285611510792,5.1916672517985605,28.626153261608618,1.9814317678900006,388.79507914021326
06065042517,3.118131,5.082062,29.339231227600038,1.9814317678900009,399.2063492063492
06065042513,3.184940598540146,5.278108131386861,28.40884640487949,1.9814317678900006,421.7514336974826
06065042518,3.1055691666666667,5.159866087301587,29.33923122760004,1.9814317678900009,397.8608873990147
06065042519,3.1120945492957746,5.191198859154929,28.222753306831,1.9814317678900006,385.6176904705738
06085510002,2.0385080666666666,4.2293798,24.522266703709967,1.9845928784999989,147.81695551240264
06085510100,2.3000946923076926,4.542544076923077,27.506447673248346,1.9845928784999995,160.5726159726532
06075032902,-0.034162,1.263206,22.359574002043257,1.9845928784999978,-12.644595436927492
06075047802,-0.034162,1.263206,26.506460997981154,1.9845928784999987,-12.82231665190021
06075012301,0.253988,1.916595,22.2845404359,1.9845928784999995,3.1746031746031917
06085503312,2.7244147668845313,4.86940531590414,39.98988530453584,1.9845928785000209,124.82828849333724
06085505100,1.7340296486486488,3.675833720720721,17.121447415311735,1.984592878499997,81.69077993786314
06085507205,2.51982405764411,4.637388837092732,19.197212162907476,1.9845928785000162,157.00953865221905
06085508800,1.1488656739130434,3.00177197826087,22.142295726982606,1.9845928784999973,71.83039408257827
06071008714,3.1057056086956525,5.080656152173913,31.329983792943416,1.9814317678899973,300.829291066878
06071007307,3.167052532608696,5.228740125,35.193858298779624,1.981431767889984,377.65037801221985
06071006501,3.19955,5.278349,28.66598711156667,1.9814317678900009,311.7862330828719
06071006502,3.1984804444444443,5.276853555555556,27.392763621439574,1.9814317678900006,312.0386883955758
06071006303,3.211250898734177,5.3016177848101265,25.664224384243113,1.9814317678900006,297.18145953156863
06071005601,3.189867,5.26811,28.631876838601546,1.9814317678900009,295.2380952380952
06071005602,3.1913836144578314,5.269713698795181,27.695335931299994,1.9814317678900006,298.09311284553826
06071002046,3.2646344438502672,5.368958481283422,26.645282730639533,1.9814317678899835,262.29732440440824
06071002047,3.255562043956044,5.342320208791208,26.40178625337915,1.9814317678900009,278.8370776589763
06071002610,3.243488,5.319839,33.403699963127366,1.9814317678900009,292.06349206349205
06071002611,3.2469926710526313,5.323895546052632,33.174765654361074,1.9814317678900006,291.51604839709375
06071002048,3.2675088352941177,5.358802611764705,26.330239128904743,1.9814317678900006,278.8492966526121
06071002051,3.231335796296296,5.320449259259259,27.227706039536073,1.9814317678900009,278.57142857142856
06071002049,3.2304536140350875,5.319767596491228,27.232937743400022,1.9814317678900009,278.57142857142856
06071002050,3.25037,5.335157,26.667913726099965,1.9814317678900006,278.57142857142856
06071002503,3.252859,5.337555,29.53510828457256,1.9814317678900006,277.77777777777777
06071002504,3.263838725609756,5.345278457317073,29.521711098506664,1.9814317678900006,275.5664526903511
06071002405,3.2577125714285713,5.340969142857142,29.730450449564675,1.9814317678900009,276.74212610782115
06071001909,3.0160117974683542,4.985202518987342,30.93099138560378,1.9814317678900006,313.193164391179
06071000305,3.100317,5.227461,28.740916325074217,1.9814317678900009,321.42857142857144
06071000120,3.0349417465753423,5.024809140410959,28.071001908149892,1.9814317678899944,293.96599087203913
06071011601,2.930175588772846,4.904507571801567,17.54923486353012,1.8928401628400022,413.864303146933
06071009502,3.0528587673267324,4.947689633663367,22.596001725574233,1.8928401628400022,400.0664211509728
06071011801,3.005004539454806,4.951747869440458,21.417785855878687,1.8928401628400022,409.2186619352552
06071001907,3.0549280888030887,5.0379578648648655,30.226711805062074,1.9814317678900009,305.0104409009577
06071011802,3.0700040289575288,5.026729764478764,24.105719136151016,1.8928401628400022,411.0223264863134
06071009501,3.0991812747252747,4.938126758241759,23.120682496304465,1.8928401628400022,407.5525127590476
06071009915,3.0847525660377357,4.946281641509434,23.838098256745326,1.892840162840002,467.54039450944026
06071009726,2.978440700696056,4.8782683155452435,20.179653373559713,1.8928401628400022,515.1776365250637
06071009722,3.0444683197879856,4.943125519434629,21.73466919820961,1.892840162840002,526.6873243348044
06071009723,2.9960458032629558,4.880817317658349,19.831542840861523,1.8928401628400022,533.5466358459428
06071009918,3.2009887346938775,5.063776659863946,22.550410728177532,1.892840162840002,502.0992616369224
06071009917,3.16806875,4.977140416666667,22.149954187834943,1.8928401628400022,498.8753744447238
06071009916,3.096949770526316,4.953983595789474,23.18942293248545,1.8928401628400022,460.9254507541859
06071010027,3.0881248557993732,4.937092191222571,23.32437781732162,1.892840162840002,543.1400440615998
06071010039,3.0780937532467534,4.9184516926406925,23.494033617595218,1.8928401628400022,543.6154025477994
06071009725,3.0252233179012347,4.8835829058641975,22.499609923831684,1.892840162840002,545.8146428704862
06071009727,2.981922703264095,4.879358738872403,19.01699299150004,1.892840162840002,520.3840085649979
06071010036,3.24327,5.079487,24.750010163481004,1.8928401628400022,592.6093544400633
06071010037,3.162750688888889,4.969093017777778,24.039010544493486,1.8928401628400022,553.1184195005005
06071011408,2.5611949677419354,4.295803193548387,26.48002183413427,1.9814317678899915,316.3449769568854
06071010030,3.210108922330097,4.9901301310679615,27.55196822843456,1.892840162840002,530.4317376542308
06071008004,3.202533916083916,5.276863566433566,32.970203488730085,1.9814317678900006,343.81773082308496
06071002039,3.194833624489796,5.266560987755102,27.621667748003716,1.9814317678900009,218.85519642383616
06071002042,3.189820488372093,5.2664249441860465,25.563359872633463,1.9814317678900009,212.9532821854224
06071000307,3.0700207540983606,5.193242401639345,27.385009664068004,1.9814317678900009,316.7339701510529
06071010040,3.107504327272727,4.973104484848484,22.92149191022309,1.892840162840002,541.7709736948299
06071009724,3.0185477358778625,4.879340989312977,20.48805554133963,1.892840162840002,543.3948968620542
06071009914,3.1912726315789475,5.038206578947368,22.78173692656314,1.8928401628400018,505.7970606532452
06071009720,3.023229,4.875662,18.837414016999947,1.892840162840002,529.3650793650794
06071007905,3.1625222705167175,5.240552920972644,29.64433259210596,1.9814317678899889,260.62557415806475
06071009133,2.7756074300254454,4.523374563613231,17.83068006381674,1.8928401628400022,361.81119993022014
06071009130,2.957025,4.655693,19.812596187000047,1.8928401628400022,416.66666666666674
06071009129,2.94462667,4.655756816666666,19.49330867014967,1.892840162840002,392.7353888060588
06071007412,3.152933,5.237221,27.84952741170164,1.9814317678899989,287.3015873015873
06071009122,2.706413633941094,4.4409951472650775,23.603032380856057,1.8928401628400022,419.5633131724738
06037540300,2.2336951735537194,3.963766545454545,24.713529639988415,1.983659216799998,260.6507087327133
06037540400,2.208294,3.915418,23.16146322895386,1.983659216800001,249.2063492063492
06037540501,2.241241981818182,3.9796290636363634,25.276216815620003,1.9836592167999987,261.1634503488995
06071007411,3.152465895522388,5.240202910447762,29.3189366248619,1.9814317678900006,260.9971888037257
06071009123,2.7408844586666667,4.4973019644444445,22.555211044227086,1.892840162840002,456.7545871314509
06065040403,3.1651691894353373,5.289643382513661,37.732366517212014,1.981431767889971,288.8730570711896
06065040501,3.2167363464052285,5.334521300653595,36.47456921268186,1.9814317678899762,291.8783196916707
06065040503,3.266262945054945,5.37463610989011,29.91801303536431,1.9814317678900009,289.28838457487427
06065040603,3.1596931046025105,5.215407435146443,33.748007496274994,1.9814317678900009,290.5966138750821
06071007202,3.197410952606635,5.27688872985782,32.345743120399945,1.9814317678900009,356.14915609247174
06071008405,3.205068,5.260963,32.92646347709985,1.9814317678900009,308.7301587301588
06071007201,3.181217206896552,5.2647454068965525,33.892368251499995,1.9814317678900006,355.2345772937884
06071005102,3.1461309572192513,5.262934737967915,23.334792825870533,1.9814317678900009,260.06373291709826
06071004902,3.183857895104895,5.264494,33.037075235208356,1.9814317678900006,304.1808577439157
06071007112,3.136758,5.192241,37.6160871419045,1.9814317678900006,343.3383159031527
06071007111,3.1421440512820515,5.207372128205128,37.57598624469651,1.9814317678900009,332.262166453384
06071004901,3.1913282753623187,5.268681833333333,31.64343064603914,1.9814317678900006,299.4347423932887
06071004511,3.1376274431818185,5.243543943181819,27.91619363199661,1.9814317678900009,223.78300368749865
06071005501,3.1660755517241377,5.257232206896552,25.982100593193103,1.9814317678900009,282.8467622246388
06071005502,3.1716951071428574,5.262610492857143,25.596476060400057,1.9814317678900006,285.0599443610127
06071003201,3.242967,5.336448,32.33653352609994,1.9814317678900009,292.85714285714283
06071003202,3.242967,5.336448,32.33653352609994,1.9814317678900009,292.85714285714283
06071002707,3.1734112560975607,5.263399329268292,30.990293366324423,1.9814317678900006,231.2969505037322
06071002309,3.2162549076923077,5.315145892307692,32.81814260496838,1.9814317678900006,279.59350651622424
06071002608,3.2419059400479617,5.317054129496403,33.29807193511931,1.9814317678899793,293.5262637372682
06071002609,3.2589484183673467,5.339150938775511,30.435364482293746,1.9814317678899815,283.1464560921771
06071002043,3.212459210796915,5.307029876606684,24.508842745596823,1.981431767889982,219.88088254602593
06071002045,3.247881085365854,5.353711634146341,26.24782419099275,1.9814317678900006,252.4971917385108
06071002313,3.23435837962963,5.342553787037037,30.10115549510008,1.9814317678900009,297.4612425145463
06071001908,3.1370385210084035,5.106464470588235,30.500155589394996,1.9814317678900009,308.32226519819557
06071006304,3.1778886577540106,5.264622962566845,25.72160376530003,1.9814317678900009,295.58968832555786
06071009132,2.8606173125,4.59243885,15.333184139986221,1.892840162840002,375.17494792541373
06071006101,3.1789380526315787,5.293830502392344,27.24727405940914,1.9814317678900009,253.86639576409755
06071001910,3.151362847368421,5.179749321052632,29.534464758732074,1.9814317678900009,303.9291568364511
06071012201,3.076745806451613,5.037486032258064,30.24338904399228,1.9814317678900009,314.57792827687933
06071001911,3.1305900753768845,5.163867417085427,29.386514064900517,1.9814317678900009,307.1165905594806
06071002112,3.271404525423729,5.36694272881356,22.73462974039998,1.9814317678900009,282.23119414149113
06071002111,3.227837533333333,5.320232866666666,26.238718031020042,1.9814317678900009,300.34358707511296
06071012202,3.075954051587302,5.037739329365079,29.467967381507528,1.9814317678900009,314.4025041661665
06071000119,3.089389,5.096496,26.7830428839933,1.9814317678900006,308.7301587301588
06071006102,3.171846472803347,5.274779476987447,27.611134683809265,1.9814317678900009,264.5684696339148
06071009128,3.08174985106383,4.8009511489361705,21.341986434463784,1.8928401628400022,447.5502856703597
06071009127,3.142135,4.90889,21.97829776328068,1.892840162840002,492.8571428571428
06071005101,3.1695423806451615,5.279160141935484,24.70541422172964,1.9814317678899915,265.64042119852184
06071011602,3.1539468971631206,5.1937603829787236,20.37318793155802,1.892840162840002,371.1574050797668
06071009126,3.066620014571949,4.86698627140255,22.324444053019835,1.892840162840002,430.4075792145639
06071009134,2.88766132059448,4.8439064798301485,17.117282790463936,1.8928401628400022,362.2660650484728
06065040604,3.181182965844402,5.227999375711575,33.72670527318133,1.9814317678899722,284.3040620565696
06065040605,3.202868348993289,5.3109527046979865,35.65564580812404,1.9814317678899935,292.1050472777342
06067008122,3.318247032967033,5.314875,21.91204953222314,1.992554653390006,103.9299440121749
06071010031,3.201265448818898,4.9865475039370075,27.746982186971728,1.8928401628400022,536.3126014254212
06071009718,3.059843725609756,4.911048908536585,27.19480041475296,1.892840162840002,542.2545646783084
06071009131,2.861349256756757,4.5935619549549545,15.428168927441503,1.8928401628400022,355.0281500942211
06071009137,3.143854,4.902275,19.723960887705875,1.8928401628400022,526.1904761904761
06071009135,3.041615564202335,4.7721571692607005,18.011152857039377,1.8928401628400022,490.7651832988877
06071009136,3.043454517928287,4.7617162549800796,18.296238717932315,1.8928401628400022,455.1844733470413
06071009138,3.15456376119403,4.912932253731343,21.226885780795804,1.8928401628400022,511.5150632948787
06071009139,3.132753255725191,4.88320884351145,19.456500570868684,1.8928401628400022,495.5061674583151
06071009125,2.957025,4.655693,19.374903550978004,1.892840162840002,416.66666666666674
06071009124,2.966115339449541,4.657330931192661,19.520650508452363,1.8928401628400022,420.995686268181
06071008715,3.1135986045977013,5.14454860229885,33.49570347064915,1.981431767889978,294.85089970225016
06071008716,3.08889223853211,5.084836990825688,30.676903571215206,1.9814317678900009,253.41303894822792
06071008713,3.1244476306306304,5.105498792792792,32.25672646912884,1.9814317678899882,310.0251040460054
06071008712,3.1047335422077924,5.027625675324676,29.598913107818685,1.9814317678899682,245.56018600790168
06071008501,3.1556245858208958,5.228109895522388,33.68014847073535,1.9814317678899718,355.7958307098606
06085512023,2.498211,4.658134,16.689579966748852,1.9845928784999969,145.23809523809524
06071008502,3.1262029349422873,5.199478849947535,33.69366373707113,1.9814317678899598,349.05022781996286
06071008406,3.2014595447154472,5.263259605691057,32.64873282867153,1.9814317678900009,287.4124457214623
06071008201,3.1823800384615386,5.254217884615385,34.038119322965414,1.9814317678900006,359.6966577270106
06071010041,3.2331671747088184,5.027823572379368,27.784077301412427,1.892840162840002,515.7491895290525
06071010042,3.218858450310559,5.042094824534162,26.605358876011355,1.892840162840002,490.1720865116154
06071009120,2.696575973848778,4.520176993746446,25.78391792832375,1.8928401628400022,320.34042398887954
06071010434,2.7381696985294117,4.585163672794118,27.63380583821172,1.6967642111799943,411.6435551903211
06071010433,2.7695748825136612,4.595599166666667,26.51617983145771,1.6967642111800012,382.1662346558634
06071008202,3.167244,5.22279,34.007245714654005,1.9814317678900006,359.5238095238095
06071008003,3.205068,5.260963,32.40251220870004,1.9814317678900009,308.7301587301588
06071007605,3.189924,5.26489,27.106305615099977,1.9814317678900009,330.9523809523809
06071007606,3.189924,5.26489,27.127310464317286,1.9814317678900006,330.9523809523809
06071002406,3.2393087613636364,5.343508318181819,30.5129734955,1.9814317678900009,294.066044503385
06071002403,3.2799321548672564,5.364307274336283,28.385270646338096,1.9814317678900009,272.84831723690775
06071002404,3.255001,5.374614,29.018461702400028,1.9814317678900006,277.77777777777777
06067008129,3.340988,5.336031,20.826842316972506,1.9925546533899983,95.3254963896927
06067008130,3.338830435233161,5.334454626943005,20.48735591875175,1.9925546533900018,94.56456047923884
06071007002,3.2006046341463414,5.275960914634147,37.35268930302076,1.9814317678900006,313.66718308593806
06071007001,3.21028125,5.277883458333333,36.00713697935497,1.9814317678900009,326.24964353258076
06071002709,3.180215863117871,5.258732760456273,30.422975984938052,1.98143176789,235.7954998491741
06071010029,3.1246736440677965,4.938530544067796,28.502906526870493,1.892840162840002,531.6223945356858
06071010028,3.1425535899053627,4.943094525236592,26.240033560340667,1.892840162840002,539.9108733424636
06071010035,3.24327,5.079487,24.705793435299885,1.8928401628400022,592.5246925691255
06071009721,3.02158684,4.874632474285714,19.236829589327645,1.8928401628400022,529.4306593978046
06071010033,3.228353,5.026357,24.558260800534022,1.8928401628400018,554.7619047619047
06071009800,3.1664573540856034,5.067478564202335,23.2933814974906,1.8928401628400022,499.8658157513836
06071009121,2.6731915313225056,4.52664986774942,21.354423980688814,1.892840162840002,312.193400397726
06071002044,3.2375116162162163,5.333552497297298,26.42640372147842,1.9814317678900009,250.28054415823797
06071002041,3.2400441692307695,5.346861615384615,25.904355873283478,1.9814317678899727,247.20335022596117
06071000122,2.98041322147651,4.953749832214765,28.460310006057014,1.9814317678900006,275.0680460170512
06071010425,2.923574768248175,4.824741273722628,11.67704813545798,1.6967642111800136,484.85943307864727
06071002040,3.17041577734375,5.23050542578125,27.332810197175792,1.9814317678900009,203.01434780542175
06071002314,3.25604359375,5.3612312109375,29.190163070146163,1.9814317678900009,254.6230406850705
06071002708,3.221976621212121,5.306026575757576,30.77861775588392,1.9814317678899998,251.51051875198704
06071010038,3.179538,4.979294,24.279979386966804,1.8928401628400022,554.7619047619047
06071002308,3.2290287118226604,5.325026024630542,31.511845975088317,1.9814317678899804,272.18475780958573
06071002311,3.2482825857988167,5.350387189349112,30.115343359087028,1.9814317678900006,260.2768534131296
06071002310,3.227047695187166,5.316222839572192,30.597228512800026,1.9814317678900009,264.15449647833543
06071002312,3.2511125369458127,5.368574798029557,29.72773777005868,1.9814317678900009,279.61144068709876
06071010034,3.157203250134192,5.038289504562534,24.090680049245027,1.8929352692329706,423.3365244998384
06071002315,3.2309821891891892,5.317309797297297,29.957875020190677,1.9814317678900009,250.90091793051283
06071010426,2.728624689490446,4.5164324060509555,22.462465228464154,1.6967642111800123,381.67459840963784
06071010436,2.5048381856368565,4.628029638211382,18.1800944556662,1.6967642111799992,427.89059859791774
06071010427,3.049746950292398,4.842556804093568,24.212098596733778,1.6967642111799985,453.10333409507933
06071010428,2.98240587196468,4.778226782928624,21.896229749918138,1.6967642111799655,437.960134110453
06071010905,3.06027756460177,4.888850226548673,47.822081207223235,1.892840162840002,316.78088491077085
06071010906,3.072252567010309,4.910834505154639,48.51784903247268,1.8928401628400022,221.9618484063374
06071012105,2.811721994880546,4.689049118600682,21.93511263664353,1.8799580397360593,442.6727942378307
06071012106,2.606127069397042,4.429192854379977,13.299842020472436,1.7168402471861322,444.9155093042603
06071010435,2.5952042290585617,4.622625156412157,22.94069263990471,1.696764211179966,443.2710358270684
06071010431,2.7898925878995433,4.615467937214612,16.878573755893107,1.6967642111799877,416.1202663838039
06071011406,2.4405932645914397,4.191216762645914,27.983130039585227,1.9814317678900009,283.96629551792944
06071000121,2.973636279538905,4.94827611815562,28.29335050803322,1.9814317678899864,296.3880996375557
06071010432,2.73847874375,4.56316254375,22.828411709885238,1.6967642111800108,518.0480506894562
06071010429,3.1170987530040053,4.832677098798398,24.363255072076615,1.696764211179998,510.6853879133126
06071010430,3.126643623229462,4.842497779036828,23.724117594353345,1.6967642111800028,515.3969608440058
06071011407,2.5076879235880396,4.219681102990033,27.509735210926348,1.9814317678899929,286.61524867413266
06071008711,3.130938376470588,5.020784641176471,30.486476553378008,1.9814317678899616,204.15787407089485
06071007308,3.1651916,5.23063259375,36.967479433639205,1.9814317678899749,371.10761165312255
06071011405,2.5615699133333334,4.27174338,25.012606590471385,1.9814317678899769,284.7970090141753
06071011004,3.100995153846154,5.023346278846154,47.20708574642219,1.9090251676087517,157.18413562319157
06071011003,3.0569990261437905,4.904697705882353,49.649829694638534,1.8945772531351002,168.84514919888463
06071010903,3.0439735634615386,4.863552326923077,50.59980554590724,1.8928401628400022,205.29603812402377
06071007906,3.16752066,5.24169416,31.028127589968015,1.9814317678900009,237.79646582218896
06071010904,3.107363055979644,4.983590557251909,49.528812179000134,1.8928401628400022,194.47888588541352
06071010805,3.0995910714285713,5.109176779411765,37.85231622387892,1.9330413953836814,241.94920962917007
06071010806,3.074829560810811,5.065458628378378,42.194124840972734,1.8982274901741236,218.01775659386735
06071010032,3.254656808219178,5.002887277886497,24.228666268432548,1.8928401628400022,544.2607120943514
06071004512,3.1419207581967212,5.2467028852459014,28.633325364679052,1.9814317678900009,226.727231563629
06071009719,3.0558950543806644,4.9080899078549844,27.380177180757187,1.892840162840002,530.8042077875714
06037221500,2.482595,4.275402,19.99478504980002,1.9836592168000022,202.38095238095235
06037221710,2.482595,4.275402,20.643781730300013,1.9836592168000018,202.38095238095235
06037221900,2.341892,4.09972,20.08523296712682,1.9836592168000011,220.63492063492063
06037222100,2.341892,4.09972,19.186626613000023,1.9836592168000031,220.63492063492063
06037222200,2.375933048387097,4.1422237096774195,19.55160139090969,1.983659216800003,213.2154501762109
06037222500,2.341892,4.09972,19.18662661300003,1.9836592167999998,220.63492063492063
06071010019,3.2252425731462924,4.993199519038076,26.017463655758696,1.8928401628400022,525.943150635232
06071000401,3.085065872651357,5.180167954070981,25.88667943493566,1.9814317678899749,292.3611398106512
06071005800,3.1913015185185185,5.269626888888889,28.564884661202772,1.9814317678900009,298.1113253561198
06071008708,3.0900146752941176,5.03830804,29.645147920462875,1.9814317678899787,273.3056323267946
06037224010,2.577516,4.412401,22.718644281732118,1.983659216799999,222.23361546115
06037224020,2.474381,4.284486,21.89438198155,1.9836592168000013,240.78037283127145
06037234600,2.060052,3.698858,19.112023280648152,1.9836592167999967,191.2698412698413
06037234700,2.060052,3.698858,19.393373489851484,1.9836592167999991,191.2698412698413
06037235100,1.908735469879518,3.4699220421686747,18.48452283220961,1.9836592167999967,167.9373616163692
06037265100,2.3202143092783505,4.063358670103093,22.15071787901284,1.983659216799996,149.87151762128926
06037265301,2.313293,4.101202,21.87893826882089,1.9836592167999958,145.24591232089102
06037265303,2.313293,4.101202,22.227181595499992,1.9836592168,145.23809523809524
06037265304,2.313293,4.101202,22.227181595499992,1.9836592168,145.23809523809524
06037265410,2.282520128205128,4.035813230769231,22.63895422232053,1.9836592168000011,129.86159255365826
06071010014,3.1993910771028036,4.999422626168224,25.573481919795775,1.8928401628400022,553.8752424390889
06071011900,3.1083497256515775,5.060579765432099,23.61901901118159,1.8928401628400022,388.4023203946623
06067009105,3.2715424215686273,5.314028852941177,22.461745324650025,1.9925546533899965,83.0145541405902
06067009404,3.260448884185574,5.188974518117169,32.04790446245917,1.9966900594199655,93.8126736399425
06017030402,3.702572813218391,5.467517405172414,28.49121859457038,0.9968611032359926,141.41136401966725
06017031405,3.6956237135614702,5.823995897338404,53.67328078691634,1.9927590650949147,65.21217848426325
06017031406,3.7402774278425657,5.813234268221574,52.95702158551154,1.9962831499345157,72.54208918402287
06113010902,3.2756804166666664,5.671868925438597,38.49017932060088,1.992554653390004,127.5465743251781
06003010000,3.6765094885844745,5.839937757990868,30.854268547493447,1.8734668979601656,127.84166081236437
06113011001,3.27567,5.677210434782609,38.687765206852255,1.9925546533900051,127.46038449508998
06037237720,2.1500793199999997,3.83078884,20.626597577100018,1.9836592168000022,214.96605266415705
06037237800,2.187250815384615,3.8849821692307693,20.05389650987695,1.9836592167999978,215.38277946924217
06037238000,2.0366631625615765,3.6699807586206896,18.245817915765972,1.9836592167999958,196.82353306869112
06037238100,2.009162089552239,3.6324910149253733,19.461775762516442,1.9836592167999976,192.35670814032065
06037238200,2.084642,3.735386,20.020372088988253,1.983659216799997,206.34920634920627
06037238310,2.084642,3.735386,20.62659757710002,1.9836592168000022,207.59401052769397
06037238320,2.084642,3.735386,20.62659757710002,1.9836592168000025,207.54521043883508
06037238400,2.0281374860335193,3.658358469273743,18.74952633272901,1.9836592167999962,195.89882428668605
06037239320,2.351184,4.11816,20.390907665699988,1.9836592168000025,236.50793650793645
06037211000,2.5194772749244714,4.301024546827795,19.96475405730764,1.9836592167999945,161.94613345043535
06037211310,2.597877,4.44247,21.3864720167,1.9836592167999998,184.92063492063488
06037211410,2.597877,4.44247,21.726818171196985,1.9836592167999998,184.92063492063488
06037211500,2.549083304347826,4.353018217391305,20.48350725587656,1.9836592167999985,166.55769520315482
06037211701,2.525387714285714,4.310828238095238,20.37863718900002,1.9836592168000007,161.96237047843172
06037211910,2.597877,4.44247,21.3864720167,1.9836592168,184.92063492063488
06037212202,2.482595,4.275402,22.46083426669999,1.9836592167999998,202.38095238095235
06037212204,2.482595,4.275402,22.46083426669999,1.9836592167999998,202.38095238095235
06037212304,2.482595,4.275402,21.233561561899997,1.9836592167999998,202.38095238095235
06037212306,2.482595,4.275402,21.43810701269999,1.9836592167999998,202.38095238095235
06037212420,2.482595,4.275402,21.233561561899997,1.9836592168,202.38095238095235
06037212610,2.4261437441860467,4.1601793953488375,18.898769481988367,1.9836592168000013,189.6630306756947
06037212620,2.4305792000000004,4.1692326,18.560514006099996,1.9836592168000016,191.23745341158312
06065040702,3.103583081690141,5.145328966197184,30.85942213200241,1.9814317678899855,303.6256232992588
06037212800,2.395902,4.098453,18.810566212707204,1.9836592167999996,182.53968253968253
06037212900,2.395902,4.098453,18.560514006099996,1.9836592168000022,182.53968253968253
06037213100,2.434432222222222,4.177097,18.560514006099996,1.9836592168000031,192.01218602954765
06065045207,2.814733,4.683977,26.854421441400017,1.9996704373900016,694.4444444444443
06067008124,3.3348795988200592,5.344158935103245,18.622903709758486,1.992554653390008,107.62706227872135
06067008125,3.33062143902439,5.342708954268293,19.036127908695235,1.9925546533900078,108.43115145579996
06067008127,3.3429164657534245,5.337701543378996,20.691762786331882,1.9925546533900036,96.463774149616
06113011002,3.275673539215686,5.675395578431372,38.62190949541471,1.9925546533900027,127.64679203457894
06113011101,3.276012,5.501838,37.2915239636001,1.9925546533899987,129.36507936507934
06113011103,3.2872851,5.4803717999999995,33.491834733600065,1.9925546533899952,121.97610616424684
06065041001,3.168373,5.305036,38.3202720667,1.9814317678900006,355.55555555555554
06037224200,2.577516,4.412401,20.86630362466843,1.9836592168000007,222.0925728452527
06037224320,2.537710419354839,4.3549498064516134,20.64378173030001,1.9836592167999998,213.68173364415952
06037224420,2.5421554285714287,4.368544428571428,20.614015924967855,1.9836592167999998,235.81553157184135
06113010201,3.370301397727273,5.2769666022727275,24.070958268799437,1.9925546533900005,93.07462933065624
06113011203,3.281466285714286,5.705299032967033,39.550086052679006,1.992554653390001,126.94797498000771
06113011204,3.277117720647773,5.524887425101215,37.19520320970933,1.992554653390005,126.4901481962894
06037224600,2.453754,4.258903,21.569032159034784,1.9836592168000018,253.1746031746031
06037265420,2.313293,4.101202,22.227181595500028,1.9836592167999991,145.23809523809524
06037267800,1.985168,3.500908,18.912464198238094,1.9836592167999978,120.3407739114773
06037267600,1.7697007040816326,3.1460256938775513,20.522903146403024,1.9836592167999993,77.90298053362181
06037267700,1.939321,3.38441,19.194562184868413,1.9836592168000013,87.30158730158729
06099002904,3.4665409764150943,5.492096033018868,51.70183022145011,1.9966900594200045,127.96620082965356
06037235201,2.060052,3.698858,19.664680066482475,1.9836592167999996,191.2698412698413
06037235202,2.037013132743363,3.667876902654867,18.934360725063694,1.9836592167999985,188.9247633627357
06065042210,3.184246,5.314337,37.1028509955168,1.9814317678900009,343.65079365079356
06065042402,3.172931,5.209791,28.170788554509716,1.9814317678899835,343.65079365079356
06105000102,3.4233422408236347,5.50550791316025,45.37902295054105,1.9170922379899453,104.49230791760732
06105000101,3.378545176515733,5.697696285495011,45.16960164302874,1.9170922379899376,106.83300796106268
06065042403,3.144238617977528,5.258203082397004,28.343774314487707,1.981431767889999,364.82066422322185
06065042404,3.133442,5.27642,28.400031794999943,1.9814317678900009,373.8095238095238
06037269800,1.9275881904761905,3.4421934285714286,18.28299853298254,1.9836592168000031,139.962000881036
06113010203,3.3647358527918785,5.246025893401016,22.336778940959416,1.9925546533900023,89.45808868916833
06113010204,3.3628899734513276,5.2559420884955745,24.1700011265177,1.992554653390004,97.9671687883506
06065042708,3.1282048971193412,5.069455230452674,29.686460367514858,1.9814317678900009,412.66346760695274
06065044907,2.609980626760563,4.575294943661972,23.508433304600064,1.999670437389999,420.8696053414979
06065045704,2.6825924651162794,4.659140720930233,31.189213230929063,1.9996704373899972,611.0673950677759
06113010509,3.355035710344828,5.428990820689655,30.463071861972463,1.9925546533899972,95.77226252101964
06065031001,3.1335184194756556,5.23891727340824,41.33667395027232,1.981431767889999,355.32202768280297
06065031002,3.141822,5.240165,40.542105400924235,1.9814317678900009,355.55555555555554
06065040703,3.1045206072234763,5.165060681715576,31.962698562858982,1.9814317678899773,299.859952046413
06067008128,3.350896888888889,5.3494986507936515,20.81760701618012,1.992554653389995,99.6534014243898
06065041002,3.116067972477064,5.245611137614679,38.05335754840186,1.9814317678900009,327.8137590591766
06067008131,3.3058730365448508,5.310520176079734,20.6155773873492,1.992554653390007,89.4156714011929
06081600800,-0.095191,1.349221,19.398204083710446,1.984592878499998,-19.04761904761905
06081600900,-0.095191,1.349221,19.436249733316963,1.9845928784999969,-19.04761904761905
06113010510,3.344955161016949,5.414954525423729,30.968791436305178,1.9925546533900045,102.06185050902796
06095250300,2.1697135220125787,4.241331018867925,26.80107094926042,1.9845928784999967,75.19399824116485
06067008132,3.341430378600823,5.336646629629629,19.902599117836186,1.9925546533900047,96.05018337670862
06067008133,3.299347,5.305607,21.433280631699986,1.9925546533899967,88.0952380952381
06067008134,3.303519645631068,5.309541208737864,20.530568027699996,1.9925546533900027,90.01838011131808
06037226410,2.453754,4.258903,21.7217104325,1.9836592168000007,253.1746031746031
06037227020,2.463747907407407,4.272493907407408,21.1093465973667,1.9836592168000025,251.57690510952696
06037228100,2.502815,4.325622,20.99522991300783,1.9836592168000013,246.84937703839256
06037228210,2.455934488888889,4.261868288888889,20.984510820200025,1.9836592168000016,252.89308996706285
06037228220,2.4711297708333335,4.282532645833333,20.98451082020003,1.983659216800002,250.92022980528745
06037228310,2.453754,4.258903,19.707863269700034,1.9836592168000025,253.1746031746031
06037228320,2.453754,4.258903,19.707863269700017,1.983659216800001,253.1746031746031
06037228420,2.453754,4.258903,19.707863269700013,1.9836592168000005,253.1746031746031
06037228710,2.3974410588235298,4.181632333333334,20.44251142251374,1.9836592168000022,243.68654326459043
06037228720,2.420532734375,4.216683703125,20.451520721012493,1.9836592168000031,244.6011765106431
06037269000,2.0388236734693876,3.583339526530612,18.942096704791343,1.9836592167999954,143.0634000567597
06037269100,2.090776,3.657238,18.927550082186166,1.983659216799998,150.79365079365078
06037269300,1.98462641,3.50037418,18.906462018670503,1.9836592167999958,123.15519646408065
06037269500,2.090776,3.657238,18.276333120825548,1.983659216799996,150.79365079365078
06037269700,2.090776,3.657238,17.75951350811543,1.9836592167999987,150.67195494438445
06067009610,3.272901312,5.21940516,19.386691808255637,1.9925546533900051,95.4136002112828
06113010602,3.378181,5.409908,30.023814545325045,1.992554653390002,84.92511210286384
06067002600,3.295477,5.226526,24.14913373465736,1.992554653389996,88.0952380952381
06037237710,2.210483,3.918853,20.62659757710002,1.983659216800003,218.39776544926193
06037239330,2.351184,4.11816,20.390907665699988,1.9836592168000011,236.50793650793645
06037240700,2.196558,3.928857,20.591809046189894,1.9836592167999971,230.9523809523809
06037240800,2.196558,3.928857,20.693935023962318,1.9836592168000013,231.07022622043635
06037241110,2.1397181323529413,3.845210367647059,20.62398603609997,1.9836592168000025,232.36384699054815
06037241120,2.137926036585366,3.8425730853658537,19.905007590399975,1.9836592168000007,232.37210309945937
06065042520,3.1049602388059703,5.163637597014925,28.576655679475163,1.9814317678900009,397.7522114442915
06065042709,3.0643993362573103,4.986004929824562,31.092740902142275,1.981431767889987,401.05663586611337
06037241400,2.102287,3.790126,20.00182173225883,1.9836592168000025,233.33329417590284
06065042711,3.11211834375,5.023415487499999,29.351044841317194,1.9814317678899749,404.61275763725814
06065042714,3.2955667345454542,5.065137934545454,38.286948339836464,1.9814317678899975,398.0178788435167
06065045209,2.8809538805031445,4.782208748427673,26.385619526568448,1.9996704373900014,673.4590289342333
06067008135,3.3190714051724135,5.32316799137931,19.82846260546382,1.9925546533899954,96.98753966995744
06081601000,-0.1330464722222222,1.3529144722222222,23.478619149147764,1.9845928784999964,-17.84040902711963
06067008136,3.328757736842105,5.330335894736843,19.451614785400913,1.9925546533899956,98.89988239831824
06067008138,3.324765671875,5.3275744375,20.391600268421385,1.9925546533900018,102.1291995770821
06067008139,3.328157,5.32925,20.79127274061668,1.9925546533899978,103.17460317460322
06067008141,3.328267396825397,5.33055019047619,19.616174877494007,1.9925546533900051,101.39851009081904
06067008142,3.342700780104712,5.341568408376964,19.12117938164716,1.9925546533900018,101.98047039491462
06067008143,3.3428976736526947,5.344512937125749,19.067962020516482,1.9925546533900078,102.83943015166491
06067008144,3.3290951304347827,5.331553586956521,21.029475972497227,1.9925546533900012,104.26095822785804
06037262302,2.4933967236842105,4.400971236842105,24.355721001113924,1.9836592167999947,141.31882491135934
06037229200,2.3691787368421053,4.142851754385965,20.305615249799988,1.9836592168000027,238.9833535121841
06037229300,2.368023850746269,4.141267059701493,20.305615249799988,1.9836592168000027,238.94971235722835
06037229410,2.351184,4.11816,20.305615249799988,1.983659216800002,236.50793650793645
06037229420,2.351184,4.11816,20.305615249799988,1.983659216800003,236.50793650793645
06037231100,2.4425678,4.2429847,19.91104474113835,1.983659216800003,250.6107474127849
06037231210,2.341892,4.09972,19.49516803010001,1.9836592168000016,220.63492063492063
06037231220,2.341892,4.09972,19.530851882290207,1.9836592168000022,220.63492063492063
06037231400,2.2674990561797754,3.9752408651685394,19.36836900845393,1.9836592168000002,203.26190170190495
06037231710,2.341892,4.09972,19.69510424700001,1.9836592168000013,220.63492063492063
06065043003,3.73961975,5.322285176470588,29.75068788615538,1.9814317678900009,362.2523157300845
06065043211,3.1645897295373664,5.30760112455516,24.84088295146466,1.9781059053199952,412.5997582506137
06065043220,3.131227862244898,5.20254187755102,20.898038707346434,1.978105905319996,424.955482266436
06065043304,3.399660460857726,5.393006002722941,32.12520801581649,1.9813412066219385,458.76080404168295
06065043306,3.3027362621359226,5.269110155339805,27.284858112380547,1.9814317678900009,409.8434589385548
06065043307,3.3390416456692913,5.306211003937008,27.203756385352406,1.9814317678900009,425.99260464981336
06099003610,3.431685321428571,5.311664869047619,48.14030299594407,1.996690059420001,117.43336196605289
06099003611,3.4849021878453037,5.405674812154697,51.14748490030548,1.9966900594200023,131.46173908915975
06099003501,3.577292260143198,5.163203090692124,49.07572923205455,1.9966900594199894,128.89698097412366
06099003502,3.569831962466488,5.157226487935657,50.29750233313665,1.9966900594199928,144.09220748275146
06099000405,3.4132960966442956,5.510707453691275,44.33364093193654,1.9966900594199772,128.88126275268252
06099000913,3.3656856838905775,5.430673109422493,39.42802434422327,1.996690059419997,122.392685752608
06099002506,3.30986783908046,5.31211224137931,42.47585439146065,1.9966900594200063,111.604179072167
06065044805,2.371268,4.469181846153846,32.51106897050004,1.9996704373900012,194.00281398913543
06001406601,1.06394,3.392112,23.58557305671577,1.984592878499997,46.82539682539681
06001405402,0.900561441860465,3.153375,22.285063177813974,1.9845928784999995,52.35208995257962
06099000511,3.269923843003413,5.311933027303755,37.963124040752234,1.9966900594200014,126.19047619047616
06099003003,3.404904537084399,5.440174601023019,44.39412412517693,1.9966900594199914,128.22075993015065
06099003608,3.512996650238474,5.444064766295708,53.1684487167373,1.9966900594199803,131.62875379848305
06037240010,2.196558,3.928857,20.428858885007987,1.9836592168000022,230.9523809523809
06037240200,2.196558,3.928857,20.42002297739,1.9836592167999993,230.9523809523809
06065045302,2.907125926829268,4.821198317073171,25.726681673500018,1.999670437390002,666.3224954092009
06065045501,2.807320248780488,4.684194053658537,27.192431538500067,1.9996704373900063,692.4374254411473
06099000915,3.375315559670782,5.445472152263374,43.48743872263978,1.9966900594200063,125.35903597555358
06099003612,3.4576338338870434,5.38172477076412,48.517391113207545,1.9966900594200003,126.75950168863372
06099000205,3.385436242236025,5.5187454689441,45.103086628548546,1.9966900594199979,123.85136243561512
06099002304,3.279025714285714,5.298803588235295,35.444356501013345,1.996690059419996,111.20596502911222
06099003609,3.4341384910179644,5.333524508982037,51.076997559928046,1.996690059420001,126.89688701073015
06099000914,3.3533897441860465,5.421377613953488,38.43292735959485,1.9966900594200048,115.24616337501016
06099000406,3.3644050625,5.4527393515625,42.1565377928369,1.996690059420007,126.14149350164114
06099002505,3.3714784404761904,5.342040982142858,46.53629491194994,1.996690059420001,112.57806016883424
06099002303,3.290180508287293,5.2908100828729285,41.14472660422419,1.9966900594200023,118.33387439723502
06037240500,2.196558,3.928857,20.300082422016064,1.9836592167999985,230.9523809523809
06099003607,3.5595573037974684,5.4957646858458,48.79379478233596,1.996690059419975,127.63771164477546
06099000407,3.350011745098039,5.437352717086835,39.33284440159095,1.9966900594199943,125.47812271701989
06099003203,3.3563449916897508,5.177489831024931,49.136330132333306,1.996690059419994,94.35994303126378
06099003205,3.3175819796954316,5.158266842639594,47.104193273898034,1.9966900594200037,94.28177822079452
06099003206,3.3396041306532664,5.17710132160804,46.83796061130006,1.9966900594200037,94.63909215670692
06099000512,3.251142,5.286499,38.218632521099906,1.9966900594199999,126.19047619047618
06099003204,3.3250254701986757,5.161638390728476,52.500393189107996,1.9966900594199992,94.11993788661076
06099003004,3.4197317485714285,5.438116671428571,49.261851002118796,1.996690059419995,125.68775346555792
06099000514,3.2867818278145697,5.306500900662252,35.610319178885476,1.9966900594199992,121.27248910641728
06037270200,2.067346888888889,3.6264602333333333,17.659336146682243,1.9836592168,149.4358257065939
06037270300,2.244557795918367,3.860446551020408,17.344931135100015,1.9836592167999993,164.83097994647676
06037271100,1.985168,3.500908,18.913042700195305,1.983659216799999,122.21985764711854
06037271200,1.6361156842105262,2.9627020701754385,19.984010934499974,1.9836592168000027,68.37462191006682
06037271300,1.4520186741573033,2.7088407865168542,20.340762283353982,1.9836592167999962,47.62961425966961
06037271400,1.403102,2.630808,20.879143430142225,1.983659216799997,31.746031746031747
06029005900,3.6902050141843974,5.690895741134751,9.302979936394639,1.892840162840002,389.8424332290814
06113010605,3.3477426298342543,5.328809071823205,28.359389399848638,1.992554653390001,79.49355693577665
06099000513,3.286453883895131,5.308387029962547,36.778823528817604,1.9966900594200054,121.87742284048882
06099000204,3.3865994095238094,5.508515422222223,48.15611656168324,1.9966900594199986,123.3658257376998
06099002903,3.4761944546979864,5.493329216442953,52.1895267793248,1.9966900594199812,131.52062325764712
06113010607,3.356794101010101,5.337544242424242,30.539628750034982,1.992554653390007,79.10499073102567
06081601700,-0.08643096815286624,1.7202541910828026,25.060727337789817,1.9845928784999967,-11.217585660682431
06081601800,0.04420978600823045,1.9878618148148148,25.92207027872059,1.9845928784999962,-3.043774427353533
06065042406,3.173332914285714,5.321893171428571,26.864988436199937,1.9814317678900006,378.9925747706102
06065042405,3.170631190839695,5.318813374045801,28.170560828184673,1.9814317678900006,378.9844018907661
06113010701,3.385709418604651,5.4258480279069765,30.369411088804707,1.9925546533900034,85.90687338950752
06113010703,3.420776,5.500095,31.14123790840005,1.9925546533899998,90.47619047619044
06113010704,3.420776,5.500095,31.149357636053463,1.9925546533899956,90.47619047619044
06065043310,3.4345181071428574,5.407824345238095,26.436656118925036,1.9814317678900006,439.6307853636346
06071000308,3.0747751272727273,5.200375681818182,27.04295164719726,1.9814317678900009,316.73972149683925
06071000306,3.1045181578947365,5.234748305263158,28.471701604575816,1.9814317678900009,324.972810683926
06037222700,2.341892,4.09972,20.36093861246666,1.9836592168,225.38531163155005
06037228800,2.452793,4.2634845,20.488413300120964,1.983659216800003,245.43112675253164
06037228900,2.402771,4.201347,20.396383814200014,1.9836592168000022,244.44444444444449
06037229100,2.3664421267605635,4.142764605633802,20.396383814199986,1.983659216800002,238.56341503378127
06067009609,3.257901158469945,5.237465568306011,19.84384411952573,1.9925546533900012,97.07740132752656
06065043308,3.410305,5.380125,26.17267909451965,1.9814317678900009,421.42857142857144
06065043309,3.392065447761194,5.399635447761193,24.96690240407541,1.9814317678900006,385.479739363345
06065043311,3.455682270967742,5.420375948387097,27.848972129833555,1.9814317678900006,429.7321099056789
06065043312,3.410305,5.380125,27.29919634533064,1.9814317678900009,421.42857142857144
06065043313,3.410305,5.380125,27.200142864829445,1.9814317678900006,421.42857142857144
06065044806,2.4740795273972602,4.556036773972602,32.511068970500055,1.9996704373899996,256.595625009492
06001437102,0.9714185555555555,3.229652777777778,24.281242214316674,1.984592878499997,52.55309376309499
06001435601,1.133235,3.596162,18.46268104664254,1.9845928784999969,46.82539682539681
06067008145,3.3182522918287938,5.324896706225681,21.198550753234628,1.9925546533900107,107.94792474467286
06067008203,3.314005161157025,5.326364165289256,21.98736324224087,1.9925546533900123,108.73012607500368
06067008204,3.288948,5.272375,24.004110690134816,1.992554653390008,105.55555555555556
06065044911,2.8441654357798165,4.731921490825688,22.709069818936033,1.9996704373900152,678.2678490518117
06067008510,3.309494051851852,5.42798057037037,28.05215443495818,1.9925546533900094,109.02564274848716
06113010800,3.242600175824176,5.486984197802198,36.89187395779781,1.992554653390001,128.26253781299567
06113010901,3.1586711346153846,5.492183668269231,38.51084456532693,1.992554653390003,131.71630559010657
06067008206,3.2754960507042252,5.264620633802817,24.548658564721624,1.9925546533900083,108.6874055496376
06067008208,3.3037000672853827,5.298849106728538,24.664778779794602,1.9925546533900096,111.94771275148425
06037232110,2.264119326530612,3.9926762653061227,19.86800041870001,1.983659216800002,218.8555501822221
06065044916,2.649173,4.591778,22.923666892100094,1.999670437390012,430.1587301587301
06065045502,2.882174956521739,4.784020086956522,26.203841361199945,1.9996704373899983,677.4877565543027
06067007301,3.309164512770138,5.319658166994106,23.829621094194177,1.9925546533900107,83.20115202019731
06067009637,3.248298,5.167364,24.578217236465523,1.996690059420007,105.55555555555556
06067988300,3.186728572972973,5.24754827027027,22.994771223888716,1.9925546533900014,108.17934865628403
06067007101,3.2586966666666664,5.202782479166667,26.94785332485625,1.9925546533900016,95.32862749378054
06067007105,3.2882444251968503,5.27047570472441,25.334508181989815,1.9925546533900054,94.34722914177354
06067003203,3.273367,5.192653,22.85274981170004,1.9925546533899952,95.23809523809524
06067009326,3.193560099554235,5.125647924219911,21.313244908564776,1.9925730875922256,108.04168204794657
06067009330,3.254617289099526,5.201404154028436,19.540417727873987,1.9925546533900096,107.12364967283312
06071009709,3.0336606195508584,4.895294787318362,23.414567873846025,1.8928401628400022,510.5228980457347
06071010012,3.101311104513064,4.925582325415677,26.235007283082023,1.8928401628400022,547.5616625641109
06037232200,2.341892,4.09972,19.856688953899972,1.9836592168000027,220.4235829045076
06067009611,3.2707760860927153,5.28546638410596,22.372168233100055,1.9938418327503293,94.58519858375443
06067009614,3.272789951492537,5.259226093283583,20.597586278910175,1.9925546533900058,99.46560588993763
06067009616,3.2753822421052634,5.2966750631578945,21.97562761196642,1.9965449574540375,102.3918773108523
06071010010,3.1949739132947976,4.927149251445087,24.231356469151873,1.8928401628400022,553.245355056335
06071010011,3.1639030871559632,4.968226188073395,25.29537798628974,1.892840162840002,554.6108782512553
06071010016,3.200134004255319,4.968037355319149,25.47701057237048,1.8928401628400022,547.1114109741402
06037242700,2.2340790232558136,3.9577258759689924,21.08781797787522,1.9836592167999978,249.86607380753327
06037242100,2.283891,4.039457,22.83970102075554,1.9836592168000025,250.7936507936508
06005000201,3.5095582061611377,5.530104417061611,52.461579975071665,1.9966900594199708,91.08912280262317
06005000202,3.6014780621890545,5.591155858208955,52.36398460251304,1.9966900594199761,90.10260139010028
06037243100,2.208294,3.915418,22.861957115561534,1.983659216800003,249.20963003846623
06037261200,2.658186826388889,4.691665423611111,24.609045346669248,1.983659216799994,208.47850059367408
06065041809,3.045091,5.08448,31.29075398906457,1.9814317678900009,328.57142857142856
06065041810,3.070294512195122,5.090975666666667,30.86693959418115,1.981431767889984,330.96394946814996
06065041812,3.0524685138121543,5.10287717679558,31.281485341003854,1.9814317678900009,314.84205396501443
06065041813,3.045091,5.08448,31.477828958748336,1.9814317678900009,328.57142857142856
06065042407,3.133442,5.27642,28.680908145465125,1.9814317678900009,373.8095238095238
06065042408,3.133442,5.27642,28.775339168472673,1.9814317678900009,373.8095238095238
06065042409,3.1751129166666665,5.323922263888889,26.864988436199937,1.9814317678900006,378.89299121632774
06065042410,3.181414323943662,5.312841570422535,29.232648896612528,1.981431767889996,375.9042991072929
06065042411,3.1381653333333337,5.27778814379085,29.780751825199932,1.9814317678900006,368.5236021056144
06001437701,1.193256,3.585312,23.132083411625374,1.9845928784999982,54.76190476190476
06065043314,3.424841626459144,5.396189536964981,27.399766068052415,1.9814317678900009,436.118594273006
06065043315,3.455316,5.429867,28.54862994495524,1.9814317678900009,459.5238095238095
06065043401,3.3591775324675326,5.348326892857143,26.038197807954504,1.9814317678899918,404.7967747953785
06065043403,3.3694381428571427,5.337758517857143,27.075418983666058,1.9814317678900009,420.11540475921777
06065043404,3.336481,5.303592,27.047780740593353,1.9814317678900006,419.04761904761904
06053011202,2.2945901085271316,4.262710689922481,31.235433663343844,1.9922713284900047,190.91958399198248
06053013400,0.9404042956521739,3.1024886695652176,36.67215461706869,1.9922713284900035,89.1128724504175
06053010101,0.3358193665338645,1.5104304820717132,49.00324589371232,1.9922713284900047,17.06297580221746
06065045703,2.686184,4.666151,31.898775930853745,1.999670437390005,610.9687650721299
06053000104,1.0286328509316771,2.890701248447205,27.099736952529852,1.9922713284900042,50.86476210605953
06037311801,3.015655,5.115968,30.970261402497325,1.9836592168000016,227.77777777777777
06053001300,0.8259997777777778,2.653815873015873,27.49721312871425,1.9922713284900022,22.95769648972715
06067008210,3.3085747346938774,5.350718252319109,26.202207794685975,1.992554653390011,115.6151179292528
06067008211,3.3811727526595745,5.385037534574468,25.154620975906468,1.9925546533900125,118.22539674579386
06067008402,3.2476134886649874,5.362799450881613,22.457251457823958,1.9925546533900091,107.48606611810332
06067008403,3.249156659574468,5.291915,23.66443377611447,1.9925546533900063,106.64480910579638
06067008404,3.246099,5.27635,23.98625276885766,1.9925546533900038,106.62497964427074
06067009612,3.275483236842105,5.296861631578947,22.094641021304295,1.9965812329455292,102.2919208000328
06067009800,2.733342217054264,4.504939821705426,25.26473478760386,1.9931477154950832,38.16314645170063
06019000200,3.653822996078431,5.761391317647059,50.480233710398245,1.999135269630006,199.1203735399687
06067009112,3.2491630653594767,5.308695888888889,25.56023669023133,1.9925546533899983,88.17385968906822
06067009308,3.2676331451104104,5.279488388012619,23.5066822688097,1.9925546533900074,96.1593653216772
06065041905,3.0595584591836733,5.087339183673469,33.224480009238725,1.9814317678900009,315.61674019282333
06053001400,0.752542,2.57464,29.024270603612905,1.9922713284900038,18.38579229455137
06067009617,3.267300779591837,5.280804069387755,21.989127673924155,1.9966900594200065,103.52432653449256
06081611400,2.3085799810640215,4.706685278629396,15.798756907364105,1.9845928785000235,155.0486220152301
06081609603,2.22427134562212,4.842140179723502,24.435807193509575,1.984592878500019,162.96497250057973
06037534403,2.407600875,4.195759125,27.127383473600023,1.983659216800002,253.012633602645
06065041906,3.0614342433862434,5.091472883597883,33.230476035582605,1.9814317678900009,313.77526509286054
06065042010,3.1169790079575597,5.100085119363396,39.21380189866368,1.9814317678899638,430.5875398110083
06065042505,3.1827201941747574,5.25668267961165,29.76429210206211,1.9814317678900009,419.504204813752
06103000100,3.584258639623751,5.912585650205761,37.60842627781471,1.9925546533900145,103.77200497878596
06103000300,3.668626767413931,5.86849482786229,31.06289343946585,1.9925546533899345,125.31848648030795
06103000400,3.6468730918367345,5.964156942176871,33.76785279474276,1.9925546533899137,106.08586997352693
06103000800,3.708013627906977,5.854168344827586,48.47708161306935,1.9925546533900138,92.71255619230276
06081602300,0.35757899300699303,2.4986997342657347,26.751210162158724,1.9707146066223744,12.526324032750171
06081609602,2.2252692758620687,4.842058637931035,24.440803395553477,1.984592878499997,167.47097465870849
06081613000,2.6252982393822397,4.936705308880309,16.205889838722793,1.9845928784999967,172.9855477647526
06081603000,-0.150583,1.546384,29.741333502383267,1.9845928784999964,-8.696303564924124
06081604500,0.9964350867052023,3.5475052601156065,25.62452099981793,1.9845928784999964,47.7907106516175
06081607600,1.818899053030303,4.4081150454545455,27.39300460423326,1.9845928784999969,111.06801552761208
06081611100,2.690277285714286,5.366453428571428,23.8681042516736,1.984592878500018,177.1952373844682
06081607000,1.852932393939394,4.3546718383838385,23.077685319440455,1.9845928784999964,116.0342249386947
06081604900,1.8312866142857143,4.7513794619047625,26.313838744799043,1.9845928784999964,90.9478932509574
06081610302,1.918750172043011,4.3049500322580645,25.423611342736578,1.9632531701290297,94.44026130216966
06081613400,3.137158105302465,5.881031289768483,35.17004539225513,1.9845928784999893,166.4236128343347
06081602900,-0.15046470422535213,1.543671633802817,28.670472597681744,1.9845928784999967,-10.177999862216154
06081602800,-0.1443455073529412,1.4033665147058825,27.273390963014013,1.9845928784999969,-15.991310329660088
06081603200,0.48121421621621624,2.6856102216216216,27.383309577567076,1.9524102912810777,41.774102209647026
06065042507,3.1198051908396947,5.089477396946565,28.692649586991333,1.9814317678900002,433.8397764079119
06065042508,3.122055,5.093349,29.376353977700063,1.9814317678900009,435.71428571428567
06065042510,3.10936698245614,5.146750333333333,29.569506278199988,1.9814317678900009,406.7034554491065
06065043405,3.3072386526946107,5.3248888562874255,27.088938604137727,1.9814317678900006,400.030384010414
06065043503,3.2646152899408283,5.282242644970414,27.422670432011778,1.9814317678900006,400.2675602637264
06065043506,3.2633422723311547,5.3164383769063175,27.241607835437566,1.9814317678899762,379.4302694257556
06037531602,2.562212,4.454168,29.949868892119987,1.983659216800003,251.58730158730157
06037219700,2.110388294117647,3.6876924901960786,16.73429262061569,1.9836592167999991,164.1406212725037
06037221820,2.3661511379310345,4.13001,20.567143334962072,1.9836592167999998,215.12210331362257
06037264000,1.9175201821705428,3.38718161627907,23.93712236561012,1.9836592167999951,64.85547371083693
06053000200,0.914562,2.747778,26.627930765719064,1.9922713284900044,40.47619047619045
06053000300,0.7677049743589743,2.6327642564102565,29.568873422093567,1.992271328490004,34.510261591076116
06053000400,0.8484763384615385,2.6960218153846154,27.728096583698974,1.9922713284900044,37.7337664002712
06103000600,3.553275668639053,5.860556320710059,42.15642563970127,1.9925546533900127,97.70706438496212
06077004308,3.086511,4.88719,42.93757131130003,1.9966900594199966,122.2222222222222
06077004403,3.1096565607476636,4.9487504205607475,39.46603424590003,1.9966900594199968,119.95076369749128
06083000900,0.8511807045454546,2.215885227272727,33.117441400051476,1.9922713284900038,84.55805979472834
06083001101,0.7928602857142857,2.4214054537815124,35.75185132003109,1.9922713284900035,84.30325565103125
06083001102,0.8515022105263158,2.2300185789473685,36.4011250054,1.9922713284900027,84.8995069901687
06077005130,3.3304098294117646,5.361016629411765,30.971542377700008,1.9966900594200012,112.54827471976414
06077005208,3.2201829812030076,5.110930078947368,35.68918095065867,1.9966900594200054,105.67277019617832
06113010608,3.370080873786408,5.38384491262136,30.080927231537878,1.9925546533900027,82.7943066854553
06065045706,2.682203547169811,4.661232748427674,30.341510345224584,1.9996704373900014,605.043176778444
06053000800,1.0248554306569342,2.8921520437956207,27.38786086843861,1.992271328490004,31.244890127393063
06083000501,1.8369491812400636,4.391924806041335,32.46188129808717,1.992271328490005,216.6490978647657
06083002010,2.2470096195286198,3.718330713804714,35.49797983847985,1.9922713284900049,239.93575610962716
06083002809,2.132561572098476,3.747880733880422,36.214274035497965,1.9922713284900053,254.56423146472193
06083002808,1.9621611035714286,3.635570592857143,30.98954080123283,1.992271328490005,226.9226506707309
06077002401,3.358858,5.319479,33.506764500144854,1.9966900594200034,103.20775310724676
06083000103,1.6481235726375176,4.007752720733428,38.62630311982786,1.9922713284900053,242.29065339664865
06083000502,1.7871808266666667,4.261779146666666,34.785835939384384,1.9922713284900049,181.9061204919124
06077004106,3.0236152877984086,4.906162905835544,44.3461294611152,1.9966900594199772,94.56544361952103
06083002907,1.3821336344463973,3.5673793971880494,44.4303258564304,1.992271328490005,228.39159781439815
06077004307,2.9894206914285713,4.844426451428571,42.16328130188846,1.9966900594200017,112.91776086474395
06083002006,2.157184697127937,3.990447838120104,35.32271967381651,1.9922713284900053,236.3726467818316
06077004703,3.1976918832964603,5.1091744972345134,38.929678033469656,1.996690059419968,104.121894713677
06077004704,3.2487361774852475,5.076022511121199,45.62620470874842,1.9966900594199668,123.02490096448192
06083002005,2.3789470904761907,3.865823642857143,32.46066286035615,1.992271328490005,247.08058975939628
06083000600,1.2448659731543625,3.2288622214765104,31.396807120773822,1.992271328490005,140.23005887141915
06083001800,3.1973787062706274,5.402657633663367,29.653277204483842,1.9922713284900049,254.77572831775615
06083000700,1.2271615694591729,3.4532632449628844,30.894147184935736,1.9922713284900053,194.38076228343272
06083001500,1.396668450796626,4.004894098406748,33.10821763583737,1.992271328490005,188.95744959454152
06077002503,3.3564677647058825,5.313123235294118,33.60402902729999,1.9966900594200008,103.02953646799276
06083001203,0.6961430964467005,2.00308238071066,35.91567493571631,1.9922713284900044,46.47502550645604
06065031100,3.113758,5.235948,40.22533020361641,1.9814317678899958,354.76190476190476
06065044702,2.724697,4.706234,22.384301142099968,1.9996704373899963,492.0634920634921
06065040806,3.0619426744186047,5.097073153488372,29.591369525579516,1.9814317678900009,292.123404851797
06081613501,0.8982063344051446,2.5139543279742766,30.803729829461364,1.984592878500006,83.64242512548358
06081609700,2.6014106751740136,5.313196737819025,25.04480124524534,1.9845928785000189,177.33746193703394
06081609500,1.8982637276264591,4.414412054474709,23.802789329067707,1.9845928784999962,142.40032086825664
06081604700,1.5018899189189188,4.281081945945946,25.777975682013526,1.9845928784999967,74.1399751797851
06081600300,0.18303374193548388,2.0926184193548387,18.427315194046763,1.9845928784999969,6.782824596070416
06081609601,2.1703339574468083,4.801663489361703,23.544623414234973,1.9845928784999962,158.32739696962625
06081603300,0.540838,2.7985946,27.592618086530884,1.9845928785000149,43.2646152085738
06081608001,1.630941,3.963623,29.303194597598957,1.9845928784999973,86.5079365079365
06081605000,1.8637522388059702,4.797482507462687,26.896648204035138,1.9845928785000215,93.69130754560392
06065041201,3.104067810810811,5.232526873873874,37.50827638679516,1.9814317678900009,357.003377012574
06065041202,3.0818035568181816,5.185699522727273,37.009388970091955,1.9814317678900009,342.8254759532793
06053000900,0.9325088857142857,2.7784652000000003,26.29620247700919,1.992271328490004,28.980769999516113
06081608900,1.8849251523809525,4.427441977777778,22.959508002165034,1.9845928785000067,126.34359923885418
06081602700,-0.1279518842105263,1.5763754263157896,26.8322598746385,1.9845928784999964,-8.591046889769137
06081604200,0.40197510344827586,2.5724093879310344,26.850366017559463,1.984592878499997,26.6180867413295
06065041203,3.12111006185567,5.257572835051547,37.916647721045315,1.9814317678900009,358.2888420327475
06065041403,3.059527269406393,5.182572840182648,38.29729855996724,1.9814317678900009,402.44336634120253
06065041404,3.0552021595092023,5.190408687116564,37.06284050923259,1.9814317678900006,387.1417012921248
06067008501,3.2065068793503477,5.326690157772622,24.059460555487654,1.9925546533900096,104.7396973399976
06067008504,3.335516431192661,5.396401009174311,23.080166260344047,1.9925546533900036,105.87842307539712
06065043702,3.466207278169014,5.4303317183098585,27.811157803438668,1.981431767889996,412.85211869167097
06065043703,3.46088632748538,5.430218842105263,28.532258106841482,1.9814317678900009,386.73166283099073
06077004105,3.1279759823232323,5.060592303030303,42.597343513222725,1.996690059419991,100.6243566423313
06077005131,3.3572102870999028,5.384029042677012,53.09285285777705,1.996690059419973,128.10183516477852
06077005132,3.366821,5.410694,43.35222640430006,1.9966900594199959,125.3968253968254
06077005133,3.3665938958333337,5.411831354166667,43.3780616228559,1.9966900594200032,128.32854744051738
06077005134,3.4049751422413794,5.4414635,39.02871618316066,1.9966900594200059,114.74093781433147
06065043807,3.1872843294117645,5.040117717647059,29.044325110903895,1.9814317678899787,302.29481000811523
06065043900,3.243130674666667,5.1317122479999995,33.09811564832493,1.9814317678899833,317.7900725155483
06077005308,3.243812697674419,5.162924651162791,30.4067142133238,1.9966900594200014,94.77159571193998
06077004404,3.1102612352941175,4.95033755882353,40.20086425334711,1.9966900594199972,122.78173948126376
06019004409,3.6365429735449735,5.762388571428572,30.85853955439934,1.9987730162655577,192.82382305596695
06019004214,3.616274,5.795349,35.52627670350011,1.9991352696299933,183.33333333333331
06083002303,0.873161679245283,2.7342903836477985,32.55824315669998,1.9922713284900042,153.0265725003276
06083002708,1.995004,3.250282,34.76168880609041,1.9922713284900042,158.7301587301587
06083001601,1.578049189473684,3.6780445263157895,35.2305451268094,1.9922713284900047,155.9800548677755
06081601400,-0.142184,1.353806,22.33959425732478,1.9845928784999969,-17.473401660638846
06017030706,3.3024705741007194,5.33706258705036,35.73478586926524,1.9942504673735153,104.8233564908792
06017030710,3.2663621088957053,5.324812519938651,45.59880024499872,1.9937660990214836,103.66500090243667
06017031900,3.873998169014085,5.868344971830986,34.55442390390563,1.9925546533900005,99.4864988614034
06061022300,3.9948879794117644,5.724377214705883,21.483876970156157,0.9968611032359932,115.69480650645498
06067008512,3.317644422619048,5.423366833333333,29.812223690573568,1.9925546533900078,108.94970732878116
06013302006,2.065147828282828,3.5547097727272727,21.96806241116113,1.9966900594200037,14.836331087627087
06013302005,2.795055318885449,4.4897391609907125,21.861618366843363,1.9966900594199977,33.692908143506116
06013313204,3.0990354982332153,5.182122692579505,29.411972534911616,1.9845928785000013,155.1679658779546
06083002909,0.3806211316725978,2.1984493950177932,43.7538198790773,1.9922713284900047,86.42890702559424
06083002913,1.3208126106870228,3.3514279885496183,41.616225054770084,1.9922713284900047,185.4517508599615
06083002914,1.203462,3.187479,42.40263686080492,1.9922713284900044,191.2698412698413
06077004502,3.141546,5.033567,38.241043888979554,1.996690059419997,116.66512534710428
06083000101,1.4399520802469135,3.5615632037037037,39.01110402155041,1.9922713284900049,180.56010767798145
06065046101,3.0086068999999998,5.2159105,21.959773299078353,1.9926004890900042,578.3906590413887
06065046102,2.958768,5.192884,22.501189795586964,1.992600489089997,634.9206349206349
06077005405,3.213304,5.109722,33.20314168919998,1.9966900594199977,113.4920634920635
06077005406,3.213304,5.109722,33.203141689199946,1.9966900594199994,113.4920634920635
06077002402,3.339251974683544,5.299854898734178,35.29801091807842,1.9966900594199999,105.1803761274586
06077003217,3.174769472527472,4.9382394505494505,31.134195205484584,1.996690059419998,102.2354931546295
06077002504,3.339895466666667,5.2690566,32.35303123952243,1.996690059419996,102.8578053088293
06019005608,3.7318917943262413,5.799894418439716,45.7608540753007,1.999135269629997,187.10624116852512
06019005518,3.9965577849462366,6.096951860215054,47.716730141410956,1.9991352696299918,160.00570258406154
06019005520,3.957838,6.038854,52.26663493797809,1.9991352696300004,176.984126984127
06019005525,3.966140381882771,6.074488,52.2710407453972,1.9991352696299811,182.23007925607095
06019005522,3.8897902026266418,6.005789360225141,54.22689251419883,1.9991352696299822,185.86882864732223
06019005524,3.80824089380531,5.942538123893804,50.97746863060279,1.9991352696299949,186.71800446108745
06001450743,2.6610284326241134,5.295533510638298,28.87205701132983,1.9845928784999967,128.08824738679144
06001451404,2.8946970792951543,5.196876814977974,30.665754128082938,1.9845928784999962,150.07189231965768
06083003001,0.7646572222222222,2.4729945555555557,40.941953801299974,1.9922713284900042,83.749205588014
06083003004,0.6547990333333333,2.1857215708333335,40.13617932000492,1.9922713284900047,84.88788458042171
06065031200,3.135331370967742,5.271263672043011,39.765521663986185,1.9814317678899838,368.7300983581232
06065031300,3.099729378787879,5.190133272727272,39.97093392474778,1.9814317678900006,392.0675816933747
06065040809,3.0092727239583335,5.065930786458333,30.932909495306788,1.9814317678900009,312.27862837048923
06001403501,0.8583936103896104,2.8523718311688313,21.561317382512975,1.9845928784999978,47.68256568937221
06065031401,3.1177760035971223,5.22613885971223,40.382743197913705,1.981431767889997,370.66360962229794
06065031402,3.13677,5.236532034883721,40.65736637167981,1.9814317678900009,359.3440803373613
06065031501,3.11317031875,5.2211607437500005,39.931753165566526,1.98143176788999,382.92378154582485
06079010504,0.4590423085106383,1.476471975177305,38.048722978635205,1.9498825768200045,75.61784037471266
06079010602,0.10762333333333333,1.107153484848485,40.68316622980514,1.9922713284900047,31.672825819830667
06019003004,3.6946041666666667,5.768829066666666,50.5675892543002,1.9991352696300013,193.8868956465371
06019004213,3.6157663396226414,5.7941957169811324,39.709953069999976,1.9991352696299993,183.62010573350685
06013313206,3.0634439452054796,5.01094605479452,31.512023005338246,1.9845928784999964,112.38626849729144
06065041405,3.0535716608187133,5.191431099415205,35.5540907212445,1.9814317678900009,383.124168633338
06065041406,3.054072277777778,5.178984257575758,35.84371876379045,1.9814317678900009,372.9810911495731
06065041407,3.0618773902439025,5.157845012195121,36.61262557287253,1.9814317678900006,346.31493470282874
06065041408,3.0700031287128713,5.202592732673267,36.760435107856495,1.9814317678900009,380.49309310309854
06065041410,3.0150743666666666,5.113331377777778,32.81937152523999,1.9814317678900009,339.9387586138223
06013338101,2.955631,5.431236,15.041234604730588,1.9845928784999967,158.7301587301587
06013338102,2.9428905947136563,5.42961578414097,15.067391680738345,1.9845928784999962,156.8502275702576
06083000102,1.6386651860465116,3.9507052558139533,34.95642950928602,1.9922713284900047,177.7987671158345
06083002924,0.259593,1.863151,37.19610960862502,1.9922713284900018,44.44444444444443
06083002926,0.259593,1.863151,38.17648154604003,1.9922713284900013,44.44444444444443
06083002932,0.8816872078651685,3.3634017696629215,46.586511108929095,1.9866750607133477,220.2715704406611
06083003007,0.619815915730337,2.121222115730337,39.014800987578795,1.9922713284900053,73.28367317512112
06077005502,3.2668096874051593,5.116993655538695,42.08951930982314,1.9966533456690845,131.95779665403364
06077003313,3.2338321739130436,5.111310521739131,31.887935550089892,1.9966900594200006,110.4560015089379
06001406500,1.0062084444444446,3.3079305,21.91584714826945,1.984592878499997,48.480950582700274
06083002008,1.845787,3.257076,36.71425137480248,1.9922713284900049,214.28571428571428
06083002009,2.2443403529411765,3.725942911764706,33.060770394796926,1.9922713284900047,238.5379152889152
06083002011,1.6139053108614232,3.0137890711610487,39.84618357239699,1.9922713284900047,174.3338316444703
06083002012,2.1181836086956523,3.5706041343873514,31.633546399405073,1.9922713284900047,235.1518750504923
06067008907,3.298677035294118,5.378045188235294,28.11606400435406,1.99255465339,101.18153428342548
06067008908,3.286744097777778,5.364917373333333,28.49451773475463,1.9925546533900038,103.09359268464272
06067008909,3.246032,5.322448,26.43771240874115,1.992554653389996,81.63962546412489
06067008702,3.298823182835821,5.282255242537313,24.112635949554168,1.9925546533900058,103.81670761844605
06065042512,3.183508,5.266153,28.9490072342,1.9814317678900009,436.5079365079365
06077003216,3.1746390169491527,4.937883355932203,31.461607930688977,1.996690059419996,102.2129729904465
06019005911,3.9335627608142496,5.993923541984733,58.35605410967421,1.99913526962999,172.99475046498003
06019005907,3.8465645167464118,5.9122369234449765,57.56373070611146,1.9991352696300035,169.540510790903
06019006202,4.004491176470588,6.015793547511312,65.59155014777386,1.9991352696299867,172.7113992583403
06095250105,2.147553804635762,4.2617139072847685,26.483932114656707,1.9845928785000047,73.77869132260048
06083003005,0.8425508796992481,2.514946522556391,38.86299293906402,1.9922713284900047,116.04181876019972
06083001905,3.200682036709721,5.774346639700884,36.738444279123584,1.9922713284900053,246.1795412484496
06083002205,1.009738,3.105774,32.18311283899997,1.9922713284900038,185.7142857142857
06065044000,3.3508872260273974,5.286041828767123,35.93236046532615,1.9814317678900006,326.08112957266627
06065044101,3.2449266886227544,5.075680928143712,32.44814358284489,1.9996704373900025,327.61783203139936
06065044102,3.245064275167785,5.076020664429531,32.39754480813756,1.99967043739,327.6690576652644
06095250605,2.273433,4.336414,35.956911208652464,1.9845928784999962,67.92323500823845
06095250604,1.9333848357487922,3.855959768115942,34.44595134338682,1.9750054732898514,47.99846462930728
06095250103,2.19865116872428,4.28251575308642,25.29915837470295,1.9845928784999962,76.69615626998265
06095252311,3.096011362318841,5.344198715942029,22.783287065856488,1.9845928785000106,103.5968421307553
06065044103,3.2642667841191066,5.125721354838709,30.918320432293967,1.9996704373900145,302.5507229863983
06083002101,1.009738,3.105774,34.91670572469286,1.992271328490004,185.7142857142857
06083002102,1.009738,3.105774,34.90167029219995,1.9922713284900035,185.7142857142857
06019005516,3.7344994424242426,5.8516916424242424,33.97506355878231,1.996867892889815,190.8151392137834
06019006502,4.028944673640168,6.0753641422594145,52.97954776556435,1.9991352696300053,179.09048720003125
06083002103,1.3740273233082707,3.0432479097744363,38.95051058133083,1.9922713284900038,170.8327202715999
06083002013,2.004938576923077,3.4010748653846155,32.44039263967946,1.9922713284900049,226.3447980735148
06065046103,2.969750946236559,5.194267935483871,23.81813910796551,1.9926004890900109,610.4072263882426
06047002500,3.5174483999999997,5.530126377777778,36.31233517558629,1.9966900594199803,154.95878930622223
06077003312,3.245548,5.143762,30.925807378040027,1.9966900594199997,111.09290077705514
06077003409,3.2023587295597484,5.024675761006289,34.75048918997289,1.99669005942,108.94730584804884
06077004501,3.14122355,5.033529325,39.5036677501275,1.996690059419996,117.2495706681524
06083002206,1.009738,3.105774,32.22464123813319,1.9922713284900042,185.7142857142857
06083002209,0.79994504,3.21026274,32.216112437400035,1.9922713284900033,173.1183980698586
06083002210,0.8885824444444445,3.1661163076923073,32.76276838525684,1.9922713284900047,176.85830843287792
06083002304,0.8709332682926829,2.7282291707317077,32.55824315669998,1.9922713284900042,152.79616533424644
06077005135,3.4050327045454547,5.442188870320856,40.71363819710218,1.9966900594199772,114.32777144522842
06019006501,3.935237231240429,5.968826294027565,59.653221550741094,1.9991352696299782,185.0422910469811
06007001702,3.595171579242637,5.888401120617111,56.534530946992206,1.9925546533900123,97.0681112632508
06007001800,3.5535962446183955,5.9523086771037175,56.117091555834584,1.9925546533900107,99.6268125044458
06007002000,3.53431875,5.904167901923077,58.24602856724889,1.9925546533900107,101.11002423213188
06007002300,3.3541752690631808,5.580768944444444,55.192458312854086,1.9925546533900131,96.8965913993562
06007003200,3.458292535714286,5.572691060714286,52.82515832236205,1.992554653390014,82.62533906009284
06007001500,3.4185494339393943,5.539219508484849,44.851762024918656,1.9925546533900145,103.49688130526415
06007003400,3.365019696503497,5.371818495104895,35.745825575582266,1.9925546533900123,94.22515929564548
06007002200,3.4204648551660517,5.689917760147601,50.83044047542844,1.9925546533900136,108.39197530301789
06007003600,3.4238126310904873,5.455393171693736,28.326613828101262,1.992554653390013,92.33070293289292
06007002700,3.417169891443167,5.673775513409962,37.52906246504293,1.9925546533900125,79.91819023468574
06065045103,2.6222625260663506,4.479825009478673,23.178874568419243,1.9996704373900176,421.23962557823927
06065046404,3.459764083870968,5.1337111913978495,35.617389864157644,1.9814317678899758,395.3959907924359
06033000802,3.455439870056497,5.5234696836158195,32.67822545598935,1.9925546533900083,132.5922929907804
06095252310,3.154849956236324,5.348218361050328,27.50326153089539,1.9845928785000209,102.58669053813816
06095252313,3.122676132394366,5.246632036619718,24.537217772575747,1.9845928785000118,110.8340399828872
06095252312,2.9330156275510206,5.28893112244898,21.427525592893307,1.9845928784999964,105.31689359962772
06095252611,2.969787,5.2374,23.003147984346818,1.984592878499997,107.93650793650797
06095252911,3.5169384096385543,5.580505030120482,24.884160878316873,1.9925546533900078,139.99228469913123
06081601501,-0.142184,1.353806,23.975946377782083,1.9845928784999973,-17.46031746031747
06081601502,-0.142184,1.353806,24.277789829315033,1.9845928784999973,-17.46031746031747
06081601603,0.06210657142857143,2.022112902255639,25.71550563601053,1.9845928784999969,-2.7947447895614426
06065041411,3.013824018867924,5.114616650943397,33.04944672190003,1.9814317678900009,358.5074719857989
06065041412,3.018925242236025,5.133038770186336,34.119243135639024,1.9814317678900006,361.79835747669415
06065041702,3.057121,5.114479,31.9181383805276,1.9814317678900009,306.34920634920644
06065041704,3.046767409638554,5.101595903614458,31.492862536057864,1.9814317678900006,308.63361159344174
06065041803,3.179926892215569,5.149320847305389,31.128513633916036,1.9814317678899882,305.73410931168894
06037267502,1.939321,3.38441,21.20297187186896,1.9836592168000027,87.30158730158729
06067009316,3.220081213483146,5.237994224719102,20.856316754599934,1.9925546533900007,88.89635520491555
06067009317,3.229639052287582,5.217530339869281,21.505843020466767,1.9925546533900071,92.475679996517
06067009318,3.2351581485148513,5.25430601980198,21.095499079352507,1.9925546533899967,88.56891066159315
06067009319,3.2328598984962404,5.2582944398496245,21.026385899249632,1.9925546533900058,92.42546379263102
06067009309,3.245279903846154,5.220077326923077,25.115005662500057,1.9940126491057044,106.61732709898742
06067009310,3.235422791086351,5.218471186629526,25.17083192145107,1.9937526540226413,111.9380721420815
06067009311,3.2412643212765957,5.142907031914894,19.96716127852203,1.9925546533900103,99.07630890448368
06067009320,3.2267145459770115,5.262584833333333,21.42110922559648,1.9925546533900003,94.13646706727424
06073007702,1.0949828352941178,2.4397673294117648,36.719616302761196,1.978105905320004,107.8770439223342
06073020308,2.576858,4.661949,31.484515683858433,1.9781059053200007,322.1718357981394
06067009321,3.221407492063492,5.264223547619047,21.583405812788158,1.9925546533900051,91.68388335566937
06019006603,3.708,5.784061,57.21094522225378,1.9991352696300013,192.85714285714283
06019008501,3.8423929395973158,5.856376557046979,63.12340057083612,1.9991352696299998,184.69922205621663
06019002903,3.691908,5.747339,47.94043230749983,1.9991352696299982,210.7004025171319
06081609800,2.3649844982578396,4.989482857142857,23.26818502683336,1.984592878500002,170.87156924436695
06065044200,3.2030589791666664,5.01535578125,32.76727065925965,1.999670437390014,334.40115352767816
06065044509,3.3349149813084114,5.122562523364486,29.326906803516888,1.999670437390007,664.8827247771825
06065044602,2.5910145394321766,4.653549536277603,24.443275571099786,1.9996704373900123,350.9509934471817
06065044604,2.923174,4.845175,20.545998154374324,1.999670437390014,633.3333333333334
06065044701,2.661056,4.704845,25.423254305416187,1.9996704373900067,431.7460317460317
06065042621,3.125731,5.099776240875912,28.580609261381955,1.9814317678899978,392.24992417622246
06095253403,3.535539933121019,5.3999502707006375,39.33649169581419,1.9925546533900074,126.42794735550706
06095252802,3.205881753787879,5.335115257575758,21.020285575064044,1.9845928784999978,114.33484087035411
06095252912,3.5121426389776356,5.553904792332268,25.502160784572443,1.9925546533900074,142.21730564173907
06095252913,3.333095636363636,5.400448,26.120160880898375,1.987455169472849,125.36688332221284
06095253404,3.493972,5.364012,39.73253382681043,1.9925546533900065,114.88535126836916
06095252315,3.103507365296804,5.216326831050228,21.20814081431691,1.9845928784999964,105.28758225895268
06083002703,1.9922723351955307,3.25204025698324,35.064939062989254,1.9922713284900042,160.84498261825533
06019004208,3.7277221459227468,5.889156946351932,39.15773236301403,1.997120332461231,174.6714668431394
06019004210,3.6154920722891566,5.793025614457831,38.76370625179993,1.99913526963,182.82643352124347
06019003003,3.690172,5.765701,50.5675892543002,1.9991352696300015,194.4444444444444
06081601604,-0.10844909090909091,1.5834110909090908,24.267306512152274,1.9845928784999993,-15.20550188102865
06081601605,-0.07299536507936508,1.6207254920634921,25.518979794574605,1.9845928784999969,-9.97944664940858
06019000100,3.653289,5.760381,46.33430857967967,1.999135269629996,199.20634920634916
06065046200,2.992052340909091,5.2073713409090905,21.63729293997575,1.9926004890900102,611.3404602239481
06073017801,0.9530881168224299,2.038073308411215,34.47427216255462,1.978105905320009,80.76583106784592
06037503000,2.516399,4.498079,32.017246303,1.9836592167999971,311.9047619047619
06019003103,3.7253844926108375,5.794621970443349,45.302649317734925,1.999135269630003,185.04389164882264
06019001413,3.809773740518962,5.843804888223553,61.02092510561973,1.9991352696299836,193.74908425382773
06019005607,3.7292431438848923,5.790087388489209,45.89184327566477,1.9991352696299969,190.09990361739364
06019005409,3.729583,5.815439,37.74069480110007,1.9991352696300009,204.7619047619047
06019005203,3.6406891258278145,5.73937140397351,39.82087993610935,1.9991352696299984,193.53495846098332
06095252914,3.3061021096491228,5.3745623640350875,26.530922566108778,1.992554653390004,125.896716301811
06083002705,1.9814823358778626,3.2417527938931294,34.69580946029541,1.9922713284900038,163.66180696287114
06083002706,1.9918082012195122,3.249191365853658,35.2467705802475,1.9922713284900042,159.33067424085664
06083002707,1.98734416,3.2454503199999998,34.869274545079946,1.9922713284900038,161.98680227235744
06037463800,2.944995347107438,4.985260727272728,31.19977650448057,1.9836592167999942,222.37462155166867
06037463900,2.942742497737557,4.9873222398190045,31.43576115168784,1.9836592167999956,225.53367559535843
06037464000,2.9178267146814405,4.957971626038781,32.41767399775394,1.9836592167999945,227.97982273994688
06037464200,2.919273460869565,4.9241971,32.92624406916722,1.983659216799994,228.5595119133547
06073012303,1.0100354225352113,2.5449921690140846,34.36531089437618,1.9781059053200027,149.10662284247573
06073004200,1.7882993781818182,3.2650668327272725,27.750050458151843,1.9781059053199943,343.1750752416545
06019001202,3.707516668604651,5.763452034883721,49.73545791413149,1.9991352696300007,200.285661652961
06037271500,1.493253868852459,2.7746199344262292,20.653854401159816,1.983659216799998,55.616653673969566
06037272301,1.6132838620689656,2.97293908045977,19.747928791086203,1.9836592168000002,91.47161236401176
06037272302,1.564183619047619,2.9123454603174603,20.468861905841262,1.9836592168000031,87.7386347197777
06037273100,1.3566632932330827,2.570621037593985,22.270977660414264,1.9836592167999976,29.121997476437212
06037273200,1.0370498214285715,2.15122394047619,22.676201723590466,1.9836592168000007,0.9264437382226928
06037273300,1.0404398684210525,2.1412789342105265,22.51382142162497,1.9836592168000013,-22.907991652372196
06037273600,1.007637,2.126148,22.859895813500025,1.9836592168000013,10.317460317460302
06073002904,2.0811474098360656,3.8594440655737707,29.64163863547968,1.9781059053199972,381.2346729398263
06083000400,0.9997047391304348,2.5602565691699604,33.37075258518495,1.9922713284900047,109.30856122245837
06083000801,0.7144498165137614,2.1870083669724774,31.221886610501763,1.9922713284900035,77.15259348529713
06083002802,1.6323807307692308,3.1111344112426034,34.988154820091935,1.9922713284900049,173.97860507209268
06083002806,1.7426797368421052,3.120414135338346,34.553959686615784,1.9922713284900038,162.60223925919544
06081608800,1.8463310225352112,4.3731294507042255,22.654936393344318,1.9845928785000118,121.93089048184004
06081609400,2.190227806451613,4.776812290322581,24.764470509055492,1.9845928784999967,166.97173051895678
06081613800,1.7152850806618407,3.9832325294725957,38.14536112870886,1.98049618014739,100.92980153538116
06081600200,0.229766,2.190551,20.22854662006228,1.9845928784999973,9.551263419738554
06019003701,3.643547,5.772304,49.50572818048367,1.9991352696299953,213.4920634920635
06019001301,3.685305546153846,5.751560769230769,46.20796259449798,1.9991352696300055,210.71458081928108
06037480803,2.7696273577235773,4.73664737398374,29.811318453834193,1.983659216799998,243.1249118010328
06037503201,2.517603012195122,4.4965700975609755,30.646600398517183,1.9836592167999967,299.31139816348394
06037503202,2.5422730065789474,4.515287480263158,32.86030274992829,1.983659216799997,286.53675364030494
06019002702,3.689598865168539,5.7488155168539326,43.95855555029995,1.9991352696300013,210.9156509888849
06007002100,3.5019976112266114,5.916672844074844,56.19110820411477,1.9925546533900103,99.63910578139388
06037501400,2.580612,4.542127,35.019086557010716,1.9836592167999985,283.3333333333333
06037501503,2.5835579137931033,4.546645681034483,35.529745281100055,1.9836592167999982,282.29610723576855
06037501504,2.5821867741935485,4.544542516129033,35.529745281100034,1.983659216800003,282.9605759221966
06037501802,2.6005255445544555,4.578005465346535,34.8566750413723,1.9836592167999991,277.687290646724
06073002502,1.7920869526066352,3.2707678815165875,26.429590685535953,1.9781059053199948,343.704235167177
06073017052,2.2162384930875576,4.320513050691244,37.02409828806026,1.9781059053199943,304.331844000708
06073017055,2.218475,4.349796,30.265377099805228,1.978105905319995,299.99999999999994
06073017056,2.2366992297297297,4.370683297297297,29.278662997834434,1.9781059053200019,305.1634342456177
06007002500,3.461161690856313,5.715247467343977,37.189248162566095,1.992554653390012,85.57731732066426
06007000603,3.5506009423076925,5.800334794871795,50.39910278881083,1.9925546533899985,111.7442080385807
06007003300,3.4874080862068966,5.594478289318755,49.47098592398947,1.9925546533899534,91.74946202392884
06007001900,3.559410315642458,5.8760815670391064,55.25190003169361,1.9925546533900085,99.51579209486772
06007001400,3.497482090331366,5.69851569314571,41.47108095414357,1.9925546533899845,102.03939896476498
06075030900,0.04773302651515151,1.6245359166666666,16.42768525858261,1.9845928784999978,-0.3962750189958512
06075031100,0.128889144,1.852001136,13.962063717354365,1.9845928784999969,9.32305546148278
06075031000,0.10922,1.808767,13.582571474499987,1.9845928784999973,8.73015873015872
06075032700,-0.034162,1.263206,23.441862893600035,1.9845928784999969,-12.698412698412696
06073020213,2.653427,4.801565,27.192500812700015,1.9781059053200016,340.4761904761904
06073020214,2.6158668125,4.75882175,28.419932843735427,1.9781059053200043,350.9792685432005
06073000202,1.413074,2.526065,31.66473652003233,1.9781059053199983,209.1293782519428
06073002712,1.88216325,3.590247289473684,29.14728665594144,1.9781059053200012,368.4599733719074
06073003305,1.5538177910447761,3.3527062089552238,30.27333509360598,1.9781059053200043,335.0101513805196
06037480804,2.8478790416666664,4.835038479166667,30.78439527315415,1.9836592167999996,227.75205387389565
06037480903,2.778547,4.748367,30.265819575100032,1.9836592168000002,245.23809523809524
06037481002,2.8647204786324787,4.843195606837607,32.217591889845295,1.9836592167999982,229.5310081562901
06037481101,2.880136,4.858579,32.53486527260004,1.9836592168000005,229.36507936507937
06037481102,2.876832901408451,4.857597591549296,32.372702680628166,1.983659216800002,227.67081232113753
06037481103,2.8516947513812156,4.826719629834254,32.38321382344582,1.9836592167999962,229.23830326484008
06037481201,2.846820578512397,4.819915826446281,32.4604939545827,1.983659216799998,226.3541091460151
06037481300,2.803102,4.748678,32.417382361645245,1.983659216799999,229.36507936507937
06075033100,-0.012806,1.439561,18.004476110051602,1.9845928784999969,-10.31746031746033
06075033201,-0.012806,1.439561,16.92840021636364,1.9845928785000007,-10.31746031746033
06075035201,-0.03222054545454545,1.2792382727272726,24.123474871806785,1.9845928784999975,-12.519174058938422
06075035300,-0.013776727272727272,1.4315448636363635,21.154704885940887,1.9845928784999969,-10.459319191739512
06075035400,-0.012806,1.439561,21.942718965245977,1.984592878499997,-10.31746031746033
06075040100,0.024033603174603173,1.3740664126984128,25.4951062723,1.9845928784999982,-14.184661477153858
06075040200,-0.00010816666666666668,1.2574619102564102,26.611291001700003,1.9845928784999978,-14.594053341790817
06075042700,-0.031266436363636366,1.1600883272727274,28.730011903880012,1.9845928784999987,-14.95066592834632
06075042800,-0.029478,1.096398,29.03064907265453,1.9845928784999978,-15.873015873015888
06075047600,-0.034162,1.263206,24.985289959000042,1.9845928784999978,-12.698412698412696
06037601900,1.8719055172413792,3.444724896551724,16.417037034799996,1.9836592168000002,170.73148098684752
06037534501,2.404763311827957,4.191864612903226,24.295332429599977,1.9836592167999998,253.85444931047584
06037232120,2.271426304347826,4.002733347826087,19.862988935462308,1.9836592168000025,220.91807003644408
06019002000,3.6513172028725314,5.779818682226212,54.865957925556785,1.9991352696299813,210.10968254642455
06019002100,3.633147104089219,5.757464516728625,50.71105426035003,1.999135269630004,208.58313317478232
06037502100,2.570570096153846,4.533135506410256,34.13955055793474,1.983659216799997,282.3420741035861
06037502200,2.544527105022831,4.480020095890411,33.374921124709196,1.9836592167999956,291.08335305428966
06037502401,2.5017431463414637,4.40199343902439,32.895420679371604,1.983659216799998,272.663490355836
06037502402,2.5330380175438596,4.463171149122807,32.96931052700534,1.9836592167999985,288.88923279909557
06037481604,2.798055950617284,4.77052749382716,32.06194285580005,1.983659216800001,240.15391302061036
06037481712,2.841756,4.820167,32.311770911900076,1.9836592167999993,230.15873015873012
06037481713,2.787707724637681,4.758772797101449,31.350497910947855,1.9836592168000025,242.69611758442855
06037481714,2.7893059787234042,4.760588276595744,31.392748883768125,1.9836592168000018,242.57094500274405
06037481800,2.7625061916666667,4.730874958333333,30.33272335874585,1.9836592167999982,244.50618476259507
06037481901,2.760167571428571,4.7250831818181815,28.873495419027357,1.9836592167999954,245.5806931905247
06019004506,3.6455618068965516,5.760005944827586,34.95963202449871,1.9991352696300009,192.54034473701736
06019004601,3.592388,5.688068,39.5145777408338,1.999135269630004,192.85714285714283
06019004602,3.6467888267477204,5.763991939209727,38.75842242500103,1.999135269629996,192.28291045242707
06019004704,3.609424774566474,5.717152445086706,48.27743440920016,1.9991352696300007,198.18866114995245
06075023400,0.6452212413793104,2.7850726379310347,21.78812256937412,1.9845928784999984,26.622506828857155
06075025100,0.3710164444444444,2.3589175555555557,19.08935793914762,1.9845928784999982,19.58571342530488
06075047701,-0.034162,1.263206,25.900393354969253,1.9845928784999989,-12.698412698412696
06075060100,-0.0024645652173913043,1.2405453913043478,26.315890117526088,1.9845928785000002,-15.021542026031778
06019003001,3.728162,5.792513,46.997970762499875,1.9991352696299958,184.92063492063488
06019003102,3.73814992,5.81278896,45.566572831992,1.9991352696300058,183.89700717805127
06079010707,0.5680609929453263,1.7924563668430336,43.95016649674786,1.992271328490005,49.45569476447051
06079010403,0.4764402760736196,1.38633936196319,27.818601013964386,1.9759746305064467,37.412896324897424
06085503710,2.1933857999999997,4.244130599999999,20.703070471978645,1.9845928784999978,106.88917599228868
06085503711,2.224222745454546,4.283155763636364,21.172446984534545,1.984592878499997,109.96538249553514
06075047902,-0.03399764912280701,1.2573530877192982,27.625429305456137,1.9845928784999984,-12.711660767078692
06073016607,2.671748261980831,4.88769752715655,26.2679152587035,1.9781059053199992,400.24003256795345
06079012505,4.043483563342318,6.813717901617251,41.81179542721536,1.9922713284900053,312.96420946062676
06019005410,3.7068192193548386,5.798230948387097,37.1509014833,1.9991352696299989,201.86103632857888
06079010603,0.128871775,1.1257959666666666,42.22063571577665,1.9922713284900035,53.604019692623254
06079011704,0.7007814734982333,1.655892964664311,50.20192451212899,1.9359527043630789,92.80806511442027
06019005906,4.011503263397947,6.037696303306728,54.72893464074092,1.9991352696299736,166.26988340784578
06079011001,2.2888286797153023,3.9129535871886123,42.3855257621185,1.9922713284900047,182.35825446491188
06019006201,3.998947732919255,6.016492173913044,64.5395493620361,1.9991352696299995,181.2166137051498
06037481500,2.841756,4.820167,32.239909295161524,1.983659216799997,230.1441855215825
06019005000,3.669534,5.795736,38.869876325805095,1.9991352696300049,192.06349206349205
06019005100,3.64932951953125,5.761117265625,39.6614751771,1.999135269630006,193.3253918541649
06085503332,2.789210885658915,5.007539558139535,29.776091819473024,1.9845928785000242,126.69416371318783
06085503330,2.67131942721519,4.817505069620253,31.541258289331722,1.9845928785000067,118.02587793777546
06085504423,2.204406,4.322056900000001,28.93437849678001,1.9845928784999978,103.28040340158566
06085511707,3.092486932176656,5.609550558359621,34.26951553448327,1.9846534340993194,169.8790761205149
06085511704,2.676244919090909,4.989080785454545,26.875695894968622,1.984592878500025,174.8709576098754
06085511609,2.1207165866666666,4.2083029199999995,13.132593998538658,1.9845928784999978,139.14432059357782
06085512510,3.0548974391408117,5.390631594272076,29.97173509533127,1.992271328490005,148.48824838909536
06085512509,2.92291698490566,5.279504075471698,30.59897301804365,1.9922713284900047,160.9344269556646
06085512310,3.089854758454106,5.251044966183575,32.86861991945662,1.9922713284900044,145.55623306931852
06085503331,2.65538516374269,4.803050859649122,28.82437330372335,1.9845928784999964,126.20369883693948
06085510600,1.9250275526315788,3.9226124210526314,17.816727636903078,1.9845928784999982,140.92314909267526
06085511705,2.1037104418604655,4.136519713178295,15.396494365354258,1.9845928784999969,163.04636554234057
06085513000,2.095344,4.104961785714286,13.966060238485708,1.9845928785000007,148.58712840281433
06089010804,3.609292067092652,5.968612958466453,24.024032459273737,1.9925546533900074,94.45591313148432
06089011002,3.687930109195402,6.065324979885058,26.284670407604384,1.992554653390012,94.15579784697891
06089011703,3.612239125319693,6.183280524296675,44.655430116491665,1.9925546533900091,94.9043581897853
06089012604,3.3310257743153917,5.781070491029273,36.7589382794405,1.9925546533900134,90.36568374255688
06089010601,3.7083666290801185,6.056991783382789,28.895307789612943,1.992554653390008,95.55101434896496
06089010602,3.7257153779904306,6.056612205741627,32.86392849551824,1.9925546533900116,92.42626189818616
06089010805,3.59241660591133,5.931042839080459,27.49222292245912,1.9925546533900116,97.26679572025904
06089011403,3.58807214893617,5.914050006382978,32.344408398583404,1.9925546533900103,97.03876179807231
06029006301,3.14161043,5.26445247,46.98417889833997,1.9991352696300029,256.5656950576334
06029004302,3.1872765,5.2262526578947375,43.712065078199956,1.999135269630001,250.798649543518
06037481902,2.762715220183486,4.7302273394495415,29.596378934667012,1.9836592167999987,244.75687594081955
06037482001,2.6280116626506023,4.579772192771085,29.80669006261212,1.9836592167999967,239.4393485074642
06037576601,1.855642,3.740596,30.70368173230002,1.9836592168000022,160.3174603174603
06037294830,2.331323,4.323986,28.53868752561198,1.9836592168000027,251.58730158730157
06037106603,3.094652652173913,5.339882956521739,25.8375671707512,1.9836592167999958,220.40053966653056
06037482101,2.630478,4.586902,31.28525974986171,1.9836592167999971,238.8977247565886
06037482102,2.630478,4.586902,31.499904991885078,1.9836592167999971,238.88888888888889
06019001800,3.7711866652631576,5.825925994736842,71.90635189302508,1.9991352696299725,202.12961787407892
06037502500,2.4852299677419354,4.379863580645162,32.63281696034762,1.983659216799998,272.9156174038632
06037502602,2.4735323221476513,4.366337530201342,32.73813722839268,1.9836592167999971,289.43142841793673
06111005908,2.881412,5.078047,23.71477221188569,1.983659216799996,299.20634920634916
06111005909,2.9941543333333334,5.173574679487179,24.064677051926967,1.983659216799997,308.2504973149179
06111006000,2.624496364912281,4.732716568421052,22.50550299453012,1.983659216799995,254.1848826718575
06111008002,2.9644328177777775,5.233338408888889,27.87774994513373,1.9836592167999956,262.39615650987975
06111008004,2.8780052844827586,5.147665646551724,28.203983336230632,1.9836592167999954,256.4781805102222
06037134424,3.193394736111111,5.570059726851851,29.127356961172623,1.9836592167999956,281.60719223543055
06111008101,2.955511,5.227268,27.940667882414285,1.9836592167999973,260.52814798104953
06111008201,3.024732,5.274366,28.129149704985835,1.9836592167999951,253.03711612261648
06111008202,2.953455335227273,5.224301482954546,27.67537989242154,1.9836592167999962,260.0119925394174
06037500500,2.58094,4.519481,33.965694192518065,1.9836592168000007,267.46031746031747
06037500700,2.5200702304147464,4.433898557603687,32.97741058059167,1.9836592167999956,273.7144851707805
06037500402,2.5787667333333335,4.517094466666666,33.99871352034923,1.9836592167999982,270.87007615929707
06037500800,2.5398110833333334,4.471497833333333,33.00731507370328,1.9836592167999962,290.12632865391663
06037500900,2.543684,4.478569,33.36497104974897,1.983659216799997,290.97652203302005
06085512053,2.747389751592357,4.9505775286624205,16.59270102484203,1.9845928784999967,164.06311341208408
06019005202,3.6885542428571427,5.768966976190476,41.38565881151328,1.9991352696300035,189.88473719177193
06019002200,3.611391,5.726421,44.898380751537715,1.9991352696300018,197.6190476190476
06111008302,3.13632,5.433868,31.539014901311567,1.9836592167999954,250.81642251661904
06111008303,3.1011268615384613,5.383563523076923,31.259431855494523,1.9836592167999978,252.6155016353044
06111008401,2.945436,5.253155,27.23932787229281,1.9836592167999947,223.8095238095238
06111005305,2.251037636363636,4.183856571825122,30.173305691176655,1.9836592168000016,198.3968025093064
06111005910,2.8651110434782607,5.0650446956521735,24.67090327630975,1.983659216799995,294.45745736411385
06019002300,3.611391,5.726421,44.42185188902631,1.9991352696299993,197.6190476190476
06019002400,3.630221160771704,5.730504511254019,41.558250247131944,1.999135269629998,193.92119104415764
06037480400,2.8675850795454547,4.859034556818182,31.810949408472812,1.9836592167999962,224.1636551965208
06037480500,2.866829,4.859062,31.654782868030388,1.983659216799995,223.8095238095238
06071007303,3.1651988333333336,5.234593765432099,36.486199410894514,1.9814317678900006,374.67973980698184
06019003201,3.724831951923077,5.817880798076923,41.858606329830735,1.9991352696300035,194.30938126800555
06019003202,3.725680591133005,5.818886236453202,41.87134813991772,1.999135269630003,194.2882136383891
06019007802,3.6134002229299362,5.586290394904459,22.47322730325607,1.999135269629999,226.02873164432648
06019000501,3.6795023815789474,5.754818644736842,42.73106290229999,1.9991352696299998,209.8461918525765
06019007801,3.6085670070422533,5.561725320422535,23.20838699446901,1.9991352696300015,248.1144893538302
06079013000,1.834732753776435,3.5305977243202418,35.31579381009925,1.992271328490005,142.9123481174513
06019002502,3.655756,5.736042,41.20096417090006,1.9991352696299955,190.47619047619048
06019002601,3.6788832166666667,5.754329061111111,43.66257892880002,1.9991352696300013,209.05250754180767
06019002602,3.679819,5.755069,43.670621771775565,1.9991352696300018,210.3174603174603
06019002800,3.7100920499999996,5.800417472222222,41.87696399610009,1.9991352696300013,194.07059573519177
06019002701,3.6900145,5.751284803571428,43.95855555029995,1.9991352696300002,209.8349324912855
06075020300,0.297988,2.209838,18.470572254614304,1.9845928784999995,7.142857142857139
06019003600,3.6238621482889735,5.744215927756654,46.14752478834153,1.9991352696300049,203.63637972140936
06019003804,3.7176970958466455,5.865810354632588,61.21029201336248,1.9991352696299978,207.0239314875254
06019004205,3.603514208510638,5.76491494893617,48.15620444174989,1.999135269630005,194.12209718339705
06019004211,3.6111453780918725,5.780110038869258,41.40495906297639,1.9991352696300018,181.43194592186893
06019004212,3.612482932084309,5.785450950819672,43.21547702296686,1.9991352696299878,185.6992998678313
06019004302,3.6144521976284585,5.730808588932806,32.94187349791701,1.9991352696299833,191.67246364291535
06075020900,0.30648122222222224,2.231893244444444,18.288402674244452,1.9845928784999993,9.502940106172396
06075021000,0.3084923023255814,2.237115627906977,17.83599611846047,1.9845928784999995,9.79906646840191
06075021100,0.297988,2.209838,17.13157224820334,1.9845928784999984,7.142857142857139
06075021200,0.1891406851851852,1.9217360555555556,16.57817148069815,1.9845928784999987,3.048541723602881
06075021300,0.18966748888888887,1.9686654666666665,15.37812646660444,1.9845928784999993,9.607205812126493
06075021400,0.318835,2.2639736,15.441723475999995,1.9845928784999987,12.924684072740735
06075021500,0.332733,2.300064,15.967307027000004,1.984592878499998,16.666666666666657
06075021600,0.22492084705882354,2.0630854470588234,15.323881958590608,1.9845928784999975,12.52473104602538
06037113235,3.145106245614035,5.451996368421052,32.19122657761056,1.9836592167999985,283.63772628701884
06037553100,2.332828,4.286623,29.85193203321898,1.9836592167999956,300.7936507936507
06037553300,2.2937289611650487,4.195432854368931,32.64725647780779,1.9836592167999991,283.2328161927697
06037553400,2.3283882888888887,4.2087669666666665,32.9761599587644,1.9836592168,274.4558739329126
06037553502,2.253339611111111,4.150553111111111,32.01040662591113,1.983659216800002,287.6316019356817
06037553601,2.248458223300971,4.070690058252428,31.210609616036837,1.9836592167999991,277.47159755902106
06037553701,2.221131423076923,4.047477705128205,30.947110466370525,1.9836592168000011,277.51948438597225
06037554403,2.19452425,4.114442,28.351693465319286,1.9836592168000002,297.0658722509527
06037554404,2.201543147058824,4.121340823529412,27.588798217955894,1.9836592167999991,297.03876030991836
06037554512,2.348468742063492,4.289324865079365,23.884223458042914,1.9836592167999951,300.794805524697
06037554514,2.3329007205882353,4.292496823529412,25.525258764072074,1.9836592167999976,312.94538951630886
06037602402,1.3956776568047338,2.733669585798817,16.317843593202983,1.9836592167999965,115.82669067719826
06037602403,1.467584,2.832315,16.308286212100022,1.9836592168000025,123.01587301587298
06037602404,1.3499586206896552,2.670949482758621,16.308286212100025,1.9836592168000002,110.3952876133209
06059062631,1.9220911698113208,3.8243337735849057,26.47192889741967,1.9814317678899995,238.9920222190657
06037531502,2.562212,4.454168,28.413889250466664,1.983659216800002,251.58730158730157
06037531603,2.5738562592592595,4.475864481481481,29.750594242118503,1.9836592168000025,248.03948280416157
06037531604,2.562212,4.454168,29.738751596599986,1.983659216800002,251.58730158730157
06037531701,2.5417505542168675,4.464028,30.474452175767503,1.9836592168000007,250.28628567108825
06037531702,2.56044905882353,4.455017529411765,30.32553349150117,1.9836592168000005,251.42494536528145
06037531901,2.537237,4.466203,31.379008747800047,1.983659216799999,250.0
06037531902,2.537237,4.466203,31.848931709014273,1.9836592168,250.0
06037532001,2.4953975,4.39576375,32.03443648786929,1.9836592168000002,259.6844428189968
06059011717,2.703525652173913,4.700499855072464,28.938570525004327,1.9836592167999973,276.1155257459601
06059011718,2.7022637,4.702190344444444,27.992393260353335,1.9836592167999962,276.2447716514624
06059011720,2.505866473214286,4.460319169642857,24.78337541760894,1.9836592167999985,280.4550306491795
06059011721,2.5145316914893616,4.4697584361702125,24.852015732799988,1.9836592167999998,275.8462612895487
06037532101,2.481451,4.372284,33.02247291260677,1.9836592167999976,262.793870417667
06037532002,2.484930038961039,4.37701551948052,32.38833227488183,1.9836592168000013,264.5813177092297
06037532200,2.4952526981132075,4.392367150943397,32.45627189524837,1.9836592167999967,270.3340426320803
06059011722,2.5202860681818184,4.476026840909091,24.44683872398181,1.9836592168000002,274.2468194405054
06059042312,1.78979592,3.8851973080000004,29.407156744290397,1.978105905319992,254.03790883161145
06059042313,0.8333997842105263,2.2863656947368423,39.46771303884466,1.9781059053199965,109.2189110958194
06059063202,0.9872769850746269,2.3416038656716416,25.68712634634025,1.9814317678900006,109.26432840494633
06059063301,0.934284,2.246597,26.195255385305444,1.9814317678900009,101.58730158730154
06059063302,0.946742,2.2689319473684213,26.366822335620974,1.9814317678900009,103.46909285015072
06059063400,0.48567300778210115,1.4478587704280157,26.654461645287892,1.9814317678900009,-14.907306381146965
06059063604,0.74836976,1.91125876,24.701295977174986,1.9814317678900009,63.15685820806011
06075021700,0.23423574576271186,2.0835602372881357,15.180146198345732,1.984592878499997,11.80396639970308
06075021800,0.332733,2.300064,15.189284052770274,1.9845928784999978,16.666666666666657
06075022600,0.531162,2.399213,19.41087495133061,1.984592878499999,2.380952380952394
06075022802,0.36568367741935487,2.2648178387096776,19.061430038935477,1.9845928785000009,5.054732212480179
06075022902,0.30791514285714283,2.2356168571428574,18.354939698142854,1.9845928785,9.743429329090102
06075022903,0.3685493888888889,2.2774798333333335,19.431653602313887,1.9845928785000002,7.57751269031731
06075023001,0.6729225949367088,2.823041164556962,21.082945332477234,1.9845928784999978,28.334196664274955
06075023003,0.677284,2.829746,21.143202967100017,1.9845928784999984,28.571428571428584
06037553702,2.212001,4.039722,30.66461169059756,1.9836592168000007,277.7112203060623
06037553801,2.212001,4.039722,31.31870712399324,1.9836592168000002,277.77777777777777
06037553802,2.212001,4.039722,29.924630839890852,1.9836592167999973,277.76069002588855
06037553901,2.2529882662721894,4.149611136094674,31.83308131859465,1.9836592167999965,287.687797321232
06037554002,2.266117,4.18481,31.51881862596157,1.983659216799997,290.4761904761905
06037554101,2.332828,4.286623,30.90001600920925,1.983659216800003,299.90594946222
06037554201,2.266117,4.18481,29.93971291315609,1.9836592167999982,290.4761904761905
06037554515,2.297247,4.25679,22.80146708372131,1.9836592167999973,315.8730158730159
06037554516,2.297247,4.25679,23.203352436319374,1.9836592167999962,315.8730158730159
06037554518,2.291828,4.209213,21.949036644693795,1.983659216799996,289.5176681520993
06037554519,2.2920519256198344,4.211178991735538,21.44801644356275,1.983659216799998,291.61430188585473
06037554521,2.3001878525345623,4.248404585253456,26.431652031868996,1.9836592167999956,303.7666576748075
06037554522,2.2835748048780484,4.235064341463415,22.813911914557163,1.9836592167999958,309.8968257075459
06037554700,2.402658,4.362358,26.47976883000001,1.9836592167999991,309.5238095238096
06037554801,2.3815758,4.341244400000001,26.94657502282998,1.9836592168000022,311.1036112458011
06037554802,2.297247,4.25679,24.46214914419086,1.983659216799996,315.8730158730159
06037620602,1.12862,2.398956,23.585464360613813,1.9836592167999965,62.69841269841271
06037620701,0.7345256774193548,1.8056825483870966,25.230455768434663,1.983659216799998,10.354645548406406
06037620901,0.779254,1.887416,27.931562387708684,1.9836592167999982,35.714285714285694
06037621001,0.6860658110236221,1.735111527559055,26.614765197027513,1.9836592167999978,6.718171791511301
06037621102,0.667604,1.704938,25.792972489195797,1.983659216800002,2.380952380952394
06037532302,2.562299125,4.453866,29.33260768034604,1.9836592167999978,252.16704309735783
06037532303,2.5310358571428573,4.442605829931972,31.12086459522924,1.9836592167999971,258.70900555554533
06037532304,2.472855445652174,4.375413880434782,32.41745243161733,1.9836592167999998,267.4517977308044
06037532500,2.422367630136986,4.22439394520548,22.324986229271236,1.9836592168000018,243.22528982424228
06013359103,1.4281736691729323,3.2567303082706767,40.05840926720454,1.9845928784999982,53.6777978651907
06059021807,2.6575698039215685,4.666229633986928,20.638553583889593,1.9827857074235276,249.57064566649484
06013317000,2.6981923333333335,5.097024696969697,39.13221692233946,1.9845928784999973,119.39613082902454
06013328000,2.994164603448276,5.420046448275862,18.879651993856896,1.9845928784999984,182.4397240318926
06001450744,2.726798221052632,5.262325231578947,31.153368051314217,1.9845928784999964,150.24524166585843
06001405901,0.904068,3.158994,21.915492724400032,1.9845928784999982,52.38095238095235
06001450101,2.63034574025974,5.25431025974026,28.504612942305222,1.9845928784999978,130.41499714164078
06037541100,1.969532,3.577055,22.58729199395431,1.983659216799999,220.63492063492063
06037541300,2.2006359770114945,3.904019563218391,22.17378328446095,1.9836592167999965,249.93691461714263
06037541603,2.204537469879518,3.920317493975904,25.514103985063894,1.9836592168000007,256.0927519648486
06037541604,2.2197926923076925,3.9664676153846155,25.943882943100064,1.9836592167999991,273.8095238095238
06013330000,2.9714105274725275,5.325669505494505,22.23866507446106,1.9845928784999995,135.6551435723146
06013332000,2.9718791,5.3155770225,20.286538103963107,1.9845928785000162,134.85267400495047
06033000702,3.749042283082077,5.8477203651591285,30.27643282713474,1.9925546533900114,150.93049412471072
06013372000,0.26699331111111113,1.4138941777777778,26.01105406023921,1.9845928784999962,-15.011686233074952
06037554900,2.297247,4.25679,24.122644667626098,1.9836592167999956,315.8730158730159
06037555001,2.2012065,4.08917385,22.799595085177554,1.9836592167999967,299.8558272450864
06037555002,2.153507,4.005594,22.851753556300036,1.9836592168,291.1392139116212
06037555202,2.153507,4.005594,22.03640499740003,1.9836592167999971,291.26984126984127
06037555211,2.153507,4.005594,22.036404997400027,1.9836592167999993,291.26984126984127
06037555212,2.153507,4.005594,22.010988860342195,1.9836592168000007,291.22134970988407
06037570002,2.17066,4.090986,26.310736585930456,1.9836592167999985,300.7936507936507
06037650702,1.384889,2.705268,23.829385051144182,1.9836592167999965,114.28571428571428
06013373000,0.306999,1.319406,27.787836471001047,1.9845928784999973,-19.04761904761905
06037651001,1.8478058342245989,3.4316698395721925,18.601043488703226,1.983659216799996,199.17109709147135
06037651002,1.77786417721519,3.307472987341772,19.040610160619003,1.9836592167999967,179.6286755663154
06107000402,3.973653,5.938595,68.88522591389975,1.9991352696299969,209.52380952380952
06013310000,3.0562233722222225,5.0083319388888885,33.19462806338163,1.9845928784999964,111.16430263861952
06037532605,2.402771,4.201347,21.6971970372,1.9836592168000011,244.44444444444449
06037532700,2.402771,4.201347,20.2648953895,1.9836592168000022,244.44444444444449
06037533104,2.402771,4.201347,21.909607113954294,1.9836592168000002,244.44444444444449
06037533201,2.464969,4.274496,23.35682064050001,1.983659216800001,241.2698412698412
06037533300,2.464969,4.274496,26.051203160574982,1.983659216800001,241.2698412698412
06013374000,0.20868062601626014,1.3417472357723579,25.984305329104085,1.9845928784999969,-15.618056340794828
06013375000,0.25717231182795697,1.2532304731182795,26.813419281207537,1.9845928784999973,-20.263421756945213
06013376000,0.2554158979591837,1.2508977551020408,29.50731264987149,1.9845928784999967,-20.094179475563184
06013377000,-0.114263,0.759922,28.859677695546228,1.9845928784999967,-25.723466439789696
06013383000,0.29987519337016577,1.6314680939226518,26.113072104918768,1.9845928784999964,3.3685399136198253
06013385200,0.3840725063291139,1.8180206962025316,23.04402496615569,1.9845928784999978,4.699565250347606
06037543304,2.033784,3.72219,26.201935342200965,1.9836592167999958,238.88888888888889
06013387000,0.434362,1.908393,24.586264724900033,1.9845928784999973,6.349206349206355
06107000501,3.970634438596491,5.93744005263158,68.44068805361239,1.9991352696300015,209.535581962511
06107000702,3.683186323308271,5.805094090225564,46.36602980622111,1.9991352696300044,182.2468526372051
06107001005,3.655105,5.677198,57.74024145700022,1.9991352696300027,223.015873015873
06111004600,0.9719676836158192,1.9680359717514124,38.72871666786805,1.9836592167999945,-5.592316094811404
06013391000,0.588976375,2.1297680238095236,27.58904280266316,1.9845928784999967,17.848483262313493
06013315000,2.9183178990384615,5.061705903846154,31.207339759607127,1.9845928784999964,95.14210373752454
06113010310,3.35072206147541,5.10395843442623,21.061704168742207,1.992554653390005,80.81778317623012
06013347000,2.8038088839103867,5.362566786150713,27.382814884880858,1.9845928785000375,125.31112133105472
06013350000,2.4034009260628464,5.095904691312385,32.664286282603214,1.9845928785000255,100.92199140725722
06013359102,1.3892156941176472,3.1809260509803923,38.86619136758826,1.9845928784999962,54.57464069294702
06013362000,0.3490370909090909,1.6620866363636364,23.821030980820154,1.9845928784999967,-8.320301168907465
06037570003,2.17066,4.090986,26.901481841699955,1.9836592167999967,300.7936507936507
06037570100,2.1648308080808083,4.078657616161616,27.250046959518134,1.9836592167999993,291.124598453466
06037570202,2.2102632807017546,4.038480122807018,29.464551629815194,1.9836592167999965,277.2211757250183
06037570203,2.230293732394366,4.088765830985915,30.044769189200004,1.983659216800002,281.1235071387681
06037570204,2.1418055,4.0299605,28.48090945032494,1.983659216800001,285.31257522755
06037570303,2.070241808219178,3.844853479452055,25.904108522110985,1.9836592168000018,248.67826773561848
06037651101,1.6652126722222222,3.113580527777778,19.709361770044477,1.9836592167999962,188.8461022743292
06037651102,1.4443434,2.790425257142857,21.913913691285675,1.983659216799999,127.1125419230132
06037651201,1.384889,2.705268,24.52511786062745,1.9836592167999954,114.28571428571428
06037651222,1.6420083290322582,3.098241412903226,23.805678005165117,1.983659216799997,162.85915581837747
06013379000,-0.10765856872037914,0.7818065450236967,27.53371236304414,1.9845928784999964,-26.1625208077164
06013382000,0.029542717948717948,1.1738477008547008,25.278938886751636,1.9845928784999962,-11.126411750261871
06037533401,2.466591769230769,4.278798692307692,26.422124936799964,1.983659216800003,242.85018906066145
06037533601,2.464969,4.274496,26.337165185600025,1.9836592168000025,242.50370123401945
06037533602,2.464969,4.274496,26.043645832926767,1.9836592168000005,241.65228497238573
06037533702,2.500129,4.367721,29.298020447600017,1.9836592168000013,261.90476190476187
06013388000,0.4612817894736842,1.938115105263158,26.47000592368529,1.9845928784999973,8.06102455940525
06013389100,0.604854,2.096633,27.284014908912532,1.9845928784999978,21.959503613608337
06013389200,0.604854,2.096633,27.00355885010001,1.9845928785000007,22.222222222222214
06013390100,0.434362,1.908393,26.586978715107755,1.9845928784999967,6.349206349206355
06059021809,2.759313,4.794006,27.238708610568242,1.9836592167999958,288.88888888888886
06059021810,2.7575944175257736,4.791240097938145,24.861612161448967,1.983659216799996,288.83395321908495
06059021814,2.7581409273927395,4.763365151815181,30.243201507770586,1.9836592167999947,280.25396041968185
06059042326,1.7954898622222222,3.7256188666666668,32.02267625823601,1.9781059053199936,244.6947925356547
06013390200,0.55157525,2.037808,27.82320735465879,1.9845928784999978,16.121022626812866
06113010312,3.3597265449101794,5.116458455089821,21.96234295344463,1.9925546533900078,88.01229992787798
06059042327,2.434848032608696,4.729445434782608,23.434508337486108,1.9781059053199943,336.0942296113946
06059042328,2.4465777344827586,4.750854944827586,23.307611159140254,1.9781059053199963,328.9268660313272
06059063806,1.25689064,2.78595468,17.390273526919554,1.9814317678900009,135.49922734360305
06059074108,1.8523742857142858,3.684468948979592,14.273288905185739,1.9814317678900009,230.85671099257831
06059074109,1.835220988764045,3.6573204606741574,14.666528008932566,1.9814317678900009,235.69370496479536
06059074111,1.741712,3.523494,14.04968712119995,1.9814317678900006,215.87301587301585
06107001006,3.4900407674943565,5.5907037674943565,55.440332831886295,1.9991352696299867,211.51413426041833
06107001200,3.3858740198019803,5.567365811881189,54.78360008007623,1.9991352696299969,189.35456861901045
06107001601,3.645698,5.652731,66.73622845905662,1.9991352696300047,184.1269841269841
06059074200,1.896138237113402,3.7442043092783504,17.368899358221594,1.9814317678900009,245.45751233924017
06013333200,2.9845776059701494,5.35629035522388,19.26173313827377,1.9845928785000093,147.98877986781133
06013334001,2.948383743169399,5.386754655737705,16.994760599369894,1.9845928784999964,162.2483776650533
06111002901,1.1060934760383385,2.2534325974440894,35.16854696806858,1.9836592167999947,69.89164160877058
06111003201,1.1644,2.336897,33.047950836999966,1.9836592168000025,99.2063492063492
06085503123,2.228173987012987,4.293738168831169,24.295966510533745,1.9845928784999978,132.14878063888105
06013335000,2.945728699530516,5.350313211267605,17.926141205767564,1.9845928784999964,148.57235012070907
06013336101,2.966477814814815,5.429764172839507,17.257444153207395,1.9845928784999975,167.39034363177248
06013338201,2.8751071666666665,5.417189238095238,15.115007162038697,1.9845928785000093,155.9161764451821
06013338301,2.9012356666666665,5.413044422222222,18.22560210941337,1.9845928784999989,167.6420336844012
06059042330,1.5685655364583333,3.474835046875,28.45064577031466,1.9781059053199963,229.9247690140389
06059042331,1.5363333471074379,3.424664743801653,30.601042085922387,1.9781059053199928,225.40986518254255
06059042332,1.0854193438395416,2.6930701346704873,35.87180633912685,1.978105905320003,171.512010003819
06059042333,2.403216263285024,4.6864082415458945,23.59331517560726,1.978105905320008,322.488221931907
06013311000,3.065856,5.011582145454546,32.51603508851996,1.9845928784999967,112.60797496976188
06013312000,3.0603653595505618,5.006441966292135,32.69977100853488,1.9845928784999975,102.13134508969144
06107001701,3.4146207207792205,5.576173448051948,56.97969326360011,1.9991352696299984,191.38619596140165
06059063902,1.314806,2.875833,18.90602829443676,1.9814317678900009,161.26020255044486
06067008209,3.3007347127371274,5.32643027100271,25.123209467490707,1.9925546533900087,113.25834910832587
06037231800,2.453754,4.258903,19.69510424700001,1.983659216800003,253.1746031746031
06067009618,3.2648428194444445,5.269599583333333,20.59149432609311,1.9960008250816714,99.68090307999285
06037242000,2.2043522702702703,3.931645243243243,21.038299271900016,1.9836592168000018,240.51621205634473
06083002906,1.163636734375,3.1979060078125,41.17981285382262,1.9922713284900047,172.44316931684136
06013368002,0.306999,1.319406,28.625219678591,1.9845928784999975,-19.04761904761905
06065045109,2.664365097560976,4.640700512195122,25.999187586599977,1.9996704373900063,369.894633206574
06075017700,0.297988,2.209838,19.661813566887723,1.9845928784999984,6.754156965549747
06019003500,3.611391,5.726421,42.40251007574055,1.9991352696299964,197.6190476190476
06013371000,0.1727015189189189,1.3502222702702702,24.26002914682922,1.9845928784999964,-13.25304878120641
06059021817,2.639363916129032,4.6308768,19.95619588992005,1.983659216799997,255.8142349570641
06059021823,2.7613417405857743,4.768783167364017,25.103745955771224,1.9836592167999954,246.4966994434672
06059021826,2.8129830860215055,4.823119516129033,30.267708482909658,1.9814317678900009,267.52206290914967
06059063903,1.469658837837838,3.097694689189189,19.00888690021485,1.9814317678900006,195.3872704032195
06059063904,1.4826475479452055,3.1163039520547944,19.889488084049997,1.9814317678900006,196.27705418595264
06059063905,1.3015319767441862,2.853882906976744,22.189810313104697,1.9814317678900009,159.42281870740464
06059063906,1.1574602127659575,2.6048093723404255,23.403529184159584,1.9814317678900009,149.57008960230516
06013345101,2.272923722222222,4.966762611111111,28.407024633943763,1.9845928785000022,120.02624026496684
06107001703,3.655091361702128,5.662412638297873,61.669598708120624,1.999135269629981,199.9809157092442
06107001800,3.3863546148648647,5.56735547972973,55.088928913574804,1.99913526963,190.49520500956476
06059001202,2.6490956216216217,4.6414672972972975,27.191198849154024,1.9836592167999987,289.21588721501973
06059001301,2.6043597058823527,4.58906493277311,26.49221122800007,1.9836592167999954,293.94295755529197
06057000102,3.691584824749164,5.759989972575251,60.7932360393183,1.9925546533900143,125.64786266430512
06057000802,3.6542904508393286,5.756199332533973,58.45189401963875,1.9925546533900138,114.92305395623438
06057000300,3.5623980889309363,5.6488237653737,60.016054776472885,1.9925546533900134,112.92528761074698
06057000105,3.5972024213036566,5.660547492050874,61.340239980568406,1.9925546533900138,118.30340036687204
06057000702,3.8278728646788993,5.909155159021407,62.12446890581229,1.992554653390014,117.74842095085546
06057000502,3.626626860962567,5.762795267379679,62.44809154232449,1.9925546533900111,118.08058765556324
06057000104,3.6807864984662575,5.756244027607361,61.555541747054114,1.9925546533900118,116.808559216531
06057000200,3.5308883374035993,5.576818245501285,56.5837338287977,1.9925546533900143,103.15826396857965
06057000801,3.737809135218509,5.844000845244215,54.49535893691138,1.9925546533900147,109.13960658423642
06013345102,2.239417317180617,4.9885948061674,26.690558931685377,1.9845928784999962,109.5346236154884
06013352201,2.21303261414791,4.920886127009646,37.59138034874252,1.984592878500029,103.3038534278901
06013353002,2.192462702160494,4.7648694212962965,33.20482613360356,1.98459287850003,95.39954930088037
06013356001,1.8340668349056606,3.9325541226415095,41.8562415723709,1.9845928784999964,87.43849760722384
06013358000,1.803221736842105,3.853625045112782,42.362480844814904,1.9845928784999982,69.01356199877635
06013359204,1.6220841216216215,3.6957145033783783,39.923721705158755,1.9845928785000035,65.76747694841738
06013360200,0.787504,2.4700208823529413,29.975097245856755,1.9845928785000024,20.021553598791787
06013364002,0.8623225547169812,2.375401701886793,34.658320023564926,1.984592878499998,14.22894075225169
06013366001,0.8796218571428571,2.2066280408163266,30.430991507089832,1.9845928784999967,13.655468555267898
06059021827,2.7935498780487804,4.799344707317073,27.82296223941267,1.9814317678900009,256.29267980290473
06059021828,2.8411640495626824,4.844054778425656,30.570332907201216,1.981431767889987,277.4709349261291
06059021830,2.7444225,4.756013923076923,22.116299595147378,1.9826204545679222,241.91403794765205
06017031700,3.228397659038902,5.357096249427918,33.08347000842799,1.9925546533900098,108.29606824381528
06059042334,2.1941959341317365,4.3629459221556885,24.880204295349714,1.9781059053199992,302.7960140481033
06059042335,2.143324277486911,4.285353910994765,24.556410661080694,1.9781059053199965,294.894935101387
06059042337,1.33693610701107,3.135580859778598,32.54326198484759,1.9781059053199936,202.13772927269696
06059042338,0.836675,2.292425,38.34816318483155,1.9781059053199939,114.28571428571428
06059063908,1.4911,3.128414,19.826160968919087,1.9814317678900006,199.3957673129228
06059074004,1.7755622857142856,3.590236285714286,17.333278319937193,1.9814317678900006,233.0680905152801
06059074005,1.741712,3.523494,16.21207536726457,1.9814317678900006,215.87301587301585
06059074006,1.741712,3.523494,18.229943778273316,1.9814317678900006,215.87301587301585
06059074102,1.8715374304635761,3.7092951523178805,14.784190696314557,1.9814317678900006,236.4909810451317
06059074103,1.874637625,3.71373203125,16.518795877314076,1.9814317678900009,237.7871525004993
06037480902,2.778547,4.748367,30.183575023899966,1.9836592168000025,245.23809523809524
06037189600,2.677824,4.600372,26.704001564672204,1.9836592167999973,157.93650793650795
06037189400,2.7217513195876286,4.676551896907217,27.56342395851029,1.983659216799996,170.57699201388937
06037181400,2.9456611509433963,4.990210150943397,30.051347432563176,1.983659216799999,222.22252853128575
06065040609,3.0841261370558377,5.083868780456853,30.178449123347633,1.981431767889963,295.1241937984188
06065040616,3.094191136890951,5.122956540603249,30.609466474727938,1.9814317678899782,288.8603257833716
06065040813,3.0587959231664725,5.1224133993015135,31.278940361184315,1.9814317678899613,324.90380532068724
06065040814,3.006899,5.11277,33.114702810904205,1.9814317678900006,357.9365079365079
06065041910,3.197307662921348,5.022765094382023,32.20957641747613,1.981431767889977,357.2885849113499
06065042217,3.153408398976982,5.2604907058823525,35.2735121145068,1.9814317678899818,419.24051265933224
06013313102,3.1097735294117648,5.094108764705882,30.71847635718121,1.9845928784999967,107.00645397561638
06013314102,3.008346,4.996416,30.85611847531472,1.9845928784999962,77.76116214505352
06013316000,2.700248,5.101377,39.502545834327314,1.9845928784999993,109.25264532465891
06013366002,0.5405103846153846,1.6693002657342657,29.181202415263595,1.9845928784999967,-2.110032456335257
06059001303,2.646604,4.638498,26.689805346933262,1.9836592167999973,289.6825396825397
06059001304,2.646604,4.638498,26.752372648765157,1.9836592167999998,289.46701932034466
06059001401,2.7002007914691943,4.706345402843602,27.45427729508627,1.9836592167999958,282.3658582210968
06013367200,0.2762344715447155,1.4818597479674798,26.61857213520732,1.9845928784999969,-10.527296689926692
06037578100,1.4989765590062112,3.150749732919255,30.542239578839812,1.9836592167999967,170.41168846655947
06037702900,1.01353298,2.1354116000000003,24.831405461701987,1.9836592168000022,13.211135668460196
06001442700,1.513904,3.751251,24.52968308679487,1.9845928784999967,100.3007555466309
06001442800,1.6939184117647057,3.9788983529411763,22.31173800597731,1.9845928784999969,119.74034069216142
06037204920,2.573364,4.415512,25.635676226630757,1.9836592168000022,256.3492063492063
06037205110,2.5674849166666665,4.408021166666667,24.03014119479999,1.9836592168000005,255.5693538298876
06037205120,2.5715550512820515,4.413207128205128,24.29463664694871,1.983659216800001,255.4810892327513
06037206010,2.732933,4.66345,25.265905122387508,1.983659216800002,209.7483991878537
06037206020,2.634382,4.484777,24.36074582639999,1.9836592168,235.7142857142857
06037206050,2.6102516153846156,4.457215653846154,23.496601497469232,1.9836592167999998,240.7899030582809
06037111402,3.0856264029850746,5.295333044776119,20.02578137760003,1.9836592167999976,268.07086280308806
06037111303,3.121269,5.359443,19.20658390441757,1.983659216799996,263.49206349206344
06037104321,3.024288,5.303154,22.232867340860583,1.983659216800002,287.3015873015873
06037104322,3.024288,5.303154,22.22993994446184,1.9836592168000025,287.3015873015873
06037108203,3.0978945,5.3708815,22.284226398059992,1.9836592168,214.27445781769111
06037320101,3.067382742268041,5.363940958762887,25.483333995279384,1.9836592167999996,226.17189440864183
06037920121,3.2698147068965517,5.503993086206896,28.735742513696895,1.9836592167999945,319.3621198987286
06037231901,2.368279,4.141617166666666,19.868000418699996,1.9836592167999998,239.7204613942368
06037232402,2.14059147368421,3.8087155789473686,19.340052044100027,1.9836592168000013,199.76508843771467
06037135204,3.1692074365079366,5.538667150793651,20.758431834441225,1.9836592167999951,285.1519759615293
06037460101,3.0588163633027525,5.180986190825688,34.29142159146339,1.9836592167999998,224.2148337527828
06037132302,3.1897154,5.445298599999999,19.676550159910654,1.9836592168000016,327.4337034995679
06037135115,3.159614,5.487482,15.181567046400003,1.9836592168000018,333.3333333333333
06037132301,3.1877176507936507,5.441861936507936,19.693043220407937,1.9836592168000031,327.46130418129263
06037134907,3.1931061515151513,5.499099454545454,16.204883571127272,1.9836592167999998,311.4634047667846
06037119003,3.0163861946902655,5.261003840707964,24.023058195069893,1.9836592167999985,294.0677595185945
06037111401,3.0847976476190477,5.293842371428572,20.12991100769428,1.983659216799999,267.89038732726624
06037103401,3.1125573035714287,5.335505910714286,20.061657951042836,1.9836592167999985,236.37814747425568
06001442900,1.7118822365591397,3.9982998924731183,19.648597963647273,1.9845928785000007,121.41877677242287
06037192410,2.531862,4.321447,21.24006988120003,1.9836592167999998,159.52380952380952
06037192510,2.597877,4.44247,22.790399903999994,1.9836592168000011,184.92063492063488
06037192520,2.597877,4.44247,22.790399903999994,1.983659216800001,184.92063492063488
06037192610,2.597877,4.44247,22.900046272025484,1.9836592168000022,184.92063492063488
06037192700,2.597877,4.44247,23.589252013900015,1.983659216800003,184.92063492063488
06037194500,2.451629302325581,4.183875093023256,22.706714094500043,1.9836592168000005,148.89916434729324
06037195100,2.7732331584158416,4.737255737623762,25.817473009956434,1.9836592167999958,196.59201611308208
06037195300,2.7374855135135134,4.700688513513514,25.380231568,1.9836592168000018,188.7779729007256
06095252204,2.6014669876352396,4.868266680061824,33.70688274846999,1.98459287850003,96.7195609131716
06095252203,2.7408716215846995,4.98669881284153,35.07790319437513,1.9845928785000324,106.88645912970834
06095253501,3.281739824399261,5.233557846580407,24.708714894967542,1.992422202421416,132.00502424022343
06095252205,2.354675403940887,4.522275923645321,29.00638422045317,1.9845928785000169,99.894470450641
06095252206,2.3078761464174455,4.466770295950155,30.92159294330182,1.9845928785000073,89.73721503311413
06095253207,3.5535851309090907,5.670370796363636,29.35635284828769,1.992554653390006,123.60499015315614
06095253502,3.143282401084011,5.07844154200542,25.303688790616853,1.9914758221041042,102.1155316578532
06095253208,3.556225220588235,5.671473382352941,26.345037196578456,1.9925546533900027,124.92647589247282
06001443001,1.819336,4.12849,18.676902608608753,1.984592878499997,117.46031746031744
06001443002,1.818762995412844,4.1277957522935775,18.356852299247684,1.9845928784999964,117.46398737708446
06001443102,1.9407158603174604,4.271490504761904,21.81368877488124,1.9845928785000067,106.95212522186544
06001443301,1.916532865284974,4.0793739637305695,27.65249441680317,1.9845928784999964,102.29505976599752
06037137501,3.28791,5.639488,18.845753595963277,1.9836592167999951,349.92416934416013
06037137502,3.1894150393700786,5.522790480314961,19.31389957551809,1.9836592167999951,337.72955293657475
06001444100,1.391224626038781,3.620452213296399,28.233803992153025,1.9845928785000124,95.63745830725674
06001444200,1.356857,3.58381,30.151624244573984,1.9845928784999962,94.44444444444444
06037195500,2.6864426071428573,4.576722803571428,25.176613703935633,1.9836592167999965,190.22523287410297
06037195600,2.681398,4.567392,25.121711273400017,1.9836592168000025,189.6825396825397
06037195710,2.681398,4.567392,24.205778701510337,1.9836592168000027,189.6825396825397
06037195720,2.681398,4.567392,23.863052297976456,1.9836592168,189.6825396825397
06001444400,1.359912163265306,3.5707090408163267,29.099839799832623,1.9845928784999967,92.1352820744964
06037195802,2.6732096666666667,4.55514474509804,23.26355641629803,1.9836592168000022,189.02183964700416
06001444500,1.4015479526066352,3.5777906161137443,28.316454730149257,1.9845928784999964,89.35033495432884
06001450200,2.388237204678363,5.016736666666667,27.645107827733973,1.9845928784999964,126.1905671755256
06001450300,2.4536745,5.140297375,27.98817114909686,1.9845928784999962,109.265333047162
06105000500,3.315049320286037,5.506329349642454,37.06034503309437,1.9210571883559022,104.76209886251743
06037207400,2.610010857142857,4.453758714285715,23.931727170428562,1.9836592167999998,234.20438664938865
