GEOID,flood_bam_100_pct,flood_bam_500_pct,flood_verywet_pre_pct,flood_verywet_fut_pct
06037137504,0.0,0.0,28.9522546153845,28.859300000000065
06037138000,0.0,0.0,29.090135682451184,29.742482116991784
06037139200,0.6451612903225806,0.6451612903225806,26.673859999999966,28.78535000000008
06087120901,5.833333333333333,6.041666666666667,28.531080687499994,29.1765435625
06087120902,4.400977995110025,5.134474327628362,28.286299168704225,29.018763691931735
06087121601,14.11042944785276,14.723926380368098,26.187738343558305,24.649424355828312
06087122401,1.7103762827822122,1.7103762827822122,26.59736770809587,29.165107844925913
06087121602,8.94308943089431,9.75609756097561,25.263286097561014,24.483575365853685
06087110503,0.9174311926605505,0.9174311926605505,23.723320000000044,25.749789999999983
06087110506,9.278350515463918,9.278350515463918,23.827034639175288,25.779543402061854
06087110202,4.968944099378882,4.968944099378882,23.8742591304348,26.067483664596235
06087110505,10.16949152542373,10.16949152542373,23.723320000000047,25.749789999999972
06087110201,0.0,0.0,23.87060000000004,26.059782000000013
06087110302,5.88235294117647,5.88235294117647,23.72332000000003,25.749790000000004
06087110301,67.56756756756756,81.08108108108108,24.0312383783784,26.196338108108115
06087110401,52.4390243902439,68.29268292682927,24.534029390243955,25.955573170731736
06087121701,1.4598540145985401,1.4598540145985401,24.62681000000007,24.369389999999953
06087121702,2.097902097902098,2.097902097902098,26.032782867132923,24.621624965035004
06087110102,45.714285714285715,65.71428571428571,24.38081999999995,27.1336828571429
06087110601,0.6622516556291391,0.6622516556291391,24.473617549668916,26.20260092715227
06087122205,13.559322033898304,14.237288135593221,25.13953769491529,25.980822338982943
06087100801,48.69565217391305,50.43478260869565,25.78177999999995,26.42864999999996
06087101002,63.0,67.0,25.781779999999976,26.428649999999976
06087121802,7.017543859649122,7.894736842105263,24.62681000000004,24.369389999999974
06067002300,0.0,100.0,23.54419272727267,24.348311363636444
06067002400,0.0,100.0,23.105580143884886,24.35022219424462
06037143200,0.0,0.0,25.87512053571424,29.230164107142873
06037201301,0.0,0.0,20.552069636363623,24.193943272727253
06037201302,0.0,0.0,21.8336586956522,25.7025273043478
06037201401,0.0,0.0,20.389581764705873,24.611194117647038
06037201402,0.0,0.0,20.429072692307717,24.435912692307618
06037236001,0.42194092827004215,2.109704641350211,23.71779763713086,23.61420611814348
06037236102,0.0,0.0,23.576231777777775,24.48688444444445
06037409100,0.0,0.0,22.271862307692317,25.64202056410256
06037234301,3.7037037037037033,5.555555555555555,23.46329999999998,25.129950000000004
06037231601,0.0,8.88888888888889,22.235599999999984,25.09625000000003
06037231603,0.0,11.76470588235294,22.235599999999987,25.096250000000023
06037234001,0.0,18.627450980392158,23.46329999999994,25.129950000000004
06037236205,0.0,0.0,23.730770000000003,23.6069
06037206051,0.0,0.0,20.645875250000003,23.499441500000025
06037231301,0.0,0.0,22.235599999999987,25.09625000000002
06037231302,0.0,8.19672131147541,22.235599999999984,25.096250000000037
06037532607,0.0,0.0,21.707879999999978,24.42280000000002
06037275604,0.0,92.43697478991596,23.455616638655442,24.891965798319298
06037530007,0.7272727272727273,0.7272727272727273,22.46255272727265,26.262448581818102
06037271804,0.0,0.0,23.470630000000018,25.720029999999976
06037551002,0.0,0.0,22.28438619047618,26.321355952380923
06037502700,0.0,0.0,22.545750462962914,24.391959027777702
06037502901,0.0,0.0,19.617549999999966,20.706650000000053
06037550801,0.0,0.0,22.110259999999993,24.342450000000074
06037502604,3.508771929824561,3.508771929824561,22.361109824561392,25.805782982456122
06037276608,0.0,0.0,23.299219999999995,24.912990000000015
06037550502,0.8368200836820083,0.8368200836820083,22.283739999999923,26.350830000000077
06037276102,0.0,0.0,22.7853141573034,23.116976179775232
06037408707,0.0,0.0,22.112021404494257,26.149186067415577
06037275312,0.0,0.0,23.273196388888877,24.82272805555554
06037275605,4.0,4.0,23.42471999999999,24.951559999999983
06037533108,0.0,0.0,22.43759876543208,24.97327012345679
06037276101,0.0,0.0,24.43074499999999,23.61383852941178
06047002403,6.516290726817042,74.43609022556392,22.57663353383454,21.60423486215537
06047002404,0.0,98.83040935672514,23.093014736841972,21.974853684210466
06047000404,22.451456310679614,32.038834951456316,21.816565546116415,21.448252803398137
06047001007,1.3761467889908259,2.293577981651376,22.445172935779755,24.534730412844095
06047002305,0.0,0.0,23.37535506787324,25.511469728506643
06047002203,0.0,0.0,25.29562932862203,26.066112084805646
06047002303,0.0,0.0,23.11701599999996,25.11211999999995
06047002002,0.14705882352941177,0.14705882352941177,25.896670955882442,27.035510926470508
06047002306,0.0,0.0,23.199520310077563,25.196580465116327
06047002601,98.14814814814815,100.0,20.598879583333407,24.198707592592587
06047000305,0.0,0.0,23.554190301003327,23.421427658862818
06047002304,3.6231884057971016,7.971014492753622,23.21304637681159,25.331938188405733
06047002001,17.86492374727669,17.86492374727669,25.606994989106592,26.495156339869204
06047000904,22.070844686648503,59.40054495912806,23.61711231607626,24.036759836512275
06047000903,60.23738872403561,71.51335311572701,22.662916765578643,24.10163569732939
06047001008,8.115183246073299,32.98429319371728,22.81380528795803,24.877719947644103
06047001604,100.0,100.0,19.45574737051791,23.083934741035847
06047000204,0.0,0.0,23.03969295833337,22.935340291666737
06047002602,21.891891891891895,31.891891891891895,20.28278127027024,24.97550754054048
06047002204,0.0,0.0,23.685506455696157,25.6072763291138
06047000403,0.0,0.0,22.075594999999932,22.088615698412816
06047001006,24.5136186770428,37.7431906614786,22.452529999999893,25.006980000000095
06047000205,0.0,0.0,22.62370786069648,22.097749751243857
06037139301,0.0,0.27472527472527475,28.041975714285684,28.803720549450485
06037139302,0.0,0.0,28.39524000000003,28.878920000000015
06037139502,0.0,0.0,26.81951523076921,28.793267461538537
06037139600,0.0,0.0,26.659531881188038,28.75937475247532
06037139701,0.0,0.0,25.66810504854379,26.401229150485612
06037139801,0.0,0.0,27.966688666666762,28.543873999999843
06013324002,11.320754716981133,22.641509433962266,24.264297358490612,25.70994641509423
06013320004,0.5509641873278237,0.5509641873278237,24.478528209366363,25.567713746556542
06013336201,3.1055900621118013,3.1055900621118013,24.27206999999999,25.56599999999991
06013338203,1.015228426395939,2.030456852791878,24.29771999999996,24.73228000000008
06013338204,2.158273381294964,2.158273381294964,24.297719999999845,24.73228000000011
06013345204,2.0583190394511153,4.631217838765009,24.53412106346461,25.312075265866163
06013345203,4.6875,4.6875,23.921994074519162,25.255243810096164
06013345112,0.7058823529411765,0.7058823529411765,21.209117341176533,22.884375105882278
06013345113,2.359882005899705,2.6548672566371683,22.510136578171064,24.06185079646011
06037143500,0.0,0.0,25.216271250000037,25.739138333333347
06037181000,0.0,0.0,26.96653682926833,30.094776280487753
06037181500,0.0,0.0,26.843191589403926,29.812898079470177
06037181600,0.0,0.0,26.93185739999999,29.77664509999998
06037183101,0.0,0.0,23.093161440677964,26.85562584745762
06001441402,5.58659217877095,5.58659217877095,21.5451535195531,22.674261117318498
06001441501,12.037037037037036,12.037037037037036,21.462347777777694,22.826923888888846
06001441521,1.4150943396226416,1.4150943396226416,21.531500000000044,22.629960000000114
06001441522,0.0,0.0,21.52976698224856,22.634896094674648
06001441601,1.1560693641618496,1.1560693641618496,21.824842196531847,22.71898150289016
06037406103,0.0,0.0,21.92532000000003,25.66510999999993
06037920339,0.0,0.0,27.124773966005815,30.851554532578024
06037482521,0.0,0.0,21.74552152709355,24.99193665024632
06067001102,0.0,100.0,23.17501000000001,24.176770000000005
06067001201,0.0,100.0,23.175010000000007,24.176770000000015
06067006902,0.0,99.27536231884058,21.8263949275362,23.704655000000038
06067006802,0.0,100.0,21.816209999999973,23.69922999999996
06067001103,0.0,100.0,23.175010000000015,24.176770000000012
06001441602,0.0,0.0,21.614261818181866,22.421134090908986
06037183220,0.0,0.0,22.807182500000028,26.66744333333334
06037183300,0.0,0.0,23.513770000000015,27.461960000000033
06037183510,0.0,0.0,23.513770000000015,27.461960000000023
06037183520,0.0,0.0,23.513770000000015,27.46196000000002
06037183610,0.0,0.0,23.51377000000001,27.46196000000001
06037192300,0.0,37.755102040816325,25.13245999999999,29.589800000000043
06001441800,0.0,0.0,22.993022622950757,23.251995081967156
06001441921,0.8547008547008548,0.8547008547008548,23.136237692307727,23.397011794871776
06037195400,0.0,3.6231884057971016,24.204121521739143,28.747249855072432
06113010104,0.0,83.93782383419689,21.88545290155446,24.341942331606216
06113010610,1.4084507042253522,1.4084507042253522,23.905896830985963,25.340962816901385
06113011208,16.3135593220339,22.88135593220339,23.727416165254304,24.427051779661124
06113011301,9.090909090909092,10.38961038961039,26.273423549783537,26.67358478354984
06113010313,0.0,74.8,22.354999599999882,24.314898680000038
06113010103,0.0,70.50691244239631,21.93916953917055,24.612248248847973
06113010105,0.0,84.84848484848484,21.868369999999988,24.292230000000014
06113010315,0.0,100.0,21.470038561151107,23.8568456115108
06001441923,0.0,1.0526315789473684,23.28933000000002,23.12169999999998
06001442100,0.0,62.55144032921811,23.000430000000044,23.641239999999943
06001442400,0.0,0.0,23.230368356164345,23.462282009132423
06037183820,0.0,0.0,23.513770000000015,27.461959999999994
06037185202,0.0,0.0,22.781108424657493,26.723501164383524
06037185310,0.0,0.0,23.043349661016983,27.507279661016927
06037405101,0.0,0.0,22.57347237037042,25.834778666666647
06037185320,0.0,0.0,22.461525087719327,26.672803859649093
06037481603,0.0,0.0,24.091689999999996,27.326880000000035
06037481001,0.0,0.0,21.731179473684193,22.871377894736803
06037404600,0.0,1.7341040462427744,23.317327514450945,26.087689942196494
06037800406,3.2348804500703237,3.2348804500703237,24.89591853727134,26.614454613220943
06037800410,6.209150326797386,6.209150326797386,23.684757320261365,26.34977879084951
06037800504,13.805970149253731,18.097014925373134,22.691605111940188,27.499808899253626
06037800506,5.694760820045558,5.694760820045558,25.704186674259706,28.358062961275458
06067009409,3.821656050955414,3.821656050955414,23.57984159235678,22.260365605095533
06067009643,0.0,78.85906040268456,21.488823355704735,22.910137516778647
06067007604,5.421686746987952,8.433734939759036,21.45343831325297,21.668097349397524
06067009652,0.819672131147541,0.819672131147541,22.120932786885206,22.422299262295102
06067009336,7.064821558630735,7.64748725418791,21.498642767661973,22.100639140568312
06067007111,100.0,100.0,22.941721866666605,23.626265066666573
06067009647,8.071748878923767,60.53811659192825,21.706057802690538,22.728401659192908
06067001702,0.0,86.86868686868688,22.573633434343485,23.081861616161675
06067009649,13.297872340425531,88.82978723404256,21.751338351063858,22.965364787234087
06067009648,4.827586206896552,35.86206896551724,21.56870627586207,22.494312620689684
06067009650,0.0,0.0,22.838119999999925,22.734849999999952
06067008803,0.0,0.0,22.04428262295081,23.512395573770487
06067009333,1.0526315789473684,100.0,21.121076631578962,23.221749263157907
06067004018,0.0,100.0,23.412192148760315,23.604115041322363
06067004017,0.0,100.0,23.43971111111114,23.676737222222304
06067004908,2.4691358024691357,100.0,21.552955679012438,22.643259753086358
06067007023,100.0,100.0,21.963920000000048,24.235610000000072
06067007439,0.0,0.0,21.416610632911418,23.526969936708795
06067008601,1.0327022375215147,5.851979345955249,22.554900361445785,21.959262271944855
06067004301,0.0,100.0,23.16238023255808,23.619404186046538
06067001202,0.0,100.0,23.17501000000001,24.17677000000001
06067001701,0.0,100.0,21.85789,22.867199999999976
06067004020,0.0,100.0,22.993449999999992,22.49906000000003
06067004302,0.0,100.0,22.832849532163706,23.352794152046798
06067009642,0.0,32.20338983050847,21.430569999999992,22.069010000000006
06067006704,3.278688524590164,100.0,21.88014000000004,24.411419999999943
06067007024,100.0,100.0,21.96391999999997,24.235609999999987
06067009644,12.698412698412698,98.94179894179894,21.591047513227494,23.816333174603166
06067009410,2.5316455696202533,2.5316455696202533,23.600330316455793,22.233536424050648
06067007025,100.0,100.0,22.092360000000056,23.25682000000003
06067004604,0.0,100.0,22.410519999999934,22.359069999999978
06067007026,100.0,100.0,22.14921956896561,23.277176163793037
06067007110,100.0,100.0,22.942889999999938,23.639769999999906
06067009334,0.7604562737642585,94.29657794676805,20.875430000000044,23.13155999999988
06067009646,0.0,17.94871794871795,21.65007000000001,22.60560743589749
06067008707,13.427561837455832,13.427561837455832,21.95152674911669,22.782506572438205
06067008708,3.6764705882352944,3.6764705882352944,22.618760514705915,23.12541161764707
06067007108,100.0,100.0,22.87464642105266,22.850797578947372
06067009651,0.0,0.0,21.78480256704979,22.275838888888845
06067007436,0.0,0.0,21.766655500000052,22.687809500000032
06067004907,2.857142857142857,100.0,21.511889999999998,22.616419999999984
06067007028,100.0,100.0,21.4357,23.726999999999972
06067004910,13.559322033898304,100.0,21.513498983050887,22.619532033898277
06067005003,10.714285714285714,100.0,21.70175000000007,22.983639999999983
06067007022,100.0,100.0,21.510303684210523,23.756134736842114
06067009641,0.6172839506172839,100.0,21.918698148148096,23.790691851851875
06067009645,6.7357512953367875,100.0,21.871579999999998,24.294570000000018
06067004909,1.098901098901099,100.0,21.66419527472524,22.91100307692305
06067008706,0.0,0.0,20.720496271186416,23.229905932203373
06067008602,7.18562874251497,7.634730538922156,21.55596830838308,21.469604326347437
06001440337,9.183673469387756,22.448979591836736,22.725083367346908,24.071856428571436
06001440338,4.054054054054054,5.405405405405405,21.674447162162146,23.022236351351392
06001451103,1.1730205278592376,1.1730205278592376,21.075366129032187,21.330504574780086
06001432602,1.1764705882352942,1.1764705882352942,25.248952823529436,26.91715247058826
06001451104,4.829857299670691,5.817782656421515,21.18225304061474,22.43602015367716
06001441928,1.9230769230769231,17.307692307692307,23.131831923076945,23.573742692307697
06001441929,0.0,0.0,23.265649672131154,23.164285245901628
06001441701,0.0,0.0,21.610629999999958,22.348150000000018
06001444304,1.7964071856287425,17.964071856287426,23.57145550898209,22.321485928143623
06001441525,0.0,0.0,22.00541759999999,24.296131999999993
06001436301,0.7936507936507936,11.904761904761903,22.78962269841269,26.14818968253971
06001450400,3.4246575342465753,13.698630136986301,21.24926657534249,23.551969006849383
06037186401,0.0,0.0,24.869976481481483,30.275039814814825
06113011304,7.575757575757576,18.181818181818183,27.52107090909092,28.391920909090917
06113010609,0.0,0.7462686567164178,24.06880470149256,25.380723208955228
06113010611,0.0,4.285714285714286,24.19407999999999,25.105890000000027
06113011302,2.1052631578947367,4.736842105263158,28.098809157894706,27.256994052631573
06113011211,0.0,0.0,24.605170000000022,24.52501
06113010314,0.0,79.86111111111111,21.935854097222215,24.09784979166666
06113011207,6.074240719910011,6.411698537682789,25.054249381327413,26.469583813273168
06113011210,0.0,0.0,24.60516999999999,24.52500999999999
06113011209,0.0,19.548872180451127,24.60516999999995,24.525009999999956
06113011303,5.88235294117647,21.568627450980394,28.134289999999975,27.28587000000002
06037197200,3.296703296703297,3.296703296703297,22.42227791208795,26.614277912087854
06037197300,0.0,0.0,23.618057272727285,27.7454818181818
06039000511,2.097902097902098,2.097902097902098,22.381012377622366,24.192656923076967
06039000110,0.6263048016701461,0.6263048016701461,23.205090187891493,22.32243123695188
06039000517,4.825291181364393,24.126455906821963,22.202318269550823,24.37837638935114
06039000901,3.2,84.8,22.31972400000004,24.10658200000005
06039000802,5.47945205479452,36.3013698630137,22.528369726027442,24.243598630137075
06039000801,0.0,0.0,22.153925396825443,24.21538206349212
06039000903,0.0,100.0,22.73169000000004,24.258920000000067
06039000516,6.8354430379746836,6.8354430379746836,22.5952810126584,23.27717205063296
06039000515,9.748427672955975,12.735849056603774,21.17160119496865,24.07124533018863
06031000402,2.6373626373626373,5.934065934065933,23.86225157142866,26.072719142857068
06031001601,35.4389721627409,35.54603854389722,22.378420695931545,25.098067366167097
06031001300,12.471655328798185,12.471655328798185,18.91258312925172,21.37947965986383
06031000200,40.24556616643929,50.34106412005457,23.35571630286488,25.355166466575596
06031000100,20.155902004454344,20.155902004454344,22.001240512249453,22.620690189309716
06045010601,5.434782608695652,5.978260869565218,24.596911127717338,23.12190567934792
06031001200,12.612612612612612,12.612612612612612,19.167720643500722,23.08100339768338
06045011003,1.4336917562724014,1.4336917562724014,25.715760439068152,27.586498736558976
06045011004,1.726121979286536,1.726121979286536,25.11419620253152,27.142293624855967
06031000403,0.0,0.0,23.887194945454496,26.826411454545358
06045010602,3.3936651583710407,3.3936651583710407,24.555246776017942,23.68566552036201
06045011502,43.67088607594937,51.26582278481012,24.448518037974612,20.723860379746885
06045011501,6.547619047619048,11.30952380952381,24.332330892857076,21.460395714285774
06001441702,0.0,0.0,21.614151016949144,22.41890745762709
06001433801,0.0,0.0,23.751752588235302,26.42268811764711
06001433802,10.0,23.333333333333332,23.788466500000006,26.368545500000053
06001436302,0.0,17.391304347826086,23.175009999999975,25.73173999999999
06001436403,0.0,0.0,23.186021635220087,25.788666415094397
06001436404,0.0,0.0,23.440879814814775,27.106196666666765
06001442502,1.5151515151515151,1.5151515151515151,23.28933000000003,23.121700000000025
06001442501,0.0,0.0,23.27687882812503,23.206110312499984
06001450609,0.0,12.727272727272727,21.43006045454539,22.119489409090868
06001450608,5.343511450381679,44.274809160305345,21.169150229007556,21.635395496183225
06001444303,0.0,0.0,23.245885,22.60151
06001432601,2.0618556701030926,2.0618556701030926,24.44284402061856,26.143968659793828
06001403401,0.0,0.0,22.641799999999993,22.95312000000001
06001403402,0.0,0.0,22.641799999999996,22.95312
06001403302,7.5,15.0,22.641799999999993,22.95312000000001
06001982100,0.0,0.0,27.228566842105266,25.96849000000001
06001420302,0.0,0.0,25.873610000000024,24.67690999999998
06001402801,0.0,0.0,22.641799999999993,22.953120000000006
06001402802,0.0,0.0,22.641799999999993,22.953120000000006
06001420401,4.3478260869565215,13.043478260869565,25.87360999999999,24.676910000000007
06001403301,0.0,0.0,22.641799999999993,22.95312000000001
06001422902,0.0,0.0,26.87478999999999,25.472859999999997
06001422901,0.0,0.0,26.874790000000004,25.47286000000001
06001420402,8.333333333333332,31.666666666666664,25.873610000000028,24.676909999999978
06001420301,0.0,0.0,25.873609999999992,24.676910000000014
06037197410,0.0,0.0,23.75871962962965,28.3119784567901
06047001603,100.0,100.0,19.35301605633805,23.105196549295723
06047000306,0.0,0.0,22.891174580645163,23.245097290322562
06007002402,0.8565310492505354,0.8565310492505354,23.423782628479334,22.119198859743022
06007002401,2.0408163265306123,2.0408163265306123,24.592768458049996,23.538900226757566
06007001601,4.92845786963434,4.92845786963434,26.809619538950788,25.307334928457795
06007001602,8.028545941123996,8.206958073148975,25.129041409455837,25.10488945584294
06007000404,0.0,0.0,24.331812160493666,24.64891351851868
06007000403,5.188679245283019,5.188679245283019,24.314389716981164,25.02565759433969
06037197420,0.0,0.0,23.91525000000001,28.04377999999998
06037197500,0.0,0.0,23.91525000000001,28.043779999999984
06037197600,0.0,0.0,23.91525000000001,28.04377999999999
06037197700,0.0,0.0,22.46749685714289,26.59064171428567
06031000405,0.273972602739726,0.273972602739726,24.45346758904113,25.796978958904134
06031000500,0.0,0.0,24.29028892143812,24.828798561917207
06031000602,0.27548209366391185,0.27548209366391185,22.303290000000185,22.16176909090925
06031000701,0.0,0.0,22.30612476683955,22.15424088082918
06031000702,0.7168458781362007,0.7168458781362007,22.357026021505444,22.183867956989292
06037199110,0.0,0.0,20.645420000000044,23.475650000000023
06031000800,0.0,0.0,22.4159552354571,22.23150077562321
06037187102,5.555555555555555,5.555555555555555,25.349190000000036,31.429125444444423
06037187200,1.1363636363636365,1.1363636363636365,24.933597954545483,30.424969318181777
06037187300,0.0,0.0,25.441017045454576,31.62173454545451
06053014110,3.4550839091806513,20.829220138203354,21.28839927936804,21.408139062191488
06053014109,3.1746031746031744,7.936507936507936,21.746089206349204,21.2257480952381
06037670702,0.0,0.0,28.52880430136997,27.41826293150734
06037670201,0.0,0.0,27.483085875576048,26.367175668202794
06031001001,0.0,0.0,23.242175910364136,23.611088179271583
06087122204,1.3916500994035785,1.3916500994035785,25.104199204771394,26.661928011928286
06087100802,0.9615384615384616,0.9615384615384616,25.78177999999997,26.42864999999997
06087121501,6.206896551724138,6.206896551724138,26.354386275862108,24.83259496551732
06087122402,2.621434078643022,3.0069390902081725,26.11398155743964,27.631319190439864
06087121502,2.631578947368421,5.263157894736842,26.406050000000036,24.688589999999984
06087122005,6.593406593406594,7.6923076923076925,24.79483763736267,24.606810384615333
06087121801,10.576923076923077,10.576923076923077,24.626810000000027,24.36938999999999
06087110402,5.3097345132743365,9.734513274336283,24.32242902654872,25.911056548672544
06087110504,3.225806451612903,3.225806451612903,23.752666290322615,25.833677258064533
06087110602,0.0,0.0,24.807406206896513,26.06079000000003
06087122004,1.6064257028112447,1.6064257028112447,25.13549614457838,25.23334056224892
06087101001,43.925233644859816,45.794392523364486,26.338877663551354,27.15237121495323
06087110101,46.07843137254902,66.66666666666666,24.459719999999987,27.299750000000003
06031001002,0.0,0.0,23.07907389999999,23.442514600000003
06075020602,0.0,0.0,22.344929999999987,24.10064
06031001003,0.0,0.0,21.8510027859239,22.77244926686214
06031001100,0.42194092827004215,0.42194092827004215,21.884414388185835,21.890290928269994
06031001500,0.0,0.0,18.847409440559467,21.163402167832054
06037236400,0.0,0.0,23.709249425287375,23.729444252873655
06037237500,0.0,2.127659574468085,22.95336999999998,25.13071
06065042212,0.0,0.0,19.727478727915138,23.132800388692505
06065042719,3.225806451612903,6.322580645161291,23.5394081935485,20.86101212903218
06065042723,21.38114209827357,32.13811420982736,23.926820146082317,21.046046733067765
06065043218,0.0,0.0,25.63061382022461,28.02987691011197
06065040807,3.592814371257485,12.574850299401197,25.059712634730563,30.865979041916148
06065040808,4.324324324324325,11.891891891891893,25.66633400000004,30.269551675675565
06037213201,0.0,0.0,22.949880000000004,27.63827000000001
06037213202,13.636363636363635,15.909090909090908,22.949880000000004,27.63827
06037502303,2.6200873362445414,18.340611353711793,21.809121004366773,24.61561467248899
06037533204,0.0,0.0,22.726969999999984,25.19155999999999
06037703003,0.0,0.0,24.486360000000047,23.63349999999997
06037930400,6.265060240963856,6.506024096385541,27.46820028915659,29.221798120481964
06037242202,0.0,0.0,22.891499999999976,26.248790000000024
06037128302,0.0,0.0,26.35734000000002,27.367400000000025
06037134306,0.0,0.0,22.700990000000022,24.579300000000025
06037119320,0.0,0.0,24.678349999999977,25.705200000000037
06037920326,1.773049645390071,1.773049645390071,26.87679329787238,31.080228439716365
06037294520,0.0,0.0,27.471710000000023,26.113170000000025
06037573202,0.0,0.0,27.59440400000001,27.70362199999995
06037599100,0.0,0.0,25.606342499999993,28.66468499999999
06037460001,0.0,0.0,24.439897741935564,30.087464623655883
06037554511,0.0,0.0,24.343369571428553,25.068478142857145
06037408503,0.0,0.0,21.680610000000044,24.625280000000156
06037243001,0.0,0.0,22.888393617021258,26.126057021276594
06037242201,0.0,0.0,22.89149999999998,26.248790000000014
06037533504,0.0,0.0,22.726970000000005,25.191559999999985
06037403328,0.0,0.0,20.8196079925651,25.236137434944208
06037131021,0.0,0.0,23.96240807692303,23.99956423076927
06037113238,0.0,0.0,25.09085000000003,24.979869999999952
06037113428,0.0,0.0,23.73448000000005,24.06100999999994
06037113423,0.0,0.0,23.734480000000033,24.06100999999995
06037119801,0.0,0.0,23.384890000000027,24.505760000000002
06037980035,0.0,0.0,22.130318906249993,25.320401640624947
06037119004,0.0,0.0,23.384889999999984,24.505760000000006
06037134906,0.0,0.0,24.095579999999995,24.451849999999993
06037101222,0.0,0.0,25.558125263157883,28.952574210526326
06037103201,5.031446540880504,5.031446540880504,23.42851999999996,26.798679999999962
06037320102,0.0,0.0,26.716100000000054,23.919740000000008
06037501301,0.0,5.660377358490567,20.879820188679275,25.21890566037738
06037408213,0.0,0.0,21.47138555555556,25.328568169934595
06001450603,5.761316872427984,59.25925925925925,21.18757716049375,22.237617860082313
06067008910,1.7341040462427744,40.46242774566474,21.121907398843884,21.834442601156052
06067009004,0.0,8.670520231213873,20.927598092485503,21.5449873410404
06037213310,0.0,0.0,22.949880000000004,27.638270000000006
06037213320,0.0,0.0,22.949880000000004,27.638270000000013
06067008911,0.0,88.57142857142857,20.89492999999999,21.48197000000003
06067008913,0.0,70.77625570776256,20.764119999999917,20.91969000000003
06037213401,0.0,0.0,22.949880000000004,27.638270000000006
06037214700,0.0,0.0,26.04185000000002,27.345459999999996
06037214800,0.0,11.76470588235294,25.787712352941195,27.297607647058822
06037216100,3.1578947368421053,4.2105263157894735,24.541660000000018,28.42396999999999
06037216700,0.0,31.313131313131315,24.383456060606086,27.320240606060622
06067009503,0.0,0.0,23.614492352941273,22.17634904977376
06067009502,2.912621359223301,2.912621359223301,24.01369282632125,22.606503851132512
06067009504,1.1560693641618496,1.7341040462427744,23.205704450867064,21.972494046242755
06037980031,8.75912408759124,8.75912408759124,30.12188178832126,30.500825985401352
06037980033,0.0,0.0,30.30768777777777,32.2093722222222
06037980025,0.0,0.0,25.423004736842103,24.518553157894747
06037980028,0.0,0.0,23.575231999999993,24.96881100000001
06037980022,0.0,0.0,27.348654166666666,26.126879166666665
06037980030,0.0,0.0,24.229998333333327,24.958865
06037408703,0.0,0.0,21.73985917004052,25.17647467611358
06037408722,0.0,0.0,21.38090074235813,25.037401965065488
06037980038,0.0,0.0,23.471961333333333,23.843093333333343
06037980036,7.2727272727272725,7.2727272727272725,21.33315272727272,26.40058927272726
06037980039,0.0,0.0,26.52337,31.450459999999996
06037980023,0.0,0.0,25.440898214285717,24.792693214285716
06037910214,0.0,0.0,25.88928142450137,24.56819039886042
06031981800,0.0,0.0,27.911006893203904,30.365809223301035
06001450604,2.371541501976284,20.55335968379447,20.440812924901273,23.31715347826095
06001450605,0.0,3.1914893617021276,20.432009999999995,23.327569999999977
06065030300,0.0,0.0,21.059371409396014,24.444141610738235
06065030400,6.882591093117409,6.882591093117409,20.870202591093143,23.801729149797588
06065030501,4.040404040404041,4.040404040404041,20.799348333333395,23.77571212121216
06035040200,2.9154518950437316,3.7900874635568513,24.06509046647246,25.149146137026346
06035040500,4.739010989010989,4.739010989010989,26.665345995879292,29.10013242445044
06035040100,12.121212121212121,12.121212121212121,22.849792367424232,23.96194187499997
06035040400,6.8350668647845465,6.8350668647845465,22.638557355126306,25.238147830609286
06035040302,5.981035740335521,6.272793581327499,28.23814221006538,31.633372501823374
06035040600,0.5330490405117271,0.5330490405117271,23.486373262260088,26.6840625586354
06011000302,8.620689655172415,17.81609195402299,25.038976695402276,24.80284399425286
06011000301,3.571428571428571,5.357142857142857,24.085945595238037,23.92776997023802
06037532102,0.0,0.8771929824561403,23.696977894736893,27.589482105263134
06037480201,0.0,0.0,21.333619999999996,26.190940000000072
06037430501,0.0,0.0,25.76833900874648,30.447084810495515
06065040901,0.0,0.0,25.4693877631579,28.681859078947422
06065040903,0.0,0.0,25.374212000000018,28.486933999999966
06065040904,0.0,0.0,25.433402151162856,28.918635872093017
06037213402,0.0,0.0,22.949879999999997,27.63826999999999
06037214000,0.0,0.0,26.04185000000004,27.34546
06037214100,0.0,0.0,25.201448206896487,29.419539724138
06037214400,0.0,32.0,26.04185,27.34546
06067009005,0.4807692307692308,3.8461538461538463,21.75072413461534,23.17202783653838
06067009006,0.5050505050505051,15.151515151515152,21.013119949494907,21.741294646464574
06037216800,0.0,13.26530612244898,24.439146428571465,27.347339285714302
06037551203,0.0,0.0,21.701829999999976,25.533449999999952
06037551001,4.10958904109589,4.10958904109589,22.304187945205474,25.4181580821918
06037550501,2.941176470588235,2.941176470588235,22.283740000000016,26.350829999999995
06037276605,0.0,0.0,23.299219999999995,24.91299
06037276607,0.0,0.0,23.29922000000002,24.91299000000002
06037550802,1.9417475728155338,1.9417475728155338,22.14436582524269,24.375088834951505
06037217200,5.9405940594059405,12.871287128712872,24.530466930693084,27.910232376237605
06037218110,0.0,0.0,24.54166000000004,28.423970000000022
06037218210,26.41509433962264,30.18867924528302,24.533981132075482,28.071526603773613
06037218220,1.0869565217391304,3.260869565217391,24.541660000000025,28.423969999999994
06037218300,34.4,36.0,24.519049999999996,27.38621999999997
06037650607,0.0,0.0,25.003899500000013,27.136506250000004
06037131023,0.0,0.0,23.462039999999952,23.831120000000038
06037131801,0.0,0.0,23.797362388059664,24.92925134328361
06037240301,0.0,0.0,23.211530000000018,28.975640000000034
06037500100,0.0,0.0,22.067913308364357,25.256942946317174
06037240302,0.0,0.0,23.211530000000018,28.975640000000034
06037502603,0.9009009009009009,0.9009009009009009,22.40541450450449,25.493669909909894
06037408725,0.0,0.0,21.681863290598216,25.35371619658127
06037218400,0.0,6.976744186046512,24.51905000000005,27.386220000000016
06037218500,0.0,1.4492753623188406,24.51905000000004,27.386220000000034
06037218600,0.0,6.666666666666667,24.532616000000022,28.008870000000037
06037218900,0.0,4.444444444444445,24.194188444444414,27.362563555555557
06037219020,0.9259259259259258,8.333333333333332,23.463299999999936,25.129950000000004
06037271702,0.0,0.0,23.47063000000002,25.72002999999997
06037531202,0.0,0.0,19.939439047619043,23.06019999999997
06037224410,0.0,13.333333333333334,23.47433444444445,26.908614444444453
06037267404,0.0,0.0,24.857780000000005,25.11167
06037267300,0.0,0.0,24.857780000000027,25.11167
06037218800,0.0,0.0,24.541660000000014,28.423970000000033
06037209401,0.0,11.11111111111111,23.351334814814823,27.245155925925925
06037232701,0.0,3.0303030303030303,22.95336999999999,25.13071000000001
06037920106,1.8518518518518516,4.320987654320987,26.65277416666664,31.66343049382735
06037232602,0.0,5.88235294117647,22.95336999999997,25.130709999999972
06037232601,0.0,14.285714285714285,22.953369999999985,25.13071000000001
06037273403,18.181818181818183,18.181818181818183,23.295479090909097,25.657508181818173
06037232702,0.0,1.5873015873015872,22.95336999999997,25.130709999999976
06001450606,8.98876404494382,43.07116104868914,20.593611947565595,23.028735842696687
06093001300,18.55421686746988,21.927710843373493,23.06351222489971,23.466327783132567
06009000220,1.9162884518406456,2.0171457387796266,19.379883877962865,21.785401230458728
06009000400,2.393617021276596,2.393617021276596,23.154310924201972,24.02675333776601
06093000902,3.3281733746130033,5.185758513931889,24.534171865325227,26.658512979876566
06095980000,0.0,0.0,26.8469075,26.758702500000002
06065030502,0.0,0.0,21.237139999999975,23.75170000000002
06065030503,0.0,0.0,21.23713999999997,23.75170000000002
06065030700,0.5899705014749262,0.5899705014749262,22.269280589970656,25.376747669616712
06001451701,2.18978102189781,2.9197080291970803,20.186202919707995,21.736377737226327
06065030800,2.4752475247524752,2.4752475247524752,23.17478017326723,27.011585396039695
06065031702,0.3703703703703704,27.40740740740741,26.711962000000007,27.993285333333336
06065031703,0.0,28.431372549019606,24.607474215686242,27.846635098039265
06067009108,0.0,73.11827956989248,21.28465000000005,22.36461000000005
06067009109,0.0,96.44268774703558,21.284649999999942,22.36460999999994
06037219500,0.0,5.633802816901409,23.527342112676013,24.765276056338035
06037219800,1.7543859649122806,21.052631578947366,23.938212105263148,24.601457894736846
06037220000,28.030303030303028,40.909090909090914,23.599596666666628,25.131210000000028
06037220100,3.1914893617021276,7.446808510638298,23.71768723404251,23.614268297872353
06037221120,0.0,4.761904761904762,22.949880000000004,27.638270000000002
06037221210,0.0,0.0,22.949880000000004,27.638269999999995
06037221220,0.0,0.0,22.949879999999997,27.63826999999999
06015000106,0.0,0.0,23.135464926174425,26.403204429530245
06015000107,3.900709219858156,3.900709219858156,22.27383886524829,25.67722439716326
06001451501,0.0,0.0,20.93284040609134,21.3633725634517
06037232300,0.0,3.3333333333333335,22.953369999999964,25.130709999999958
06037232500,0.0,7.476635514018691,22.92686943925234,25.252292242990634
06037232800,0.0,1.7857142857142856,23.298399999999987,25.198139999999984
06037234200,0.0,22.857142857142858,23.463299999999936,25.129950000000004
06067007603,1.0050251256281406,1.0050251256281406,21.47204919597987,21.626259899497438
06067006204,0.0,1.7964071856287425,22.762792395209573,23.598355928143782
06067004019,0.0,100.0,23.038297580645136,22.61741217741941
06067006502,0.0,63.84180790960452,22.092758305084807,24.301607344632743
06067004015,0.0,100.0,23.488681914893675,24.59025382978716
06067006706,1.1904761904761905,100.0,21.880140000000086,24.411419999999936
06067007027,100.0,100.0,21.4357,23.72700000000001
06067009640,0.0,100.0,21.801848227848065,23.35600759493672
06067008802,3.804347826086957,3.804347826086957,21.869675978260776,23.51697657608703
06057000107,2.8790786948176583,2.8790786948176583,21.1236370761356,21.08236289827232
06057000404,1.8560434585785424,2.263467632412856,22.70437970122253,22.831348646446738
06057000601,2.564102564102564,2.564102564102564,25.29695333333336,23.572380000000003
06057000403,0.8565310492505354,1.070663811563169,22.186614250535296,21.932569925053663
06057001207,2.5757575757575757,3.6363636363636362,23.84847645454547,24.85767240909087
06057000503,1.0,1.0,25.649353849999994,23.865640399999943
06057000504,0.21141649048625794,0.42283298097251587,25.527599365750497,23.670548076109853
06057000602,1.9569471624266144,4.10958904109589,24.65659356164376,23.096005616438358
06057001208,0.3778337531486146,0.3778337531486146,24.22103080604529,24.25218822418154
06057001209,14.074074074074074,15.555555555555555,23.91102619753091,24.11815000000004
06057000106,2.639751552795031,2.639751552795031,21.243169223602443,21.12260568322995
06057001211,3.896103896103896,3.896103896103896,24.03201476190471,24.54987584415588
06057001210,5.090909090909091,5.090909090909091,24.00023906666671,24.432423393939754
06037404402,0.0,0.0,23.827740000000052,26.247952756756693
06037500300,0.0,0.0,19.959600000000048,23.968509999999995
06037403325,0.0,0.0,21.15931270440246,25.607958050314473
06037543321,0.0,0.0,24.81705200000002,24.627669999999934
06037543100,0.0,0.0,24.57991687179488,25.791508820512842
06037542200,0.0,1.3513513513513513,23.758609999999965,24.92455000000006
06037540201,0.0,0.0,21.666882500000003,25.535324999999997
06037240600,0.0,0.0,23.898589999999988,29.332159999999963
06037534102,0.0,0.0,21.690020645161308,24.15625516129031
06037239310,0.0,0.0,23.298399999999976,25.19813999999998
06037532800,0.0,0.0,22.834498333333308,24.971999166666663
06037501302,0.0,1.342281879194631,20.992670000000054,25.258920000000096
06037273404,0.0,0.0,25.495296206896562,29.3939920689655
06037232401,0.0,18.421052631578945,22.676494868421024,25.11476026315788
06037236101,0.0,1.36986301369863,23.50726767123283,24.879585616438362
06037910218,2.464788732394366,6.338028169014084,24.79592573943663,23.970030281690182
06037910216,0.0,0.0,25.43967418326697,24.01697525896425
06037670405,0.0,0.0,27.333187986577148,26.475392818792006
06037543305,0.0,0.0,26.498429633027477,26.323692477064228
06037231902,0.0,8.88888888888889,21.256345333333336,24.102363999999984
06037234302,12.0,30.0,23.463299999999986,25.129950000000004
06037231602,0.0,2.2222222222222223,22.235599999999984,25.09625000000003
06037234002,0.0,20.833333333333336,23.463299999999958,25.129950000000004
06037236206,12.121212121212121,24.242424242424242,23.730770000000003,23.6069
06037265701,0.0,0.0,23.993747499999962,27.277752500000002
06037216301,0.0,1.4084507042253522,24.76066901408455,27.37166436619722
06037265204,0.0,0.0,24.521587499999995,24.871805
06037265203,0.0,0.0,24.207159318181837,25.762353181818185
06001408000,0.0,0.0,24.53970666666666,27.234196666666758
06001441401,0.4149377593360996,0.4149377593360996,21.540719087136967,22.65987286307066
06065040202,0.0,0.0,23.04398142857141,27.420977142857176
06065031704,0.0,41.810344827586206,23.06002999999997,26.33398000000009
06031001402,0.0,0.0,18.807099256198356,21.600443388429746
06031001401,0.0,0.0,19.52447141176475,22.724285705882384
06069000502,3.050847457627119,4.067796610169491,20.801325389830573,23.251154203389735
06069000802,12.095933263816477,12.095933263816477,23.637332148070822,23.13885831074039
06069000702,4.989154013015185,8.026030368763557,23.559566117136686,24.526249067245157
06069000501,1.3513513513513513,2.027027027027027,22.35133868243248,23.951915337837708
06069000701,0.0,0.0,21.765387260273968,24.367261095890385
06065043505,7.878787878787878,30.909090909090907,24.783649999999945,20.752820000000046
06065044104,0.7894736842105263,5.263157894736842,25.268922315789396,25.38666678947365
06065044403,5.4760730143068574,5.4760730143068574,21.57782672915627,25.259816650221943
06065042007,0.4759071980963712,0.4759071980963712,23.44626569898889,23.647917323021847
06069000801,3.0023094688221708,3.0023094688221708,23.5062595150115,22.646977967667336
06067009111,0.0,48.03921568627451,21.284650000000024,22.364610000000013
06087122100,8.55614973262032,9.090909090909092,25.140579732620317,25.208743903743294
06087122500,11.76470588235294,12.27621483375959,24.640075601023167,27.97276741687977
06087100100,1.3986013986013985,1.3986013986013985,26.144695524475512,25.471397132867143
06087100600,0.0,0.0,26.536329999999936,27.408879999999964
06001432400,10.454545454545453,16.363636363636363,23.930378545454495,24.70508063636364
06029002819,0.0,0.0,26.06264000000008,27.534249999999936
06029002821,0.0,0.0,23.809479656652474,27.774321244635274
06029003112,0.0,0.0,23.76873646226415,27.541198679245355
06029003113,0.0,0.0,23.136929333333303,27.566649599999963
06001404300,0.0,0.0,26.589713768844213,26.478520301507533
06065040203,0.0,0.0,22.196276952380956,26.532398761904755
06065040204,0.0,0.0,21.62404365079368,25.76620063492062
06065040303,0.0,0.7380073800738007,23.765517453874555,28.50231819188196
06065040402,3.5989717223650386,3.5989717223650386,23.612078920308495,27.17514475578376
06033001000,32.34265734265735,34.557109557109555,27.6324108449878,26.187461118881494
06033001200,6.414825374198147,8.12544547398432,28.479259258731137,26.37381953670674
06111003011,0.0,0.0,29.051617924528312,34.44333603773593
06111005801,1.2853470437017995,1.2853470437017995,28.427595655527057,30.126210257069413
06111007405,2.0408163265306123,2.0408163265306123,26.960924761904934,28.509250952380924
06111007511,1.5974440894568689,1.5974440894568689,26.17013629392974,26.212869584664443
06111007512,2.518891687657431,2.518891687657431,26.543686901763213,28.882458664987247
06111000303,17.75147928994083,18.639053254437872,25.348390295858096,29.155822721893507
06029000300,4.901960784313726,4.901960784313726,23.79275627450981,25.47289946078431
06037552700,0.0,0.0,23.141329999999986,22.969810000000013
06037552800,0.0,0.0,23.181479585798808,23.299080532544377
06037553000,0.0,0.0,23.247350000000065,23.839289999999924
06107003501,3.6666666666666665,46.0,17.931505300000037,19.936488566666686
06059062649,0.5813953488372093,0.5813953488372093,22.05040674418602,29.40881796511618
06059032058,0.0,0.0,24.50435580419575,25.34916902097902
06059032061,0.6655574043261231,1.1647254575707155,23.294750698835394,23.580228069883773
06041109002,0.0,25.71428571428571,28.75834530612255,24.295242653061358
06041130201,0.0,0.0,25.17585000000001,23.600759999999934
06041112202,85.43689320388349,100.0,26.210461844660227,23.70542815533981
06041131100,3.867403314917127,3.867403314917127,26.579551491712746,24.557902872928235
06111007406,0.0,0.0,26.480144285714314,29.535236190476105
06111007509,0.0,0.0,25.22233401960788,28.521629607843106
06111007510,0.0,0.0,25.141203233256256,29.081099399538413
06111007613,1.461988304093567,7.309941520467836,25.11414652046782,29.367171491228042
06111007614,3.6821705426356592,7.945736434108527,25.478780251938197,29.89255523255813
06037601502,0.0,0.0,24.426220000000036,27.38779
06037601600,0.0,0.0,23.395784814814828,27.222663950617275
06025011500,0.0,0.0,28.50635922279793,25.51141927461136
06037602002,0.0,0.0,22.01053000000002,27.952213513513513
06037602003,0.0,0.0,22.023042727272756,27.944041818181788
06037602103,0.0,0.0,23.180469999999964,27.188160000000032
06037602104,0.0,0.0,23.18047000000001,27.188159999999996
06037530700,0.0,0.0,19.298736346153852,20.46438192307693
06107001901,0.0,100.0,19.125053333333383,23.342097743589786
06107001902,1.7421602787456445,100.0,19.08594637630668,23.383843344947785
06107002002,18.505338078291814,100.0,18.169919999999998,22.32830999999993
06107002003,0.6779661016949152,100.0,19.861749152542288,23.647320711864253
06107002004,1.4336917562724014,100.0,19.528025913978436,23.690990215053652
06037530801,0.0,0.0,19.073366019417485,20.584087475728175
06037530802,0.0,0.0,19.506120000000006,20.354229999999983
06037530901,0.0,0.0,19.031354905660386,20.606401698113206
06037531000,0.0,0.0,19.506120000000006,20.354229999999966
06037531102,0.0,0.0,19.506120000000006,20.354229999999994
06037531201,0.0,0.0,19.93084845070421,22.913166901408413
06037531301,0.0,0.0,19.901567765957413,23.187609787234013
06037531302,0.0,0.0,19.885833818181776,23.24054327272728
06037541401,0.0,0.0,22.8623,25.0951
06037207711,5.555555555555555,5.555555555555555,24.304790000000015,26.31151
06037402503,0.0,0.0,22.288150000000005,24.804749999999956
06037433506,0.0,0.0,20.814421666666682,25.176312499999977
06037209202,0.0,0.0,24.30479,26.31151
06037980017,0.0,0.0,24.427453600000003,24.8046428
06037602801,0.0,0.0,22.418329999999983,27.891000000000034
06037577800,0.0,0.0,22.053212960893834,24.087313296089377
06037406300,0.0,73.70370370370371,22.28088540740746,26.388211259259215
06037462900,0.0,0.0,23.74465942982459,29.12198460526303
06037542105,0.0,5.88235294117647,23.758610000000036,24.92454999999997
06037543000,0.0,0.0,24.56201000000007,25.633699999999955
06037602302,0.0,0.0,23.654245534591265,26.872215408805
06037602301,0.0,0.0,23.112009886363662,27.39301068181822
06037541200,0.0,0.0,24.549725645161278,26.5961737634409
06037602700,0.0,0.0,21.97665407142854,28.00217307142849
06037503103,0.0,0.0,22.210239999999924,24.063599999999962
06037540800,0.0,0.0,24.51239736842101,26.966943779904266
06037602106,0.0,0.0,23.18047,27.188160000000007
06037602105,0.0,0.0,23.18047000000001,27.18815999999998
06037542106,0.0,0.0,23.73178423728815,24.941678474576246
06037551204,0.0,0.0,21.701829999999976,25.533449999999952
06037980037,0.0,0.0,27.47171,26.11317
06037536201,0.0,0.0,21.442600000000013,24.545450000000034
06037503502,0.0,0.0,22.828694285714224,25.075845714285702
06037601700,0.0,0.0,23.377966951219523,27.21980865853657
06037503402,0.0,0.0,22.668573966480402,24.235345363128484
06037601801,0.0,0.0,24.42622000000004,27.38779
06037502005,0.0,0.0,20.288291333333312,21.422783925925962
06037601402,0.0,0.0,24.42622,27.387790000000063
06107002008,22.900763358778626,100.0,17.942939999999997,22.437807709923657
06107002009,6.639004149377594,100.0,17.80294605809122,22.505342365145165
06107002302,0.0,0.0,18.946353012048174,22.64158469879527
06107002303,0.0,0.0,19.537104822222155,23.159470066666625
06065045124,3.076923076923077,9.487179487179487,18.963517230769156,23.16595917948729
06065045217,4.593639575971731,4.593639575971731,14.505827915194336,19.338600070671323
06065046602,2.417582417582418,15.384615384615385,24.98165391208781,31.45379476923104
06065046700,3.508771929824561,3.508771929824561,21.392525964912284,24.90043587719301
06065047000,6.266318537859007,6.266318537859007,21.28208099216704,18.367117310704895
06037501900,0.0,3.4090909090909087,21.755895284090887,22.98970835227274
06037462500,0.0,0.0,25.45711833976842,30.586141853281994
06037501600,0.24154589371980675,0.24154589371980675,22.270354299516946,24.15758995169071
06037501002,0.0,0.5376344086021506,20.681827419354857,25.148701290322627
06037408629,0.0,0.0,21.384662045454544,25.667218181818168
06037504200,0.4761904761904762,0.4761904761904762,21.116312428571405,22.194942666666705
06037601802,0.0,0.0,24.42622000000004,27.38779
06037601202,0.0,0.0,24.42622000000004,27.387790000000024
06037408628,0.0,0.0,21.184049729729686,25.649708108108072
06037408626,0.0,0.0,20.744839999999943,25.241759999999907
06037501501,0.0,0.0,20.924637080745377,24.922157888198846
06037501200,0.0,0.0,20.602410588235298,25.082272834224664
06037408141,0.0,12.5,21.15644999999996,25.968420000000034
06037408135,0.0,26.53061224489796,21.229186326530574,26.037885034013655
06037408137,2.0202020202020203,58.58585858585859,21.156449999999964,25.96842000000001
06037500403,2.0689655172413794,2.0689655172413794,21.143941586206925,25.962621241379367
06037530202,0.0,3.4482758620689653,20.80614710344832,23.42239386206901
06037530302,0.0,0.0,20.80203000000004,23.399003333333372
06037530301,0.0,0.0,20.373446249999994,23.254550178571417
06037409000,0.0,0.0,21.040163094170353,23.08566224215242
06037408301,0.0,0.0,22.310241666666776,24.71290000000013
06037702202,0.0,0.0,24.789432101449314,27.305765072463778
06065940100,24.113475177304963,24.113475177304963,19.28550773049644,16.532489219858164
06065941200,0.4282655246252677,0.4282655246252677,22.731094346895052,27.007489379014896
06065941500,3.3860045146726865,3.3860045146726865,25.902587539503312,23.67589654627538
06065042744,8.051529790660226,39.61352657004831,23.340676135265436,19.595943429951603
06065043235,2.26628895184136,2.26628895184136,26.709674929178398,25.17463191218132
06065043278,0.0,0.0,24.051099794050216,24.05025800915338
06065045120,2.1686746987951806,16.867469879518072,14.632187493975767,20.001517108433756
06065940400,0.0,0.0,15.629240340425511,20.702325531914855
06065940600,0.0,0.0,20.783739430894155,26.58388717073171
06065043279,0.9269988412514484,0.9269988412514484,23.383695225955638,21.421406477404126
06071002602,0.0,0.0,23.166219541984642,27.121640000000028
06009000301,2.5536261491317673,2.5536261491317673,21.4082171501531,22.08212766087845
06009000124,1.4736842105263157,1.4736842105263157,22.58419754736839,23.874423189473752
06009000221,3.9283252929014476,4.479669193659546,20.11196418332186,21.678907022742663
06009000302,3.643724696356275,3.643724696356275,22.415640991902837,24.11801889676127
06009000222,6.003937007874016,6.3484251968503935,18.915289675196817,20.89608503937032
06009000505,0.5730659025787965,0.5730659025787965,24.73892650429811,25.354963209168965
06009000506,5.0,5.0,23.950137933333455,25.090017366666558
06009000123,6.607369758576874,6.607369758576874,20.36716757306217,22.197599110546467
06037702300,0.0,0.0,24.079960000000025,25.511410000000055
06037408302,0.0,0.0,20.902933900000043,24.251501500000064
06037530500,0.0,0.0,19.506120000000006,20.35422999999997
06037530400,0.0,0.0,20.10300571428575,21.278069999999953
06037408004,0.0,98.55072463768117,20.55193000000001,22.262320000000024
06037407601,0.0,0.0,22.10474999999998,24.21389999999998
06037408003,0.0,56.32183908045977,20.551930000000052,22.26231999999993
06037434004,0.0,0.0,20.360202025316454,23.812195569620258
06037433804,0.0,0.0,19.86262162162161,23.41088513513513
06037482002,0.0,0.0,20.387237006802657,21.717993809523733
06037407902,0.0,98.50746268656717,20.551930000000006,22.262320000000024
06037482522,0.0,0.0,21.706719166666687,26.072459999999996
06037407501,0.0,0.7575757575757576,22.104749999999978,24.213900000000056
06037434100,0.0,0.0,19.840880000000084,23.39334999999998
06037434003,0.0,0.0,21.047540000000023,24.366550000000036
06037406602,0.0,91.54228855721394,20.729615870646807,22.48563512437805
06037402404,0.0,0.0,21.80542450777197,24.3308667875647
06037402403,0.0,0.0,20.765568120300703,22.83004142857135
06037403500,0.0,8.96551724137931,22.22002393103464,25.37807306896551
06037800202,3.9808917197452227,3.9808917197452227,27.22073949044569,30.255303535031928
06037406101,0.0,0.0,22.12066439716309,25.606647730496395
06077005004,0.7911392405063291,25.31645569620253,20.79394585443028,22.818783022151955
06071000201,0.0,0.0,22.845608896103833,23.556803571428567
06071000808,0.0,0.0,23.058780000000077,25.527420000000113
06077004701,4.861111111111112,5.555555555555555,21.11801781249993,22.352124444444293
06077003110,0.0,100.0,22.981422649006568,22.92154105960267
06077003215,18.902439024390244,18.902439024390244,22.568791463414545,23.183022439024434
06077005122,48.93617021276596,80.37825059101655,21.98381900709208,22.73996276595747
06077003700,3.3057851239669422,53.925619834710744,19.460451921487536,21.768396053718945
06077003803,8.444444444444445,92.0,20.715582562962837,21.959676770370198
06077004001,90.57851239669421,97.68595041322314,23.657652049586833,23.48139429752063
06077003308,0.0,0.0,21.137289999999975,21.564830000000022
06077003900,99.39577039274926,99.39577039274926,21.5686223564955,21.790012885196354
06097151405,9.792284866468842,19.287833827893174,24.462264243323318,23.20648489614248
06097153302,1.1730205278592376,2.932551319648094,24.921172140762504,24.446709384164254
06097153708,35.9504132231405,40.49586776859504,26.058324090909093,27.079461404958565
06097152401,0.0,0.0,25.900910622083835,25.024737091757327
06097151205,3.225806451612903,3.4482758620689653,26.168038542825382,26.639718898776188
06097154308,0.8097165991902834,1.0121457489878543,27.402131457489816,27.769885020242658
06097153405,0.975609756097561,1.1382113821138211,25.405303495934806,26.39091312195109
06097154304,4.0051679586563305,5.167958656330749,26.60015667958652,27.99497784237727
06037980016,0.0,0.0,20.938914999999994,23.403800769230763
06037113239,6.0606060606060606,6.0606060606060606,25.09085000000001,24.979870000000002
06037113427,0.0,0.0,23.734479999999994,24.061010000000007
06037226702,4.25531914893617,12.76595744680851,20.51378,23.703899999999987
06037800338,3.225806451612903,3.225806451612903,27.22567612903224,28.646767661290315
06037143402,0.0,0.0,24.84372111111113,25.140612222222224
06037141305,0.0,0.0,26.37419486842109,26.51545118421057
06037128703,0.0,0.0,26.360120400000024,27.2268614666667
06037800205,0.7246376811594203,0.7246376811594203,26.720599565217384,28.699903913043457
06037406000,0.0,0.0,22.607159853658512,25.463268292682862
06037297002,0.0,0.0,28.559069999999945,29.28492999999995
06037297001,0.0,3.3707865168539324,29.185839438202233,29.06733943820223
06037403326,0.0,0.0,21.69144101449279,25.59943710144933
06037405701,0.0,0.0,23.431583653846197,25.368317692307635
06037670604,0.37735849056603776,0.37735849056603776,28.917059094339468,27.781975735849077
06037403305,0.0,0.0,22.144470000000016,26.19464000000004
06037670603,0.0,0.0,27.04811204724399,26.52924566929134
06037405800,0.0,0.0,23.431426818181862,25.727760454545397
06037480202,0.0,0.0,21.567008389261744,26.310920402684545
06037577605,14.383561643835616,14.383561643835616,24.465450000000043,26.712370000000078
06037901007,0.0,1.9337016574585635,26.178305220994396,25.326232513812105
06037901101,0.0,58.10185185185185,25.44050245370363,27.21875182870354
06037901102,0.0,31.716417910447763,26.740179962686582,25.125971958955066
06037276601,0.0,1.1904761904761905,23.29996702380949,24.913219583333248
06037277000,0.0,0.0,24.753992509090864,24.65456450909084
06073008331,0.0,0.8849557522123894,29.801538141592975,33.43177044247792
06073008337,0.0,0.0,28.30353999999995,31.234669999999895
06073011601,0.0,1.0416666666666665,23.167429062499988,30.065381874999968
06073011602,0.0,0.0,23.178352195121928,30.048503902438995
06073011700,2.547770700636943,8.9171974522293,23.20299070063699,30.01043350318471
06073011801,0.0,0.0,22.89871999999997,30.480579999999954
06073013307,0.6896551724137931,0.6896551724137931,23.585700000000056,26.96695
06037480102,0.0,0.0,22.455390000000055,26.767620000000033
06037404501,0.0,0.0,23.50617000000004,25.856389999999973
06037431800,0.0,0.0,22.275969161676645,26.40846389221555
06037431300,0.0,0.0,23.631484999999955,27.522454999999997
06037430802,0.0,0.0,23.66304715953316,27.607034941634286
06107002304,0.0,0.0,18.485859047619044,22.397460476190513
06071002901,0.0,0.0,25.48287309352512,27.865953093525093
06073013308,1.8018018018018018,2.7027027027027026,26.06685801801802,28.809598378378425
06073013309,0.0,0.0,24.021699554794417,26.89010643835623
06073013312,1.0204081632653061,14.285714285714285,23.917256734693908,26.847131734693875
06107002601,0.0,22.692307692307693,16.99370996153843,19.904654384615334
06107002602,64.47368421052632,80.5921052631579,17.207925921052727,20.541855526315857
06107002901,0.0,0.0,18.47963254054054,22.390366324324383
06107001400,10.474006116207951,50.076452599388375,18.614490229357926,20.692597844036996
06107001502,0.0,96.36015325670499,18.360024042145646,20.385664252873624
06107002500,5.059523809523809,27.976190476190478,17.236071200396953,20.51501086309525
06107002800,3.9800995024875623,3.9800995024875623,17.217867761194036,20.200599999999934
06107004200,39.16317991631799,39.16317991631799,21.169067414226053,22.625249506276234
06081610700,0.0,0.0,22.22185627586211,22.369586206896518
06081610800,0.0,34.285714285714285,22.84206400000003,23.10840714285716
06081611000,0.0,50.80213903743316,22.371799090909168,22.633906417112264
06081611200,0.0,31.543624161073826,22.130070000000046,22.38999999999998
06037920040,0.0,0.0,26.564575135135044,28.45258308108108
06095250701,22.22222222222222,28.968253968253972,25.43291130952381,24.40844559523799
06095251000,0.0,2.0408163265306123,25.812958163265304,23.88567979591838
06095251300,0.0,0.0,25.680390000000035,24.197909999999947
06077005106,26.88679245283019,53.36927223719676,21.336442762803202,22.8654624865233
06077005119,4.923076923076923,98.15384615384616,22.003763076922915,22.612844999999975
06077004202,20.634920634920633,100.0,23.51764579365081,22.55036039682533
06077002800,3.481012658227848,46.20253164556962,20.187886044303706,22.34404493670889
06077003602,0.0,65.15151515151516,20.390987434343426,21.068535626262513
06077003109,5.6105610561056105,36.303630363036305,22.854297491749104,22.9878914521451
06077001800,0.0,0.0,21.195988199999924,21.456920750000016
06077005124,0.0,0.0,21.800439999999984,22.893660000000033
06077003406,0.0,0.0,21.84475000000002,22.440000000000044
06077003305,0.0,96.44670050761421,21.99022035533001,22.4871337563452
06001435104,7.179487179487179,8.717948717948717,22.807389999999966,24.867669999999993
06001405301,0.0,0.0,22.72857818181818,23.431747878787885
06061023502,7.216494845360824,7.216494845360824,20.89201463917523,21.80924546391749
06061023501,0.0,0.0,20.882896619718387,21.494540845070468
06107001705,4.375,100.0,18.503233625000053,21.767549124999938
06001982000,0.0,42.857142857142854,23.719802857142863,23.43735428571428
06001450102,2.100840336134454,3.361344537815126,20.99705462184878,22.491746386554574
06017030902,1.262862488306829,1.262862488306829,21.57323206267505,22.434559111318663
06017031302,0.0,0.0,21.345205320197106,23.9090461740558
06017031404,0.6597549481621112,0.6597549481621112,21.52661220546657,23.798103430725906
06017031100,0.26785714285714285,0.4464285714285714,20.55119280357174,22.662625267856956
06017030502,0.8982035928143712,1.1976047904191618,25.058244940119693,26.140244505988022
06017030601,0.30864197530864196,0.30864197530864196,20.339271776896,21.941388112874577
06017031503,1.3582342954159592,1.3582342954159592,21.84888824278422,23.653351451612828
06017030801,1.0631644777986242,1.0631644777986242,21.290066378986634,22.592850656660445
06017030603,0.6064690026954178,0.6064690026954178,20.925970572776073,22.92634604447427
06037431100,0.0,0.0,24.595435990566088,27.649287971698193
06037800101,0.0,0.0,28.299874781553456,30.034533786407685
06037430724,0.0,0.0,23.970130769230778,28.488956538461554
06037430902,0.0,0.0,23.76445999999998,27.878799999999966
06037800328,1.7094017094017095,1.7094017094017095,27.080269743589767,29.455372820512856
06071003401,0.0,0.0,24.768611574074207,28.038597746913513
06107002903,0.0,0.0,18.47045999999992,22.40045000000007
06107002904,0.0,0.0,18.57004410041841,22.00192598326359
06071003403,0.0,0.0,22.80123065134099,27.28096766283517
06071003700,0.0,0.0,23.926269849624113,26.427002105263206
06037670500,0.0,0.0,27.81084327089354,26.609775619596686
06037670701,0.0,0.0,28.271683012422418,26.890663416149103
06037700200,0.0,0.0,25.287520103092824,27.08572556701031
06107003001,0.0,0.0,18.632149999999942,22.369059999999994
06107003002,0.0,0.0,18.76758510204076,22.490516530612254
06107000502,13.071895424836603,32.35294117647059,24.705017222222327,21.545219542483625
06107000302,22.044728434504794,23.003194888178914,24.488897603833845,22.39599680511189
06107004500,4.510218463706836,4.651162790697675,21.00170673009177,22.48418612403071
06107000600,25.889328063241106,66.20553359683794,22.481766818181832,20.922177193675846
06107001602,9.51683748169839,81.99121522693997,19.054843016105398,21.42554833089311
06107000401,43.49680170575693,52.87846481876333,24.63498737739867,21.69483341151381
06107003902,14.199029126213592,14.927184466019416,19.447404793689252,20.043104466019464
06107000701,42.084942084942085,75.67567567567568,20.445143803088826,21.844634247104427
06107002006,18.4,98.66666666666667,18.139599626666712,23.38345741333329
06107004000,0.0,0.0,18.886120000000002,19.100069999999995
06107000202,20.49469964664311,48.23321554770318,22.471773922261427,20.46779242049466
06107002100,27.92207792207792,27.92207792207792,18.530781931818044,23.948253392857055
06073008343,0.0,0.0,26.889237283950642,29.9670208641975
06073008344,0.0,0.0,26.529987058823583,29.40966000000007
06073008345,0.0,0.0,26.379204262295126,29.191210601092937
06037700300,0.0,0.0,25.15640418918921,27.129722972972974
06107003100,26.86131386861314,27.00729927007299,17.834798408759234,21.869994861313874
06017032002,3.225806451612903,3.225806451612903,27.598594285714217,28.90165778801846
06017031409,0.2744739249771272,0.2744739249771272,21.89512552607503,23.531770978957088
06017030606,1.3930348258706469,1.3930348258706469,20.607792343283556,22.46249751741312
06017030712,0.4858299595141701,0.4858299595141701,21.344817530364338,22.444009595141978
06017030812,0.13280212483399734,0.13280212483399734,21.73077816733037,22.685705332004886
06017031407,2.380952380952381,2.380952380952381,22.516310884353718,24.331569302721086
06017031408,0.625,0.625,21.926789714285693,23.933121437500283
06017032001,0.0,0.0,25.553597510204032,24.64908828571425
06017030605,1.5286624203821657,1.5286624203821657,21.098264662420256,22.983835490445866
06017030506,10.505836575875486,15.56420233463035,22.996903229572077,24.58670319066152
06017030604,0.0,0.0,22.409077766233807,23.668225194805178
06017030201,5.5045871559633035,6.422018348623854,22.293689311926585,26.011516238532153
06017030507,0.0,0.0,24.611911709401674,25.717062606837494
06017031601,1.2987012987012987,1.2987012987012987,21.961639999999992,24.980469999999976
06017030202,0.9615384615384616,0.9615384615384616,21.771235288461543,25.203399807692385
06017030403,27.242524916943523,33.222591362126245,26.606785116279116,30.328487076411967
06017031506,0.0,0.0,20.762622651245632,23.466030124554916
06017030404,3.9647577092511015,4.405286343612335,26.96690013215863,30.514595066079394
06017030711,6.8645640074211505,6.8645640074211505,19.434777272727164,21.685042708719898
06017031602,0.0,0.0,21.637038189300434,24.45798674897126
06017031505,0.0,0.0,20.813972175480668,23.103216406250016
06017030811,0.0,0.0,21.676664146341476,22.507176341463463
06073013401,0.0,0.37453183520599254,23.874707865168645,27.57396865168538
06073013409,0.0,5.533596837944664,23.820636640316277,27.853960434782532
06073015601,0.0,0.0,21.940610000000014,25.90422000000004
06073015701,0.0,10.344827586206897,22.44142114942531,26.94985413793104
06081611300,0.0,0.0,22.12769115702488,22.38407289256203
06095251400,2.158273381294964,2.158273381294964,25.87050798561169,23.91907834532368
06095251500,13.924050632911392,31.0126582278481,25.860830000000032,23.77292999999996
06095251600,1.0526315789473684,1.0526315789473684,26.041270000000015,23.347950000000022
06037920030,0.0,0.0,27.112350000000028,31.05695000000008
06071000304,0.0,0.0,24.183048378378576,23.823029909909955
06095251701,7.643312101910828,8.9171974522293,26.041270000000075,23.34794999999996
06037271600,0.0,0.0,23.482019345794377,25.716130560747626
06037400209,0.0,0.0,24.3906827375566,26.679038597285114
06037577606,2.631578947368421,2.631578947368421,24.420511666666666,25.462894912280724
06037900901,7.656967840735068,52.833078101071976,25.851994915773403,27.11428163859092
06037900902,11.774744027303754,30.887372013651877,24.634395972696087,26.15803027303747
06037135116,0.0,0.0,26.116945454545455,28.51340181818182
06037137202,0.0,0.0,26.279610000000034,28.700740000000064
06037276606,0.0,0.0,23.299219999999995,24.912990000000008
06037269908,0.0,0.0,23.47063000000001,25.72003
06037206303,0.0,10.0,21.145299999999995,24.21239
06037267503,0.0,0.0,24.857780000000005,25.11167
06037267406,0.0,0.0,24.85778000000001,25.11167
06037206053,0.0,0.0,21.092897555555567,24.135138888888903
06037670417,0.0,0.0,27.71521127659566,26.40202478723407
06037670101,0.0,0.0,27.5825216417911,25.951825522388127
06037670418,0.0,0.0,26.765048580645075,25.7023013225806
06037980011,85.71428571428571,85.71428571428571,28.82892214285715,28.646776428571425
06037578000,0.0,0.0,28.902237809523754,29.052139428571394
06071003900,0.0,0.0,23.99809379310351,26.47966919540235
06065044505,99.81617647058823,99.81617647058823,20.75037738970598,20.39895248161767
06037571202,0.0,0.0,25.880668108108097,25.089677567567666
06037555107,0.0,0.0,24.73332258503407,26.447275850340205
06037480101,0.0,0.0,22.45539000000005,26.767620000000054
06037555105,0.0,0.0,24.764636000000007,26.313062666666713
06037650606,0.0,0.0,26.041442987013028,26.975042337662305
06037292002,0.0,0.0,25.66708999999998,24.422070000000016
06037570703,0.0,0.0,26.273847540983652,24.95265163934426
06037650801,0.0,0.0,26.46117999999998,26.177519999999998
06037461300,0.0,0.0,25.22875249056612,30.37320713207561
06037620703,0.0,0.0,25.74130999999994,26.791449999999998
06037620704,0.0,0.0,25.323801428571386,26.931623061224506
06037570503,0.0,0.0,26.37894000000004,25.02139000000005
06037570306,0.0,0.0,26.197541044776113,26.080748955223875
06037543203,0.0,43.80952380952381,24.60168999999997,25.983390000000004
06037620801,0.0,0.0,25.51016428571438,26.69796999999994
06037620802,0.0,0.0,25.49195760273979,26.69060684931505
06037604102,0.0,0.0,22.976249999999993,27.799240000000037
06037901300,51.156462585034014,76.87074829931973,21.97418438095237,21.668331782312954
06037570305,0.0,0.0,25.619012380952377,25.93807142857142
06037621005,4.895104895104895,4.895104895104895,25.696050699300642,26.773146223776276
06037570504,0.0,0.0,26.378940000000043,25.021390000000025
06037604101,0.0,0.0,22.976249999999997,27.799240000000037
06071002501,0.0,0.0,21.711620119760326,25.574366347305503
06037920028,0.0,0.0,26.029122205882498,30.092207573529524
06107002702,6.862745098039216,8.758169934640522,20.410768156862325,21.456923366013328
06107002701,6.786427145708583,6.786427145708583,22.613925708582855,24.044180219560864
06107000102,12.540192926045016,14.790996784565916,23.25389069667746,23.22252116827431
06107000303,4.541326067211625,12.806539509536785,24.77795193460471,23.571039436875527
06107000902,15.67732115677321,65.75342465753424,20.0735107762558,20.819805266362387
06107000304,22.71186440677966,37.96610169491525,23.94835576271189,21.55580913559333
06107000901,18.200408997955012,42.331288343558285,19.93653961145193,23.25350474437634
06107000801,0.0,3.2679738562091507,20.163651830065405,22.029380326797344
06107000802,18.574297188755022,40.76305220883534,20.486649317269087,21.540030712851415
06107002402,15.018315018315018,64.46886446886447,18.556366199633615,20.43192773809511
06107002403,6.779661016949152,6.779661016949152,18.968908418079053,21.141127542372722
06107000101,9.939498703543649,12.878133102852205,22.15884750216052,23.9400323941226
06107001010,33.54037267080746,100.0,19.496117391304313,22.549853043478265
06107001009,61.142857142857146,94.85714285714286,19.495439999999974,22.55691360000004
06107001008,22.16624685138539,87.1536523929471,18.446836977329948,22.601884911838766
06107003202,0.0,0.0,19.521078571428557,20.64109017857141
06107001306,31.301939058171747,99.16897506925207,18.753689556786675,22.022583185595444
06107001011,16.516516516516518,100.0,18.751725525525565,22.27275075075073
06107002010,3.7383177570093453,89.95327102803739,19.515452196261652,23.494341074766176
06107002401,0.0,0.0,19.383367572115546,22.675582115384728
06107003904,7.604562737642586,25.85551330798479,18.696028250950604,19.418686197718653
06107003401,2.47787610619469,4.424778761061947,18.537549646017705,20.145924336283187
06107003201,11.483870967741936,11.483870967741936,19.362898954838673,21.12110894193545
06107003302,13.654096228868662,24.317295188556567,18.617512652795767,20.882533211963658
06107000203,1.094890510948905,99.27007299270073,22.893392664233463,19.963173065693343
06107003601,0.5952380952380952,34.226190476190474,17.269082738095246,19.313007321428604
06097153406,8.426966292134832,12.359550561797752,25.01184651685393,26.13742264044934
06097153710,32.269503546099294,36.52482269503546,26.955043971631255,28.716520531914778
06097152601,0.6211180124223602,0.6211180124223602,25.673426931677124,25.13734954037255
06097153709,27.346938775510203,31.428571428571427,27.147920326530677,29.08309448979578
06071002902,0.0,0.0,25.489879556451704,27.864259556451625
06037920035,4.910714285714286,23.214285714285715,26.344207678571497,27.81559249999997
06037670102,0.0,0.0,27.283879999999968,26.442600000000027
06037543704,0.0,0.0,26.93469799999998,25.487001333333378
06037543605,0.0,0.0,25.831100275229304,24.455370550458735
06037573101,0.0,0.0,28.94113999999997,29.26722999999998
06037573102,0.0,0.0,28.94113999999996,29.26722999999997
06037543705,0.0,0.0,26.56182255813951,25.05221976744185
06037577700,0.0,0.0,26.72386468750003,26.482614375000047
06037543607,0.0,0.0,26.395909108280197,24.850112802547788
06037141306,0.0,0.0,26.348696301369888,25.824053835616482
06037128704,0.0,0.0,25.23614132653061,25.50872142857142
06037301901,0.0,0.0,26.567074680851054,31.337292765957464
06037139506,0.0,0.0,26.673859999999994,28.785349999999998
06037650904,0.0,0.0,26.46118000000001,26.177519999999976
06037571201,0.0,0.0,26.63365999999997,25.8509600000001
06037293204,0.0,0.0,25.667089999999963,24.42207000000003
06037555106,0.0,0.0,24.48101999999996,26.45314000000003
06037603007,0.0,0.0,23.892471973684227,27.865360657894712
06037602202,0.0,0.0,23.18047000000001,27.18815999999999
06037275313,0.0,0.0,23.25687846153845,24.80885384615383
06037297501,2.1739130434782608,2.1739130434782608,28.559069999999906,29.284929999999914
06037297502,0.0,0.0,28.559069999999984,29.284929999999985
06037261104,0.0,0.0,25.43030826568261,27.837920627306236
06037543606,0.0,0.0,25.667089999999966,24.42207000000003
06037293206,0.0,0.0,25.667089999999988,24.42207000000001
06037650903,0.0,0.0,26.29600927999995,25.81238640000003
06037577900,0.0,0.0,26.72689857142863,26.27568142857149
06037543803,0.0,0.0,26.320970000000052,24.771379999999997
06037293203,0.0,0.0,25.667089999999988,24.422070000000012
06037910213,0.7853403141361256,0.7853403141361256,24.520650235602176,24.867923900523493
06037920038,19.101123595505616,21.34831460674157,26.063180000000052,26.62973000000006
06037115204,1.834862385321101,1.834862385321101,25.320549999999955,24.45676999999995
06037113324,0.0,0.0,24.7216,25.702199999999984
06037113323,0.0,10.81081081081081,24.969189189189223,25.49993229729729
06037104823,0.0,0.0,23.616727600000022,24.37460266666667
06037111304,0.0,0.0,24.473970000000005,23.166600000000003
06037103202,2.5925925925925926,2.5925925925925926,22.321650555555596,25.12661551851841
06037101221,0.0,0.0,25.448419999999967,28.63998999999998
06037103402,0.0,0.0,24.994973061224528,28.22663469387757
06037910607,0.0,19.736842105263158,27.519967763157883,27.52561592105257
06037910717,0.0,0.0,27.45338473684216,26.145111578947443
06037910608,0.0,41.7910447761194,27.75909052238804,27.68287514925368
06037910718,0.0,45.02164502164502,27.312642857142773,26.068629999999963
06037911100,60.38647342995169,92.914653784219,23.56461025764917,24.092371078905558
06037910405,31.360946745562128,31.360946745562128,24.931873372781077,23.923948994082853
06037910215,0.9708737864077669,0.9708737864077669,24.928334110032278,24.00988831715208
06037910212,0.0,0.15527950310559005,26.343474495341923,24.350264060559347
06037901214,0.0,82.87037037037037,24.341509305555636,25.58730319444443
06037901014,0.0,100.0,25.580428370370235,25.522194851851847
06037901216,1.056338028169014,19.014084507042252,25.327069823943642,27.909971901408507
06037901012,0.0,91.02564102564102,26.03586380341874,24.97216824786329
06037900509,0.0,100.0,24.67420053691281,24.89927328859058
06037900611,0.0,100.0,23.094659840425532,23.57526313829786
06037900510,0.0,100.0,24.355298086419833,24.885540679012294
06037920041,2.5974025974025974,2.5974025974025974,26.549234545454592,27.73829454545457
06107003602,2.195121951219512,20.73170731707317,17.598521146341408,19.58521421951227
06107003700,14.027149321266968,41.40271493212669,17.31003309954743,18.343728981900536
06107003801,1.639344262295082,1.639344262295082,17.06747655737704,18.476801803278725
06037125102,0.0,0.0,26.69156999999997,27.014070000000007
06037460002,0.0,0.0,24.428710000000063,30.081979999999948
06073008336,0.0,0.0,28.922111339285713,31.84331374999993
06037480012,0.0,0.0,22.455390000000058,26.767619999999994
06037480002,0.0,0.0,22.639434193548443,27.056791827956967
06037431200,0.0,0.0,23.49250052631582,26.77169589473691
06081611500,0.0,0.0,21.799907565674154,21.658550647985965
06081611600,0.9174311926605505,27.522935779816514,21.986418348623825,21.61066596330271
06095251702,1.282051282051282,2.564102564102564,26.057450128205115,23.291819230769264
06095251803,1.639344262295082,3.825136612021858,26.293680000000062,22.47231000000008
06095251804,8.21917808219178,17.80821917808219,26.188524657534344,22.34638095890418
06037920109,0.0,0.0,25.64834000000008,30.037370000000003
06037125404,0.0,0.0,25.546670999999993,29.220662999999988
06037137203,0.0,0.0,26.279610000000037,28.7007400000001
06037125101,0.0,0.0,26.691569999999974,27.01406999999998
06037125403,0.0,0.0,26.624616842105272,27.14311052631579
06037125321,0.0,0.0,25.41945999999999,29.465839999999986
06037125322,0.0,0.0,25.607920740740738,29.102614814814803
06037310705,0.0,0.0,26.81102999999999,30.808139999999987
06037139505,0.0,0.0,26.673859999999994,28.785349999999998
06037133101,1.2195121951219512,1.2195121951219512,28.27491804878051,28.755802926829325
06037310704,0.0,0.0,26.811030000000017,30.808140000000034
06037133102,0.9009009009009009,0.9009009009009009,27.106385945945913,27.560125405405472
06037131024,6.363636363636363,6.363636363636363,23.462039999999934,23.831119999999995
06037135205,0.0,0.0,27.465807277777767,27.671413611111028
06037134801,2.4,2.4,24.09558000000003,24.451849999999954
06037134802,7.377049180327869,7.377049180327869,24.095580000000027,24.451849999999954
06037131802,0.0,0.0,24.326139999999967,26.66091999999998
06037300602,0.0,0.0,26.567210000000074,31.262219999999946
06037131022,0.0,0.0,23.462039999999952,23.831120000000038
06037113424,0.0,0.0,24.836992073170673,24.336111463414525
06037119802,0.0,0.0,23.384890000000027,24.505760000000002
06037293205,0.0,0.0,25.667089999999998,24.42207
06037650802,0.0,0.0,26.437377857142867,26.233524285714267
06037571505,0.0,0.0,26.561489888888936,25.19599666666672
06037543804,0.0,0.0,26.320969999999992,24.771379999999965
06037292001,1.5873015873015872,1.5873015873015872,25.372391428571415,24.92269714285716
06037603705,0.0,0.0,22.465199999999992,26.81741999999998
06037603902,0.0,0.0,22.976249999999986,27.799240000000022
06037541003,0.0,2.7649769585253456,24.527353225806397,25.324057419354876
06037603008,0.0,0.0,24.196659999999994,27.860069999999972
06037541402,0.0,8.0,22.897087799999998,25.112865799999998
06037503704,0.0,0.0,23.448589479166667,25.8142170833333
06037602602,0.0,0.0,22.25682771084341,27.26643819277111
06037551801,0.0,0.0,21.701829999999976,25.53344999999995
06037602511,0.0,0.0,21.907299999999992,28.019630000000003
06037536202,0.0,0.0,21.442600000000013,24.545450000000034
06037703200,0.0,0.0,23.11587024475525,24.79773111888114
06037800325,10.526315789473683,10.526315789473683,26.157132456140328,28.11692631578945
06103000500,2.584493041749503,3.5785288270377733,24.512617773359796,22.98108493041753
06103000900,23.733862959285005,24.23038728897716,24.65705141012917,25.23362171797424
06103001000,6.528451698279665,7.719453021614468,25.32238821790934,25.340116003529083
06073008348,0.0,0.0,28.058145025906654,32.77059409326414
06073008349,0.0,0.0,29.352725841584203,33.10027613861383
06073008351,0.0,0.0,28.40782335877868,31.515059847328367
06073008352,0.0,0.0,29.367270000000023,33.103979999999986
06073008353,0.0,0.0,29.35175867724867,33.0560687830687
06083001001,49.275362318840585,52.17391304347826,30.186290000000046,29.121489999999998
06083001403,33.460076045627375,33.460076045627375,31.60089730038018,31.747661520912448
06083002410,5.0,7.857142857142857,24.752749500000032,29.087290999999933
06083002937,7.954545454545454,7.954545454545454,26.942212954545468,27.972519318181824
06083002935,1.2048192771084338,1.2048192771084338,26.37395253012051,27.661636265060203
06083001910,3.90625,17.578125,28.584894843749954,32.212413359375
06083002406,3.7735849056603774,3.7735849056603774,25.837289999999996,28.685547735849042
06083002308,1.4285714285714286,1.4285714285714286,25.479625500000065,28.942935428571477
06083002503,0.9803921568627451,0.9803921568627451,27.531962156862754,31.752747549019585
06083002934,3.076923076923077,3.076923076923077,26.478728461538505,27.718956923076945
06083002407,0.0,0.0,25.73922151898731,28.644974050632893
06083002409,0.0,0.0,24.510429840637517,29.208973505976175
06083002310,0.0,0.0,25.518296024096365,29.003771927710822
06083002309,4.040404040404041,4.040404040404041,25.555580000000013,29.203823333333318
06083002405,3.9473684210526314,3.9473684210526314,25.817120131578918,28.677202894736823
06083002710,0.0,100.0,27.913860000000067,28.40277999999994
06083000805,20.0,22.22222222222222,29.23775400000002,29.766514000000008
06083001307,0.8368200836820083,3.3472803347280333,29.150380836820116,28.8444946443516
06083000806,15.789473684210526,19.548872180451127,29.00061999999992,29.9277699999999
06083002933,4.10958904109589,19.17808219178082,27.64841999999999,28.358870000000017
06083001308,0.0,0.0,28.423106614786086,28.60047447470827
06083001002,2.5316455696202533,2.5316455696202533,30.186290000000053,29.12149
06083002936,0.0,0.0,27.64841999999999,28.35887000000002
06083000201,2.5210084033613445,4.201680672268908,30.287466050420186,29.713086890756273
06083980300,7.222222222222221,7.222222222222221,27.665621888888946,28.336667444444473
06083001404,15.234375,15.234375,30.762749999999915,30.573779999999896
06083002307,0.0,0.0,25.882493977900623,29.630955027624328
06073015801,0.0,37.254901960784316,22.554279999999988,27.18549000000001
06073015901,0.0,27.450980392156865,22.794607843137257,27.212353529411775
06073015902,0.0,5.298013245033113,22.762633377483425,27.42199211920527
06037900607,0.0,11.042944785276074,23.786106748466207,26.045536012269995
06037900703,1.2987012987012987,14.935064935064934,25.822859025974036,27.232291688311655
06037900705,0.0,28.8135593220339,25.04918172316366,25.514869378531078
06073016000,0.0,1.3245033112582782,23.012922251655667,27.356097350993288
06081612500,1.0471204188481675,1.0471204188481675,21.85238225130894,21.855238586387465
06095251901,0.0,0.0,26.159661042654022,23.451930853080583
06095251903,0.0,0.0,26.152289999999997,23.505809999999965
06107003802,6.077348066298343,7.734806629834254,17.44515000000001,18.086870000000058
06107004102,8.673469387755102,8.673469387755102,19.069127499999947,20.703275204081663
06025011803,0.0,0.0,24.3886887378639,21.362945873786437
06025010600,0.0,0.0,24.11588406175772,22.42164030878845
06025011201,0.0,0.0,27.849371825726205,24.50137821576762
06025012302,2.5462962962962963,4.012345679012346,17.726298533950626,15.628969814814644
06037920039,0.0,0.0,26.322095254237336,27.22024864406785
06071001200,0.0,0.0,25.09983000000009,23.63167000000005
06037920110,0.0,0.0,25.648340000000005,30.037370000000006
06099003300,41.02079395085066,46.628859483301824,22.970068380592203,25.409989666036463
06099002801,2.6612077789150463,4.605936540429887,19.569431412487102,21.788933346980507
06099003603,8.060033351862145,14.508060033351864,21.54180771539752,22.32365575875483
06099001604,0.0,36.0,21.243060000000003,20.797630000000023
06097153301,3.0998851894374284,7.233065442020665,24.93137954075753,24.3174085189437
06097151702,0.0,0.6944444444444444,25.118132256944566,24.374904236111192
06097152602,3.7894736842105265,3.7894736842105265,25.895518863157818,25.661019642105288
06097151506,4.205607476635514,4.205607476635514,25.470604392523345,24.446733551401824
06097152402,0.0,0.0,26.121407264151017,25.934630283018997
06097151404,0.0,0.0,24.80837000000002,24.431739999999994
06097153711,10.105263157894736,10.105263157894736,26.71010063157896,26.624151957894867
06097154305,0.6944444444444444,0.6944444444444444,25.535926215277918,26.91265102430553
06097152803,0.0,0.0,25.477471343283554,25.307864029850673
06097152204,0.0,0.0,25.280584098360777,24.36687016393451
06097152804,0.0,0.0,25.38437999999998,24.902190000000015
06097150501,4.214123006833713,5.466970387243736,27.40983882687925,27.259054601366813
06097154306,0.44510385756676557,0.44510385756676557,24.627761928783396,26.28761875370935
06097152205,0.0,0.0,26.141569999999913,25.022899999999964
06097153905,9.022556390977442,9.210526315789473,28.75897537593984,28.133679755639275
06097151403,1.3605442176870748,1.3605442176870748,25.137771632653,24.449504625850327
06097153712,1.4150943396226416,1.4150943396226416,26.05930951257858,25.96771672955964
06097153601,3.116883116883117,3.3766233766233764,25.74644335064928,26.523465948051868
06097153810,1.402805611222445,2.404809619238477,28.194669258517305,25.988148957915882
06097153904,3.081232492997199,18.207282913165265,28.652506078431426,27.49486131652663
06097153811,7.03125,7.291666666666667,27.632970416666783,25.75020677083351
06097151206,2.824858757062147,10.16949152542373,25.46404585687391,24.648962956685338
06099001100,0.0,0.4784688995215311,18.766304928229687,21.00581990430628
06099000907,0.0,0.0,18.733684074074088,21.25427860082314
06099003400,48.41149773071105,49.47049924357035,24.63130721633891,25.71017862329815
06099002302,8.13953488372093,19.186046511627907,20.707725290697624,20.792748604651187
06099000908,0.0,0.0,18.569318602620076,20.90122663755463
06099000102,2.501690331304936,2.7721433400946585,19.192398918188108,20.942464462474714
06099003908,0.0,0.0,21.09801999999997,21.760029999999976
06099000302,2.380952380952381,19.642857142857142,19.407549999999937,21.79615999999997
06099000501,1.4910536779324055,1.6898608349900597,20.443285397614368,22.839330506958174
06099002603,0.0,0.0,20.75383999999997,20.670039999999975
06099000101,4.896802913800081,5.7871307163091865,19.619093885066665,21.202556758397485
06037900501,0.0,35.08196721311476,25.477240655737816,25.359999540983733
06037900504,0.0,25.444839857651246,25.06977556939515,24.611372580071105
06037800412,3.6764705882352944,3.6764705882352944,23.8442497058825,25.160729470588173
06037224702,7.142857142857142,10.714285714285714,21.12871571428571,24.201167857142845
06037403327,0.0,0.0,22.087049651741303,24.169493034825823
06037270102,0.0,0.0,23.11588,23.95321000000001
06037271703,0.0,0.0,23.47063000000002,25.72002999999997
06037407802,0.0,0.0,21.743367744360896,25.130004661654098
06037269909,0.0,0.0,23.470630000000014,25.720029999999994
06037271704,0.0,0.0,23.47063000000002,25.720029999999966
06107001007,33.13953488372093,94.18604651162791,18.641097732558105,22.358315145348772
06107000204,4.545454545454546,100.0,23.085715340909022,19.800106931818114
06107001012,23.883495145631066,80.97087378640776,19.109576038834916,22.253642679611712
06107003301,19.101123595505616,20.72409488139825,18.511282197253657,20.58718792759032
06107004302,7.916666666666666,59.375,21.934531270833297,27.172989604166684
06107004402,22.085889570552148,50.920245398773,23.238851288343476,22.780249631901768
06107004104,4.117647058823529,32.94117647058823,18.876798764705853,20.265728941176484
06073008355,0.0,0.0,28.89820759999999,31.65514480000003
06073008356,0.0,0.0,29.367270000000016,33.10397999999999
06073008357,0.0,0.0,29.367270000000044,33.10397999999997
06073008358,0.0,0.0,29.027610408163245,32.507045714285695
06073008359,0.0,0.0,27.33263985714289,28.502160428571397
06073016401,0.0,0.0,21.769063440860126,24.242470143369268
06073016302,1.3157894736842104,46.71052631578947,22.50179506578943,27.075907697368358
06037910301,0.4016064257028112,0.6024096385542169,26.156017710843216,27.35420433734928
06037910302,0.0,0.0,25.660240360721236,26.36281709418822
06071000804,1.6877637130801686,13.924050632911392,26.233420822784787,27.808357405063497
06021010401,28.846153846153843,81.41025641025641,24.00990192307689,24.632920096153896
06081602100,0.0,0.0,24.887282857142882,26.567410476190492
06021010101,1.9943019943019942,51.28205128205128,24.461896837606652,24.95502572649589
06021010402,22.633744855967077,47.53086419753087,23.325239218107015,23.347286419752987
06021010102,0.0,0.0,23.985802309090676,24.134886618181852
06081602400,0.0,0.7633587786259541,28.126112290076488,29.507556870229145
06081602500,0.0,0.0,28.13750999999997,29.632050000000085
06037910401,0.0,0.0,23.686359095890257,23.516772575342404
06095252000,13.448275862068964,19.655172413793103,25.630143999999948,25.845454655172336
06095252103,0.0,0.0,23.82046098901113,23.60919879120868
06095252105,0.0,0.0,25.963002027649832,27.660596728110754
06095252106,0.0,0.0,25.970703131672657,27.75359430605003
06071009714,10.139416983523446,10.139416983523446,15.969330316856537,21.333502927756456
06071010009,0.0,0.0,23.341344027777698,23.47844430555564
06071010015,0.0,0.0,22.47593684210494,23.032844210526456
06071010021,3.634085213032581,3.634085213032581,19.60640375939888,20.204532343358046
06071010402,0.0,0.0,19.159469999999992,20.58124916666666
06071011500,12.612612612612612,12.612612612612612,24.131853603603677,26.290837369369424
06071011700,18.51851851851852,19.753086419753085,20.643304532627926,25.12325707231048
06115041102,0.9722222222222222,0.9722222222222222,22.823854472222074,24.269361708333328
06115041101,2.0224719101123596,2.0224719101123596,23.870300067415585,23.000069835205885
06063000100,7.03125,27.083333333333332,28.154504435763585,29.119219722222162
06063000400,12.033195020746888,12.655601659751037,25.957395373443873,26.511096047717913
06063000300,3.8187702265372168,3.8187702265372168,20.656127372168253,21.70163524271865
06063000201,4.887585532746823,4.887585532746823,29.24595286412477,30.503594975562038
06063000202,4.240282685512367,4.240282685512367,26.53761224381632,26.702124787985852
06115041002,1.7039922103213243,1.7039922103213243,22.60707848588129,23.144250740019203
06115040702,47.71653543307087,99.37007874015748,20.739834519685147,21.884088173228452
06115040701,63.427561837455826,100.0,20.988190883392118,22.10632275618361
06115041001,21.828358208955223,28.35820895522388,22.164375186567238,21.548108128109515
06115040304,81.62650602409639,97.89156626506023,21.761031716867546,22.37023478915654
06115040202,98.91304347826086,98.91304347826086,21.07817000000007,21.37134972826085
06115040201,100.0,100.0,21.049038947368498,21.41112679425836
06115040305,85.625,96.25,22.063116499999975,22.596791499999938
06037920111,0.0,0.0,25.648340000000072,30.037370000000003
06037920112,0.628930817610063,2.515723270440252,25.935913962264166,31.076512264150963
06037920200,17.391304347826086,17.391304347826086,26.30161304347826,31.745609565217375
06037920313,1.3289036544850499,6.64451827242525,27.321703421926728,30.878663322259186
06037920322,6.2015503875969,6.2015503875969,28.88319000000001,30.38346000000001
06027000300,2.0671834625323,2.842377260981912,25.849014573643394,30.605361498707907
06099000201,1.0025062656641603,5.263157894736842,19.336058421052748,20.66091977443616
06099000301,0.7751937984496124,0.7751937984496124,19.11276209302326,20.93168232558139
06099000303,0.0,0.0,19.20169479452045,21.4968482534246
06099000304,0.0,0.0,18.836391832669236,20.57365286852593
06099000202,1.2345679012345678,2.2222222222222223,19.244259481481574,20.62515209876551
06099000403,0.0,0.0,19.08762864253398,22.020757511312222
06099000404,0.0,0.0,19.387709999999974,22.579649999999916
06099000503,0.0,0.0,19.700401137724555,22.404786407185554
06099000505,0.0,0.4032258064516129,19.478746975806462,22.73488387096782
06099000601,0.0,0.0,20.06511781990514,22.014084028436002
06107001305,50.0,100.0,18.852059506172797,22.648339814814776
06107001706,14.361702127659576,100.0,18.689286888297982,22.30637130319139
06107001102,60.56338028169014,100.0,19.413394929577468,22.02739281690137
06107003504,1.1848341232227488,1.1848341232227488,18.18044786729866,20.007122203791546
06107003503,0.3105590062111801,2.484472049689441,17.451125217391322,19.435434813664642
06107004103,2.512562814070352,26.13065326633166,18.452136331658217,20.08726954773876
06107003903,18.39080459770115,18.39080459770115,18.36999258620691,19.416480344827608
06107004401,14.02439024390244,14.02439024390244,23.277303048780396,22.757448658536514
06107001101,93.90243902439023,100.0,19.549400000000034,21.994480000000017
06107001304,18.91891891891892,81.4968814968815,19.455342515592537,22.509902765072688
06107004301,3.8910505836575875,15.56420233463035,20.966702684824853,22.553533501945502
06107003402,4.098360655737705,4.098360655737705,19.906257868852528,20.829029002732224
06073003209,0.0,0.0,23.313455000000047,28.554286953125033
06073003211,0.0,0.0,23.129390250000036,28.09730200000003
06073003212,3.1645569620253164,3.1645569620253164,23.123300000000075,28.089680000000033
06073003213,0.0,0.0,23.041156758620694,29.608295999999967
06037206301,0.0,11.11111111111111,21.145299999999995,24.21239
06037207901,0.0,6.25,24.304790000000008,26.31151
06037264306,0.0,6.0,25.257007999999992,25.32544399999998
06037206202,0.0,0.0,21.1453,24.212390000000006
06037267202,0.0,0.0,24.163957260273932,27.049023150684935
06037207712,10.526315789473683,10.526315789473683,24.30479000000001,26.31151
06037207308,0.0,0.0,23.853434285714286,26.011635714285713
06037206052,0.0,0.0,21.145300000000006,24.212390000000013
06037206302,0.0,0.0,21.145299999999995,24.21239
06037206201,0.0,0.0,21.1453,24.212390000000006
06037402504,0.0,0.0,22.288150000000027,24.80475000000001
06037271803,0.0,0.0,23.470630000000018,25.720029999999984
06037216901,0.0,0.0,24.519050000000036,27.38622
06037207305,0.0,7.142857142857142,22.499367142857146,25.112012857142854
06037265524,0.0,0.0,24.85778000000002,25.11167
06037203601,0.0,0.0,18.787190000000006,20.736089999999994
06037207306,0.0,0.0,21.1453,24.212390000000006
06037264304,0.0,0.0,24.85778,25.11167
06037530603,0.0,0.0,19.506120000000006,20.354229999999966
06037206054,0.0,0.0,21.145299999999995,24.21239
06037267101,0.0,0.0,24.090369999999965,27.254500000000004
06037203602,0.0,0.0,18.787190000000006,20.736089999999994
06037270101,0.0,0.0,23.115879999999986,23.95321000000001
06037407202,0.0,0.0,22.38635417475724,25.22066970873786
06037226701,0.0,6.25,20.51378,23.703899999999987
06037224701,0.0,4.545454545454546,21.68774818181818,24.653229545454543
06037800411,2.4077046548956664,3.0497592295345104,24.5573974478333,25.306834382022515
06037482404,0.0,0.0,21.66874000000003,27.130059999999972
06037482801,0.0,0.0,21.352377172774837,23.687581623036635
06037267201,0.0,0.0,24.698506226415102,25.556408301886794
06037267405,0.0,0.0,25.05095483870969,25.215109032258063
06037407901,0.0,0.7299270072992701,20.551930000000045,22.26231999999996
06037207303,0.0,5.555555555555555,24.30479000000001,26.31151
06037207902,0.0,0.0,24.30479000000002,26.31151
06037267504,0.0,0.0,24.857780000000012,25.11167
06037433803,0.0,0.0,19.840879999999974,23.393350000000027
06037407201,0.0,0.0,22.255822758620667,24.44640942528733
06037407502,0.0,0.0,21.395183245033127,23.322118410596016
06037264305,0.0,3.508771929824561,25.50565000000004,25.458583947368382
06037403409,0.0,0.0,22.679111333333413,25.895111111111145
06073008360,0.0,0.0,27.28526638297876,29.665996879432708
06073008502,0.0,0.0,27.165487114754043,28.9786019672132
06073008504,0.0,0.3076923076923077,26.965452892307624,28.85246233846156
06073008505,0.0,0.0,25.806708295454484,28.219201666666685
06073016502,1.4545454545454546,5.818181818181818,22.4056064727273,26.775442981818152
06073017104,0.0,0.0,30.577269999999828,32.80444999999982
06073017107,3.1914893617021276,3.1914893617021276,29.08314351063819,31.352354787233974
06081603700,0.0,0.0,28.134793174603008,29.624904603174716
06081612600,0.684931506849315,0.684931506849315,21.85365383561648,21.87808678082192
06081612700,1.1299435028248588,1.1299435028248588,21.847516101694975,21.767802203389795
06081612800,0.42194092827004215,0.8438818565400843,23.37597126582273,23.186606413502126
06095252107,0.0,0.0,25.865964225941454,27.448660418410128
06095252108,0.0,0.0,25.676622540540524,26.10598378378388
06095252306,3.9800995024875623,3.9800995024875623,26.946519452736243,23.789290746268634
06095252401,1.098901098901099,1.098901098901099,27.22440450549444,24.679485384615308
06037461200,0.0,0.0,24.90528225490204,30.07876454248367
06037503501,0.0,0.0,22.610474871794796,24.591745846153785
06037503104,0.0,0.0,22.210239999999956,24.063599999999965
06037482403,0.0,0.0,21.668740000000028,27.130059999999972
06107002011,2.8925619834710745,71.900826446281,19.2086089256199,23.059298801652933
06107001303,66.00790513833992,98.02371541501977,19.323693754940653,22.49831237154158
06073016100,0.0,0.0,23.17345157593112,27.341913524355267
06073016202,0.9523809523809524,50.476190476190474,22.916133333333327,26.79009485714282
06073016301,2.4390243902439024,56.09756097560976,22.554279999999974,27.18548999999996
06037601501,0.0,0.0,24.426220000000036,27.38779
06037500204,0.0,0.0,22.585706767485906,25.054324782608774
06037405702,0.0,0.0,23.40602119718315,25.201044084506968
06037431400,0.0,0.0,23.498509999999943,27.166110000000042
06037404503,0.0,0.0,23.506170000000054,25.856389999999962
06095252402,46.12068965517241,50.43103448275862,26.94726715517235,23.88287793103445
06095252501,0.8928571428571428,14.285714285714285,27.35296999999995,25.058759999999932
06021010200,1.7023613399231192,5.216913783635365,24.41404710598561,25.023214481054616
06021010501,21.669341894060995,29.213483146067414,24.06601780096301,24.2587465489566
06021010502,57.758620689655174,59.310344827586206,25.577368896551732,26.643187793103433
06021010300,14.698795180722893,22.40963855421687,24.71541910843388,24.687566481927814
06037920328,0.0,0.0,27.268090000000026,30.027500000000014
06037920329,0.0,0.0,26.707267142857166,31.230590714285686
06037920330,0.0,0.0,27.935196956521743,30.797533913043466
06037920334,1.4981273408239701,1.4981273408239701,28.599320037453033,30.56982546816479
06037141500,0.0,0.0,24.984300000000065,24.490100000000126
06037209201,0.0,0.0,24.30479000000001,26.31151
06037264303,0.0,0.0,24.924318000000014,25.147299
06037217102,0.0,0.0,24.519050000000043,27.386220000000037
06037265523,0.0,0.0,24.640903260869578,25.71725239130435
06037433903,0.0,0.0,20.758340495867785,24.1333037190083
06037216902,0.0,0.0,24.519050000000025,27.38622000000002
06037216202,0.0,1.36986301369863,24.51966945205484,27.414651506849356
06037265522,0.0,0.0,24.85778000000001,25.11167
06037216302,0.0,0.0,24.51905000000004,27.386220000000005
06037406801,0.0,100.0,21.566418712871343,23.350319405940585
06037209105,0.0,0.0,24.30479,26.31151
06037406903,0.0,26.122448979591837,22.215342489795965,24.265327999999997
06037208001,0.0,0.0,24.272328333333352,26.455865833333334
06037406413,1.8421052631578945,98.42105263157895,22.068163368421153,26.231374631578998
06037433505,0.0,0.0,19.840879999999974,23.393350000000023
06037216201,0.0,0.0,24.521562222222254,27.501525555555588
06037402601,0.0,0.0,20.456519663865556,21.955345042016784
06037265307,0.0,0.0,23.681106250000003,24.2721425
06037214505,0.0,0.0,26.041850000000007,27.34546
06037199801,0.0,0.0,20.64542000000003,23.47564999999999
06037265702,0.0,0.0,23.764505882352942,27.332920196078458
06037265306,0.0,0.0,23.513010000000005,24.15221
06037404806,0.0,0.6172839506172839,21.23193703703709,23.552430370370327
06037214504,0.0,0.0,26.041850000000007,27.34546
06037433103,0.0,0.0,22.17341104166671,24.748323124999956
06037402602,0.0,0.0,20.487399883040894,21.824714736842076
06037199802,0.0,0.0,20.645420000000026,23.47564999999998
06037208002,0.0,0.0,23.929949622641516,27.978411320754706
06037211124,0.0,0.0,22.028429999999993,27.304290000000016
06037199002,0.0,0.0,21.249212000000036,24.556569384615354
06037214903,0.0,57.14285714285714,21.72151000000001,26.53197
06037214904,0.0,60.0,21.72151000000001,26.53197
06037406201,0.0,100.0,22.289535652173942,25.399732608695608
06037403601,0.0,4.545454545454546,21.808310769230655,24.941874965034806
06037800104,1.1065006915629323,1.1065006915629323,27.438752420470443,29.595258589211433
06037217101,0.0,0.0,24.519050000000025,27.38622000000002
06037207304,0.0,0.0,24.30479,26.31151
06037192420,0.0,4.545454545454546,22.663345227272714,27.771780681818196
06037221302,0.0,0.0,23.670686037735827,27.994058679245285
06037231500,0.0,9.420289855072465,22.716004347826047,25.109436956521773
06037430723,0.0,0.0,24.07364492537315,28.57353388059702
06037432901,0.0,0.0,19.691460000000003,24.67009000000004
06037700400,0.0,20.408163265306122,22.338701428571394,26.64818285714286
06099000602,0.0,0.0,20.471413500000033,22.14033606250005
06099000805,0.0,0.0,19.33372364963508,22.389352627737253
06099000806,0.0,0.5319148936170213,19.362842500000035,22.46052117021269
06099000807,0.0,0.0,19.697195211267612,22.0743826760564
06099000801,0.0,0.2652519893899204,19.139126976127322,22.055345888594243
06099000803,0.0,0.5586592178770949,19.725860000000008,21.92927000000006
06099000905,0.0,0.0,18.506172044728476,20.365823833865885
06099000906,1.5673981191222568,1.5673981191222568,18.583025360501583,20.441088213166083
06099000909,0.0,0.0,18.61245000000006,21.00860000000009
06079012708,5.688622754491018,5.688622754491018,28.369511886227546,31.21087950598814
06079012705,6.082852648138437,13.529103303618248,31.093837739906064,30.950698363922942
06079012601,1.9289340101522845,27.00507614213198,31.947944091370267,30.246488568528328
06079012706,2.912621359223301,2.912621359223301,28.992586984896963,30.35784450916883
06079013100,4.087591240875913,5.304136253041363,30.65366221897803,31.343938934306614
06079010506,11.409395973154362,29.53020134228188,20.759330536912717,28.3401492617449
06079010301,4.945054945054945,4.945054945054945,29.508525085470104,31.699532301587166
06079011505,3.4271725826193387,4.528763769889841,28.209341921664805,31.282651015911732
06073003214,0.0,0.0,22.910207248322113,29.582362416107454
06073003301,5.660377358490567,18.867924528301888,22.37942999999997,29.505149999999965
06073003303,5.0,11.666666666666666,22.379429999999974,29.505149999999972
06073003403,0.0,0.0,22.379429999999967,29.505149999999965
06073008506,4.968944099378882,8.074534161490684,25.8683631677019,28.254204844720487
06073008507,0.0,0.43103448275862066,24.809989999999992,27.677059999999987
06073008509,0.0,0.0,24.95351771929825,28.059422807017548
06029001105,0.0,0.0,20.659710781249984,23.802318281250027
06019002501,0.0,0.0,23.222270000000094,24.562780000000092
06019004703,0.0,0.0,21.99666543209882,21.335501851851895
06019006900,1.8223234624145785,1.8223234624145785,20.689483667425918,21.5722354897494
06019007700,2.857142857142857,3.0,20.350143400000004,22.70088922857144
06029002501,0.0,0.0,22.723839562043732,27.151891934306608
06029002304,0.0,0.0,20.41619999999997,23.67857000000003
06029003002,0.0,0.0,23.102980000000006,27.317990000000005
06029003125,0.0,0.0,23.102979999999988,27.317990000000005
06029003127,0.0,0.0,21.659250000000014,28.55483000000003
06029003219,0.0,0.0,23.14969805309737,28.528429734513153
06029004606,16.477272727272727,16.477272727272727,21.608181931818127,23.876854857954456
06029001104,4.032258064516129,4.032258064516129,20.710601612903222,23.91994411290318
06019001700,0.5065856129685917,0.5065856129685917,19.969908905775036,22.345292806484352
06019007004,0.0,0.0,21.130356023809536,23.211662595238238
06019005904,3.189655172413793,13.706896551724137,23.085114931034493,23.228941612068752
06073008510,0.0,0.0,25.187070191387466,28.583808325358866
06073008512,0.0,0.0,25.89717591489357,27.98666808510646
06073017108,0.0,0.0,29.23702587499988,30.8620463749999
06073017303,1.7857142857142856,1.7857142857142856,31.04993973214295,32.5434818303571
06099003201,90.50445103857567,94.06528189910979,23.038198249258148,25.04718296735904
06081604000,0.0,0.0,25.60555868852461,26.71375368852457
06081604102,0.0,0.0,28.123780344827583,29.482085862068992
06037900804,0.0,95.48872180451127,24.630259999999943,26.004930000000048
06037900805,0.0,0.0,24.717675789473628,26.503717828947448
06037900806,0.0,20.930232558139537,24.630259999999932,26.004930000000048
06037301100,0.0,0.0,24.983972786885328,30.63932513661211
06037301204,0.0,0.0,24.767419999999998,29.14274
06095252605,0.5847953216374269,16.374269005847953,27.35296999999994,25.058759999999918
06037301300,0.0,0.0,24.76742000000003,29.142739999999897
06037302104,0.0,0.0,25.319410000000005,31.185680000000033
06037302201,0.0,0.0,26.053606607142857,31.40425750000003
06037302301,0.0,0.0,27.737939999999984,31.90570000000002
06019004301,7.45697896749522,7.45697896749522,21.91997380497125,21.344207208413025
06019007300,1.5137180700094608,1.5137180700094608,21.088783897824083,23.250750397350888
06019001600,2.5510204081632653,2.5510204081632653,21.538159693877606,22.911922499999957
06019000400,0.0,45.622119815668206,22.724069032258083,23.748617557603616
06019005403,2.941176470588235,91.17647058823529,22.845637176470646,22.451111647058752
06095252606,0.0,0.0,26.656216249999915,25.326582499999954
06095252607,0.0,63.366336633663366,26.70074326732671,25.30946693069304
06095252608,0.0,25.0,26.339509999999937,25.448319999999974
06095252703,0.0,2.9629629629629632,26.10446614814811,25.131118962962937
06095252704,1.1173184357541899,2.2346368715083798,26.089543240223456,25.151171675977647
06095252705,3.10077519379845,4.263565891472868,26.231645155038773,25.444484922480562
06095252706,0.0,0.0,26.441957083333364,25.573350364583316
06095252707,1.8181818181818181,2.857142857142857,26.415145636363494,25.44004218181819
06037700600,0.0,0.0,23.36696956015488,27.127253027166784
06037910502,0.0,85.36585365853658,26.507020000000008,25.29459000000007
06037302302,0.0,0.0,27.737939999999984,31.905700000000003
06019004100,0.5660377358490566,0.5660377358490566,20.996803584905642,21.151317018867914
06019008301,48.333333333333336,50.0,21.77095027777784,23.47456011111114
06019005503,7.168458781362006,7.168458781362006,22.626155967742175,20.97957444444463
06037920042,0.0,0.0,26.938280204918073,28.77352336065573
06083002014,0.0,0.0,24.49435356617652,27.35438727941186
06037700700,0.0,0.0,23.686566724890632,27.340387379912418
06019001500,1.466275659824047,1.7595307917888565,21.520342463343123,23.11920354838709
06019007600,1.0514018691588785,1.0514018691588785,21.00355528037381,22.57983808411226
06019008402,63.436123348017624,63.87665198237885,21.559997048458175,21.932882643171812
06029001106,0.0,0.0,20.416199999999964,23.678570000000025
06019005505,0.0,0.0,22.317473432835747,21.31464050746277
06019003900,3.6363636363636362,4.5021645021645025,22.19089070129867,21.95627669264065
06019008100,8.982035928143713,34.13173652694611,23.421018682634692,24.309648562874155
06019007400,6.329113924050633,8.318264014466546,21.194588354430437,22.003584050632952
06029001002,0.0,8.51063829787234,20.758774042553213,24.008470354609866
06029002702,0.0,0.0,23.726012727272682,28.29664727272722
06029002901,0.0,0.0,23.297803391304345,27.38255234782611
06029002902,0.0,0.0,23.388210946745602,27.412512426035505
06029003133,0.0,0.0,23.471599999999935,27.50101999999997
06029003131,0.0,0.0,22.36968594594592,26.087110810810845
06029003130,0.0,0.0,22.293279999999957,26.05717000000003
06029003128,0.0,0.0,21.65925000000006,28.554830000000035
06019006802,3.8194444444444446,5.729166666666666,22.718138524305616,22.572590590277724
06079010904,0.0,0.0,30.628378611111113,32.90209222222221
06079011201,1.574803149606299,2.3622047244094486,28.973825354330753,31.60462070866146
06079011202,13.917525773195877,19.587628865979383,29.293835773195912,31.493520927835107
06079011105,10.256410256410255,28.205128205128204,28.99546384615388,30.714811538461547
06079010017,2.370500438981563,2.370500438981563,27.166411150131566,27.652316953467825
06079012305,1.66270783847981,2.8503562945368173,27.14274435273168,29.89866214964338
06079012406,5.349794238683128,16.46090534979424,25.87975263374495,28.335158683127542
06079012403,0.0,0.0,25.802247125000253,30.37156720312482
06079011706,1.82370820668693,2.735562310030395,26.624435866261337,29.87615945288754
06099003700,0.0,0.0,22.127235288725817,22.349025591200736
06099003802,0.0,0.0,22.753149999999884,22.594130000000074
06079012002,0.0,0.0,25.525794526315742,29.35034231578941
06079011705,31.775700934579437,32.71028037383177,26.8150852336448,29.427858130841216
06079012001,0.0,0.0,24.933700000000034,29.462669999999925
06079012201,23.943661971830984,31.690140845070424,24.6649123239437,28.92137528169009
06079012202,10.0,18.5,24.97916259999996,29.499914249999915
06079011104,12.903225806451612,29.03225806451613,28.82483387096776,31.133524838709675
06079012306,4.112149532710281,4.112149532710281,26.548630355140116,29.343907009345454
06079012405,0.0,0.0,26.22680000000017,30.185100000000023
06079012404,0.0,0.0,26.26018973389377,29.820722044817902
06079010206,0.0,6.526315789473684,25.084980105263227,28.36099421052666
06079011904,0.0,0.0,25.009201352313028,29.524522846975017
06079010302,3.781773093614383,3.781773093614383,27.199254054556484,31.16774166770041
06079010207,1.951951951951952,10.21021021021021,25.284744174174193,29.442606246246466
06079010505,5.911330049261084,7.389162561576355,20.795334778325095,28.373143251231568
06073003404,0.0,2.479338842975207,22.889270909090893,30.50242727272727
06073003501,0.0,0.0,22.37942999999997,29.50514999999997
06073003502,0.0,0.0,22.37942999999997,29.505149999999965
06073003602,14.705882352941178,29.411764705882355,22.379429999999974,29.505149999999972
06073003603,14.285714285714285,19.78021978021978,22.687580109890064,30.083976593406536
06097150205,2.056555269922879,3.0848329048843186,25.368677223650447,25.101492956298312
06097150206,1.3440860215053763,5.913978494623656,24.99596586021517,24.86007080645169
06097150502,1.1363636363636365,2.272727272727273,27.89151290909084,27.867199204545333
06097151505,1.0416666666666665,1.0416666666666665,26.185967500000086,25.643884114583173
06097154307,1.4705882352941175,1.4705882352941175,26.60967865546223,26.518659306722704
06077003119,2.4875621890547266,2.4875621890547266,23.11913000000003,22.925890000000035
06077003116,0.0,0.0,22.57234362068967,22.715669827586204
06077003118,1.6129032258064515,1.6129032258064515,23.11913000000003,22.925889999999985
06077003117,0.9316770186335404,0.9316770186335404,22.984645496894416,22.8576466770188
06077003115,1.7094017094017095,1.7094017094017095,22.59751999999997,22.73585999999995
06077004310,0.0,43.258426966292134,23.82736792134831,23.329969269662875
06077004309,0.0,96.2406015037594,23.835817518797022,23.371271353383438
06077004205,0.0,100.0,23.605919999999973,22.247519999999927
06077005223,8.977556109725686,13.715710723192021,20.66326942643389,20.23560546134652
06077005222,0.0,0.0,20.427940000000028,20.343910000000044
06077005312,0.0,0.0,21.752736428571456,21.426315194805177
06077003805,0.0,100.0,20.682871349206337,20.68909412698414
06077003804,2.6785714285714284,99.10714285714286,20.900173124999963,20.92219321428573
06077003808,0.0,100.0,21.00842214765097,21.78856308724834
06077005139,0.0,0.0,20.610254501992014,21.34511549800789
06077005136,0.0,40.44117647058824,21.805659999999985,22.886905588235336
06077003503,0.33333333333333337,79.0,21.783895200000135,21.604181200000074
06077004107,0.11961722488038277,47.248803827751196,22.353709198564594,22.52975309808598
06077005137,0.0,16.216216216216218,21.566179219219176,22.72083069069063
06077005311,0.0,0.0,22.450589999999963,21.485609999999966
06077000102,1.5384615384615385,1.5384615384615385,20.670353999999985,20.722447076923068
06077004206,0.0,100.0,23.605919999999976,22.247519999999934
06077003219,5.88235294117647,47.46450304259635,22.876258904665388,23.394188458417872
06077000802,0.0,0.0,20.51516941176473,20.717613529411786
06077004004,2.34375,3.125,22.52075757812506,23.311481250000075
06073008513,0.6993006993006993,0.6993006993006993,25.302708321678267,28.827708111888143
06073008600,0.0,0.0,25.2912299999999,28.95910000000003
06073008701,0.0,0.0,25.289626774193575,28.666339677419376
06073008702,0.0,2.484472049689441,25.37230372670805,27.611466956521717
06073017305,0.0,0.0,31.30383267100975,32.76246928338756
06081604400,26.146788990825687,34.403669724770644,25.731517064220284,25.70750958715587
06081604800,0.0,2.142857142857143,25.728991571428555,25.707676500000026
06081605100,19.587628865979383,100.0,24.12695927835047,24.951440721649426
06077004904,0.0,0.0,19.380807537688387,21.43059050251244
06077004903,0.0,0.0,20.104790913705507,21.444702741116686
06077005140,0.0,0.0,20.579150000000023,21.59846999999993
06077005138,0.0,0.0,20.896848972602708,22.24842979452053
06077004906,7.15372907153729,14.079147640791476,19.665318135464254,21.427224901065404
06077004905,2.127659574468085,2.7659574468085104,19.51570621985817,21.38657192907812
06077001501,0.0,0.0,20.984767386934678,20.903467185929582
06077001502,0.0,0.0,20.920489999999976,20.624749999999956
06037267102,1.1764705882352942,1.1764705882352942,24.09036999999995,27.2545
06037209106,0.0,0.0,24.30479000000001,26.31151
06037207307,0.0,16.666666666666664,21.671881666666664,24.56224333333333
06037481403,0.0,0.0,20.180374444444446,24.96528888888892
06037404804,0.0,0.0,21.195580000000028,24.042159999999974
06037481404,0.0,0.0,23.054237398374013,26.700482357723622
06037432502,0.0,0.0,22.73655822695036,25.82073957446804
06037401706,0.0,0.0,22.608701327433614,25.49568938053095
06037432001,0.0,0.0,22.101190000000024,26.09651
06037432002,0.0,0.0,22.222729215686282,26.326792843137245
06037190702,0.0,0.0,25.159940000000002,30.175590000000017
06037401707,0.0,0.0,20.96551,24.14440999999995
06037189801,0.0,0.0,24.00935000000002,26.645620000000005
06037190701,0.0,0.0,25.159940000000002,30.175590000000025
06037190101,0.0,11.538461538461538,24.673151923076926,28.682141153846164
06037189802,0.0,0.0,24.009350000000016,26.64562
06037800103,2.93040293040293,2.93040293040293,29.092164542124703,30.207674120879343
06037481203,0.0,0.0,22.074644540816372,26.47867454081629
06037189906,0.0,0.0,24.00935,26.645620000000005
06037189907,0.0,0.0,24.009349999999998,26.645620000000005
06037185101,0.0,0.0,23.51377000000002,27.461960000000047
06073018621,100.0,100.0,25.46670999999998,26.70515999999998
06073009108,22.105263157894736,26.31578947368421,27.36043000000001,28.948310000000053
06073017069,0.0,0.0,27.444704485981266,33.17779775700931
06077005141,0.0,0.0,20.58344184210528,21.279955328947313
06077005503,35.74380165289256,46.28099173553719,19.956150392561945,22.511711095041257
06077005219,0.0,0.0,20.62844000000005,23.621399999999998
06077005220,0.0,0.0,20.400993464566916,22.129821732283478
06037302102,0.0,0.0,25.319410000000033,31.185680000000026
06037190302,0.0,0.0,25.159940000000002,30.175590000000025
06037408900,0.0,0.0,23.71869374622362,25.334772719033232
06077005217,0.0,0.0,20.955058148148087,22.657884814814764
06077005214,57.74111675126904,64.08629441624365,22.5403671065989,23.029047208121902
06077005216,0.0,0.0,20.672226666666536,21.757965882352888
06077005215,0.0,0.0,20.688484062500123,23.356503883928582
06077005309,0.0,0.0,20.851979189189198,20.9949975
06077005211,0.0,0.0,20.4784451485149,21.5374542574257
06077005213,0.0,0.0,20.451394636871466,21.705532039106185
06077005224,0.0,0.0,20.664478495145666,21.177601699029097
06077005310,0.0,0.0,22.45058999999995,21.48561000000003
06077005212,0.0,0.0,20.274530970149225,21.173617164179028
06077004108,0.796812749003984,48.20717131474104,22.14208587649401,22.764666195219124
06077003504,2.127659574468085,26.443768996960486,21.722282462006202,21.08800550151983
06077000101,0.0,0.0,20.809063478260864,20.85244673913042
06077003806,0.0,100.0,20.83182321428569,21.60599714285717
06077003502,0.35211267605633806,65.49295774647888,22.191647869718253,21.29065786971837
06077005221,0.0,0.0,21.63747987577637,22.319309254658275
06077003501,1.782178217821782,72.27722772277228,21.742278534653458,21.82856310891106
06077980000,100.0,100.0,21.832191666666652,23.639523333333315
06077005225,59.756097560975604,60.801393728223,21.168583048780462,20.555409843205595
06077003218,2.142857142857143,2.142857142857143,22.969772428571453,23.42450714285718
06077004003,2.4096385542168677,34.53815261044177,22.57844999999998,23.237519999999936
06077003807,1.2345679012345678,97.53086419753086,21.057305185185175,21.741852716049397
06077005218,0.0,0.0,21.009656422764202,22.496821300812986
06077000803,90.77669902912622,100.0,21.007332427184426,21.106658932038847
06037310300,0.0,0.0,23.90531356643357,27.608957902097988
06081605200,0.7092198581560284,29.78723404255319,24.700808510638247,25.18654134751773
06095252610,0.7194244604316548,59.71223021582733,26.361955827338043,25.445863453237386
06095252908,1.3245033112582782,21.192052980132452,27.811548675496603,27.029007814569564
06037310400,0.6896551724137931,0.6896551724137931,23.713735448275827,27.46096434482765
06095252909,4.232804232804233,11.11111111111111,28.654564074074106,27.32338142857139
06095253000,0.0,4.794520547945205,28.33908000000008,28.14154999999993
06095252801,0.0,0.0,27.622437272727275,26.84657060606062
06053012601,0.0,0.0,23.86820278145702,26.305750927152413
06053011002,10.472541507024266,11.749680715197956,25.983609131545414,26.159630332056242
06053012504,1.1764705882352942,1.1764705882352942,23.47656823529414,25.651150588235325
06053014108,0.0,100.0,23.196021250000015,23.400200546875006
06053011305,2.717391304347826,30.434782608695656,24.404900543478224,24.022810760869536
06053011901,0.3826530612244898,0.3826530612244898,24.7613319260207,27.967167767857323
06053011606,5.506883604505632,7.88485607008761,25.792517158948655,26.623368811013822
06053011001,5.9447983014862,7.961783439490445,25.418996624204297,25.242070084926027
06053011902,0.0,0.0,24.92327840490783,28.070837730061474
06053000106,0.0,100.0,21.24222923076928,22.940641730769137
06053012503,0.0,0.0,24.180014174757286,26.826930291262173
06053011104,0.0,0.0,25.62627086419755,26.86740962962959
06053000105,0.0,100.0,21.20332000000004,22.892469999999935
06053011103,0.0,0.0,25.691528064516184,27.664145483870907
06053011105,0.0,0.0,25.667079336492844,27.289788388625528
06053011106,1.1494252873563218,1.1494252873563218,25.370708103448287,26.425514022988487
06053011605,16.47509578544061,19.157088122605366,24.45625942528727,26.850823773946374
06053011306,5.208333333333334,43.75,25.084699374999985,23.82337375000002
06029003209,0.0,0.0,23.471599999999945,27.50102000000001
06029003218,0.0,0.0,22.74147533742327,26.606364478527652
06029003220,0.0,0.0,21.95766900293257,26.7181235483871
06029003222,0.5625879043600562,0.5625879043600562,22.245367988748008,26.939730632911495
06029003210,0.0,0.0,23.512679999999886,28.62295999999988
06029006011,1.6098484848484849,1.6098484848484849,23.566910662878527,22.928711751894102
06029003307,5.194805194805195,5.194805194805195,26.62756789321794,28.58254450216444
06029006012,3.7785588752196833,4.130052724077329,25.764631142355114,25.368319463972085
06029002825,0.0,0.0,24.43733999999996,28.41746000000003
06029005206,4.397537379067722,4.573438874230431,21.863602603342223,24.928573298152916
06029004607,6.842105263157896,6.842105263157896,21.525733842105318,23.2932010526316
06029001001,0.0,9.979633401221996,21.3942078004072,23.90289641547855
06029002303,6.302521008403361,6.302521008403361,20.519824663865524,23.77889831932772
06029005207,13.700384122919335,21.51088348271447,23.03934578745208,22.762557503201013
06029002401,13.418530351437699,13.418530351437699,21.905618178913755,24.885130000000068
06029006010,3.0413625304136254,3.1630170316301705,21.85936059610719,23.288420212895705
06029005514,58.345221112696144,66.83309557774608,22.450903623395188,23.87716554208249
06029006009,1.1754068716094033,1.62748643761302,22.017843028933374,23.16417300180854
06029002202,0.0,0.0,23.575089999999978,26.839640000000024
06029002001,0.0,0.0,23.24663999999997,28.21522999999992
06029002002,0.0,0.0,23.24663999999995,28.2152299999999
06029006600,0.4098360655737705,0.4098360655737705,22.93217446721315,25.143467079917908
06029002403,13.106796116504855,13.106796116504855,21.975689053398,25.708158349514544
06029002402,0.0,0.0,21.177429119999974,24.143284079999958
06099002200,1.5444015444015444,21.235521235521233,20.87031135135124,21.00089741312743
06089010300,0.0,0.0,23.183401293375457,24.161505835962092
06089010400,6.387225548902195,53.49301397205589,24.165467225548813,24.363623752495023
06089010900,3.519061583577713,24.04692082111437,23.6622809090908,24.231267272727173
06089011100,31.604938271604937,65.67901234567901,22.137800765431948,22.972555432098755
06037900704,0.0,0.0,26.551385000000007,27.880121250000023
06073003800,1.5544041450777202,1.5544041450777202,22.63234569948192,29.184259326424872
06073003901,12.048192771084338,19.27710843373494,22.32491662650599,28.058977951807204
06073003902,17.92452830188679,18.867924528301888,22.31741594339619,27.85999415094337
06073004000,15.178571428571427,18.75,22.31845142857139,27.887464285714252
06073008800,0.0,0.0,25.75251813559314,29.167867457627075
06073008901,0.0,0.7194244604316548,26.408913453237357,29.46493553956829
06083001911,11.54446177847114,13.884555382215288,25.215796739469752,28.793046864274643
06083000202,2.1052631578947367,2.1052631578947367,31.200241578947374,30.473415894736824
06083002015,0.0,0.0,22.247111486988704,26.612291040892202
06083001909,2.8649386084583903,4.502046384720328,28.391887939972722,30.437746166439673
06083001907,6.2857142857142865,6.2857142857142865,29.513512285714285,32.78461268571426
06083001908,4.492753623188406,5.507246376811594,31.36346863768056,33.68297147101426
06083980200,1.550387596899225,1.550387596899225,26.105982493540157,31.07292321705431
06083002504,1.06951871657754,1.06951871657754,30.300911176470674,32.08846010695191
06083001912,6.534090909090909,12.784090909090908,26.616381818181654,29.66600920454525
06083980500,0.0,0.0,23.873456666666666,30.260396666666665
06083980400,0.0,0.0,25.781474864864855,30.500361351351366
06083002408,0.0,3.125,25.96157999999998,28.736969999999978
06083002709,0.0,100.0,27.93872813186817,28.879919230769218
06037910815,5.747738158594997,6.1734965407131455,26.792849749866917,26.192096253326188
06037480602,0.0,0.0,21.72792918918915,25.217043621621634
06037404805,0.0,0.0,21.198523448275854,24.002511724137918
06037401802,0.0,0.0,20.96551,24.144409999999933
06037464102,0.0,0.0,21.693689467312193,25.624574455205977
06037464101,0.0,0.0,21.740366366559577,26.880833890675454
06037401705,0.0,0.0,21.06252181818181,24.224187727272678
06037480601,0.0,0.0,21.535660000000004,24.495049999999996
06037431701,0.0,0.0,22.49705666666667,26.55764513513504
06037404203,0.0,0.0,23.670328666666688,26.079754000000023
06037211123,0.0,0.0,22.423337142857147,27.447424285714288
06037265521,0.0,0.0,24.857779999999995,25.11167
06037199001,0.0,0.0,21.112640000000006,24.312075714285704
06037432501,0.0,0.0,22.336022397260336,24.90068369863006
06037185102,0.0,0.0,23.61875593749998,27.679451406249953
06037190102,0.0,0.0,24.956894705882355,29.55265411764708
06037401801,0.0,0.0,20.37544390946502,22.21625827160496
06037300503,0.0,0.0,26.567210000000056,31.26222000000003
06037300601,0.0,0.0,26.50713500000003,30.936078333333374
06037113426,0.0,0.0,23.73448000000003,24.061009999999953
06037113425,0.0,0.0,23.734479999999998,24.061010000000007
06037460601,0.0,0.0,26.65831063694258,30.404447770700877
06037603901,0.0,0.0,22.97624999999999,27.799240000000037
06037554106,0.0,0.0,23.247350000000043,23.839289999999945
06037553202,1.680672268907563,1.680672268907563,22.822397226890807,24.417239747899107
06037553201,0.0,0.0,22.932901600000022,24.51308695999998
06037602512,0.0,0.0,21.907299999999992,28.01963
06037551802,0.0,0.0,22.31088,25.112920000000024
06037503705,0.0,0.0,23.25532999999997,25.656759999999963
06037602601,0.0,0.0,21.992471666666628,27.998191666666578
06073018201,1.8691588785046727,1.8691588785046727,25.087123738317736,28.298524953271002
06073018101,12.804878048780488,15.24390243902439,25.871740609756028,29.635420304878014
06073017202,9.743589743589745,12.82051282051282,29.321832666666648,33.3706130256411
06073018302,4.545454545454546,4.545454545454546,23.678275909090896,27.00597772727273
06073017068,2.0,2.666666666666667,26.629012666666632,28.13658186666668
06073013325,0.8547008547008548,0.8547008547008548,24.277244017093956,26.694983760683762
06073013318,1.7341040462427744,1.7341040462427744,23.9427503468207,26.67359664739886
06073013317,0.0,0.3676470588235294,25.355355772058697,27.164346948529502
06073015407,0.0,0.0,22.31768073394495,27.090997431192683
06073008367,0.0,0.0,29.38255761061949,32.04093929203535
06073010017,0.0,0.0,25.84697113207544,26.575453207547163
06073007304,2.941176470588235,2.941176470588235,25.839957058823536,28.679370294117653
06073005602,0.0,0.0,23.490435853658518,27.60105243902441
06073001301,0.0,0.0,24.901196818181816,29.055025
06073021306,1.0638297872340425,1.0638297872340425,21.669097629179493,26.737835319148722
06073013319,0.6060606060606061,0.6060606060606061,23.008884484848448,26.378341818181777
06073013324,0.0,0.0,22.411489999999983,25.972960000000032
06073009000,0.0,0.0,26.278229999999983,29.40579148148145
06073009101,0.0,0.0,26.66406000000005,26.825920000000156
06081605300,11.464968152866243,92.99363057324841,23.787049999999937,24.80767999999992
06081605400,1.4492753623188406,94.68599033816425,23.845138550724577,24.41416159420277
06081605800,0.0,0.0,23.802032102272655,24.538378011363555
06095253101,2.528089887640449,24.15730337078652,29.50818370786517,27.804964213483125
06095253105,25.120772946859905,31.40096618357488,28.4054595652174,27.206782753623116
06095253106,57.04697986577181,59.73154362416108,27.961102953020074,27.231029395973177
06095253107,8.30188679245283,51.320754716981135,28.396459132075403,27.957021547169887
06095253201,4.381443298969072,41.23711340206185,30.27452912371155,28.285670128866013
06071980200,0.0,0.0,22.94775965909095,26.132182272727274
06071009300,23.56902356902357,42.08754208754209,17.042401885521954,21.799951616161668
06037553902,0.0,0.0,23.856818203125044,24.29264804687501
06037570304,0.0,0.0,26.163448333333314,26.279848333333312
06037620303,0.0,0.0,25.471640000000093,26.682389999999966
06099000910,0.0,0.0,18.4422999137931,20.62361327586209
06099001001,2.108433734939759,3.313253012048193,18.710348614457864,20.57589810240968
06099000911,0.0,0.0,18.356119999999947,20.428620000000034
06037403801,0.0,0.0,24.253326036035986,25.39804585585581
06037408134,0.0,0.0,21.15644999999996,25.968420000000027
06037980034,0.0,0.0,23.258816470588233,24.50300000000001
06037602510,0.0,0.0,22.092970624999992,27.898373958333337
06037604200,0.0,0.0,21.907299999999957,28.019629999999882
06037555300,0.0,0.0,21.15781999999995,20.52332999999999
06037980012,0.0,0.0,21.46616636363636,24.635268181818176
06037602201,0.0,0.0,23.226629718309784,26.79641436619724
06037550301,1.5873015873015872,1.5873015873015872,22.31088,25.112920000000024
06037602513,0.0,0.0,21.93623568181817,28.00073295454546
06037550101,0.0,0.0,21.157819999999955,20.52332999999999
06037240901,0.0,0.0,25.087269999999993,27.619069999999983
06089011300,5.13595166163142,6.646525679758309,22.921632175226684,23.91483903323256
06089012000,2.0930232558139537,7.906976744186046,22.336545348837205,22.79656732558139
06065043248,0.0,0.0,26.53735466666669,28.36579972549021
06065043256,4.40251572327044,7.547169811320755,25.53322377358484,27.83240735849064
06065043264,0.0,4.034582132564841,24.455246801152878,27.72993057636886
06065030101,0.0,0.0,21.343523999999974,23.855548727272748
06065030103,0.0,0.0,21.237139999999968,23.751700000000014
06093000100,8.627450980392156,8.627450980392156,23.659897960784278,26.231079019607833
06093000600,13.376623376623375,14.805194805194805,22.23049998701297,23.91389166233768
06037408212,0.0,0.0,21.848484827586237,25.558127298850575
06037108204,0.0,0.0,25.13881828571428,26.66001028571426
06037603706,0.0,0.0,22.465199999999992,26.81741999999998
06037243002,0.0,0.0,22.882739999999988,25.902683
06037240902,7.462686567164178,7.462686567164178,24.909855074626858,27.874755074626844
06037500203,0.0,0.0,22.915430229007534,24.884551832061085
06037920047,5.263157894736842,5.263157894736842,26.063180000000028,26.629730000000034
06037920046,22.22222222222222,22.22222222222222,26.063179999999992,26.62973
06037920049,11.754684838160136,12.947189097103918,25.070715672913117,29.90190875638843
06037920343,4.444444444444445,10.0,25.95111155555554,29.034602555555523
06037920342,24.637681159420293,31.88405797101449,26.52486086956521,30.284662173913055
06037920341,9.090909090909092,69.0909090909091,28.421580545454546,30.477236727272754
06037920048,8.290155440414509,19.170984455958546,27.112350000000045,31.056950000000082
06037920340,30.337078651685395,49.43820224719101,28.88319000000001,30.38346000000001
06037115203,0.0,0.0,24.728887894736822,25.199090526315786
06065051100,3.061224489795918,3.061224489795918,24.433599999999984,26.976620000000036
06065980004,0.0,0.0,19.376164999999997,21.210505
06065043276,0.0,0.0,23.827292953846225,23.507455846153984
06065043512,0.0,0.0,26.533381818181752,22.119751090909233
06065043810,4.3478260869565215,4.3478260869565215,25.40334063938611,25.81931999999999
06085503111,0.0,0.0,19.94295320000006,25.82176984000005
06085503112,9.722222222222223,9.722222222222223,19.004402222222236,24.637825555555512
06085506302,0.36231884057971014,0.36231884057971014,22.237004673913155,23.086044347826096
06085511200,64.80836236933798,100.0,22.05232871080151,23.954009094076785
06071002021,3.3783783783783785,8.333333333333332,27.192786846847028,28.8836096846847
06071002804,22.22222222222222,22.22222222222222,24.195325555555556,28.63856074074077
06071000825,0.0,0.0,22.718890952380974,21.938995714285678
06071002706,14.630467571644044,27.149321266968325,23.987967526395025,26.904781975867426
06071002105,6.730769230769231,20.192307692307693,25.28522288461535,24.914750288461523
06071001503,0.0,75.34246575342466,25.099830000000047,23.63166999999999
06071002037,1.6891891891891893,86.48648648648648,22.88836067567566,27.265884459459386
06089012301,3.1315240083507305,8.350730688935283,21.521719227557632,22.610096910229668
06045010801,2.9696132596685083,3.867403314917127,21.820752575966846,20.932952424033335
06045010802,12.449799196787147,12.851405622489958,22.609032911646526,21.50207696787144
06079012602,0.0,1.6867469879518073,31.418443999999912,31.064672891566268
06079011903,0.0,0.0,25.76133333333335,29.343409999999967
06037603703,0.0,0.0,22.501274117647096,26.886724941176485
06045011600,7.357859531772576,14.046822742474916,24.43389672240792,20.530045083612002
06045010500,2.3529411764705883,2.3529411764705883,24.594404117647027,26.364286470588404
06045010900,6.042296072507553,9.214501510574017,23.317575241691905,21.725282990936424
06045010200,4.54096742349457,5.133267522211254,25.324111026653522,25.591113346495504
06045011800,15.75,18.0,27.591191300000034,25.708220974999954
06085509801,7.112970711297072,100.0,23.53542020920513,25.74288426778248
06085512401,12.208892025405788,12.42060691601976,26.23389218772081,29.659415384615176
06085511911,18.39799749687109,18.64831038798498,25.917711301626888,26.738309136420597
06085506801,0.5780346820809248,56.64739884393064,24.987412601155874,27.964110173410432
06085507600,3.0706243602865912,93.24462640736951,26.20927107471879,27.65621368474906
06085505202,4.142011834319527,100.0,22.05210982248526,24.678210236686443
06085512035,0.0,0.0,23.688865989583352,25.896020260416744
06085511913,0.0,0.0,25.01101999999993,27.146310000000067
06085502500,19.879518072289155,19.879518072289155,21.09780957831334,23.721405361445644
06085506502,3.867403314917127,3.867403314917127,22.754379060773452,23.855332375690523
06085507206,0.45045045045045046,3.153153153153153,25.809249864864725,29.08763171171158
06085504308,3.2188841201716736,3.2188841201716736,20.77622459227477,25.320119914163076
06085504202,0.42796005706134094,0.42796005706134094,20.540515278174176,24.986756319543534
06085504201,0.0,0.0,20.27133418994423,25.45647418994423
06037460800,0.0,1.5009380863039399,24.796824333958597,29.25651622889285
06045010700,7.946026986506746,10.494752623688155,25.095005967016498,23.457422713643513
06045011700,9.045848822800496,10.161090458488228,24.458605687732312,21.297198773234324
06045011200,7.992895204262878,8.348134991119005,24.240252628774428,23.263071243339233
06045010400,0.7444168734491315,0.7444168734491315,23.89955017369714,25.738431464020003
06045010300,0.9219858156028369,0.9219858156028369,24.679656773049857,25.889331758865232
06045011300,8.838821490467938,10.398613518197573,24.618329237435123,21.73200389947998
06085503113,41.05263157894737,41.05263157894737,19.899154526315826,23.728764736842052
06111004304,0.0,100.0,28.813110000000048,31.617299999999908
06111980000,,,,
06111004710,0.0,13.821138211382115,28.588178943089392,30.901523333333277
06111004505,0.0,94.54545454545455,27.86951218181819,31.090478363636393
06039000510,57.27699530516433,57.27699530516433,22.990108169014185,23.482329906103278
06039000301,0.0,0.0,22.818345296610282,22.12203631355943
06039000302,2.8368794326241136,2.8368794326241136,22.538482446808644,21.974030886524943
06039001100,41.55681104833647,43.69114877589454,21.79181682988076,21.655130163213965
06039000203,52.41779497098646,55.12572533849129,23.343793984526,22.372203172147
06039000204,4.227212681638045,4.491413474240423,22.598413579920724,22.313268480845426
06039000111,2.666666666666667,2.666666666666667,24.456041538461623,23.998851179487133
06039000514,2.478698683191325,2.478698683191325,22.0250850038731,25.284931471727894
06085510500,0.8595988538681949,100.0,23.067839656160636,25.71835891117486
06035040304,13.793103448275861,17.93103448275862,26.02065172413796,28.46533579310351
06035040305,5.215419501133787,5.895691609977324,25.69736487528345,27.851905510203974
06039000513,46.69051878354204,46.69051878354204,20.78839259391764,21.757694543828233
06039000702,0.0,0.0,21.471543214285774,23.902437040816263
06039000701,4.838709677419355,4.838709677419355,21.77419258064525,24.16125199999987
06039000512,0.5524861878453038,0.5524861878453038,20.74448704419894,23.457949917127227
06039000518,21.95945945945946,44.932432432432435,22.341919459459533,24.570034324324443
06039000902,10.32258064516129,96.7741935483871,22.731690000000047,24.258920000000092
06073008368,0.6369426751592357,0.6369426751592357,29.225689140127415,32.14201936305727
06073017057,0.9375,0.9375,27.614620000000013,32.007922750000034
06073021502,3.1578947368421053,5.684210526315789,29.53548349473695,32.30292042105259
06073008371,0.0,0.0,27.32258858267717,30.52615023622039
06073007911,0.0,0.0,28.439510000000002,29.554039999999993
06085512031,0.0,0.0,24.11187668508285,25.51802541436457
06085502902,0.0,0.0,22.678064971428455,24.347906400000017
06085502601,0.0,0.0,22.193705294117592,23.64617235294116
06073008373,0.0,0.0,27.287099999999953,30.42943999999991
06073017201,13.815789473684212,20.394736842105264,29.332365263157893,33.365295263157954
06073007601,23.32155477031802,31.802120141342755,27.365459434629,28.816225265017618
06073008201,0.0,0.0,26.324200000000015,30.101900000000068
06073020035,0.9638554216867471,0.9638554216867471,28.356090722891743,31.163357421686534
06073020032,2.564102564102564,2.564102564102564,27.09435054487174,29.622709198717896
06073020033,0.0,0.0,26.706750772946773,29.062467101449233
06073020030,0.22471910112359553,0.44943820224719105,26.30243930337087,28.00746483146085
06073008377,0.0,0.0,27.389580000000016,30.75805000000002
06073008379,0.0,0.0,26.638034999999995,29.56987642857145
06073018202,0.0,0.0,23.926471097560977,26.737070975609768
06073018616,7.6923076923076925,8.791208791208792,24.32008450549451,27.04515175824179
06073018102,12.5,12.5,25.95845999999993,29.783179999999952
06053014104,0.5494505494505495,2.7472527472527473,22.094676153846073,20.98101615384611
06053011801,0.0,0.0,23.61605028776971,25.77705690647487
06053011203,0.0,0.0,25.31996818627449,24.441690980392163
06053014500,0.91324200913242,100.0,21.66645232876705,22.254745068493094
06037106112,0.9803921568627451,0.9803921568627451,27.765797450980298,26.469214607843174
06037106113,1.6853932584269662,1.6853932584269662,26.984540449438207,24.4217319101123
06037106114,0.0,0.0,26.71610000000006,23.919739999999976
06037106403,0.0,0.0,28.12458203007517,26.471931353383486
06065030104,2.4464831804281344,2.4464831804281344,21.87723015290529,24.44487657492343
06065031601,0.0,5.1020408163265305,25.18483994897959,30.157637397959075
06065040102,4.664723032069971,4.664723032069971,23.65710253644309,28.869847172011784
06037101300,0.8,0.8,28.552820040000114,31.129131400000112
06037103101,0.0,0.0,24.943445000000043,28.17966249999999
06037103102,1.3071895424836601,1.3071895424836601,25.078765098039256,28.30301823529413
06037104103,0.0,0.0,23.48565536,24.929621120000057
06037104105,0.0,0.0,23.025619350649368,25.326899610389564
06065041101,0.0,0.0,25.593523023255838,30.57503728682174
06065041102,0.0,0.0,24.40792494880531,29.52570556314005
06065043818,2.604166666666667,2.604166666666667,24.003812604166658,25.906433124999992
06065043820,2.3972602739726026,2.3972602739726026,23.79492287671228,25.785494623287555
06065043821,0.0,4.878048780487805,23.956188926829242,25.87611556097556
06065044405,2.3014959723820483,2.3014959723820483,22.78936556962007,26.80553599539692
06065044518,3.125,40.625,22.795576770833286,26.319629253472186
06065044521,8.791208791208792,8.791208791208792,22.769924120879157,23.246908763736315
06065044919,0.0,0.0,17.04125571929821,22.255610000000207
06037106510,0.0,0.0,29.16093661290318,29.87009474193554
06037106520,0.0,0.0,28.525135109170378,27.360314192139793
06037106604,0.0,0.0,28.866345837837837,26.768719135135143
06037106641,0.0,0.0,27.33208000000005,26.68724999999996
06037910605,0.0,98.74213836477988,27.531941509433924,27.57437723270438
06037910714,0.0,15.573770491803279,27.96138032786884,27.025328852458987
06045011400,4.724409448818897,6.561679790026247,24.159372782152207,20.462220971128517
06065044921,0.0,0.0,20.45657463611864,26.17928935309975
06065044922,0.0,0.0,14.894390249554508,19.724680534759425
06037911001,3.2806804374240586,7.047387606318348,27.267911263669532,25.15365298906449
06037570403,0.0,0.0,23.970561025641043,25.06876705128202
06037920114,1.910828025477707,1.910828025477707,26.219309363057334,30.64419070063697
06037402801,0.0,0.0,21.481769999999994,23.612200000000026
06037403901,0.0,0.0,23.894264246575315,25.362131917808153
06037403902,0.0,0.0,24.059007053140093,25.378609758454072
06037404000,0.0,0.0,23.177299999999942,25.29041999999993
06037404100,0.0,0.0,23.177299999999928,25.290419999999934
06037404301,0.0,0.0,24.30774281045752,26.913634967320213
06037404302,0.0,0.0,23.230630270270286,25.382198918918938
06037404401,0.0,0.0,25.232127500000047,27.958018499999977
06037431600,0.0,0.0,22.101190000000077,26.096510000000105
06085503803,8.461538461538462,16.153846153846153,20.593301384615415,24.79086753846159
06111007612,15.060240963855422,100.0,24.191100722891587,29.796510120481866
06111000702,0.9523809523809524,11.428571428571429,29.22980457142864,30.24482028571433
06037113232,0.0,0.0,25.09084999999985,24.979870000000066
06037113234,0.7936507936507936,0.7936507936507936,24.61719698412703,24.65899825396822
06085512052,2.717391304347826,2.717391304347826,23.88264358695657,24.62879016304338
06057000900,2.759009009009009,2.759009009009009,22.765032398648888,22.42400097972963
06057000401,3.3942558746736298,3.3942558746736298,22.755153167971695,22.905652993907456
06057000701,1.023890784982935,1.023890784982935,24.15371288054571,23.34121129351488
06097153602,0.08038585209003216,0.08038585209003216,25.333403384244516,26.530792829582015
06097151701,0.0,15.151515151515152,25.21201000000008,24.314620000000073
06097153707,35.21739130434783,38.26086956521739,26.37743908695651,28.013197826086923
06097153201,1.5544041450777202,17.098445595854923,24.63097746113986,24.07721715025909
06065041301,0.0,0.0,25.554949999999945,28.801040000000093
06065041302,0.0,0.0,25.539634607329866,28.900555183246055
06065043266,0.0,0.0,24.638363684210578,27.32590315789476
06065044928,0.0,0.0,16.23727831521729,21.957663514492683
06065044929,1.5544041450777202,1.5544041450777202,17.272962823834078,21.810317383419573
06065044931,0.0,0.0,21.666060000000012,25.270629999999986
06065044932,0.0,0.0,21.666060000000012,25.27062999999999
06065045114,0.0,0.0,14.443296731843523,21.371335307262754
06065045116,2.8368794326241136,2.8368794326241136,14.497695744680883,21.041653404255314
06037402902,0.0,0.0,21.42155048780486,24.50839969512204
06085506802,0.0,14.963503649635038,24.902687810218946,27.947627810219085
06085500800,1.1904761904761905,17.857142857142858,19.830760000000037,23.71590999999995
06085502302,5.434782608695652,5.434782608695652,21.931453695652145,23.664175869565256
06085501102,1.9736842105263157,3.289473684210526,19.03800881578951,23.635448815789395
06085502703,0.0,0.0,24.118663409090935,25.865466534090856
06085511917,3.571428571428571,3.571428571428571,27.41975346153849,28.517043846153808
06085511918,1.929260450160772,2.2508038585209005,27.09107160771695,28.477014855305413
06085509110,0.0,100.0,23.49131309859155,25.82227267605631
06085505011,7.751937984496124,100.0,22.581338449612392,25.703157984496134
06085508705,37.77777777777778,100.0,22.201250000000027,26.529870000000003
06085512515,0.6493506493506493,60.60606060606061,25.90216443722937,28.889795887446162
06085508509,3.508771929824561,100.0,22.20125,26.529870000000013
06085508005,1.7241379310344827,99.13793103448276,22.678366379310365,24.58995275862064
06085504508,61.40350877192983,100.0,22.432710000000032,26.985349999999958
06085512054,0.0,0.0,22.871990000000007,25.17798999999999
06085505013,19.642857142857142,100.0,22.27810125000002,26.117628392857153
06085504902,0.0,100.0,22.600650000000012,25.63985000000002
06085508707,0.0,0.0,22.60682000000001,25.851717047619022
06085508706,16.666666666666664,100.0,22.156542105263178,26.309425263157884
06085505901,0.0,62.251655629139066,21.621180000000063,22.16829000000004
06085503221,0.0,0.0,21.928278421052635,25.570806315789465
06085503220,0.0,0.0,22.151499606299232,24.858380866141687
06037404702,0.0,0.0,21.19558000000003,24.042159999999974
06037404703,0.0,0.0,21.27840133333334,24.08485919999998
06037900807,0.0,28.749999999999996,24.786579999999965,26.896879999999914
06037910211,2.941176470588235,9.558823529411764,25.834280257352845,25.311954007352885
06037900301,0.0,100.0,22.88313966101708,23.013216101695015
06037900610,0.0,100.0,23.079446388888865,23.371893611111084
06037901215,0.0,25.43103448275862,26.2408774137932,28.302136551724058
06037910720,0.0,68.13725490196079,27.898994117647018,26.68996470588247
06037261103,0.0,4.273504273504273,25.78563645299139,27.775578418803434
06037400208,0.0,0.0,24.151863823529382,26.692381176470544
06037104824,0.0,0.0,23.85123000000001,24.24193777777777
06037910814,4.024767801857585,4.024767801857585,25.05201196284828,30.793006291021484
06037920050,24.709302325581394,44.18604651162791,27.31571549418618,31.095736220930263
06037910721,0.0,100.0,27.80537183673475,26.471993469387815
06037910719,0.0,0.0,27.560030000000012,26.216600000000053
06037901217,2.631578947368421,3.070175438596491,25.37831530701762,29.38501675438584
06037910217,3.6630036630036633,3.6630036630036633,25.03373000000011,26.933828131868193
06037901013,0.0,100.0,27.395232857142705,24.996810408163345
06037901218,0.0,0.0,26.12732773584916,28.556082792452763
06037900808,0.0,100.0,24.65827109826584,26.164759190751468
06037920120,0.0,0.9389671361502347,27.866498309859097,32.404674694835705
06037800335,5.64516129032258,6.612903225806452,26.386993258064606,27.7281618548387
06037139704,0.0,0.0,25.878227573770463,27.24195327868858
06037430004,0.0,0.0,25.934569999999937,28.61873000000003
06037800337,3.669724770642202,3.669724770642202,27.143914678899108,30.570819541284457
06037404903,0.0,0.0,21.19558000000001,24.042159999999978
06037143606,0.0,0.0,26.52337,31.45046000000001
06037400605,0.0,1.7006802721088436,24.42950557823146,27.1937407142858
06037189703,0.0,0.819672131147541,25.278257950819658,30.248054180327802
06037463103,0.0,0.0,23.459396099773226,28.35135424036292
06037143801,0.0,0.0,24.62329596685082,24.942584861878455
06037189704,0.0,0.0,25.884329230769204,30.819043846153853
06037430005,0.0,0.0,25.93456999999994,28.618730000000017
06037800336,4.05727923627685,4.295942720763723,28.52690420047746,28.50934071599045
06037143802,0.0,0.0,25.613337610062864,28.317738805031453
06037400801,0.0,1.1299435028248588,24.4482946045199,26.973837288135645
06037139705,0.0,0.0,25.040123542713626,24.662513316583052
06037143605,0.0,0.0,26.52337,31.45046000000001
06037189501,0.0,0.0,25.159940000000002,30.17559000000004
06037189502,0.0,0.0,25.159940000000002,30.175590000000028
06037190303,0.0,0.0,24.657315999999994,29.612326000000003
06037800324,0.0,0.0,28.04993960784319,28.762407450980422
06037431004,0.0,0.0,24.82717969696969,27.656322727272695
06037143302,0.0,0.0,24.612740000000024,24.90643
06037143101,0.0,0.0,26.523369999999925,31.450460000000017
06037311601,0.0,0.0,25.268658202247167,30.069338089887644
06037800334,2.997275204359673,3.5422343324250685,27.585748882833673,28.16369950953676
06037431003,0.0,0.0,23.764460000000017,27.87879999999997
06037800333,1.0752688172043012,4.301075268817205,28.871478709677454,28.753657419354816
06037143401,0.0,0.0,25.80064277777788,26.545411481481544
06037311602,0.0,0.0,26.090082203389787,30.887950084745775
06037143102,0.0,0.0,26.52336999999998,31.450460000000017
06037301902,0.0,0.0,25.262064545454564,31.226574415584444
06037800206,0.1773049645390071,54.78723404255319,26.730510691489386,28.555437641843962
06037143301,0.0,0.0,25.16709466666669,25.468467333333333
06045011001,1.1235955056179776,1.1235955056179776,26.39699085072233,28.11950632423755
06089011502,8.188976377952756,17.480314960629922,21.83475111811012,21.899257716535526
06089012606,2.178649237472767,2.178649237472767,24.659760835148894,23.418315533769153
06089011501,29.177377892030847,70.95115681233933,22.286373753213336,22.500881670951106
06089012605,12.273641851106639,15.593561368209254,24.762948752514973,24.44568466800803
06065043602,0.0,0.0,27.23386176165795,24.621675284974177
06037462600,0.0,0.0,25.469169999999952,30.59205000000009
06037117405,0.0,0.0,23.60031,26.713499999999996
06037117301,0.0,0.0,23.60030999999992,26.71349999999992
06037103300,0.15873015873015872,3.492063492063492,22.326647698412618,25.383926682539972
06037910807,0.0,0.0,26.14165364516124,29.209271354838663
06037920331,1.5384615384615385,1.5384615384615385,28.88319000000001,30.38346000000001
06037920332,31.363636363636367,38.18181818181819,26.76748000000012,30.813269999999903
06065044917,0.24330900243309003,2.798053527980535,19.947861313868355,26.300356313868715
06065044918,0.8051529790660225,2.576489533011272,18.931838148148177,23.810084219001837
06065044923,7.82122905027933,7.82122905027933,21.8808015083799,26.935260614525166
06065044924,0.0,0.0,22.244018571428587,27.32141714285716
06065044925,0.0,0.0,22.394287799999987,27.85462180000003
06065045118,0.0,0.0,14.775047090909041,19.719951636363728
06065045122,1.8450184501845017,1.8450184501845017,15.075910553505617,20.848550885608905
06065045123,0.2590673575129534,0.2590673575129534,15.287749663212555,21.641992124352303
06073005102,0.0,8.0,22.478545599999997,27.43204800000001
06073005101,0.0,38.095238095238095,22.29406,27.240389999999998
06073017901,2.7586206896551726,2.7586206896551726,25.87001696551717,29.6517544827586
06073022102,0.0,0.0,26.949273413173593,27.831550419161786
06073017070,0.0,0.0,28.54985954166666,32.139809749999905
06073008380,0.0,0.0,28.413546227544902,29.027409101796437
06073018301,35.0,45.0,23.896160166666682,27.27135483333332
06073017902,0.0,0.0,26.711106170212766,26.689135106382956
06073007912,0.0,0.0,28.439509999999995,29.55403999999999
06073007602,18.51851851851852,18.51851851851852,28.0716588888889,28.588587407407417
06073013327,0.0,0.0,24.998419999999925,26.456419999999998
06073017606,0.0,0.0,28.552492651933612,29.880589889502684
06073017605,0.0,0.0,28.332918899082486,30.16732894495404
06073010018,0.0,0.0,25.423847065868188,24.947615449101708
06073013321,0.0,0.0,22.744009824561413,25.8403221052631
06073020038,0.0,0.22624434389140274,22.671265610859802,24.400728303167572
06073005103,0.0,8.695652173913043,22.294060000000005,27.24039
06073020712,0.4166666666666667,2.5,23.894589416666854,27.599744645833376
06073005401,0.0,0.0,23.831439999999997,28.837539999999994
06073000301,0.0,0.0,23.977720000000005,28.90616
06073000302,0.0,0.0,23.97772,28.90616
06073001801,0.0,0.0,23.57974000000001,27.29264
06085501101,1.0638297872340425,1.0638297872340425,19.099978510638294,23.62614265957441
06085503122,5.555555555555555,5.555555555555555,20.297668111111104,25.310085888888867
06085503121,21.49532710280374,21.49532710280374,20.99090878504674,24.57701280373831
06085502301,0.0,0.0,21.851083392857095,23.66969327380948
06085503118,0.0,0.0,19.52735909090912,25.49608142857141
06067005004,0.0,100.0,21.701749999999986,22.983639999999962
06067006705,0.9174311926605505,98.1651376146789,21.872006559633114,24.27609399082571
06067009335,0.0,48.167539267015705,20.919240680628313,23.15959015706797
06067007434,0.0,0.0,21.298504166666692,23.58264875000001
06067006703,0.0,100.0,21.882240000000092,24.373994331550794
06067006801,0.0,100.0,21.816209999999973,23.69922999999996
06073015002,0.0,0.0,23.667454918032778,28.328420983606538
06073015001,0.0,0.0,24.309223367346906,28.228218061224474
06073014701,0.0,0.0,23.17641675496684,27.967373377483437
06073010201,10.526315789473683,10.526315789473683,24.74284149122813,27.80953517543858
06073020711,0.4716981132075472,0.4716981132075472,24.18221221698103,27.93602066037736
06073010202,0.0,0.0,24.66923201754392,27.730784649122793
06073009307,20.481927710843372,48.19277108433735,25.590303855421666,29.52761397590363
06073021002,87.82849239280775,96.12724757952974,15.99668513139711,20.002098990318018
06073009203,0.0,0.9900990099009901,25.341033663366325,28.23727148514855
06073009204,0.0,0.0,25.283287103448345,26.54901075862061
06073009308,14.545454545454545,41.81818181818181,25.578583636363643,29.643630909090934
06073007401,0.0,0.0,24.976736461538454,28.34475476923076
06073007303,5.88235294117647,5.88235294117647,26.82283392156864,28.888679607843148
06073021401,0.0,0.0,24.19864777777778,28.410517777777823
06073021501,0.0,0.0,29.56343000000009,32.107790000000016
06073005601,0.0,0.0,23.97771999999999,28.90616
06073005802,0.0,0.0,23.977719999999994,28.90616
06073005801,0.0,0.0,23.97771999999999,28.90616
06073005201,0.0,17.24137931034483,22.29405999999999,27.240390000000012
06073004102,0.0,0.0,22.294059999999973,27.240389999999998
06065044926,1.6483516483516485,1.6483516483516485,22.41444225274728,27.926136428571457
06065044930,1.520912547528517,1.9011406844106464,15.806839581749118,21.690281406844193
06065045117,0.0,0.0,13.938445235602053,21.2187567539268
06065045119,1.675977653631285,1.675977653631285,16.02458659217879,21.508588435754174
06065045707,0.0,0.0,16.24239018433183,23.5985099539171
06037405001,0.0,0.0,22.94250722543358,26.751631213872855
06037405002,0.0,0.0,23.116770000000034,27.01744000000004
06037405102,0.0,0.0,21.26987481481486,23.041408148148143
06037405201,0.0,0.0,21.28094000000006,22.892359999999957
06037405202,0.0,0.0,21.278891360000056,22.919955199999976
06037405203,0.0,0.0,21.28094000000004,22.892360000000032
06085502604,0.0,0.0,22.66120905660376,24.111175094339636
06037408401,0.0,0.0,21.19583000000008,24.020649999999957
06037431900,0.0,0.0,22.22462333333334,26.330381666666668
06037432101,0.0,0.0,22.205872345679065,25.708008580246876
06037432102,0.0,0.0,21.87195286290332,25.3174633870967
06067004014,0.0,100.0,23.11691999999997,22.78771000000003
06067003002,0.0,88.38383838383838,22.23459707070717,22.980179797979837
06067006501,0.0,65.93406593406593,22.081328571428653,24.307510549450544
06067004013,0.0,100.0,23.033454279999955,22.59258260000007
06067006203,0.0,0.0,22.496171028037402,23.53537046728973
06067001601,0.0,93.47826086956522,22.05874391304357,22.867794021739197
06067003001,0.0,100.0,21.857890000000083,22.867200000000036
06067007437,0.0,0.0,21.77619397553514,22.880274740061076
06067004603,0.0,98.9010989010989,22.41051999999996,22.359069999999978
06067006803,3.937007874015748,98.4251968503937,21.816209999999966,23.69923000000003
06067006901,0.0,100.0,21.816209999999966,23.69923000000001
06067007109,100.0,100.0,22.940532780269045,23.612517892376545
06067009653,44.161358811040344,54.35244161358811,22.037513736730453,22.837303121019215
06067004016,3.0864197530864197,88.88888888888889,23.459504074074104,24.699803580246932
06067007021,100.0,100.0,21.90819000000007,23.911520000000078
06085512047,2.272727272727273,2.272727272727273,23.779123909090945,24.625158272727177
06085503117,0.0,0.0,18.768299999999982,24.901230000000005
06097153202,3.7606837606837606,16.75213675213675,24.478534564102592,23.4651327179488
06097151406,2.127659574468085,7.801418439716312,24.80837000000007,24.431739999999994
06031001703,7.079646017699115,58.4070796460177,27.360918761061964,29.125149336283144
06031001702,0.47393364928909953,80.56872037914692,28.483710000000123,29.40930000000003
06031980000,0.0,0.0,22.50660623214292,25.75732703571411
06031000406,0.0,41.78082191780822,24.249785753424632,27.331933287671323
06031000902,0.0,0.0,22.27631999999995,22.35752000000002
06031000603,0.0,0.0,23.265637988826867,23.524803798882743
06031000604,1.3071895424836601,1.3071895424836601,23.187145533769087,23.402061786492283
06031000901,0.0,0.0,22.408666638297827,22.536398468085025
06037432201,0.0,0.0,19.691460000000003,24.670090000000044
06037432202,0.0,0.0,19.711982592592598,24.670736888888932
06037460900,0.0,0.0,23.889547794676808,28.935208935361263
06031000407,0.0,0.0,24.259139924811937,27.343445588972475
06031980100,32.631578947368425,32.631578947368425,19.929005263157862,23.11382778947373
06065046800,1.6666666666666667,1.6666666666666667,21.747765000000097,26.291672500000107
06065940700,5.681818181818182,7.575757575757576,22.46723795454547,24.595261022727307
06037461000,0.0,0.0,25.723590132158602,30.078063612334844
06037461100,0.0,0.0,23.992416387665074,29.383650308369965
06037400402,0.0,0.0,24.722048146853066,26.519846608391653
06065940800,4.9853372434017595,14.95601173020528,19.387993782991217,20.507235102639292
06065940900,2.941176470588235,2.941176470588235,21.391929411764696,27.44987294117642
06001444602,2.1505376344086025,45.16129032258064,22.89812516129035,23.333662150537656
06001450502,0.3236245954692557,0.9708737864077669,21.30737291262141,23.792164110032317
06001450751,0.0,0.0,20.06321496240606,22.226526616541346
06001450752,1.079136690647482,1.079136690647482,20.31598845323744,22.465803453237495
06001435602,8.024691358024691,9.876543209876543,22.518810000000023,26.440829999999984
06001437101,4.511278195488721,13.533834586466165,21.315793571428586,23.447316766917332
06001438203,17.218543046357617,78.80794701986756,22.158886357615906,23.663893708609294
06001443105,0.0,0.6825938566552902,22.958490853242388,24.651565460750913
06001443321,0.0,0.0,21.314039999999984,24.675600000000017
06001451504,2.1052631578947367,68.42105263157895,20.875199999999964,22.584939999999982
06001403502,0.0,0.0,25.27238,24.04906000000001
06111003013,0.0,0.0,28.00757050314467,33.48780974842768
06061021328,8.574739281575898,8.574739281575898,22.407444658169016,21.6007979026651
06061020607,3.7290242386575514,3.7290242386575514,20.2300069919205,21.527290714729762
06061021324,3.7267080745341614,4.037267080745342,20.59210220496894,21.515231614906778
06061020608,2.2880215343203227,2.2880215343203227,20.034185356662455,21.290472846567955
06061021325,0.4464285714285714,0.4464285714285714,22.2485072098215,22.577607656250006
06061021327,2.6923076923076925,2.6923076923076925,22.46706323076916,22.090946615384624
06061021323,0.0,0.0,20.918412842639498,21.461545659898427
06061021048,2.380952380952381,2.380952380952381,21.93175107142855,22.831523690476175
06061021047,5.05050505050505,5.05050505050505,22.382069848484786,23.3068451010101
06085502901,0.0,0.0,22.73356471042461,24.443282084942133
06111004716,0.0,98.23008849557522,28.713257522123904,30.78893371681415
06085503337,3.0,3.0,20.846488400000027,23.705125600000045
06085512043,0.0,0.0,22.420189999999987,24.475770000000008
06085503713,2.083333333333333,2.083333333333333,18.94024874999998,25.197958750000012
06085503902,0.0,0.0,19.432615337837802,25.32676358108104
06065941100,4.296875,4.296875,22.894502812499912,28.735586250000125
06065941300,0.0,0.0,15.248655462686548,20.71112644776133
06067001602,0.0,41.05960264900662,22.26805145695362,23.048291390728462
06067007438,0.0,0.0,21.300690000000017,23.533359999999956
06067007435,0.0,1.345291479820628,21.294808834080754,23.665975470851933
06065941400,0.0,54.70588235294118,22.012699705882415,24.853865529411756
06079012707,2.9646522234891677,2.9646522234891677,26.167429315849407,30.398547833523292
06079010303,4.836512261580381,4.836512261580381,25.293475204359652,30.799205619891364
06079010903,8.695652173913043,8.695652173913043,29.493581086956507,31.63512021739133
06079010104,0.0,63.84615384615384,24.08582999999999,27.395550000000064
06079010103,1.7241379310344827,86.63793103448276,24.54078620689659,27.66757426724137
06037403316,0.0,0.0,20.39146900621107,21.855762484472116
06037403318,0.0,0.0,22.53906042345283,25.086704853420116
06037405400,0.0,1.7751479289940828,23.20489751479295,24.845666094674467
06037405500,0.0,89.28571428571429,23.32147999999991,24.647829999999907
06001403702,0.0,0.0,22.655567692307688,23.029056153846163
06001425101,18.75,27.083333333333332,25.90364,24.61618999999998
06001430101,4.10958904109589,4.10958904109589,24.04037762557071,27.092117602739712
06001430102,6.702412868632708,6.702412868632708,24.48842203753355,27.157037238605948
06037408624,0.0,0.0,21.372072101910828,25.80932955414011
06037408625,0.0,0.0,21.396002656826447,25.627291512915136
06061021326,0.7407407407407408,0.7407407407407408,21.207625925925917,20.70542637037041
06085504323,34.66666666666667,92.0,20.67079000000001,23.96731
06037432300,0.0,0.0,22.46201000000004,24.757419999999946
06037432401,0.0,0.0,21.71033092783511,23.68135206185562
06037432402,0.0,0.0,21.728417579617908,23.672024777069996
06013381000,0.0,3.3816425120772946,26.38156913043481,23.799486086956527
06085511915,1.6129032258064515,1.6129032258064515,24.972636774193496,27.09742935483876
06085504322,1.9417475728155338,1.9417475728155338,20.670789999999958,23.96731
06085512038,2.2988505747126435,2.2988505747126435,23.53431,25.83417000000004
06085505006,1.5267175572519083,98.47328244274809,21.316722213740437,25.7350194656489
06037432601,0.0,0.0,21.633420000000086,23.531469999999928
06037461400,0.0,0.0,24.161975681818138,29.40216098484853
06037461600,0.0,0.0,23.81106175257728,28.810922783505188
06037901003,0.0,100.0,23.474960000000006,21.305039999999984
06037576401,0.0,0.0,27.257719999999985,27.312720000000002
06037570502,0.0,0.0,26.378940000000046,25.021389999999975
06037542501,0.0,0.0,24.601689999999973,25.983390000000043
06037461700,0.0,0.0,24.913545789473634,29.219907894736874
06065040821,0.0,0.0,25.360734736842076,28.164465789473734
06065043252,0.45454545454545453,0.45454545454545453,28.57690436363615,29.53386304545467
06085506202,1.0169491525423728,1.3559322033898304,24.06429925423714,25.427094237288127
06065043270,2.380952380952381,2.380952380952381,21.975739672618925,22.479321279761745
06065043271,28.501228501228503,28.992628992628994,22.64077383292385,22.855524471744364
06085508508,6.521739130434782,100.0,22.127384782608715,26.165656956521712
06085508507,38.0,100.0,21.929426000000017,25.18956599999997
06085508003,0.9090909090909091,90.9090909090909,22.667711363636382,24.575708181818133
06081600402,0.0,0.0,25.076250000000012,26.189959999999985
06037403321,0.0,0.0,20.867809999999935,22.061020000000084
06037405600,0.0,100.0,23.321479999999916,24.647829999999907
06081601901,0.0,0.0,24.778935357142824,26.343787142857103
06081603802,0.0,0.0,25.682638225806535,26.63881036290338
06081609201,1.4814814814814816,24.444444444444443,24.537635185185202,22.32894874074071
06081609202,0.0,0.0,24.50309000000002,21.84063999999994
06037408303,0.0,0.0,21.68504027397263,24.533429726027503
06065045115,0.0,0.0,14.369723915662627,21.34173496987968
06065045303,0.0,0.0,14.8561047311828,19.28022849462361
06065048901,0.0,0.0,24.43359999999996,26.976619999999944
06065048902,0.0,0.0,23.66508847368427,24.941775789473773
06037408627,0.0,0.0,20.750454374999936,25.240336770833242
06085511302,24.561403508771928,100.0,21.859468771929862,21.95460824561401
06085512045,0.37593984962406013,0.37593984962406013,23.59667364661664,24.64437684210519
06085512037,0.0,0.0,23.60494000000004,24.638289999999973
06085512036,0.0,0.0,24.077393999999988,25.45818433333329
06013307102,4.081632653061225,5.1020408163265305,22.495899336734688,22.497576683673437
06013331000,1.7587939698492463,4.271356783919598,22.569153517587978,24.664799698492597
06085512311,0.0,64.16666666666667,27.07231091666674,28.87215341666653
06073000902,0.0,0.0,24.880597105263153,29.028638684210524
06073004101,0.0,2.6548672566371683,22.31596911504424,27.821611592920323
06073005202,0.0,0.0,22.876191739130437,27.785162173913044
06073001202,0.0,0.0,25.39044000000001,29.681700000000003
06073000901,0.0,0.0,24.84082212765957,28.977690638297876
06073019109,3.4682080924855487,13.872832369942195,22.34758952601137,25.835977468208185
06073017111,0.9314140558848433,1.1854360711261642,29.163828899237952,32.35074110922941
06073017059,0.0,0.0,27.067875531135357,31.30141809523799
06073021402,0.0,0.0,24.123589999999968,28.313860000000012
06073020042,2.8169014084507045,2.8169014084507045,25.782861690140813,28.839441408450742
06073017112,0.0,0.0,27.746479548872387,31.20893278195509
06073020031,0.0,0.0,26.329467049608475,29.10200778067886
06073017113,0.24509803921568626,0.24509803921568626,27.274515735294067,30.871535686274417
06073013323,0.0,0.0,22.411489999999965,25.972960000000047
06073020043,0.0,0.0,25.945333184713235,29.203829171974522
06073016618,0.0,0.0,23.677756136363644,25.474325000000075
06073020110,0.81799591002045,1.4314928425357873,22.806689498977278,27.970251421267974
06073001802,0.0,0.0,23.90099322580643,27.716505483870936
06073005302,0.0,0.0,23.843142399999998,28.843029599999994
06073001302,0.0,0.0,24.799510980392153,28.924774901960795
06073001201,0.0,0.0,25.39044000000001,29.681700000000003
06073021305,3.642384105960265,5.077262693156733,22.11463288079477,25.66126675496667
06073021101,10.707803992740473,10.707803992740473,20.328667592256725,22.936070792498427
06073013322,0.5714285714285714,1.1428571428571428,23.09124011428567,26.480723257142902
06073015706,0.0,35.483870967741936,22.554279999999988,27.18548999999999
06073015705,0.0,27.450980392156865,22.554279999999988,27.18549000000001
06073015408,0.0,0.5633802816901409,22.617426450704144,27.238759211267478
06073013425,0.0,0.0,22.892204890109866,27.151417032967
06081614000,0.0,0.0,28.032304852320657,29.208030843882003
06081600401,0.0,0.0,25.076250000000023,26.189959999999974
06081603801,0.0,0.0,24.747870000000006,25.77251999999999
06081984300,,,,
06065040404,0.0,0.0,22.7943679166667,26.806078472222243
06065043316,5.3156146179401995,76.41196013289037,24.184502956810668,21.78245049833888
06065044515,29.08366533864542,100.0,22.859016254980006,27.9167141434264
06019000502,0.0,20.618556701030926,22.550862061855685,23.52677288659796
06037405900,0.0,0.0,23.17729999999993,25.290419999999923
06085512313,13.131313131313133,68.18181818181817,28.520049848484955,32.565142070707054
06085512314,29.55223880597015,97.61194029850746,28.236073641791094,29.989123462686628
06085512604,0.0,100.0,24.670126578947368,27.537814210526324
06085502603,0.0,0.0,22.292003354037206,23.691436894409918
06037117530,1.4925373134328357,1.4925373134328357,24.678349999999973,25.70520000000004
06037119310,0.0,0.0,24.662184262295064,25.69274786885249
06013359104,1.5625,1.5625,26.598238281249984,25.17838124999998
06097152702,9.970674486803519,23.75366568914956,26.597227859237492,26.91186583577707
06097152701,3.690685413005272,5.799648506151142,26.453132003514863,27.307984411247894
06097150701,4.205607476635514,10.2803738317757,25.270566261682326,26.320356962616867
06097153002,0.0,0.0,25.327063091787508,24.84430207729459
06097150800,0.0,0.0,25.534495973684347,26.798304105263163
06097152300,0.0,0.0,24.76379421052634,23.534351004784792
06097153404,0.6165228113440198,0.6165228113440198,24.888458076448877,26.004745511714045
06097151309,2.564102564102564,2.564102564102564,26.723129615384813,26.29858132051298
06097151307,4.046242774566474,8.959537572254336,25.93585404624278,24.31351635838161
06097151204,4.40771349862259,6.6115702479338845,25.62871787878795,24.987816666666642
06097152501,0.0,0.0,25.187524524714835,24.70085155893545
06013368001,0.0,2.727272727272727,26.175709999999984,24.55812000000001
06013304003,24.46043165467626,38.36930455635492,21.724192470023873,22.544478489208714
06037221602,2.564102564102564,12.82051282051282,22.949880000000004,27.63827000000001
06037234902,0.0,7.142857142857142,22.884210000000007,25.448010000000007
06037236203,19.565217391304348,28.26086956521739,23.719140869565216,23.673119565217387
06037236204,0.0,15.625,23.730770000000003,23.6069
06037237101,0.0,1.4285714285714286,22.953369999999968,25.13070999999997
06037237202,1.0309278350515463,34.02061855670103,22.926989381443285,25.251741958762874
06037119340,0.0,0.0,24.67835000000001,25.705199999999994
06037408705,0.0,0.0,21.863195523012504,25.579191004184192
06037432602,0.0,0.0,21.627253239436694,23.538662816901343
06037432700,0.0,0.0,22.042263750000078,24.13637953947362
06037432801,0.0,0.0,22.46200999999998,24.75741999999998
06037432802,0.0,0.0,22.462009999999978,24.757419999999968
06037432902,0.0,0.0,21.962811801801813,24.74168486486483
06025011001,0.0,0.0,24.20521031784845,21.88805694376533
06025011302,4.838709677419355,4.838709677419355,24.374083978494646,21.629619301075213
06025011002,0.0,0.0,25.03068774336295,23.102853702064927
06025010401,0.0,0.0,21.698710000000002,22.000471411764714
06025010402,0.0,0.0,20.844489999999958,22.01859000000003
06025011303,0.0,0.0,20.443165236686376,18.592615650887645
06025011901,0.0,0.0,19.903324162162175,20.78514129729732
06025012102,0.0,0.0,19.97463513761466,21.00259908256878
06025012003,0.0,0.0,19.862869999999955,21.58089999999995
06025011903,0.0,0.0,17.672646600790543,21.225175375494036
06025011902,0.0,0.0,18.631117272727245,20.56953863636363
06025012004,0.0,0.0,19.862869999999955,21.58089999999995
06025012101,0.0,0.0,19.936702727272703,21.198870909090882
06025011301,0.0,0.0,20.955710000000046,14.932372500000017
06025012202,0.0,0.0,20.47199,18.429159999999968
06025012201,0.0,0.0,20.47199,18.42916
06051000201,4.375,4.375,26.492717375000005,26.651189750000146
06051000202,3.104575163398693,3.594771241830065,27.18511137254924,27.011907042483973
06037237401,0.0,5.555555555555555,22.953369999999968,25.13070999999997
06037237402,0.0,11.842105263157894,22.953369999999968,25.130709999999965
06037239202,0.0,9.58904109589041,23.298399999999965,25.19813999999998
06037239501,0.0,0.0,23.29839999999997,25.19813999999998
06037239502,0.0,0.0,23.569073921568638,27.062501960784296
06037239602,0.0,8.19672131147541,23.57389704918033,27.095722950819646
06037239701,0.0,12.5,23.89859000000001,29.332159999999984
06037214902,0.0,0.0,21.72151,26.53197
06037234501,0.0,11.11111111111111,22.884209999999985,25.44801000000003
06037234502,4.838709677419355,14.516129032258066,23.46329999999997,25.129950000000004
06037265201,0.0,0.0,23.64854274193549,26.315267903225827
06037275101,0.0,0.0,23.89183297872341,23.948192340425535
06037119700,4.624277456647398,4.624277456647398,23.3557489595376,24.771825664739954
06037119900,0.0,0.0,24.538767985611532,25.57576402877696
06037120020,0.0,0.0,24.127910000000035,25.18774900000001
06037120030,0.0,0.0,23.67755,24.764379999999996
06037462100,0.0,0.0,22.81455999999994,28.175659999999965
06037462400,0.0,0.0,23.795611521739055,29.068673695652176
06037295103,0.0,0.0,29.299730000000068,27.079360000000065
06037102103,6.730769230769231,6.730769230769231,22.682960000000044,27.058509999999977
06037533001,0.0,0.0,21.707879999999996,24.422800000000034
06037536104,0.9900990099009901,0.9900990099009901,22.21590376237627,24.810336336633686
06037600304,0.0,0.0,22.63079428571427,28.181528571428583
06037910715,1.1363636363636365,1.1363636363636365,28.22914977272719,27.40377958333332
06037104201,0.0,0.0,26.56312872000005,23.93356191999998
06037910716,0.33444816053511706,0.33444816053511706,28.246489999999916,27.401023377926396
06037104310,0.0,0.0,24.444836718749986,24.148483437499998
06037104401,0.0,0.0,23.96620562500004,24.21525124999995
06037124700,0.0,0.0,24.809769999999933,24.801899999999968
06037602802,0.0,0.0,22.418329999999976,27.890999999999984
06037603006,0.0,0.0,24.196660000000023,27.86006999999999
06037603801,0.0,0.0,22.97624999999999,27.799240000000037
06037700101,0.0,0.0,26.041850000000025,27.345459999999996
06037700501,0.0,0.0,21.721510000000023,26.53197
06037700502,0.0,0.0,21.721510000000006,26.53197
06037700801,0.0,0.0,21.73920973214286,26.53925160714286
06037700802,0.0,0.0,22.009532666666697,26.58620266666667
06037701402,2.631578947368421,2.631578947368421,23.949481842105232,28.045740921052612
06037104500,0.0,0.0,23.984470000000034,24.166559999999958
06037104610,0.0,0.0,23.984470000000037,24.166559999999954
06037104620,0.0,0.0,23.984470000000037,24.166559999999954
06037104701,0.0,0.0,23.98447000000003,24.16655999999996
06037125200,0.0,0.0,26.691569999999967,27.014070000000043
06013303204,3.0172413793103448,3.4482758620689653,23.700101206896488,22.41571767241374
06013355110,0.0,0.0,21.901233231707305,22.35032481707307
06013306004,10.734463276836157,23.728813559322035,24.717872711864484,24.04377457627117
06013304004,37.406483790523694,88.02992518703242,21.68548845386531,22.292835785536063
06037106642,0.0,0.0,26.754684040404083,25.976007575757457
06037106643,0.0,0.2145922746781116,26.872594420600805,26.28329729613755
06037107010,0.0,0.0,28.46682999999999,27.092090000000052
06037107020,0.0,0.0,28.46682999999995,27.092090000000066
06037108101,0.0,0.0,25.738674999999947,25.890022500000054
06037108102,0.0,0.0,25.83687198347097,26.572540082644522
06019006602,0.0,0.0,23.829553122171973,22.803845837104113
06013303202,7.659574468085106,14.468085106382977,23.15898223404242,22.513461042553093
06013320003,0.0,0.0,25.307561860465203,26.558599147286895
06013392300,0.0,0.0,26.616219999999913,25.586999999999993
06037980018,0.0,0.0,27.119431111111115,26.330993888888898
06037600303,0.0,0.0,22.65628999999999,28.216392000000006
06037602505,0.0,0.0,22.392016818181812,27.251403636363644
06037602506,0.0,0.0,22.031277777777774,27.752472222222217
06037106010,0.0,0.0,28.998728813559257,28.862912203389865
06037123104,0.0,0.0,25.419460000000036,29.46583999999996
06037123204,0.0,0.0,23.854100000000013,26.618569999999995
06037123206,0.0,0.0,23.024555555555562,26.754914444444463
06037123301,0.0,0.0,23.854100000000013,26.61857000000005
06037123303,0.0,0.0,23.287939999999985,25.39094
06037125310,0.0,0.0,25.543293716814194,29.22717212389376
06037125600,0.0,0.0,25.864090416666638,30.26520083333334
06037127210,0.9090909090909091,0.9090909090909091,23.677550000000018,24.76438000000004
06037127220,2.4691358024691357,2.4691358024691357,23.67755000000005,24.764380000000028
06037127300,0.0,0.0,23.0990526086957,25.970369565217382
06037127400,1.4492753623188406,1.4492753623188406,22.878757826087018,26.50735999999995
06061021003,2.6004728132387704,2.6004728132387704,20.22945212765947,22.199931702127596
06061020105,3.036876355748373,3.036876355748373,21.930753210412128,23.030837440346883
06061020601,1.7967781908302356,2.0446096654275094,20.158796505576426,21.57336600371741
06061021304,2.8550241008527997,3.2628846866889134,22.15160912866164,22.52231090100092
06037602507,0.0,0.0,22.46519999999999,26.817419999999984
06037240402,0.0,0.0,23.27090555555558,29.006450370370423
06037241001,0.0,0.0,25.087269999999993,27.619070000000015
06037533805,0.0,0.0,21.072469999999992,23.684050000000003
06037402405,0.0,0.0,21.56076250000002,22.77769312499999
06037402705,0.0,0.0,20.36246000000001,21.80333999999997
06037402706,0.0,0.0,21.14709799999996,22.42591799999997
06037402803,0.0,0.0,21.481770000000044,23.612200000000026
06037402804,0.0,0.0,21.481770000000008,23.612200000000026
06037402903,0.0,0.0,21.481769999999987,23.612200000000026
06037104108,0.0,0.0,22.392383333333292,26.093201259259327
06037106406,0.0,0.0,28.503749742489155,28.440012789699686
06037109100,0.0,0.0,24.29995427480921,24.66929061068697
06037109200,0.0,0.0,24.38946645161297,23.5987354838709
06037109300,0.0,0.0,23.88716000000009,23.27741999999993
06037127520,0.0,0.0,23.480836153846152,25.81996615384615
06013370000,0.0,0.0,26.38831388489203,24.26714805755397
06037106646,0.0,0.0,25.681265418994524,24.48279592178769
06037407801,0.0,1.4388489208633095,21.766831798561142,25.380875683453198
06037408005,1.092896174863388,79.78142076502732,22.203438196721457,27.424281748633955
06037408140,0.0,1.9417475728155338,21.584658640776674,26.377370097087372
06037108104,0.0,0.0,26.099769999999975,28.452479999999955
06037111100,0.0,0.0,23.98268720930239,23.259379534883667
06037111201,0.0,0.0,24.349928861788662,23.190025365853636
06037111202,0.0,0.0,24.473970000000005,23.16659999999988
06037111204,1.1848341232227488,2.6066350710900474,25.618309999999873,25.035869999999846
06037111302,0.0,0.0,24.473970000000005,23.166599999999935
06037127920,0.0,0.0,23.40137075949367,25.208523797468363
06037128210,0.0,0.0,26.35734000000002,27.367400000000004
06037128303,0.0,0.0,26.357340000000015,27.367399999999982
06037128400,0.0,0.0,26.350304812030092,27.36139112781961
06037128500,0.0,0.0,26.35734000000002,27.367400000000053
06037123304,0.0,0.0,23.486096,25.820610500000022
06097152000,0.0,0.0,24.87615244680851,23.827582446808517
06037408504,0.0,0.5376344086021506,21.70667026881717,24.762443225806525
06013306003,0.8583690987124464,1.7167381974248928,24.342626137339156,23.789660429184522
06013313205,2.8301886792452833,2.8301886792452833,22.245069999999956,24.220609999999997
06013333101,10.583941605839415,18.248175182481752,22.544845328467137,25.15201368613143
06013333102,10.408921933085502,10.408921933085502,20.88585234200752,22.79549308550193
06037109800,0.0,0.0,23.887160000000126,23.277419999999967
06089011600,2.2050716648291067,2.8665931642778393,26.492495148842124,25.619027045204135
06089012302,0.3770028275212064,0.3770028275212064,23.579010673892537,23.497131616399578
06089010500,0.0,0.0,25.060602172701945,25.297067130919217
06089012500,3.2586558044806515,3.2586558044806515,25.97027350305501,24.640171018329987
06089012303,1.8698060941828254,1.8698060941828254,22.917501558171608,23.72214983379469
06089012701,13.824289405684754,20.54263565891473,26.805805697674625,27.592031666666593
06089011900,8.25242718446602,9.805825242718447,22.444156825242647,22.569812713592135
06089012200,7.045636509207366,7.125700560448359,23.40064912730182,23.01720442754208
06089012702,4.829770387965162,4.829770387965162,24.82797241488526,25.147861480601645
06089010702,0.7299270072992701,25.72992700729927,26.49040593065674,25.709784397810054
06097152100,0.0,0.0,25.37965190476188,24.95414238095232
06037123510,2.5423728813559325,2.5423728813559325,23.287940000000027,25.390940000000075
06097151900,0.8,0.8,24.79108840000005,24.27386959999999
06037123520,0.0,0.0,23.583220447761214,25.276648656716404
06037123601,0.0,0.0,24.80976999999997,24.80189999999996
06037123700,0.0,0.0,24.62627788321164,25.11924153284668
06037123800,0.0,0.0,26.52465999999996,26.990805294117713
06037401001,0.0,0.0,25.478619999999943,26.935350000000025
06037401002,0.0,0.0,25.478619999999943,26.935350000000028
06037401101,0.0,0.0,25.358706249999912,26.74651250000002
06037401102,0.0,0.0,25.478619999999967,26.935350000000078
06059021813,7.142857142857142,85.71428571428571,23.199699999999996,27.267260000000004
06059032057,0.0,0.0,22.708480974729273,24.625327184115488
06037113211,1.5923566878980893,2.547770700636943,25.258197707006236,25.29758000000004
06037113212,2.4193548387096775,2.4193548387096775,25.27680000000006,25.248630000000038
06037128910,0.0,0.0,26.35734000000002,27.36740000000006
06037131100,0.0,0.0,24.255123612903255,26.638939096774106
06037131200,0.0,0.0,24.242938639455804,26.63516761904754
06037403323,0.0,0.0,20.868762226562435,25.24379464843754
06037403324,0.0,0.0,20.633939216783396,25.162113860139865
06055201004,3.065134099616858,3.065134099616858,25.637340804597645,23.196415593869695
06055201601,6.909090909090909,18.545454545454547,26.805347709090782,26.941192690909126
06055200301,7.792207792207792,10.38961038961039,24.010564632034704,21.514430086580138
06055200505,67.81609195402298,68.96551724137932,24.18587390804598,22.684571724137935
06055200707,0.5405405405405406,0.5405405405405406,25.41239481081086,24.33992140540541
06055201602,3.314917127071823,4.143646408839778,26.122592817679564,26.17721187845304
06055201007,0.0,20.21857923497268,25.438816885245863,22.92553677595635
06055200302,1.6666666666666667,1.6666666666666667,24.01108038888894,21.549769611111135
06055201003,4.308797127468582,4.308797127468582,24.505065727109574,22.717048545780784
06037241202,0.0,0.0,22.541161127819528,27.9956088721805
06037406500,1.1450381679389312,100.0,22.972643549618223,24.347364999999897
06037406601,0.0,88.96797153024912,20.551929999999935,22.26231999999989
06109004201,1.8094089264173705,1.8094089264173705,22.938010156815455,25.45304227985497
06109002202,4.074505238649592,4.074505238649592,21.738179802095388,24.15421305005817
06109002201,1.5894955079474777,1.5894955079474777,21.854659046302537,24.564139799585224
06037262501,0.0,0.0,27.044810000000055,27.715220000000038
06037264103,0.0,0.0,24.985737692307694,25.180187307692304
06037239702,0.0,12.307692307692308,23.89859000000001,29.332159999999977
06037239802,0.0,0.0,23.898590000000002,29.332159999999966
06037265601,0.0,0.0,24.148654303797425,27.09175341772152
06037461501,0.0,0.0,22.814559999999947,28.17565999999997
06037650605,0.0,0.0,24.776889999999995,27.171833773584886
06037900508,0.0,100.0,24.061782619047722,24.171663015873115
06037901008,0.6493506493506493,75.32467532467533,24.786579999999965,26.8968799999999
06037106649,0.0,0.0,28.34942204918028,27.039307950819733
06037108202,0.6060606060606061,0.6060606060606061,25.628733696969615,27.784711757575817
06037102104,0.6666666666666667,0.6666666666666667,22.78693073333333,27.060716133333337
06097152201,0.0,0.0,24.70035999999993,23.445049999999927
06097151308,0.0,0.0,26.430446117647012,24.711392000000078
06097150702,0.32786885245901637,0.32786885245901637,26.41203762295089,26.720636442623086
06097150303,0.5766062602965404,0.5766062602965404,25.857896927512094,25.918048797364065
06097153902,2.553191489361702,2.553191489361702,29.230835957446907,28.493104382978675
06097154100,5.477424130273871,5.847520355292376,27.712833589933147,26.585649437453522
06097153403,8.567208271787297,11.669128508124077,25.11752937961597,25.55979169867052
06061021401,1.8691588785046727,3.2710280373831773,21.900036542056164,22.41375434579434
06061020604,4.57290767903365,4.57290767903365,20.821683442623048,22.353651613459732
06061021802,0.5482456140350876,0.5482456140350876,20.693078355262937,20.984616425438915
06061020606,0.22271714922048996,0.22271714922048996,20.70983910913141,22.488823028953206
06061020605,1.5533980582524272,1.7475728155339807,20.897041058252572,22.91688241747582
06061020300,4.071246819338422,4.071246819338422,19.901005648854873,20.42016419847337
06061020107,3.1620553359683794,3.1620553359683794,18.880008656126407,20.486000158102698
06061020200,0.40100250626566414,0.40100250626566414,21.993513538847644,22.355349373433548
06061021902,0.9868421052631579,0.9868421052631579,21.03105724506595,20.87940562500027
06061020106,1.4925373134328357,1.4925373134328357,20.78946955223872,20.809614179104365
06037113237,3.3670033670033668,4.713804713804714,25.101004208754045,24.97444037037044
06037408505,0.0,0.0,21.360197467811254,24.22565330472107
06037408631,0.0,0.0,22.010099999999984,26.02398999999999
06037190401,0.0,0.0,24.53165999999999,29.471510000000006
06037190402,0.0,0.0,24.53165999999999,29.47151000000001
06037190801,0.0,45.714285714285715,25.148162857142864,29.924537142857147
06037207501,0.0,0.0,24.304790000000008,26.31151
06037208501,0.0,0.0,23.91525000000001,28.043779999999995
06037185203,0.0,0.0,24.857590000000016,30.24585000000001
06097151000,3.133640552995392,3.5944700460829497,25.63943150230402,27.394652903226064
06097152502,0.0,0.0,26.155503043478117,25.021487391304312
06097153003,0.0,0.0,24.8962233990148,24.440089901477872
06097150603,3.125,7.8125,25.90552118750002,26.508934031249947
06097150601,0.0,1.8072289156626504,26.940199999999997,26.76250999999998
06097150100,8.325266214908035,9.390125847047434,25.028913630203377,25.127252971926247
06097150304,2.933333333333333,3.733333333333334,25.443641093333262,25.150666133333505
06097152801,0.0,0.0,26.390555186440594,26.825849050847395
06097153006,0.0,0.0,26.310328558558474,26.157921711711797
06097151100,1.579520697167756,1.8518518518518516,25.06520122004365,26.414197374727575
06097153502,1.0329244673983213,1.0329244673983213,24.53976388637809,25.814950180761056
06097153705,4.031209362808843,4.811443433029909,26.563099674902674,26.03646788036427
06097151503,0.0,0.0,25.71459821011683,25.46601807392974
06037433200,0.0,0.0,22.404535549133026,24.672383005780283
06037185204,0.0,0.0,24.753328103448315,30.02985853448269
06037211121,0.0,0.0,22.028430000000007,27.304290000000005
06037211202,3.4482758620689653,3.4482758620689653,22.02843,27.30429000000001
06059032059,0.0,0.0,24.603360000000055,25.52858999999991
06037577604,20.930232558139537,20.930232558139537,24.454751860465127,26.769884186046497
06067007017,100.0,100.0,22.025734739583402,24.120095729166707
06037462700,0.0,0.0,23.107878571428593,28.933645102040764
06037462800,0.0,0.0,23.348508709677436,29.102646774193612
06037463000,0.0,0.0,23.9097891946308,29.151821610738278
06073021001,52.218782249742,52.218782249742,16.315322982456006,20.843487647058947
06073013423,0.0,0.0,23.50622839506176,28.852589012345728
06073013320,2.793296089385475,2.793296089385475,22.020782849161993,25.389594413407764
06073020812,7.311320754716981,9.669811320754718,22.7303772641507,28.694425849056532
06073021102,10.56268509378085,10.56268509378085,19.88756492596244,21.888035705824265
06073010016,0.0,0.0,23.589566305732596,24.660103885350328
06067007107,100.0,100.0,22.809068924731292,22.67470037634416
06067008513,0.0,0.0,19.175991908396913,22.29959541984724
06055200705,4.093567251461988,4.093567251461988,24.06476473684207,22.046520526315863
06055200804,0.0,0.0,23.916798322981325,21.78234378881995
06055200803,4.119850187265917,4.119850187265917,24.473681910112425,22.776594344569187
06037910505,0.0,7.746478873239436,26.239332112676117,25.860383239436583
06037291120,0.0,0.0,22.41832999999999,27.891000000000012
06037480702,0.0,0.0,21.817960000000078,25.55511999999999
06037480703,0.0,0.0,21.817959999999967,25.55511999999999
06013329000,1.5772870662460567,5.993690851735016,22.859931261829562,25.325341924290033
06073013316,1.6597510373443984,1.6597510373443984,23.074440207468943,26.55508846473025
06073019111,4.564666103127641,4.564666103127641,22.367537024514085,26.83056346576508
06073019110,3.075103489059728,7.155529272619751,21.6763629923122,25.575678598462595
06073013315,0.0,0.0,23.112239999999957,26.588279999999965
06073018615,1.2658227848101267,2.5316455696202533,23.99863430379747,26.793553037974707
06073020040,2.030456852791878,2.030456852791878,24.584353578680197,26.803110406091356
06073013608,0.0,0.0,22.780236916666677,27.179726249999945
06073013607,0.0,0.0,21.480166632653045,26.21035755102039
06073008202,8.333333333333332,8.333333333333332,26.324200000000015,30.10190000000003
06073013422,3.3482142857142856,3.3482142857142856,22.518499776785575,28.886676428571437
06073017062,0.0946073793755913,0.0946073793755913,29.878434408704454,31.121841608325678
06073020310,0.0,0.0,27.153383630573195,29.78893732484081
06073017308,6.422018348623854,16.51376146788991,30.536349999999967,32.75741999999995
06073020311,0.2518891687657431,0.2518891687657431,26.93707332493686,31.071263198992302
06055200602,2.0710059171597637,7.988165680473373,24.49038118343208,22.918480621301764
06037267902,12.149532710280374,14.018691588785046,24.09036999999994,27.254500000000004
06037269601,0.0,0.0,23.400399999999994,26.841890000000006
06037269903,0.0,0.0,23.33640027027026,25.051503513513513
06037269905,0.0,0.0,23.115879999999986,23.95321000000001
06037271902,0.0,0.0,23.480301904761863,25.716718571428537
06037272201,0.0,0.0,23.45277611111111,25.421180555555544
06037272202,0.0,0.0,22.72453069767442,24.356483255813938
06037535902,0.0,0.0,21.904189565217354,25.428113043478273
06037601303,0.0,0.0,22.59545000000002,22.96500999999998
06037532606,0.0,0.0,21.707880000000014,24.422800000000024
06037271801,0.0,0.0,23.47063000000002,25.72002999999997
06037221810,2.941176470588235,5.88235294117647,22.361649411764695,25.5448417647059
06037203200,0.0,0.0,18.787190000000006,20.736090000000022
06037262400,0.20202020202020202,0.40404040404040403,26.64915676767664,27.170475131313093
06037209402,0.0,0.0,24.30479000000001,26.31151
06037212305,0.0,0.0,22.949880000000004,27.63826999999999
06037433602,0.0,0.0,21.66874000000001,27.130059999999975
06037480704,0.0,0.0,21.593356350364967,24.71170664233576
06037480802,0.0,0.0,20.937129999999996,23.843314107142824
06087120800,0.5555555555555556,0.9722222222222222,28.200167458333045,27.806796652777564
06087100500,0.0,0.0,26.600856621160343,27.522677269624538
06087120600,3.1473533619456364,3.862660944206009,28.452777238912855,28.135910987124312
06087100400,0.0,0.0,27.047213222748802,27.83284023696683
06087122002,0.910010111223458,0.910010111223458,25.55361536906002,26.636601658240362
06087100200,4.966887417218543,7.6158940397351,25.858263410596063,26.215463841059485
06087122202,0.0,0.0,25.422149196428638,26.340954732142944
06087123100,1.7064846416382253,1.7064846416382253,24.59659703071679,27.4705283617748
06087122203,0.0,0.0,25.510546627451106,26.288729921568773
06087121000,0.17953321364452424,0.17953321364452424,29.85567722621183,30.336650350089876
06087123300,9.090909090909092,9.090909090909092,26.01845579545457,29.716327295454505
06087122001,7.854630715123095,9.026963657678781,26.190990222743164,25.6804758264944
06087110700,1.7543859649122806,3.070175438596491,24.585438464912244,27.02294859649127
06087121300,1.5037593984962405,2.2556390977443606,27.060273609022403,25.46404097744357
06087100300,3.2490974729241873,4.332129963898916,26.55605068592051,27.380731805054104
06037211804,0.0,0.0,22.02843,27.30429000000001
06037212101,0.0,0.0,22.0703140909091,27.31947090909091
06087100900,3.3333333333333335,3.3333333333333335,25.835288857142857,26.27950199999991
06087120301,6.524822695035461,6.950354609929079,29.296041787234103,28.5310995744678
06087120302,20.0,24.6875,28.654056093749897,27.529517968749825
06087121402,1.7857142857142856,1.7857142857142856,26.406050000000008,24.68859000000009
06087122300,7.455429497568882,8.427876823338735,25.782902544570252,27.389944246353288
06087120500,0.8415147265077139,1.0518934081346423,27.61964024544173,28.910133576437442
06087121100,4.272151898734177,4.272151898734177,28.764794462025193,28.465101534810046
06037212102,50.0,50.0,22.12057500000001,27.337688000000004
06037214503,0.0,0.0,26.041849999999986,27.34546
06037234901,0.0,2.564102564102564,22.88421000000002,25.448009999999982
06037239801,0.0,0.0,23.89859000000001,29.332159999999995
06037553504,0.0,0.0,22.80758617977525,24.5850452808989
06037554105,0.0,0.0,23.24734999999999,23.839290000000002
06037554203,0.0,0.0,23.734042043010767,23.800229354838688
06037554204,0.0,0.0,24.125781910112366,23.768789325842693
06037554301,0.0,0.0,24.276039999999977,23.756730000000015
06037554302,0.0,0.0,24.728311780821944,23.952379315068523
06023940000,6.2404870624048705,6.2404870624048705,23.27638748858447,23.13010315068495
06061020901,4.201680672268908,4.201680672268908,21.090749999999993,22.727589999999974
06061021106,4.464285714285714,5.357142857142857,19.93302964285719,21.15978419642857
06061023000,6.432748538011696,7.017543859649122,20.8991324561403,21.593803801169635
06061021203,4.946653734238604,6.207565470417071,20.68914132880694,21.49416707080494
06061020501,2.13946117274168,2.13946117274168,20.506271061806547,21.472194144215365
06061020717,0.38910505836575876,0.38910505836575876,20.451439688715954,21.907259922179048
06037480901,0.0,0.0,21.60004000000002,22.623849999999962
06037261102,0.0,0.6802721088435374,24.26216481632621,27.89971379591829
06037191204,13.333333333333334,33.33333333333333,22.529075999999993,27.737734000000007
06037143901,0.0,0.0,24.97897127118653,25.494578813559112
06037139802,0.0,0.0,28.370686247288646,28.612310325379518
06037460700,0.0,8.14111261872456,26.354958887381482,30.79295431479014
06037123010,27.058823529411764,28.235294117647058,22.940625176470615,26.768709294117663
06037134720,0.0,0.0,24.095580000000016,24.451849999999958
06037920034,11.788617886178862,11.788617886178862,25.846684430894275,28.431053333333306
06037910808,0.0,1.929260450160772,26.01947745980707,30.38287231511249
06037224310,0.0,23.809523809523807,23.01439952380953,27.575090952380947
06037113231,0.0,0.0,25.95485172413788,24.67738954022989
06037300800,0.0,0.0,25.755165662983494,31.215230524861827
06073019108,1.1363636363636365,1.3257575757575757,23.100021297348647,26.133347395833393
06073013326,0.0,0.0,24.998419999999925,26.45642000000002
06073022101,2.2222222222222223,2.2222222222222223,26.904593444444416,27.297135777777694
06073010019,0.0,0.0,25.478847719298205,25.1389478947368
06073016703,0.0,0.0,23.201461025640974,25.7303942307693
06073017066,0.7541478129713424,0.7541478129713424,28.56399087481161,33.099978190045334
06073016705,0.6329113924050633,0.6329113924050633,23.01801354430376,27.093531708860777
06073020312,3.050847457627119,6.101694915254238,24.844811966101705,30.377866644067826
06073020313,1.3953488372093024,19.53488372093023,25.115535069767528,30.279260093023264
06073020034,0.0,0.0,28.33464612903227,31.19327477419351
06073020111,4.854368932038835,6.102635228848821,23.132519639389738,27.286899459084708
06073020039,0.0,0.0,23.030537469879505,25.161280361445783
06073020044,2.6004728132387704,2.6004728132387704,25.531570330969306,28.601492695035606
06073019210,0.0,0.0,23.942432742616067,25.74812945147685
06073020036,1.2658227848101267,1.2658227848101267,23.83655481012656,25.792083797468347
06073019305,0.0,0.0,25.958596626506093,28.234763614457897
06061021108,5.813953488372093,5.813953488372093,20.15892348837203,21.52412139534879
06061020806,10.194174757281553,10.194174757281553,20.53752087378644,21.970176407767013
06061020711,4.166666666666666,4.166666666666666,20.32712624999996,21.127177500000002
06061020712,11.76470588235294,11.76470588235294,20.49083000000007,21.66798000000007
06055200601,5.223880597014925,20.149253731343283,24.918804664179206,23.618099514925373
06055201006,0.5208333333333333,0.5208333333333333,25.284389999999892,23.00741000000008
06055200706,0.5,0.5,25.418090000000053,24.348250000000004
06037143602,0.0,0.0,24.612740000000024,24.90643
06037430901,0.0,0.0,23.764459999999993,27.878799999999966
06055200504,9.166666666666666,11.666666666666666,24.26350245833345,22.5829507916667
06037186100,0.0,0.0,25.267226949152544,31.079484519774013
06037301206,0.0,0.0,24.785505044247788,29.15747805309726
06037542103,0.0,13.095238095238097,23.758610000000036,24.92454999999997
06037293307,0.0,0.0,27.156849999999988,24.72455000000001
06083001208,0.9852216748768473,0.9852216748768473,28.673358571428576,28.659884285714398
06083001604,23.91304347826087,37.391304347826086,29.72006330434774,31.530919391304415
06083980000,50.0,100.0,27.707965,28.282015
06079010205,0.7575757575757576,59.46969696969697,25.93386068181814,29.884779318181746
06079010404,2.7522935779816518,4.587155963302752,25.24824314984717,26.790573272171308
06079010101,0.7220216606498195,5.415162454873646,24.192740848375433,27.414126498194868
06079012102,4.3624161073825505,5.033557046979865,25.712899463087066,29.108348758389262
06037209810,0.0,0.0,23.085371000000006,27.505593999999995
06073019304,0.0,0.0,25.51578611464968,28.490846687898113
06073019209,1.431980906921241,1.431980906921241,24.081374116945298,25.8652503579951
06073020813,0.49504950495049505,0.49504950495049505,21.949143792078882,27.853246217821912
06073016706,0.0,0.0,22.49366008097163,25.486924939271184
06073016404,0.0,14.516129032258066,21.94061000000002,25.904219999999967
06073016620,0.0,0.0,23.236807280000043,23.946701760000032
06073016813,0.0,0.0,20.605661254180472,23.357810200669213
06073016812,4.755944931163955,4.755944931163955,20.546431989987664,24.440312640801093
06073016704,0.0,0.0,22.372631497584475,26.681005893719714
06073018805,2.272727272727273,2.272727272727273,26.308673409091256,27.023650045454538
06073016619,0.0,0.0,23.268043842592608,25.594846250000007
06073018804,0.7295173961840629,0.7856341189674524,27.055756116722524,27.47424589225614
06073018525,0.0,0.7518796992481203,26.996633684210636,30.90308394736835
06073018524,0.0,5.747126436781609,26.96635999999998,31.22382999999993
06073018522,0.9615384615384616,0.9615384615384616,26.500343605769267,29.484781682692326
06073017067,8.450704225352112,10.7981220657277,26.900227464788664,29.003635633802674
06073019811,8.227848101265822,8.227848101265822,25.92328759493661,27.583974240506336
06073018620,0.0,7.865168539325842,27.256870000000003,28.649640000000044
06073018619,0.0,0.0823045267489712,27.340305053497577,28.004699407407507
06073018617,0.0,1.639344262295082,27.256870000000085,28.64963999999997
06073018618,0.0,5.434782608695652,27.152665326086925,29.572990760869555
06073018622,86.27450980392157,100.0,25.466710000000052,26.70515999999998
06013340004,0.2364066193853428,0.4728132387706856,25.168598132387515,24.68965546099294
06013337202,2.1834061135371177,2.6200873362445414,23.982600000000016,25.914569999999934
06013334007,2.5974025974025974,9.740259740259742,23.448559999999937,26.336600000000065
06013334008,2.7210884353741496,11.564625850340136,22.11867891156459,24.498992380952362
06013355123,0.8620689655172413,0.8620689655172413,21.271773448275862,22.621971379310352
06013355125,0.0,0.0,21.12381999999998,21.823509999999995
06037117404,0.0,0.0,23.600309999999894,26.713499999999904
06037123203,0.0,0.0,23.854100000000013,26.618570000000016
06037237600,0.0,1.5873015873015872,22.95336999999997,25.130709999999976
06037204410,0.0,0.0,18.787190000000006,20.736089999999994
06037296220,0.0,0.0,28.717341836734708,29.425153673469403
06037228500,0.0,4.545454545454546,20.51378,23.703899999999983
06037183810,0.0,0.0,23.513770000000015,27.46196000000002
06037460501,0.0,0.5825242718446602,27.7105786019418,31.56652264077696
06037920314,2.898550724637681,3.3816425120772946,27.30557193236727,30.49348347826077
06037575803,0.0,0.0,30.355321538461528,32.61744538461538
06037621201,0.0,0.5263157894736842,25.74130999999998,26.791450000000005
06037131400,0.0,0.0,23.825592408759086,25.047873722627685
06037131600,0.0,4.285714285714286,23.641253464285796,23.891450535714178
06037131900,0.0,0.0,24.326140000000038,26.66091999999995
06087100700,32.83582089552239,37.3134328358209,26.07459044776121,26.80903776119404
06037554405,0.0,0.0,23.86208388888885,23.965478472222223
06075017102,0.0,0.0,23.905269999999984,24.74266
06075012302,0.0,0.0,24.68275,23.72476
06075016801,0.0,0.0,22.344929999999987,24.10064
06075011902,0.0,0.0,24.68275,23.72476
06075012202,0.0,0.0,24.68275,23.72476
06075012601,0.0,0.0,24.537253846153853,24.526203076923075
06005000500,2.7027027027027026,2.7027027027027026,22.72181611325624,22.10865958815951
06005000401,3.4970857618651126,3.5803497085761866,22.804176269775365,22.772172181515693
06005000301,2.6548672566371683,2.6548672566371683,21.95627022123909,21.54905088495598
06005000402,1.0474430067775724,1.0474430067775724,22.99229291435584,22.504139568699813
06061021109,0.6024096385542169,0.6024096385542169,20.433466124497894,21.95914690763061
06061021801,1.0944700460829493,1.0944700460829493,20.975354383640518,20.9486784389399
06061021901,0.6674082313681869,0.6674082313681869,21.234409899889023,21.509820233592887
06075012602,0.0,12.195121951219512,24.615647560975592,24.094383414634127
06075012902,0.0,0.0,24.682749999999967,23.72475999999997
06075013101,0.0,0.0,24.682749999999984,23.72475999999999
06075013102,0.0,0.0,24.68274999999998,23.724759999999986
06075015801,0.0,0.0,23.642557608695643,24.325406521739136
06041102202,12.626262626262626,30.05050505050505,28.258530782828323,26.58217138888879
06041102203,7.916666666666666,29.583333333333332,28.530540499999965,26.35845466666655
06041109001,0.0,19.4331983805668,28.27206052631593,24.391680526315792
06037262303,0.819672131147541,0.819672131147541,26.470573060109327,26.22129207650265
06097152203,0.0,0.0,24.700359999999918,23.445049999999938
06061022002,0.32119914346895073,0.32119914346895073,21.400237441113166,22.017659694860875
06061020104,1.3888888888888888,1.3888888888888888,23.881302256944437,25.372417326388792
06061021501,0.5498281786941581,0.5498281786941581,20.431110048110057,21.32021375945019
06061020713,11.538461538461538,11.538461538461538,20.510607582417652,21.702912197802256
06061021129,12.101910828025478,12.101910828025478,20.07011789808917,21.81052656050958
06061021040,3.5143769968051117,3.5143769968051117,22.134404440894485,22.562230415335456
06037191410,15.555555555555555,15.555555555555555,22.028429999999986,27.304290000000016
06037541606,0.0,100.0,24.103506363636356,25.3577118181818
06037234800,4.166666666666666,13.541666666666666,22.884209999999996,25.44801000000003
06037500600,0.0,0.0,22.030741059602672,27.121117748344435
06037141600,0.0,0.0,26.18102701421788,25.660125592417078
06037302103,0.0,0.0,25.319410000000016,31.185680000000037
06037570601,0.0,0.0,26.378940000000043,25.021390000000032
06037980021,4.3478260869565215,4.3478260869565215,22.248375217391303,25.667713478260872
06037211802,0.0,0.0,22.127156785714295,27.34007357142858
06037262100,3.4394904458598727,3.56687898089172,24.479219210191058,25.903549503184795
06037191720,0.0,0.0,23.533414242424236,28.412416060606066
06037194300,0.0,0.5847953216374269,25.188588918128623,27.603703684210576
06037122420,1.25,5.0,23.854100000000013,26.61857000000004
06037128220,0.0,0.0,25.267501971831006,25.560709859154922
06097152903,0.0,0.0,25.828474568527955,25.485689746192843
06097152904,0.0,0.0,26.46629340764318,26.323725509554283
06061021038,0.0,0.0,21.249476489361506,22.17308393617017
06045011102,1.863932898415657,1.863932898415657,26.199036803355163,27.085240577819103
06037189903,0.0,0.0,24.009350000000005,26.645620000000005
06037194101,0.0,2.0408163265306123,24.009349999999966,26.645619999999965
06037111205,2.2556390977443606,2.2556390977443606,25.368792255639057,24.62828481203011
06037265602,0.0,0.0,24.165140000000005,26.93852695652174
06037115403,0.0,0.0,24.668864202898536,25.274398405797097
06037297201,0.0,0.0,28.559070000000016,29.284930000000013
06037603802,0.0,0.0,22.976249999999986,27.799240000000026
06037125502,0.0,0.0,25.962923384615337,30.442883692307692
06037127103,7.317073170731707,7.317073170731707,23.28794000000002,25.39094
06037127603,0.0,0.0,22.845959999999994,26.497989999999998
06037127711,0.0,0.0,24.15383284552853,26.39878317073176
06037127803,0.0,0.0,23.677550000000046,24.764380000000024
06037127806,0.0,0.0,24.419645692307704,25.485216307692326
06037128101,0.0,0.0,23.612513888888888,25.243925111111114
06037128601,0.0,0.0,25.82164269230771,26.479342307692338
06037128602,0.0,0.0,25.230877482993158,25.49999523809522
06037128802,0.0,0.0,26.35734000000002,27.367400000000057
06029003815,0.0,0.0,21.995940774193663,24.0114730322582
06029003824,0.0,0.0,22.01954911877392,24.147131111111154
06029005804,3.8910505836575875,77.82101167315176,19.908001322957116,20.989350622568065
06029005512,6.796116504854369,9.951456310679612,24.71460310679624,28.607992038835018
06029005806,17.647058823529413,98.73949579831933,21.306137310924324,23.930114537815214
06029005803,1.932367149758454,74.39613526570048,20.28604603864742,22.167529323671488
06029005406,8.529411764705882,36.17647058823529,18.726005235294068,21.59636176470581
06029005410,14.245014245014245,34.472934472934476,18.62293150997157,22.267468575498746
06029005409,0.7194244604316548,88.48920863309353,20.004348021582725,23.10880492805764
06029005408,2.631578947368421,13.421052631578947,20.498868684210446,23.765359657894823
06029002503,0.0,0.0,21.25618258992805,27.345917625899336
06029002305,0.0,0.0,20.41619999999998,23.67857000000003
06029003132,0.0,0.0,23.471599999999945,27.501020000000008
06037131702,0.0,18.181818181818183,23.462039999999938,23.831120000000013
06037132002,0.0,0.0,24.381707337278137,26.711202366863844
06037132101,0.8849557522123894,0.8849557522123894,23.3078345132744,26.579659380530973
06037273502,50.0,50.0,22.333750000000006,24.023969999999977
06037273902,71.42857142857143,73.94957983193278,22.333749999999952,24.023970000000034
06037275102,3.488372093023256,3.488372093023256,23.459552209302316,25.090685697674402
06037275603,5.660377358490567,8.49056603773585,23.67510679245283,24.640696792452797
06037461502,0.0,0.0,22.814559999999933,28.175659999999965
06037461901,0.0,0.0,22.72807162790696,27.9971669767442
06037461902,0.0,0.0,22.64409999999999,27.939399999999985
06037462002,0.0,0.0,22.81456000000002,28.175660000000047
06037462201,0.0,0.0,22.67208597014924,27.978188955223864
06037462202,0.0,0.0,22.644099999999987,27.93939999999998
06037462301,0.0,0.0,22.86507279999998,28.320953066666668
06037231720,0.0,8.771929824561402,22.235599999999984,25.096250000000033
06037403317,0.0,0.0,21.160986416184986,23.17808023121385
06037212410,0.0,0.0,22.949880000000004,27.63826999999999
06037127102,1.282051282051282,1.282051282051282,23.67755000000005,24.764380000000024
06037482201,0.0,0.0,21.564460505050526,24.16824505050509
06037482202,0.0,0.0,21.759890000000027,24.591820000000048
06037482301,0.0,0.0,23.34448113207548,26.875726981132114
06037482303,0.0,0.0,23.444597352941226,26.93617558823534
06037462302,0.0,0.0,22.71025230769229,28.212128923076925
06037463602,0.0,0.0,22.644099999999987,27.93940000000001
06037554513,0.0,0.0,23.141329999999996,22.96981
06037262200,0.0,0.0,25.439086824561528,26.433087526315962
06037297110,0.0,0.0,28.559070000000016,29.284930000000017
06037400603,0.8771929824561403,0.8771929824561403,25.6923862719299,28.550031271929736
06037402200,0.0,0.0,21.1830819414895,21.950011196808404
06037403802,0.0,0.0,24.198603989071056,25.661269781420707
06037408623,0.0,0.0,21.07984867924529,25.55292377358486
06037430801,0.0,0.0,23.794114999999962,27.921967222222232
06073018520,0.0,85.62874251497006,26.966359999999963,31.22382999999993
06073018523,0.0,0.0,26.3895715384615,29.48588000000001
06073018521,13.829787234042554,79.25531914893617,25.85757622340423,27.88289845744685
06073017071,0.0,0.0,28.395339150943382,32.12267632075464
06073008381,0.0,0.0,27.99306375000002,28.859345625
06073017063,3.7037037037037033,3.7037037037037033,27.999637936507813,31.252916190476302
06073017065,0.0,0.0,28.979049616519127,34.47799469026566
06073017064,0.0,0.0,28.515969318181785,32.55907504545442
06073017061,0.7692307692307693,1.153846153846154,29.60134235897422,32.122156538461525
06073017060,1.1661807580174928,1.1661807580174928,27.6325858600583,30.335734285714295
06073008376,0.0,0.0,26.610200000000034,29.525869999999976
06073008375,1.4925373134328357,2.9850746268656714,26.610200000000027,29.525869999999983
06073017058,0.0,0.0,27.805568481012575,31.98660215189875
06073008372,0.0,0.0,28.266319520295173,32.80739501845007
06073008374,0.5376344086021506,0.5376344086021506,28.154886559139722,32.575835913978395
06073008369,0.0,0.0,29.835209999999982,33.618999999999986
06073008370,0.0,0.0,29.83521000000002,33.61900000000002
06073020041,0.0,0.0,26.176170927835066,28.25220298969067
06073020037,0.0,0.0,24.05448539748952,25.343163430962488
06073019810,0.31746031746031744,0.31746031746031744,24.974120571428582,27.5195032063492
06073017406,0.0,0.0,31.194412650176588,31.70972367491158
06073017405,0.0,0.0,30.110849999999992,30.95570466666669
06073017307,1.3071895424836601,1.3071895424836601,30.53634999999999,32.75741999999993
06073017408,0.0,0.0,31.889810000000026,32.193630000000084
06097153102,5.747126436781609,13.793103448275861,24.794020000000028,24.324498333333338
06097153501,1.125703564727955,1.188242651657286,25.19550238273897,25.018380356472687
06081613702,5.533596837944664,5.533596837944664,27.591548181818286,28.836214644268804
06081608025,6.666666666666667,6.666666666666667,25.11275116666663,23.263558583333282
06081610901,0.0,91.54929577464789,23.289130000000043,23.559500000000018
06081604104,0.0,0.0,27.86757636363636,29.196108030303055
06097153903,0.0,0.0,29.28275128205141,28.456008831908743
06081602002,0.0,0.0,24.604809999999958,26.258629999999947
06081612002,0.0,0.0,22.303744197530847,24.014016666666635
06097150901,32.743362831858406,45.13274336283185,25.165960044247875,26.3227208849558
06097150902,0.0,0.0,25.430509169435318,26.868014019933547
06081612102,68.88888888888889,68.88888888888889,22.065479999999987,24.090349999999976
06081611902,75.77639751552795,84.472049689441,22.117144782608758,24.10149826086954
06081600702,0.0,0.0,25.260301764705876,26.41570823529413
06081602602,0.0,0.0,28.207143846153865,29.557394615384617
06081600502,0.0,0.0,25.076250000000027,26.18995999999997
06081600701,0.0,0.0,25.119706666666687,26.243261666666644
06081605502,0.0,98.82352941176471,23.802072588235255,24.70591011764701
06081612101,10.588235294117647,10.588235294117647,22.065479999999987,24.09034999999996
06081602201,1.3513513513513513,1.3513513513513513,25.793485675675687,27.34582594594599
06097154000,0.29354207436399216,0.4892367906066536,28.51152646771037,27.7000183561645
06037403000,0.0,0.0,22.335749500000013,24.89321533333329
06085508006,4.242424242424243,98.18181818181819,22.855530969696993,24.69260448484843
06085506504,0.0,0.0,22.466789999999996,23.428490000000007
06085512511,0.0,100.0,24.663652747252783,27.508416208791225
06073014702,0.0,0.0,23.25023999999996,27.87392
06073005403,0.0,0.0,23.83144,28.837539999999994
06073005402,0.0,0.0,23.855033548387105,28.848607741935474
06073005301,0.0,0.0,23.85725411764705,28.8496494117647
06037403319,0.0,0.0,21.61636196629215,23.121273370786515
06037403320,0.0,0.0,20.80065891719756,22.65560853503197
06061021103,4.240282685512367,4.593639575971731,19.74993848056533,20.844960989399205
06061021502,2.380952380952381,2.380952380952381,20.22998515151524,20.74064800865793
06037109400,0.0,0.0,23.692239999999952,24.94561999999997
06037109500,0.0,0.0,23.71900916030532,24.87425572519081
06037109601,0.0,0.0,23.69224,24.94562000000005
06037406701,0.0,100.0,22.104749999999978,24.213900000000052
06037433302,0.0,0.0,21.54616127659575,23.655843617021283
06037433403,0.0,0.0,21.343629892473132,23.944520322580644
06073013424,0.0,0.0,23.06271056818179,28.054633693181838
06073016403,1.8480492813141685,14.37371663244353,21.61813468172477,25.600190924024822
06055200704,0.975609756097561,0.975609756097561,24.95743682926834,23.627841073170735
06073009109,5.88235294117647,17.647058823529413,27.305418235294123,28.979134117647053
06073007402,0.0,0.0,24.143917903225834,28.31459612903233
06073016621,0.0,0.0,23.34738368421059,24.11092497607654
06013380001,5.454545454545454,7.2727272727272725,26.292418727272764,24.330876727272784
06013380002,0.0,10.0,26.280787272727324,24.400207272727325
06073017407,0.0,0.0,30.179401082802485,31.572090764331183
06073008378,0.0,0.0,26.610199999999995,29.52587
06097153001,0.0,0.0,25.454841395348957,24.994769844961127
06097153005,5.063291139240507,7.067510548523207,26.174047879747107,26.420126213080103
06081612001,42.857142857142854,43.956043956043956,22.64870362637361,23.903501098901035
06081611901,21.138211382113823,36.58536585365854,22.332219674796786,24.004893902438987
06081602202,0.0,0.0,27.38255736842105,28.799235263157918
06081608024,0.0,0.0,25.191063061224483,23.468390612244885
06081610902,0.0,65.1685393258427,23.289130000000057,23.55950000000002
06081605501,0.0,100.0,23.787050000000015,24.80768
06081606201,47.5609756097561,92.6829268292683,23.89346,24.08681000000001
06081605902,0.0,70.2127659574468,23.89346,24.08681000000001
06081606202,2.5,10.0,23.89346,24.08681000000001
06081601301,0.0,0.0,25.250076666666676,26.403166666666657
06081601302,0.0,6.0606060606060606,25.99007227272729,26.87205166666665
06081604103,1.1764705882352942,1.1764705882352942,25.234189294117634,25.832785529411773
06081613701,0.0,0.0,27.24184646496816,28.200413439490415
06081605901,0.0,0.0,23.89346,24.08681000000001
06081600501,0.0,0.0,25.076250000000027,26.189959999999974
06037482304,0.0,0.0,23.328983466666646,26.86636973333336
06037482401,0.0,0.0,19.691460000000003,24.670090000000034
06029003826,0.0,0.0,21.426541999999923,24.741346214285734
06029003818,0.0,0.0,22.619605671641835,24.44865910447765
06019001000,0.0,16.872427983539097,22.08305851851849,22.708542222222242
06019001100,7.738095238095238,80.35714285714286,22.151252500000048,22.861090238095176
06037554406,0.0,0.0,23.92748111111106,23.97890277777777
06037701902,1.4705882352941175,1.4705882352941175,25.77950941176467,29.930614411764683
06037702102,0.0,0.0,25.860090000000003,30.013609999999975
06037431501,0.0,0.0,22.3636313868613,26.186967226277346
06037431502,0.0,0.0,23.498509999999932,27.16611000000004
06037433304,0.0,0.0,21.633420000000033,23.53146999999997
06037433305,0.0,0.0,21.633420000000033,23.53146999999997
06037433306,0.0,0.0,21.63342000000002,23.531469999999985
06075016802,0.0,0.0,22.344929999999987,24.10064
06019001201,3.968253968253968,73.4126984126984,22.535867460317483,23.579923571428477
06037482503,0.0,0.0,21.73284549450552,25.344924175824197
06075017101,0.0,0.0,23.905269999999984,24.742659999999997
06075017801,0.0,0.0,22.17683,24.25103000000001
06075022704,0.0,0.0,22.176830000000034,24.251029999999968
06075025701,0.0,0.0,22.445830000000033,23.814720000000023
06075025702,0.0,0.0,22.78662029411765,24.38509720588235
06075031201,0.0,0.0,24.669297435897466,24.724797948717985
06075031202,0.0,0.0,24.866762790697653,25.435737674418622
06075032602,0.0,0.0,24.221510000000027,24.57444000000003
06075032801,0.0,0.0,23.717858311688286,24.245120779220816
06075032802,0.0,0.0,24.177222394366208,24.545481971831016
06075032901,0.0,0.0,23.697439999999965,24.231770000000026
06041119202,0.0,17.08185053380783,26.639315195729452,24.273888185053494
06037433402,0.0,0.0,19.840879999999977,23.393350000000037
06037480011,0.0,0.0,23.164425211267584,27.8816622535212
06037481711,0.0,0.0,24.09168999999998,27.326880000000017
06037501700,0.0,0.0,22.447239999999972,23.727839999999993
06037531101,0.0,0.0,18.991431477272734,20.62760704545457
06037533105,0.0,0.0,22.586405862068972,25.085524137931024
06037533701,0.0,0.0,21.07246999999999,23.68405
06037541500,0.0,22.608695652173914,22.86229999999995,25.0951
06037552601,0.0,0.0,23.141329999999964,22.969810000000038
06037554517,0.0,0.0,26.186098650306786,26.42282300613504
06037117302,0.0,0.0,23.64175945054938,26.62579252747243
06037117303,0.5076142131979695,2.5380710659898478,23.600309999999904,26.713499999999915
06037117520,0.0,0.0,24.678350000000012,25.705199999999994
06037482600,0.0,0.0,21.618119379310407,24.284545586206775
06037482701,0.0,0.0,20.55067000000005,21.970949999999938
06041119201,9.803921568627452,53.92156862745098,27.006451568627497,24.87570372549018
06061020908,3.2015065913371,3.2015065913371,21.30912442561194,22.6741290960454
06061021046,1.9900497512437811,2.4875621890547266,20.445209999999946,22.422709999999924
06061021034,2.6178010471204187,2.6178010471204187,20.685539842931885,21.989442984293124
06061021044,0.0,0.3546099290780142,21.63274854609914,21.74175241134748
06037572500,0.0,0.0,26.40513449275362,25.450776666666695
06037132102,3.1847133757961785,3.1847133757961785,23.05337375796185,26.520820955413946
06037132501,0.0,25.301204819277107,23.462039999999945,23.831120000000038
06037132502,12.941176470588237,29.411764705882355,23.462039999999945,23.831120000000038
06037134002,0.0,0.0,24.095579999999988,24.45184999999997
06037134423,0.0,0.0,25.908184057970985,26.438985942028925
06037134904,2.18978102189781,2.18978102189781,24.09558000000004,24.45184999999995
06037137104,0.0,0.0,27.456640000000075,28.679119999999863
06037139001,0.0,0.0,26.673859999999955,28.785350000000083
06037139402,0.0,0.0,28.29609211267596,28.85781436619725
06037480303,0.0,0.0,21.557503214285727,23.860178571428552
06037910210,0.0,0.0,25.323735345268563,24.145336547314688
06037910712,0.0,0.0,28.0374499999999,27.43424999999996
06037910713,0.0,71.17903930131004,27.835699999999907,26.349720000000097
06037920045,0.45662100456621,1.36986301369863,25.74445999999991,30.962739999999958
06037980001,0.0,0.0,22.360920000000004,26.86399
06037980002,,,,
06037980004,,,,
06037575103,0.0,0.0,24.698519999999974,24.633084444444417
06037575202,0.0,0.0,27.257720000000003,27.312719999999974
06037601002,0.0,0.0,24.42622000000004,27.387790000000024
06037603102,0.0,2.272727272727273,24.27671909090911,27.627924204545447
06037620521,0.0,0.0,23.400947142857163,27.633951428571454
06037900701,0.0,0.4608294930875576,26.609759769585256,27.979275944700472
06037910709,0.0,0.0,27.89396197872325,26.887435191489455
06037910810,0.3076923076923077,4.3076923076923075,25.851471384615373,29.829287415384588
06037920043,11.548913043478262,12.771739130434783,27.043531290760924,28.626271820652324
06037920104,15.238095238095239,20.476190476190474,26.36181192857155,30.904929142857345
06037920303,0.0,0.0,25.15626266375543,26.554395764192176
06019003805,0.0,0.0,23.33889268292677,21.6622039024391
06037433307,0.0,0.0,21.63342,23.53147000000001
06037269907,0.0,0.0,23.326102222222218,25.000214444444445
06037120300,0.0,0.0,23.79853506097564,25.162943658536673
06037120400,0.0,0.0,23.3330846564886,24.97875694656497
06037121010,0.0,0.0,23.264158251366112,26.204112786885165
06037121020,0.0,0.0,23.776896363636375,26.451165909090953
06037293306,0.0,0.0,27.933643999999976,25.57816862499998
06037570404,0.0,0.0,24.099750222222248,25.156670777777745
06037571504,0.0,0.0,27.751724926470654,26.334441470588278
06075033203,0.0,0.0,25.858469999999972,27.149390000000025
06075033204,0.0,0.0,24.6050726,25.45717040000001
06075042601,0.0,0.0,24.672645106382976,25.184981489361725
06075042602,0.0,0.0,24.728699767441853,25.26084279069769
06075047801,0.0,0.0,24.221510000000016,24.574440000000017
06075061200,0.0,0.0,23.193369999999977,25.06586999999998
06037121210,0.0,0.0,23.15101161016948,25.680367118644043
06037121600,0.0,0.0,23.292346818181834,25.350704545454608
06037124000,0.0,0.0,25.795474761904718,25.960655714285775
06037124102,0.0,0.0,26.69156999999997,27.01406999999996
06037124600,0.0,0.0,24.875052499999985,24.915495624999977
06087101100,1.6597510373443984,2.0746887966804977,26.386046182572567,27.213647468879607
06087120200,2.4640657084188913,2.6694045174537986,27.96628321355239,28.210375205338888
06087120400,5.419580419580419,6.8181818181818175,28.751642010489544,28.90364867132873
06087120700,11.670480549199084,14.416475972540047,28.363249748283643,27.63444530892441
06087121200,6.081601231716705,6.697459584295612,28.69782979984579,28.330010600461897
06087121401,0.0,0.0,26.40605000000004,24.688590000000065
06087121403,1.36986301369863,1.36986301369863,26.40177417808223,24.700508219178158
06075980300,0.0,0.0,24.076790000000013,24.651422033898328
06075012502,0.0,0.0,24.68275,23.72476
06075980200,0.0,0.0,24.82731999999999,25.39431000000001
06061021039,5.472636815920398,5.472636815920398,22.108672437810924,21.7531662189055
06061021403,2.3890784982935154,2.7303754266211606,22.1705866552902,22.43209354948799
06061021037,0.0,0.0,21.28775390243904,22.161203495934924
06037482702,0.0,0.0,20.550670000000036,21.970949999999952
06037500202,0.0,0.5272407732864675,22.722009050966708,24.360252899824104
06061020401,1.2738853503184715,1.2738853503184715,19.343469999999947,19.802880000000044
06037141102,0.0,0.0,25.85429000000005,26.619430000000037
06037141201,0.0,0.0,26.338052631578968,25.93142736842109
06037141202,0.0,0.0,26.321211649484574,25.955378453608265
06037141304,0.0,0.0,26.385760344827617,25.930860804597735
06037143603,0.0,0.0,25.568054999999998,28.17844500000001
06037183221,0.0,0.0,25.2946448076923,28.626549903846197
06037183222,0.0,0.0,27.029517039999988,29.84277895999994
06037183401,0.0,0.0,23.513770000000015,27.461960000000033
06037910606,0.0,79.00552486187846,27.938993812154635,27.427984640883952
06095251100,0.8,0.8,25.63363920000002,24.225967200000003
06095253108,2.336448598130841,14.953271028037381,28.392242803738288,27.95985598130846
06095253300,22.883064516129032,22.883064516129032,27.25355498991947,27.22192482862911
06037121900,1.574803149606299,1.574803149606299,23.680645196850406,26.57473236220479
06059021903,2.2522522522522523,2.2522522522522523,23.35119666666678,27.210079999999998
06059021914,0.43478260869565216,1.3043478260869565,22.160872608695655,29.533690434782606
06059021919,0.0,0.0,23.88978517699127,29.516661238937946
06059052408,4.929577464788732,5.164319248826291,20.3011152112677,27.84694964788749
06059052415,0.0,0.0,20.5049666028709,27.8779017703349
06037122000,2.9787234042553195,2.9787234042553195,23.313930851063933,25.15363642553206
06097150602,0.0,0.0,26.898820047393368,26.74627862559232
06097151203,3.492063492063492,3.492063492063492,25.898630000000043,25.152413999999972
06037122120,11.650485436893204,11.650485436893204,22.781329902912653,26.79489116504855
06037122200,0.0,0.0,22.461898644067837,26.924983559321987
06037123020,0.0,0.0,22.36092000000002,26.863990000000044
06037123103,0.0,0.0,22.684765411764737,27.13948000000002
06037980005,,,,
06059052416,0.0,0.0,20.803240750000064,28.01010475000005
06059052417,0.0,0.0,21.911070000000088,28.86683999999988
06059074106,0.0,0.0,22.193737356321808,28.409969310344845
06059074107,0.0,0.0,21.814679999999964,28.43269999999994
06013322000,11.62280701754386,20.175438596491226,24.24040410087718,25.91664866228074
06013314103,0.0,0.0,22.353125348837196,23.603376976744126
06013356002,6.91358024691358,6.91358024691358,26.095489913580085,26.431887160494075
06013354002,0.757002271006813,0.757002271006813,26.92502978046924,26.267008031793683
06013321103,8.83838383838384,11.11111111111111,25.381120530303033,26.09743931818192
06013353001,1.309328968903437,1.309328968903437,25.23305572831407,25.945030572831154
06013309000,15.646258503401361,23.809523809523807,22.121637687074823,22.604251768707453
06013323000,0.0,19.69111969111969,24.25149625482633,25.947018069497965
06013359203,0.5420054200542005,0.5420054200542005,26.553677588075825,25.76229124661254
06097151301,4.697986577181208,6.7114093959731544,25.69585000000004,24.875910000000083
06097151305,0.0,0.0,25.82715719745227,24.83818598726123
06097151306,3.076923076923077,3.076923076923077,26.3511462307692,24.718068538461523
06037101110,0.0,0.0,25.44842000000005,28.639990000000033
06037101220,0.0,0.0,27.295946105263116,30.46865473684207
06097151310,0.0,0.0,26.17760993788821,25.532821677018664
06013369001,15.131578947368421,24.342105263157894,26.333977499999932,24.574065526315824
06001408200,0.0,0.0,22.615870000000047,25.02464999999995
06037113301,0.0,0.0,25.341891840796055,24.6454313930347
06037113303,1.9138755980861244,6.220095693779904,23.755048468899577,24.071696507177037
06037113322,0.847457627118644,4.661016949152542,24.82039008474568,25.628790762711823
06001408400,1.282051282051282,6.41025641025641,22.615870000000026,25.024650000000022
06001408500,1.7543859649122806,53.50877192982456,22.615870000000044,25.02464999999997
06001408600,0.0,0.0,22.522649534883758,25.01764162790697
06001408700,0.0,0.0,22.308970750000032,25.001577125000043
06037106020,0.0,0.0,29.676214822134504,29.469126600790386
06037106111,5.909090909090909,5.909090909090909,28.837800909090905,29.088945727272687
06089010100,0.0,0.0,24.789819999999974,25.128850000000043
06097151504,0.0,0.0,25.403660909090892,24.412532727272698
06097151311,0.0,4.487179487179487,27.12408413461536,26.823402115384752
06059099239,4.81283422459893,4.81283422459893,22.64888828877013,28.695685080213902
06059099305,0.0,0.0,23.18807999999993,28.84247999999996
06059099306,0.0,0.0,23.188079999999932,28.842479999999927
06059099251,0.0,0.0,25.023650000000053,30.057330000000064
06059099307,0.0,0.0,23.478333829787253,28.6557468085107
06059099903,2.054794520547945,100.0,22.519029999999958,30.35982999999999
06059099905,0.0,100.0,23.17607499999998,30.181692999999967
06059099906,0.4484304932735426,100.0,24.326149282511174,29.869886681614485
06001408800,1.1494252873563218,17.24137931034483,22.11481000000002,24.986979999999967
06001408900,2.73972602739726,89.04109589041096,22.416818767123303,25.00968520547945
06001409100,0.0,0.0,24.303740000000005,25.991170000000007
06001409200,10.112359550561797,12.359550561797752,24.30374000000001,25.991169999999983
06001409300,0.0,0.0,24.30373999999996,25.991169999999926
06059110007,1.9607843137254901,1.9607843137254901,24.656757607843087,27.238981254901912
06059032002,0.0,0.0,22.148011947194604,27.11731353135307
06037115101,0.5882352941176471,2.7450980392156863,23.714610000000288,26.471639999999855
06037115202,0.0,0.0,25.05968664974619,24.784058527918685
06037115301,1.9047619047619049,10.952380952380953,25.320550000000036,24.45676999999987
06059032003,0.7462686567164178,0.7462686567164178,22.187839999999905,27.15751999999994
06059032012,0.881057268722467,1.3215859030837005,22.10343678414091,27.316729911894235
06059032013,0.0,0.823045267489712,22.07446999999991,27.3713699999999
06059052424,0.0,0.0,21.820340000000094,28.46090999999988
06059052425,0.9900990099009901,0.9900990099009901,21.764543465346648,28.61344871287117
06059052427,0.0,0.0,22.565904394904532,29.20360050955409
06095252702,42.35294117647059,46.1764705882353,26.32487702941178,25.322592029411847
06013306002,0.3597122302158274,1.079136690647482,24.67305568345323,23.73655438848937
06013326000,0.6097560975609756,0.6097560975609756,24.87118374999994,25.40983984756094
06013340001,1.791044776119403,7.164179104477612,25.050908776119293,24.71530626865659
06013301000,81.84568835098335,81.99697428139183,23.646458547655097,22.636845295007394
06013361000,0.33783783783783783,0.33783783783783783,26.864037398648748,25.088356486486557
06013352102,1.436265709156194,1.436265709156194,25.654315080790084,27.213646337522363
06013338302,2.5167785234899327,2.5167785234899327,24.26826206375842,25.35558132550325
06013346101,0.27548209366391185,0.27548209366391185,24.051479201101785,25.192420909090828
06013378000,13.18181818181818,15.909090909090908,26.166098954545543,24.30934277272735
06013349000,6.651376146788992,12.155963302752294,25.826031399082712,24.593893325688246
06013369002,0.7042253521126761,1.4084507042253522,26.379579999999923,24.578660000000024
06013345105,3.7914691943127963,7.345971563981042,22.50049000000017,24.731519999999943
06013337300,0.4728132387706856,0.7092198581560284,24.211779763593356,25.91512572104006
06013343003,6.320541760722348,6.772009029345373,24.414887358916488,25.247713589164707
06013345103,7.309941520467836,8.47953216374269,20.990730935672698,23.718561929824737
06013352202,5.371900826446281,7.43801652892562,25.32340574380172,27.224161735537223
06013346102,4.239917269906929,10.444674250258531,24.00010122026886,25.102008872802205
06013321200,3.414634146341464,4.390243902439024,23.88160000000001,25.106090000000133
06013325000,13.192612137203167,25.857519788918204,24.740350316622642,25.183920844327105
06013343001,2.717391304347826,3.260869565217391,24.903098451086898,25.13128418478251
06013321102,0.0,0.0,24.487898785046728,25.724322168224177
06013307204,1.4285714285714286,1.4285714285714286,22.488212571428573,22.435544571428554
06001409400,0.0,0.0,24.303739999999998,25.991169999999972
06001409500,0.0,14.285714285714285,23.163879740259755,25.338455194805203
06001409600,0.0,18.75,22.856994285714325,25.16272428571425
06001409700,0.9009009009009009,16.216216216216218,22.61587000000004,25.024649999999973
06001410100,0.0,0.0,24.524069393939424,26.423985050505074
06059052428,0.0,0.0,22.70004154929575,29.20382225352121
06095250900,0.0,1.5384615384615385,26.041269999999994,23.34795000000002
06095252104,0.0,0.0,25.585717175000077,26.98341345000015
06095252102,1.593625498007968,1.9920318725099602,25.776999083665395,25.72916737051794
06095252604,0.0,0.0,27.352969999999946,25.05875999999993
06095251902,0.0,0.43103448275862066,26.176667586206904,23.327620344827565
06095252910,16.73469387755102,76.73469387755102,27.733274897959244,27.046874448979505
06037115401,0.0,0.0,23.714609999999997,26.471639999999958
06077004104,0.0,81.35593220338984,23.67557044067791,22.362884067796596
06077004203,0.0,100.0,23.456202653061254,22.761152040816256
06001410200,0.0,0.0,24.416362643678184,26.204158045977028
06001410400,0.0,0.0,24.303739999999998,25.991169999999972
06001420100,0.0,0.0,25.873610000000042,24.676909999999964
06001420200,0.0,0.0,25.87361000000003,24.676909999999975
06059087001,9.75609756097561,100.0,25.164270000000105,28.10517999999996
06059087002,0.0,100.0,25.145437630057906,28.25939734104041
06111001402,0.0,0.0,26.5999462608696,31.92977060869578
06111001506,1.4084507042253522,5.164319248826291,27.423399436619608,32.944281971830854
06029003217,0.0,0.0,23.471599999999977,27.501020000000047
06029000913,0.0,0.0,21.736519854368876,22.93541810679614
06029003208,0.0,0.0,21.211152310924376,28.138734663865552
06029003207,0.0,0.0,21.659250000000064,28.554830000000035
06029003216,0.0,0.0,23.163114893616992,27.680391914893672
06029003211,0.0,0.0,22.545174773869306,27.12446150753765
06029004305,0.0,0.0,20.588400900473946,23.87350497630331
06029000914,0.0,0.0,22.900428265896082,24.009459335259997
06029003129,0.0,0.0,21.66845000000003,26.169739999999965
06029001003,0.0,10.909090909090908,20.822932000000055,23.79954145454551
06029003215,0.0,0.0,21.37558419672133,25.272608721311418
06029003214,0.0,0.0,21.16471000000001,24.986359999999976
06029002201,0.0,0.0,23.57509000000002,26.839639999999992
06029003001,0.0,0.0,23.10298000000002,27.317989999999984
06029003126,0.0,0.0,22.636145149700635,27.71792628742511
06029003137,0.0,0.0,21.65925000000001,28.55483000000003
06029006406,100.0,100.0,21.3791189115646,26.235095918367264
06029006405,100.0,100.0,21.8796070588235,26.62681992647052
06029003823,0.0,0.0,22.59613470802918,25.92846431873495
06029003136,0.0,0.0,22.344406707317063,28.156438414634163
06029003213,0.0,0.0,22.063995268817237,24.862746344086048
06029002502,0.0,0.0,21.242799999999992,27.346119999999978
06029005208,3.653355989804588,3.993203058623619,21.99781491928646,21.72098155480032
06029005805,29.84293193717277,68.06282722513089,21.11611392670157,23.610796178010467
06029003821,0.0,0.0,23.14252946859908,25.817901111111144
06029000912,0.0,0.0,21.300013758865294,23.080983120567403
06029000510,0.0,0.0,22.98850054545451,24.308716181818152
06029004001,0.0,0.0,21.907517871621717,24.622049189189205
06029003825,0.0,0.0,21.203689586206885,24.55279827586215
06029000911,0.0,0.0,21.25657999999999,22.988460000000018
06029000603,0.0,0.0,22.33757999999996,26.084229999999984
06029001402,0.0,20.37037037037037,21.988250000000026,24.795219999999976
06029005510,15.966386554621847,70.21475256769374,20.672933146592158,21.10340610644278
06029003221,0.0,0.0,23.474286877637045,27.42050443037962
06029003822,0.0,0.0,21.80876663316592,24.873213969849026
06029005205,6.474820143884892,9.532374100719425,21.658008291366997,24.263770665467753
06029001302,0.0,0.0,22.004128636363685,24.853811363636343
06029000701,0.0,17.142857142857142,22.100534642857117,25.209544642857114
06029001401,0.0,14.619883040935672,21.988249999999972,24.795219999999976
06029000106,0.0,2.197802197802198,24.659163736263743,24.770712857142854
06029000105,0.0,0.0,23.94353333333327,25.27703299145302
06029000508,0.0,0.0,23.246529999999932,24.800000000000082
06029000509,0.0,0.0,23.018519662921317,24.33385179775278
06029003820,0.0,0.0,23.2418591691396,25.758741246290725
06111001507,0.0,3.763440860215054,27.713570752688042,33.2520323655913
06111001602,0.0,0.0,28.420881874999928,34.19105531249995
06111002000,0.0,0.0,26.20692722513093,29.362191204188438
06001420500,1.639344262295082,1.639344262295082,25.873610000000028,24.676909999999978
06059099240,0.5076142131979695,0.5076142131979695,22.305115279187902,28.788867817258875
06059099308,0.0,0.0,22.55562999999989,29.50482000000009
06001421100,0.0,0.0,27.53443000000003,25.822310000000012
06001421400,0.0,0.0,27.534429999999976,25.822310000000012
06001421700,0.0,0.0,27.534429999999993,25.82231000000001
06001421800,0.0,0.0,27.18355253521126,25.580324084507044
06001421900,0.8130081300813009,0.8130081300813009,25.873610000000063,24.676910000000017
06059099309,0.0,0.0,22.743140301507456,29.308447839196063
06059099310,0.0,0.0,22.55562999999999,29.50482000000007
06059099402,0.6493506493506493,0.6493506493506493,22.65618363636359,29.89451194805198
06059099404,66.84782608695652,66.84782608695652,22.564940000000096,30.026389999999996
06059110004,0.0,100.0,22.73587653465346,30.301038910891176
06059110005,0.7246376811594203,100.0,24.799564347826035,28.92953304347824
06001420600,0.9090909090909091,0.9090909090909091,25.873610000000056,24.676910000000003
06059032046,1.694915254237288,2.0715630885122414,23.43202544256106,24.583880451977244
06059001901,0.0,100.0,22.400659999999977,26.883429999999983
06111000903,12.42603550295858,32.781065088757394,30.292033266271876,31.5312914319523
06111001101,7.076923076923077,10.76923076923077,28.94684535384607,27.00654750769212
06111001201,2.7559055118110236,12.204724409448819,26.679676692913407,29.412237637795354
06111001202,0.0,0.0,27.038475702005652,31.78643936962756
06059052528,0.0,0.0,22.4972906557377,31.176365901639414
06059032043,0.0,0.0,23.5747705128205,26.562180769230803
06059042205,0.0,1.3824884792626728,21.52293868663593,23.343256682027757
06059089107,14.619883040935672,14.619883040935672,24.17495444444443,28.429386900584838
06059042324,0.0,1.0362694300518136,21.827272461139813,26.681399611399076
06059052423,0.4032258064516129,0.4032258064516129,21.9445767338711,28.725435524193433
06059052506,0.0,0.0,22.119863679999956,29.915358560000072
06059001706,0.408997955010225,4.294478527607362,25.469028179959082,27.900592229039034
06059021802,0.0,0.0,22.044068937500008,26.36654175000009
06059086405,0.0,100.0,23.7761243870967,27.88182690322586
06059074501,0.0,0.0,21.409760000000002,27.49793999999999
06059032011,19.384615384615383,22.153846153846153,24.38036190769235,29.99854560000008
06059021821,3.5897435897435894,46.15384615384615,23.6541900000001,27.09571999999999
06059075605,2.575107296137339,2.575107296137339,21.97694152360528,28.970841738197315
06059032014,2.7472527472527473,4.395604395604396,22.111272307692246,31.583246483516483
06059032015,1.3333333333333335,2.666666666666667,22.169804466666523,28.602237999999932
06059032020,0.0,0.0,21.27543554794521,26.236446575342562
06059032022,2.135231316725979,2.135231316725979,23.268451387900402,25.862156512455464
06059052502,3.8461538461538463,4.700854700854701,22.128649743589776,29.170279615384533
06059052505,0.0,1.3513513513513513,21.91764256756763,29.01059722972977
06059052511,0.45454545454545453,0.45454545454545453,22.54729909090906,29.772435590908984
06059052514,1.8072289156626504,1.8072289156626504,22.566929999999964,29.221320000000013
06059087101,0.9090909090909091,100.0,24.98327000000002,29.587379999999968
06059087102,0.0,100.0,24.983270000000005,29.58737999999997
06059087103,0.0,100.0,24.983269999999944,29.587379999999953
06059087105,0.0,100.0,25.274186944444473,29.026128194444418
06059087106,0.0,100.0,25.341635773195893,28.896002474226776
06105000200,6.790123456790123,7.87037037037037,23.206706990740745,23.921034290123337
06023010901,4.444444444444445,7.555555555555555,24.260521977777934,26.595275177778028
06023010902,14.84848484848485,15.03030303030303,23.366205842424208,24.705256321212104
06023011600,5.85480093676815,5.85480093676815,23.105814654566757,24.267478015222363
06023001300,34.6031746031746,34.6031746031746,24.7474237460317,26.644599904761904
06023010504,4.0,4.0,23.848128450000008,24.990451125000035
06023010503,2.5547445255474455,2.5547445255474455,23.785637116788276,24.9589298175183
06023011502,3.7037037037037033,3.7037037037037033,23.62238590476192,24.2016911111109
06023011501,5.340909090909091,5.909090909090909,23.947082625000103,25.035270204545462
06023010701,1.8092105263157896,1.8092105263157896,25.63543123355262,28.707679144737043
06023010702,15.681233933161954,16.195372750642672,25.067044987146506,28.005535192802274
06023001103,8.51063829787234,8.51063829787234,25.061128652482267,26.05930744680852
06023001001,4.477611940298507,4.477611940298507,24.507161940298563,24.806996567164177
06023001002,2.564102564102564,2.564102564102564,24.440741111111166,24.728378717948715
06023001102,18.05157593123209,18.624641833810887,24.907027020057185,25.460136131805058
06093001003,0.0,0.0,27.051436183115452,26.80195592152233
06093000901,2.7722772277227725,3.1683168316831685,26.052701465346324,27.285201861386184
06093001002,1.5126050420168067,1.5126050420168067,27.344586168067455,27.1798095630252
06093001001,0.9900990099009901,0.9900990099009901,25.507391900990257,25.153523940594354
06077004600,4.377766847024103,18.83915395966552,22.787438598130734,21.826473103787883
06077004800,10.207253886010363,40.10362694300518,18.90806093782399,21.037656720207465
06077005127,0.0,100.0,21.98380897872339,21.95124561702125
06059001402,0.0,0.0,22.6542633136095,25.19948757396451
06059001403,0.0,10.493827160493826,22.653016851851874,25.199141296296315
06059001404,0.0,0.0,23.95053898305086,25.652616101694967
06059001501,0.6557377049180327,0.6557377049180327,22.796263836065457,25.184194000000026
06059001503,1.694915254237288,15.677966101694915,23.794894788135625,25.881210974576334
06059032027,8.064516129032258,10.75268817204301,21.730446989247397,28.4309738172042
06059032028,0.0,0.7874015748031495,22.048942362204755,27.650139842519764
06059032029,3.614457831325301,3.614457831325301,21.932495361445874,28.533137168674582
06059032030,0.0,0.0,22.038930050251377,28.378310753768712
06075023102,0.0,0.0,23.193369999999977,25.065869999999972
06075023200,0.0,0.0,23.193369999999973,25.065869999999958
06059052518,0.0,0.0,21.74055213114752,29.99882295081966
06059052519,1.7857142857142856,1.7857142857142856,21.720576249999947,28.480387500000035
06059052520,2.4193548387096775,2.4193548387096775,22.427939354838674,29.099641935483934
06059052521,4.166666666666666,14.583333333333334,21.376553229166614,28.185901666666677
06075023300,0.0,0.0,23.16178099999998,25.035489499999986
06075022901,0.0,0.0,22.363275454545445,24.04865454545454
06001407000,0.0,0.0,23.325389999999974,26.33597999999995
06001407200,1.0309278350515463,63.91752577319587,22.06622185567013,24.76408144329899
06085504316,2.6490066225165565,34.437086092715234,20.61310735099342,24.652325629139114
06001407300,0.0,51.28205128205128,22.096056153846174,24.955788461538422
06001407400,0.0,12.857142857142856,22.114810000000016,24.986979999999964
06001407600,3.3783783783783785,5.405405405405405,22.26204270270273,25.1510475675676
06001407700,0.0,0.0,22.142132647058848,24.998284044117664
06001407800,1.2048192771084338,1.2048192771084338,22.9748586746988,25.87008891566263
06071007105,11.811023622047244,27.95275590551181,18.83235488188971,21.28137803149605
06071002204,0.0,20.77151335311573,22.7040056379821,27.21921436201782
06071009717,1.308139534883721,2.9069767441860463,17.43568130813968,21.796148808139375
06071940100,5.492730210016155,5.492730210016155,17.79591021001619,16.820769822293983
06071008705,29.82456140350877,36.622807017543856,23.001714429824656,26.151999714912524
06071008302,0.27100271002710025,0.27100271002710025,22.121521219512076,24.018148292682955
06071004601,0.9771986970684038,28.013029315960914,25.18952068403911,27.16356899022803
06085503324,0.0,0.0,20.22312000000006,24.895610000000026
06071004503,5.324459234608985,9.983361064891847,23.752298752079724,27.940827437604167
06071007800,22.68041237113402,27.835051546391753,21.495196185567,22.617080412371166
06071001600,3.669724770642202,37.15596330275229,24.780637798165277,24.16927637614678
06071011300,10.996563573883162,11.168384879725087,23.602726701030914,26.0376251030928
06071000111,0.0,0.0,23.92650316526612,26.81480820728289
06071010023,0.0,0.0,22.956168035230192,27.297000691056716
06071007407,0.0,76.52173913043478,21.597189999999966,24.66298000000003
06001423700,0.0,0.0,27.286885185185163,26.396067037037067
06001423800,0.0,6.289308176100629,27.569191320754708,27.028510754716926
06059001504,0.0,0.0,21.531779999999934,24.33003999999994
06085503509,0.0,0.0,20.70979659863951,25.377529183673506
06071004800,0.0,0.0,23.176626603773617,25.867119245283007
06001423901,0.0,0.0,26.874790000000008,25.47286000000001
06001427700,7.377049180327869,10.655737704918032,23.631441967213092,23.39766295081966
06059001506,1.293103448275862,2.586206896551724,21.492239827586182,24.308887931034395
06059001507,4.761904761904762,7.936507936507936,21.53177999999997,24.330039999999972
06059001705,5.0228310502283104,5.0228310502283104,24.485278995433752,26.3123267123287
06059032031,0.0,0.0,22.976185505618044,28.024147359550692
06059032032,0.0,0.0,22.33354812500009,28.212395624999967
06109003102,0.0,0.0,23.783395677965974,26.132651045197676
06109004101,1.521555367709214,1.521555367709214,20.566047464074394,22.52909912933215
06109003103,1.1111111111111112,1.1111111111111112,23.074913074074157,24.863475648148192
06109004102,1.0869565217391304,1.0869565217391304,20.811734048913156,23.71459097826089
06109005102,3.389830508474576,3.389830508474576,18.873308972457664,21.865583400423766
06109004202,1.9340159271899888,1.9340159271899888,22.864062491467603,24.53938460750855
06109005101,1.6894087069525665,1.6894087069525665,20.00601103313839,22.27646681611439
06109002101,2.748414376321353,2.748414376321353,19.048723435518045,21.659671257928007
06109002102,0.18761726078799248,0.18761726078799248,21.47420146341459,23.852246979362032
06109003101,1.1419249592169658,1.1419249592169658,23.038285513866146,26.226228352365403
06059032034,0.0,0.0,22.66822260869573,27.66820534161499
06059032035,12.418300653594772,12.418300653594772,22.961951764705944,27.98143921568639
06059032036,0.0,0.0,21.70524432989693,26.68321077319596
06059052523,6.164383561643835,6.164383561643835,21.335869999999925,28.143599999999967
06059052524,1.8691588785046727,18.69158878504673,22.12407999999998,29.102369999999894
06059052526,0.0,0.628930817610063,22.440935660377363,30.98799622641518
06059052527,2.711864406779661,14.237288135593221,22.496130000000168,31.208950000000137
06059062605,4.3478260869565215,5.217391304347826,23.778592782608687,27.42493200000006
06071004700,0.0,0.0,23.762137289719636,26.826282429906595
06001427800,0.0,0.0,22.622846147540987,22.9931618852459
06085504317,0.0,10.429447852760736,20.636530981595122,24.24343883435585
06085504319,13.698630136986301,49.77168949771689,19.6575371689498,24.819055068493153
06085504320,13.333333333333334,13.333333333333334,20.712979416666688,24.73717941666671
06071009712,53.61890694239291,53.61890694239291,19.438900561299693,22.955669985229164
06071009713,40.212150433944075,40.212150433944075,16.901303307617955,21.119557434908707
06071010700,2.406417112299465,12.299465240641712,20.447280989304677,19.83358617647055
06071010024,8.300395256916996,8.300395256916996,21.93881034584989,23.782502164031268
06071008301,0.0,0.0,22.920205801886553,23.930421014151175
06071000109,0.0,0.0,22.613899927184388,24.994509393203966
06071008901,8.993576017130621,8.993576017130621,20.786316659528925,21.68348995717359
06071009400,0.7905138339920948,4.743083003952568,18.411152055335986,23.224771067193668
06071010300,9.550917141049968,9.550917141049968,15.892166698292273,21.198055483870956
06071010022,2.0408163265306123,2.0408163265306123,19.220856623376836,19.442336883116834
06071000812,2.247191011235955,27.715355805243448,25.59795647940065,25.499226816479386
06071000104,0.0,0.0,22.095658974359,25.525203589743626
06071010413,10.12909632571996,10.12909632571996,20.10261336643483,27.93618425024819
06071010415,18.626155878467635,18.890356671070013,21.440454966974595,24.523673844121518
06071009708,6.200527704485488,6.200527704485488,20.450318029903954,21.546288799472727
06071010410,4.230488694383661,4.230488694383661,18.387869445660314,23.863589540481083
06001424001,0.0,0.0,26.87479000000003,25.472860000000033
06001428100,11.888111888111888,21.678321678321677,21.871009999999963,24.581490000000024
06001428200,5.699481865284974,51.29533678756477,21.87100999999993,24.581489999999963
06085503511,28.18181818181818,28.18181818181818,20.099440000000055,25.535652636363675
06085503601,68.53932584269663,68.53932584269663,18.802877977528073,24.860995505617943
06085504321,19.2090395480226,54.23728813559322,20.60327000000004,24.769150000000057
06085504410,11.347517730496454,19.858156028368796,21.952696666666625,25.62227851063829
06085507003,0.631578947368421,29.894736842105264,26.27494517894717,29.87198195789479
06081602601,0.0,0.0,28.137510000000013,29.63205000000001
06081602001,0.0,0.0,24.604809999999926,26.258629999999936
06037124201,0.0,0.0,25.471785781250006,28.023341328125
06037124300,0.0,0.0,25.419460000000033,29.465839999999982
06037124400,0.0,0.0,24.975368399999958,24.996570959999968
06059021922,0.0,0.0,24.274363743589777,30.270821333333355
06059110003,0.0,100.0,25.60485019867554,29.31016052980131
06059099904,0.0,100.0,22.690110915032633,30.32210215686276
06013367100,0.0,0.0,26.3931663507109,24.37817848341228
06111001302,1.0638297872340425,73.40425531914893,25.106119999999958,28.43606
06085503510,30.0,30.0,18.990403214285692,25.256118357142824
06085507004,0.6211180124223602,89.75155279503106,25.77136531055892,29.195510248447366
06085502204,9.090909090909092,9.090909090909092,22.262640000000008,23.641439999999992
06085502203,2.197802197802198,2.197802197802198,22.262639999999966,23.64144000000004
06085501902,1.3513513513513513,1.3513513513513513,19.99016432432429,22.305692432432455
06085502104,0.0,0.0,22.26263999999996,23.641440000000017
06085502103,0.0,0.0,20.335961764705832,22.43579588235293
06085504424,0.9900990099009901,3.217821782178218,21.470455099009815,25.761488712871362
06085505015,38.75,100.0,22.40931612500004,26.27702612500004
06085505012,61.904761904761905,100.0,22.582399523809517,25.699679523809532
06085505014,68.0,93.0,22.40902000000004,26.26806000000001
06085505010,11.920529801324504,100.0,22.530536622516543,25.733843576158954
06085501901,0.0,0.0,19.384418064516126,22.27803661290321
06085511502,0.0,0.7843137254901961,22.645514705882395,23.458574941176487
06085504903,0.0,100.0,22.60065000000002,25.63985000000002
06085504808,0.0,0.0,22.635800000000007,25.820529999999987
06085511501,0.0,99.43502824858757,22.0932657627118,24.225137118644
06085512057,0.0,0.0,22.871990000000068,25.177990000000047
06085512059,0.0,0.0,24.35091999999992,25.93285999999991
06085503339,0.5012531328320802,0.5012531328320802,20.674430300751858,23.196458596491293
06085503338,4.3478260869565215,4.3478260869565215,20.804413401534465,23.40473483375961
06085512056,0.0,0.0,22.474541879699217,24.56024759398497
06085503219,0.0,0.0,22.096339999999998,25.018365000000006
06085503222,0.0,0.0,22.025815999999995,25.25018699999999
06085509111,0.0,100.0,23.087326000000008,25.865080800000023
06085507705,2.4096385542168677,91.96787148594377,24.37839718875508,27.898636064257058
06085507704,9.18918918918919,78.91891891891892,24.145686270270343,27.8380944864865
06085512058,0.0,0.0,23.99740605633805,25.666068873239396
06085504807,24.786324786324787,24.786324786324787,22.635800000000014,25.82052999999997
06085508205,0.0,100.0,22.115037164179117,26.104773582089543
06085508510,2.197802197802198,100.0,22.201250000000027,26.529870000000003
06085508206,1.5463917525773196,100.0,22.434593917525774,24.301597577319573
06085512513,0.0,100.0,24.69045352941176,27.57675941176472
06085512512,0.0,100.0,25.12408800000003,27.285563999999976
06085512514,0.0,87.87878787878788,24.65724,27.511520000000015
06085512516,0.0,99.6268656716418,25.11941376865678,28.439269776119286
06085508305,0.0,100.0,23.00396999999999,24.895379999999985
06085504509,36.904761904761905,100.0,22.477499999999978,26.34030000000001
06085501601,6.122448979591836,6.122448979591836,19.093542857142857,24.538376938775475
06085501602,0.0,0.0,19.65368333333335,23.91346333333332
06085506505,0.0,0.0,22.46678999999996,23.428489999999996
06085504510,28.57142857142857,100.0,22.47252333333332,26.411972222222243
06085508708,9.649122807017543,27.192982456140353,22.156062543859665,25.88045105263161
06085505902,0.0,85.36585365853658,21.621180000000056,22.168290000000038
06085503127,12.650602409638553,12.650602409638553,22.164148674698886,25.569373012048256
06085503126,3.4090909090909087,3.4090909090909087,21.92003,25.597919999999988
06085503124,11.711711711711711,16.216216216216218,22.234132702702688,25.04119486486484
06085503125,29.292929292929294,29.292929292929294,21.699465858585878,24.176117474747457
06085512055,0.0,0.0,22.871990000000043,25.177989999999983
06085509002,0.0,0.0,22.635800000000014,25.820529999999973
06085509001,0.0,0.0,22.635800000000014,25.82052999999997
06085508306,0.0,100.0,23.322517058823568,26.041309159663832
06085502704,0.0,0.0,23.649383086419775,25.384039876543156
06059062651,1.0,1.0,22.52999819999997,29.188988400000056
06059062650,0.0,0.0,21.4707003809523,28.261636000000085
06059062654,0.0,0.0,21.715062822966477,29.965763684210508
06059052531,0.0,0.0,22.337856909090867,29.435446181818254
06059052532,4.605263157894736,5.921052631578947,21.862379539473636,29.879898881579013
06059032063,0.0,0.0,21.977978374655528,23.878179669421545
06059062658,0.0,0.0,22.171745876288764,26.179692474226936
06059042341,21.57676348547718,61.82572614107884,21.69857348547717,24.046246473029086
06059042115,3.260869565217391,3.260869565217391,22.972025869565247,26.483559565217355
06059075517,1.8181818181818181,1.8181818181818181,21.849870000000006,28.679450000000053
06059052437,7.165109034267912,7.165109034267912,23.040396168224206,29.716942336448675
06059052534,0.0,0.0,22.124080000000014,29.10236999999998
06059052430,3.6036036036036037,9.18918918918919,22.037327531531616,28.973646072071986
06059052434,10.497237569060774,10.497237569060774,22.874028397790013,29.80407563535908
06059075516,5.172413793103448,11.206896551724139,21.855840172413785,28.991166551724152
06059075518,2.6923076923076925,19.230769230769234,22.65859915384623,30.48386546153844
06059052435,5.555555555555555,5.555555555555555,23.00813999999994,29.92752999999995
06059052438,5.555555555555555,5.555555555555555,21.5505974537037,29.48046995370385
06059052436,6.572769953051644,6.572769953051644,23.17476159624405,29.880710281690146
06059052535,2.013422818791946,2.013422818791946,22.518930201342297,29.722794161073868
06059052533,0.0,1.1904761904761905,21.941544166666752,28.896303611111
06059052529,0.0,0.0,22.496129999999997,31.208950000000062
06059052439,0.0,0.0,23.034096234939728,30.293113403614342
06059052433,0.0,9.67741935483871,21.84466143369186,29.431247562724064
06059052431,0.6802721088435374,0.6802721088435374,21.786135986394626,28.764505850340164
06001428301,37.362637362637365,86.26373626373626,22.471250000000047,24.240679999999966
06001428302,12.918660287081341,41.62679425837321,22.47124999999999,24.240679999999955
06059001801,1.8518518518518516,100.0,23.49126999999999,24.963979999999996
06059001802,8.9171974522293,100.0,23.49126999999999,24.963979999999996
06059063910,1.183431952662722,6.508875739644971,21.978049704142,28.42290331360949
06059052530,2.4193548387096775,2.4193548387096775,22.63114016129033,30.10268096774197
06059063909,0.0,100.0,21.62669059999998,28.741399600000005
06059042340,0.0,0.0,21.69151,24.0649
06059032062,0.0,0.0,21.631010750853104,23.756586006825877
06059076001,0.0,0.0,22.85252837438426,27.00912216748768
06059032064,0.0,0.0,23.37175321951228,23.592082146341436
06059042116,0.0,0.0,23.887499999999886,27.10933999999998
06059032065,0.8928571428571428,0.8928571428571428,22.4218941964286,24.564850089285716
06059032066,0.0,0.0,23.94734780979824,23.926302190201834
06059062655,0.0,0.0,21.536518365180548,27.533686900212306
06059099418,0.0,0.0,22.755108039215703,29.71543068627447
06059001603,0.9708737864077669,0.9708737864077669,27.62672000000012,29.600150000000138
06059021831,1.0452961672473868,1.0452961672473868,22.105731114982635,26.135090801393748
06059021832,0.8287292817679558,1.1049723756906076,22.633500635359134,26.141532209944746
06059087302,0.0,100.0,25.048049126213616,28.420623592232985
06059062656,4.0,5.454545454545454,23.92447443636364,26.64422985454546
06059062657,0.0,0.0,21.47755000000002,26.987209999999962
06059062652,0.46511627906976744,0.46511627906976744,21.52637497674414,29.92821316279055
06059001710,0.0,0.0,23.481170731707316,26.238741463414584
06059076105,0.0,0.0,23.35851802547773,26.62381439490451
06059076104,0.0,7.8125,24.59213,26.670339999999964
06059076002,3.7037037037037033,3.7037037037037033,21.39026000000001,28.257420000000018
06059099419,0.0,0.0,22.608812111111178,29.933256222222255
06059001604,1.0676156583629894,4.98220640569395,24.55977227758007,26.309070071174478
06059087301,0.0,100.0,25.159302989690747,28.51028731958761
06059001709,2.7586206896551726,9.655172413793103,24.05542510344826,26.12756972413792
06059001903,22.033898305084744,100.0,22.400659999999963,26.883429999999972
06059011000,0.35714285714285715,65.35714285714286,22.78394792857146,26.6729150357142
06059011101,0.0,100.0,22.40065999999994,26.883429999999958
06059011102,2.112676056338028,100.0,23.17436950704221,27.01949690140847
06059032037,0.0,0.0,21.54677398496238,26.51752571428584
06059032038,0.0,0.0,21.753094651162865,25.440679833886943
06059032039,0.0,0.0,22.110375714285723,24.73835963265301
06029001301,0.0,0.0,21.98824999999999,24.795219999999976
06029003135,0.0,0.0,22.178720949720667,26.751586368715103
06029001107,0.0,0.0,21.196461159420256,24.075086231884082
06029003212,0.0,3.7109375,23.401115468750042,26.43021687500028
06029005509,10.37037037037037,10.37037037037037,19.734078094276256,23.00556797979808
06029001804,0.0,0.0,24.931410863309363,28.84556539568356
06029003816,0.0,0.0,22.7740000000001,23.488400000000123
06029006101,0.6578947368421052,82.56578947368422,25.979205296052722,24.381121381579003
06071007404,0.0,0.0,22.496646770427997,24.290160856031086
06029004605,12.711864406779661,14.124293785310735,21.131375564971727,23.21813435028249
06029002701,0.0,0.0,23.487145757575803,27.715978181818162
06029004304,0.0,0.0,21.62441205357143,24.874459196428614
06029001803,0.0,0.0,24.94605000000001,28.858250000000123
06029003308,2.7444253859348198,4.631217838765009,27.633792435677208,29.279836655231485
06029002824,0.0,0.0,24.437339999999974,28.417459999999984
06029002823,0.0,0.0,24.485141366459725,28.033479813664634
06029002822,0.0,0.0,24.195160000000154,28.125249999999994
06029003817,0.0,0.0,23.74493547619058,24.75758666666672
06029005006,0.0,0.0,20.52390999999993,22.424770000000052
06029005005,0.0,0.0,20.523909999999923,22.424770000000056
06029004903,0.0,0.0,20.01904999999998,23.391450000000052
06029004904,0.0,0.0,20.427328086956464,22.609700086956565
06029004802,0.0,0.0,21.41543491978613,23.16523069518718
06029000702,0.0,3.1914893617021276,22.111720851063787,24.961757021276576
06029004801,0.0,0.0,21.36528524475529,23.422912027972053
06029004703,0.0,32.55813953488372,23.238519418604593,24.64941610465123
06029004704,0.0,41.964285714285715,23.170060982142875,24.586922946428654
06029000601,0.0,2.1739130434782608,22.337579999999942,26.084229999999973
06029004404,0.0,0.0,20.58322900452487,24.173225565610924
06029004403,0.0,0.0,21.5373412162162,24.284572837837885
06029000201,1.3888888888888888,9.722222222222223,23.763908611111166,25.545376180555543
06029004303,0.0,0.0,20.570118724832245,23.905931879194686
06029000104,0.0,0.0,24.970529684210558,24.760086631578943
06059032040,0.0,0.0,22.106052352941184,25.055397058823537
06059042323,0.8902077151335311,0.8902077151335311,22.943348575667592,25.30442884273009
06059062632,7.288629737609329,7.288629737609329,23.429476413994088,28.4540448979592
06059062611,5.172413793103448,5.172413793103448,21.335869999999932,28.143599999999985
06059062614,0.0,0.0,19.933696493506485,26.86535740259735
06001428400,0.0,19.767441860465116,21.871010000000023,24.58149000000002
06001430900,2.2058823529411766,10.294117647058822,23.21315000000003,26.832139999999985
06059062622,0.0,0.0,21.832533475609704,30.923801402438972
06055201102,9.791921664626683,9.914320685434516,25.457058066095687,24.215338102815164
06017030810,8.754208754208754,8.754208754208754,21.44745858585848,22.582836868686787
06017030301,2.013422818791946,2.013422818791946,23.538520000000034,28.55411000000003
06017030302,4.135338345864661,5.263157894736842,23.362201879699274,28.276183157894774
06017030808,0.4909983633387889,0.4909983633387889,21.132512471358456,22.73181602291338
06017030809,2.0325203252032518,2.0325203252032518,21.4476599999999,22.70770999999995
06075022803,0.0,0.0,22.344929999999984,24.10064
06075047702,0.0,0.0,24.221510000000006,24.574440000000006
06075035202,0.0,0.0,24.221510000000013,24.574440000000017
06075013300,0.0,0.0,24.51080000000001,24.671919999999997
06075025403,0.0,0.0,22.44583000000004,23.814720000000026
06075022702,0.0,0.0,22.17683,24.25103000000001
06001431000,6.666666666666667,16.666666666666664,23.213150000000027,26.832139999999985
06001432100,0.0,0.0,25.29563000000005,26.96288000000003
06085503325,0.0,0.0,20.22758445205486,24.8774626712329
06053013200,0.09285051067780872,0.18570102135561745,24.221723342618358,24.84216144846844
06053013600,0.0,100.0,22.504429999999974,23.669849999999997
06053011700,8.59538784067086,9.014675052410901,23.862999874213674,26.157602788260036
06053010606,4.332755632582322,22.357019064124785,22.599583674176888,23.151313587521706
06053010305,0.6644518272425249,0.6644518272425249,25.106583430232693,27.287867342193195
06053001200,0.0,100.0,21.500022611464935,22.849705605095526
06053010501,2.795954788816181,3.4503271861986913,24.89998419988099,27.723113468173864
06085503602,0.0,0.0,18.79336281553396,24.880689029126174
06059011200,0.0,52.84090909090909,24.401970284090893,27.51873329545459
06085503703,29.761904761904763,29.761904761904763,19.192012619047635,25.367822261904735
06085503712,7.6923076923076925,23.076923076923077,18.8124846153846,24.90349230769228
06001428000,0.0,0.0,21.871010000000005,24.581490000000016
06001428500,1.1494252873563218,47.12643678160919,21.871010000000023,24.58149000000002
06001428600,3.8834951456310676,44.66019417475729,22.297563689320402,23.68035320388349
06059011401,1.6,15.2,27.44618384000006,29.482113200000086
06059011402,0.0,8.552631578947368,26.832903026315805,28.598145000000038
06059011403,1.694915254237288,45.76271186440678,23.97069581920906,27.49084378531078
06059011502,0.0,13.380281690140844,23.51368000000002,28.30902999999992
06059032042,0.0,0.0,24.454000315457403,27.331568927444916
06059032045,0.0,0.0,23.220861971831027,24.27999112676057
06059032047,0.0,0.0,22.69541333333336,28.876946666666715
06059032050,0.0,0.0,22.831574620689675,26.783762758620682
06053001600,0.0,100.0,21.277270000000033,21.51105999999998
06053011400,4.934464148033924,7.864302235929068,23.406354024672208,28.046468280647698
06001430300,0.0,0.0,23.64552386363623,27.054066477272915
06001430400,0.0,0.0,23.680277857142883,26.843873571428595
06001430700,1.2121212121212122,13.939393939393941,23.213150000000034,26.832140000000017
06059062625,8.843537414965986,10.884353741496598,23.5098671428571,30.920843537415013
06059062627,0.0,1.3888888888888888,19.80322999999999,26.855060000000037
06059062629,0.0,0.0,20.042716187050356,26.91585510791367
06053000600,0.0,100.0,21.77554226666663,22.659351600000065
06053010702,3.0942334739803097,4.922644163150492,22.75003623066117,22.63070967651172
06053013100,0.0,0.0,22.75267209302324,25.280293333333365
06053010102,2.620967741935484,3.125,26.85074422379031,27.475112923386725
06085503708,0.0,0.0,18.854398571428554,24.87192323308267
06059062635,0.0,0.0,21.554149999999964,30.271429999999885
06059062636,1.1494252873563218,2.2988505747126435,23.68468310344826,29.247025172413796
06059032048,0.0,0.0,22.14498245901646,27.162729098360746
06013304006,17.325227963525837,43.76899696048632,22.197367021276566,21.665140030395143
06013392202,1.0204081632653061,1.0204081632653061,26.423000102040824,24.324793469387696
06013392201,0.4830917874396135,0.966183574879227,26.626571739130533,24.23502792270528
06013303210,0.28328611898017,6.515580736543909,23.91770657223793,22.481606798866792
06013355121,0.5847953216374269,0.5847953216374269,21.609094385964884,22.659542309941394
06013355124,0.0,0.0,21.133946936416113,21.871633179190795
06013345205,0.0,0.0,22.823727438423653,24.671905418719195
06013355126,1.910828025477707,1.910828025477707,21.09233665605092,22.362097324840875
06037137000,0.0,0.0,26.01687291208795,27.87280392857156
06001422500,0.0,0.0,27.51502882352939,25.812032058823544
06001422700,0.0,0.0,27.366471489361697,26.574362340425548
06029000103,0.0,0.0,23.826922222222287,25.38706111111111
06001423000,0.0,0.0,26.79304700934578,25.479482429906533
06001423100,0.0,5.88235294117647,26.000140000000055,25.543719999999986
06001424002,0.0,0.0,26.364577500000006,25.514195
06075030202,0.0,0.0,24.020266363636352,24.68148909090908
06075026001,0.0,0.0,22.445830000000022,23.814720000000015
06075026003,0.0,0.0,22.94273333333331,24.080465999999983
06075026404,0.0,0.0,23.592530000000007,24.427980000000005
06001426200,0.0,0.0,25.23559999999998,25.39642000000003
06001427100,7.534246575342466,13.013698630136986,21.87100999999996,24.581490000000024
06001427200,0.0,0.8928571428571428,21.905420267857142,24.508794910714304
06085503401,0.0,0.0,19.895780454545505,25.78480200000003
06013314106,4.477611940298507,4.477611940298507,22.18596582089549,23.9758644776119
06013302011,5.990783410138248,36.175115207373274,23.24634518433177,22.36741281105992
06013340003,0.0,0.0,25.401259135338297,24.882158947368424
06013355307,2.013422818791946,2.013422818791946,21.12256221476517,23.119296174496792
06013355119,0.0,0.0,21.390782510288055,22.804349094650274
06059052432,0.0,0.0,21.614227435897536,28.639837282051218
06059052429,0.0,0.0,21.48397000000014,28.516999999999886
06059062653,0.0,0.5154639175257731,21.681790309278316,29.906575463917527
06013355120,0.0,0.0,21.431531774193598,22.70249768817201
06013313106,3.2362459546925564,3.559870550161812,20.841711747572774,21.972252621359182
06013303206,0.7462686567164178,0.7462686567164178,23.94587891791045,22.938486679104436
06013303207,0.0,0.0,22.058104755244724,23.400542097902132
06013302014,1.0615711252653928,1.0615711252653928,22.314491825902092,22.071494331210353
06013303104,0.0,0.0,22.899775444234265,22.256632835538646
06013303106,0.7194244604316548,0.7194244604316548,23.458859064748076,21.796991270983195
06075025401,0.0,0.0,22.445830000000008,23.814720000000005
06075060502,0.0,0.0,23.592530000000007,24.427979999999994
06075045100,0.0,0.0,23.90526999999998,24.742659999999972
06075016500,0.0,0.0,23.90526999999998,24.742659999999983
06075015300,0.0,0.0,24.559160937500003,24.405531249999996
06075013500,0.0,0.0,24.682749999999974,23.72475999999998
06075023103,9.482758620689655,10.344827586206897,23.19336999999997,25.065869999999943
06075022801,0.0,0.0,22.344929999999984,24.10064000000003
06075018000,0.0,0.0,22.212013720930255,24.219553023255813
06085503402,0.0,0.0,20.193850000000047,26.018389999999997
06085503507,0.0,0.0,20.139023777777776,25.9839762222222
06085508004,1.5151515151515151,1.5151515151515151,22.856978939393947,24.21936272727273
06001427300,0.0,12.8,22.623301039999998,22.99220088
06059011503,0.0,9.278350515463918,25.222558350515456,26.644269587628813
06059011504,0.0,75.0,25.31884458333334,26.55046916666663
06059011601,0.0,100.0,23.86554999999999,27.141050000000067
06059011602,1.2903225806451613,100.0,23.797446129032252,27.36711064516132
06077000300,7.462686567164178,7.462686567164178,20.52324999999998,20.584579999999978
06077000401,0.0,0.0,20.523057200000046,20.587754133333377
06077000402,0.0,0.0,20.523250000000026,20.584580000000024
06077000500,0.0,0.0,21.656490970873786,21.6208665048544
06077000600,0.0,2.7027027027027026,21.718470000000018,21.704750000000033
06059032051,0.0,0.0,22.853225688073405,26.793003944954137
06059032054,0.0,0.0,21.686490000000035,26.16091333333335
06059032055,0.0,0.0,23.465149999999998,27.124519999999976
06059062638,0.0,0.0,21.87505000000006,28.22281000000008
06085504411,0.53475935828877,0.53475935828877,21.73257999999996,25.22222000000002
06071005200,0.0,34.76190476190476,24.283413857142897,28.06574985714303
06077000700,0.0,9.467455621301776,20.763708461538492,20.809939644970452
06077000900,15.328467153284672,15.328467153284672,20.51196927007292,20.824396897810278
06059062640,0.0,0.0,22.591252025316447,28.964141645569633
06059062641,0.0,0.0,21.60052549382712,30.38010759259248
06059062642,0.0,0.0,22.269750000000073,26.065690000000092
06059062646,0.0,0.0,21.996726645569566,31.308576139240497
06071980100,0.0,0.0,21.91104,23.80176
06085503322,2.631578947368421,2.631578947368421,20.34562250000007,25.01691500000002
06075010300,0.0,0.0,24.68274999999997,23.724759999999975
06075010500,0.0,3.7037037037037033,24.682749999999984,23.72475999999999
06075010600,0.0,0.0,24.682749999999984,23.72475999999999
06075010800,0.0,0.0,24.682749999999974,23.72475999999998
06075011200,0.0,0.0,24.682749999999995,23.72476
06075011300,0.0,0.0,24.68275,23.72476
06075011700,0.0,0.0,24.682749999999995,23.72476
06075011800,0.0,0.0,24.68275,23.72476
06071005300,0.0,0.0,24.523385270270307,28.13612040540553
06085503508,14.893617021276595,14.893617021276595,20.01695468085108,25.326517943262427
06001423300,0.0,0.0,26.079653636363684,25.53727818181816
06085503709,18.095238095238095,40.0,18.800169999999984,24.875109999999964
06085503804,3.1446540880503147,3.1446540880503147,20.118624465408796,25.028757924528335
06085503212,0.0,0.0,22.155110000000036,24.825179999999936
06085503213,0.9708737864077669,0.9708737864077669,22.1163103883495,24.95271961165047
06085503217,0.0,0.0,22.155109999999972,24.82518000000002
06071005400,0.0,0.0,24.520711614349818,28.13533636771313
06059011707,0.0,0.39370078740157477,23.948857125984148,26.258999212598393
06059011708,0.0,1.5873015873015872,25.06307793650787,26.62736341269836
06059011709,0.0,2.293577981651376,23.500041192660515,27.215472660550457
06085504001,16.666666666666664,16.666666666666664,18.960259999999973,25.244079999999965
06085504002,77.51937984496125,77.51937984496125,18.96025999999999,25.24407999999997
06085504101,0.0,0.0,18.996536466165395,25.247872406015006
06085503218,0.0,0.0,22.687926216216248,25.08740364864861
06085503304,0.0,0.0,21.20419606060612,25.403706060605973
06077001000,89.65517241379311,98.93899204244032,21.624895994694803,22.028879840848926
06077001101,80.14440433212997,80.14440433212997,22.59752000000003,22.73585999999985
06077001102,43.40425531914894,43.40425531914894,21.122076680850988,21.384393957446814
06077001200,3.389830508474576,3.389830508474576,21.16387394067797,21.45722682203392
06059011710,0.0,10.526315789473683,23.566209999999963,27.31412
06059042106,0.6024096385542169,1.2048192771084338,21.97188000000005,22.82009999999994
06059042107,0.0,0.0,23.887499999999992,27.10933999999998
06085503305,1.3513513513513513,1.3513513513513513,20.31557006756763,25.738467094594625
06085503306,1.7751479289940828,1.7751479289940828,20.193850000000076,26.01839000000008
06077001300,0.0,0.0,21.091904434782627,21.492376739130368
06077001400,1.7391304347826086,1.7391304347826086,21.13728999999998,21.564829999999972
06059062701,6.790123456790123,6.790123456790123,21.424625679012397,27.5068143209876
06059062702,2.0408163265306123,2.0408163265306123,23.374359642857108,26.104064744897858
06059062800,16.483516483516482,100.0,22.003621428571435,28.005086703296676
06059063005,33.69565217391305,66.30434782608695,21.350889999999982,27.632549999999984
06059063006,46.15384615384615,100.0,21.350889999999982,27.632549999999984
06059063008,0.0,0.0,21.385347249999988,27.573792750000006
06059110001,0.625,100.0,24.97020899999995,27.905825249999975
06071006201,6.153846153846154,100.0,23.927160000000093,27.9612800000001
06071006301,0.4694835680751174,60.093896713615024,23.605338028169104,27.297319061032983
06071006401,4.444444444444445,51.11111111111111,21.91103999999997,23.801760000000034
06071006402,3.35195530726257,38.547486033519554,21.59336670391064,24.01361519553074
06085504102,0.0,0.0,19.51627790322576,25.28745768817207
06085503313,0.0,0.0,20.391455315315376,24.211352162162214
06085503315,4.072398190045249,18.099547511312217,20.229203438914066,24.86961271493204
06075012700,2.0,8.0,24.510800000000014,24.67192
06075013200,0.0,0.0,24.57660802469135,24.30942666666667
06071007408,7.82608695652174,77.39130434782608,21.46052034782609,24.419664000000047
06085503323,0.6369426751592357,0.6369426751592357,20.22312000000007,24.895610000000026
06075012100,0.0,0.0,24.68275,23.72476
06075015100,0.0,0.0,24.682749999999995,23.72476
06071006700,0.5263157894736842,15.263157894736842,21.904120000000056,24.11317000000001
06085503321,46.62162162162162,46.62162162162162,20.22252668918926,24.918369054054086
06071007106,0.0,0.0,21.115740434782516,23.766347391304407
06071007107,4.587155963302752,31.19266055045872,21.34992486238529,22.5572247706422
06071007108,2.4390243902439024,90.2439024390244,20.260791463414616,21.900017073170734
06077001600,0.0,0.0,21.48942018518517,21.394750000000027
06077001700,0.0,0.0,20.920489999999976,20.624749999999956
06077001900,0.0,0.0,21.707742276785606,21.704178080357092
06085504311,4.390243902439024,14.146341463414632,20.204697609756145,23.89716356097558
06085504314,1.4705882352941175,1.9607843137254901,20.74166583333336,24.824673284313782
06085504315,30.59360730593607,30.59360730593607,21.474746666666604,25.118779360730585
06077002000,0.0,5.128205128205128,19.635861333333253,21.59372133333344
06077002100,0.0,91.12903225806451,19.925519072580606,21.83799141129037
06077002300,0.0,100.0,20.73367148571432,22.036389485714324
06059011711,2.9850746268656714,43.28358208955223,23.634535373134288,27.282772611940295
06059011712,0.0,29.19254658385093,23.49062950310556,27.032082360248463
06059011715,0.6644518272425249,3.6544850498338874,23.558118903654446,27.30888737541528
06059011716,1.4634146341463417,18.536585365853657,22.331299804878117,26.706750878048755
06059042114,0.0,0.0,23.471800466101623,26.22528211864414
06001423400,0.0,0.0,26.874789999999972,25.472859999999987
06059042305,4.779411764705882,4.779411764705882,21.79178911764693,26.541247058823473
06059042307,0.6756756756756757,0.6756756756756757,22.399965912162102,30.306910202702703
06059063010,2.8753993610223643,3.1948881789137378,20.145150734824227,26.724454408945828
06059063101,7.317073170731707,8.94308943089431,21.95742390243902,28.742560975609738
06059063102,0.0,0.0,21.64909150753768,28.4977408542714
06071004201,0.6622516556291391,72.84768211920529,23.19428668874155,26.28003675496677
06071004202,0.0,0.48543689320388345,22.942976796116472,26.034486116504826
06071004401,2.197802197802198,9.89010989010989,23.169941758241798,25.872401538461574
06001423500,0.0,0.0,26.874790000000033,25.472860000000036
06001423602,0.0,0.0,26.87479000000002,25.472860000000022
06001427600,0.0,11.688311688311687,23.458468831168855,23.319964155844175
06059063103,0.0,0.0,19.598181060606063,26.244622424242397
06059063201,0.0,0.0,20.099635038759704,26.978523410852667
06075015900,0.0,0.0,24.682749999999974,23.72475999999998
06075016000,0.0,0.0,23.938898181818175,23.84435818181818
06075016200,0.0,0.0,22.344929999999987,24.10064
06075016300,0.0,0.0,22.344929999999987,24.10064
06075016400,0.0,0.0,23.054175454545437,24.392467272727274
06075015500,0.0,0.0,24.638660256410247,23.967621538461525
06075015600,0.0,0.0,23.90526999999998,24.74266
06075016700,0.0,0.0,23.001915263157876,24.370964210526317
06029000202,0.0,7.647058823529412,24.04610000000002,24.836400000000054
06029004002,0.0,0.0,21.260100781249957,24.12342609374998
06029003814,0.0,0.0,21.15812073604067,24.573413654822502
06029006102,0.3134796238244514,79.62382445141067,25.9016322884011,26.34669761755486
06029005511,0.4291845493562232,17.167381974248926,22.83751230329044,26.47315573676671
06029003827,0.0,0.0,22.575497399463707,25.778295388739977
06029000602,0.0,0.0,22.337579999999967,26.084229999999987
06029003819,0.0,0.0,22.488834025974118,24.622879220779122
06001433000,0.0,0.0,24.346463195266267,26.36241414201186
06001433200,9.30232558139535,22.325581395348838,23.960705023255894,26.09837795348832
06001433300,10.18867924528302,12.452830188679245,23.938508075471752,25.222696339622622
06001433400,42.25352112676056,49.76525821596244,23.70454929577459,24.62627178403759
06001433500,24.705882352941178,24.705882352941178,23.32653682352941,24.932613117647076
06001433102,0.7194244604316548,9.352517985611511,23.95918928057553,26.116777769784207
06077002701,0.0,0.0,19.619556158536447,21.583081463414782
06077002702,2.1929824561403506,2.1929824561403506,19.34088469298241,21.60348425438606
06077003106,8.374384236453201,8.374384236453201,22.828188719211834,23.03999926108375
06001440307,1.8292682926829267,1.8292682926829267,21.626043536585406,22.675843719512283
06001440308,6.550218340611353,15.72052401746725,21.972368820960714,23.256641484716198
06001441200,0.8875739644970414,5.325443786982249,22.334188579881715,23.84400585798826
06001441301,4.49438202247191,4.49438202247191,21.730794044943803,23.099274606741627
06001441302,0.4424778761061947,0.4424778761061947,21.6420243362832,22.97904256637172
06077003108,8.121827411167512,8.121827411167512,22.561949999999932,23.144420000000014
06077003111,0.0,12.101910828025478,22.632925732484008,22.752984585987196
06077003112,17.82178217821782,17.82178217821782,22.7343780693069,22.785719356435532
06077003203,0.37174721189591076,57.99256505576208,22.885208810408823,22.982633680297333
06001433900,0.0,0.0,23.69551000000001,26.505630000000068
06077003205,0.0,0.0,22.955240909090822,22.94758363636362
06001434000,0.0,0.0,23.69551000000001,26.505630000000078
06001435500,5.185185185185185,5.185185185185185,22.83961888888887,26.094163777777805
06001435800,9.770114942528735,19.54022988505747,22.812054137931057,25.164477816092
06077003209,4.41988950276243,4.41988950276243,22.99621248618783,23.328810441988992
06077003210,1.8633540372670807,1.8633540372670807,22.748676273291874,23.175195838509367
06077003213,0.0,0.0,22.601545766871148,23.249670000000037
06077003214,3.2467532467532463,3.2467532467532463,22.57844999999998,23.237520000000032
06001435900,27.941176470588236,50.49019607843137,22.893989999999967,24.80785000000007
06001436000,1.1428571428571428,48.0,22.893990000000024,24.807850000000055
06029005513,16.4983164983165,68.35016835016835,21.397715993266033,23.631684040404146
06029005405,0.0,57.6271186440678,19.160575423728822,21.370824802259964
06029003134,0.0,0.0,21.668450000000007,26.169739999999937
06029005407,5.74468085106383,20.851063829787233,18.756017063829926,24.08855110638307
06001436100,0.0,0.6024096385542169,22.69961963855424,25.653851686747018
06001436200,1.1494252873563218,11.494252873563218,22.518810000000016,26.440830000000002
06001436602,2.941176470588235,35.294117647058826,22.71546558823531,24.397520882352918
06001436700,0.0,21.052631578947366,22.518810000000016,26.440830000000002
06001436800,0.0,0.0,21.81869821428572,23.886692321428566
06113010511,34.25925925925926,34.25925925925926,25.619060000000008,25.143673333333368
06113010512,18.243243243243242,18.243243243243242,25.22781783783776,25.258244189189284
06001436900,1.875,24.375,22.27564749999999,25.875377000000032
06001437000,0.0,0.0,21.129309999999954,23.20967000000005
06001437200,0.4016064257028112,0.4016064257028112,21.12930999999999,23.20967000000011
06001437300,0.0,0.0,21.886839000000016,23.7625178181818
06001437400,0.0,0.0,22.70154000000002,24.357089999999975
06001437600,3.1914893617021276,72.3404255319149,22.70154000000002,24.357089999999975
06077003306,0.0,100.0,21.922345214724004,22.47292576687121
06077003311,0.0,0.0,22.856301322314067,23.15630677685952
06077003403,0.0,0.0,21.933446309523895,22.661804404761906
06077003404,0.5617977528089888,0.5617977528089888,21.899026910112397,22.585383820224738
06077003405,0.0,25.37313432835821,21.847068507462726,22.354287761194076
06077003307,0.0,100.0,22.75784235294116,22.82745000000004
06077003310,0.0,0.0,22.549478387096787,22.739035483871003
06077003601,6.0732984293193715,71.83246073298429,21.572414596858586,21.190546994764254
06013327002,8.333333333333332,8.333333333333332,23.113334940476268,25.665215773809543
06013346206,1.5235457063711912,2.9085872576177287,23.69801905817179,25.210834515235316
06013319001,11.363636363636363,14.204545454545455,25.733736761363726,26.945586534090932
06013302013,0.6430868167202572,0.6430868167202572,22.19087713826351,21.940164147909954
06013345206,1.4150943396226416,1.4150943396226416,23.163367971698154,24.611679528301845
06013302012,4.140127388535031,5.7324840764331215,22.949228535031715,22.459907165605056
06013355308,14.084507042253522,15.492957746478872,21.357743098591573,23.366470422535325
06013355118,0.0,0.0,21.46399478927198,22.890518007662852
06013314105,0.0,0.0,22.036650000000005,23.35755999999995
06013319002,1.345291479820628,3.1390134529147984,25.892828923766803,26.61891587443954
06013345117,0.0,0.0,22.000746409091022,23.621707818181704
06013303208,3.6101083032490973,3.6101083032490973,23.62789422382666,22.844943574007228
06013304007,5.438066465256798,29.909365558912388,21.888970090634448,21.982022265861023
06013303107,0.0,0.0,23.779857032966937,22.03328739926737
06013355201,0.0,0.0,22.036650000000005,23.35756000000016
06013313105,2.4390243902439024,2.9268292682926833,21.631250390243835,23.34032068292686
06013303209,0.6622516556291391,1.9867549668874174,22.953789999999838,23.392230000000133
06013303211,0.7425742574257426,0.7425742574257426,23.437284851484964,22.330115049504833
06013355310,1.1904761904761905,1.1904761904761905,20.876290000000047,22.78227999999993
06013355309,0.9950248756218906,0.9950248756218906,22.045854825870563,24.02552756218905
06013324004,1.6129032258064515,7.258064516129033,24.278275645161287,25.364293548387078
06013355122,2.1021021021021022,2.1021021021021022,21.239035795795967,22.76273837837847
06013339003,9.195402298850574,11.494252873563218,25.004320114942534,24.763071494252863
06013336103,5.263157894736842,5.263157894736842,24.200365789473672,25.627902105263175
06013337201,4.901960784313726,28.431372549019606,24.147200588235307,25.716363529411705
06013355202,0.0,6.164383561643835,22.41270013698628,24.49566184931502
06013327001,23.684210526315788,40.78947368421053,23.7182853947369,25.721474078947477
06001437900,1.3513513513513513,2.7027027027027026,22.77306027027027,24.702076486486508
06001438100,0.0,3.75,22.526918458333306,23.41023195833331
06001438201,3.731343283582089,39.55223880597015,22.30765343283584,23.9002804477612
06001438400,13.541666666666666,13.541666666666666,21.624848333333343,23.108397916666704
06001437800,10.32258064516129,11.612903225806452,22.71314935483872,24.41308909677418
06113010513,0.0,0.0,26.03997200000002,25.020414000000034
06001440200,0.0,0.6211180124223602,23.956092732919213,25.30167521739139
06001440304,0.0,0.0,21.458279999999977,22.83851000000003
06001432200,0.0,0.0,24.75582591836734,26.434058231292482
06001432300,2.097902097902098,2.097902097902098,24.30373999999994,25.991169999999908
06001440305,0.0,0.0,21.458279999999963,22.83851000000003
06001432700,2.608695652173913,2.608695652173913,25.295630000000042,26.96288000000003
06001432502,1.7391304347826086,1.7391304347826086,24.30373999999997,25.991169999999936
06001433103,0.0,0.0,23.96109999999999,26.113959999999974
06065041912,0.0,0.0,24.617445558912202,30.03129664652567
06081608013,6.896551724137931,6.896551724137931,25.11857999999994,23.27061999999992
06073017050,0.0,0.0,27.038688869565124,29.173229521739106
06037275500,3.79746835443038,3.79746835443038,23.424719999999986,24.95155999999998
06037462001,0.0,0.0,22.81456000000002,28.17566000000005
06037463601,0.0,0.0,22.644099999999984,27.93940000000004
06037920116,1.8404907975460123,21.165644171779142,25.712998987730035,31.27219101227002
06037920119,11.299435028248588,11.299435028248588,25.61563999999998,31.548785988700523
06037920338,1.8315018315018317,1.8315018315018317,26.72021934065946,31.009669890109897
06013346204,4.295302013422819,5.23489932885906,22.61072026845657,24.99617570469796
06013346203,2.33160621761658,11.398963730569948,23.11558139896367,25.221981761657815
06013360101,0.0,0.0,25.93116910891081,24.55856514851483
06013355109,0.0,0.0,22.291127082152848,21.276318073654387
06013355113,1.968503937007874,2.1653543307086616,21.566359921260087,22.950784271653635
06013334006,0.423728813559322,0.423728813559322,23.457611525423626,26.32944694915246
06013334200,8.100929614873838,26.42762284196547,24.714912642762297,24.889536533864526
06013355306,4.081632653061225,4.2517006802721085,22.357180527211,24.503004897959347
06013355112,6.299212598425196,6.299212598425196,21.81065905511796,23.195545015748017
06095252317,0.5988023952095809,10.578842315369261,26.963435728542827,25.461797065868232
06095252316,0.0,65.16129032258064,26.3395099999999,25.448319999999974
06095253206,1.090909090909091,1.4545454545454546,29.75923760000005,28.08374320000006
06095253205,0.8264462809917356,5.785123966942149,29.551219669421453,28.016699834710767
06037221601,0.0,12.0,22.949879999999993,27.638269999999988
06037222001,0.0,5.0,22.97221999999998,25.116470000000017
06037237201,0.0,10.9375,22.95336999999997,25.130709999999976
06037239201,0.0,0.0,23.29839999999999,25.198139999999984
06037239601,0.0,7.017543859649122,23.298399999999987,25.19813999999998
06037980019,0.0,0.0,26.415803999999998,27.874663333333334
06013304001,0.6711409395973155,0.6711409395973155,24.077862527964328,22.72479178970918
06013355111,0.0,0.0,21.885884531249975,21.351979718750112
06013360102,4.232804232804233,4.232804232804233,26.411627460317515,25.747550370370504
06013302007,1.4814814814814816,1.4814814814814816,22.76311999999981,22.535539999999987
06013302009,0.8620689655172413,0.8620689655172413,22.11218356321828,22.357310862069085
06085504700,0.0,2.898550724637681,22.82413014492755,26.42608289855069
06081601902,20.13422818791946,23.48993288590604,26.08033067114092,27.301824630872414
06083000301,12.307692307692308,12.307692307692308,30.12965800000004,29.106787846153843
06083001306,11.891891891891893,17.56756756756757,29.46596991891873,29.126907297297297
06083001706,4.162537165510407,5.153617443012884,30.629503508424182,32.00312344895945
06033000100,28.34267413931145,28.742994395516412,24.935819951961868,23.78336926341093
06013324003,0.0,0.0,24.297720000000016,24.732279999999985
06013313107,0.0,0.0,20.84696615853662,22.495810060975554
06013351105,2.083333333333333,2.083333333333333,25.000368854166684,25.301013541666634
06001441927,0.0,0.0,23.289330000000003,23.121699999999983
06013980000,0.0,0.0,26.81728,24.140409999999996
06013351104,0.0,0.0,25.011983500000063,25.102502999999963
06013346205,1.938610662358643,3.392568659127625,23.193682730210213,25.600225492730146
06013336104,3.4482758620689653,3.4482758620689653,23.84926241379309,25.931008965517247
06013345118,0.0,0.0,21.95664494505508,23.541221318681195
06013339004,0.0,0.0,24.487148108108116,24.728011081081046
06013303105,3.804347826086957,6.521739130434782,22.900079999999928,21.939760000000092
06013313104,1.7241379310344827,2.586206896551724,21.495768620689685,23.300932068965484
06037132900,1.9230769230769231,1.9230769230769231,27.192480897435853,28.81354096153854
06037133000,4.895104895104895,4.895104895104895,23.462039999999924,23.831119999999956
06037134103,0.0,0.0,24.053713333333377,24.406535217391255
06037134104,0.0,0.0,24.09557999999999,24.451849999999965
06037134201,0.0,0.0,23.914482913907307,24.465371059602596
06059110015,0.0,38.82978723404255,24.751516755319134,27.549924946808478
06039000106,0.1500750375187594,0.1500750375187594,22.280228514256912,21.89414399699867
06039000109,1.8018018018018018,1.8018018018018018,21.95223914004911,23.018690737100787
06039000201,12.237093690248566,12.237093690248566,23.03316579349907,21.499644818355588
06039000604,0.0,0.0,20.653517894736787,23.740703684210445
06013313203,0.0,0.0,22.21596106145247,24.100072290502748
06059021812,8.30860534124629,53.70919881305638,22.929354451038606,27.288314183976215
06059021905,0.0,0.0,23.43862007352949,28.72157110294108
06059089106,100.0,100.0,25.014809999999958,28.554579999999994
06059021916,0.0,0.0,22.73556154676253,28.03595539568326
06059021825,0.0,0.0,24.67173900684941,28.414767602739794
06059001708,3.278688524590164,3.278688524590164,24.219952131147583,26.49572811475401
06059062634,0.43478260869565216,0.43478260869565216,22.201218173913052,28.94813665217405
06059042325,0.0,0.0,22.338840727272654,27.961933954545323
06059042113,0.0,0.28735632183908044,23.659304540229755,26.543006063218467
06059021918,0.0,1.9762845849802373,22.75962999999988,29.613809999999887
06059021816,1.440922190201729,1.440922190201729,23.379813573487,27.479944899135333
06059001704,1.3114754098360655,3.278688524590164,23.350400000000064,26.361799999999864
06059110118,0.0,100.0,24.95326000000001,26.561250000000005
06059062633,0.38910505836575876,0.38910505836575876,22.1236126459144,28.4800940466927
06059062630,3.9215686274509802,3.9215686274509802,21.127188529411786,27.240116470588283
06059052513,0.5154639175257731,0.5154639175257731,22.539097113402025,29.247336804123673
06039000603,0.0,0.6711409395973155,20.671859999999956,23.497229999999956
06013355107,3.2710280373831773,4.906542056074766,22.17375271028033,22.27473841121498
06071011404,1.9859813084112148,1.9859813084112148,20.14879629672905,24.837551635513865
06001404101,1.282051282051282,1.282051282051282,25.25493307692304,24.688192307692336
06001405302,0.0,0.0,22.641799999999993,22.95312000000001
06059042315,0.0,0.0,23.24337773134331,25.43599510447759
06059075813,0.0,0.0,23.2214391954022,28.144807701149638
06059099311,0.0,0.0,22.697796448598115,29.358446728971995
06059086303,0.0,95.21531100478468,24.15578492822961,27.297909569377957
06059021921,0.0,0.0,24.036173595800722,29.831824750656143
06059001902,0.0,100.0,22.400659999999988,26.88342999999999
06059063004,1.8796992481203008,1.8796992481203008,20.04300233082701,26.53587045112795
06059062626,0.0,0.0,19.959044901960773,26.936038823529426
06059042339,0.0,0.0,23.075139999999948,25.226729999999957
06059042336,0.45662100456621,0.91324200913242,22.523479999999914,28.297910000000154
06059042319,0.966183574879227,0.966183574879227,22.602676666666596,28.078917777777882
06059074407,1.639344262295082,1.639344262295082,21.72000147540984,28.330807704918048
06059032044,0.4178272980501393,0.4178272980501393,23.151454805013923,25.23095642061281
06059042206,0.0,8.441558441558442,21.95328493506498,22.954362987012935
06059042112,0.0,0.0,22.165853897435873,23.24931112820511
06059021923,0.0,0.0,24.06164763440864,29.901876854838633
06059021920,0.0,0.0,24.058922799043117,28.651169545454405
06059021822,0.0,0.0,23.226869159420616,27.131406159420315
06001405600,0.0,0.0,22.99975999999999,24.927460000000035
06001406400,3.125,34.375,23.015023906249986,24.993484375000037
06059032041,4.49438202247191,4.49438202247191,25.362883314606723,28.685176516853996
06059075814,0.0,0.0,22.68421464454978,28.017075829383895
06059099416,0.0,2.2988505747126435,24.66518034482763,30.73306896551719
06059001505,0.0,1.69971671388102,24.498922804532448,26.07743053824358
06059011714,9.67741935483871,58.06451612903226,22.65268677419354,26.773920000000015
06059042311,0.3929273084479371,0.9823182711198428,22.507990589391063,24.144633791748582
06059042329,0.0,0.37174721189591076,22.869435613382834,27.32675661710036
06059063007,0.0,0.0,21.524880650759023,26.776242212581202
06059052422,8.401084010840108,8.401084010840108,21.553742655826646,28.90185943089427
06059032033,0.9708737864077669,0.9708737864077669,22.996000000000045,28.016660000000062
06059042201,19.45288753799392,19.45288753799392,21.860551671732523,23.54336656534958
06059052522,0.0,0.0,21.35556695999993,28.160843519999975
06059052410,6.5420560747663545,6.5420560747663545,20.328776261682314,27.941241682243003
06059021917,4.633204633204633,5.598455598455598,22.990818571428658,29.560620482625595
06059075703,0.0,10.596026490066226,21.99972417218551,29.670048079470263
06059075512,0.0,0.0,21.849870000000006,28.67945000000004
06059052419,9.090909090909092,9.090909090909092,21.58893000000002,28.747594285714218
06059052421,2.6706231454005933,2.6706231454005933,22.184550445103945,29.098256350148326
06059032049,0.25252525252525254,0.25252525252525254,22.22876424242423,27.29264550505054
06059032053,0.0,0.0,21.672575844594636,25.23851702702693
06001405700,0.0,0.0,22.99975999999998,24.92746000000005
06001405800,0.0,0.0,22.999759999999977,24.92746000000005
06085511608,0.0,3.608247422680412,22.72528865979386,23.230365206185613
06059075702,0.0,41.078838174273855,22.560179626556128,30.04062535269729
06059074805,0.0,0.0,21.39540138461538,27.92288600000003
06059042317,1.3468013468013467,1.3468013468013467,23.050558215488138,26.32214545454536
06059062647,3.3783783783783785,4.054054054054054,22.315888040540486,31.531674864864875
06059052411,0.0,0.0,21.28807969230764,29.90129523076923
06059021913,0.0,9.387755102040817,22.779835551020337,29.623560857142753
06059075604,0.0,0.9150326797385622,22.180163294117936,29.510210588235278
06059042111,0.0,3.6170212765957444,21.655319765957316,22.976941234042698
06059021924,3.5175879396984926,6.030150753768844,24.352916331658314,30.43335442211057
06059099603,1.8656716417910446,100.0,23.89587593283581,30.08662007462705
06059099406,0.0,5.232558139534884,22.960239999999914,30.917250000000077
06059087403,0.0,100.0,25.494584000000017,28.769672000000007
06001444301,5.232558139534884,9.883720930232558,23.242864186046557,22.85821720930231
06059062900,30.23255813953488,30.23255813953488,23.000849999999957,28.574239999999953
06059062619,3.1620553359683794,3.1620553359683794,24.20167000000009,29.16939999999996
06059062620,2.848101265822785,2.848101265822785,24.142956075949503,29.121997468354447
06059074110,0.0,0.0,21.814679999999967,28.432699999999965
06059062610,3.35195530726257,7.82122905027933,21.269531787709536,28.413208379888285
06059042203,0.0,0.0,21.444452596599913,23.76710505409572
06019004404,0.0,0.0,21.736207441860508,20.653273100775216
06059110113,0.0,96.11650485436894,25.898813883495183,29.01356728155339
06059087902,0.6622516556291391,100.0,25.857379999999946,30.30812999999996
06059021912,4.622871046228711,5.35279805352798,23.205615693430673,28.29423620437932
06059099415,82.20640569395017,82.20640569395017,23.08655220640581,30.22112056939501
06059021915,0.0,0.0,23.01629382222218,27.717526088888977
06059021820,1.9011406844106464,7.984790874524715,21.850390760456378,26.125968821292762
06059001602,0.46728971962616817,1.4018691588785046,26.21512025700929,27.620748271028045
06059062643,0.10141987829614604,0.10141987829614604,23.731191277890602,26.808447636916963
06059042320,9.333333333333334,9.333333333333334,25.155009999999958,30.07920000000005
06037141303,0.0,0.0,26.38017899999999,26.212976333333327
06037186202,0.0,0.0,24.857590000000005,30.245850000000015
06037188202,0.0,0.0,25.09878897196266,30.81156598130838
06037189905,0.0,0.0,24.009350000000012,26.645620000000005
06001404700,0.0,0.0,24.470400676691703,27.112333533834533
06001404800,0.0,2.2222222222222223,23.325389999999974,26.335979999999992
06001405200,0.0,0.0,22.996592212389388,24.909987964601775
06001405500,0.0,0.0,22.99975999999999,24.927460000000035
06001450750,1.3513513513513513,1.3513513513513513,20.129120000000036,22.231019999999962
06001451403,0.0,0.0,21.359944117647075,24.592726470588246
06019004405,0.0,0.0,21.25736317406135,20.368113856655167
06037602504,0.0,0.0,22.279233333333323,27.21815666666667
06037241002,0.0,0.0,25.087269999999993,27.619070000000022
06037262604,0.18656716417910446,0.3731343283582089,27.068167070895385,28.540160615671383
06037262802,1.9830028328611897,2.5495750708215295,26.40931192634563,27.329311954674214
06037267403,0.0,0.0,24.857780000000012,25.11167
06019005301,1.574803149606299,99.21259842519686,23.549692204724323,23.654930157480347
06019005302,0.0,95.54140127388536,23.548330000000053,23.695229999999928
06019005304,0.0,58.857142857142854,23.612890342857177,23.59620119999993
06019005305,3.763440860215054,74.73118279569893,23.610392741935495,23.600032258064477
06001405100,0.0,0.0,23.765292173913082,25.08802782608691
06001404900,0.0,2.877697841726619,23.072382517985638,25.24159035971221
06037980003,,,,
06037980007,0.0,0.0,24.46545,26.71237
06037980009,4.444444444444445,4.444444444444445,25.452472666666683,30.420195333333353
06037296901,0.0,0.0,28.55907,29.28493
06037123902,0.0,0.0,26.691569999999974,27.01406999999998
06037134522,0.0,0.0,22.70099000000003,24.579300000000043
06037192001,0.0,0.0,26.041850000000014,27.34546
06037211122,0.0,0.0,22.028429999999993,27.304290000000012
06037104822,0.0,0.0,23.437484736842126,24.476005614035095
06059063808,0.0,0.0,22.195023980582558,29.673819805825186
06059062645,0.2695417789757413,0.2695417789757413,22.818793854447396,27.402718517520174
06059088702,0.0,100.0,24.383519999999958,29.121339999999986
06097151602,2.861035422343324,3.6784741144414173,26.690073024523326,27.026143841961687
06097150607,3.315881326352531,4.712041884816754,25.48182713787083,27.004462565444992
06097150610,3.0864197530864197,10.493827160493826,25.10701999999994,27.123999999999903
06097153809,2.623906705539359,6.122448979591836,26.952640612244895,26.596176588921388
06097153104,1.2658227848101267,1.89873417721519,24.794528607594966,24.328299303797458
06001405401,0.0,0.0,22.86145727272728,24.164646818181822
06065043822,0.0,0.5865102639296188,23.74847630498538,25.68912082111447
06065043823,9.12863070539419,9.12863070539419,24.464636874135476,25.8143668049796
06065044517,7.829181494661921,98.22064056939502,24.94974551601426,27.010667437722443
06065044520,77.77777777777779,80.083857442348,20.29925427672963,20.05200280922439
06065044606,4.282655246252676,14.775160599571734,18.17895381156321,22.37155265524641
06037901210,1.2096774193548387,1.2096774193548387,27.80080411290318,29.650598145161364
06037269602,0.0,0.0,23.400399999999994,26.841890000000003
06037271901,0.0,0.0,23.470630000000025,25.720029999999966
06037302003,0.0,0.0,25.319409999999987,31.185680000000016
06037115103,0.0,0.0,24.175223548387073,25.59021258064519
06037127605,0.0,0.0,23.24049296296296,26.558892592592606
06037400404,0.21739130434782608,0.21739130434782608,24.752722608695553,26.54366400000002
06113010402,0.9779951100244498,56.723716381418086,22.893993691931456,24.62418738386311
06007001703,0.0,0.0,23.82658637735839,22.586793207547107
06037117102,0.0,0.0,24.678350000000037,25.70519999999997
06037119341,0.0,0.0,24.67835,25.705200000000016
06037120106,0.0,0.0,24.678350000000012,25.705199999999994
06037122121,4.918032786885246,4.918032786885246,22.728095409836076,26.803640819672164
06037124204,0.0,0.0,26.011139069767427,28.325481860465107
06007001704,0.7092198581560284,0.7092198581560284,26.773120904255492,25.69414554964548
06007002601,0.0,0.0,22.055117135802195,20.938513740740692
06007002602,0.25477707006369427,0.25477707006369427,22.17208086624183,20.978992535031665
06007003002,8.201892744479496,11.041009463722396,22.355144794952768,21.086564006309075
06007003501,100.0,100.0,25.08075009638551,24.15746638554208
06007003700,3.4993270524899054,5.652759084791386,23.682500619111742,22.96236122476446
06073017813,0.7518796992481203,0.7518796992481203,27.12046597744346,27.66769090225575
06073017054,0.0,0.0,24.514284513618513,28.39436587548624
06073017053,0.7692307692307693,0.7692307692307693,24.902253861538043,29.24972926153831
06001451703,0.0,0.0,20.207714556962035,21.710519113924025
06085503329,0.0,0.0,20.30809193750002,23.65434724999998
06085512032,0.0,0.0,24.227354013157857,25.917926644736788
06085511916,4.30622009569378,4.30622009569378,25.011019999999935,27.146310000000064
06001442302,2.803738317757009,5.607476635514018,23.011586355140224,23.61815654205604
06001406602,0.0,18.181818181818183,23.325389999999977,26.335980000000003
06001407101,0.0,0.0,23.03419410714285,25.990426249999967
06001407102,0.0,0.0,22.53913701030929,25.459825360824716
06001432501,0.0,0.0,23.999584585987225,24.765165414012667
06065045222,0.0,0.0,14.940110308370084,19.735471762114518
06065045228,54.054054054054056,56.04551920341394,16.466144608819388,22.416622588904477
06065046900,47.340425531914896,47.340425531914896,19.207297101063805,19.72018821808513
06065047202,43.87947269303202,43.87947269303202,21.26935540489641,22.423926572504826
06065045125,2.654028436018957,32.32227488151659,14.489658549762877,20.549550426540282
06065048100,0.0,0.0,25.89411842391295,30.53899288043488
06065050600,0.19801980198019803,6.732673267326733,23.76757158415849,26.276221069306906
06065981000,0.0,0.0,14.05842697478994,12.538252436974796
06065051200,1.4732965009208103,1.841620626151013,25.0476594567218,28.796961132596866
06065043274,1.4134275618374559,1.4134275618374559,22.581286537102482,20.784729823321626
06065043513,1.1695906432748537,1.1695906432748537,27.008163684210494,23.845887719298222
06065043517,0.43956043956043955,7.9120879120879115,26.169940351648396,23.18869692307682
06001406201,0.0,0.0,22.962751803278685,24.916116721311507
06001406202,3.7735849056603774,47.16981132075472,22.488627924528306,24.77079433962265
06001406300,1.3888888888888888,25.0,22.99975999999998,24.927460000000046
06111002905,0.4291845493562232,46.78111587982833,28.714323004291675,32.49734072961388
06085503333,1.8726591760299627,1.8726591760299627,20.502822584269598,23.394331460674152
06037128801,0.0,0.0,26.336391940298526,27.34950791044779
06037139504,0.0,0.0,26.673859999999994,28.78535
06001450501,4.516129032258064,10.32258064516129,21.26946935483874,23.682646903225894
06037191902,0.0,0.0,25.19859745454543,29.42657527272733
06037194102,0.9876543209876543,0.9876543209876543,24.36420508641986,27.30668195061716
06037195803,0.0,3.7735849056603774,23.91525000000001,28.043779999999987
06037102105,0.0,0.0,22.360920000000014,26.86399000000004
06037104124,5.932203389830509,6.3559322033898304,23.141464745762633,25.395152796610184
06037104821,0.0,0.0,23.460893098591576,24.462762816901414
06037106408,0.0,0.0,28.51645870967741,28.049969032258055
06019004406,0.0,0.0,21.651293949999907,20.582827149999993
06019004503,0.0,0.0,21.757339272727116,20.89957021212125
06019004504,0.0,0.0,21.560679999999945,20.74179000000003
06019004505,0.0,1.098901098901099,22.140937142857137,21.22005285714291
06099001002,1.015228426395939,1.015228426395939,19.462589593908532,20.993238324873158
06037115104,0.0,1.36986301369863,23.714609999999997,26.47164000000009
06037119201,0.0,0.0,24.4324033858268,25.491762519685018
06037125501,0.0,0.0,25.41946000000001,29.465840000000025
06037800204,0.5780346820809248,0.5780346820809248,27.683660635838162,29.842952196531805
06037571703,0.0,0.0,26.12035,26.531539999999975
06037901209,4.761904761904762,30.5952380952381,28.540500059523556,27.98971214285696
06067002500,0.0,99.0,23.597299999999954,24.348080000000017
06099002602,0.0,0.0,21.580926351931275,22.72697609442053
06099002604,0.0,0.0,20.758670379746807,20.680056202531624
06099002605,0.0,0.0,20.788941677419327,20.693258322580622
06099002701,10.196078431372548,13.333333333333334,20.75384000000003,20.670039999999975
06099003803,0.0,0.0,22.836445510204044,22.96353081632649
06099003904,0.0,0.0,22.874470588235408,23.132165294117527
06059089001,100.0,100.0,24.87706345454546,29.1610150909091
06037134422,0.0,0.0,25.301675563139927,26.08730303754265
06037134520,0.0,0.0,22.840449000000024,24.566555000000033
06059099241,67.94871794871796,67.94871794871796,22.302349999999958,28.31937999999994
06059099242,2.2058823529411766,2.2058823529411766,22.50252499999997,29.07332999999997
06059099405,34.177215189873415,34.177215189873415,22.75008050632913,30.443628227848087
06059099407,16.39344262295082,78.68852459016394,23.144461639344247,30.665366557377027
06059099408,1.1428571428571428,53.142857142857146,24.358510114285757,30.454936857142915
06059099410,4.8,4.8,22.586558479999947,29.441659839999957
06059099411,33.94495412844037,33.94495412844037,22.579472935779794,29.46200366972473
06059099412,42.944785276073624,42.944785276073624,22.56494000000008,30.02639
06059110201,0.0,100.0,26.266469999999863,28.1834099999999
06059110117,0.0,14.285714285714285,24.894596645962835,26.54782018633548
06059074601,0.0,11.564625850340136,21.365889523809518,27.512834149659916
06059075100,0.0,64.57142857142857,23.406685942857113,28.309013371428634
06059075201,4.310344827586207,4.310344827586207,23.667491896551695,28.325954827586205
06059075202,0.0,35.833333333333336,23.675859166666644,28.328128333333343
06067003900,1.550387596899225,65.50387596899225,22.860927441860532,23.370206744185925
06065045128,0.5361930294906166,16.0857908847185,14.554573780160839,21.26975458445054
06065045613,0.0,0.0,16.710549999999834,23.265569999999705
06065045127,0.0,0.0,16.028125882352963,21.513654705882356
06065049101,0.0,0.0,17.117332953020114,21.15026342281879
06065045614,0.0,0.0,19.639057152619458,23.25730419134372
06065043824,1.8318965517241377,1.8318965517241377,24.96577740301704,24.38590322198293
06065043524,0.39370078740157477,0.39370078740157477,27.240236889763853,24.62278051181115
06065050901,0.0,0.0,19.4726067857143,21.921695357142873
06065049002,0.0,0.0,25.046349999999965,26.294714360902198
06065043521,9.202453987730062,11.65644171779141,24.970966564417157,20.823606503067513
06065043522,0.0,2.4193548387096775,25.44847274193552,21.004054999999976
06065046502,0.0,0.0,20.284110000000037,23.46583000000005
06065050902,0.0,0.0,19.445566258992848,21.850865611510812
06065043523,0.8547008547008548,1.282051282051282,26.445746025641025,21.809425854700887
06065042629,3.6231884057971016,4.3478260869565215,23.16837673913044,22.880754347826123
06065049001,1.6339869281045754,1.6339869281045754,24.216371372549023,26.18263973856213
06065042522,0.7194244604316548,0.7194244604316548,21.16463000000006,25.527919999999998
06065042523,0.0,0.0,21.154447899159695,25.51698159663865
06065031504,0.0,0.0,26.42441438848926,31.003086690647486
06065031503,0.0,0.0,25.0441079781421,29.632477759562754
06065040304,0.0,0.0,23.474449736842015,28.487314868421052
06065040305,1.4492753623188406,1.932367149758454,23.40825966183572,28.27525574879215
06065040622,0.0,0.0,24.00310150684944,28.542032191780745
06065040618,1.0452961672473868,8.362369337979095,23.401524912892032,27.52877916376309
06065044406,2.0,2.0,23.482463453846222,27.367952315384677
06065043519,37.634408602150536,37.634408602150536,24.79152000000002,21.47949999999997
06065042625,8.426966292134832,13.764044943820226,23.560454353932457,23.489091713483074
06065030605,0.0,0.0,20.72316497247716,22.80862664220176
06065050503,4.712041884816754,4.712041884816754,25.955178167539266,26.664068952879564
06065051302,2.197802197802198,2.197802197802198,27.234265531135577,24.210185128205055
06065051301,0.0,0.628930817610063,27.202688427672893,24.231210943396096
06067004005,10.74074074074074,95.92592592592592,23.34477725925932,24.273491111111042
06037134901,0.7194244604316548,0.7194244604316548,26.466924892086283,27.020251654676304
06067005402,4.411764705882353,86.76470588235294,22.16437191176471,22.98331720588237
06067005403,12.5,100.0,21.753646250000003,22.590131250000013
06067005404,1.7456359102244388,93.76558603491272,21.61449910224433,21.37840867830434
06059087200,0.0,100.0,25.423495121951248,28.738075243902596
06059087401,0.0,100.0,25.32049791044779,28.640200447761163
06059087405,0.0,100.0,25.349963152173938,28.663947608695633
06067004012,4.736842105263158,92.63157894736842,23.19508052631577,23.03116031578954
06067004100,0.0,100.0,22.75025062499993,22.91874187499983
06067004202,0.0,100.0,23.17504999999992,23.70342999999995
06067004203,0.0,100.0,23.15697217391298,23.691614673913037
06065044524,79.33491686460808,91.68646080760095,21.306311876484425,25.93655232779091
06065045618,100.0,100.0,12.687003445378135,19.679914033613457
06065042632,3.7267080745341614,26.08695652173913,23.620089316770198,23.019829254658422
06065042631,0.0,0.0,24.5975714685315,23.467801678321635
06065044933,0.0,0.0,23.12976731707314,27.327751951219486
06065044934,0.0,0.0,24.166559999999965,28.78487999999998
06065941002,7.395498392282958,7.717041800643088,20.853990128617237,27.89947887459822
06065941001,11.627906976744185,24.8062015503876,21.185502868217075,27.265437364341143
06065045126,0.0,0.0,14.803798333333358,19.761107222222225
06067004401,0.0,55.434782608695656,22.4976925543478,22.689188967391313
06111002102,0.0,0.0,26.488469012345657,27.049090987654285
06111002500,15.068493150684931,21.91780821917808,26.440741643835672,31.194712191780845
06067004006,1.6326530612244898,98.36734693877551,23.087186408163237,22.71819836734698
06067005502,0.0,73.91304347826086,23.074020000000015,23.911500000000082
06099001200,0.0,0.0,20.086764371859243,21.062688643216127
06099001500,3.242320819112628,27.474402730375424,20.767084607508725,21.717614232082102
06099001601,0.0,0.0,20.74347538461536,21.18983000000003
06099001603,23.715415019762844,51.77865612648221,21.209709011857633,21.060088932806345
06099001700,0.0,0.0,20.587312450980367,21.30432235294116
06099001300,0.0,0.6741573033707865,19.490123191011246,21.80478415730331
06067005601,2.527075812274368,14.440433212996389,21.66928999999989,22.498120000000124
06067004402,0.0,94.9367088607595,22.5095912025316,22.73424867088605
06065042018,4.301075268817205,4.301075268817205,21.44224000000006,23.31906999999984
06067004602,0.0,92.85714285714286,22.410519999999934,22.359069999999978
06067004801,2.2988505747126435,100.0,21.495359999999913,22.836100000000133
06065030604,2.13903743315508,2.13903743315508,21.436945882352923,22.94078481283414
06065041414,1.0,1.0,25.00470614999996,26.970507199999926
06065042630,0.0,0.0,23.262237617021253,23.238670638297872
06065043203,2.857142857142857,2.857142857142857,26.605506907562884,28.703149042016992
06065043518,1.702127659574468,1.702127659574468,25.461729999999992,21.60206000000009
06065043208,0.4405286343612335,0.4405286343612335,26.7765844052863,28.80298154185007
06065043202,1.384083044982699,24.567474048442904,25.70339314878904,27.859533010380694
06065042907,0.8941877794336811,1.7883755588673622,24.209486631892744,22.56969692995523
06065049702,1.2300123001230012,1.7220172201722017,24.779240541205457,27.419685092250973
06065050501,0.0,0.0,25.62697000000006,28.369634210526257
06065043205,17.24137931034483,17.24137931034483,25.675599999999932,25.298089999999956
06099001400,0.0,0.0,19.418593775510256,22.32078112244901
06099001800,10.126582278481013,16.455696202531644,19.992860506329112,21.00483936708863
06099001900,3.508771929824561,7.309941520467836,19.460236315789412,20.5891626315789
06099002002,3.5168195718654434,3.669724770642202,19.215654220183424,20.194024816513718
06099002702,3.873239436619718,18.661971830985916,20.772147394366275,20.708001936619656
06099002802,3.859857482185273,3.9192399049881232,19.409618865795895,20.91819700712578
06059099417,30.4635761589404,30.4635761589404,24.87698834437094,31.028315695364167
06059099504,0.0,0.0,25.029759664429537,28.301228187919506
06067004802,0.0,100.0,21.606763693181872,22.915738068181774
06065042752,6.326034063260341,6.326034063260341,22.994158540146003,18.865173527980392
06067004904,1.3245033112582782,100.0,21.528864238410613,22.649250927152398
06067005201,0.0,71.05263157894737,21.831554736842104,22.797203684210544
06065043295,14.414414414414415,14.414414414414415,25.339827027027034,25.96412040540533
06065043204,16.338028169014084,16.338028169014084,24.840378535211126,24.587092112676093
06065043296,0.0,0.0,25.737064634146343,27.530051341463366
06065042750,0.6060606060606061,0.6060606060606061,24.22258521212103,22.58090881818187
06065051401,1.9184652278177456,100.0,13.08435601918457,17.612336139088864
06065042748,4.1871921182266005,5.41871921182266,23.620454088669952,21.376667733990196
06065045234,0.0,0.0,14.780104615384696,18.996440307692236
06065045129,1.1695906432748537,2.923976608187134,14.798350760233918,18.01727052631588
06065042749,0.7874015748031495,0.7874015748031495,24.239785275590652,23.793939763779516
06065049701,3.7383177570093453,3.7383177570093453,22.788768971962682,24.912987803738304
06065050702,0.0,0.0,26.17456883870953,23.87046116129038
06065050401,0.0,0.0,23.62996486486491,25.026203281853306
06037135102,0.0,0.0,24.34613758293832,26.47399042654039
06037135111,0.0,0.0,22.974356805555527,24.894132222222225
06099003909,0.0,0.0,21.098020000000062,21.760030000000075
06099003905,0.0,0.0,22.247229041533647,22.879127060702803
06059110006,0.0,0.0,24.76418999999996,27.02149999999992
06059110008,0.9900990099009901,0.9900990099009901,24.29466029702976,28.360596534653503
06059110010,0.0,100.0,26.022480000000016,29.16809999999994
06059110011,0.0,100.0,26.022480000000044,29.168099999999995
06067005202,1.257861635220126,93.08176100628931,20.970561698113244,21.504462641509505
06099003906,0.0,0.0,21.496106956521675,22.302542173913018
06099003907,0.0,0.0,21.637230161662774,22.494864618937743
06099000506,0.0,0.0,19.445151159420252,22.705921884058007
06075025200,0.0,0.0,22.445830000000047,23.814720000000033
06075025300,0.0,0.0,22.44583000000002,23.814720000000012
06075025402,0.0,0.0,22.44583,23.814719999999987
06067005605,0.0,28.57142857142857,21.803971818181754,21.45412000000005
06037910404,0.0,2.8089887640449436,24.961985056179813,24.192022022471903
06037910602,0.0,66.92307692307692,27.464179999999953,27.847569999999937
06075025600,0.0,0.0,22.44583000000005,23.81472000000003
06067005702,0.0,14.07563025210084,21.309379474790003,21.31293411764719
06067005606,0.0,74.92877492877493,21.817439999999863,21.349720000000108
06067005701,8.93371757925072,12.103746397694524,21.256229596541672,21.480348299711984
06067005801,3.8461538461538463,10.946745562130179,20.996369999999896,20.840060000000186
06067002900,0.0,100.0,22.249747246376863,22.98472355072464
06065041914,0.0,0.0,24.80060561461798,28.618332059800554
06067003101,0.0,100.0,21.546063496503425,22.840449650349644
06065050402,0.0,0.0,23.099723448275856,25.470707586206952
06065050701,1.1428571428571428,1.1428571428571428,26.71655283809546,24.83088396190488
06065042751,0.0,0.0,22.96088890295355,18.760282953586387
06065050502,2.0689655172413794,2.0689655172413794,25.957109999999947,26.654030000000052
06065050302,1.8970189701897018,1.8970189701897018,24.685470081300842,25.224237967479688
06065049501,0.0,0.0,15.484449999999972,19.83795999999998
06065046501,0.0,0.0,20.121106410256427,23.128145256410285
06065041601,0.0,50.0,24.7454093478261,29.653904565217392
06065049502,0.0,0.0,15.86545522522521,20.214552702702708
06065045708,0.0,0.0,16.200242999999986,23.576839249999953
06065045619,80.0,80.0,16.017157695652195,22.2085566521739
06065045616,18.37837837837838,18.37837837837838,16.110657513513466,21.93892518918917
06065045612,7.509157509157509,7.6923076923076925,17.052147380952448,18.796827802197825
06065045610,34.01015228426396,38.07106598984771,19.06302345177656,21.585566294416203
06065045617,12.256267409470752,12.256267409470752,20.662004958217192,22.41310089136494
06065044523,25.984251968503933,25.984251968503933,23.462559133858278,26.012209094488192
06065045615,16.265060240963855,16.265060240963855,18.961484608433665,21.65138361445792
06065045306,0.0,0.0,15.340119438943896,19.54536848184811
06065045305,0.0,0.0,16.471295102880696,22.96939181069948
06065051402,6.528189910979229,61.72106824925816,14.99328658753707,19.40873783382802
06065045709,0.0,0.0,16.087649199999987,23.518947199999946
06059074701,0.0,14.0625,21.006699999999952,27.634779999999964
06059074702,0.0,100.0,21.006699999999963,27.63477999999999
06067002800,0.0,100.0,22.603770000000043,23.09090000000003
06067003102,0.0,100.0,21.817281180555486,22.738671874999987
06065040619,0.0,0.0,22.407111155378434,28.411249840637428
06065040617,0.0,0.0,23.886782362204855,28.53866181102378
06065040620,0.0,0.0,22.291641999999936,28.392844363636343
06065040621,0.0,0.0,23.300932560975646,28.519210304878044
06065042906,1.698754246885617,1.698754246885617,24.35422154020347,24.075292729332105
06065041915,1.214574898785425,1.214574898785425,25.548806072874417,29.3142598380565
06065047902,0.8319467554076538,0.9983361064891847,25.729106688852113,31.29671787021623
06065042905,0.0,0.0,25.79830174311937,24.391594403669608
06065042908,5.221932114882506,5.221932114882506,25.201307754569235,23.500693394255816
06065043201,2.42914979757085,2.42914979757085,25.88164514170047,27.593707085020174
06071012300,0.0,0.0,22.059463367346932,24.471370612244897
06071007104,0.0,0.0,18.516080508474527,20.954731762711912
06059074602,0.0,0.0,21.409760000000002,27.497940000000074
06059074802,0.0,0.0,21.118329999999965,27.717520309278346
06059075303,8.0,13.714285714285715,22.58937285714287,28.32085097142856
06059075401,2.197802197802198,3.296703296703297,21.390260000000037,28.257419999999936
06059075403,0.0,0.0,22.087371319797008,29.15333345177667
06059075404,0.0,0.0,21.611541195652215,28.546400108695604
06065042214,2.413793103448276,2.413793103448276,19.8892572413793,22.34439717241379
06037135202,0.0,0.0,25.974307692307615,27.034146538461496
06065042004,0.949367088607595,0.949367088607595,21.6031965348103,22.731899398734118
06065046403,0.6006006006006006,1.951951951951952,23.911242837837612,23.17849672672636
06065042206,0.7434944237918215,0.7434944237918215,19.291332899628383,21.390394721189512
06065040302,0.17035775127768313,0.34071550255536626,22.88228080068144,27.3341503236796
06065042003,1.1293634496919918,1.1293634496919918,22.281910020533974,22.172049414784635
06065041806,0.0,45.97156398104265,24.258970189573507,29.2961201895735
06065042213,3.484320557491289,4.181184668989547,20.266285296167187,23.116980034843234
06037910707,2.564102564102564,2.564102564102564,26.745869273504326,26.608603376068302
06059087503,0.0,100.0,25.757200000000008,28.938000000000073
06065041909,1.1385199240986716,2.2770398481973433,25.609258766603556,29.95040392789372
06065043005,3.640256959314775,9.207708779443255,26.137477173447614,25.630196017130626
06065042207,1.7985611510791366,1.7985611510791366,19.52412471223033,21.377115791367018
06065042008,0.18761726078799248,0.18761726078799248,23.165131538461207,22.663422995622586
06067005002,6.097560975609756,100.0,21.69403211382123,22.96871235772364
06067004906,5.0,100.0,21.511890000000044,22.616419999999973
06067005101,0.4878048780487805,92.19512195121952,21.698695268292692,23.29730931707318
06111007403,6.640625,6.640625,26.634108750000134,28.571964062499916
06111007201,1.9704433497536946,3.4482758620689653,25.75161502463057,29.224838374383992
06111007505,26.857142857142858,33.14285714285714,24.984774228571453,27.920215371428636
06111007507,1.2522361359570662,1.2522361359570662,25.965359534883532,29.2313509838996
06059087504,0.0,88.88888888888889,24.709813838383837,26.899396565656563
06059087601,0.0,100.0,25.22448926470591,29.492383970588193
06059087602,1.1363636363636365,100.0,25.56867143939393,30.150744696969642
06059087701,0.0,100.0,24.983270000000054,29.58737999999996
06059087703,0.0,100.0,25.284016470588295,30.453934117646938
06059089003,100.0,100.0,25.01480999999996,28.554579999999994
06059089004,98.72611464968153,98.72611464968153,24.870044522293,29.191916242038225
06099002004,3.2,3.2,18.95353087999997,20.165809879999987
06059089102,30.102040816326532,30.102040816326532,24.550560510204043,28.48537663265308
06059089104,19.35483870967742,19.35483870967742,24.814411075268797,28.524707526881706
06059089105,7.000000000000001,7.000000000000001,24.775566000000016,29.607862000000022
06065041703,1.0416666666666665,96.875,25.458806666666664,30.173297708333326
06065041500,0.0,82.35294117647058,25.60175833333331,30.151389019607794
06065044807,2.479338842975207,4.132231404958678,21.84509768595044,24.12787272727268
06065046401,2.1361815754339117,4.005340453938585,25.42599773030724,25.882332029372495
06065042401,85.58282208588957,86.80981595092024,22.18017294478519,26.64009349693251
06065043802,1.3745704467353952,2.0618556701030926,24.971719707903734,26.466737697594507
06065042208,0.0,0.0,20.299739469387802,23.025377224489873
06065030603,0.2702702702702703,0.2702702702702703,20.636426135135036,23.94933832432432
06065041904,11.450381679389313,11.83206106870229,24.725588778625873,30.086507022900637
06065043701,1.9801980198019802,1.9801980198019802,23.804086831683133,25.067745990099123
06065046405,3.167420814479638,3.167420814479638,22.352401719456875,22.110109751130995
06065043509,1.1730205278592376,1.1730205278592376,27.019200351906154,24.95083299120228
06065042521,0.0,0.0,21.266545536723164,23.804239491525387
06067002200,0.0,98.4126984126984,22.351824550264446,24.344786719576714
06099002100,5.555555555555555,16.049382716049383,19.768024074074017,20.812734382716073
06075025800,0.0,0.0,23.15261,25.02666935483872
06059099508,0.0,85.8108108108108,24.157730675675698,30.272841554054065
06059099509,0.0,0.0,24.024731538461587,29.08171314685321
06059099506,34.42622950819672,34.42622950819672,26.025991311475416,29.843870819672127
06065042412,12.152777777777777,12.847222222222221,21.049410659722124,24.45283258101872
06065042005,3.8768529076396807,3.8768529076396807,20.23930124287367,21.936492713797044
06065045900,1.1764705882352942,1.1764705882352942,22.183767764705824,20.3725307941176
06065040902,0.0,0.0,25.317284809160242,28.43702936386776
06065044507,29.978586723768736,90.36402569593149,22.10151267665948,26.596222655246237
06065043809,30.074074074074076,30.074074074074076,24.15500195555547,24.910767925925956
06067004008,0.46728971962616817,97.66355140186917,23.61135000000006,24.12969000000003
06067004011,10.857142857142858,100.0,23.198239714285695,23.03949737142864
06099002803,1.1560693641618496,1.7341040462427744,18.448463236994215,20.576864508670432
06075025900,0.0,0.0,22.553708202247226,23.990708651685402
06075026002,0.0,0.0,22.445830000000008,23.814720000000005
06075026004,0.0,0.0,23.667203469387747,24.611893061224496
06075020500,0.0,0.0,22.95384317073169,24.3511843902439
06075061000,0.0,0.0,22.568688651685413,24.465087078651727
06037533402,0.0,0.0,22.726969999999994,25.191559999999985
06037533501,0.0,0.0,22.726970000000023,25.191559999999985
06037576503,0.0,0.0,27.257719999999985,27.31272
06059110012,1.0582010582010581,1.0582010582010581,24.70150206349198,29.582568253968336
06059110014,0.0,10.465116279069768,24.755994767441887,27.315446162790693
06059110202,1.7857142857142856,100.0,26.266469999999988,28.18341000000001
06067003400,0.0,100.0,23.11692000000013,22.787709999999873
06065042209,3.4782608695652173,3.4782608695652173,20.98948330434784,23.759811913043478
06071008001,0.0,0.0,19.99849071428565,21.039661428571378
06059042108,1.5267175572519083,1.5267175572519083,23.887499999999957,27.10933999999998
06059042109,0.0,0.0,22.36205470319637,23.799036529680414
06001440331,27.102803738317753,27.102803738317753,21.568374579439265,23.02497953271032
06075016900,0.0,0.0,22.344929999999987,24.10064
06075017000,0.0,0.0,23.449170615384595,24.554992615384595
06037132700,6.329113924050633,6.329113924050633,24.681309873417703,26.697161518987315
06013345115,1.25,1.25,22.3792746607145,24.436268357142826
06037650604,0.0,0.0,26.127950000000034,26.961579999999984
06059075301,9.392265193370166,9.392265193370166,23.692215027624318,28.350076906077387
06059075302,5.303030303030303,5.303030303030303,23.918509999999976,28.391160000000035
06065045235,2.857142857142857,7.346938775510205,14.536216000000046,17.712483387755164
06065049102,0.0,0.0,16.94123824999995,20.98030550000005
06065045611,0.0,0.0,19.50120533980579,21.54009271844661
06111002200,0.0,0.0,26.499310000000083,27.016429999999936
06111002400,1.1363636363636365,1.1363636363636365,26.484500340909076,28.213032272727265
06065043210,3.954802259887006,3.954802259887006,24.533677966101774,25.397114406779654
06065043209,0.0,0.0,25.62450842323652,27.82187165975099
06065050301,0.0,0.0,25.655569999999916,27.181830000000158
06067003300,0.0,84.46601941747572,22.93708990291272,23.302573333333186
06067003502,0.0,100.0,22.65221999999995,22.737659999999906
06065046402,20.26578073089701,29.900332225913623,25.63982335548168,25.10022358803983
06065030200,0.3731343283582089,0.3731343283582089,20.925032537313413,24.96741641791059
06065040201,17.647058823529413,20.32085561497326,22.634178288770112,26.98376470588227
06065044300,3.0303030303030303,26.666666666666668,25.257646575757512,25.268490787878864
06065040701,0.8097165991902834,0.8097165991902834,24.11224109311749,30.457329757085066
06065040606,0.8875739644970414,0.8875739644970414,22.942579999999925,26.305320000000123
06065031701,2.842809364548495,7.190635451505016,22.92251098662212,24.137779180601946
06065044904,27.24014336917563,27.24014336917563,19.423423225806477,26.94028566308242
06059110304,0.0,100.0,25.399501067415756,26.879401573033725
06059110401,0.0,100.0,23.51943189573467,24.952120473933732
06059110402,0.0,100.0,25.359216938775585,28.11901659863948
06065043222,0.7832898172323759,1.0443864229765014,24.54115835509148,28.582448015665932
06065043001,39.51434878587197,54.3046357615894,25.633308609271268,24.534089713024482
06065030602,0.0,0.5025125628140703,21.018227537688308,23.278981884422155
06065042509,0.0,0.0,22.10111430656937,24.071329416058433
06065041003,0.0,0.0,24.21043142857133,29.728933445378203
06065041004,0.0,0.0,25.087071651785703,30.09785361607144
06065042009,0.8568980291345331,0.8568980291345331,22.321475184232842,21.968716058268907
06065040502,0.44943820224719105,2.247191011235955,23.120228134831304,27.006741056179568
06059075405,0.0,0.0,22.418435252525242,29.600155858585836
06059075505,0.0,98.56115107913669,21.849870000000006,28.67945000000006
06059075506,1.257861635220126,46.540880503144656,22.106834088050352,29.07577125786163
06059075507,0.0,99.20634920634922,22.010913968254,28.92783158730163
06059075513,0.0,0.0,21.898836071428587,28.75497142857147
06059075514,0.0,0.0,21.849870000000006,28.679450000000024
06067003700,0.0,100.0,23.019662822085856,23.48570901840489
06067003800,0.0,100.0,22.83544637037029,22.98922329629614
06037920015,0.2631578947368421,0.2631578947368421,27.880221894736774,33.05537605263172
06111007508,0.0,0.0,25.31574376963342,28.565105026177925
06059076201,13.857677902621724,14.232209737827715,24.482862808988635,26.972047415730387
06059087704,0.0,100.0,25.324116000000057,30.569474666666544
06065043298,0.0,0.0,25.60498221757329,28.515331589958077
06065043319,0.45454545454545453,72.72727272727273,22.890694499999967,21.641904272727245
06065043292,1.9423558897243107,2.443609022556391,24.467444730576492,26.13202778822038
06065043297,3.9641943734015346,3.9641943734015346,25.118004309463043,26.61278841432235
06065043294,10.891089108910892,10.891089108910892,25.132424224422472,26.116945775577435
06065043293,3.629293583927414,5.119896305897602,24.177090486066174,26.73652520414743
06065042802,0.3968253968253968,0.3968253968253968,23.18390250000001,21.125101190476094
06065041415,0.2949852507374631,9.734513274336283,24.56324820059,27.951368702064826
06065047901,0.0,0.0,25.817840817120718,31.3996586770429
06065043207,23.717948717948715,41.02564102564102,24.342709999999972,27.650073269230827
06065042747,4.651162790697675,33.33333333333333,24.12915325581391,24.115778914728647
06065043318,0.0,100.0,24.168439514563108,21.497325194174724
06065042801,0.0,0.0,25.25959485029942,23.898287964071805
06065041413,1.951951951951952,1.951951951951952,25.527187477477277,26.77531947447437
06065044407,7.497360084477296,7.602956705385427,22.576852898626942,26.21627590813125
06065043520,0.625,0.625,25.299505750000055,21.679968124999988
06065042628,6.666666666666667,8.0,24.571763799999957,24.030622999999956
06065042746,0.0,0.0,24.71249158415842,24.003547722772247
06065042626,3.304347826086956,11.826086956521738,23.527941999999896,23.471014886956617
06065042627,10.457516339869281,15.032679738562091,23.68231111111106,23.709200326797347
06065041602,0.0,74.31192660550458,24.505353486238548,29.160968715596276
06065042015,2.2900763358778624,2.2900763358778624,21.499449923664166,23.226581450381815
06065042016,1.4598540145985401,1.4598540145985401,21.492736350364996,23.23743496350371
06065042017,7.4866310160427805,7.4866310160427805,21.44223999999995,23.31906999999998
06037920016,0.8849557522123894,0.8849557522123894,25.72999946902647,30.82352504424775
06037920017,1.6064257028112447,7.228915662650602,25.663602771084328,30.180776506024102
06037920018,0.0,0.0,25.70506655737703,30.583489999999987
06059087801,0.0,100.0,26.093757977528103,28.880437752808927
06067002100,0.0,100.0,22.42835857142855,24.242747142857162
06059099202,7.2727272727272725,7.2727272727272725,24.616070000000033,30.310050000000043
06059099203,77.63975155279503,77.63975155279503,22.762920000000026,29.876100000000022
06037134710,0.0,0.0,24.095579999999973,24.451849999999972
06099002901,4.406938584153774,4.406938584153774,20.283729976558714,22.703994533521076
06075026100,0.0,0.0,24.762308631578982,25.358410947368434
06059074003,0.0,15.0,21.261770000000016,29.340639999999944
06059099243,1.183431952662722,1.183431952662722,23.18807999999993,28.84247999999996
06059099244,0.0,0.0,23.18807999999993,28.842479999999988
06059099510,1.89873417721519,1.89873417721519,24.017076075949426,29.122869620253237
06059110203,0.0,100.0,26.185140000000008,28.511639999999975
06059110301,0.0,100.0,24.497116696035157,25.365625770925025
06059110302,0.0,100.0,23.711349999999936,24.871299999999877
06059110500,3.684210526315789,100.0,23.661542421052644,24.892274947368374
06059110603,0.5555555555555556,100.0,23.516946,24.953167333333365
06059110604,3.684210526315789,10.789473684210527,23.705560315789434,26.014266736842124
06059110605,0.0,3.292181069958848,23.6142791358025,26.108276296296328
06015000202,7.662835249042145,9.578544061302683,23.35253409003837,24.679567825670517
06059001201,0.0,0.0,24.84456,26.591930000000037
06059063500,19.617224880382775,88.99521531100478,22.844174880382724,28.59070535885162
06059063601,0.0,0.0,22.07847678571435,28.906951547619034
06059063603,0.0,0.0,22.15370197368423,28.940677236842056
06015000101,1.2448132780082988,1.2448132780082988,23.092730000000035,26.621240000000114
06015000203,20.44609665427509,20.44609665427509,24.92733379182153,25.274572713754598
06015000201,9.639564124057,11.81894383906119,23.860956102262975,26.043766689019307
06015000102,1.9662921348314606,1.9662921348314606,23.22463379213476,26.37387492977517
06111002600,0.0,0.0,26.44718000000003,31.22847000000001
06059075603,0.0,0.0,21.95724864253391,29.247904072398107
06059075606,0.14492753623188406,0.14492753623188406,21.79136520289854,29.21302844927551
06059076202,0.0,5.078125,23.601727343749943,27.698342148437607
06059076204,0.0,0.0,23.75190658536589,26.79698081300819
06059076205,0.0,0.0,23.162423797468268,26.6622190295358
06037700901,0.0,0.0,22.729015083333344,26.727330500000043
06037700902,0.0,0.0,22.654226666666663,26.704147777777813
06037701000,0.0,0.0,23.276744909090894,26.993749272727317
06037701201,0.0,0.0,25.67078276119398,25.685977761193993
06037701202,0.0,0.0,25.575442241379278,26.173319482758593
06059087803,0.0,100.0,25.501784434782564,29.177920869565174
06059087805,0.0,100.0,25.578275302013374,29.421036040268426
06059087806,0.0,100.0,25.678197199999964,29.87682263999992
06037702400,1.2903225806451613,1.935483870967742,23.159729096774136,24.07684283870971
06037900602,0.0,22.439024390243905,23.465522292682927,26.060956975609752
06059099212,0.0,0.0,22.70269999999996,29.82727999999998
06059099214,6.547619047619048,6.547619047619048,22.67572124999994,30.78171678571427
06059099245,0.0,0.0,23.188079999999935,28.842479999999913
06099003002,0.0,0.0,21.56386935567013,22.648668981958842
06113010508,19.480519480519483,19.480519480519483,26.244740000000064,24.96045000000003
06059099511,10.869565217391305,10.869565217391305,25.112607608695622,27.830266195652143
06037134302,0.0,0.0,23.08126790697667,24.799803488372063
06037134303,0.0,0.0,22.70098999999997,24.579300000000032
06037134304,0.0,0.0,22.776858571428544,24.592016507936496
06037134421,0.0,0.0,25.97818892361107,26.477917673611035
06099003100,22.649888971132494,30.421909696521094,20.64866911176915,22.016700177646182
06059110102,0.0,65.36312849162012,25.3151975977655,26.53005167597769
06055200900,0.0,0.0,24.056739999999998,22.458239999999996
06055201300,15.333333333333332,26.666666666666668,26.52779759999997,25.228456400000024
06059062639,0.0,0.0,22.91067449438202,29.294771797752716
06059110607,0.7518796992481203,61.65413533834586,23.590537744360915,25.641514736842048
06059062637,1.9801980198019802,1.9801980198019802,22.00494940594064,28.29633039603965
06059074801,0.0,66.94214876033058,21.006699999999956,27.63477999999997
06059075809,3.3816425120772946,12.077294685990339,22.785243333333227,28.041096666666633
06059110606,0.0,100.0,23.37935484210526,25.052015578947312
06055202000,9.606986899563319,10.698689956331878,24.523277117903785,23.974216724891065
06055201800,6.7588325652841785,6.7588325652841785,26.239758033794153,25.157763625191926
06075060400,0.0,0.0,25.436805609756103,26.580098292682944
06059063605,0.0,0.0,21.718550000000036,29.34787999999998
06059063701,0.0,0.0,21.718550000000036,29.34787999999997
06059063702,0.0,0.0,21.71855000000004,29.34787999999993
06059063802,0.0,0.0,23.536210000000082,30.591280000000015
06111004400,0.45454545454545453,100.0,27.232802363636406,30.83540509090898
06111007607,3.624733475479744,5.543710021321962,23.703225330490366,28.89751368869933
06111005906,0.18587360594795538,0.18587360594795538,26.84850182156147,30.42015656133802
06111001204,12.135922330097088,15.53398058252427,26.98739296116503,25.97301145631071
06111008402,2.857142857142857,2.857142857142857,23.06327407792215,25.56473353246763
06111008304,26.356589147286826,33.33333333333333,28.16737872093032,29.76252999999985
06111007800,8.823529411764707,55.14705882352941,23.754750000000048,27.028830000000074
06111006301,0.0,0.0,26.092542620689347,29.553410620689682
06027000200,0.6756756756756757,0.6756756756756757,26.88871504504501,31.362134481982093
06027000500,2.797202797202797,2.797202797202797,26.592533892773982,29.631943146853168
06027000100,7.6923076923076925,8.11965811965812,23.752567051281982,28.4845540598291
06027000400,2.3255813953488373,3.5778175313059033,25.518675330947893,29.884158658318327
06067007206,7.377979568671964,22.474460839954595,21.99919676503975,22.470912735527712
06067007207,4.83619344773791,10.29641185647426,21.42784884555383,23.22560928237133
06067005803,1.1312217194570136,42.76018099547511,20.805033574660747,21.218484434389254
06067005804,1.3100436681222707,89.08296943231441,20.8576926637555,21.36571205240171
06077004204,0.0,100.0,23.52466066265061,22.52629463855414
06077004302,0.0,91.9298245614035,23.505864140350734,23.03495522807013
06077004305,0.0,86.56716417910447,23.97430999999988,24.048230000000096
06077004402,0.0,93.64406779661016,23.064616610169466,22.47776542372881
06077005003,4.336734693877551,5.357142857142857,21.155092380952368,22.650877219387866
06059076206,0.0,0.0,22.992671044776145,29.142271791044713
06067007204,0.7407407407407408,67.1604938271605,21.854768716049325,24.522336271604953
06067007209,25.089605734767023,32.97491039426524,21.57943569892473,23.429026057347734
06067007402,7.096774193548387,16.129032258064516,22.043264774193645,24.145589290322523
06067007403,0.0,0.8130081300813009,22.64119487804884,24.10316304878045
06067007208,4.147465437788019,66.20583717357911,21.781605898617343,23.768914592933896
06059088001,1.7241379310344827,100.0,25.857379999999985,30.308130000000013
06059088002,1.1494252873563218,100.0,25.815036551724127,30.372109655172416
06067007413,6.349206349206349,6.746031746031746,22.632039246031628,23.72843349206356
06067007414,0.0,0.0,21.768232514970066,23.454400119760372
06067007416,0.0,2.4390243902439024,22.54017902439023,23.32403164634137
06059099215,4.938271604938271,4.938271604938271,22.660513333333274,30.83927753086418
06059099216,0.0,0.0,22.577609999999932,31.15305999999996
06059099217,0.9009009009009009,0.9009009009009009,22.538608648648697,30.81468027027032
06059099220,4.10958904109589,4.10958904109589,23.78972876712334,28.455412602739713
06059099222,44.88636363636363,100.0,22.561420625000007,29.195034999999997
06037920029,2.272727272727273,3.4090909090909087,27.075067784090926,30.946070000000066
06037920031,1.4084507042253522,3.5211267605633805,26.86805028169021,29.569499577464757
06059099512,0.0,0.0,25.076101282051248,27.767205384615362
06067007417,3.783783783783784,5.405405405405405,21.343089351351335,23.34336854054047
06037701302,0.0,0.0,25.197249677419332,29.33090435483868
06037701501,0.0,0.0,25.817440632911346,29.438211265822765
06037701502,0.0,0.0,25.86008999999996,30.01360999999998
06037701601,0.0,0.0,25.523160000000072,25.46795999999996
06037701602,0.0,0.0,25.549871315789442,25.94176144736839
06037701701,0.0,0.0,25.441047499999964,26.515299999999975
06107001501,0.0,73.01587301587301,18.371024807256198,20.362670340136123
06059099513,32.773109243697476,90.75630252100841,25.959403109243684,29.93531714285708
06059099514,25.688073394495415,83.79204892966361,25.0523052293578,30.344277247706437
06059099601,1.4124293785310735,85.31073446327684,22.724692514124417,30.474971271186625
06059099602,0.0,95.07042253521126,22.696135422535153,30.583583098591564
06037702501,0.0,0.0,23.11587999999994,23.953210000000034
06037702502,0.0,0.0,23.164791704545475,23.925662613636323
06037702600,0.0,0.0,24.320294380165226,23.685509710743734
06037702700,0.0,0.0,23.20942090322574,24.415604516129044
06037702802,0.0,0.0,23.47063000000002,25.72002999999997
06059110303,0.0,100.0,25.552306024844743,27.257664968944145
06037702803,0.0,0.0,23.23687551020406,24.81417612244897
06075026301,0.0,0.0,24.79091923076924,25.85111769230769
06075026302,0.0,0.0,23.610406144578267,24.449208674698774
06059063803,0.6060606060606061,0.6060606060606061,22.423293454545536,29.877466363636383
06059063805,7.017543859649122,7.017543859649122,22.699815964912297,28.590064122807085
06055200201,0.0,7.428571428571429,23.848849999999953,21.66103000000009
06059063807,0.0,0.0,23.536210000000036,30.591280000000065
06059074300,0.0,0.0,21.343986666666684,28.31691777777772
06059074403,1.4705882352941175,1.4705882352941175,21.474482058823533,27.67169147058822
06055200202,14.414414414414415,39.63963963963964,23.84884999999999,21.66103000000002
06055200203,27.835051546391753,59.79381443298969,23.848850000000013,21.661029999999993
06055200501,0.9478672985781991,0.9478672985781991,24.037018293838855,22.079395450237076
06059076208,0.0,0.0,24.0664020338982,27.4479180932204
06059086301,0.0,100.0,23.975939999999998,27.55656999999997
06059086304,0.0,71.08433734939759,24.184749156626424,27.36533674698801
06059086305,1.0869565217391304,78.26086956521739,24.14750233695646,27.39944842391307
06059086306,2.2222222222222223,91.85185185185185,24.07680918518513,27.464191185185257
06077005001,0.0,2.5510204081632653,21.095756479591728,22.813425816326713
06059088101,0.0,100.0,26.02247999999999,29.168100000000003
06059088104,3.076923076923077,100.0,25.592941846153785,30.282200153846112
06059088105,0.0,100.0,25.585175061728336,30.313962345678984
06059088106,0.8333333333333334,100.0,23.708819999999964,30.09745000000008
06055200503,25.510204081632654,37.755102040816325,23.84885000000001,21.661029999999997
06075020401,0.0,0.0,23.905269999999984,24.742659999999994
06059099225,44.88636363636363,44.88636363636363,23.328102500000035,29.921407499999965
06061021123,3.2653061224489797,3.2653061224489797,20.368079074829808,21.374711183673377
06067007422,0.0,0.0,21.784872268041248,22.741157113402068
06087101200,3.0303030303030303,3.6363636363636362,26.58980236363632,27.50318230303028
06059099223,70.12987012987013,100.0,22.762920000000022,29.876100000000005
06059099224,99.31506849315068,99.31506849315068,22.91077609589041,29.40820815068488
06061022014,7.561728395061729,7.716049382716049,23.142260231481437,23.353873240740583
06061022011,1.3793103448275863,1.5517241379310345,24.43993753448326,25.810254922413918
06061022013,0.16877637130801687,0.16877637130801687,21.974377628692004,22.824079949367004
06061020402,0.0,0.0,19.353279920212582,20.348239122340555
06061020502,0.3933910306845004,0.3933910306845004,19.56715358772648,21.023209889850296
06061021204,0.34071550255536626,0.34071550255536626,20.988409182282783,21.590511320272412
06061021604,0.8459214501510574,0.8459214501510574,21.050760942598053,21.50362009063439
06061020714,0.0,0.0,20.632360422535275,21.917958415493093
06061021603,1.9851116625310175,1.9851116625310175,20.610029999999878,20.923240000000064
06061021122,1.1494252873563218,1.1494252873563218,20.75729448275851,21.798099109195363
06061020710,5.299539170506913,5.299539170506913,20.28997900921668,21.127007142857256
06061021043,1.3513513513513513,1.3513513513513513,21.36403270270266,22.070004729729693
06067005901,2.109704641350211,3.5864978902953584,22.41748999999986,22.699699999999872
06067006002,0.0,0.7843137254901961,21.252343490195987,21.47077301960795
06067006003,0.0,0.0,22.59341866995069,23.499832906403988
06067006101,0.0,0.0,22.448742394366114,23.743604647887416
06067006102,3.4013605442176873,8.843537414965986,21.669289999999954,22.49812000000006
06059099604,1.89873417721519,5.69620253164557,22.960239999999917,30.91725000000005
06059099605,0.0,0.0,22.92524585106376,30.77906542553201
06059110104,0.0,100.0,24.953260000000135,26.561249999999998
06067007701,0.0,0.0,21.432446073619555,21.72340085889561
06067007702,3.9660056657223794,36.26062322946176,21.42879124645884,21.740002889518298
06067007801,1.7777777777777777,3.7777777777777777,20.890679422222213,21.29008846666659
06067007802,1.674641148325359,6.937799043062201,21.393754258373097,21.74058153110034
06067007904,0.0,0.0,20.784362420382088,21.451137770700676
06067007905,0.0,0.0,20.537449999999872,21.145840000000085
06037701702,0.0,0.0,25.860089999999957,30.01360999999998
06067006202,0.0,14.054054054054054,23.074020000000015,23.91150000000007
06067006300,5.423728813559322,61.016949152542374,22.47322525423731,23.994342881356026
06067006400,0.0,0.5988023952095809,22.388700000000178,24.14876000000003
06037701801,0.0,0.0,24.621218028169046,26.530285070422554
06037701802,0.0,0.0,25.860089999999982,30.013609999999975
06037702201,0.0,0.0,25.539922733812986,29.203861798561135
06111001401,0.0,0.0,26.65824251428574,32.00159280000005
06089011802,1.557377049180328,1.557377049180328,23.91486197540991,23.125800393442564
06089011701,2.229299363057325,2.229299363057325,25.620069458598703,24.580868121019122
06089011001,0.9174311926605505,0.9174311926605505,25.670047844036613,24.228382935779933
06089012603,1.1979823455233292,1.1979823455233292,24.390727610340516,24.241034773013943
06089010806,9.333333333333334,10.666666666666668,25.015061626666714,24.76754810666675
06067006600,9.49367088607595,93.0379746835443,22.015640981012687,24.052932689873515
06037703002,0.2849002849002849,0.2849002849002849,23.49511373219363,23.283066495726413
06037703100,0.3448275862068966,0.3448275862068966,22.724641586206804,23.03805265517236
06077005108,0.0,0.0,21.691880888888875,22.778532000000055
06077005109,0.0,0.0,20.579150000000023,21.598469999999935
06067008005,0.0,0.0,20.786205506493673,22.18618597402601
06067008006,0.0,0.3194888178913738,20.3714872843449,21.57561990415353
06067008007,0.0,0.0,20.32806841860463,21.294253627907032
06067008009,0.7736943907156674,7.35009671179884,20.184768665377078,20.61566566731149
06059086402,0.0,100.0,23.67434353658531,28.04750426829266
06059086404,0.0,100.0,23.522819480519498,28.278692857142804
06059086406,0.0,89.14728682170544,23.726821472868167,27.477325891472915
06059086407,3.205128205128205,50.641025641025635,23.652025705128242,26.841152371794944
06067008010,0.4,3.4000000000000004,20.385188999999883,20.856559079999965
06067008111,3.753351206434316,6.970509383378016,21.160450000000118,22.475610000000174
06067008113,0.0,0.0,21.157226878612676,22.487262254335228
06067008117,0.0,0.0,21.749186865671643,22.30908171641785
06067008119,3.4375000000000004,6.875000000000001,21.054320000000125,21.784929999999868
06067008120,1.0869565217391304,1.0869565217391304,20.134368478260917,21.629759565217444
06059086501,0.0,100.0,24.665705118110246,27.95305866141729
06059086502,3.125,100.0,24.282569062500002,27.62455062499998
06059088107,0.0,100.0,23.747996129032195,30.040772645161393
06059088201,0.0,100.0,25.44806000000007,30.926599999999883
06059088202,0.0,100.0,25.448060000000055,30.926599999999894
06059088203,0.0,100.0,25.448060000000066,30.926599999999887
06059088301,0.0,100.0,25.448059999999995,30.926599999999855
06067007001,100.0,100.0,21.94896417721526,24.15408135021096
06037402304,0.0,0.0,21.755198965517273,23.42365965517243
06037208301,0.0,0.0,24.184931538461544,26.84451615384615
06067007007,100.0,100.0,21.959061487179543,24.207356000000026
06037219901,1.3888888888888888,18.055555555555554,23.949736666666645,24.656711111111118
06059099226,2.941176470588235,2.941176470588235,24.28098247058829,29.99326458823532
06067007501,0.0,0.0,22.26499517241376,22.852539310344785
06067007503,3.3653846153846154,3.3653846153846154,22.31988283653838,22.75829552884619
06067007504,4.032258064516129,5.241935483870968,22.42286096774182,22.79852358870973
06037551401,0.0,0.0,22.49892127659575,24.714393829787237
06037651401,0.0,0.0,27.28421296296293,26.441494629629616
06037670324,1.948051948051948,1.948051948051948,26.814939545454276,25.511623181818315
06059099701,0.0,100.0,22.696847682926776,28.818106951219445
06067007010,100.0,100.0,21.907619999999962,24.40644999999996
06067007011,100.0,100.0,21.83533775401066,24.29833999999999
06067007012,100.0,100.0,21.860934696969675,24.26123719696968
06067007013,100.0,100.0,21.936899393939363,24.078475454545465
06019005515,6.431535269709543,6.846473029045644,23.626391431535176,23.085696846473194
06059110106,7.6190476190476195,36.19047619047619,24.879457142857184,26.78945838095241
06067007202,10.628571428571428,19.085714285714285,21.666274960000028,24.056317451428725
06077005123,0.0,60.0,21.820251720930212,22.86802465116282
06077005125,0.0,0.0,20.266500425531948,20.510137659574454
06077005126,0.0,0.0,20.244367222222195,20.45633864197538
06077005303,0.0,0.0,20.804481257485037,20.980420419161693
06077005403,0.0,0.0,20.165217330960772,20.962226192170693
06111006200,2.4830699774266365,2.4830699774266365,25.7462906772008,29.899693408578063
06111006302,0.0,0.0,25.757773207547125,28.884894402515734
06059074803,6.0,6.0,24.020523950000012,29.868630450000023
06059075607,2.7649769585253456,28.110599078341014,22.527406912442338,29.478825483870867
06059075701,0.0,71.27272727272728,22.95625000000011,30.302510000000204
06059075805,0.0,0.0,22.898115384615412,29.5619853846154
06059086601,0.0,100.0,23.52270340425529,27.080755957446843
06111006500,0.0,0.0,25.397869999999873,28.95280999999985
06111007700,21.34831460674157,32.958801498127336,25.89549535580525,28.75973625468169
06111007903,10.309278350515463,13.745704467353953,24.19981986254304,28.073973986254103
06111007904,16.194331983805668,22.672064777327936,24.220662712550627,27.37816004048595
06059086701,0.0,100.0,22.5582872265625,26.606009492187418
06059086702,4.838709677419355,100.0,24.00437750000004,28.562495725806418
06059086801,0.0,100.0,24.220220000000076,26.332645714285718
06059086602,1.2987012987012987,100.0,24.39347350649353,27.973796883116872
06059088302,0.0,100.0,25.56999171314738,30.142251792828613
06059088401,0.0,100.0,25.757200000000008,28.938000000000077
06059088402,0.0,73.77049180327869,25.757200000000008,28.93800000000007
06059088403,32.075471698113205,66.66666666666666,25.757200000000008,28.938000000000073
06059088501,43.103448275862064,100.0,25.014810000000015,28.55457999999999
06059088802,0.0,100.0,23.70881999999994,30.0974500000001
06059088901,0.0,100.0,24.22307304878044,29.353463719512202
06059099227,1.1111111111111112,1.1111111111111112,24.231783111111163,29.946752444444467
06059099229,3.5555555555555554,3.5555555555555554,24.437560400000066,29.65638119999991
06059099230,5.769230769230769,5.769230769230769,24.88253230769235,30.120545192307702
06059099231,0.0,0.0,22.882821935483786,29.804714798387245
06059099232,5.241935483870968,5.241935483870968,24.885567096774274,30.119185725806325
06059099702,0.0,96.56652360515021,22.30234999999995,28.319379999999928
06059110108,0.0,0.0,24.676879250000006,26.846255666666654
06059110109,0.6802721088435374,100.0,25.864466938775546,27.686830408163345
06059074405,0.0,0.0,21.393439347826053,28.133591739130416
06059074806,0.0,40.50632911392405,21.006699999999977,27.634780000000024
06037407602,0.0,0.0,22.449717377049133,25.447200983606525
06111006600,0.0,0.0,25.282757364864825,29.34166310810816
06059074901,0.0,88.9763779527559,21.067000314960588,27.614307874015726
06059074902,0.0,100.0,21.03731215189871,27.624387088607623
06059075806,2.3041474654377883,6.451612903225806,22.87373046082957,29.85840732718897
06037189904,0.0,0.0,24.009349999999994,26.64562
06037190201,0.0,0.0,25.15994,30.175590000000014
06059075807,0.0,71.26436781609196,22.860503850574755,29.74606356321846
06059075808,0.0,87.1559633027523,22.806456605504682,30.20346550458731
06059075810,3.7162162162162162,17.905405405405407,22.792954898648624,28.9747870945945
06059086802,0.0,100.0,24.134338794326315,27.403142411347517
06059086901,2.083333333333333,100.0,26.266470000000023,28.183410000000066
06059087802,0.0,100.0,25.72274077922075,29.386304220779188
06059099204,80.24691358024691,96.91358024691358,22.762920000000026,29.876100000000026
06037900606,0.0,30.434782608695656,23.733726273291868,26.048055652173947
06059099246,0.0,0.0,23.188079999999932,28.842479999999945
06059086902,5.0,100.0,25.49493000000007,28.12864899999999
06059086803,3.6269430051813467,100.0,25.158643056994933,28.151258756476594
06059086903,0.628930817610063,100.0,25.1642700000001,28.105179999999976
06059088601,0.0,100.0,24.383519999999958,29.121339999999986
06059088602,30.28169014084507,100.0,24.912558802816935,28.646379154929573
06059088502,88.35616438356165,100.0,25.01481000000003,28.554579999999994
06059088903,23.766816143497756,100.0,23.962018654708537,29.31764529147988
06059088904,0.0,100.0,23.325363529411785,29.614153882352998
06059088905,0.0,100.0,23.622801626506018,29.40824060240968
06059088902,0.0,100.0,24.383519999999965,29.12134000000005
06059099235,0.0,0.0,22.731084795321575,29.76968935672521
06059099237,4.320987654320987,4.320987654320987,22.743416666666604,30.525495061728364
06059099238,0.0,0.0,22.57760999999993,31.15305999999995
06037188100,0.0,0.0,27.610354615384605,31.900876923076865
06037188300,4.878048780487805,4.878048780487805,25.634337073170766,31.826178048780445
06059099234,0.0,0.0,24.10141821192054,29.96591940397353
06059099247,86.8421052631579,86.8421052631579,24.616070000000025,30.310050000000036
06059099248,2.857142857142857,2.857142857142857,24.616070000000022,30.310050000000032
06059099249,4.838709677419355,4.838709677419355,24.616070000000022,30.310050000000032
06037189300,0.0,0.0,24.74430861538451,29.709814000000062
06059099250,0.0,0.0,25.023650000000053,30.057330000000064
06059110110,0.0,100.0,25.46063659090913,27.187993636363657
06065042623,1.509433962264151,13.20754716981132,24.105936150943318,25.753508000000018
06065042732,2.982107355864811,9.145129224652088,23.210399105367788,21.464392127236575
06059074408,0.0,0.0,21.849870000000006,28.679450000000013
06065043009,0.0,45.367412140575084,26.20748999999984,27.02138999999993
06065043601,0.0,0.0,26.98954666666667,23.950196666666667
06065044404,1.3888888888888888,1.3888888888888888,22.978320932539823,26.122870714285618
06065049600,0.0,0.0,25.76261407407415,27.59585866666656
06065042726,0.0,2.857142857142857,22.544100526315727,19.015104210526303
06065940500,3.0245746691871456,22.68431001890359,19.31061629489604,22.222784158790176
06111006700,0.0,0.0,25.245915161290316,29.466116912442416
06111006800,0.35335689045936397,1.76678445229682,25.458270106006918,29.003159293286064
06059074502,0.0,0.0,21.409760000000002,27.497940000000035
06059075002,0.0,20.754716981132077,21.454636320754705,27.65993377358491
06059075003,0.0,87.93103448275862,21.651803103448263,28.27125517241377
06059075811,0.0,0.0,23.253749999999986,28.152489999999954
06059075812,0.0,0.0,22.939201692307712,29.499982102564083
06059075815,0.0,0.0,22.89714000000003,29.680169999999972
06059075816,4.310344827586207,45.689655172413794,22.884100258620713,29.673877241379362
06059075901,0.0,0.0,22.92250000000001,26.60737000000005
06059088701,0.0,100.0,24.383519999999955,29.12134000000001
06059088801,0.0,100.0,23.748769342105202,30.03965401315799
06037199120,0.0,0.0,20.645420000000037,23.475650000000012
06037199201,0.0,0.0,20.645420000000033,23.47565
06037199202,0.0,0.0,20.645420000000037,23.47565000000001
06037199300,0.0,0.0,21.04735439490442,24.034241210191034
06111006400,0.0,0.0,25.300081461794388,27.989145382059714
06111007506,1.6058394160583942,1.7518248175182483,25.42319621897807,27.929437489051416
06111008001,33.62068965517241,37.06896551724138,24.22623517241381,27.332136206896596
06111000400,28.802588996763756,77.34627831715211,28.99808423948234,29.393600776699028
06037199400,0.0,0.0,20.964125555555597,23.91857333333336
06037199700,12.903225806451612,12.903225806451612,21.647682258064545,25.269918064516116
06037199900,0.0,0.0,20.567993750000028,23.36150166666666
06037201110,0.0,0.0,20.997925842696592,25.26651056179773
06111000600,51.13636363636363,91.47727272727273,29.06070568181821,30.147645056818124
06111005401,2.4630541871921183,52.21674876847291,27.433540246305284,29.09905467980299
06111000901,0.5434782608695652,2.717391304347826,28.962355398551058,28.981620181159336
06111007300,5.483870967741936,5.483870967741936,26.833397499999997,30.1655416612903
06111007901,13.440860215053762,14.516129032258066,23.79277392473123,27.11972784946247
06111000800,6.279434850863422,12.087912087912088,28.420183547880743,29.1443875196233
06111000302,5.314009661835748,13.285024154589372,25.79634454106295,29.1527067149758
06111005911,0.0,0.0,27.13930789473676,32.419858684210574
06111007202,0.0,0.0,26.945552987951867,29.957330385541994
06111005907,7.643312101910828,7.643312101910828,26.179601656051116,28.568201592356544
06111001102,3.709949409780776,4.8903878583473865,28.92552355817871,27.307842782462092
06111007402,0.0,0.0,26.570065602605936,29.91020042345294
06111000902,20.76923076923077,28.46153846153846,29.753605461538484,29.796426403846265
06111001002,4.451510333863275,9.220985691573928,28.95108912559626,27.75987176470559
06055201900,9.38897168405365,10.432190760059612,25.552987272727254,24.833902205663325
06055201500,18.710359408033828,22.41014799154334,28.28760695560255,27.422766522198607
06055200703,5.144694533762058,5.466237942122187,24.76321122186499,23.26370016077153
06055200400,7.5,9.038461538461538,23.99202776923093,21.930272999999875
06055201700,3.5186488388458828,4.292751583391977,26.443544440534748,27.17079887403214
06055200802,13.157894736842104,25.438596491228072,23.906298479532055,21.950455497075918
06037127104,0.0,0.0,23.399257142857145,25.211922857142863
06037127804,0.0,0.0,23.67755000000004,24.764380000000017
06037128102,0.0,0.0,23.945529000000043,25.024682000000027
06037132001,0.0,0.0,24.510999842519674,26.828197952755865
06037134001,0.0,0.0,24.09557999999998,24.451849999999975
06111008005,26.89075630252101,38.655462184873954,23.754750000000048,27.028830000000056
06111000500,27.225130890052355,32.98429319371728,26.839357905759204,28.482415235602076
06059099703,33.69565217391305,80.43478260869566,22.302349999999958,28.319379999999935
06059110111,0.0,57.798165137614674,24.982396009174455,26.55873853211008
06067009900,97.64216366158114,99.58391123439667,21.948044965325924,23.868931303744954
06067000100,1.762114537444934,92.51101321585902,21.78265823788548,22.5472024229075
06037208802,0.0,0.0,23.96267320000001,27.45701280000001
06037211921,0.0,0.0,22.028430000000004,27.304289999999998
06037215102,0.0,0.0,25.911324285714272,27.348953714285713
06037217002,0.0,22.330097087378643,23.400399999999994,26.84189000000001
06037221303,0.0,0.0,22.949880000000004,27.638270000000013
06037920102,12.25382932166302,12.25382932166302,27.76523936542679,31.215162866520867
06037920115,0.8403361344537815,0.8403361344537815,26.01572495798322,31.364907563025163
06111006900,0.0,0.0,25.427149634146357,29.822392195121942
06111007000,16.528925619834713,19.834710743801654,26.93895760330574,30.23745462809924
06111007100,0.0,0.0,27.609563902438943,30.639868097560917
06059075902,2.9850746268656714,4.975124378109453,22.160191542288604,27.428290398009896
06037201120,0.0,0.0,21.246848282828275,25.3444141414141
06037201501,0.0,0.0,20.29748,25.019989999999932
06037201503,0.0,0.0,20.297479999999975,25.019990000000004
06037201504,0.0,0.0,20.297479999999975,25.019990000000004
06037201700,0.0,0.0,20.29747999999999,25.01998999999994
06037203100,0.0,0.0,18.922334000000006,20.935330727272735
06037203300,0.0,0.0,19.314525540540547,21.513532702702733
06037203500,1.5384615384615385,1.5384615384615385,20.11068769230769,22.695129230769233
06037203710,0.0,0.0,18.787190000000006,20.736089999999994
06037203720,0.0,0.0,18.787190000000006,20.736089999999994
06075026303,0.0,0.0,24.948343103448277,26.03806517241378
06075026401,0.0,0.0,23.592529999999993,24.42798000000001
06075026402,0.0,0.0,22.793560666666682,24.451100500000038
06075026403,0.0,0.0,23.20349603773585,24.439406415094354
06075030101,0.0,0.0,23.905269999999984,24.74265999999999
06075030102,0.0,0.0,23.90527000000003,24.742659999999933
06075030201,0.0,0.0,24.221510000000006,24.574440000000006
06059099801,0.0,100.0,23.708819999999932,30.09745000000011
06059099802,3.508771929824561,100.0,23.70881999999997,30.097450000000073
06059099803,15.602836879432624,100.0,23.708819999999946,30.097450000000098
06059110114,7.8817733990147785,100.0,24.977600246305414,27.173105615763507
06037575801,0.0,0.0,30.388057222222212,32.69499666666665
06037651221,0.0,0.0,26.12795000000004,26.96157999999997
06037554600,0.0,0.0,23.157279911504403,23.10061672566374
06037620201,13.043478260869565,13.043478260869565,22.49169999999999,22.54593
06075030301,0.0,0.0,24.078030740740765,24.650762037037005
06075030302,0.0,0.0,24.120316666666668,24.5613742857143
06075030400,0.0,0.0,24.190184000000002,24.482475571428537
06037189201,0.0,12.5,24.53165999999999,29.471510000000002
06037211803,0.0,0.0,22.028430000000007,27.304290000000005
06037211922,46.666666666666664,46.666666666666664,22.028430000000007,27.304289999999995
06037212501,0.0,0.0,22.949880000000004,27.638269999999995
06037241201,0.0,0.0,23.25317000000002,28.99724727272731
06037702002,0.8547008547008548,0.8547008547008548,25.86009000000001,30.013609999999975
06037267901,0.0,0.0,24.084331093749967,27.255953281250004
06037269906,0.0,0.0,23.16165419354838,24.181186774193552
06081611700,44.31818181818182,66.47727272727273,22.21374875,22.074822159090846
06029006201,80.38461538461539,85.1923076923077,23.455341865384554,27.478669153846152
06059110116,0.0,54.794520547945204,25.98269027397265,26.300200000000025
06059075004,0.0,0.0,21.39026000000001,28.257420000000014
06075030500,0.0,0.0,24.12867688172044,24.71343763440857
06075030600,0.0,0.0,24.64730000000003,24.645600000000044
06075030700,0.0,0.0,24.64730000000002,24.64559999999993
06075030800,0.0,0.0,24.195985303867396,24.448973591160176
06059076102,1.5625,1.5625,24.33425984374999,27.329091406250026
06059076103,32.7683615819209,35.02824858757062,24.331279717514136,27.395957853107376
06037203900,0.0,0.0,19.1988692857143,21.233409821428555
06037204110,0.0,0.0,18.787190000000006,20.736089999999997
06037204120,0.0,0.0,18.8238418918919,20.78036648648648
06037204300,0.0,0.0,18.787190000000006,20.73609000000003
06037204600,0.0,0.0,19.127567377049186,21.23334229508197
06037204700,0.0,0.0,19.443547799999973,21.53127799999995
06037204810,0.0,0.0,20.014835473684187,22.219119263157847
06037204820,0.0,0.0,20.14331000000001,22.374320000000008
06037204910,0.0,0.0,20.14331000000001,22.37431999999999
06037137301,0.0,0.0,25.99935222707423,27.858990043668108
06107002202,0.0,0.0,18.66088208791211,22.417516923076903
06059099902,2.4096385542168677,100.0,22.519029999999955,30.359830000000034
06037137401,0.0,0.0,26.983843215547626,29.20288416961145
06037141400,0.4149377593360996,0.4149377593360996,25.517654356846563,25.949995518672235
06037535001,0.0,0.0,23.369608983050842,25.68861694915252
06037603005,0.0,0.0,24.196660000000023,27.86007
06037604001,0.0,0.0,22.976249999999986,27.799239999999994
06037104203,0.0,0.0,24.365037303370823,24.15281629213479
06037102107,1.3043478260869565,1.3043478260869565,22.95023091304355,27.266125369565465
06037620904,1.3513513513513513,1.3513513513513513,25.471639999999987,26.682389999999987
06037650003,0.0,0.0,23.460726428571444,26.518693428571453
06095250106,3.7735849056603774,3.7735849056603774,25.383447773584884,23.777561924528282
06095250104,1.342281879194631,1.342281879194631,23.797010000000093,23.539789999999936
06037203800,0.0,0.0,18.787190000000006,20.736090000000022
06037208610,0.0,0.0,22.489652666666654,27.48505422222223
06037208620,0.0,0.0,23.827490930232564,28.009385116279063
06037208903,0.0,0.0,24.304790000000008,26.31151
06037209300,0.0,0.0,24.304790000000015,26.31151
06037209510,0.0,0.0,23.2578140909091,27.336733636363636
06037210010,0.0,2.4390243902439024,24.30479000000002,26.31151
06037190510,0.0,0.0,24.765021142857133,29.733025428571427
06037190520,0.0,0.0,24.53165999999999,29.47150999999999
06037191420,2.7777777777777777,2.7777777777777777,22.028429999999993,27.304290000000016
06059074406,0.0,0.0,21.43516676767677,27.803955050505074
06037137302,0.0,0.0,26.3291483435583,28.050962361963293
06037190902,0.0,0.0,25.14386679245285,29.832958113207535
06037191000,0.0,7.6923076923076925,25.159940000000002,30.175590000000042
06037191110,0.0,0.0,24.53165999999999,29.47150999999999
06037191120,0.0,0.0,22.518192391304332,27.728311304347848
06037191201,0.0,27.586206896551722,24.531660000000024,29.471510000000027
06037191500,27.941176470588236,27.941176470588236,22.02843000000001,27.304290000000023
06037191610,0.0,0.0,22.02843,27.304290000000023
06037191620,0.0,0.0,22.028430000000004,27.30429000000001
06037191710,0.0,2.564102564102564,23.85901179487179,28.652154871794874
06037191820,0.0,62.96296296296296,25.13246000000002,29.589799999999986
06037137402,0.0,0.0,27.385020136239774,29.27929814713904
06085503506,44.52554744525548,44.52554744525548,19.635582992700755,25.66797233576641
06085512001,1.6129032258064515,1.6129032258064515,22.495604032257997,24.616445591397873
06085510300,4.3478260869565215,98.99665551839465,23.320887023411498,26.06495418060209
06085504602,100.0,100.0,22.792003118279617,27.042644946236564
06085507002,0.0,48.82226980728051,26.64101522483916,29.982141241970016
06085512307,12.401574803149607,72.44094488188976,27.799661870078584,32.51921452755928
06085511910,5.776173285198556,5.776173285198556,26.739563971119075,28.148150324909654
06085505700,0.0,98.65470852017937,21.371910852017983,22.831380986547078
06085506900,2.527075812274368,54.993983152827916,25.10518606498179,28.211961552346136
06085507301,1.4084507042253522,100.0,26.259600676056735,28.17408697652613
06085501700,34.306569343065696,55.47445255474452,19.83075999999999,23.71590999999993
06085503116,2.272727272727273,2.272727272727273,23.27082000000004,25.439960000000045
06085507701,5.93607305936073,59.817351598173516,23.015950913242044,24.92626018264835
06083001206,32.18390804597701,32.18390804597701,30.186290000000056,29.121489999999998
06081601601,0.0,3.9603960396039604,25.832260198019835,26.764116732673237
06085502908,1.4336917562724014,1.4336917562724014,22.70142645161287,24.338533799283198
06085502909,0.0,0.0,22.631260000000083,24.11571000000003
06085509107,0.0,100.0,22.490370307692302,26.000204153846127
06085511701,4.251386321626617,99.16820702402957,23.327236210720983,25.928657310535968
06085511907,32.244897959183675,40.0,25.390090204081577,26.40043212244892
06085511912,13.312693498452013,15.479876160990713,28.160086130030976,28.44721043343665
06095252904,12.313937753721245,14.479025710419485,29.552043349120275,27.847944059539874
06095252305,20.39911308203991,70.95343680709534,26.746776873614213,22.869779002217378
06095251802,42.30769230769231,48.07692307692308,26.199708365384655,22.7828480769231
06085503207,1.3157894736842104,1.3157894736842104,21.903128947368433,24.609508421052603
06085502910,0.0,0.0,23.73407560975608,25.520134390243953
06085503001,20.816326530612244,20.816326530612244,21.474305551020475,23.81994314285708
06023000500,1.8433179723502304,3.686635944700461,25.227522903225807,27.49268336405533
06023000600,0.0,0.9852216748768473,25.45002477832523,27.499718842364707
06023000700,0.0,0.3952569169960474,25.928436600790583,27.68795260869584
06039000506,9.954337899543379,13.698630136986301,21.44261054794507,23.74459247488592
06039000102,1.392757660167131,1.392757660167131,24.639319415041825,25.54006996100287
06039000602,0.0,8.552631578947368,20.68687184210522,23.666426644736788
06039000103,2.55741127348643,2.55741127348643,22.54474325156561,23.380229352818272
06007000102,0.9966777408637874,97.67441860465115,24.051201461793973,25.070874086378616
06085503208,0.0,0.0,22.618212736842153,25.048043157894725
06095251200,0.0,16.55629139072848,25.680389999999992,24.19790999999996
06085500100,5.445544554455446,20.792079207920793,19.041180000000068,23.618919999999918
06085500200,3.0303030303030303,65.65656565656566,19.444070404040442,23.796689848484768
06085500300,10.775862068965516,28.879310344827587,19.730184008620647,23.011522456896525
06095252502,1.0869565217391304,86.95652173913044,26.811224565217444,25.08266847826081
06095250200,0.0,0.0,23.797010000000114,23.539789999999922
06085500400,0.0,0.0,19.2795292372881,21.85704381355936
06085500600,0.546448087431694,10.92896174863388,19.222520874316892,21.756491038251415
06085500901,0.0,0.0,19.83076000000004,23.71590999999995
06085500902,0.0,0.0,19.830760000000016,23.715910000000004
06085501000,0.0,0.0,19.692775145631092,23.69896029126208
06085503210,0.0,0.0,22.155110000000015,24.82517999999996
06085503211,0.0,0.0,21.473537375886547,25.2398416312056
06007001000,16.40625,68.75,24.264423281250007,24.752971484375053
06067000501,0.0,100.0,23.175010000000007,24.176770000000015
06067000502,0.0,100.0,23.175010000000004,24.176770000000015
06007000201,0.9009009009009009,98.49849849849849,24.25174270270275,25.065951351351426
06085503002,32.18390804597701,32.18390804597701,22.6046994827587,24.108920000000026
06085503003,20.717131474103585,20.717131474103585,22.63126000000009,24.115710000000032
06085511800,1.425438596491228,1.425438596491228,28.305098245613827,30.520761480263143
06085512305,8.058608058608058,51.77045177045178,28.368507594627506,30.63256376068363
06085511914,4.201680672268908,4.481792717086835,24.65223882352928,26.317868543417354
06085507302,3.594771241830065,63.39869281045751,26.74131348039198,29.500090408496458
06085504307,14.358974358974358,45.12820512820513,20.601608564102605,24.77276958974365
06085503504,0.0,0.0,20.19385000000007,26.018390000000057
06085504318,26.25,26.25,20.08992593750003,24.112465937499955
06085507500,2.19560878243513,100.0,26.2215601596808,27.94669187624741
06085512200,9.375,9.375,27.4942542927633,31.140192286184384
06085507203,3.4013605442176873,83.6734693877551,24.92323693877551,27.505776734693885
06085503802,0.8620689655172413,0.8620689655172413,20.280686465517256,25.471927672413926
06085512602,26.533166458072593,28.035043804755944,25.01733061326671,28.288903329161634
06007000300,0.91324200913242,4.10958904109589,24.262823881278585,25.068936894977234
06085506604,1.6129032258064515,8.709677419354838,24.85209541935476,26.01541974193556
06085512308,1.1988011988011988,43.956043956043956,26.714517782217882,28.345948681319197
06085501200,1.834862385321101,1.834862385321101,19.13779229357798,23.772343027522876
06085501300,7.4074074074074066,7.4074074074074066,19.240504444444444,24.374421111111072
06085501401,78.94736842105263,78.94736842105263,18.800169999999987,24.875109999999964
06085501800,32.64248704663213,34.196891191709845,20.020084922279736,23.716808549222716
06085503105,27.27272727272727,27.27272727272727,18.76829999999998,24.901229999999998
06059099233,0.0,0.0,22.702699999999933,29.827280000000066
06059099502,3.7037037037037033,3.7037037037037033,25.078029259259264,29.461861666666696
06059001101,1.8779342723004695,7.981220657276995,22.43324014084504,25.201019154929607
06085507401,0.6944444444444444,100.0,24.519828333333386,25.783786805555806
06085507100,3.6764705882352944,97.79411764705883,25.798509558823472,29.234523676470538
06085507805,1.3100436681222707,87.77292576419214,23.152920480349366,25.27929213973794
06085507702,1.717557251908397,53.43511450381679,24.687062061068662,25.934304790076492
06085505303,62.913907284768214,100.0,22.117580000000057,24.30821000000004
06085503707,11.76470588235294,78.43137254901961,18.800169999999984,24.875109999999964
06059001102,24.166666666666668,24.166666666666668,23.19671199999996,25.496173999999982
06059062628,0.7042253521126761,1.4084507042253522,20.529873169014095,27.058525915493004
06085502001,0.0,0.0,19.541690193548355,21.793565483871014
06085502002,0.0,0.0,19.21579999999996,21.734840000000037
06059001103,0.0,0.0,24.42831528571429,26.397853857142895
06085501501,3.75,3.75,18.774275624999976,24.89633249999999
06085501502,60.19417475728155,60.19417475728155,18.768299999999968,24.901229999999977
06007001100,40.72164948453608,40.72164948453608,24.071435721649618,23.93510966494843
06085502101,0.0,0.0,22.11647809954747,23.372403574660645
06085502202,2.8368794326241136,2.8368794326241136,22.262639999999948,23.64143999999998
06007001200,26.877470355731226,26.877470355731226,24.16521300395255,24.27820114624511
06007001300,44.528301886792455,44.528301886792455,24.406712792452762,24.868142981132124
06007002800,36.144578313253014,69.07630522088354,23.143605421686843,22.352022811244943
06007003100,2.9629629629629632,2.9629629629629632,22.388402095238444,20.804320349206495
06007000202,0.0,100.0,24.256910000000044,25.152970000000074
06065044927,0.0,0.0,14.646056660808341,20.213908945518384
06065043812,0.5033557046979865,0.5033557046979865,24.243441342282022,26.16300714765085
06085502701,0.0,0.0,23.440778545454496,25.17003604545455
06085502800,0.0,0.0,22.735389999999903,24.44639000000005
06085502903,0.0,0.0,22.503523955223923,24.05838809701497
06085502906,0.0,0.0,24.462446119402937,26.582376766169215
06085503110,0.0,0.0,18.804852564102543,24.929875128205115
06007000601,0.0,0.0,24.21544887596908,24.59774209302337
06093000701,5.017502917152859,5.134189031505251,23.823753733955563,25.178720915985917
06093001200,22.355769230769234,32.45192307692308,24.496600072115424,23.43801355769243
06093000800,14.977404777275662,15.364751452550033,21.994553957391656,24.782465371207042
06093000703,1.0471204188481675,17.539267015706805,25.819315575916143,26.471241910994788
06093000200,4.701627486437613,4.701627486437613,21.249127576853482,24.203416437612983
06093001100,13.099041533546327,19.169329073482427,24.55938258785936,23.87208984025568
06093000300,1.9926586261143155,2.9365495542737285,22.937688358678454,24.37301343471439
06093000702,8.814102564102564,11.858974358974358,25.430384391025516,25.82670233974358
06085502400,21.09826589595376,21.09826589595376,21.054334104046333,23.721717167629915
06085510200,1.5544041450777202,94.30051813471503,23.58468147668401,26.339156632124443
06085512309,2.48565965583174,68.06883365200764,27.228201567877814,30.523266424474105
06085504601,10.526315789473683,97.36842105263158,22.694822631578955,25.84495342105264
06085510001,3.829787234042553,92.34042553191489,23.563629148936432,25.593244595744785
06085500500,0.7692307692307693,0.7692307692307693,19.34532046153842,21.758179615384666
06085512100,11.233480176211454,11.233480176211454,25.957968964757903,25.921541123347914
06085507402,0.0,99.36908517350159,25.117807760252237,26.44568542586756
06007000604,0.0,0.0,24.202749999999952,24.55576000000007
06007000700,1.1363636363636365,1.4204545454545454,24.248087500000022,24.724997698863742
06007000800,2.6030368763557483,100.0,24.3241224078091,24.81816642082442
06085502907,1.675977653631285,1.675977653631285,22.631260000000083,24.115710000000032
06085503336,0.8264462809917356,0.8264462809917356,20.559229999999992,23.459260000000047
06071025100,19.7962154294032,20.66957787481805,19.292032227074234,22.116601804948985
06037272100,0.0,0.0,23.84662535031846,25.40534783439495
06037403403,0.0,0.0,22.228011820448994,25.043170573566094
06037407302,0.0,0.0,22.10474999999998,24.213900000000013
06037530902,0.0,0.0,19.506120000000006,20.354229999999998
06037221110,0.0,0.0,22.949880000000004,27.638270000000013
06037212303,0.0,0.0,22.949880000000004,27.63826999999999
06037201200,0.0,0.0,20.297479999999975,25.019990000000004
06037191203,0.0,0.0,22.74363857142857,27.923495714285718
06033000602,16.158192090395477,16.38418079096045,25.769031141242866,26.736804463276876
06033001302,18.81188118811881,22.277227722772277,25.515108696369584,23.615031468646755
06033001101,4.696132596685083,4.696132596685083,27.534654475138126,27.313003466850862
06033000901,5.792163543441227,5.9625212947189095,27.987998739352467,28.70395321976149
06033000703,19.953596287703014,22.2737819025522,29.6764510672854,29.776490626450236
06033001102,1.5665796344647518,1.5665796344647518,29.436533080940023,28.042171018276697
06033000902,13.77245508982036,14.870259481037923,25.79943379241496,26.59482298403164
06033000704,13.709677419354838,15.053763440860216,28.052057661290306,29.15987045698924
06033000402,32.25806451612903,32.25806451612903,25.199052580645084,24.186531182795793
06033000401,14.039408866995073,15.763546798029557,25.839769014778202,24.28783970443364
06033000601,55.714285714285715,56.85714285714286,26.049488057142838,27.59287194285718
06033001301,4.444444444444445,4.814814814814815,25.518967296296474,22.3918458518518
06019008403,83.56164383561644,98.63013698630137,20.602578630136975,21.169344246575356
06019008303,11.180124223602485,23.60248447204969,21.73376217391308,23.413262795031127
06019008304,5.611510791366906,9.928057553956835,22.291273841726483,22.644149035971182
06019008405,65.19823788546255,86.34361233480176,21.378735462555063,21.234243436123382
06019004003,0.0,0.0,22.279749596412547,22.09333650224222
06019004005,0.0,0.0,21.542461304347782,22.553082463768128
06019007204,0.0,0.0,23.154466773163016,24.105767555910333
06019008200,14.990512333965844,15.180265654648956,22.68189489563566,21.729443681214384
06019007203,0.0,0.0,22.52772721925136,24.275506844919843
06019005526,0.0,74.02597402597402,21.99687584415587,21.477659090909082
06019004004,0.0,0.0,22.178225481481487,21.991776222222217
06019006001,0.0,0.0,21.157889968553366,20.264940723270517
06019006409,0.8912655971479502,0.8912655971479502,27.851768556149853,28.860475935828735
06019006407,2.627388535031847,3.343949044585987,22.864215621019152,21.661090740446017
06019006410,0.2313030069390902,0.2313030069390902,25.14636913646875,23.351247694680136
06019005914,0.0,0.0,23.317485056603857,24.095768113207537
06019006606,0.0,0.0,24.072235405405326,22.92226270270273
06019000602,0.0,50.45045045045045,22.294739999999997,23.198730000000033
06019001415,2.0746887966804977,74.27385892116183,22.35151078838178,23.22109738589199
06019001417,0.0,0.0,22.897670482315196,22.338257041800652
06019008504,0.8403361344537815,0.8403361344537815,21.572047815126055,22.166454957983184
06019001416,1.5974440894568689,3.5143769968051117,22.8892625239617,22.097734984025482
06019005913,0.0,0.0,23.747591685393342,24.297839550561875
06019005916,10.402999062792876,18.181818181818183,22.039749062792886,22.001945754451786
06019007101,0.0,0.0,22.12030541786749,23.806670086455203
06019007102,0.0,0.0,21.17370350877191,23.3297493859649
06019006002,0.0,0.0,20.74004456620998,20.47513255707766
06019006102,3.436426116838488,8.24742268041237,20.706797010309216,20.511300618556714
06019006302,16.262482168330955,21.96861626248217,22.195873666191112,21.83749606276742
06019006301,10.41405269761606,10.41405269761606,23.64646930991211,22.262207478042743
06019005529,0.0,0.0,22.44128862533692,20.74208892183299
06019006406,2.5689819219790673,2.5689819219790673,23.59609595623202,22.923406127497444
06019008404,88.51351351351352,97.97297297297297,21.02350999999999,20.847020000000033
06019008503,0.0,0.0,21.66547759398495,22.207996240601485
06019006408,1.3029315960912053,1.3029315960912053,26.080603338762156,26.083315358306276
06019006411,4.750733137829912,6.451612903225806,23.12165243401743,22.30219958357792
06019006101,0.0,0.0,20.743637308868447,20.803118807339487
06019001418,0.0,0.0,23.606003499999996,23.69077299999998
06019006605,0.0,0.0,24.152579999999958,22.93481
06019005915,6.08058608058608,7.6190476190476195,22.02361104761906,22.06843542124527
06019008600,0.0,2.4072216649949847,23.488946619859416,22.9149478134401
06019003811,0.0,0.0,22.540938992481465,20.654673669172798
06019004217,0.0,0.0,22.459872600000075,21.021157960000085
06019003812,0.0,0.0,21.66955833587812,20.2193662442748
06019004705,6.140350877192982,6.140350877192982,22.064133771929868,21.315289473684242
06019004706,2.941176470588235,2.941176470588235,21.957532426470635,21.34722544117651
06019004006,0.0,0.0,21.40609479452054,22.212739863013653
06019000701,0.0,23.333333333333332,22.331139999999948,22.16319000000004
06019000702,3.35195530726257,93.85474860335195,22.340597150837883,22.17557374301686
06019000601,2.7586206896551726,52.41379310344828,22.30183275862064,23.20268517241383
06051000102,12.331838565022421,13.340807174887892,24.59025758968615,28.677085672645802
06051000101,30.29045643153527,37.344398340248965,26.27388963692943,29.934144761411027
06061022200,2.1834061135371177,2.1834061135371177,26.246204017467274,27.33858816593886
06061023800,0.6896551724137931,0.6896551724137931,21.04102048275878,22.267089149425342
06061022600,4.972375690607735,5.524861878453039,20.392403867403267,22.33611674033143
06061023400,3.2679738562091507,3.2679738562091507,22.63524535947706,22.583713169934683
06061023700,4.398148148148148,9.25925925925926,21.349812361111145,22.072861620370414
06037135201,0.0,0.0,25.826556176470643,27.117594294117637
06037119400,0.0,0.0,23.83262615384614,24.920950769230753
06037113213,2.4539877300613497,2.4539877300613497,25.276800000000062,25.248630000000038
06037296600,0.0,0.0,28.559069999999934,29.28492999999994
06037575300,0.0,0.0,27.7033311764706,27.83009029411761
06019004410,0.0,0.0,22.36935999999997,20.333980000000047
06019003401,0.0,20.168067226890756,22.949305294117668,24.090336722689106
06019003402,1.574803149606299,7.086614173228346,22.977867480315002,24.13977173228351
06019005527,0.0,0.0,21.38740097142849,20.58000639999996
06019007903,9.432387312186979,17.529215358931552,24.872587345575855,27.01933318030048
06019004411,4.464285714285714,4.464285714285714,22.36936,20.333980000000036
06037554001,0.0,0.0,24.27604000000007,23.756730000000033
06037920013,4.6568627450980395,11.27450980392157,25.529277034313637,29.08447794117628
06037920312,4.986149584487535,8.310249307479225,27.019614155124568,30.436007811634436
06037535501,0.0,0.0,22.891499999999972,26.248790000000028
06037237300,1.550387596899225,12.4031007751938,22.927099922480657,25.25123480620153
06037408402,0.0,0.0,21.277259539077953,24.181031563126453
06037227010,0.0,0.0,19.696259859154956,22.265611971831003
06037219300,3.7037037037037033,14.814814814814813,23.503239259259214,25.251950740740746
06037204420,0.0,0.0,18.787190000000006,20.736089999999994
06037404701,0.0,0.0,21.20137920529805,24.035395894039706
06037211320,0.0,0.0,22.02843000000001,27.304290000000005
06037262301,0.30120481927710846,0.30120481927710846,26.576822078313178,27.20561283132527
06037218120,0.0,0.0,24.54166000000002,28.423970000000036
06037209403,0.0,0.0,24.304790000000008,26.31151
06037208902,0.0,0.0,24.304790000000008,26.31151
06037212203,0.0,0.0,22.949880000000004,27.63826999999999
06037433901,0.0,0.0,21.04754000000002,24.366549999999975
06071000504,0.0,21.691176470588236,22.270675735294155,23.141781286764665
06071000117,0.0,0.0,22.146499426433994,26.68426067331672
06071001906,0.0,68.65671641791045,25.32147143283571,29.087492567164183
06071009202,12.146422628951747,13.976705490848584,27.66814648918457,30.745179450915245
06071002017,4.438280166435506,11.789181692094314,27.266157697642498,28.519161456310854
06071001501,0.0,0.0,25.09983000000007,23.631670000000025
06071003505,0.0,0.0,24.277928721804496,26.589575563909797
06071003801,0.0,1.345291479820628,23.793096681614443,26.16809784753364
06071004510,5.405405405405405,79.05405405405406,25.23458783783786,27.354037297297317
06071011002,2.857142857142857,9.714285714285714,24.31303157142859,27.804669057142746
06037194200,0.0,0.60790273556231,24.91941243161095,27.24085556231009
06037404901,0.0,0.0,22.12323876033057,25.487896528925592
06037183620,0.0,0.0,23.179746818181837,27.08637030303032
06037139303,0.0,0.0,28.395240000000033,28.878920000000022
06037123410,6.349206349206349,6.349206349206349,23.287939999999995,25.39094
06037120010,2.857142857142857,2.857142857142857,23.9634928571429,25.033185714285732
06037117510,0.0,0.0,24.678349999999995,25.70520000000002
06037576501,0.0,0.0,29.278859999999987,30.822606285714283
06037294810,0.0,0.0,29.213416153846136,29.14163076923078
06071011102,1.4962593516209477,1.4962593516209477,24.45461406483788,28.598262344139652
06071007904,6.162464985994398,10.364145658263306,21.22081476190468,22.869755714285773
06071008602,6.078431372549019,60.0,22.66564745098028,23.15240831372536
06071011206,0.5194805194805194,0.5194805194805194,23.572818077921973,27.242415116883137
06071010424,19.561243144424132,19.561243144424132,20.243833967093188,25.914168007312735
06071012002,0.6451612903225806,13.225806451612904,17.439533161290324,22.295649903225698
06071012101,6.022944550669216,6.022944550669216,18.491254990439824,21.83354249521988
06071012103,31.7824377457405,31.7824377457405,21.064179102228188,24.055586179554133
06071009913,1.0660980810234542,2.9850746268656714,21.923157420042628,26.094384648187468
06071010422,32.59668508287293,32.59668508287293,18.643058314917152,22.024568784530405
06071010420,5.323450134770889,6.2668463611859835,19.231300943396075,25.023472789757637
06071010803,0.0,0.0,24.98131942558757,30.37750814621429
06071011205,0.398406374501992,0.398406374501992,23.193951394422335,27.162033625498072
06071010419,6.597222222222222,6.666666666666667,18.676963138888677,24.13833335416678
06071002703,0.0,69.96336996336996,23.82358000000015,26.90160000000009
06071009201,32.39700374531835,32.39700374531835,26.383378014981325,29.88099447565529
06071004603,0.0,10.06711409395973,24.647051208053796,27.783455906040395
06071011101,0.0,0.0,23.708756867256497,27.539896654867203
06071025000,0.0,0.0,20.095289082863733,25.0067125583265
06071012700,2.5974025974025974,29.87012987012987,24.931644025974002,27.80893441558444
06071012400,17.901234567901234,91.9753086419753,21.047349629629593,22.844426790123386
06071012500,6.048387096774194,18.14516129032258,21.59088524193546,23.129918870967632
06023000400,2.8089887640449436,3.089887640449438,25.768193342696613,28.204377499999904
06001406100,0.819672131147541,30.327868852459016,21.88425877049179,24.590973196721336
06111000701,52.22222222222223,61.66666666666667,28.502632000000105,29.265561999999935
06111003801,0.0,5.084745762711865,28.76882957627118,31.38206542372877
06111005205,1.4018691588785046,6.074766355140187,31.09885859813055,31.990460000000468
06111003010,0.0,0.0,26.67551000000002,32.268690000000014
06111000304,6.666666666666667,11.666666666666666,26.187734388888924,28.280085583333417
06023011100,18.219749652294855,22.253129346314328,24.672933449235053,25.54475115438111
06023000800,5.189620758483033,5.189620758483033,25.45620658682647,27.09045437125772
06023010102,2.172024326672459,2.6064291920069502,22.952214960903508,23.24652816681164
06023010502,2.7160493827160495,2.7160493827160495,23.978499777777706,25.294530888889316
06023001200,2.547770700636943,2.9299363057324843,23.88034522292998,24.740921681528665
06023000200,0.0,0.0,24.828566577181103,27.60495389261739
06023000900,4.180064308681672,4.421221864951769,24.840969557877834,26.222341583601413
06023010400,3.074866310160428,3.074866310160428,22.61390648395726,23.878868449197796
06023011200,38.599487617421005,43.72331340734415,26.485239239965964,28.58380641332216
06037573002,0.0,0.0,28.941140000000004,29.26723000000001
06037400205,0.0,0.0,24.535697030303155,25.88442123232315
06037552900,0.0,0.0,23.186486666666664,23.340144074074065
06037242300,0.0,0.0,22.89149999999997,26.248790000000042
06037535503,0.0,0.0,21.448560000000015,25.633959999999988
06037534201,0.0,0.0,22.812840000000026,25.014809999999976
06023000100,3.0120481927710845,3.0120481927710845,24.746729999999936,27.553069999999956
06023010200,1.1389521640091116,1.1389521640091116,23.553994669704014,24.69325490888367
06023000300,0.5319148936170213,0.5319148936170213,25.771596223404288,28.20008436170203
06023010800,12.539851222104145,15.196599362380447,25.265556854410377,27.774633251859928
06023010300,4.134929270946682,5.331882480957562,22.94790309031558,23.46459933623523
06023010600,6.41025641025641,6.695156695156696,24.89126824786319,26.76913460113958
06019005512,0.0,1.2626262626262625,23.165958131313097,23.919797222222254
06019005513,0.5681818181818182,22.15909090909091,23.041151249999952,23.23252624999998
06019005514,0.0,55.37848605577689,22.45579179282855,22.44931549800803
06019007002,0.0,0.0,20.84163368421049,23.17007673684206
06019007003,0.9153318077803204,0.9153318077803204,20.761266384439367,23.311456750572052
06019005602,1.006711409395973,34.22818791946309,23.03062791946306,23.21148644295319
06019007202,0.0,0.0,23.034032947019803,23.911352119205326
06047000504,0.0,0.0,22.62548732394353,24.82332512676067
06047000602,0.0,0.0,24.021209999999964,25.158319999999954
06047000603,0.0,0.0,24.140066269841245,25.052407857142807
06047000701,0.0,0.0,23.92749205714283,25.07331519999997
06047000702,0.0,0.0,22.13084128142765,24.253152627737105
06047000801,13.225806451612904,13.225806451612904,24.469202322580685,24.742712290322668
06019005408,0.0,80.72289156626506,22.786226265060236,22.921251867469838
06037541700,0.0,88.95348837209302,23.19513999999992,24.844880000000057
06037533603,0.0,0.0,22.726969999999987,25.191560000000017
06037980015,8.108108108108109,13.513513513513514,28.778488918918896,26.506568378378365
06029004402,0.0,0.0,20.957897058823537,25.311573921568577
06047000802,0.0,0.0,23.148937685950397,24.516762809917292
06085501402,73.97260273972603,73.97260273972603,18.790565342465737,24.88298178082188
06047001003,44.44444444444444,69.28104575163398,22.585804444444467,24.97632111111117
06019004303,0.0,0.0,22.201556732025978,21.33648250544674
06005000102,0.34423407917383825,0.34423407917383825,24.33395075731499,24.73587216867468
06005000303,11.533242876526458,18.860244233378562,21.971850976933524,21.25263227951153
06005000101,0.6716417910447761,0.6716417910447761,23.87040388805984,23.860105104477594
06005000304,4.048964218455744,4.048964218455744,21.06617241996224,21.044789613936103
06047001401,66.37554585152839,66.37554585152839,19.03955515283839,24.03080144104801
06047001402,65.44502617801047,100.0,19.22141507853391,24.466261806282667
06047001501,100.0,100.0,20.018742919254716,23.36794068322986
06029004901,0.0,0.0,20.218782771084324,23.03555843373499
06019005405,0.0,21.266968325791854,22.0003081447963,20.974933438914046
06019005504,2.9166666666666665,2.9166666666666665,22.655200000000082,20.951750000000086
06037262601,0.0,0.0,25.34342457564571,27.48102667896669
06073010015,0.628930817610063,0.628930817610063,24.802827924528284,25.70624572327046
06073020810,0.6674082313681869,0.6674082313681869,21.910853437152483,26.448213503893047
06073021900,3.3333333333333335,6.153846153846154,22.953920923076964,30.42849964102557
06073020026,2.3178807947019866,2.3178807947019866,24.613266887417282,26.680557086092712
06073020028,4.444444444444445,6.666666666666667,24.70447,26.81749
06073013421,0.0,0.0,23.845572666666698,28.533499333333225
06073020811,3.433001107419712,3.433001107419712,21.264545348837167,25.707054894794855
06073021206,0.0,0.0,21.034778841698774,24.660189665379477
06073017051,0.0,0.0,27.03871094545451,32.14684923636362
06073017109,0.6622516556291391,0.6622516556291391,28.62590178807967,31.048525673288847
06019005507,0.0,0.0,21.338062154696033,20.545871491712596
06029005402,2.3041474654377883,27.188940092165897,18.976786405529918,21.72915046082953
06047001004,0.6451612903225806,9.67741935483871,22.337517096774217,24.945899032258136
06047001005,93.10344827586206,93.10344827586206,21.784837241379357,24.123796551724123
06047001101,8.982035928143713,11.976047904191617,20.2588171856287,24.92701796407176
06071008402,9.44055944055944,12.937062937062937,21.606868496503495,21.73839874125876
06071008404,52.72727272727272,52.72727272727272,21.01979000000002,23.484599999999954
06071008800,0.25380710659898476,0.25380710659898476,23.858529923857876,24.373003045685387
06047001200,0.6960556844547563,0.6960556844547563,19.853237215777234,24.79210343387474
06047001301,90.9090909090909,90.9090909090909,19.361068383838436,23.363421010100943
06047001302,82.87671232876713,90.41095890410958,18.887130000000035,23.113469999999918
06033000502,14.441416893732969,17.983651226158038,26.832647247956366,23.917604850136268
06047001700,89.1566265060241,89.1566265060241,19.470841626505912,24.417031807228838
06047001801,6.881720430107527,6.881720430107527,20.45262101075259,24.986797591397792
06047002201,0.0,0.0,24.556701148036282,25.660432779456197
06073019809,0.0,0.0,25.09958000000005,27.49381999999986
06073020029,17.391304347826086,22.36024844720497,24.312385155279564,25.918516894409972
06073020309,0.0,0.0,26.462620000000044,29.121579999999998
06073021205,2.6284348864994027,2.6284348864994027,20.053502293907023,24.081348590203067
06071003506,0.0,0.0,24.080365449101752,26.133794311377205
06071000404,0.0,0.0,24.36063514851498,23.875215775577598
06037300100,0.0,0.0,26.13467000000004,28.91400000000011
06073000400,0.0,0.0,25.784215476190514,29.32404000000002
06073000500,0.0,0.0,25.541137572815533,29.65120776699034
06073000600,0.0,0.0,25.225715106382967,29.30742085106385
06037300501,0.0,0.0,26.301031538461576,29.817161538461566
06111002700,0.0,2.3391812865497075,28.18901157894731,33.82608140350881
06111002800,1.5686274509803921,9.411764705882353,26.70905466666668,31.679487137254956
06111003608,0.0,50.0,28.723340000000004,32.41040999999996
06111003700,0.0,16.176470588235293,28.784551323529445,31.726751249999914
06083003102,6.136363636363637,6.8181818181818175,28.435173659090808,29.94347786363642
06083001704,7.954545454545454,7.954545454545454,29.651767272727216,32.02072988636359
06083980100,,,,
06053010202,2.1487603305785123,2.1487603305785123,26.084534586776705,27.163559487603084
06053013000,6.622516556291391,11.258278145695364,22.899011324503313,25.237057350993425
06037310701,0.0,0.0,25.71506035714285,29.45802214285713
06053010603,1.1811023622047243,100.0,23.22659999999997,25.397399999999895
06053013300,1.7857142857142856,2.6785714285714284,22.933272053571393,24.38735732142853
06053013500,0.0,100.0,22.268829999999983,23.11723999999998
06053013700,0.0,100.0,22.34655371134019,23.29954432989692
06053013800,0.0,100.0,22.268829999999983,23.11724000000003
06053000101,0.0,1.6574585635359116,23.93102917127075,25.93817447513816
06053000103,0.0,100.0,21.224760515463945,22.915353195876275
06083000302,25.210084033613445,33.61344537815126,29.397487142857177,28.916709999999973
06053010604,4.487179487179487,100.0,23.22659999999997,25.39739999999993
06053010605,0.0,99.15254237288136,22.88102466101692,24.74506330508479
06053010900,0.0,0.0,24.827138837209283,25.650418992248067
06053013900,0.0,100.0,22.268829999999983,23.117240000000027
06053014000,0.0,83.33333333333334,22.740029999999976,24.22245999999997
06039000104,1.7467248908296942,1.7467248908296942,23.8359211478479,24.272145645664995
06111004000,0.0,43.94904458598726,28.59101999999993,31.420639999999985
06111004101,0.0,38.46153846153847,28.591019999999936,31.420639999999956
06053011302,6.25,100.0,25.319153124999993,24.00376631250005
06053012000,0.0,0.0,24.18906000000004,26.842050000000075
06053012100,0.0,0.0,24.18906000000003,26.842050000000064
06111004200,0.0,79.04191616766467,28.749898562874286,31.579269640718483
06111004503,0.0,100.0,26.256730000000015,30.35247000000001
06111004504,0.0,100.0,27.968542666666693,31.13579466666662
06085504505,61.904761904761905,99.26739926739927,21.950624615384626,25.88341864468858
06029000400,1.4563106796116505,2.912621359223301,22.985555194174715,25.498954660194194
06029000504,0.0,0.0,23.279845416666788,24.801516666666778
06029000506,0.0,0.0,23.57006000000001,25.103279999999963
06029000507,0.0,0.0,23.40848287066252,25.00248384858049
06085503903,0.0,0.0,18.96025999999999,25.24407999999997
06013386000,0.0,0.0,26.42443530612244,24.317846836734713
06013354001,0.0,0.0,28.16880431095418,26.784757738515772
06013318000,26.066350710900476,27.014218009478675,26.107637535544992,26.290208436018904
06013314200,1.185770750988142,2.766798418972332,23.25043205533593,24.910616324110734
06013357000,2.5,2.5,26.163085650000003,26.424212499999953
06071008403,0.0,0.0,22.019729017681577,23.630400884086377
06013337100,7.8431372549019605,8.823529411764707,23.98543794117655,25.91115264705875
06013363000,1.9230769230769231,2.1634615384615383,25.986999855769227,24.297513028846044
06013321101,0.41928721174004197,0.41928721174004197,24.596941656184498,25.897693501048078
06013320001,6.086956521739131,6.521739130434782,25.414802391304388,26.28394882608706
06013307205,1.4545454545454546,2.5454545454545454,22.25974618181812,22.373693054545505
06013355302,0.0,0.0,23.940149067055245,25.147183352769588
06013307101,5.6000000000000005,5.6000000000000005,22.441655999999927,22.136994240000032
06111003615,6.8181818181818175,98.48484848484848,28.606620000000017,33.535679999999964
06111005803,0.0,0.0,27.200695760869518,28.635396304347754
06111008307,0.0,0.0,26.38750989583332,28.77698875000003
06111007515,3.6764705882352944,5.514705882352941,25.795853970588304,29.512431911764665
06111001511,0.0,0.0,27.565100000000022,33.118860000000026
06111008308,0.0,0.0,24.06730210227278,28.40846988636361
06111003617,13.636363636363635,100.0,28.78495227272731,31.878897272727215
06111003101,0.0,0.0,29.24062000000003,30.982770000000045
06111008502,0.823045267489712,0.823045267489712,23.729618518518546,26.940474567901088
06111003902,0.0,32.58426966292135,28.591019999999993,31.42063999999998
06111001509,0.0,0.0,28.015882222222224,33.68363777777779
06111009600,2.0100502512562812,2.0100502512562812,26.750616256281415,31.22066766331652
06073002902,0.0,0.0,23.285162596153857,27.716558461538487
06073002903,0.0,0.0,22.801945481927625,28.81590355421693
06013341000,3.225806451612903,12.655086848635236,25.108136749379558,24.616935558312697
06013385100,0.0,0.0,26.44992677902619,25.165522284644073
06013392000,0.0,0.0,26.936247446808572,25.856839361702157
06013351200,1.971830985915493,2.9577464788732395,25.865965859154706,25.439239633803
06071000115,0.7042253521126761,17.95774647887324,23.224704049295894,26.864476725352226
06071002031,0.0,0.0,25.67305655601656,28.233097136929487
06029000800,0.0,15.22633744855967,22.315053991769584,25.095218230452662
06029000903,0.0,0.0,24.555880000000055,25.97367994413417
06029000904,0.0,0.0,23.249780000000072,25.118550000000063
06071008100,10.833333333333334,10.833333333333334,22.507714999999994,23.837654999999973
06053014102,2.4,2.4,22.942815680000045,22.395249360000033
06071011203,2.9978586723768736,2.9978586723768736,23.113421306209872,26.195240663811795
06053014301,6.111111111111111,6.111111111111111,21.609929777777747,23.00911622222219
06013365002,3.9215686274509802,20.915032679738562,26.175709999999984,24.558120000000045
06013307201,1.4925373134328357,1.4925373134328357,21.929582388059675,23.032809402985034
06073019903,1.9138755980861244,2.073365231259968,23.33041811802245,26.17495342902708
06035040303,2.3746701846965697,2.638522427440633,25.2487206860158,28.374920844327242
06053014302,0.53475935828877,0.53475935828877,21.70794609625665,23.09735711229945
06013308001,0.22522522522522523,1.3513513513513513,22.33041472972975,21.329244842342455
06065042624,6.684491978609626,96.52406417112299,22.584238689839484,25.207320909091006
06013307202,7.4074074074074066,9.876543209876543,21.998640000000016,22.67522000000003
06065042730,0.0,0.11389521640091116,23.251899681093303,19.250639441913492
06065042731,1.0526315789473684,3.1578947368421053,23.23974859649105,20.18369982456133
06065042733,3.6720751494449186,4.611443210930828,22.20198220324492,19.50245900085405
06065042737,3.5040431266846364,3.5040431266846364,26.03374520215633,22.5747144204852
06065042745,11.460446247464503,11.460446247464503,24.980143935090897,21.469954878295827
06065043007,2.072538860103627,2.072538860103627,26.368772512953438,28.979927797927466
06065043246,0.0,1.083032490974729,24.297411058965025,26.81301162454855
06065043254,3.821656050955414,5.9447983014862,27.017714331210097,29.21247104033963
06065043265,0.0,27.79220779220779,25.213601038961194,27.69235093506492
06065043267,0.0,0.0,25.5756899999998,28.418379999999726
06065043272,6.111111111111111,6.363636363636363,24.065396338384037,26.495588237373735
06065041913,2.3255813953488373,2.3255813953488373,24.38328777408626,28.863443189368738
06065043008,0.0,28.51985559566787,27.2641421119135,27.239999548736684
06065043813,16.172248803827753,17.51196172248804,24.09497436363637,24.439456172248864
06065044516,28.066914498141266,92.19330855018588,21.412740167286387,26.254482583642847
06029000905,0.0,0.0,23.24978000000007,25.118550000000052
06029000906,0.0,0.0,22.578495025906822,24.401162176165816
06085508102,1.6528925619834711,100.0,22.51503380165292,23.879027603305747
06053012302,0.0,0.0,24.189059999999976,26.842049999999983
06053012401,2.4096385542168677,2.4096385542168677,24.1778344578313,26.823286987951803
06053012402,1.8796992481203008,1.8796992481203008,24.18905999999993,26.842050000000135
06029000907,0.0,0.0,21.256580000000017,22.98846000000002
06029000908,0.0,0.0,23.536022073170827,25.18521182926832
06029000909,0.0,0.0,22.484784225352218,24.30101545774648
06111007516,0.0,0.0,25.391869770992407,29.573165343511526
06111004507,0.0,100.0,26.25672999999999,30.352470000000007
06111001901,0.0,0.0,27.39966446700506,32.645557005076185
06111004508,0.0,100.0,26.25673,30.352470000000025
06111002302,0.0,0.0,26.499310000000033,27.016430000000017
06111002301,0.0,0.0,26.49930999999997,27.016429999999954
06111005804,1.3774104683195594,1.3774104683195594,29.82799771349876,30.752013581267168
06111001510,0.0,0.0,27.565099999999997,33.118860000000026
06111005307,1.1278195488721803,26.691729323308273,25.607540451127868,28.07782563909787
06111001801,0.0,0.0,27.791114510638163,33.20541523404259
06111003301,0.0,31.868131868131865,28.734708791208796,32.37903329670326
06111005006,0.0,0.0,26.865871964285702,31.95644214285714
06111009400,0.0,0.0,27.330962765957434,32.57440468085108
06111008501,1.8292682926829267,1.8292682926829267,23.468939999999932,26.257279999999867
06111001303,0.5208333333333333,27.083333333333332,26.44317343749996,30.963209531250055
06111009500,19.67799642218247,31.48479427549195,28.348435617173582,27.093161252236133
06111009700,11.327433628318584,23.008849557522122,28.056828,31.22034192920358
06111005602,14.726027397260275,27.054794520547947,27.022892123287694,27.632427089041244
06111001508,0.0,0.0,28.31027061224481,34.052472244897956
06111001304,0.0,0.0,26.737358151260537,31.465726554621792
06111003102,0.0,0.0,29.24062000000003,30.982770000000038
06111009200,0.0,0.0,26.675510000000028,32.268689999999935
06111003618,11.11111111111111,100.0,28.813110000000037,31.617299999999936
06111008601,0.0,38.46153846153847,28.859765494505503,32.03388956043954
06111003613,0.0,29.166666666666668,28.70096866666667,32.62608674999996
06111003614,0.0,53.59477124183007,28.76945490196082,32.01405470588227
06111003302,0.0,0.0,29.205430884353746,31.07988836734694
06111005601,3.5999999999999996,3.5999999999999996,27.229665040000118,27.367297599999954
06111008602,0.0,0.0,29.182060000000018,31.144389622641523
06111006101,1.5463917525773196,1.5463917525773196,27.290270824742336,30.659231288659786
06111006102,0.0,5.47945205479452,26.37221767123288,31.453102465753403
06111005308,0.0,46.21212121212121,25.438961212121153,27.802840454545414
06111009300,5.958747135217724,11.077158135981666,26.15311889228429,29.6760243850267
06111005005,0.5,15.0,26.680178650000027,32.262156099999935
06111003616,22.89156626506024,74.69879518072288,28.648083855421575,33.150463132530064
06111003901,0.0,80.28169014084507,28.591020000000025,31.42064000000002
06085506606,0.0,0.0,23.35491406451606,24.544509161290257
06053014105,0.0,0.0,22.524740888888896,21.981207777777787
06085504506,32.467532467532465,87.66233766233766,22.018680000000025,26.386250000000015
06085504507,80.19323671497585,100.0,22.274698550724647,26.756707971014464
06085506701,2.0,3.0,25.447590000000037,26.45934000000005
06053010400,8.92018779342723,100.0,23.988821784037494,25.868915539906084
06029001201,0.0,0.0,22.036308285714316,24.80753733333331
06029001202,9.554140127388536,9.554140127388536,22.206495350318452,25.035712611464966
06029001500,0.0,0.0,23.31852662790691,26.561492093023315
06095250801,15.151515151515152,17.97979797979798,25.723689676767616,24.319649373737317
06095252915,10.264900662251655,48.34437086092716,27.706232516556362,27.0486023178807
06095252314,0.48543689320388345,6.310679611650485,27.136032864077592,25.189050388349457
06085508203,1.8433179723502304,100.0,22.421201059907823,25.645379400921705
06029001600,0.0,0.0,22.723930499999955,26.989904999999922
06013308002,0.0,0.0,21.76023971153846,21.37543849358988
06085506702,0.847457627118644,0.847457627118644,24.352235423728754,25.974898559322074
06053012700,0.8333333333333334,2.5,23.348137666666727,25.466493166666734
06053012800,0.0,0.0,23.781120811403643,26.65181688596492
06085506703,0.0,39.53488372093023,24.676000232558202,26.128554302325547
06013343002,3.149606299212598,5.774278215223097,24.694004881889718,25.0860425721784
06013348000,1.0428736964078795,3.476245654692932,26.554456581692133,25.460418899188667
06013352101,1.1204481792717087,1.1204481792717087,26.084975742296898,26.15369327731078
06013359202,1.7817371937639197,1.7817371937639197,26.265758418708124,25.6270209354121
06085504805,87.75510204081633,87.75510204081633,22.46222556122451,26.090909489795933
06103001101,6.238185255198488,6.238185255198488,25.143920822306033,24.05595398865762
06025010102,2.784222737819025,2.784222737819025,22.715824153132232,22.569993410673085
06025010101,0.0,0.0,20.91742875,19.45140624999998
06025012001,0.0,0.0,19.862869999999994,21.580899999999986
06085504806,22.115384615384613,22.115384615384613,22.277303750000037,26.030046249999998
06085505007,0.8,100.0,22.600649999999987,25.63985000000002
06085505203,13.513513513513514,40.54054054054054,20.353476126126136,23.63623126126126
06029000902,0.0,0.5649717514124294,24.285047231638483,25.79636028248595
06029006002,0.0,0.0,25.52826000000003,25.519579999999962
06037310100,0.8639308855291578,0.8639308855291578,24.121238596112242,27.80581203023784
06085508204,0.0,100.0,22.296182244897985,25.48961693877547
06085508505,0.0,100.0,22.201250000000044,26.52986999999994
06043000200,1.4084507042253522,1.4084507042253522,21.61997691365616,23.117807330067464
06043000400,9.554140127388536,9.554140127388536,23.944691910827952,25.203413566878954
06057001205,2.964959568733154,2.964959568733154,22.345686693620927,23.267501446540752
06029002820,0.0,0.0,23.820619399399533,27.706595165165112
06037300200,0.0,0.0,26.134670000000106,28.913999999999948
06037300400,0.0,0.0,27.21635790322591,29.847433185483897
06085504802,0.6172839506172839,5.555555555555555,21.679810000000057,26.379240000000102
06085505301,11.594202898550725,100.0,21.861469999999972,24.85449000000004
06085505302,22.22222222222222,100.0,21.87944263157891,24.816154561403557
06037300701,0.0,0.0,25.817325756929485,31.1656778891254
06037300902,0.0,0.0,26.978622611464964,30.16663496815285
06085505402,15.267175572519085,100.0,22.103084961832057,24.314020076335872
06013384000,0.0,0.0,26.47657258883251,24.274892385786764
06013305000,6.299212598425196,12.992125984251967,22.906590157480274,23.1251741338583
06029001801,0.0,0.0,24.437340000000127,28.417459999999863
06029001901,0.0,0.0,24.22618137931037,28.381596551724055
06029001902,0.0,1.8867924528301887,23.246639999999996,28.21522999999987
06029002100,0.0,0.0,23.463372312925117,27.307527755102054
06085508601,0.6172839506172839,99.38271604938271,22.810197407407333,26.09745654320987
06029002302,0.0,0.0,23.28552508333332,26.549875250000024
06037320300,0.0,0.0,26.05006222222217,26.005605185185203
06085505403,0.0,100.0,22.568285882352907,23.273409411764714
06085505500,1.3245033112582782,100.0,22.067462649006668,23.923649668874198
06085505600,2.34375,100.0,22.11758000000005,24.308210000000024
06085505800,1.0256410256410255,3.076923076923077,21.37447435897442,22.123833589743626
06085506803,0.33222591362126247,0.33222591362126247,24.95785066445193,28.10181511627912
06085507806,0.0,69.7560975609756,23.003970000000052,24.89537999999995
06085507807,0.7042253521126761,20.422535211267608,23.807792323943683,25.340568169014023
06029006202,28.99543378995434,81.05022831050228,23.8424244748857,26.26599280821914
06029003103,0.0,0.0,20.609335647058877,27.313110117647017
06029001101,0.3597122302158274,6.115107913669065,20.801425683453182,23.96499431654667
06029003807,0.0,0.0,24.029709869281202,24.912781503268043
06085508301,2.766798418972332,100.0,23.2844835573122,25.750918814229202
06085508303,0.0,100.0,23.21190245033123,25.64338834437082
06053010504,4.411764705882353,43.627450980392155,22.926202549019553,24.227396421568578
06029002600,0.0,0.0,23.203717195121975,27.94715219512186
06085506000,0.5747126436781609,100.0,21.643334597701212,22.192993390804645
06085506101,0.966183574879227,100.0,22.74067999999996,22.887780000000017
06085506102,10.062893081761008,100.0,22.64914855345911,22.828953773584924
06085507808,0.0,0.4291845493562232,24.815760000000093,25.898820000000054
06053001500,0.0,100.0,21.38344343173423,21.54808619926186
06053001700,0.0,100.0,21.277270000000033,21.51105999999998
06029003124,0.0,0.0,22.626407826086883,26.462692806324124
06029003806,0.0,0.0,23.396196153846212,24.597653209549016
06111004704,0.0,28.421052631578945,28.48708726315794,30.683135789473752
06029005600,23.417721518987342,29.430379746835445,18.854973512658194,23.267206677215174
06029004500,33.01204819277108,33.01204819277108,24.792257686747007,28.170191734939767
06029006004,6.580493537015276,10.693301997649824,21.973970246768538,22.74258460634566
06029005700,0.0,0.0,19.77567473554732,22.998817626076313
06029005104,1.5679442508710801,2.6132404181184667,22.044296184668756,22.30701871080134
06029000505,0.0,0.0,23.394624718309945,24.938825352112705
06001410000,0.0,0.0,25.020618140350752,26.854387192982497
06029003810,0.0,0.0,23.20320697368433,24.57614549342098
06029003303,2.5735294117647056,2.5735294117647056,27.031085183823507,28.856017352941254
06029003900,0.40816326530612246,0.40816326530612246,22.006470979591846,24.30089179591844
06029003808,0.0,0.0,24.239164285714363,25.169439107142914
06085506103,1.0256410256410255,100.0,22.740679999999962,22.887780000000017
06085506203,0.0,0.0,22.74068000000004,22.887780000000017
06085506204,0.0,0.0,23.29900586206887,23.96697387931034
06085506301,6.134969325153374,6.134969325153374,21.744805766871227,22.247742883435624
06001430200,0.5494505494505495,1.6483516483516485,23.639104835164673,27.05586521978036
06001407900,0.0,0.0,24.361606888888847,27.10245822222224
06001436601,1.3157894736842104,4.605263157894736,22.94761980263158,25.071546249999972
06029003811,0.0,0.0,23.589258972809724,25.437511752265937
06029003812,0.0,0.0,23.155392949640287,26.170977410072055
06029004101,0.0,0.0,20.561553486841994,25.10876381578937
06037301400,0.0,0.0,26.219842333333297,30.353586476190547
06037301501,0.0,0.0,26.728180945945965,30.740623783783814
06037301502,0.0,0.0,26.811030000000006,30.80814000000005
06037301601,0.0,0.0,26.811029999999974,30.808140000000062
06037301701,0.0,0.0,25.43583709090906,29.755891999999925
06037301602,0.0,0.0,26.81102999999996,30.808140000000066
06037301702,0.0,0.0,27.737939999999984,31.905699999999953
06029004102,3.7735849056603774,3.7735849056603774,22.618072767295597,25.06945905660373
06037302002,0.0,0.0,26.780605208333323,31.620692083333356
06113010401,47.53820033955857,65.87436332767402,23.504169541595914,25.33905156196949
06029002804,0.0,0.0,25.347031851851884,28.219463185185116
06073017022,0.0,0.0,26.4828323809524,27.852742993197406
06073009901,2.5316455696202533,2.5316455696202533,22.91636291139244,29.35462531645566
06073017045,0.0,0.0,24.14188936842104,25.867286421052682
06073013503,0.0,0.0,24.040869999999874,30.11344999999999
06073020017,6.521739130434782,8.695652173913043,23.770240434782572,26.146881304347847
06073015403,0.0,0.0,21.59911999999992,26.80401999999976
06073010103,23.076923076923077,28.846153846153843,24.452056923076977,27.434228076923084
06073018504,0.628930817610063,0.628930817610063,26.199351949685543,28.69659046121591
06073020801,0.8105369807497468,0.9625126646403243,21.540247198581817,26.209669848024276
06073018608,6.382978723404255,53.90070921985816,26.305157943262465,27.470014326241134
06073005900,0.0,0.0,23.977720000000012,28.90616
06073020500,0.0,0.0,24.363423333333415,29.592644479166736
06073019001,0.6386861313868614,0.6386861313868614,27.591945305657166,29.612805501825036
06073009505,2.3738872403560833,2.3738872403560833,24.585863204747753,23.48313498516318
06001400500,0.0,0.0,26.874790000000026,25.472860000000036
06001451102,0.0,0.0,20.91720110236217,21.160934566929104
06029002806,0.0,0.0,23.688502063492074,27.31245269841271
06029002807,0.0,0.0,25.449383316062164,28.261420984456144
06029003203,0.0,0.0,22.996351693989027,25.401815355191275
06085507903,0.0,0.0,24.394440000000028,25.65040000000008
06085508401,1.8518518518518516,99.69135802469135,23.39039030864206,26.25650540123475
06085508404,0.0,100.0,23.386870000000012,26.272810000000106
06001432800,0.0,0.0,24.84250726315793,26.7394441403508
06001441503,1.9417475728155338,24.271844660194176,22.509909029126213,24.09707029126214
06001435400,2.307692307692308,3.076923076923077,23.16996230769227,25.73719453846158
06001438000,2.4691358024691357,3.0864197530864197,23.073965185185152,24.409555123456848
06001451201,0.2932551319648094,11.143695014662756,20.90561002932564,22.6402188563049
06001451202,3.488372093023256,15.11627906976744,20.125867860465114,23.682167790697683
06001409000,2.479338842975207,21.487603305785125,23.656172727272775,25.27666636363642
06029003400,0.0,0.0,24.41748849593508,25.428410894309067
06029003500,2.406417112299465,9.893048128342247,26.167622326203382,26.92249125668461
06029003600,7.194244604316546,7.194244604316546,25.896844316546886,26.999364316546895
06029006003,3.938115330520394,3.938115330520394,25.503817046413626,24.10508818565419
06115040500,53.35820895522389,89.55223880597015,21.688333656716416,22.319023171641767
06115040600,75.79787234042553,97.3404255319149,21.185114840425612,21.99564364361714
06109003200,0.9364548494983277,0.9364548494983277,21.55916473578614,24.555238882942835
06109001200,5.291970802919708,5.291970802919708,20.313049890510886,23.028520437956224
06109005201,5.136436597110754,5.136436597110754,19.74133272873201,21.651253081861988
06109001100,1.5228426395939088,1.5228426395939088,19.81588174280881,22.335786159052642
06085508503,4.069767441860465,100.0,22.394257906976783,26.488023023255792
06001401500,0.0,0.0,25.554019076923048,24.30208723076924
06029004601,0.0,0.0,22.01126571428569,24.214876285714315
06029003304,10.773899848254933,10.773899848254933,24.640780576631272,25.143824506828583
06029005300,0.0,60.0,19.446959714285722,21.56785871428572
06029005103,16.03305785123967,32.892561983471076,24.228189239669273,24.86584054545467
06029002811,0.0,0.0,23.75358529411766,27.499189460784145
06029002813,0.0,0.0,24.025902189781053,27.868516350365024
06073003208,2.4390243902439024,2.4390243902439024,23.13036731707325,28.106947621951253
06085507904,0.0,12.994350282485875,24.300783050847457,25.587050847457654
06101050101,100.0,100.0,22.96284401929268,21.42328636655947
06029002814,0.0,0.0,23.781910000000046,27.54298000000006
06029002815,0.0,0.0,23.78191000000005,27.542980000000064
06029002816,0.0,0.0,24.683835045454572,27.539527681818214
06029002817,0.0,0.0,26.062640000000073,27.53425000000003
06029002818,0.0,0.0,26.062640000000084,27.534249999999922
06085504412,0.0,1.5384615384615385,21.605861230769257,25.949637846153866
06085504413,37.03703703703704,100.0,22.02499,26.19688685185187
06085504414,22.169811320754718,95.75471698113208,21.576025471698117,25.957862783018914
06085504415,0.0,0.0,21.849515116279047,25.39773255813956
06085504416,0.0,0.0,22.223281269841248,25.958733015873015
06073013414,0.0,0.0,23.868233392226156,28.67762477031787
06073013415,0.0,0.0,23.094823076923063,27.271048076923098
06073013416,0.0,0.0,22.546900090497786,26.232509276018135
06073013417,2.083333333333333,2.083333333333333,23.216221874999967,27.604856458333348
06073013418,0.4761904761904762,0.4761904761904762,22.46857442857145,26.088720142857195
06111005002,0.8620689655172413,89.65517241379311,27.59314120689647,30.984440689655163
06073018517,0.0,0.0,25.317945333333288,28.47306044444445
06073018518,0.0,0.0,25.268131157894704,28.438005052631578
06073018519,0.0,0.0,25.00202363636367,28.22879844919787
06073018601,13.978494623655912,21.14695340501792,26.59707351254491,27.049529999999873
06029000102,0.0,73.48066298342542,23.72421845303875,25.737642707182278
06073008303,0.0,0.0,26.538782641509208,30.196223018867762
06073006200,2.564102564102564,2.564102564102564,24.609558461538466,29.119713846153843
06073012200,0.0,0.0,23.85413000000006,29.00432
06073020706,1.9388516032811336,2.013422818791946,25.91188385533175,28.781630626398698
06111005202,3.8997214484679668,8.635097493036211,27.126138077994366,29.251620668523735
06001401600,0.0,4.918032786885246,25.54144163934424,24.290787540983622
06001402400,0.0,0.0,24.562919130434768,23.860818043478254
06085504418,22.22222222222222,32.53968253968254,22.43611555555553,26.278184444444403
06085504421,7.943925233644859,89.25233644859813,21.518823177570106,25.978592476635555
06073000700,0.0,0.0,23.25871198113208,26.980419528301866
06037310703,0.0,0.0,26.811030000000027,30.808140000000048
06037310900,0.0,4.659498207885305,25.068031290322438,29.614564408602238
06001402200,0.0,17.543859649122805,24.07527438596491,23.61438719298247
06073000800,0.0,0.0,23.23776999999997,26.924330000000015
06037311000,0.0,7.042253521126761,24.89404556338025,29.16014049295769
06037311100,0.0,0.0,25.081828961039008,29.178622792207722
06037311200,0.0,0.0,25.419460000000043,29.46583999999994
06037311300,0.0,0.0,25.299213212121185,29.626699151515094
06037311400,0.0,0.0,25.41946000000004,29.465839999999957
06085507905,3.2085561497326207,33.155080213903744,24.441754010695206,25.67829743315513
06001402500,0.0,0.0,23.899470000000004,23.518059999999995
06001402600,0.0,0.0,22.81330045454545,23.03015727272728
06001402700,0.0,0.0,23.10945866666666,23.147953777777786
06001403000,0.0,0.0,22.641799999999993,22.95312000000001
06037237900,1.639344262295082,5.737704918032787,23.242370327868844,26.100189016393433
06037534700,0.0,0.0,21.956646025641056,25.458134358974302
06037228600,0.0,1.5151515151515151,20.51378,23.703899999999983
06037222600,2.4096385542168677,8.433734939759036,22.235599999999984,25.096250000000037
06037407101,0.0,0.0,22.612693203125016,24.710117734375057
06037482502,0.0,0.0,21.759890000000027,24.591820000000048
06037208904,0.0,0.0,24.304790000000008,26.31151
06085504422,0.0,98.24561403508771,21.801725614035092,26.20931315789477
06001403100,0.0,0.0,22.641799999999993,22.953120000000006
06073013506,0.0,0.0,21.37562306748467,26.556365398773025
06073013604,0.0,0.0,23.186281111111057,27.644089222222302
06085506304,19.469026548672566,19.469026548672566,23.081987876106197,23.944727964601753
06085506305,4.57516339869281,4.57516339869281,23.625067647058742,24.883984901960734
06085506401,0.0,0.0,21.86122412903228,22.52602419354835
06073013802,0.0,0.0,24.033519999999967,29.200800000000037
06073018609,0.0,97.32620320855615,26.048521978609656,27.704853903743345
06001404501,0.0,0.0,25.508160784313695,27.11487196078437
06001403800,1.0869565217391304,1.0869565217391304,24.89536347826087,25.325056521739135
06001403900,1.4285714285714286,2.857142857142857,25.181701999999976,25.01730914285717
06037302202,0.0,0.0,26.21660661290322,31.452784193548414
06037139703,0.0,0.0,26.6181290189873,27.900048291139267
06037430502,0.0,0.0,25.683392895442513,30.423768739946308
06037300702,0.0,0.0,24.95040592445317,30.407346282305895
06037123602,0.0,0.0,24.80976999999996,24.80189999999996
06037122410,0.0,0.0,23.854100000000013,26.618570000000012
06037131300,0.0,0.0,24.24205462500003,26.634893999999928
06037115302,11.25,11.25,25.320549999999965,24.456770000000002
06037109700,0.0,0.0,23.887160000000122,23.27741999999996
06037910501,0.0,93.98496240601504,26.507020000000008,25.294589999999975
06041106001,24.84472049689441,44.099378881987576,27.15674645962727,23.1859996273292
06001404000,0.0,0.0,25.26884346153844,24.178613846153876
06001438300,0.0,0.0,22.5312239814815,24.228415185185163
06037576402,0.0,11.11111111111111,27.257720000000003,27.312719999999974
06037543903,0.0,0.0,26.320970000000052,24.771379999999997
06037571102,0.0,0.0,25.118710000000064,25.17842000000006
06085506402,0.0,0.0,22.466789999999953,23.428489999999904
06085506503,0.0,0.0,22.86304053658529,24.008814682926783
06111005203,0.26666666666666666,0.5333333333333333,28.574206799999985,29.73698746666655
06111005304,49.079754601226995,89.87730061349694,24.135321932515357,26.602435705521405
06009000122,2.2260273972602738,2.3116438356164384,22.664262979451983,24.746624006849398
06009000504,2.510460251046025,2.510460251046025,23.67496648535562,24.51191468619243
06009000121,5.048335123523094,5.263157894736842,22.5174017400646,24.259283770139508
06009000501,0.5502063273727648,0.5502063273727648,23.555043933975114,25.1001545804677
06085507906,2.0,80.0,24.394440000000028,25.650400000000086
06099002402,0.0,0.0,21.08537428571418,20.78738714285716
06037543701,0.0,0.0,26.320969999999992,24.771379999999972
06037241300,0.0,0.0,22.418329999999987,27.891000000000027
06037228410,0.0,0.0,20.51378,23.703899999999983
06037531800,0.0,0.0,20.83345000000002,23.57751000000003
06037910809,10.084033613445378,15.46218487394958,27.076968218487306,29.03571082352931
06037204200,0.0,0.0,18.787190000000006,20.736089999999994
06037209820,0.0,0.0,24.30479000000001,26.31151
06037214600,0.0,17.80821917808219,26.04185000000002,27.34546
06037211420,0.0,0.0,22.028430000000004,27.304290000000023
06037191810,0.0,37.142857142857146,25.132460000000012,29.589799999999993
06037480302,0.0,0.0,21.386118582677184,25.750275669291312
06037192620,24.137931034482758,24.137931034482758,22.02843,27.30429000000001
06073001000,0.0,0.0,25.39044,29.68170000000006
06073001100,0.0,0.0,25.39043999999996,29.68170000000005
06085506601,0.0,0.0,24.049079999999883,25.41679999999997
06085506603,1.639344262295082,1.639344262295082,24.02013316939896,25.22339377049177
06085506605,3.7037037037037033,3.7037037037037033,23.404443333333276,24.606747777777723
06019006405,2.899951667472209,2.899951667472209,24.140267960367368,23.91902292411795
06079010202,3.6057692307692304,49.75961538461539,26.947542403846146,30.923988966346215
06019005912,7.825015403573629,8.194701170671596,23.118858133086533,23.64352932224298
06079011501,8.928571428571429,12.5,27.65896428571426,30.179878571428535
06079011600,5.657093124456049,6.440382941688425,27.212132019146896,30.264862837249506
06079012503,5.080213903743315,14.705882352941178,31.344525240641566,29.66170117647035
06079010703,0.33333333333333337,0.33333333333333337,24.767286033333313,32.39095203333345
06079012302,3.9560439560439558,3.9926739926739923,27.977361772893506,30.806967479853522
06073001400,0.0,0.0,23.23776999999999,26.924329999999994
06073001500,0.0,0.0,23.941086571428574,27.607472857142845
06085508101,0.0,94.65648854961832,22.434578778625852,24.43777236641228
06073013905,0.0,0.0,22.649477886597946,28.90763139175262
06073013907,0.0,0.0,23.42957034013599,29.320341700680352
06073013908,0.0,0.0,22.53891977443607,29.16550887218053
06073013909,0.0,0.0,20.708399999999987,27.22544000000007
06073014001,0.0,0.0,23.97299381818178,29.220379272727186
06001450701,0.0,0.0,20.08551253928875,20.93255319272111
06073019206,1.1049723756906076,3.867403314917127,24.07616237569057,25.585948839779046
06073019404,3.389830508474576,3.389830508474576,24.337657033898303,26.69784898305087
06073019405,0.0,0.0,23.771740000000015,27.26063000000008
06073019406,0.0,0.0,23.771740000000072,27.26062999999998
06001403600,0.0,0.0,24.498680000000014,23.72672470588235
06001435300,3.35195530726257,3.35195530726257,23.300210446927363,26.37898379888272
06001409800,2.5316455696202533,2.5316455696202533,23.056604177215174,25.483934810126573
06001440306,0.0,0.0,21.458280000000013,22.838510000000028
06001450601,4.321907600596125,5.067064083457526,20.985001177347264,22.027356631892477
06037124500,0.0,0.0,24.809769999999972,24.801899999999964
06037301203,0.0,0.0,24.76741999999996,29.14273999999998
06037127910,0.0,0.0,23.677550000000036,24.764380000000013
06037123205,0.0,0.0,23.854100000000013,26.618570000000012
06037108103,0.0,0.0,25.98557532520315,27.708026463414527
06037575101,0.0,0.0,27.257720000000013,27.312719999999963
06037900102,2.904564315352697,2.904564315352697,20.533079751037295,23.857754647302837
06037570001,0.0,0.0,24.189069999999973,24.03259999999996
06001435700,5.421686746987952,12.048192771084338,22.55045168674701,26.30310879518071
06001400600,0.0,0.0,25.421441395348836,24.181506511627934
06037310800,0.0,3.7037037037037033,25.177499999999878,29.78952000000001
06037311700,0.7662835249042145,3.4482758620689653,25.24236164750945,29.850837701149487
06037311802,2.631578947368421,2.631578947368421,26.31667223684213,30.49987342105267
06001442000,0.0,10.81081081081081,23.220391389961414,24.074934594594527
06001426100,0.0,0.0,25.307984076738666,25.852789976019015
06001400100,0.0,0.0,27.704296408450563,27.41419080985922
06001433700,1.6129032258064515,1.6129032258064515,23.070836612903243,26.245209354838728
06001437500,6.896551724137931,31.03448275862069,22.70154000000002,24.357089999999975
06001441100,0.7662835249042145,7.662835249042145,23.48913379310347,24.141691724137885
06001451503,0.0,15.43859649122807,21.096306947368394,21.589853824561427
06001408100,0.0,0.0,24.277629097633255,26.912970784023592
06001450742,1.444043321299639,1.444043321299639,19.709993935018,22.494955270758066
06001404502,0.0,0.0,25.636207415459182,27.906257125603684
06001440301,0.7662835249042145,0.7662835249042145,22.53706068965513,23.39664590038314
06001406800,0.7692307692307693,0.7692307692307693,23.336599076923054,26.344271230769174
06001430500,0.0,0.0,23.69550999999991,26.50562999999995
06001422000,1.0638297872340425,10.638297872340425,25.973218723404308,25.359292340425505
06001442200,1.0025062656641603,2.0050125313283207,23.08256781954888,23.846627293233155
06001436402,0.0,0.0,23.64800811764704,27.641021088235277
06001431100,9.401709401709402,12.82051282051282,23.289384700854686,26.430947948717982
06075980501,0.0,0.0,23.220627297297305,24.229084864864884
06085510400,0.0,100.0,23.074760000000065,25.771740000000076
06085510700,0.6024096385542169,100.0,22.41561518072288,24.493952409638467
06001421200,0.0,0.5235602094240838,27.46486685863873,25.77433513088999
06001422800,0.0,0.0,26.874789999999994,25.472859999999997
06001405000,0.0,0.0,23.108685535714294,25.06996928571429
06017030804,1.9131127939418093,1.9131127939418093,21.48757057393365,22.71080743324074
06017030901,0.6257822277847309,0.6257822277847309,21.807351245306723,22.334968304129955
06017031000,1.7446471054718478,1.9825535289452814,21.088408057097393,22.387638667724406
06017031200,1.6016016016016015,2.1021021021021022,20.66964323323332,23.144873803803726
06017031301,0.0,0.0,21.240355501653873,23.593042348401177
06027000800,7.514450867052023,10.289017341040463,23.828273271676338,26.26446409248552
06111005700,5.88235294117647,58.82352941176471,26.94523000000001,28.105739999999994
06079010902,0.7092198581560284,2.8368794326241136,30.07642354609925,32.1616720567376
06079011101,29.166666666666668,49.30555555555556,29.210945972222248,31.39558395833337
06079011103,6.172839506172839,7.4074074074074066,28.821774814814816,31.01647481481483
06079010701,2.5547445255474455,2.5547445255474455,24.40726379562044,32.271078978102246
06001400900,0.0,0.0,25.520744590163908,24.27219311475411
06001400700,0.0,9.917355371900827,25.69615785123959,24.4256021487603
06001400800,0.0,0.0,26.046669423076935,25.162671826923095
06001451602,3.206997084548105,5.247813411078718,21.328536093294403,21.39926405247831
06001400200,0.0,0.0,27.280369382716035,26.461693580246948
06017031504,0.5590496156533892,0.5590496156533892,21.322335192173295,23.59222368273931
06017030701,0.0,0.0,20.427344109889976,22.874446659340418
06111005901,0.0,0.0,26.763890503144527,29.73911563941321
06085509106,0.0,100.0,22.620887499999963,26.039891562500014
06085509108,0.0,100.0,23.19023066115702,25.84427181818187
06073014002,0.0,0.0,23.89324048192766,29.251162088353293
06073014101,0.0,0.0,23.003542472527403,29.623694120879158
06073014102,0.6493506493506493,0.6493506493506493,23.968154740259823,30.61760422077927
06073014200,0.684931506849315,0.684931506849315,22.565620890410937,29.860703287671353
06073014601,0.0,0.0,22.4666422448979,28.86588204081629
06073015704,0.0,19.379844961240313,22.29739488372093,26.649144418604592
06073019501,6.666666666666667,8.0,23.841529200000007,26.32487439999999
06001435200,0.42016806722689076,0.42016806722689076,23.725903907562966,27.534281722689176
06001410300,0.0,0.0,24.237978831168846,25.953513376623388
06001409900,0.0,0.0,24.129870086455192,26.400999164265016
06073001600,0.0,0.0,23.898344874999967,27.692132124999965
06073001700,0.0,0.0,23.690148536585326,27.43831439024387
06085510801,58.52713178294574,100.0,22.770360000000125,24.771520000000017
06085510802,1.680672268907563,100.0,22.770359999999986,24.77151999999994
06085510803,0.0,100.0,22.75514355555554,24.75961399999992
06085510900,1.2552301255230125,100.0,22.208815899581534,24.332143765690294
06085511000,68.44106463878326,100.0,22.367209201521064,24.442487262357517
06073019502,1.0,1.0,23.905950000000004,25.46109999999999
06073019804,0.0,0.0,25.268324823151193,28.34498520900329
06073019805,9.933774834437086,21.192052980132452,25.34821231788074,28.417816953642404
06001421300,1.282051282051282,1.282051282051282,26.64014230769238,25.205556153846164
06001450741,0.3968253968253968,0.3968253968253968,19.567075039682464,22.038658888888758
06017030504,1.7973856209150325,2.450980392156863,24.31642728758185,27.295347189542216
06017030709,2.8186274509803924,2.8186274509803924,20.554827561274617,22.79216366421561
06017030807,3.783783783783784,3.783783783783784,21.289536432432275,22.8650707567568
06017031800,0.0,0.0,19.951860000000032,21.90139108455898
06001423200,0.0,0.0,26.000140000000034,25.543719999999965
06085511100,46.666666666666664,100.0,22.068364133333443,24.099542000000135
06085511400,0.0,100.0,22.078998630136923,24.187947260273905
06085512024,3.3112582781456954,3.3112582781456954,23.25811350993384,25.413650397351052
06085512025,4.285714285714286,4.285714285714286,23.27082000000005,25.439960000000053
06085512026,0.6172839506172839,0.6172839506172839,22.89787271604945,25.17608104938276
06001406000,1.1363636363636365,1.1363636363636365,22.64776795454545,23.654182727272755
06001423902,0.0,0.0,26.874789999999994,25.472859999999997
06001443200,0.0,0.0,21.762984811715487,25.08816970711294
06001404200,0.0,0.0,25.236346802030436,25.369062436548248
06085509109,0.0,100.0,23.17261,25.847835000000057
06085509201,0.0,100.0,23.847532865853726,25.70970414634143
06001400300,0.0,0.0,25.479049527026945,24.45704378378373
06085512027,2.2222222222222223,2.2222222222222223,23.25604851851856,25.430257407407453
06001427900,0.0,0.0,22.076553999999987,24.14725800000002
06001421500,0.0,0.0,27.534429999999958,25.822309999999902
06001407500,1.4705882352941175,13.23529411764706,22.114810000000016,24.986979999999967
06001451401,0.0,0.5934718100890208,21.34899026706224,23.43327222551922
06001443103,0.28169014084507044,0.5633802816901409,22.940923436619798,24.99686312676054
06001430600,0.0,2.4475524475524475,23.57407671328655,26.587828321678344
06001451300,1.6528925619834711,1.6528925619834711,20.73005763085409,23.215986143250582
06001421600,0.0,0.0,27.72511808290155,25.9972224352331
06001408300,0.0,0.0,22.632529330143537,25.042010526315803
06001450607,3.389830508474576,27.683615819209038,20.48213745762705,22.752494745762643
06085513500,7.59493670886076,10.759493670886076,24.13368259493666,26.030522341772112
06001401800,0.0,0.0,24.00495263157893,23.575856315789466
06085509202,13.253012048192772,100.0,23.501572289156666,25.76370216867467
06085509302,0.0,100.0,22.831700300751862,24.982961353383455
06041101200,4.666666666666667,6.333333333333334,28.117869600000002,26.69121899999999
06041117000,12.5,17.682926829268293,28.66262490853667,24.74803719512208
06041110100,8.484848484848486,37.17171717171717,27.53190680808105,24.416330585858432
06041133000,8.340498710232158,8.340498710232158,26.817340464316274,27.348436895958745
06041114100,9.975062344139651,13.96508728179551,28.278018004987747,25.33621468827937
06041124200,4.205607476635514,5.607476635514018,26.56094601246131,23.82203909657342
06041114200,8.333333333333332,8.771929824561402,28.321351973684145,24.59934754385962
06041108100,0.6211180124223602,4.554865424430641,27.403458695652134,23.581025155279413
06041128100,9.664694280078894,10.848126232741617,25.419234812623262,22.66784932938843
06041121200,39.46587537091988,50.14836795252226,26.295057744807192,22.625829584569868
06041126200,15.648854961832063,19.84732824427481,25.749912938931253,22.25592374045809
06041110200,14.644970414201183,19.82248520710059,26.13935063609474,23.914825073964664
06041113000,4.0,4.0,28.0203090240001,25.993196143999764
06001400400,0.0,0.0,26.68810145631067,25.30698038834951
06073021302,1.5816326530612244,1.5816326530612244,21.424022933673612,26.00328319387718
06073009504,0.8633093525179856,1.1510791366906474,24.32886041726651,26.132049985611467
06073019205,1.2875536480686696,16.30901287553648,25.004435150214672,26.266826351931346
06073017041,8.656716417910449,11.940298507462686,24.001193223880634,26.45481543283566
06073017810,2.7027027027027026,2.7027027027027026,26.793250081080977,26.748405378378457
06073020903,4.429920116194626,4.429920116194626,22.93723541757422,27.099555541031293
06073014300,0.0,0.0,22.369049999999913,29.739230000000063
06073014500,0.0,0.0,22.780271999999922,28.868752000000065
06073014804,0.0,0.0,23.725347192982476,27.682856257309922
06073010800,0.0,0.0,23.831439999999976,28.837539999999997
06073008902,30.555555555555557,61.111111111111114,26.685007777777784,29.326761666666666
06073007100,0.3021148036253776,0.3021148036253776,23.339785166163185,28.92883244712998
06073006802,0.0,4.761904761904762,25.59777628571426,28.722005619047604
06073020023,3.8135593220338984,4.23728813559322,27.349346313559327,29.43016881355943
06037533403,0.0,0.0,21.885698813559337,24.42502949152542
06023011000,4.872881355932203,5.296610169491525,24.013785911017038,25.988791101695057
06001401000,2.5316455696202533,13.924050632911392,25.272379999999913,24.04905999999994
06085509303,0.0,100.0,23.191477380952364,25.732302857142866
06073018803,2.4158125915080526,2.7086383601756956,25.166449055637038,27.491567327964766
06073013701,2.564102564102564,2.564102564102564,23.35439073260082,29.56063619047612
06073020904,0.9735744089012517,0.9735744089012517,22.233791849791597,26.09431204450609
06073016806,0.0,0.0,21.700100000000017,23.574429999999982
06073019602,0.7827788649706457,0.7827788649706457,23.195925283757212,25.83210935420759
06073019203,0.0,0.0,25.090890000000012,26.330239999999858
06073021204,0.4181600955794504,0.4181600955794504,20.2735377060931,24.91144094384717
06073003207,6.61625708884688,6.805293005671078,22.248847372400597,28.582151228733085
06073019107,1.4534883720930232,1.5988372093023258,23.168694534883556,27.714370799418706
06073008347,0.0,0.0,28.725724204081512,32.940601918367214
06073013702,2.547770700636943,2.547770700636943,24.038810127388437,29.85767547770697
06085512402,13.32923832923833,13.697788697788699,26.64185309582357,30.943311756755936
06007000501,1.8779342723004695,1.8779342723004695,24.426266784037434,25.060964624412986
06007000502,0.6802721088435374,0.6802721088435374,24.202749999999952,24.555760000000067
06019004218,0.9852216748768473,1.1494252873563218,21.08849236453207,21.62359545156011
06019005528,0.0,0.0,22.33242513888885,20.66996499999998
06047001601,60.50420168067227,60.50420168067227,18.890842941176498,23.13581537815121
06073003103,2.2813688212927756,4.182509505703422,24.28233999999997,30.9215700000002
06073003105,1.2903225806451613,1.2903225806451613,23.452175354838698,30.098515548387127
06039000509,6.6017316017316015,6.98051948051948,21.988781147186454,22.67610367965393
06053012200,0.0,0.0,24.189060000000023,26.842050000000057
06103000701,15.634218289085547,19.469026548672566,24.569226666666623,23.027899999999903
06103000702,3.7249283667621778,6.017191977077363,24.820670028653392,22.882834727793707
06103000202,3.330249768732655,3.330249768732655,23.536658834412272,23.733611591119615
06103001102,17.482517482517483,17.715617715617714,25.380185174824984,24.098756013986037
06103000201,16.751269035532996,17.258883248730964,23.88729785533029,23.36924821065995
06029001700,0.3236245954692557,4.53074433656958,22.814824886731493,25.98424644012948
06085505304,1.3986013986013985,100.0,21.861469999999965,24.854490000000045
06085505305,0.0,100.0,21.861469999999933,24.854490000000016
06085505401,0.0,100.0,21.861469999999958,24.85449000000005
06001401400,0.0,0.0,25.27237999999993,24.04906000000001
06073013505,0.0,0.0,22.099402558139495,27.123448449612418
06111005306,0.0,0.0,23.517530000000065,26.908779999999915
06111005403,0.0,17.045454545454543,28.31715056818184,29.523466590909084
06111005404,7.894736842105263,53.68421052631579,25.77745999999996,28.17287000000005
06111005502,6.6115702479338845,79.33884297520662,29.280626776859542,30.25119942148763
06111005503,20.0,87.5,29.456304687499976,30.49415593750004
06111005504,9.644670050761421,73.60406091370558,28.65082999999991,29.779840000000085
06073005000,1.4285714285714286,1.4285714285714286,22.294059999999963,27.24038999999998
06073014803,0.0,0.0,23.0293197402597,28.880566623376563
06073003003,0.7575757575757576,0.7575757575757576,22.811208989898994,29.783166212121237
06073015802,0.0,14.754098360655737,22.554279999999974,27.185489999999962
06073017106,1.2658227848101267,1.5471167369901548,30.075351533051897,32.452454622598005
06073016902,14.343845371312309,15.25940996948118,22.317508585961424,25.907187446592427
06073017010,3.202846975088968,4.270462633451958,23.59473106761568,27.00224387900365
06073016811,3.303303303303303,3.303303303303303,22.0280488588588,24.64988780780787
06073008313,0.0,0.0,27.38958000000002,30.75805000000011
06073018700,0.0,0.0,25.736280085745303,28.374914458735002
06073019701,3.389830508474576,5.762711864406779,24.599952067796647,27.406077322033788
06073020708,0.8108108108108109,0.8108108108108109,26.045136081081033,30.484155837837832
06073020405,0.0,0.0,26.737695572916767,31.940738506944495
06085512029,0.0,0.0,23.617105340909124,25.055514545454468
06001423601,0.0,0.0,26.874790000000026,25.472860000000033
06001435102,0.0,0.0,23.23250666666662,26.06748965986382
06001431200,9.663865546218489,18.487394957983195,23.1819953781512,26.09833403361357
06001440332,16.535433070866144,16.535433070866144,21.45827999999997,22.83851000000003
06001404400,2.278481012658228,2.5316455696202533,26.34646673417732,27.486726911392196
06001404600,0.0,0.0,25.57649341145854,27.880702734374893
06001406700,0.0,0.0,23.325389999999974,26.3359799999999
06001436500,0.0,0.0,23.024569119496842,25.304939496855347
06001430800,1.2448132780082988,6.639004149377594,23.551818879667973,27.053245726141192
06073006801,0.0,3.508771929824561,26.644250000000035,28.405140000000014
06073009802,0.0,0.0,24.499630000000014,28.12763999999992
06073018801,1.7410228509249184,1.7410228509249184,28.649980206747085,28.17784059847642
06073013906,0.0,0.0,23.92577878378373,29.293078423423317
06073002301,0.0,0.0,23.497415102040815,27.221090612244883
06073002302,0.0,0.0,23.605127058823506,27.316688235294077
06073002401,0.0,0.0,24.26343999999996,27.92057999999998
06073002402,0.0,0.0,24.263439999999967,27.92057999999998
06073002501,0.0,0.0,24.26344000000004,27.920579999999976
06085512030,4.117647058823529,4.117647058823529,23.604940000000063,24.638289999999955
06073002705,5.660377358490567,5.660377358490567,23.210349999999938,28.076619999999917
06073002707,0.0,0.0,23.386937719298242,27.26077789473684
06073002708,0.0,0.0,23.398878412698405,27.205611428571412
06073002709,2.4096385542168677,8.433734939759036,23.210350000000016,28.076620000000005
06001401100,0.0,0.0,25.27237999999993,24.04906000000002
06073003114,2.564102564102564,2.564102564102564,24.282340000000044,30.921569999999978
06073003115,0.0,0.0,24.14368103448279,30.784098620689793
06085512034,0.0,0.0,23.53431,25.83417000000005
06085509304,44.554455445544555,100.0,22.73439564356437,25.434347722772248
06001401200,0.0,0.0,25.27237999999994,24.04906000000004
06001401300,0.0,0.0,25.151433793103386,23.998671954023024
06037134305,0.0,0.0,23.497609999999998,24.71282333333333
06037920020,2.6737967914438503,5.614973262032086,25.50125970588233,30.216941443850388
06037910706,0.34843205574912894,3.1358885017421603,27.464269094076528,26.65076885017413
06037910601,0.0,77.47440273037543,27.473012354948747,27.658774402730323
06037910804,1.3687600644122384,1.3687600644122384,24.257146634460334,25.76613409822882
06037575102,0.0,0.0,27.257719999999996,27.312719999999988
06037543201,0.0,0.0,24.60168999999997,25.98338999999997
06037553602,0.0,0.0,21.712791139240498,24.702177341772167
06085511702,1.9607843137254901,3.2679738562091507,23.735479771241966,26.345309607843223
06085511905,2.247191011235955,2.247191011235955,26.86057398876409,28.211500561797752
06085512505,0.0,93.18181818181817,24.883631439394033,27.9461748863636
06041112100,14.482758620689657,25.862068965517242,26.410177999999917,23.89828300000013
06041103100,2.4229074889867843,4.6255506607929515,27.846730616740338,26.80303747797381
06041104300,82.87292817679558,100.0,27.271234861878426,25.97261961325968
06041107000,3.420523138832998,3.420523138832998,27.618930845070373,24.50507217303807
06041118100,12.121212121212121,15.404040404040403,28.302142929292792,26.189913257575903
06041127000,5.139186295503212,5.353319057815846,25.467493918629565,23.41899417558878
06041116000,13.793103448275861,29.310344827586203,28.54028999999994,24.99904999999995
06041124100,10.091743119266056,14.862385321100918,26.42493557798187,22.98665671559649
06041132200,6.796116504854369,6.957928802588997,27.915480048543866,27.54086564724934
06041104102,26.21359223300971,33.00970873786408,28.498853689320388,26.730347378640722
06041104200,4.440154440154441,4.440154440154441,27.944070115830122,25.738745926640934
06001402900,0.0,0.0,22.641799999999993,22.953120000000006
06037620001,0.0,0.0,23.006311714285715,24.620962571428617
06037535604,0.0,0.0,22.891499999999972,26.248790000000028
06037532900,0.0,0.0,22.863099789473647,24.985941684210506
06037400501,0.0,4.775280898876404,25.26468317415727,27.013173988763995
06037401303,0.0,0.0,22.4478765425531,25.313545319149
06037401304,0.0,0.0,22.447197669683316,25.44680339366522
06037576302,0.0,0.0,27.972264444444427,28.55358888888889
06037460401,0.0,0.0,27.921025365853616,31.2862012195122
06037910002,6.363636363636363,40.349650349650354,25.631302545454755,24.406136027972316
06073001900,0.0,0.0,23.887010303030344,27.69805624242426
06073002001,0.0,0.0,23.57974000000006,27.29263999999991
06073009509,0.6622516556291391,1.3245033112582782,25.05358933774833,24.06194059602651
06073010012,0.0,2.5974025974025974,24.238994285714334,25.75017571428574
06073011902,1.530612244897959,1.530612244897959,23.562849132653053,31.00817265306126
06073012401,0.0,0.0,24.40659692307688,29.02846487179492
06073013903,0.0,0.0,21.869856399999954,28.45640480000003
06073014400,0.8620689655172413,0.8620689655172413,22.936843103448226,29.548437413793145
06073015200,0.0,0.0,23.26806669658871,29.523391382406036
06073015301,0.0,0.0,22.365237916666683,27.109990729166697
06073015405,0.0,0.0,23.1558065337954,27.66600800693233
06073016809,5.089820359281437,5.089820359281437,21.405845988023852,23.440090718562978
06073016901,4.056437389770723,5.467372134038801,22.64657372134042,25.3770758024695
06073017044,0.0,0.0,24.952673263598268,26.242946234309517
06073017046,0.0,0.0,25.61408112970708,26.76633100418402
06073017049,22.950819672131146,38.9344262295082,24.082681311475454,26.891175000000054
06073008310,0.0,0.0,27.326996897196214,30.027795738317803
06041122000,2.631578947368421,6.578947368421052,26.647507631578947,22.60703815789472
06041123000,42.738589211618255,46.47302904564315,25.75275024896257,23.692923983402423
06041125000,11.387900355871885,13.87900355871886,25.651120391458974,22.340379110320313
06041115000,9.444444444444445,9.722222222222223,28.20180754166686,24.578405333333503
06001441924,0.0,0.0,23.068881190476223,23.906653095238116
06041103200,24.485981308411215,29.906542056074763,28.250340579439456,26.298674990654185
06041101100,5.902192242833052,6.408094435075886,27.697995193929003,26.41270495784165
06041119100,6.688417618270799,20.0652528548124,28.07018453507328,26.39088070146858
06001440100,0.0,0.9433962264150944,23.283978679245234,24.579159905660394
06001451601,1.0554089709762533,3.6939313984168867,21.426919999999924,21.37023000000022
06041121100,19.74025974025974,23.376623376623375,26.072008363636527,22.627979194805373
06041126100,13.145539906103288,15.96244131455399,25.455850657276958,23.026265164319142
06041128200,2.0253164556962027,2.5316455696202533,25.13946139240499,22.32661736708853
06073015100,0.0,0.0,23.16487467999996,27.45235495999986
06073016608,0.0,0.0,23.15239120567373,24.646822695035524
06085509401,2.3529411764705883,100.0,22.884957647058805,25.148073411764674
06085509403,0.0,100.0,23.125294374999985,25.767513749999974
06085509404,0.0,100.0,23.063690909090887,25.735368363636375
06085509500,0.7462686567164178,100.0,23.79280067164183,25.71168940298506
06085512005,2.0066889632107023,2.0066889632107023,23.191677123745773,25.276089598662114
06073020021,0.0,0.0,24.163791313131302,26.136626616161646
06073020024,0.4524886877828055,0.904977375565611,27.07875683257924,29.44194561085972
06073020025,0.0,0.0,27.4132486702128,29.615867500000004
06073020106,2.7027027027027026,10.81081081081081,23.92612139639646,29.4529694594596
06073009103,0.0,0.0,26.65053458128083,26.846936551724276
06073008328,0.8528784648187633,0.8528784648187633,29.95494537313434,31.768991321961657
06073006500,0.0,11.34020618556701,25.82012164948452,28.96223350515466
06073008305,0.0,0.0,27.34621588235295,30.38232941176472
06073004501,0.0,0.0,22.29405999999998,27.240390000000012
06073003204,10.03584229390681,10.03584229390681,23.50340279569903,27.9770741935484
06073016609,0.0,0.0,22.417405752212478,22.605525486725732
06073020108,0.0,3.389830508474576,24.071600000000053,29.568459999999966
06073020109,0.4807692307692308,42.78846153846153,23.94626346153859,29.176867692307788
06073020202,0.0,13.492063492063492,24.07403047619054,29.56842238095235
06073020206,40.707964601769916,100.0,23.483294690265538,27.73040194690269
06073020207,45.23809523809524,91.66666666666666,23.41985,27.53217999999999
06073013504,0.0,0.0,23.219377395348868,29.401521953488352
06073013605,0.0,0.0,22.023748680659903,27.119186776611375
06073020015,1.4035087719298245,1.4035087719298245,28.12618810526312,30.744997298245536
06073009706,0.0,0.0,23.036632404371648,27.08847045537331
06073015406,0.0,0.0,21.94310720879121,26.292171868131888
06073019702,0.0,0.0,23.98653816631106,26.181411513859032
06073019601,0.25125628140703515,1.7587939698492463,23.628864949748916,25.580403266331874
06073017047,0.0,0.0,24.61544299212592,25.966296062992022
06073009704,0.0,0.0,23.35093646525689,26.167230422960696
06073015501,1.8538713195201746,1.8538713195201746,20.677109291167294,24.893786510359888
06073019303,0.15174506828528073,0.15174506828528073,26.77357025796636,28.351413368740204
06073019208,1.9251336898395723,2.13903743315508,21.85063099465251,25.437866106951727
06073020807,3.474903474903475,5.096525096525097,22.846761196911235,27.813148563706605
06073003401,4.641350210970464,10.548523206751055,23.584698059071727,28.19679379746828
06073017033,0.0,0.0,29.15433264822142,30.871066956521716
06073020305,1.0610079575596816,5.570291777188329,26.395998010610178,29.056593660477674
06073020902,5.448717948717949,5.448717948717949,21.741331426281963,26.624309054487274
06073020710,0.37735849056603776,1.509433962264151,26.815641886792392,29.28974339622633
06073009502,0.6493506493506493,0.6493506493506493,26.03143,24.208059999999957
06073002601,0.0,0.0,24.14277343749998,27.938459583333312
06073002710,3.3333333333333335,8.88888888888889,23.210350000000016,28.07661999999999
06073002801,0.0,0.0,23.43669319148943,27.16831659574474
06085509600,0.0,100.0,23.883310000000023,25.70412
06085509700,0.8849557522123894,100.0,23.883310000000023,25.704119999999996
06085509802,0.0,100.0,23.82816433070867,25.67336740157483
06037143902,0.0,0.0,25.854290000000148,26.61942999999995
06037141700,0.0,0.0,26.103908738738802,26.26442459459465
06037311500,0.0,0.0,25.19981669902901,29.75966601941751
06037123420,0.0,0.0,23.325057804878035,25.376573170731707
06037134101,0.0,0.0,24.07219942446047,24.42654381294959
06073002905,0.0,0.0,23.250239999999966,27.87392
06073003201,0.0,0.0,23.452675159235735,28.528290891719763
06073003202,0.0,0.0,23.661575988024026,28.763337005988035
06065042622,0.0,6.597222222222222,21.92996333333336,25.889653333333452
06065042724,2.941176470588235,2.941176470588235,21.91533250000008,18.352105980392224
06065042728,0.4524886877828055,0.4524886877828055,24.463633303167523,20.59959918552036
06085509901,4.3478260869565215,100.0,23.587311739130424,25.687527826087003
06045010100,8.37696335078534,9.24956369982548,23.673178010471155,24.26038472949401
06073020019,0.0,0.0,24.464397855153184,26.272126518105924
06073010005,0.0,0.0,25.53838754966884,27.695414900662286
06073015602,2.5056947608200453,3.189066059225513,21.38944503416857,26.120397995444357
06073019103,2.935323383084577,2.935323383084577,22.06406663184059,25.534275825871468
06073013801,4.181184668989547,4.181184668989547,23.413573797909365,29.274713867595644
06073008346,0.0,0.0,28.058674999999955,32.51203397058813
06073020105,4.954954954954955,8.558558558558559,24.11589621621626,27.47282536036044
06073016807,1.7985611510791366,1.7985611510791366,22.03958841726619,24.480934280575664
06073018904,0.0,0.0,25.61468916398711,29.33636019292598
06073009400,0.0,0.0,27.334533333333386,29.758687407407496
06073008324,1.0050251256281406,2.0100502512562812,29.049361733668267,32.900520326633135
06073008312,1.971830985915493,1.971830985915493,27.325665042253398,30.577727887324087
06073017403,0.5181347150259068,0.7772020725388601,29.537294378238364,30.97461670984449
06073016616,0.45662100456621,17.80821917808219,23.285800547945172,25.530624109589155
06073008311,0.0,0.0,26.324199999999944,30.10189999999983
06073002002,0.0,0.0,23.482493714285763,27.20812228571432
06073002100,0.0,0.0,23.57973999999999,27.29264
06115040100,100.0,100.0,21.552023343848603,21.556426624605635
06115040800,23.793677204658902,27.953410981697168,21.595300715474185,22.61043915141415
06115040902,0.6276150627615062,0.6276150627615062,22.212032782426682,21.44927355648536
06115040901,18.79194630872483,21.668264621284756,22.249093854266523,22.646608552253312
06115040400,79.58333333333333,96.04166666666667,22.175069124999762,22.008492874999785
06065041804,4.067796610169491,14.237288135593221,24.807287559321974,29.070631999999996
06065041805,1.4492753623188406,25.120772946859905,24.374182077294723,29.125081352657038
06065041807,0.0,78.35820895522389,24.254210000000047,29.288160000000037
06065041808,0.84985835694051,15.29745042492918,24.419238895184147,29.56412827195464
06073002201,0.0,0.0,23.57974000000001,27.292639999999988
06073002202,0.0,0.0,23.579739999999997,27.292639999999977
06037301000,0.0,0.0,25.198206172248845,31.272113349282193
06073018511,3.286384976525822,5.164319248826291,26.595166948356834,28.297209718309798
06073018516,0.0,0.0,25.25974000000001,28.432099999999995
06073018903,0.0,0.0,25.640931679841994,29.35526081027658
06073018905,2.786377708978328,2.786377708978328,28.476908575851326,29.298256377708867
06073018906,1.4893617021276597,1.4893617021276597,28.83715906382997,29.496667999999897
06073019105,0.7821901323706378,0.7821901323706378,21.804013622141845,25.183179909747167
06073019301,0.0,0.0,27.119876376146774,29.35797126146792
06073019403,0.35335689045936397,3.8869257950530036,23.855867208480664,27.32686151943459
06073019902,2.3346303501945527,2.7237354085603114,23.718722529182944,26.405383112840457
06073019904,0.21739130434782608,0.21739130434782608,23.957441826086722,26.45784886956497
06073019905,4.329004329004329,6.493506493506493,24.011051212121156,26.514995930735967
06073020107,0.0,0.3703703703703704,23.83920370370381,29.383968444444633
06073020401,0.4016064257028112,0.4016064257028112,26.604249036144292,31.988643755020185
06073020404,0.0,0.0,24.898236328828737,30.544734099099163
06073020705,0.997506234413965,3.99002493765586,24.705687456359154,28.161641720698142
06073020805,9.177215189873419,12.5,21.977589905063237,26.808590284809984
06073020806,2.4822695035460995,4.25531914893617,22.35921274822674,27.919605443262434
06041129000,0.0,1.5625,25.390057343750016,24.10534171875002
06041132100,18.81533101045296,24.912891986062718,27.440198432055592,28.361703327525973
06041102100,1.4084507042253522,1.4084507042253522,27.395044929577406,26.357445070422585
06041106002,39.050131926121374,42.21635883905013,27.14550329815313,23.213163535620062
06071000821,0.0,0.0,21.050147538461573,24.007125307692306
06037620301,0.0,0.0,25.450505673758943,26.65305340425529
06037540502,0.0,90.2439024390244,23.195140000000023,24.844880000000046
06037242600,0.0,0.0,24.019284399999997,26.407564400000002
06073000100,0.0,0.0,26.2779593908629,29.20262852791884
06073016610,0.0,0.0,22.257340000000077,22.492040000000053
06073016613,0.0,0.0,23.496252888888865,24.3857222222222
06073016614,6.145251396648044,12.849162011173185,22.355174525139734,22.780159608938618
06073016615,0.9090909090909091,0.9090909090909091,22.71622054545454,23.843428818181852
06073017020,0.2472187886279357,0.2472187886279357,26.634798603214055,30.992915784919884
06085508602,3.225806451612903,100.0,22.546543032258075,26.32417967741931
06073003107,0.0,0.0,22.941969999999934,29.592679999999973
06073003108,0.0,0.0,22.941969999999984,29.59268000000008
06073017809,0.0,0.0,25.677042258064425,27.657210860215176
06073018612,5.394190871369295,14.937759336099585,27.406778257261475,29.734294647302782
06073019503,1.1976047904191618,2.9940119760479043,23.864160059880184,26.021432694610812
06073020208,24.719101123595504,100.0,23.419850000000004,27.53218
06073020209,19.26605504587156,100.0,23.419850000000046,27.53218000000003
06073020210,3.6764705882352944,5.147058823529411,23.419850000000082,27.532180000000054
06073020211,1.2269938650306749,65.03067484662577,23.89942883435593,28.998551472392677
06085509902,3.3457249070631967,100.0,23.609319293680443,25.551326022304913
06073017306,0.38910505836575876,0.38910505836575876,31.761645136186615,32.362746361867394
06073008350,3.1818181818181817,3.1818181818181817,27.934441181818208,30.428719954545482
06065044804,1.3245033112582782,3.3112582781456954,22.29159264900665,25.280884701986707
06073002803,0.0,0.0,23.41166000000008,27.146560000000047
06073002804,0.0,0.0,23.411660000000055,27.14656000000007
06073003001,4.090909090909091,5.454545454545454,23.417825500000003,30.661796272727358
06073003004,6.25,8.75,23.925890125000045,31.276345437500055
06073003101,0.6944444444444444,0.6944444444444444,23.50108,31.699160000000045
06037401201,0.0,0.0,24.178375826087,26.321722043478236
06037401202,0.0,26.200873362445414,23.766990349345047,25.979718209606908
06037401203,0.0,0.0,24.519309999999926,25.424649999999943
06037401311,0.0,23.163841807909606,23.828561581921072,25.654302796610136
06037401312,0.0,1.953125,23.41262261718756,26.032922773437445
06037403401,0.0,0.6779661016949152,20.950135152542465,24.854395322033906
06059021824,0.0,0.0,24.710382112676147,28.49540422535217
06059021829,0.0,0.0,24.30995394736846,28.290663070175395
06079011300,10.14799154334038,23.044397463002113,28.099531458773882,30.86520646934453
06079011400,0.0,0.0,28.91050999999999,32.66643
06073016617,0.0,2.0408163265306123,23.115455510204043,25.829339387755176
06073016804,1.0380622837370241,1.0380622837370241,23.085199446366715,27.22775418685119
06073016810,1.3100436681222707,1.3100436681222707,22.701635938864595,26.270155720523952
06073017006,7.121661721068249,7.121661721068249,26.70396999999986,32.06024000000006
06073020601,0.0,0.0,24.377840000000074,29.563720000000075
06073020602,0.0,0.0,24.41294307116112,29.470074606741637
06037408800,0.0,0.0,21.796039720279698,24.065162167832128
06073020707,0.0,0.0,24.400650139860208,29.519908461538535
06073008339,5.555555555555555,5.555555555555555,26.259980555555558,29.19224481481481
06073013412,4.326923076923077,4.807692307692308,23.73609088942302,27.798940408653777
06073020403,0.0,0.0,24.981409281045728,30.076379281045817
06073021304,1.2154696132596685,1.2154696132596685,21.08797614364641,24.752003624309467
06069000100,23.235294117647058,23.235294117647058,22.808752405881904,23.590588788235348
06069000200,5.7413249211356465,5.7413249211356465,24.621800006308945,25.87122938801285
06037433601,0.0,0.0,19.691460000000003,24.670090000000044
06065045000,2.867383512544803,3.584229390681003,21.46251767025085,25.970944050179096
06079011901,7.18954248366013,24.836601307189543,25.952442614379095,30.291286568627502
06019007500,0.11904761904761905,0.11904761904761905,19.913172285714218,22.839619238095384
06019008000,1.06951871657754,4.27807486631016,23.510532807486612,24.379636390374262
06073017009,2.7777777777777777,5.555555555555555,24.083844000000056,26.859175999999938
06073017014,0.0,0.0,27.200404314720725,32.9453921319796
06073017018,0.0,0.0,28.72875631067958,29.11985135922328
06073017021,1.575757575757576,1.6969696969696972,23.492509381817964,27.462548315151416
06069000400,0.0,0.796812749003984,21.891565378486078,23.938189840637513
06037401500,0.0,0.0,23.074881428571366,25.082752034631962
06037401601,0.0,0.0,23.134989928825497,25.867382989323797
06037401602,0.0,0.0,23.099769999999896,25.899519999999956
06075026201,0.0,0.0,25.07625,26.189959999999992
06075026202,0.0,0.0,25.07624999999999,26.189960000000006
06075012405,0.0,0.0,22.491043749999996,24.0771475
06075020101,0.0,0.0,22.344929999999987,24.10064
06075017603,0.0,0.0,22.344929999999987,24.10064
06075017803,0.0,0.0,22.34492999999999,24.10064
06075012503,0.0,0.0,24.68275,23.72476
06075017804,0.0,0.0,22.2851611111111,24.154112000000005
06037403402,0.0,0.0,20.89411000000006,24.551879999999986
06037403404,0.0,0.0,21.227563852140175,24.760009805447456
06037430102,0.0,0.0,24.889445454545445,27.43289803030301
06037434001,0.0,0.0,21.047540000000023,24.366550000000032
06037463200,0.0,0.0,23.311468315789444,28.44534410526313
06037463300,0.0,0.0,22.83954999999997,28.74519000000005
06037463400,0.0,0.0,22.83954999999996,28.74518999999989
06037463500,0.0,0.0,22.7001481617647,28.170472132353016
06037463700,0.0,0.0,24.758238888888823,28.87620098039223
06063000502,4.446381865736704,4.446381865736704,25.244945902353635,25.17095855274626
06063000501,5.128205128205128,5.128205128205128,22.96530804195794,22.416301794871874
06101050701,100.0,100.0,23.985563446088896,24.437590380549633
06079011800,5.555555555555555,11.30952380952381,26.766007281746216,30.728379841269824
06079012502,1.82648401826484,66.21004566210046,31.495500091323947,30.649298995433586
06101051000,100.0,100.0,22.071584887714653,22.39199258916772
06101051100,78.68504772004242,90.13785790031812,22.912758451749642,22.227554284199535
06101050601,100.0,100.0,22.944646890881607,21.605754095665244
06101050102,100.0,100.0,22.51147635922333,22.17889296116504
06101050900,83.25581395348837,90.46511627906978,23.28951679069775,23.482357116279076
06101050201,100.0,100.0,22.973459927007273,22.047951824817503
06101050603,100.0,100.0,23.087527592592537,21.27835152777788
06101050800,8.647798742138365,12.421383647798741,23.82668531446538,24.226644779874114
06073017031,0.0,0.0,27.48788480916023,33.18761572519079
06073017034,0.0,0.0,27.679027393364837,29.487127867298543
06073017035,0.0,0.0,28.179930983606493,30.22059418032783
06073017036,0.0,0.0,28.757359145299105,29.498706923076888
06073017037,0.3558718861209964,0.3558718861209964,28.775931814946688,29.427662170818458
06071001702,0.5633802816901409,9.014084507042254,25.64438890140858,24.239960816901416
06037277100,0.0,0.0,25.01721179856111,26.195750719424435
06037277200,0.0,0.0,25.27829999999997,26.19474000000001
06071003000,0.0,0.0,24.80471969072161,28.225691237113377
06037401901,0.0,0.0,20.339370000000006,22.098380000000013
06037401902,0.0,0.0,20.880127272727265,23.865405909090853
06071004604,0.0,0.0,24.331959696969758,27.78956159090919
06071010804,1.6666666666666667,2.3333333333333335,24.95988383333333,30.32062000000003
06071012001,0.0,11.547911547911548,18.417407149877217,23.238448353808348
06071010417,28.32579185520362,28.32579185520362,28.165929665158288,29.674153963801466
06037430302,0.0,0.0,24.71106811320766,28.508936075471883
06101050202,100.0,100.0,22.05173000000005,22.309200000000054
06101050301,100.0,100.0,22.535518076923008,22.10168346153844
06037430400,0.0,0.0,24.294635130434845,29.224447768116065
06101050302,100.0,100.0,22.309723217391234,22.059881347826007
06101050501,100.0,100.0,23.288269236842165,21.95326599999999
06073017039,1.3157894736842104,1.3157894736842104,27.783793421052625,29.48437967105258
06073017040,0.0,0.0,23.981168378378417,26.5285595270269
06099002504,0.0,0.0,20.982131822916706,21.693984947916643
06099002503,0.0,0.0,21.57963999999995,22.860209999999924
06099002006,0.0,0.0,19.031210000000062,19.79064999999995
06099002005,0.0,0.0,19.016245142857183,19.862924428571386
06099003805,0.0,0.0,21.20331169999997,21.672252799999974
06099004000,13.793103448275861,36.07918263090677,20.194418971902902,22.468926155811065
06037400206,0.0,0.0,23.025118927789887,24.795511794310794
06113010102,37.0,52.0,22.318891400000012,24.250393299999995
06113011102,0.0,0.0,24.22107999999993,26.11756999999992
06113010501,6.491228070175438,6.491228070175438,25.347226263157978,25.325737298245777
06113010505,29.243937232524964,31.098430813124107,25.121037460770253,25.773342496433525
06113011500,14.403973509933774,15.64569536423841,25.37280676324509,23.782532822847656
06073017043,0.0,0.0,27.901450000000075,28.576369999999972
06025011202,0.0,0.0,29.45757000000001,26.31991999999994
06037291110,0.0,0.0,22.418329999999983,27.891000000000034
06037291130,0.0,0.0,23.918312695652208,27.86491121739135
06037291210,0.0,0.0,24.196660000000037,27.860070000000054
06037291220,0.0,6.25,24.333650000000013,27.462842749999993
06037291300,0.0,0.0,24.979460000000014,25.59020000000006
06019005406,0.0,15.948275862068966,22.00305715517233,20.976391293103468
06019005407,0.0,100.0,22.17815321839072,22.38146781609198
06019005605,0.0,100.0,22.214510000000015,22.69645999999995
06037402101,0.0,0.0,20.362459999999988,21.803339999999967
06019005606,0.0,12.734082397003746,22.44108445692872,22.798658801498185
06019005701,0.0,3.322259136212625,22.93567823920265,23.341344186046587
06019005702,0.0,8.737864077669903,22.918740000000057,24.037489999999906
06019005703,0.0,14.332247557003258,22.972082671009865,24.1294814006515
06037403407,0.0,0.0,22.308866068111552,26.27957907120744
06101050503,100.0,100.0,22.65981351401875,22.307050317756925
06101050504,100.0,100.0,22.363996631579187,22.343514962406037
06101050604,100.0,100.0,23.239215000000073,21.490377868852455
06025010500,0.3448275862068966,0.3448275862068966,21.896789999999854,21.996269999999917
06025010700,0.0,0.0,21.05456718749996,22.05685718750003
06025011400,0.0,0.0,27.818429999999974,24.926699999999986
06073017501,1.8867924528301887,1.8867924528301887,27.821109999999944,30.715119999999924
06073017502,0.0,0.0,28.430695393258343,30.014531235954976
06073017603,0.0,0.0,27.99487947368415,30.31966175438588
06073017701,3.9215686274509802,3.9215686274509802,28.52859999999988,29.105040000000134
06073017702,2.8368794326241136,2.8368794326241136,27.921463191489316,30.48673985815596
06071001803,0.0,34.81481481481482,25.548885259259315,25.66500088888887
06037293302,0.0,0.0,27.156849999999967,24.724549999999947
06037293304,0.0,0.0,27.156850000000027,24.72454999999997
06037294110,0.0,0.0,27.47170999999995,26.11317000000005
06037294120,0.0,0.0,28.31186999999998,27.14356272727274
06037294200,0.0,0.0,27.471709999999934,26.113170000000054
06037294410,0.0,0.0,27.156850000000016,24.72454999999996
06037293301,0.0,0.0,26.566846039603963,24.604755940594004
06019005509,0.0,63.25757575757576,22.118088106060473,22.039281742424333
06019005508,0.0,7.28476821192053,22.05339999999985,21.59839000000009
06019005704,3.501945525291829,14.396887159533073,23.033195992217916,23.625302023346396
06019005801,0.398406374501992,0.398406374501992,23.44451254980076,24.483073386454205
06019005802,1.2755102040816326,1.2755102040816326,23.140040000000177,24.419130000000173
06047000202,8.089887640449438,13.48314606741573,23.6102513483146,22.87182847191025
06047000201,1.3959390862944163,1.3959390862944163,24.556307715735862,23.862696180203073
06047000401,36.61670235546038,50.74946466809421,23.161037451819993,23.200201734475364
06019006700,0.7594936708860759,9.873417721518987,23.492058101265943,22.68240126582294
06043000102,2.206405693950178,2.206405693950178,23.904003772241875,24.81014953736638
06043000101,2.311352821210061,2.311352821210061,25.602938864717895,26.139511481985092
06043000301,1.912313432835821,1.912313432835821,24.175602523321,26.064723936567418
06043000302,3.3802816901408446,3.3802816901408446,24.534417577464886,26.153262852112558
06071001703,1.5706806282722512,1.5706806282722512,23.598444816754025,22.466096963350786
06037402102,0.0,0.0,20.439616807511726,21.816540000000014
06037402301,0.0,0.0,21.184180000000076,21.943920000000062
06073017808,0.0,0.0,27.121995074626927,27.938341663113178
06073017811,0.0,0.0,27.22864173913039,27.82646127329205
06037294620,0.0,0.0,28.32499749999997,27.159662613636375
06037294510,0.0,0.0,27.471710000000023,26.113170000000032
06037294820,0.0,0.0,29.18702666666665,29.09574500000001
06037294900,0.0,0.0,29.50815095238093,29.4434123809524
06037296210,0.0,0.0,28.659468260869577,29.311667173913055
06037296300,0.0,0.0,29.299730000000054,27.079360000000044
06037294610,0.0,0.0,27.471709999999984,26.113170000000043
06037460200,0.0,0.0,26.634179999999898,32.09300000000013
06037460301,0.0,1.7301038062283738,27.413774429065782,31.92309726643602
06037460302,0.0,0.0,27.83265704918032,31.831807103825092
06033000501,16.867469879518072,32.53012048192771,25.81336411359712,24.540307796901995
06037400602,0.0,0.0,25.22062785276076,28.023348343558258
06037275311,3.75,3.75,23.424719999999983,24.951559999999976
06037275400,0.0,0.0,22.719446464646452,24.35190585858585
06071001400,0.0,0.0,25.0530397938145,23.653051958762894
06073018000,3.125,3.125,26.357122031249943,28.233911562499966
06037296500,0.0,0.0,28.720401881188085,28.804508811881163
06037297120,0.0,0.0,28.559070000000016,29.284930000000017
06037297300,0.0,0.0,28.559070000000016,29.284930000000017
06037297400,0.0,0.0,29.977478607595064,28.792512362869186
06073008365,0.0,0.0,28.415671455696174,31.47051443037965
06073014805,0.0,0.0,23.136954329268242,28.017329146341453
06037407001,0.0,0.0,22.315112558139575,24.619343953488407
06037407002,0.0,0.0,22.748480000000008,24.842770000000026
06037407102,0.0,0.0,22.748480000000036,24.84277000000005
06037407301,0.0,0.0,22.104749999999978,24.213900000000056
06059075504,0.0,82.0,22.67322050000006,29.968269100000015
06037430701,0.0,0.0,24.004509729729705,28.548208648648714
06085508403,0.0,100.0,23.38686999999994,26.272810000000028
06073010011,0.0,0.0,26.504680000000004,29.141990000000046
06073018400,0.9174311926605505,1.834862385321101,22.77602944954125,25.836621559633006
06073018509,0.0,0.0,24.37824,27.09067000000001
06113011400,39.63868225292242,39.63868225292242,25.156421785334494,24.186729734325294
06073018512,0.966183574879227,0.966183574879227,27.687794782608705,28.60841231884062
06073018515,0.0,0.8797653958944283,26.885779589442947,28.891272346041003
06037403408,0.0,0.0,21.25414059740278,26.018323896103826
06037407400,0.0,100.0,22.10474999999998,24.213899999999978
06037407701,0.0,0.0,22.492979999999992,27.244839999999964
06037407702,0.0,0.0,22.672616363636372,26.25195349282299
06037430721,0.0,0.0,24.29824999999996,28.655810000000084
06037430803,0.0,0.0,23.498510000000106,27.16611000000007
06037431002,0.0,0.0,25.167249999999974,27.585129999999957
06037460502,0.0,0.0,27.215655794701977,31.281826258278183
06075017602,0.0,0.0,22.833884285714284,24.03083642857143
06075061503,0.0,0.0,22.17683,24.25103000000001
06075060703,8.823529411764707,8.823529411764707,22.17683,24.25103000000001
06075061402,0.0,0.0,22.17683,24.25103000000001
06075061502,0.0,0.0,22.17683,24.25103000000001
06075017903,21.53846153846154,52.307692307692314,24.085184461538432,23.85025515384616
06075045201,0.0,0.0,24.147496382978716,24.61381063829787
06075035102,0.0,0.0,24.208072307692333,24.565653589743626
06029003305,4.627249357326478,11.053984575835475,28.499564164524358,29.484920976863933
06029005203,25.53542009884679,28.747940691927514,23.909784093904484,24.723137504118743
06029005508,4.287515762925599,33.29129886506936,22.74360006305156,25.83675794451437
06029006006,4.696132596685083,4.696132596685083,24.67101545119694,25.02095785451186
06029006303,100.0,100.0,23.038790000000038,25.849870000000006
06029006500,18.333333333333332,18.88888888888889,20.26232484444451,22.64279127777762
06071000103,0.0,0.0,22.283796930693082,25.51342267326735
06071000105,1.5544041450777202,1.5544041450777202,21.846659274611433,25.16730702072552
06025012400,32.20338983050847,32.20338983050847,18.89879701694916,19.59166664406782
06025010200,0.0,0.0,18.76020745318349,18.299025468164793
06025010300,1.3888888888888888,1.3888888888888888,24.669551493055543,19.797452916666675
06025011100,0.1976284584980237,0.1976284584980237,21.279417094861614,19.808336561264795
06025010800,2.1604938271604937,2.1604938271604937,17.77235422839511,18.98846780864195
06025012301,9.336099585062241,12.240663900414937,19.803025643153592,17.62712236514525
06025010900,0.22471910112359553,0.22471910112359553,16.522059707865246,18.29350267415717
06025940000,0.0,98.21958456973294,20.32435135014847,22.041676632047512
06037408133,0.0,37.68115942028986,22.241169999999986,27.004355072463714
06025011802,0.0,0.0,27.517138378378338,24.934307729729614
06037400304,0.0,0.0,23.978393026706375,24.89875189910983
06075980600,9.375,21.875,23.17362687499997,25.04688218749995
06071000107,3.870967741935484,9.032258064516128,22.08368935483864,24.523165483870972
06071000108,0.0,0.0,22.263046200873223,24.87999048034927
06037276000,0.0,0.0,24.903772418772526,24.983467653429532
06037276400,0.0,0.0,23.527296071428538,25.047229345238012
06037276500,0.0,0.0,23.31136516129036,24.91672258064517
06037402501,0.0,0.0,22.28814999999998,24.804749999999927
06037402702,0.0,0.0,20.669610230769234,22.2666106153846
06081606800,0.0,0.0,23.617731106719358,23.891009841897215
06037277400,,,,
06037240020,0.0,0.0,23.898589999999963,29.33215999999996
06037533103,0.0,0.0,21.707880000000017,24.422800000000027
06037402703,0.0,0.0,20.931038260869542,22.254483478260845
06037403702,0.0,0.0,22.315286323529534,24.926621078431392
06037403703,0.0,0.0,22.87765542307698,25.25964119230764
06037403721,0.0,0.0,23.33968445026175,25.35310890052348
06037403722,0.0,0.0,21.823089948186556,25.128057150259053
06073004300,0.0,0.0,23.237770000000033,26.92432999999996
06073004400,0.0,0.0,23.237770000000047,26.924329999999944
06073004600,0.0,0.0,22.29405999999998,27.240390000000012
06073004700,0.0,0.0,22.29405999999998,27.240390000000012
06073004800,0.0,0.0,22.294059999999963,27.240389999999977
06073004900,0.0,0.0,22.294059999999963,27.24038999999997
06073009102,0.0,0.0,26.664060000000017,26.825920000000007
06073009104,3.2432432432432434,8.64864864864865,27.105863297297308,28.366083729729752
06073009107,0.0,7.216494845360824,26.907291855670127,29.202211752577377
06081606000,25.454545454545453,31.818181818181817,23.89345999999995,24.08680999999996
06081609100,18.88888888888889,37.77777777777778,24.42215933333332,21.95523066666662
06081610304,12.562814070351758,12.562814070351758,24.42660768844228,22.592147236180878
06081606100,95.77464788732394,100.0,24.01562042253517,23.700208028168944
06081606300,0.0,13.402061855670103,23.96850927835049,23.76920463917525
06081606400,1.6666666666666667,10.0,23.78442049999997,23.682700999999984
06081603900,0.0,0.0,24.758729120879188,25.77180230769235
06081613200,2.1653543307086616,2.3622047244094486,24.368801817585304,25.90163171259808
06095253203,0.0,34.78260869565217,29.197673864734277,27.651528647342936
06095253402,6.138107416879795,7.161125319693094,26.972574194373415,26.591127212276167
06095252903,6.261510128913445,6.445672191528545,29.85899697974254,28.45829944290984
06089012400,2.478314745972739,2.478314745972739,26.012981022304718,25.187195086741184
06081610202,38.2716049382716,76.5432098765432,23.289130000000053,23.559500000000025
06081603400,0.0,1.718213058419244,27.108914364261093,28.38512474226805
06081611800,25.757575757575758,50.0,23.03045000000005,23.781199999999938
06081608100,12.0,12.0,25.11857999999996,23.27061999999994
06081613300,0.0,0.0,23.478903157894447,23.360168754813955
06081607300,0.0,3.910614525139665,24.641690670391107,23.87737709497212
06081613600,3.0,4.6,28.38347148000004,31.4865078799997
06081600100,0.4464285714285714,0.4464285714285714,24.750004598214257,26.197533080357143
06081603100,2.7777777777777777,4.62962962962963,29.249824629629554,29.529608425925975
06081605600,0.0,0.0,23.850497767944685,24.839904267453182
06081604600,0.0,0.0,24.749980559006246,25.77237590062111
06073005500,0.0,0.0,23.23777000000001,26.924330000000012
06073005700,0.0,0.0,23.977719999999987,28.90616
06073009201,0.0,0.0,25.277030000000025,26.36607999999995
06073009301,0.0,0.0,25.277030000000067,26.366079999999908
06073009506,0.0,0.0,24.984897954545442,23.66031329545452
06073009602,0.0,1.9704433497536946,23.674227733990165,25.17528551724144
06081606500,0.0,0.0,23.731920000000073,23.48813000000004
06081606600,0.0,2.3255813953488373,23.950279069767465,23.587673565891503
06081606700,0.0,0.0,23.73192000000005,23.48813000000006
06081606900,0.0,0.0,24.3321425842697,24.97384910112366
06081600600,0.0,0.0,25.22110555555557,26.36763222222221
06081601100,0.0,0.0,26.123314130434753,27.243746086956588
06081601200,0.0,0.0,25.965287614213274,27.187445939086235
06081613502,3.0660377358490565,4.245283018867925,27.60158509433952,30.227541981131928
06053011303,9.546925566343042,22.97734627831715,26.616294029126117,26.091824660194142
06053011802,1.5228426395939088,2.5380710659898478,23.58626999999989,25.69887000000008
06053014800,10.537190082644628,10.537190082644628,22.13654167355382,20.965987768594974
06081612900,0.0,0.0,24.344525526315703,23.98060947368426
06081605700,0.7633587786259541,0.7633587786259541,23.370541450381463,24.15731837513632
06053014700,2.8828828828828827,3.3333333333333335,24.69220893693672,26.46647293693709
06055201402,4.312938816449348,4.413239719157472,23.915335747241766,22.868052296890806
06055201403,6.223175965665236,6.223175965665236,26.820798047210356,25.429349849785485
06055201101,4.901960784313726,4.901960784313726,25.19931705882359,23.78616426470586
06055201005,2.3529411764705883,3.5294117647058822,25.052434352941134,22.85811223529418
06055201401,8.465116279069768,9.767441860465116,25.76520409302334,24.31156355348836
06079010016,2.219979818365288,2.219979818365288,23.5597795307771,26.820524369323575
06019001407,0.0,100.0,23.1717,23.984469999999998
06019003104,0.0,4.990019960079841,23.8470423552893,24.42696876247491
06019005805,0.0,21.908127208480565,24.070080865724556,24.720921872791408
06097151800,5.555555555555555,8.333333333333332,24.84136135802461,23.79375358024698
06075015701,0.0,0.0,23.95276254901959,24.73711176470587
06075015402,0.0,0.0,24.510800000000014,24.67192
06075015702,0.0,0.0,23.945638666666646,24.73794399999999
06075016602,0.0,0.0,23.905269999999987,24.74266
06075016601,0.0,0.0,23.905269999999984,24.74266
06075012504,0.0,0.0,22.34493,24.10064
06075020102,0.0,0.0,22.34492999999999,24.10064
06073006000,5.511811023622047,5.511811023622047,23.97771999999998,28.90616
06073006100,2.4390243902439024,2.4390243902439024,23.977720000000033,28.90616
06073006300,0.0,0.0,24.776134055944006,29.17601440559435
06073009603,8.333333333333332,46.875,24.55699468749999,24.294910416666692
06073009604,2.366863905325444,2.366863905325444,23.89867568047337,24.924803136094727
06073009705,3.389830508474576,4.661016949152542,23.577640805084727,25.458663728813654
06073009801,0.0,0.0,23.794405545851575,27.68266078602613
06073011802,3.968253968253968,6.349206349206349,22.98096952380954,30.141846746031703
06081607100,0.0,0.0,24.656946249999923,22.490024204545556
06081607200,0.0,11.650485436893204,25.120746796116457,23.489618058252432
06053010306,5.594405594405594,14.335664335664337,24.525723146853114,27.009028496503564
06053010804,5.164319248826291,74.17840375586854,23.560407323943686,22.647176995305163
06053000701,0.0,100.0,22.635991363636336,24.274662272727266
06053014601,8.360128617363344,10.77170418006431,26.81366569131848,27.15369721864937
06053011101,11.02661596958175,11.02661596958175,27.948416539923873,27.180358517110253
06053011502,1.5053763440860215,1.5053763440860215,27.251884967741915,28.87451638709678
06053011604,16.843971631205672,17.907801418439718,27.199937322695117,28.1722851773052
06081607400,0.0,0.0,24.73966593103448,23.94753213793105
06081607500,4.081632653061225,4.761904761904762,25.49243999999999,24.29070000000001
06013304002,18.05157593123209,57.02005730659025,22.025279455587444,22.41278392550157
06071009119,10.009017132551849,10.009017132551849,26.00372996393124,23.469355401262252
06071000118,0.0,0.0,22.741403421052702,26.91128526315808
06071009109,7.585278276481149,18.58168761220826,27.725085978456452,25.596705641831555
06075020802,0.0,0.0,22.34492999999999,24.10064
06075020801,0.0,0.0,22.344929999999987,24.10064
06075061401,0.0,0.0,22.17683000000002,24.251029999999982
06075020702,0.0,0.0,22.34492999999999,24.10064
06075060702,0.0,0.0,22.17683,24.25103000000001
06073006600,0.0,0.0,24.799110000000013,29.183779999999985
06073006900,0.0,0.0,24.317181147541042,28.5114449180329
06073007002,0.0,0.0,24.12359000000007,28.31386000000012
06073009804,0.0,0.0,24.303823916666676,27.726898333333256
06073009805,0.0,0.0,23.733221258992927,26.60264341726611
06073010001,0.0,0.0,26.061651249999993,28.844193958333385
06073010003,0.0,0.0,26.50468,29.141990000000057
06073010004,0.0,0.0,26.27874772413793,28.99012234482764
06073012002,13.043478260869565,40.57971014492754,23.854129999999994,29.004320000000003
06073012003,1.4814814814814816,2.2222222222222223,23.830593333333386,29.183976000000005
06073012101,0.0,0.0,23.854129999999987,29.00432
06081607701,4.411764705882353,5.88235294117647,24.415254852941192,22.4354820588235
06081607702,0.0,0.0,24.54886197802199,22.648985714285747
06081607800,2.3622047244094486,2.3622047244094486,25.137483779527557,23.673118110236235
06081607900,17.142857142857142,17.142857142857142,24.95376990476191,23.346437523809524
06081608002,19.565217391304348,19.565217391304348,25.118579999999948,23.270619999999926
06091010000,17.24429416737109,17.24429416737109,24.137357523246035,23.233249619611083
06037402904,0.9345794392523363,0.9345794392523363,21.37716439252332,25.16896308411218
06075012001,0.0,0.0,24.68275,23.72476
06075010101,0.0,0.0,24.682749999999984,23.72475999999999
06075010102,0.0,0.0,24.68275,23.72476
06075060701,4.878048780487805,75.60975609756098,22.17683,24.25103000000001
06075033001,0.0,0.0,23.69743999999997,24.231770000000044
06075033002,0.0,0.0,23.69743999999996,24.23177000000001
06075031401,0.0,0.0,25.076249999999995,26.189960000000003
06075025501,0.0,0.0,24.214223934426247,24.48214819672134
06075010202,0.0,0.0,24.68274999999998,23.724759999999986
06075061504,0.0,0.0,22.17683,24.25103
06075061507,0.0,43.75,22.17683,24.251030000000007
06075025502,0.0,0.0,22.721013750000036,23.918580000000027
06075016101,0.0,0.0,22.34492999999999,24.10064
06075016102,0.0,0.0,22.564100624999988,24.06540125
06075012801,0.0,0.0,24.510800000000014,24.67192
06075010402,0.0,0.0,24.68274999999998,23.724759999999986
06075061101,0.0,0.0,24.682749999999995,23.72476
06075047904,0.0,0.0,24.221509999999988,24.57443999999999
06075061102,0.0,0.0,24.68275,23.72476
06075061501,0.0,0.0,23.3638447368421,24.001744210526322
06075012403,0.0,0.0,24.68275,23.72476
06075047903,0.0,0.0,24.22151000000002,24.574440000000024
06075035101,0.0,0.0,24.221510000000006,24.574440000000006
06075061506,0.0,0.0,22.17683,24.251030000000007
06075061505,0.0,0.0,22.17683,24.25103
06075045202,0.0,0.0,23.905269999999984,24.74266
06075012406,0.0,0.0,24.68275,23.72476
06075012404,0.0,0.0,24.68275,23.72476
06075017604,0.0,0.0,22.34493,24.10064
06075015401,0.0,0.0,24.510800000000014,24.67192
06075010901,0.0,0.0,24.68275,23.72476
06075012204,0.0,0.0,24.68275,23.72476
06075015202,0.0,0.0,24.682749999999984,23.72475999999999
06075010902,0.0,0.0,24.68275,23.72476
06075015201,0.0,0.0,24.68275,23.72476
06075020701,0.0,0.0,22.344929999999987,24.10064
06075011001,0.0,0.0,24.68275,23.72476
06075011102,0.0,0.0,24.68275,23.72476
06075012002,0.0,0.0,24.68275,23.72476
06075010401,0.0,0.0,24.682749999999995,23.72476
06075010701,0.0,0.0,24.68275,23.72476
06075010702,0.0,0.0,24.68275,23.72476
06075011002,0.0,0.0,24.68275,23.72476
06075012203,0.0,0.0,24.68275,23.72476
06075031402,0.0,0.0,25.07625000000001,26.18995999999999
06075013401,0.0,0.0,24.578084782608695,24.301292173913044
06075013402,0.0,0.0,24.51080000000001,24.67192
06075012802,0.0,0.0,24.558234482758625,24.410634482758617
06075013002,0.0,0.0,24.682749999999984,23.72475999999999
06075020202,0.0,0.0,22.34492999999999,24.10064
06075020601,0.0,0.0,22.344929999999987,24.10064
06075020201,0.0,0.0,22.34492999999999,24.10064
06075061508,0.0,0.0,22.17683,24.251030000000007
06075013001,0.0,0.0,24.682749999999984,23.72475999999999
06075010201,0.0,0.0,24.68274999999998,23.724759999999986
06075011101,0.0,0.0,24.68275,23.72476
06073007200,0.7633587786259541,0.7633587786259541,25.601248244274814,28.77374717557249
06073007302,0.0,0.0,24.176557079646035,28.32513964601776
06073007501,16.304347826086957,16.304347826086957,25.890104782608674,28.386618478260843
06073007502,2.631578947368421,2.631578947368421,25.174093684210533,28.471188947368425
06073010009,0.8849557522123894,100.0,23.332720000000013,24.393450000000026
06073010010,0.0,0.0,25.543855114503803,28.496140610687064
06073010013,0.0,15.841584158415841,23.33272000000003,24.393450000000026
06073010106,10.655737704918032,13.114754098360656,24.78045999999996,27.983000000000047
06073010107,2.4752475247524752,3.4653465346534658,24.78045999999996,27.983000000000096
06073012102,0.0,0.0,23.85413000000003,29.004320000000003
06073012302,0.0,0.0,24.436460000000007,29.029769999999996
06073012304,1.8072289156626504,3.614457831325301,24.421210361445713,28.990250000000067
06037275200,0.0,0.0,23.424719999999986,24.95155999999998
06037702801,0.0,0.0,23.43150316176465,25.525160147058784
06037226420,0.0,1.6666666666666667,20.51378,23.703899999999983
06073012402,0.0,0.0,24.436459999999936,29.029770000000063
06081608023,11.206896551724139,11.206896551724139,25.118579999999966,23.270619999999955
06081608200,5.970149253731343,5.970149253731343,25.11857999999995,23.27061999999993
06081608300,8.695652173913043,8.695652173913043,24.94043391304344,23.14235043478256
06081608400,14.450867052023122,14.450867052023122,25.408159421965305,24.060739768786103
06081608501,11.042944785276074,11.042944785276074,25.477927484662565,24.254162699386512
06081608502,0.0,0.0,25.04194631578943,23.219041052631564
06037219010,0.0,24.615384615384617,23.463299999999965,25.129950000000004
06037530006,0.0,0.0,22.82081999999998,25.554740000000024
06037209520,0.0,0.0,24.30479000000001,26.31151
06037208720,0.0,0.0,23.324619090909096,27.71674272727273
06037208710,0.0,0.0,22.114194545454556,27.337903181818184
06037181300,0.0,0.0,25.394843701657496,31.140040386740242
06037300901,0.0,0.0,25.11471092421448,30.16401072088709
06073008002,0.0,0.0,28.402191621621686,29.57689513513513
06073010110,4.285714285714286,10.952380952380953,24.730631999999947,27.851406333333415
06073010111,0.0,0.0,24.44072363636364,27.085770454545443
06073010112,6.382978723404255,50.0,24.780459999999962,27.98300000000001
06073010300,0.0,0.0,24.368660000000062,27.409219999999994
06073010401,0.0,0.0,24.368660000000013,27.40922
06073012600,2.18978102189781,78.1021897810219,24.816572116788336,27.710765620437922
06073012700,0.0,0.0,24.43645999999994,29.02977000000006
06073012800,0.0,0.0,24.43645999999993,29.02977000000007
06073012900,1.1494252873563218,4.597701149425287,24.52555942528733,28.465043333333334
06073013000,0.0,2.1505376344086025,24.795580430107513,28.090153602150465
06081608600,5.442176870748299,29.25170068027211,24.566182789115672,22.029759591836658
06081608700,0.0,0.9584664536741214,24.608243354632528,22.347492396166125
06081609000,4.938271604938271,6.172839506172839,24.560506666666637,22.117395555555596
06081609300,5.263157894736842,7.518796992481203,24.174543533834594,22.869513834586435
06073008101,2.027027027027027,2.027027027027027,26.324200000000015,30.101900000000054
06073008102,3.125,3.125,26.426358437500014,30.133241406249976
06073008301,0.0,0.0,27.892612823529507,29.888979764705873
06073008306,0.0,0.0,27.484442916666822,30.43003770833325
06073010402,0.0,0.0,24.36866000000004,27.40922
06073010501,1.8181818181818181,1.8181818181818181,24.7246621818182,27.790086181818168
06073010502,3.3333333333333335,3.3333333333333335,24.36866000000005,27.40922
06073010601,25.97402597402597,25.97402597402597,24.939073441558342,27.45952603896106
06073013205,9.523809523809524,19.047619047619047,25.08257682539683,27.31595714285715
06073013102,0.0,1.7543859649122806,24.594358947368452,27.111801754385894
06073013103,0.0,35.064935064935064,25.139580000000016,27.190100000000022
06073013104,0.0,35.65891472868217,25.13958000000002,27.190099999999934
06073013203,0.0,0.0,24.531540000000035,27.10278043478256
06073013204,0.0,0.0,24.49213000000003,27.097120833333324
06081609900,0.546448087431694,0.546448087431694,23.652845846994587,23.27606306010924
06081610000,0.0,1.6853932584269662,23.289130000000082,23.559499999999947
06081610100,24.65753424657534,36.986301369863014,23.289130000000046,23.559500000000018
06081610201,15.730337078651685,29.213483146067414,22.09502000000004,22.24408651685396
06073010109,15.068493150684931,91.78082191780823,23.61325616438363,24.900463424657563
06073008307,0.0,0.0,26.631415944700517,29.532614423963253
06073008327,0.0,0.0,29.953718823529545,33.545768566176406
06073008330,0.0,0.0,29.750773495145737,33.14949786407762
06073010900,0.0,0.0,23.83143999999997,28.837539999999994
06073011000,1.1627906976744187,1.1627906976744187,23.831439999999972,28.837539999999994
06073011100,3.076923076923077,3.076923076923077,23.831439999999958,28.837539999999994
06073013306,1.89873417721519,1.89873417721519,23.58570000000006,26.966950000000004
06073013206,0.0,0.0,25.137263096774213,27.195215483870882
06073013301,0.4524886877828055,0.904977375565611,23.66556380090493,27.121890904977366
06073013302,0.0,0.0,23.58570000000003,26.96695
06073013303,0.0,0.0,23.585700000000063,26.96695
06081610203,4.0,50.0,23.23969940000001,23.50504799999999
06081610303,12.333333333333334,12.333333333333334,24.059614433333422,22.627458366666712
06081610400,22.06896551724138,35.172413793103445,21.084162620689618,21.01169758620683
06081610500,0.0,0.0,20.81759999999999,20.83689999999996
06081610601,0.0,0.0,21.03184081818185,21.01168327272726
06081610602,0.0,0.0,20.840870066225136,20.852159271523114
06095250400,0.0,0.0,25.510334187500078,24.42009137500004
06095250501,0.0,0.0,24.710501666666715,24.64565933333341
06095250502,0.5263157894736842,0.5263157894736842,24.834470789473738,25.05078421052641
06095250601,1.4388489208633095,1.4388489208633095,25.365296690647504,24.78956712230213
06037430200,0.0,0.0,25.645377682926988,28.288468871951327
06065042516,1.7857142857142856,6.25,21.245679999999997,23.685989999999958
06065042716,7.8085642317380355,7.8085642317380355,22.961592745592004,21.004621183879042
06065042717,0.0,0.0,23.601689574468157,22.112650765957447
06065042902,2.964254577157803,2.964254577157803,25.072177654751577,24.47303137750667
06065042903,5.955678670360111,5.955678670360111,25.12411049168978,24.75196961218884
06065043006,1.8421052631578945,5.7894736842105265,27.32533199999992,26.32231521052647
06065043206,0.8571428571428572,0.8571428571428572,23.08160182857151,25.74412934285713
06065043216,0.0,0.0,24.58629000000013,27.265209999999794
06065043217,0.0,0.0,25.08836662835259,27.911457586206723
06065042300,1.3675213675213675,1.3675213675213675,20.42231811965821,23.058917521367487
06065042511,0.0,0.0,21.2227051968504,24.208111889763746
06001401700,0.0,29.268292682926827,25.414818048780496,24.348353414634143
06089010200,12.080536912751679,62.41610738255034,24.527386644295284,25.024573422818868
06073014602,0.0,0.0,22.365953819444474,29.315077256944384
06073011300,1.932367149758454,1.932367149758454,23.195259782608737,28.92643055555566
06073008511,0.0,0.0,25.47571880434783,27.8839460869565
06073013601,0.0,0.0,23.35360768691605,29.37678231308427
06073017048,11.403508771929824,35.96491228070175,24.557605657894744,26.536858859649012
06073009507,0.0,0.0,23.87032436464086,23.357350331491723
06073007800,2.0,17.333333333333336,28.344819333333394,29.408540266666673
06073008503,0.0,0.0,27.166924999999885,28.761461017964088
06073009902,86.66666666666667,86.66666666666667,23.607617999999995,29.278664000000006
06073020304,1.8320610687022902,2.900763358778626,24.068341343511324,26.68200143511454
06073015502,5.030674846625767,5.030674846625767,19.787273521472194,24.783968257668477
06073021202,2.5579536370903275,3.117505995203837,21.510252270184,25.95698905675453
06073016201,0.0,0.0,23.309431157024697,26.470185950413462
06037980008,0.0,0.0,23.137416190476184,26.555805714285718
06037278102,3.571428571428571,17.857142857142858,22.98889035714285,24.62723357142857
06037294301,0.0,0.0,27.439767681159445,25.972295507246393
06037294302,0.0,5.0,27.979394200000044,26.929555500000006
06037294421,0.0,0.0,27.156850000000016,24.724549999999983
06037294701,0.0,0.0,28.843410253164564,28.359526582278463
06037296401,0.0,0.0,29.60922600000004,28.92035569230767
06037101400,0.0,0.0,26.361519837662357,30.08415948051957
06073018510,38.59649122807017,42.10526315789473,26.23458637426903,28.072373918128612
06073019803,0.0,0.0,25.21839681159421,28.436893140096664
06073015302,0.0,0.0,22.597296338028244,28.30703417840365
06073010104,1.4388489208633095,1.4388489208633095,24.43125553956839,27.44865093525181
06073017601,0.4056795131845842,0.4056795131845842,28.459369411764534,29.62930588235312
06073016606,10.404624277456648,20.809248554913296,23.382478439306375,25.338317456647477
06073019002,6.552706552706552,6.552706552706552,26.46901024216523,27.21968890313387
06073008501,0.38910505836575876,0.7782101167315175,27.599871634241314,29.713750739299627
06073003601,20.51282051282051,20.51282051282051,22.439348076923043,29.61769961538458
06073013411,1.1131725417439702,1.2987012987012987,21.996312003710518,28.951865621521165
06037573601,0.0,0.0,25.925984394463722,25.536797716263006
06073002703,0.4608294930875576,0.4608294930875576,23.009177327188922,28.442300967741904
06037900103,2.0408163265306123,2.0408163265306123,21.41578708616777,23.383550124716617
06037900104,2.2753128555176336,2.2753128555176336,22.511632411831663,25.620775824801004
06037900505,0.0,0.0,25.165730110497282,24.45077972375699
06073002602,0.0,0.0,24.216635999999976,27.92751511111109
06073002702,0.0,0.0,23.394328675496737,27.2266313907285
06069000300,0.0,0.0,21.04154195121954,24.18405204878047
06037430101,0.0,0.0,25.24398199999997,27.68848999999997
06037430600,0.0,0.0,24.582902239999882,29.033122640000133
06047002401,82.57918552036199,96.38009049773756,20.589878099547374,22.60477212669679
06047002100,6.95322376738306,11.504424778761061,23.013533337547436,24.72906911504423
06025011600,0.0,0.0,28.447742678571405,25.46159696428568
06025011700,0.0,0.0,24.31640165898616,21.159564285714264
06025011801,0.0,0.0,27.93168885714269,25.29187464285705
06085506804,0.45871559633027525,62.84403669724771,25.037261009174344,28.214660366972566
06073009703,0.0,0.0,23.599510000000006,25.258670000000087
06037404902,0.0,0.0,21.19558000000002,24.042159999999978
06037481401,0.0,0.0,24.091690000000078,27.326880000000035
06037190901,0.0,0.0,24.111120227272725,28.999535681818188
06037189702,0.0,0.0,24.78240265625,29.017318593749934
06037143700,0.0,0.0,25.773091148459404,30.020241764705734
06037900506,0.0,0.0,25.215900943396225,24.407675283018946
06037900608,0.0,0.0,23.281269999999957,26.069820000000067
06061021045,0.0,0.0,20.445209999999967,22.422709999999945
06073003109,1.5037593984962405,1.5037593984962405,24.200102105263213,31.003421578947346
06073003111,1.875,1.875,23.50108,31.699160000000052
06073003112,0.0,0.0,23.939682105263216,31.262618245614117
06073003113,0.5128205128205128,0.5128205128205128,23.75749353846156,31.443950974359012
06061022400,0.35714285714285715,0.35714285714285715,20.51457000000003,22.16934000000009
06061023900,4.639175257731959,4.639175257731959,22.63176999999997,22.730090000000015
06061023200,4.513888888888888,11.458333333333332,21.73542520833324,21.928522430555564
06037183402,0.0,0.0,25.684638656716416,29.22130746268661
06037183701,0.0,0.0,22.854288333333344,26.72041111111114
06037183702,0.0,0.0,22.10701852272729,25.88014954545455
06037186201,0.0,0.0,24.372246571428576,29.239194571428612
06037186203,0.0,0.0,23.90428179487182,28.270953675213683
06037186302,0.0,0.0,24.857589999999952,30.24585000000003
06037296402,0.0,0.0,28.62291999999993,29.094794655172347
06037296902,0.0,0.0,28.559070000000016,29.284930000000013
06037297202,0.0,0.0,28.55907000000001,29.284930000000006
06037297601,1.6666666666666667,1.6666666666666667,28.559070000000016,29.284930000000017
06037297602,0.0,0.0,28.559070000000013,29.284930000000013
06037104204,0.0,0.0,24.41650379310346,24.37287367816092
06037106645,0.0,0.0,28.301616805111795,26.27081980830666
06037121102,0.5434782608695652,0.5434782608695652,22.575722336956574,26.54550222826079
06037124104,0.0,0.0,26.691569999999984,27.014069999999975
06073007701,2.631578947368421,2.631578947368421,28.345022631578924,29.49357157894736
06073007907,0.0,0.0,28.43950999999998,29.55403999999999
06073021600,7.228915662650602,7.228915662650602,23.865733975903606,29.058462891566293
06037406702,0.0,100.0,22.006167589285784,23.652752857142765
06037302505,0.0,0.0,26.702777291666674,31.801089583333376
06037302506,0.0,0.0,25.751290357142867,31.31425500000001
06037400403,0.3401360544217687,9.523809523809524,24.893500374149816,25.92676275510209
06037576001,0.0,0.0,30.473169999999985,32.89662999999997
06089010703,0.4291845493562232,0.4291845493562232,23.919221373390613,23.662359570815468
06079010204,3.532608695652174,78.80434782608695,26.10669706521733,30.19084538043468
06079011002,5.529953917050691,19.81566820276498,29.47903718894005,32.7137094470047
06037186403,0.0,0.0,24.857590000000016,30.245850000000015
06073022000,3.260869565217391,16.304347826086957,23.854129999999994,29.004320000000003
06073008003,0.0,0.0,29.046250291262137,30.797568252427176
06073008006,4.511278195488721,4.511278195488721,29.04198751879699,30.935695864661646
06073008361,0.0,0.0,27.38958000000002,30.758049999999994
06073008362,0.0,0.0,27.389580000000016,30.758049999999958
06037186404,0.0,0.0,24.85759,30.245850000000015
06037187101,6.0606060606060606,6.0606060606060606,25.52646000000003,31.822099999999978
06037188201,0.0,0.0,25.46363052631582,31.67364168421051
06037189101,0.0,0.0,24.53166000000002,29.471510000000023
06037189102,2.2222222222222223,2.2222222222222223,24.531660000000052,29.471509999999995
06037189202,0.0,0.6451612903225806,24.531660000000073,29.471509999999984
06037190802,0.0,8.0,25.14455120000002,29.847547599999988
06037191301,5.714285714285714,8.571428571428571,22.028429999999993,27.304290000000016
06037191302,0.0,0.0,23.953991538461523,28.971382307692313
06037191901,0.0,0.0,25.13246000000001,29.589799999999993
06037124902,0.0,0.0,26.69156999999998,27.014069999999972
06037481605,0.0,0.0,22.72128250000002,24.740213499999996
06037481606,0.0,0.0,22.798852735849067,24.886628584905655
06037533703,0.0,0.0,21.072469999999992,23.684050000000003
06019003302,4.712041884816754,34.031413612565444,23.222270000000105,24.562780000000103
06019004901,1.82648401826484,96.80365296803653,23.392283196346973,22.57967712328778
06019001303,0.0,42.10526315789473,22.81232,23.86165000000004
06073009305,0.0,0.0,25.188719879518146,26.069758554216786
06037500404,0.0,0.0,21.943600000000032,27.29388000000006
06037501001,0.0,0.0,20.328109999999974,25.023279999999936
06037300301,0.0,0.0,27.423461538461666,29.992660147929012
06037301205,0.0,0.0,24.76741999999999,29.142739999999932
06037134905,0.0,0.0,27.176394761904795,28.68426761904759
06073009306,0.0,0.0,24.77174848341241,24.67062597156392
06073018613,40.44117647058824,100.0,25.46671000000004,26.70515999999998
06073009510,0.0,0.0,25.825796578947365,24.19679078947366
06073012501,0.0,5.263157894736842,24.436459999999975,29.02977000000003
06007002900,2.2004889975550124,2.2004889975550124,23.56819613691949,23.073219119804282
06037543306,4.18848167539267,4.18848167539267,25.991653246073334,24.447042303664922
06037576301,0.0,0.0,30.090318793103435,32.16495499999997
06037576903,0.0,0.0,26.24156705882351,26.24874705882354
06037577504,78.0,78.0,24.465449999999997,26.712369999999982
06037900609,0.0,26.605504587155966,23.281270000000045,26.06981999999997
06007000103,0.0,96.71641791044776,24.101938746268647,25.030833313432762
06007000104,0.34602076124567477,91.6955017301038,23.939309999999956,25.146789999999847
06007000401,0.7246376811594203,37.31884057971014,24.330016739130496,24.367434891304338
06019000902,0.0,21.875,22.166685982142802,22.82602607142861
06019001408,4.918032786885246,100.0,23.171699999999998,23.984469999999995
06019001304,0.0,100.0,23.074277710843347,23.951175421686703
06019000901,0.0,41.04477611940299,22.081890746268677,22.688708059701455
06001433600,47.61904761904761,54.4973544973545,23.272277671957653,25.2708625396826
06037901009,0.0,99.36102236421725,23.980198690095648,25.529209520766845
06037901010,0.0,13.592233009708737,26.681037443365504,25.068594045307524
06037901011,0.0,27.586206896551722,23.881929999999823,25.362540000000067
06037910504,0.0,27.325581395348834,26.507020000000008,25.294590000000003
06081613900,33.9622641509434,42.45283018867924,21.905701540880465,22.327551886792566
06019004215,0.0,0.0,21.722446097561026,20.691140878048834
06073012502,0.0,0.0,24.43645999999996,29.029770000000042
06073013420,0.0,0.0,23.84554383928574,28.532713749999942
06073019808,0.0,0.0,25.114858956834613,27.414051834532366
06073014901,0.0,0.0,22.011650000000003,29.441859999999924
06037192002,0.0,0.0,26.041850000000036,27.34546
06037194401,0.0,0.0,26.041850000000007,27.34546
06037194402,0.0,0.0,25.62757082191783,27.26745410958904
06037195201,0.0,0.0,25.153410000000026,30.940628750000023
06037195202,0.0,0.0,25.258296521739165,31.188462695652138
06037195804,0.0,0.0,23.91525000000001,28.043779999999987
06037195901,0.0,0.0,22.395311666666657,27.44807972222224
06037195902,0.0,0.0,23.537886000000004,27.895881999999997
06037195903,0.0,0.0,22.280005999999997,27.402888666666676
06037201601,0.0,0.0,20.297479999999968,25.019990000000004
06037201602,0.0,0.0,20.297479999999968,25.019990000000004
06073016503,0.0,0.0,22.444559999999967,27.01325999999999
06007000904,7.2265625,19.921875,24.56631644531243,24.707410566406338
06007003001,0.43103448275862066,0.43103448275862066,22.351170000000064,21.249525862068904
06007003502,100.0,100.0,25.078058922345427,24.515905499207477
06007000901,23.099415204678362,23.099415204678362,24.690493070175368,25.49524134502917
06007000903,5.405405405405405,5.405405405405405,24.539241283783642,24.785031756756847
06089010704,1.6129032258064515,2.4193548387096775,25.304323897849493,25.146520618279517
06089010603,0.4807692307692308,0.4807692307692308,26.322875192307755,25.532732427884618
06089010807,1.25,1.25,23.921474902777902,23.712017222222194
06089011803,4.280510018214937,4.280510018214937,24.907583679417375,23.40685867941739
06037207103,0.0,0.0,22.161175263157894,26.17253473684211
06037211704,0.0,19.047619047619047,23.346340476190473,28.18866666666666
06037237102,0.0,1.9230769230769231,22.953369999999975,25.13070999999999
06037240401,0.0,0.0,23.229375714285737,28.984900259740314
06037262704,2.072538860103627,2.072538860103627,27.144719637305613,28.583567357513065
06037264102,0.0,0.0,25.626198909090903,25.58758945454543
06037620305,1.4084507042253522,1.4084507042253522,24.67419126760572,25.57544999999997
06089011402,0.0,0.0,22.683820000000136,23.415359999999968
06019004216,0.4807692307692308,0.4807692307692308,21.578119903846165,21.15605899038464
06019005804,0.0,0.0,23.625756666666582,24.536243052959545
06019001411,0.0,50.20746887966805,23.619672199170154,23.704173775933608
06019001412,0.0,17.419354838709676,23.210749580645295,23.344040032258125
06019002904,0.0,91.75824175824175,23.269481538461495,24.08359576923075
06019001409,0.0,28.428093645484946,23.710159999999878,23.777159999999885
06019002905,0.0,100.0,24.019139999999986,24.843559999999933
06037621104,3.937007874015748,3.937007874015748,25.74130999999992,26.791450000000058
06037621204,1.5384615384615385,1.5384615384615385,25.741309999999956,26.791449999999994
06037621324,5.128205128205128,5.128205128205128,25.81566384615381,26.82416730769229
06037621326,0.0,0.0,26.144493797468364,25.449378101265854
06037650004,0.0,3.1578947368421053,23.332544210526333,26.528478947368413
06037650401,0.0,0.0,26.338186871794843,26.27926779487189
06037650901,0.0,0.0,26.31516234693874,26.121178010204176
06037570402,0.0,0.0,26.120350000000002,26.531539999999964
06037570602,0.0,0.0,26.378940000000046,25.02138999999998
06037570603,0.0,0.0,26.37894000000004,25.02139000000004
06037570701,0.0,0.0,24.776280000000032,23.97312999999998
06073016504,13.768115942028986,26.811594202898554,22.492264347826026,27.08814260869557
06073014902,0.0,0.0,22.01164999999995,29.44185999999993
06073000201,0.0,0.0,26.425230000000003,29.47231999999999
06073002711,0.9708737864077669,0.9708737864077669,23.071494660194166,28.351031359223292
06037552302,0.0,0.0,22.934195050505018,23.887701818181817
06037553503,0.0,0.0,21.649983999999982,25.335849999999986
06037571704,0.0,0.0,26.25561246153847,25.741615384615393
06037573003,0.0,0.0,28.941139999999972,29.267229999999984
06037920044,3.8834951456310676,11.650485436893204,25.744459999999933,30.96273999999997
06037570800,0.0,0.0,24.776280000000035,23.973130000000015
06037570901,0.0,0.0,24.189070000000058,24.032599999999867
06037570902,0.0,0.0,24.189069999999937,24.0326
06037571000,0.0,0.0,25.03459971428572,25.074750571428677
06037571101,0.0,0.0,24.783159467455693,24.764840000000085
06037651302,0.0,0.0,27.110476442307725,25.790944615384667
06089012102,10.1010101010101,44.696969696969695,22.271979924242366,22.440474873737337
06089010803,5.851063829787234,13.297872340425531,23.681175186170286,23.628699228723356
06089011401,6.811989100817439,8.71934604904632,22.68327280653965,23.416345122615816
06089011801,4.041272570937231,6.276870163370593,23.685330180567735,23.277702562338746
06019003808,0.0,17.048346055979643,23.114155445292642,21.569314631043323
06037262706,0.0,0.0,26.843986061946964,27.7530840265487
06037980006,0.0,0.0,24.76419,27.0215
06037604002,0.0,0.0,23.373786279069783,27.64452220930235
06037701304,2.2388059701492535,2.2388059701492535,24.76045156716427,27.364876940298405
06037101122,2.422145328719723,2.422145328719723,25.829446989619335,28.984747785466976
06037104404,0.0,0.0,23.984470000000034,24.166559999999958
06037104703,0.0,0.0,22.708369999999988,25.710814444444424
06037104704,0.0,0.0,23.147378163265287,25.179554897959193
06037106405,0.0,0.0,28.478385099337697,28.13312271523185
06037106407,0.0,0.0,27.401168260869557,25.161094347826086
06037670413,0.0,0.0,26.91648999999986,26.554110000000033
06019004801,2.4539877300613497,36.19631901840491,22.77278134969327,22.13660932515345
06019004902,0.0,77.18120805369128,23.334855906040197,22.284527046979942
06019003301,5.421686746987952,41.566265060240966,23.22227000000009,24.56278000000009
06019002906,1.1363636363636365,86.36363636363636,24.01913999999998,24.843559999999933
06073003304,23.4375,31.25,23.255719062499995,31.219220312499957
06073007908,0.0,0.0,28.439509999999977,29.55403999999999
06073014806,6.756756756756757,6.756756756756757,23.03264986486487,28.149368918918906
06073008363,0.0,0.0,27.389580000000016,30.75805000000002
06037106648,0.0,0.0,28.466829999999966,27.09209000000006
06037109603,0.0,0.0,23.74200680851063,24.51969659574464
06037109604,0.0,0.0,23.741676231884057,24.522525797101412
06037111206,2.380952380952381,2.380952380952381,25.35947119047609,24.613058928571295
06037113101,0.37735849056603776,5.283018867924529,24.776072452830093,25.657698792452777
06037278001,0.0,0.0,24.77514406779658,25.868871355932157
06037104403,0.0,0.0,23.92827192307697,24.316379230769183
06037501803,0.0,4.0,20.75431586666666,24.469859866666674
06037501804,0.0,0.0,20.433299152542364,23.407149152542388
06073008364,0.0,0.0,27.38958000000002,30.758049999999944
06089011702,3.2352941176470593,5.88235294117647,25.892873529411812,24.75181941176475
06089012101,12.189054726368159,84.32835820895522,21.89435248756211,22.209861691542265
06089011209,3.485254691689008,4.557640750670242,23.48147705093817,23.985267882037494
06037502003,0.0,0.0,19.61754999999999,20.706650000000028
06037502004,0.0,1.6666666666666667,19.617549999999977,20.706650000000042
06037404201,0.0,0.0,23.922403473684206,26.48332326315783
06037404504,0.0,0.0,23.241469756097576,25.40085317073173
06037405301,0.0,88.88888888888889,21.689048000000035,23.24345400000001
06037405302,0.0,99.09909909909909,21.51073054054055,23.090048063062973
06019005204,0.0,88.8268156424581,23.54833000000004,23.69522999999993
06019004802,2.094240837696335,3.1413612565445024,22.28437015706813,21.4706183769634
06019003702,0.0,24.509803921568626,24.065320000000003,22.036700000000042
06019003807,0.0,8.020050125313283,23.38153992481198,22.011806165413706
06019003809,0.0,0.0,22.949144352331594,20.976187720207324
06019003810,0.0,0.0,22.450840000000127,21.035350000000086
06073008366,0.5847953216374269,0.5847953216374269,28.809034883040926,31.80365216374256
06073009511,0.0,0.0,24.61068999999998,24.13020000000003
06037117101,0.0,0.0,24.678349999999963,25.705200000000044
06037117201,0.0,0.0,23.754315714285713,26.569457142857132
06037117407,0.0,0.0,23.645228333333332,26.671487499999998
06037117408,0.0,0.0,23.62597761904763,26.689492857142845
06037119342,0.0,0.0,24.67835000000001,25.705199999999994
06037120103,0.0,0.0,24.678350000000005,25.705199999999994
06037700102,0.0,0.0,26.041850000000007,27.34546
06037920118,0.33222591362126247,0.33222591362126247,25.580266046511717,32.48839847176081
06037402406,0.0,0.0,21.46144634146341,22.555100894308943
06047000301,1.084010840108401,1.084010840108401,23.323087886178865,23.61522157181575
06077005129,0.0,100.0,22.436994964028756,22.41416669064746
06077005307,0.0,0.0,21.465102672413828,21.349984396551704
06077002201,1.8518518518518516,100.0,20.255403518518506,22.552843888888923
06077002202,1.9417475728155338,98.54368932038835,20.47434320388356,22.407733786407803
06077003410,0.0,100.0,21.845976598984866,22.39465421319798
06037408006,0.0,0.9615384615384616,21.49467596153843,26.055775961538476
06037430003,0.0,0.0,25.886286545454656,28.601692945454598
06037430301,0.0,0.4716981132075472,25.904715070754694,30.2953053773583
06047000505,0.0,0.0,23.774012196765334,25.039053463612014
06047000901,77.69058295964125,83.07174887892377,19.88551285874449,22.519174573990952
06047000503,4.882459312839059,4.882459312839059,23.853395443038128,25.09684126582279
06047000303,2.835538752362949,3.5916824196597354,24.381217164461255,24.37124998109638
06047001502,100.0,100.0,19.223524285714312,23.18994847619044
06077003407,0.0,89.36170212765957,21.77701446808509,22.356207127659616
06071000826,0.0,0.0,23.266214137931076,22.7643357471265
06071000824,0.0,0.0,22.42704152866242,25.952857070063683
06071000818,0.0,0.0,22.187333342696725,26.11428581460665
06071000904,0.0,1.6528925619834711,25.099830000000072,23.631670000000053
06071001104,0.0,24.154589371980677,22.738730000000025,21.832530000000013
06071000823,0.0,0.0,21.90549000000007,26.30408999999999
06037113102,0.5747126436781609,0.5747126436781609,24.97927528735625,25.510725862068842
06037115404,0.0,0.0,25.32054999999996,24.456769999999985
06037117202,0.0,0.0,23.60030999999994,26.71349999999994
06037119001,0.0,0.0,23.384889999999952,24.505760000000006
06037119202,0.0,0.0,23.787493680000004,24.962759039999966
06037121801,0.0,0.0,23.854100000000013,26.618570000000034
06037121802,0.0,0.0,23.460423636363647,26.5190752525253
06037123901,0.0,0.0,25.898040254237262,26.903464067796648
06037125402,0.0,0.0,26.075807349397554,28.900989397590358
06037480304,0.0,0.0,21.54787000000001,24.1401672413793
06037533002,0.0,0.0,21.707880000000014,24.422800000000024
06037536103,0.0,0.0,22.42655898305084,24.996097796610165
06037543322,0.0,0.0,24.708038571428467,24.51878142857145
06037543400,4.310344827586207,7.758620689655173,24.518450000000026,24.32940999999998
06037543501,0.0,0.0,25.86500036144578,24.53093421686753
06037543502,0.0,0.0,25.499243307086562,24.707204094488233
06071004507,3.418803418803419,91.45299145299145,24.957767094017193,27.522366068376176
06071004509,0.8130081300813009,31.70731707317073,24.92205894308954,27.544079430894424
06071000503,0.0,0.0,21.12636999999996,24.02617999999994
06071007110,1.282051282051282,64.1025641025641,19.378585833333265,21.4775091666667
06067007426,0.0,0.0,21.294914468085086,23.66359351063831
06037502801,0.0,0.0,22.11693608108111,23.621256621621576
06037503105,0.0,0.0,22.30619714285709,24.230717142857117
06037503106,0.0,0.0,22.65803999999996,24.84348
06037301801,0.0,0.0,26.88279030303029,31.110302424242434
06037301802,0.0,0.0,27.737939999999984,31.90570000000002
06037302004,0.0,0.0,25.319409999999987,31.185680000000026
06037302401,0.0,0.0,27.715825199999987,31.904863999999943
06037302503,0.0,0.0,25.634870434782595,31.279595652173942
06037302504,0.0,0.0,26.633828478260853,31.576995217391335
06037120104,0.0,0.0,24.67835000000001,25.705199999999994
06037120107,0.0,0.0,24.678350000000012,25.705199999999994
06037120108,0.0,0.0,24.67834999999999,25.705200000000023
06047002301,0.0,0.0,24.11489023210826,25.338780116054007
06047001901,60.76190476190476,69.9047619047619,21.083901123809447,22.38310428571428
06047001902,38.349514563106794,43.689320388349515,21.468733203883406,21.597107548543693
06047000601,0.0,0.0,24.15415190476183,25.231664761904586
06047001503,100.0,100.0,19.4337340540541,23.23773918918916
06067007430,0.0,0.0,21.833163230769305,23.081607692307767
06067007431,0.0,0.7042253521126761,21.447411408450698,22.63882718309853
06067007432,0.0,0.0,22.31591346153853,23.477396346153846
06033000300,16.321009918845807,16.952209197475206,26.1198886744816,24.407261568981017
06033000801,25.390625,30.078125,30.58423632812501,30.187494179687583
06115040301,87.89237668161435,95.51569506726457,21.304334798206284,22.16486860986541
06037121101,0.0,0.0,22.68296000000001,27.058510000000012
06037121221,0.0,0.0,23.006840000000008,26.40444000000002
06037121222,0.0,0.0,23.006840000000008,26.40443999999994
06037124103,0.0,0.0,24.563467499999994,26.71744499999998
06037124105,0.0,0.0,26.69156999999998,27.014069999999972
06037124203,0.0,0.0,25.99769181818181,28.351399090909084
06037124903,0.0,0.0,26.691569999999984,27.014069999999975
06037127604,0.0,0.0,22.84596000000001,26.49799000000001
06037127606,0.0,0.0,23.184131111111135,26.55019222222225
06037127712,0.0,0.0,23.070714054054093,26.029446756756784
06037131701,0.0,0.0,23.46203999999994,23.83112000000002
06037134521,0.0,0.0,22.994587894736856,24.552468421052627
06037135113,0.0,0.0,26.27961000000002,28.700740000000003
06037137103,0.0,0.0,26.27961000000003,28.70074
06037408136,0.0,99.23076923076923,21.053531999999972,25.41270046153849
06037571300,0.0,0.0,26.314761341991428,25.48045861471863
06037571400,0.0,0.0,27.461373533333408,26.06964840000005
06037571502,0.0,0.0,27.062332865853715,26.012896097561025
06037571600,0.0,0.0,26.37894,25.02139
06037571701,0.0,0.0,26.213397014925416,26.46775417910447
06037571800,0.0,0.0,26.633283058252495,26.261437766990273
06071001002,0.0,0.0,22.73873000000002,21.832530000000016
06071000208,0.0,0.0,22.88170949720667,23.055599776536333
06071000205,0.0,0.0,22.83210363636361,22.63126320855616
06071001001,0.0,0.0,22.738730000000025,21.832530000000034
06071000207,0.0,0.0,22.977919999999937,23.878600000000002
06071001504,15.873015873015872,89.68253968253968,23.941529761904768,23.7612721428572
06037408138,0.0,0.819672131147541,22.492979999999992,27.244839999999957
06037408139,0.0,2.0618556701030926,22.492979999999992,27.244839999999986
06037408724,0.0,0.0,21.61898000000002,25.346202857142895
06037980020,0.0,0.0,23.26906,27.264736666666664
06075020402,0.0,0.0,24.102518481012666,24.716859240506324
06037571900,0.0,0.0,27.843219254385883,26.445530350877245
06037572001,0.0,0.0,27.872529999999955,26.449990000000053
06037670001,0.0,0.0,27.259119915254185,26.107725847457605
06037670002,0.0,0.0,27.231963391304312,25.740440434782574
06037670003,0.0,0.0,27.283879999999964,26.44260000000003
06071006204,2.7027027027027026,83.78378378378379,23.381401261261267,27.188705225225224
06071006203,6.153846153846154,77.6923076923077,22.959326307692322,26.591216923076928
06071006601,0.4975124378109453,2.4875621890547266,21.924681940298566,24.1902647761194
06067008505,1.36986301369863,1.36986301369863,20.89901999999996,23.398450000000032
06067008507,3.5532994923857872,3.5532994923857872,20.3872416243654,23.320455025380756
06075980900,0.0,0.0,22.62862555555556,24.613181111111114
06013336202,0.0,0.0,24.27206999999999,25.566000000000013
06037542104,0.0,0.0,23.747618888888912,24.931567916666637
06037552301,0.0,0.0,21.54388650943391,21.782164622641492
06067008704,0.0,0.0,22.41148999999997,23.032799999999963
06067009010,0.0,0.0,21.175821747572805,22.44291252427187
06067009329,0.0,0.0,21.302471111111114,23.175965555555567
06067009331,0.0,0.0,21.57009920792085,22.2439774257426
06037573004,0.0,0.0,28.94113999999997,29.26722999999998
06037576904,0.0,6.666666666666667,26.298019999999987,26.307856666666638
06037208302,0.0,0.0,24.059524074074066,27.402198518518517
06037208401,0.0,0.0,23.98399235294119,27.738085294117646
06037208402,0.0,0.0,23.91525000000001,28.04377999999999
06037208502,0.0,0.0,23.91525000000001,28.043779999999995
06037208801,0.0,0.0,24.256097500000006,26.52804375
06037209103,0.0,0.0,24.304790000000008,26.31151
06037209104,0.0,0.0,24.30479,26.31151
06037310201,0.0,0.0,24.843403821656143,28.38423414012747
06037310202,0.0,0.0,26.13974859374996,29.981192812500055
06037310501,2.5,2.5,23.535826125000032,27.382456000000047
06037310601,4.040404040404041,4.040404040404041,23.737820606060616,27.48858888888894
06037533803,0.0,0.0,21.186325981308435,23.77110906542057
06037533804,0.0,0.0,21.072470000000003,23.684050000000013
06037533901,0.0,0.0,21.227657191011232,23.976409325842724
06115040302,88.9908256880734,93.57798165137615,21.589928715596308,22.0585783486238
06011000200,43.80165289256198,100.0,25.097023305784916,25.414607865013814
06011000500,13.973799126637553,100.0,25.040957074235862,25.398134323144024
06011000100,12.162162162162163,42.084942084942085,26.452036824324086,25.987527306949687
06011000400,20.51282051282051,33.97435897435898,26.5578167692309,25.69729251282053
06037310602,0.0,0.0,23.79608979381445,27.546966288659842
06037320201,0.0,0.0,27.880304750000022,26.354083125000034
06037320202,0.0,0.0,27.305918128342206,24.988499625668446
06037120105,0.0,0.0,24.67834999999999,25.705200000000023
06037139401,0.0,0.0,28.395240000000012,28.87892000000006
06037543905,0.0,0.0,27.199166315789494,25.79537763157898
06037544001,0.0,0.0,26.16321525773198,25.137045670103124
06037544002,0.0,0.0,26.020575000000026,24.712435000000024
06037550201,0.0,0.0,21.15781999999998,20.52332999999999
06037533902,0.0,0.0,21.99108987654322,24.4849448148148
06037534001,0.0,0.0,21.65351893617018,24.236945106383022
06067007106,100.0,100.0,22.060420638888804,23.719631361111073
06067008703,0.0,67.55952380952381,20.439861398809477,21.466406279761994
06067005509,45.45454545454545,100.0,21.691100000000002,22.42389000000002
06067008508,0.25380710659898476,0.25380710659898476,20.71365236040619,23.353766269035482
06067009328,1.9011406844106464,1.9011406844106464,22.42883817490495,22.624292433460052
06067003204,0.0,100.0,21.495359999999916,22.836100000000094
06067009332,3.389830508474576,4.600484261501211,21.492540242130893,22.528671719128354
06067009634,0.0,100.0,21.68765712328767,23.15607027397261
06101050702,98.39307787391843,98.51668726823239,23.093142163164398,23.56380728059324
06101050403,100.0,100.0,22.485704972677595,21.855818579234974
06037550202,0.0,0.0,21.384053291139196,21.42381917721519
06037550601,0.0,0.0,22.28373999999996,26.35082999999995
06037550602,0.0,0.0,22.23658902564096,25.804962615384657
06037550901,0.0,0.0,22.154636509433946,24.868113113207563
06037980024,0.0,0.0,26.52204838709677,28.433568064516127
06019000300,0.423728813559322,15.677966101694915,22.29597389830509,23.163626949152597
06071001312,2.097902097902098,100.0,23.53051999999993,23.80726000000003
06071002206,0.0,67.00507614213198,25.500119999999992,29.207470000000036
06071000604,0.0,3.088803088803089,22.5753738223939,22.748189382239346
06071000501,0.9463722397476341,2.8391167192429023,21.42200350157725,23.98450189274438
06071007306,1.1560693641618496,3.4682080924855487,19.824181213872844,21.28845115606942
06037980026,12.5,12.5,25.44842,28.639990000000004
06013355115,0.0,0.0,21.150468169642842,22.1847344642857
06013351103,2.631578947368421,2.631578947368421,24.798246210526322,25.50063378947363
06013351101,0.0,0.0,24.7683705076142,25.487425939086236
06073021800,2.272727272727273,2.272727272727273,23.165669545454517,28.73061954545456
06037141101,0.0,0.0,25.85429000000003,26.61943000000002
06037190202,0.0,0.0,25.159940000000002,30.17559000000002
06073007905,1.3333333333333335,1.3333333333333335,28.933969999999995,30.567447199999993
06073007910,5.88235294117647,5.88235294117647,28.811162941176455,30.31575129411764
06037274202,21.904761904761905,21.904761904761905,22.333749999999977,24.023970000000013
06067007427,0.0,0.0,21.297863745173764,23.59708972972979
06067007429,0.0,0.0,21.30069000000002,23.533359999999938
06067009201,8.333333333333332,16.435185185185187,21.493277650463202,23.076299016203784
06037211201,15.0,15.0,22.028430000000007,27.304289999999998
06037212502,0.0,0.0,22.949880000000004,27.63827
06037212702,2.5423728813559325,5.084745762711865,24.54165999999999,28.423969999999958
06037543503,0.0,0.0,25.667089999999945,24.422070000000048
06037543601,0.0,0.0,25.943731538461517,24.569855
06071007604,4.508196721311475,56.9672131147541,19.718100000000042,22.126379999999976
06071007410,0.0,0.0,22.53264584070803,24.275239469026566
06071007409,0.0,0.0,21.276926666666697,23.485255454545456
06037214501,0.0,20.0,26.041850000000007,27.34546
06037215101,0.0,0.0,26.041849999999993,27.34546
06037216401,0.0,41.509433962264154,23.400399999999994,26.841889999999985
06037216402,0.0,0.0,23.064621999999993,26.779906000000008
06037217001,0.0,0.0,23.400399999999994,26.841889999999964
06037218701,0.0,5.47945205479452,24.541660000000032,28.42397000000004
06037218702,0.0,1.9230769230769231,24.47944692307692,28.233930384615412
06037219902,0.0,37.5,24.008459545454535,24.938251363636393
06037221304,0.0,0.0,24.29294437499999,28.30120437500002
06037221401,0.0,0.0,23.810496842105252,27.667165087719315
06037122122,1.9230769230769231,1.9230769230769231,22.608926153846145,26.883068461538475
06037127805,0.0,0.0,23.67755000000005,24.764380000000024
06037183103,0.0,0.0,21.81796000000002,25.55511999999999
06037183104,0.0,0.0,22.24566322222225,25.991310333333328
06037543603,0.0,2.380952380952381,27.15684999999998,24.724549999999937
06037543703,0.0,0.0,27.47170999999997,26.113170000000046
06037543801,2.5974025974025974,2.5974025974025974,26.274151298701398,24.759900259740295
06065043262,0.0,0.0,25.380135026881554,28.212395833333197
06065040101,1.2084592145015105,1.2084592145015105,23.10897634441094,27.430698368580046
06037186301,0.0,0.0,24.864920476190488,30.260767936507953
06037531503,0.0,0.0,19.729566774193543,22.624588870967713
06037531504,0.0,0.0,19.765601999999983,22.99072928571425
06037550902,0.0,0.0,22.195665538461494,25.331190923076925
06037551101,0.0,0.0,22.067259999999994,25.281132
06037551102,1.2048192771084338,1.2048192771084338,22.259514337349394,25.14838638554218
06037551402,0.0,0.0,22.071095479452016,24.4566554794521
06037551501,0.0,0.0,21.71757256198346,25.01714553719007
06071000403,0.0,0.0,23.133822985074737,23.655370398009808
06071000815,0.0,0.0,24.558117821782158,26.83705287128701
06071000817,0.0,0.0,21.8773561077845,26.22853832335333
06037551502,0.0,0.0,21.638019538461496,25.290249999999975
06037552001,0.0,0.0,21.978266538461522,23.78899980769232
06037552002,0.0,0.0,21.157819999999976,20.52332999999999
06013365003,0.0,0.0,26.395160000000025,24.34875999999996
06013339001,1.7241379310344827,6.896551724137931,24.973165689655147,24.92376896551723
06013345111,0.9302325581395349,0.9302325581395349,21.756442139534997,23.293419023255705
06013345114,1.615798922800718,4.129263913824058,22.64543360861778,24.728555188509723
06013345116,0.0,0.0,23.163289999999968,24.609280000000037
06037572201,0.0,0.0,26.919321354166712,26.591445937500072
06037572202,0.0,0.0,28.854493382352885,29.166630220588186
06037572301,0.0,0.0,26.234271219512195,25.34856463414638
06037572600,0.0,0.0,28.884407638888824,28.95355624999995
06037572700,0.0,0.0,28.89959157024787,29.03750834710739
06037573201,0.0,0.0,27.60362821917809,27.714331643835575
06037573300,0.0,0.0,27.257720000000024,27.312719999999953
06037670202,0.0,0.0,27.763352591240945,26.388671751824965
06041120002,25.198938992042443,48.80636604774536,26.18829564986738,23.967730450928393
06041112204,100.0,100.0,26.274966249999988,23.649286500000024
06041104103,1.7985611510791366,2.158273381294964,27.704746366906672,25.711248705035928
06041108202,0.0,0.28328611898017,28.07111410764888,23.86066280453271
06041130204,10.377358490566039,12.264150943396226,25.180565377358533,23.635140283018853
06041130203,0.0,1.282051282051282,25.304011538461566,24.535198461538485
06041105001,4.0,4.0,27.295868399999968,24.007094900000013
06041105002,9.933774834437086,66.88741721854305,27.496226754966855,24.614166887417163
06041111002,3.286384976525822,26.76056338028169,28.444085821596317,25.103744647887392
06041108201,0.0,39.130434782608695,28.710075217391303,24.257255760869572
06041111001,40.74074074074074,77.77777777777779,27.665338518518517,24.502032962962968
06041112203,100.0,100.0,26.240290000000012,23.6198
06041120001,16.923076923076923,64.61538461538461,27.93917000000004,26.40463
06041104104,2.857142857142857,6.785714285714286,28.423358000000114,26.717451714285794
06071000606,0.0,9.774436090225564,23.32106000000007,22.09051
06071000813,0.0,0.0,25.718270000000015,27.233409999999903
06071000603,1.1695906432748537,12.280701754385964,22.76752561403514,22.902901228070153
06071007903,0.0,0.0,20.717285863874384,23.27458303664926
06071008710,4.0358744394618835,4.0358744394618835,24.938496367713054,26.691164618834065
06013359105,5.681818181818182,17.045454545454543,26.56700687499991,24.46867499999995
06037980010,0.0,0.0,22.572575714285723,26.696111428571434
06037980013,0.0,0.0,23.90690499999999,26.18822045454546
06037980014,0.0,0.0,27.458948571428575,26.17071571428571
06037222002,0.0,11.235955056179774,22.96670224719097,25.116318539325864
06037226001,0.0,7.547169811320755,20.245575471698114,23.232039622641505
06037226002,0.0,4.545454545454546,21.01638454545454,23.370764545454538
06037221402,1.6666666666666667,3.3333333333333335,23.427413999999985,27.873979999999992
06037400207,0.5141388174807198,0.7712082262210797,24.709154627249468,26.67494035989735
06037670406,0.0,0.0,26.91649000000004,26.55411000000003
06037670407,0.0,0.0,26.916490000000024,26.55411000000003
06071008709,13.353115727002967,14.836795252225517,25.135870000000057,27.018110000000075
06037402001,0.0,0.0,20.36245999999996,21.80333999999996
06037402002,0.0,0.0,22.827028076923042,23.758873461538464
06037402303,0.0,0.0,21.18418000000002,21.943920000000013
06037207101,0.0,0.0,21.571071250000006,25.033921250000017
06037207102,0.0,0.0,21.32457210526316,24.558297894736853
06037207502,0.0,0.0,23.402078571428582,25.711761428571428
06037211703,0.0,20.689655172413794,22.991749655172427,28.013586206896548
06037212701,33.84615384615385,64.61538461538461,24.541660000000025,28.423970000000036
06037533806,0.0,0.0,21.526479565217393,24.031204782608665
06037535002,0.0,0.0,21.957063157894744,24.807218947368458
06099002401,0.0,0.0,21.10235582417582,20.788490219780222
06099003804,0.0,0.0,21.986356332288203,22.192349059561266
06037651304,0.0,0.0,26.1800902762431,25.190736298342536
06037651402,0.0,0.0,27.58270739726028,26.408792511415587
06037670326,0.4282655246252677,0.8565310492505354,26.212433854389445,25.024868972162707
06037670416,0.0,0.0,26.9164899999998,26.55410999999994
06037534002,0.0,4.597701149425287,21.581520344827556,24.220313793103486
06037534101,0.0,0.0,21.14813826086955,23.74190913043476
06037534202,0.0,0.0,22.812840000000033,25.014809999999954
06071002014,3.4261241970021414,22.91220556745182,26.21877987152056,27.872558736616735
06071000819,0.0,5.9259259259259265,24.619625259259273,26.698567185185244
06071000820,0.0,0.0,25.15264418918936,27.599893783783877
06071000203,0.0,0.0,22.977919999999923,23.878600000000002
06069000602,0.0,0.0,22.93568710843369,24.35775855421682
06049000300,7.698476343223737,7.778668805132318,24.138037890938243,24.625878724939827
06049000200,6.652806652806653,7.380457380457381,23.501585665280587,25.085119209979187
06049000100,12.450331125827814,17.6158940397351,25.787557364238047,25.057333947019696
06049000400,2.0637898686679175,2.0637898686679175,21.79091270168851,23.87156230769233
06069000601,0.7874015748031495,0.7874015748031495,23.536276771653572,24.184974173228227
06071001707,0.0,54.26008968609865,25.320922376681718,24.20889165919283
06071001706,0.0,54.60526315789473,25.344591513157894,24.21229710526316
06071002011,7.8156312625250495,7.8156312625250495,27.360044268537287,28.63830388777542
06071000814,0.0,0.0,25.734021267605716,27.496891830985938
06071000816,0.0,0.0,24.841834267516013,27.106912611464875
06109985202,0.0,0.0,19.000279999999986,21.913869999999985
06071009906,0.0,0.0,22.09311136363639,22.633057954545496
06071009911,0.0,0.0,21.27016836095783,21.871576721915297
06071009910,0.0,0.0,20.066967649572746,20.8461483760685
06065040405,3.4358047016274864,3.4358047016274864,22.999649909584036,26.926272766726647
06065042012,1.384083044982699,1.384083044982699,19.955973702422106,21.79412605536331
06071004004,5.191256830601093,8.19672131147541,22.05671721311473,24.932361584699347
06071000901,0.0,0.0,23.058779999999935,25.527419999999957
06071002016,5.825242718446602,5.825242718446602,25.607519999999916,24.98333000000002
06071002027,0.40650406504065045,0.40650406504065045,25.294931707316945,24.958062682926826
06071002103,1.8181818181818181,13.636363636363635,25.60752000000002,24.98333000000002
06071009908,0.0,0.0,21.07610000000015,21.507200000000008
06071009912,3.1358885017421603,3.1358885017421603,20.2897913240419,23.649830452961638
06071001311,9.090909090909092,27.92207792207792,23.530519999999925,23.807260000000035
06071011204,1.5730337078651686,1.5730337078651686,22.129516808988775,25.630792584269482
06037573401,0.0,0.0,27.72980625000002,26.65026660714283
06037573402,0.0,0.0,27.25772000000001,27.312719999999928
06037573403,0.0,0.0,27.00736347826089,27.050581739130394
06037573700,0.0,0.0,25.118710000000014,25.1784200000001
06037621301,1.0101010101010102,1.5151515151515151,26.018597272727302,26.913462424242468
06037621400,0.0,1.1363636363636365,26.13060454545459,26.77459909090913
06037650001,0.0,0.0,23.034313243243343,26.627829549549514
06037650101,0.0,0.0,25.154726491228047,25.82574947368412
06037650102,0.0,7.317073170731707,25.211790000000022,25.90244000000002
06037650200,0.0,0.0,25.155690000000032,26.001166563876563
06071002109,0.0,81.30841121495327,24.125120000000006,25.09582
06071002028,0.0,0.0,24.539509999999904,24.89699999999995
06071001308,0.0,98.51851851851852,23.530519999999942,23.80726000000003
06071001309,6.2015503875969,92.24806201550388,24.260431627906975,23.725590232558183
06071008601,2.3622047244094486,61.15485564304461,21.66899910761165,21.658866955380635
06071007603,0.0,2.1164021164021163,20.80176613756621,23.51218518518524
06071002801,0.0,0.0,24.53412699421967,28.7322801156069
06071000903,0.0,0.6666666666666667,23.330919999999985,25.274653333333298
06071001901,7.317073170731707,7.317073170731707,23.291327804878158,22.277419512195127
06001438204,10.81081081081081,22.162162162162165,22.58088108108106,24.252161459459476
06001440336,0.7299270072992701,0.7299270072992701,21.642589999999956,22.990409999999997
06037534301,0.0,0.0,22.294029295774678,25.250261408450662
06037534302,0.0,0.0,22.812840000000023,25.014809999999986
06037534203,1.7241379310344827,1.7241379310344827,22.461550000000024,24.67862999999997
06037534404,0.0,0.0,21.50004226415096,25.610595849056573
06037534405,0.0,0.0,22.785983529411798,24.997839264705846
06001441926,0.0,0.0,23.289329999999996,23.12169999999999
06001442301,6.41025641025641,17.307692307692307,23.282250384615413,23.07504961538458
06001442601,3.0120481927710845,24.69879518072289,22.84437337349401,22.91666265060242
06071001305,2.2900763358778624,100.0,24.620651374045796,23.6852852671756
06071001310,0.0,23.26732673267327,25.09983000000009,23.63167000000005
06071001103,0.0,15.422885572139302,23.654977761194075,22.530703731343316
06071001307,0.0,100.0,23.8382278431372,23.772830588235333
06071001813,0.0,0.0,24.192100000000053,24.046479999999978
06001443104,0.43859649122807015,14.473684210526317,23.00763846491234,24.90588828947374
06001444601,1.9455252918287937,3.11284046692607,22.210422140077902,22.562191634241174
06037541605,0.0,100.0,23.758610000000004,24.92455000000001
06037541801,0.0,44.79166666666667,23.206878958333345,24.846539791666718
06071000605,0.0,0.0,22.04974567073173,23.211782256097532
06071001704,0.0,42.23300970873786,25.278552961165133,24.241015582524273
06071001810,0.0,0.0,24.51035417322836,24.367342047244076
06071002013,0.0,0.0,25.82283999999988,26.869749999999893
06071002101,6.521739130434782,50.72463768115942,24.45555434782606,25.003782681159404
06071001101,0.0,49.557522123893804,22.73873000000002,21.832529999999988
06071001804,0.0,0.0,26.437560000000037,26.31034
06001450746,1.948051948051948,1.948051948051948,19.9711521428571,23.134352857142794
06001451505,0.0,6.030150753768844,20.86818371859293,22.204004522613058
06001983200,0.0,0.0,22.641799999999993,22.953120000000006
06001451506,0.8695652173913043,2.608695652173913,20.853854956521715,21.426052000000023
06001451704,0.0,0.0,20.2574443065694,21.681602262773655
06071001809,0.0,100.0,27.46115000000006,28.668459999999957
06071002023,4.3478260869565215,4.3478260869565215,25.5135598136646,26.44811801242235
06071002018,0.9375,0.9375,25.47076000000011,26.8363499999998
06071001806,0.0,0.0,26.501534375000016,26.4577225
06001405902,0.0,0.0,22.999759999999988,24.92746000000004
06001410500,0.0,3.3333333333333335,24.233498333333326,23.701081666666656
06001425104,0.0,2.73972602739726,25.549096712328744,24.29766493150686
06001433104,0.0,0.0,24.0285005050505,26.156834747474743
06071001808,0.0,27.32919254658385,27.46115000000006,28.668459999999946
06071001812,0.0,0.0,24.19210000000001,24.046479999999978
06071002015,0.4329004329004329,0.4329004329004329,25.76598060606043,26.371604458874412
06071002029,2.2304832713754648,2.2304832713754648,25.636484126394105,27.226788141263864
06071002025,0.0,0.0,25.292787777777765,26.46571866666662
06067009408,6.111111111111111,7.222222222222221,22.8484868888889,21.68854041666673
06001440333,0.0,0.0,21.60194000000001,23.08183000000002
06037573800,0.0,0.0,25.08572603448283,25.244353793103524
06037573902,0.0,0.0,24.577712195121943,26.64721414634148
06037574000,0.0,0.0,25.177883347826068,25.390538739130545
06037574100,0.0,0.0,25.660720081632675,25.397753673469488
06067009632,0.0,6.95364238410596,21.428359735099313,22.112950066225135
06067009633,2.8846153846153846,100.0,21.89200644230768,23.875040576923084
06067009635,12.5,100.0,21.43321730468742,23.323316953125047
06071002019,4.2105263157894735,4.2105263157894735,25.670371000000035,27.30662399999998
06001441524,1.5384615384615385,10.76923076923077,22.422045384615387,22.803436153846132
06001442602,0.0,0.0,21.764059569892517,22.41885080645152
06001443322,0.0,0.0,21.31404000000006,24.675600000000024
06037574201,3.614457831325301,3.614457831325301,24.378619999999962,24.29813000000004
06037574202,0.0,0.0,24.37861999999997,24.298129999999972
06037574300,1.079136690647482,1.079136690647482,25.734099999999884,25.69109000000006
06037650300,0.0,0.0,24.39613298507462,27.24663343283582
06037650501,0.0,0.0,24.462689999999952,27.22073
06037650502,0.0,0.0,24.666106818181763,27.152435454545458
06037650603,0.0,0.0,25.49377579710148,27.041913840579767
06037650701,0.0,0.0,26.12795000000004,26.96158000000002
06071002107,1.2738853503184715,1.2738853503184715,24.48408203821661,24.92359375796175
06071002038,0.0,93.98148148148148,22.671603333333298,27.581231111111045
06071002035,2.7149321266968327,2.7149321266968327,24.435391040723964,26.144258687782767
06071002604,0.0,0.0,23.069385960264917,26.631656357615917
06071002705,0.0,0.0,24.16261000000011,26.124609999999894
06071003509,0.0,0.0,24.310164852070972,26.605398284023703
06071003404,0.0,0.0,24.983859999999943,27.159953999999985
06067009639,5.405405405405405,6.756756756756757,21.446606081081047,22.348387635135154
06067004501,0.0,100.0,22.58344357723572,22.629931138211372
06067004502,0.0,100.0,22.267641666666684,22.60046301282046
06067004701,14.782608695652174,100.0,22.009984782608676,22.49994278260869
06067004702,2.7472527472527473,100.0,22.370293186813118,22.380038351648327
06067005204,0.0,100.0,20.782071178707298,21.417834980988594
06067005510,23.157894736842106,100.0,21.746955578947382,21.948993789473686
06067005904,3.6011080332409975,7.479224376731302,21.29555315789463,21.231563157894918
06029004702,52.55474452554745,100.0,23.151940145985357,24.7681345255475
06029004603,17.56756756756757,17.56756756756757,21.41327999999999,23.315209999999986
06071004101,1.1904761904761905,35.11904761904761,24.464944196428384,26.324304999999942
06071004104,0.0,23.86634844868735,23.766409928400876,26.32949739856789
06001450745,7.083333333333333,7.083333333333333,20.07685220833327,22.73219849999996
06001981900,0.0,12.903225806451612,23.899469999999987,23.518059999999995
06071002207,0.0,0.0,22.793185000000012,26.987100447761172
06071003605,0.0,0.0,22.571300000000036,25.071269999999984
06071003609,0.0,0.0,22.45162916666671,25.094177500000004
06071003611,0.0,0.0,22.179650000000024,25.146240000000024
06071004301,0.0,0.0,23.671606011560748,26.27616450867058
06071004505,0.9259259259259258,64.81481481481481,24.944010185185228,27.77931083333339
06001428700,27.065527065527068,42.73504273504273,23.759728888889008,23.455288888889033
06001403701,0.0,8.695652173913043,22.870546086956516,23.048419130434787
06001404102,0.0,0.0,25.25695612903225,24.614081935483885
06071007305,3.1055900621118013,3.1055900621118013,20.51489695652177,21.996946086956576
06029006304,100.0,100.0,23.038790000000038,25.849870000000003
06029006404,33.793103448275865,100.0,23.44336786206896,28.517754965517227
06029006403,100.0,100.0,21.196559999999973,26.092209999999913
06029005003,0.0,0.0,20.523909999999947,22.424770000000038
06037542401,0.0,96.0,23.781092133333296,24.9527857333334
06037542402,0.0,67.70833333333334,23.807812916666688,24.95802895833333
06037542502,0.0,59.34065934065934,24.601689999999973,25.98339000000002
06071002606,0.0,0.0,22.596339951923035,26.151232692307694
06071002307,0.0,0.0,25.6535670454546,27.768334363636384
06071002306,0.0,0.0,23.98285125874122,26.854288531468494
06071003503,0.0,0.0,24.397993376068335,26.537485555555552
06071005701,0.0,0.0,23.04946069306933,25.629646039603948
06097150203,4.040404040404041,10.85858585858586,25.21806398989899,24.934051010101076
06097150204,3.4161490683229814,33.54037267080746,25.09106090062112,24.63860677018623
06097150306,0.2801120448179272,0.2801120448179272,26.379639635854335,26.504289579831877
06001425102,0.0,0.0,25.92995818181818,24.869152727272716
06001425103,0.0,0.0,25.94672035714285,25.030265892857123
06001435103,7.705192629815745,7.705192629815745,23.786403953098816,26.646943299832504
06001437702,0.0,44.89795918367347,22.701540000000012,24.35708999999998
06097152906,1.5023474178403755,1.8779342723004695,26.464677220657457,26.575484319248787
06097153806,6.451612903225806,6.451612903225806,27.08584000000002,26.307530000000032
06071003507,0.0,0.0,24.504719999999928,26.724690000000006
06071003510,0.0,0.0,24.504719999999942,26.724690000000006
06071003603,0.0,0.0,22.57130000000004,25.071269999999974
06071003405,0.0,0.0,24.733976090225518,27.18231511278192
06001440334,0.0,0.0,21.59252951048948,22.908035454545495
06001441523,0.0,0.0,21.721288360655752,22.666930327868833
06037574400,2.166064981949458,2.166064981949458,25.716592599277863,25.715104620938682
06037574500,4.451038575667656,4.451038575667656,25.517760089020623,25.88971026706239
06037574602,3.076923076923077,3.076923076923077,24.46544999999998,26.71236999999998
06037574800,0.0,0.0,24.578806959459467,24.959428378378416
06037574901,0.0,0.0,24.999201204819272,24.935870722891547
06037574902,0.0,0.0,24.37861999999997,24.29812999999996
06037575001,0.0,0.0,24.455738749999966,24.37887794642857
06037575002,0.0,0.0,24.378619999999966,24.29813
06071003301,4.216867469879518,33.734939759036145,23.66897951807224,28.195189638554226
06071003101,32.57142857142858,73.71428571428571,23.673479999999955,28.193440000000006
06097150612,7.392996108949417,10.246433203631646,26.658117769131128,26.847691271076496
06097150611,3.3333333333333335,12.666666666666668,27.342627200000017,26.93361800000003
06097150609,18.627450980392158,28.431372549019606,25.12281568627451,27.128434509803807
06097153807,1.1627906976744187,1.1627906976744187,26.717183003875768,26.552619457364298
06097153808,4.273504273504273,8.547008547008547,27.68419448717949,26.11453115384619
06097154201,21.32701421800948,22.748815165876778,27.935001895734526,27.277292464454757
06037602900,0.0,0.0,22.553353985507233,27.87483963768121
06037603004,0.0,0.0,24.19665999999999,27.860069999999986
06071003302,0.40816326530612246,0.40816326530612246,22.926400000000033,28.48387999999984
06071003606,0.0,0.0,22.623520588235255,25.57312441176475
06071003612,0.0,5.64516129032258,22.179650000000027,25.146240000000027
06071004003,0.0,0.0,23.080469694835536,27.082259741783883
06071004001,0.0,0.0,23.4262473517786,27.04975197628451
06097152905,0.0,0.0,26.724126213017747,26.771338934911196
06037503301,0.0,0.0,22.447239999999976,23.72784000000001
06037503302,0.0,0.0,22.477354285714252,23.887217142857114
06097153103,8.25242718446602,8.737864077669903,24.791150000000012,24.30305000000007
06097153804,2.547770700636943,36.94267515923567,27.72186764331214,26.11594541401277
06067005205,0.0,96.7741935483871,21.091672580645138,21.833469677419338
06067007016,100.0,100.0,21.769944016736385,23.498453640167263
06071004103,0.3508771929824561,18.947368421052634,23.617230771929773,26.627521438596425
06071003607,0.0,0.0,22.312942647058847,25.12072500000002
06037503401,0.40816326530612246,10.204081632653061,23.15603828571426,25.38474697959175
06071003804,0.43478260869565216,4.3478260869565215,24.10631991304357,26.52756995652177
06071004302,0.5376344086021506,44.086021505376344,22.48755161290324,25.49117086021507
06067007020,100.0,100.0,22.130273571428635,24.81312785714288
06067007428,0.0,0.0,21.44592450980395,23.29875346405225
06067008506,16.176470588235293,16.176470588235293,20.899020000000004,23.39844999999998
06067008509,2.5735294117647056,2.941176470588235,20.37969470588227,23.038469999999936
06067009011,0.0,0.0,20.813395999999926,22.39271599999993
06071003803,0.0,0.0,24.18224000000007,26.614700000000063
06071006604,0.0,0.0,21.912772800000013,24.15062504000005
06071006603,0.0,0.0,21.96212631578954,24.330658421052572
06071004403,0.0,13.529411764705882,22.09802964705886,24.907473941176523
06071004404,1.4084507042253522,3.5211267605633805,23.277713380281735,26.005109577464847
06067009622,6.353591160220995,100.0,21.67515889502759,23.908398066298428
06067005301,0.0,97.05882352941177,22.40493000000001,23.882897647058837
06067005903,2.083333333333333,3.125,20.996370000000024,20.840059999999998
06067007019,100.0,100.0,21.679565806451627,23.82223612903228
06067007103,100.0,100.0,22.892219927536182,23.561562391304268
06037503902,0.0,2.0618556701030926,23.205880000000022,24.902219999999954
06059063009,4.761904761904762,4.761904761904762,20.00640210884354,26.434949863945555
06037542601,0.0,96.61016949152543,24.12999101694913,25.742497796610195
06037542602,0.0,94.0,24.601689999999973,25.983390000000007
06037542700,0.0,4.8,24.60168999999997,25.983389999999982
06037542800,0.0,0.0,24.59342333333332,25.91053791666668
06065044605,0.0,0.0,14.872430544959085,20.16995346049061
06065048800,6.134969325153374,6.134969325153374,23.611967668711706,24.685975092024577
06065031602,0.0,0.0,25.31117999999997,30.384989999999842
06065040611,0.0,0.0,22.079376951219444,28.359009878048766
06037542900,0.0,0.0,24.59617888888887,25.934821944444483
06059087901,0.0,100.0,25.857379999999957,30.308129999999927
06059110115,0.0,44.85981308411215,26.223590000000044,26.451750000000022
06059087404,0.0,100.0,25.159089000000023,28.510114857142835
06037575201,0.0,0.0,27.257720000000024,27.312719999999953
06037575401,1.8867924528301887,1.8867924528301887,28.94113999999998,29.267229999999987
06037575402,0.0,0.0,28.94114000000001,29.267230000000016
06085503326,0.3058103975535168,0.3058103975535168,20.413992721712493,24.087314525994007
06037575802,0.0,0.0,30.30294444444443,32.49336333333331
06037575901,0.0,0.0,30.47316999999999,32.89662999999999
06037575902,0.0,0.0,30.47316999999999,32.89662999999998
06037576200,0.0,0.0,30.473169999999985,32.89662999999998
06037603101,0.0,0.0,24.19666000000003,27.86007000000003
06037603200,13.513513513513514,13.513513513513514,24.979460000000014,25.590200000000053
06037603301,0.0,0.0,24.095658166666702,27.799248750000046
06037603302,0.0,0.0,24.30207823529414,27.256961680672294
06037603400,0.0,0.0,23.227559253731396,27.276497238805963
06037603500,0.0,0.0,22.465200000000042,26.817419999999995
06037603600,0.0,0.0,22.465200000000056,26.817419999999956
06085512603,2.479338842975207,100.0,24.771147272727266,27.590197190082662
06085512042,0.0,0.0,22.716011428571463,24.93555690476189
06085511301,0.0,100.0,22.00815467625905,23.49605187050356
06085512312,0.0,100.0,27.498770000000068,30.94179999999995
06037603702,0.0,0.0,22.51251944444445,26.90832925925931
06065040812,0.0,23.876404494382022,24.367930000000136,30.473200000000197
06065040815,0.0,0.0,26.01553999999997,28.48622999999998
06037503601,0.0,1.1494252873563218,22.658039999999914,24.843479999999975
06065040816,0.0,0.0,25.342962765957406,28.15808248226949
06065045212,0.0,0.0,12.248259999999977,14.70438999999998
06101050401,100.0,100.0,22.43319262499993,22.00924174999999
06101050402,100.0,100.0,22.398123691931513,21.9711499755502
06085503327,5.583756345177665,5.583756345177665,20.481871979695402,23.444255939086318
06085512039,12.962962962962962,12.962962962962962,23.379653086419736,25.324466419753072
06065045213,3.4700315457413247,6.624605678233439,13.802847634069435,16.482022523659392
06065045214,0.0,0.0,14.645275517241538,18.76787443573673
06065045216,0.0,0.0,16.920320921052614,23.908623026315688
06065045224,0.0,11.515151515151516,14.285808888888806,17.212698141414275
06065045226,0.0,0.0,15.555851321585855,20.30530841409685
06037576403,0.0,11.11111111111111,27.257719999999992,27.31271999999999
06037576502,0.0,0.0,27.329174444444433,27.43680688888888
06037576602,5.454545454545454,5.454545454545454,28.485437272727268,29.444758363636343
06037576700,0.0,0.0,27.10292967741938,27.15064526881715
06037576801,0.0,0.0,27.257720000000013,27.312719999999963
06037576802,0.0,0.0,26.84642,26.88206428571426
06037576901,0.0,9.67741935483871,27.257720000000013,27.312719999999967
06037577000,0.0,0.0,24.38962661971828,24.604160422535244
06037577100,0.0,0.0,24.378619999999962,24.298130000000036
06037577200,0.8,0.8,24.386261039999972,24.51058312000002
06037577300,42.71844660194174,42.71844660194174,24.46545,26.712370000000032
06037577400,26.041666666666668,26.041666666666668,24.462736562499988,26.63692500000002
06055201200,10.612244897959183,13.741496598639454,26.151782993197223,24.960175510203854
06037577501,71.09375,100.0,24.46545000000003,26.712370000000064
06037609900,0.0,0.0,28.55907000000001,29.28493000000001
06037620002,0.0,0.0,22.924081935483873,24.289393225806478
06037620101,0.0,0.0,22.49170000000003,22.545930000000098
06037620102,0.0,0.0,22.491700000000023,22.545930000000002
06001406900,0.0,0.0,23.630927741935462,26.56198290322577
06001422100,0.0,0.0,25.956895569620297,25.24746848101261
06037670328,1.8561484918793503,2.5522041763341066,26.89534828306242,26.50818925754037
06037541802,0.0,0.0,22.505094479999965,24.764919520000053
06037542000,0.0,98.4,23.50617543999999,24.888857840000064
06071003102,0.0,0.0,23.610787972027932,28.217812587412585
06071002803,0.0,0.0,24.415050000000033,28.825980000000044
06037503602,1.3043478260869565,3.0434782608695654,22.893211565217374,25.12927121739123
06037503701,0.0,0.0,23.167139530201304,25.5366783892617
06037503702,0.0,0.0,23.25532999999997,25.65675999999992
06001422200,0.0,0.0,25.978190918367403,25.39335499999998
06001422300,0.0,0.0,26.92039707317076,25.54921426829271
06001422400,0.0,0.0,27.22659800000003,25.659233333333365
06037503801,0.0,0.0,23.694364563758416,25.995286442952942
06037503802,0.0,0.0,23.334955428571423,25.191047999999945
06061022500,2.857142857142857,2.857142857142857,22.18419720300763,23.255397548871944
06061020805,3.6036036036036037,3.6036036036036037,21.09074999999998,22.727590000000053
06061020715,0.0,0.0,20.424846203208563,21.526385026737984
06037503901,0.0,0.0,23.205879999999983,24.902219999999954
06037504001,1.2987012987012987,1.2987012987012987,22.825237922077907,24.861407142857125
06061021131,0.0,0.0,20.04217438356172,21.364728630136987
06061021130,5.47945205479452,9.58904109589041,20.06674273972605,21.371150821917826
06037534406,0.0,0.0,22.812840000000026,25.014809999999983
06037534502,0.0,0.0,21.581381818181846,25.58799636363631
06037534802,0.0,0.0,21.899559056603785,24.673030566037767
06037534803,0.0,0.0,22.39020211764704,25.475429529411823
06037534804,0.0,0.0,22.89149999999998,26.24879000000001
06015000104,1.834862385321101,1.834862385321101,23.165228394495422,26.634753440367067
06065042738,5.974025974025974,5.974025974025974,24.293317792207805,20.068608181818103
06065042739,0.18181818181818182,0.18181818181818182,25.346298036363763,21.74029181818191
06065042740,0.0,0.0,23.51832000000004,19.75282000000004
06065042741,0.966183574879227,18.357487922705314,23.109095410628115,19.79121922705318
06065042742,0.0,0.0,22.136977900000055,18.393487800000013
06065045233,0.0,0.0,15.372577570621536,19.985763022598825
06065045606,0.0,0.0,15.378056075949505,20.82562316455708
06065042720,9.818569903948772,9.818569903948772,23.275349039487754,19.15774804695825
06065044510,3.0120481927710845,97.59036144578313,20.634974126505906,26.29994292168665
06065030900,0.0,0.0,24.333882105263207,28.67414543859653
06037550700,2.2304832713754648,2.973977695167286,22.136805910780755,24.655635613382973
06111004901,0.0,10.44776119402985,28.435130223880645,32.839578208955146
06111004902,0.0,58.06451612903226,28.827897311827993,32.002323763440856
06111005204,0.0,2.457002457002457,30.218605945946,31.19449648648645
06037577602,0.0,0.0,24.465450000000025,26.71237000000006
06037599000,11.650485436893204,13.592233009708737,25.29877504854366,28.470095145631056
06037600100,0.0,0.0,23.211530000000025,28.975640000000066
06037600201,0.0,0.0,23.211530000000025,28.975640000000062
06037600202,0.0,0.0,23.211530000000028,28.975640000000077
06111007513,0.975609756097561,0.975609756097561,26.079926634146375,28.817791658536606
06111007609,0.8771929824561403,0.8771929824561403,24.415320000000033,30.163779999999964
06037600302,0.0,0.0,22.635337547169794,28.18774113207552
06037600400,0.0,0.0,23.502392857142834,28.081870676691693
06037600501,0.0,0.0,22.36927219780223,28.040038021977985
06037620501,0.0,0.0,23.50159526315797,27.5641136842105
06037620522,0.0,0.0,24.469945510204052,27.174160612244926
06037620400,0.0,0.0,25.47164000000007,26.682389999999963
06037620601,0.0,0.0,24.462689999999984,27.22073
06061021128,0.0,0.0,20.031469411764764,21.39944352941181
06061022100,1.6129032258064515,1.6129032258064515,26.152046693548296,25.571832231182775
06061022800,0.0,0.0,20.292867000000047,21.431636000000058
06061023100,5.0,5.714285714285714,21.998339738095257,21.281674690476148
06061022900,0.0,0.0,20.25887793103451,21.422544384236485
06061023600,0.546448087431694,0.7285974499089253,20.982667304189388,22.235871493624696
06037504002,0.0,0.9852216748768473,22.836155467980305,24.862577733990125
06037504101,0.0,0.0,22.614963401360484,24.330972925170016
06107002204,0.0,0.0,19.298738000000004,22.966530823529403
06107002203,0.0,0.0,19.039911036036003,23.138668288288255
06065042743,1.1342155009451798,1.1342155009451798,23.060277523629395,19.639058525519754
06065043010,0.0,87.87878787878788,27.04975799999992,26.629110000000185
06037534900,0.0,0.0,22.080147580645185,24.99710330645166
06037535101,0.0,0.0,23.405321428571405,27.82193795918369
06037535102,0.0,0.0,23.289035526315775,27.46590973684212
06037535200,0.0,0.0,23.592513627450955,28.395057352941162
06037535300,0.0,0.0,22.891500000000022,26.248790000000064
06037535400,0.0,0.0,22.89149999999997,26.24879000000004
06037535502,0.0,0.0,21.6208513432836,25.707372537313397
06037535603,0.0,0.0,22.61092833333331,26.12923972222225
06065046601,0.0,0.0,24.855019333333345,31.595031047619017
06065047201,9.146341463414634,9.146341463414634,23.18576012195128,26.301981890243894
06065048200,0.0,0.0,23.94198999999998,27.46731
06059011300,1.8072289156626504,25.903614457831324,26.221945662650647,28.681690963855527
06037535605,0.0,0.0,21.792117142857155,25.78034809523807
06059980000,0.0,100.0,25.592297142857152,28.759879523809516
06059062648,1.6216216216216217,1.6216216216216217,21.554149999999957,30.271429999999867
06059087505,0.0,100.0,25.62513735632185,28.853352298850627
06037551201,0.0,0.0,21.701829999999976,25.533449999999945
06037551300,0.0,0.0,21.753312773109222,25.383323949579772
06111003802,0.0,10.714285714285714,28.591020000000015,31.42064000000003
06111004305,1.0729613733905579,100.0,28.813109999999696,31.617299999999894
06111004711,0.0,33.734939759036145,28.591020000000004,31.42063999999999
06111004715,0.0,4.3478260869565215,27.98005863354039,30.352443167701857
06111004717,0.0,86.74698795180723,28.81746000000002,30.25043000000004
06111005004,0.425531914893617,0.425531914893617,26.654956723404286,32.18519480851055
06037600601,0.0,0.0,25.729070000000007,28.188459999999985
06037600602,0.0,0.0,25.72906999999999,28.188459999999996
06037600702,0.0,0.0,25.678960384615422,28.157665000000048
06037600703,0.0,0.0,25.729070000000004,28.188460000000006
06037600704,0.0,0.0,25.729069999999965,28.188459999999946
06037600801,0.0,0.0,25.28519113475174,27.760872056737533
06037600802,0.0,0.0,25.44016687499999,27.922330446428543
06037600902,0.0,0.0,22.78908913461538,23.432804038461516
06037600911,0.0,0.0,22.595450000000017,22.965009999999946
06061023300,8.108108108108109,10.21021021021021,22.26175909909909,22.457254954954855
06037530005,0.0,0.0,22.73401663636357,25.475955636363548
06037530101,0.0,0.8771929824561403,22.820819999999955,25.55474000000003
06067007424,2.515723270440252,2.515723270440252,22.64736396226414,23.341125471698025
06067005505,0.5617977528089888,38.20224719101123,22.679432921348322,23.51448314606748
06067009312,0.0,12.847222222222221,21.31574,23.293219999999838
06067003202,0.5154639175257731,100.0,21.613292989690645,22.774627061855693
06053010608,6.896551724137931,100.0,22.3798077011494,24.096004482758616
06053010506,2.8846153846153846,93.26923076923077,23.42753788461539,25.299787692307714
06053000702,0.0,100.0,22.080124411764675,23.217967941176454
06053001801,6.9364161849710975,70.52023121387283,22.4470386705202,23.2026519653179
06037530102,0.0,0.0,22.820819999999944,25.55474000000003
06037530203,0.0,2.4691358024691357,21.37322950617284,24.11453543209879
06037530204,0.0,1.1627906976744187,21.064539534883735,23.80742046511631
06037535701,0.0,0.0,21.448560000000008,25.633959999999988
06037535702,0.0,0.0,21.448559999999983,25.633960000000005
06037535802,0.0,0.0,21.610280370370376,25.560897037037027
06037535803,0.0,0.0,21.44856000000002,25.633959999999963
06037535606,0.0,0.0,22.8915,26.24878999999999
06037535804,0.0,0.0,21.448560000000022,25.633959999999952
06037535901,0.0,0.0,21.44856,25.63395999999999
06037536000,0.0,0.0,21.469548923076946,25.62443461538457
06067002700,0.0,99.34640522875817,23.34404725490194,24.027622352941243
06067009406,4.382120946538125,4.382120946538125,22.220038378615246,20.89033782646799
06065043227,0.0,0.0,23.134255901639374,25.337835245901637
06065043228,0.0,0.0,22.68653749999993,25.977802499999992
06065043229,0.0,0.0,22.564684649122846,25.947584093567315
06065048300,6.147540983606557,6.147540983606557,24.234072459016414,26.322299016393472
06037535607,0.0,0.0,22.307732771084336,25.96310277108434
06037536102,0.0,0.0,22.134122990654227,24.782323271028066
06037540000,16.666666666666664,16.666666666666664,21.539963333333304,24.562085000000046
06037540101,0.0,0.0,22.663724645161235,24.754085096774258
06037540102,0.0,41.46341463414634,23.184453780487733,24.84305420731715
06065048700,11.160714285714286,58.48214285714286,22.992576116071408,25.67979397321438
06065049400,24.21875,77.86458333333334,15.3475405729166,21.366829921874853
06065049800,8.959537572254336,27.74566473988439,24.44143239884408,25.663313439306204
06037540202,0.0,0.0,23.195140000000023,24.84488000000005
06037540203,0.0,0.0,23.195140000000023,24.844880000000053
06067000200,0.0,95.34883720930233,22.03994706976738,22.89372404651156
06067000300,0.0,99.42196531791907,22.142919999999897,23.032409999999913
06067000400,0.0,100.0,22.819700327868794,23.782809999999984
06075011901,0.0,0.0,24.68275,23.72476
06037551700,0.0,0.0,21.698725449101772,25.52161766467059
06037551900,0.6172839506172839,0.6172839506172839,22.60569462962966,24.711962407407388
06037552100,0.0,0.0,22.60992869047618,22.58012946428571
06037552200,0.0,0.0,21.877861301369812,21.41143575342467
06067001800,0.0,98.58490566037736,22.733337830188695,23.261512877358566
06067001900,0.0,99.10714285714286,23.38238455357138,24.260895446428627
06067002000,0.0,100.0,23.218021018518485,24.194218240740785
06067008137,0.0,0.0,21.054320000000036,21.784929999999953
06067005102,8.646616541353383,75.56390977443608,21.68300135338335,23.411908909774514
06067007423,0.0,1.8867924528301887,22.64688999999999,23.306009999999972
06111007610,0.37453183520599254,0.37453183520599254,24.922164194756526,30.116945917602877
06111007611,14.634146341463413,100.0,24.816268373983768,29.686555121951198
06037600912,0.0,0.0,22.78716770491804,24.61355918032787
06037601001,0.0,0.0,24.269296857142894,27.008694571428567
06037601100,0.0,0.0,24.426220000000043,27.38779
06037601211,0.0,0.0,24.42622000000003,27.387790000000003
06037601212,0.0,0.0,24.42622000000004,27.387790000000024
06037601301,0.0,0.0,22.59545000000002,22.965009999999957
06067008905,0.0,59.154929577464785,20.851257652582074,21.151700985915546
06067009307,3.870967741935484,13.225806451612904,21.332040000000024,21.733959999999847
06067004201,0.0,100.0,23.10182419354831,23.217796935483832
06111008700,0.0,9.793814432989691,29.027308659793707,31.571487525773296
06111008800,0.0,99.40828402366864,28.788144378698263,31.83786905325435
06111008900,0.0,29.545454545454547,28.74749250000001,31.55919590909083
06111009100,1.9230769230769231,14.423076923076922,29.171912307692313,31.029083173076938
06037601302,0.0,0.0,23.078290439560462,24.13145747252746
06037601401,0.0,0.0,24.463266956521768,27.33591826086959
06067000600,0.0,100.0,23.175010000000015,24.17677000000001
06067000700,0.0,100.0,22.44909888888889,24.240914444444442
06067000800,0.0,86.20689655172413,21.91342655172415,24.28824862068966
06067001300,0.0,100.0,23.136306624999982,24.13385650000002
06067001400,0.0,100.0,23.070494556962007,24.060885443037996
06067001500,0.0,91.11111111111111,22.1777397777777,23.036829244444352
06053001802,32.86713286713287,100.0,21.889541468531455,22.84974937062936
06053000502,22.22222222222222,100.0,21.558020849673163,22.87389529411763
06053000501,0.0,100.0,21.507350000000017,22.893739999999987
06053980000,0.0,77.77777777777779,21.81288,22.58196
06053010505,2.4390243902439024,99.1869918699187,23.28305,25.11214000000004
06053011204,2.307692307692308,2.307692307692308,25.4130623461539,24.685784692307706
06053014202,0.7751937984496124,0.7751937984496124,22.943470232558173,22.34178395348842
06053014201,0.9950248756218906,0.9950248756218906,22.94387000000004,22.30913000000003
06067007602,0.0,0.0,21.515928969072213,21.686625120274854
06067005508,27.06766917293233,100.0,21.728147067669173,22.108907819548897
06067003600,0.0,99.36305732484077,23.21204445859868,23.691603057324752
06067008912,0.0,93.75,20.317379124999945,21.440701375000025
06053010607,3.6363636363636362,100.0,23.147852181818163,25.24770163636363
06037540600,0.0,0.0,22.862299999999976,25.0951
06037540700,0.0,0.0,23.32105670103091,25.615506185567003
06067007415,0.0,0.0,22.447057341040452,23.07927820809239
06067008140,0.0,0.0,20.519519519650665,21.904310611353704
06067008008,0.0,0.0,20.190838186398036,21.430091284634738
06067009110,0.0,100.0,21.28465000000002,22.36460999999998
06067003501,0.0,100.0,23.275972799999952,23.800537199999937
06037540901,0.0,0.0,24.831344246575334,27.645145479452133
06037540902,0.0,0.0,24.876132303030325,27.072165151515197
06075012901,0.0,0.0,24.68274999999998,23.724759999999986
06075015802,0.0,0.0,23.40596119999999,24.5372136
06065045110,0.0,0.43103448275862066,14.07835594827584,20.002587801724143
06085508900,34.10852713178294,34.10852713178294,22.50240604651165,25.89848953488371
06037273700,0.0,0.0,22.733923124999993,24.364841666666667
06037273800,0.0,0.0,22.333750000000006,24.02396999999998
06085512019,0.0,0.0,23.15382986666673,25.36311546666672
06085512021,0.0,0.0,22.861076956521753,25.16102816425127
06067006004,5.847953216374268,9.35672514619883,21.86899830409351,22.380840935672538
06067007906,0.0,0.0,21.281826340425535,21.449821319148874
06067009314,1.3363028953229399,6.45879732739421,21.321294342984398,22.761890868596627
06067008207,0.0,0.0,20.913139999999913,22.663290000000167
06067009501,9.718670076726342,16.36828644501279,23.800990511508882,22.451421867007753
06067009403,11.186440677966102,11.186440677966102,23.65662687005628,22.596553920904096
06037274100,2.4691358024691357,2.4691358024691357,22.333750000000006,24.023969999999974
06037552400,0.0,0.0,23.992819999999988,24.810580000000023
06037552602,0.0,0.0,23.436076538461506,23.60699961538464
06083002211,0.0,7.667731629392971,24.15029849840264,28.51016507987217
06067009007,0.0,0.0,21.362840000000002,22.51383000000004
06067009008,0.0,0.0,21.356603333333226,22.497224374999956
06067009106,12.209302325581394,94.18604651162791,20.90955813953494,21.25984558139535
06067009103,0.0,54.60992907801418,21.750699574468033,23.15318333333332
06085512022,0.0,0.0,22.614296666666668,24.777464518518535
06067009323,7.308970099667775,46.51162790697674,21.404213820598073,22.575244219269088
06067009107,5.714285714285714,90.85714285714286,20.83442811428576,21.34694742857143
06067009601,1.9607843137254901,100.0,21.718015921568558,23.275716627450922
06067009608,0.0,50.79365079365079,21.89816599999994,23.785908444444264
06067007903,2.5236593059936907,5.047318611987381,21.43809927444805,21.836976876971544
06067005506,4.651162790697675,97.67441860465115,22.020160697674434,22.390699302325576
06065042514,0.0,0.0,21.21596166666666,24.36136433333331
06085509102,0.0,0.0,22.461909999999992,25.99155000000003
06097154202,0.7207207207207207,0.7207207207207207,27.986308126126104,27.159620702702494
06097150305,2.9535864978902953,3.375527426160337,26.11707295358637,26.154740295358778
06097151601,0.6198347107438017,0.6198347107438017,25.601505599173603,25.690679132231395
06075031301,0.0,0.0,24.828469999999985,25.483060476190484
06075031302,0.0,0.0,25.348326521739146,26.5236747826087
06075032601,0.0,0.0,24.221510000000016,24.574440000000017
06065042515,0.7194244604316548,4.316546762589928,21.315103453237406,24.23381165467622
06065042517,0.0,0.0,21.707330000000006,26.302259999999965
06065042513,0.0,0.0,20.978899562043853,25.328393941605835
06065042518,0.0,0.0,21.293310555555554,23.955922619047577
06065042519,1.4084507042253522,23.943661971830984,21.4172328169014,24.519657605633764
06085510002,1.4814814814814816,79.62962962962963,23.754095333333442,26.253772000000026
06085510100,0.7326007326007326,80.58608058608058,24.139094615384682,27.64015538461531
06075032902,0.0,0.0,24.221510000000027,24.574440000000035
06075047802,0.0,0.0,24.221510000000006,24.57444000000001
06075012301,0.0,0.0,24.68275,23.72476
06085503312,0.8714596949891068,0.8714596949891068,20.380557037037057,24.671146274509887
06085505100,11.711711711711711,40.54054054054054,20.689564414414452,24.600833243243223
06085507205,1.7543859649122806,78.94736842105263,25.39463015037584,26.449985413533827
06085508800,0.0,0.0,22.630129673913054,25.82610673913041
06071008714,11.231884057971014,12.318840579710146,24.2765619565218,26.95931326086952
06071007307,0.0,0.0,19.718539211956518,21.72553932065218
06071006501,3.8095238095238098,3.8095238095238098,21.91103999999997,23.801760000000005
06071006502,6.25,6.25,21.846568888888854,23.84475555555552
06071006303,1.2658227848101267,100.0,22.855298734177214,25.74988962025312
06071005601,0.0,0.0,23.292660000000037,25.93467999999996
06071005602,0.0,0.0,23.076261686746996,25.6006081927711
06071002046,1.06951871657754,59.35828877005348,23.743336631015907,27.619185347593742
06071002047,0.0,0.0,24.03825296703299,27.636435934065904
06071002610,0.0,0.0,21.164909999999974,25.83820999999993
06071002611,0.0,0.0,21.453644210526296,25.92605276315783
06071002048,0.0,0.0,23.638510470588248,27.503775058823482
06071002051,0.0,0.0,24.415169907407435,25.958858240740707
06071002049,0.0,0.0,24.42458719298247,25.878435087719282
06071002050,0.0,0.0,24.21198000000003,27.694089999999967
06071002503,0.0,52.22929936305732,23.67347999999995,28.193440000000002
06071002504,0.0,0.0,23.03177926829266,27.33677256097563
06071002405,18.095238095238095,24.761904761904763,23.38981714285717,27.814751428571448
06071001909,0.0,22.78481012658228,25.005799493670914,30.313295316455704
06071000305,0.0,0.0,22.977920000000022,23.878600000000002
06071000120,0.0,0.0,23.40887239726024,25.478384109588916
06071011601,45.95300261096606,48.30287206266319,20.49319523498729,23.15528054830299
06071009502,0.49504950495049505,0.49504950495049505,19.587422623762365,24.32280648514848
06071011801,1.4347202295552368,1.4347202295552368,20.68169598278336,24.635549885222314
06071001907,3.861003861003861,9.652509652509652,24.678295637065617,30.203412702702835
06071011802,34.36293436293436,34.36293436293436,17.598983803088625,21.28499766409268
06071009501,0.0,0.0,17.60535450549447,22.74688912087905
06071009915,5.660377358490567,6.918238993710692,20.557624716981177,22.927782830188693
06071009726,3.944315545243619,4.872389791183294,17.74493617169363,22.185961995359552
06071009722,5.30035335689046,6.36042402826855,17.75120160777402,21.48185291519431
06071009723,0.0,0.0,16.35733247600762,20.733682504798193
06071009918,2.0408163265306123,2.0408163265306123,18.51090727891155,20.895403877551047
06071009917,0.0,0.0,20.61557333333328,22.49524499999997
06071009916,1.4736842105263157,1.4736842105263157,20.16180814736847,22.289206821052463
06071010027,0.0,5.6426332288401255,18.339950564263248,21.912813510971667
06071010039,4.329004329004329,74.89177489177489,18.49814506493501,21.86547389610387
06071009725,1.3888888888888888,23.14814814814815,19.175658765432097,22.17534050925922
06071009727,5.341246290801187,5.341246290801187,17.993692314540024,23.164756706231433
06071010036,2.3255813953488373,2.3255813953488373,19.90135000000007,20.350150000000106
06071010037,1.1111111111111112,1.1111111111111112,20.58028573333331,21.69192982222218
06071011408,0.0,0.0,21.107090322580632,24.828204838709613
06071010030,0.0,0.0,22.524967038834827,24.943531407766972
06071008004,11.888111888111888,11.888111888111888,20.40568370629367,21.770905244755202
06071002039,0.8163265306122449,68.57142857142857,24.779284367346843,30.213647918367375
06071002042,0.0,66.04651162790698,25.69916074418593,30.321614744186082
06071000307,0.819672131147541,0.819672131147541,22.891764590163945,23.64904508196724
06071010040,0.0,98.7878787878788,18.03432854545453,22.00427072727278
06071009724,0.0,0.0,19.156203603053395,22.103623480915946
06071009914,0.0,0.0,19.132084736842106,21.36758578947369
06071009720,0.0,0.0,20.115560000000027,21.361679999999982
06071007905,2.127659574468085,2.127659574468085,21.092747355623025,23.805811185410295
06071009133,48.60050890585242,51.14503816793893,25.054599809160177,24.686956984732767
06071009130,2.380952380952381,2.380952380952381,25.10019000000009,23.84493999999996
06071009129,28.666666666666668,33.33333333333333,24.52739169999997,24.17431019999991
06071007412,0.7434944237918215,48.698884758364315,21.597190000000094,24.662980000000047
06071009122,15.357643758765779,53.08555399719496,26.43454571528764,25.004676879382895
06037540300,0.0,0.0,23.028792561983426,25.02823173553723
06037540400,0.0,0.0,22.8623,25.0951
06037540501,0.0,5.454545454545454,23.11344290909089,24.906297636363693
06071007411,1.4925373134328357,1.4925373134328357,21.956658059701454,25.18500865671644
06071009123,6.844444444444445,53.86666666666666,28.27422468444479,25.74382073777815
06065040403,0.546448087431694,0.546448087431694,23.33404717668472,26.754932622950673
06065040501,2.832244008714597,5.664488017429194,23.35069294117633,27.403325686274226
06065040503,1.098901098901099,1.098901098901099,22.99538725274732,27.041546923076876
06065040603,0.8368200836820083,1.2552301255230125,23.580377782426805,27.587394518828376
06071007202,0.0,23.696682464454977,20.39156729857824,23.637584834123274
06071008405,0.0,0.0,20.083639999999914,21.00916999999998
06071007201,1.3793103448275863,1.3793103448275863,20.58336648275861,22.65731227586204
06071005102,3.2085561497326207,80.21390374331551,24.867957272727285,27.758320320855635
06071004902,1.3986013986013985,43.35664335664335,22.163174545454577,25.234529370629442
06071007112,1.5151515151515151,18.181818181818183,19.20245,21.382900000000003
06071007111,0.0,0.0,19.9812807692307,21.763445128205138
06071004901,2.898550724637681,28.26086956521739,22.86895992753626,25.477272681159395
06071004511,0.0,26.136363636363637,23.133796022727307,24.950803750000045
06071005501,0.0,0.0,23.995517931034502,27.1562579310345
06071005502,0.0,0.0,23.869502642857157,27.00344949999997
06071003201,0.0,0.0,22.92639999999994,28.483879999999868
06071003202,0.0,0.0,22.92639999999994,28.483879999999868
06071002707,0.0,0.6097560975609756,23.788989634146365,26.603170243902436
06071002309,0.0,0.0,24.672893999999957,27.34328746153837
06071002608,1.4388489208633095,1.4388489208633095,24.377869544364565,27.375039280575677
06071002609,0.25510204081632654,0.25510204081632654,22.278689336734743,26.58570530612237
06071002043,0.0,20.051413881748072,26.937951336760854,29.36837208226228
06071002045,0.0,0.0,24.489043170731698,27.90430615853654
06071002313,0.0,0.0,24.357292870370316,28.787468981481393
06071001908,0.0,24.369747899159663,24.48252453781507,28.49350462184871
06071006304,4.27807486631016,82.35294117647058,22.094799625668475,25.27449401069522
06071009132,44.375,100.0,25.222068937499955,24.202485187499953
06071006101,0.9569377990430622,85.16746411483254,24.64892688995219,28.57692937799051
06071001910,0.0,35.26315789473684,26.649743421052627,27.58511152631578
06071012201,1.2096774193548387,1.2096774193548387,23.588650645161263,25.44627064516136
06071001911,0.0,0.0,25.109231959799022,24.684112814070353
06071002112,0.0,0.0,22.804370677966123,24.80865508474578
06071002111,3.3333333333333335,3.3333333333333335,24.387567,24.969900666666657
06071012202,0.0,0.3968253968253968,23.531741031746016,25.361786031746092
06071000119,1.5037593984962405,1.5037593984962405,23.570169999999973,24.576730000000087
06071006102,3.3472803347280333,23.430962343096233,23.511031589958183,27.196482343096303
06071009128,1.0638297872340425,1.0638297872340425,23.737904255319233,23.89505856382987
06071009127,0.0,0.0,22.27358999999986,23.755570000000052
06071005101,0.0,68.38709677419355,24.58570309677421,28.394846870967793
06071011602,17.5531914893617,23.581560283687946,18.437686737588702,22.97752273049637
06071009126,2.73224043715847,2.73224043715847,21.83739969034606,23.72711976320601
06071009134,22.929936305732486,23.35456475583864,20.230326284501015,23.65041280254776
06065040604,3.415559772296015,3.415559772296015,23.254441385199314,27.074565825426884
06065040605,0.0,0.0,22.941782684563716,26.40581798657734
06067008122,2.93040293040293,4.761904761904762,20.219316483516458,21.914438461538474
06071010031,0.0,0.0,23.342533070866182,22.523564173228202
06071009718,5.487804878048781,72.5609756097561,20.649236341463386,21.951150243902404
06071009131,92.7927927927928,100.0,25.029886126126176,24.333734234234253
06071009137,0.0,0.0,24.655979999999914,25.470220000000083
06071009135,25.291828793774318,25.291828793774318,24.61083429961091,23.128471789883243
06071009136,30.677290836653388,30.677290836653388,24.28394812748995,24.252766095617513
06071009138,0.0,0.0,23.307599104477564,23.79718656716424
06071009139,0.0,0.0,24.730872251908224,25.358110458015364
06071009125,7.420494699646643,7.420494699646643,25.100190000000094,23.84493999999996
06071009124,33.94495412844037,33.94495412844037,25.192376055045933,23.88755366972473
06071008715,0.0,0.9195402298850575,23.02052726436782,24.647938344827573
06071008716,4.128440366972478,5.963302752293578,22.893674266055083,23.096264082568805
06071008713,5.7057057057057055,8.108108108108109,23.289650180180253,26.650285345345335
06071008712,1.1363636363636365,1.1363636363636365,25.241138344155445,24.510508603896156
06071008501,0.0,0.0,22.197044626865587,24.220092257462603
06085512023,0.0,0.0,22.871990000000057,25.17799000000003
06071008502,0.0,0.0,23.289267827911925,25.615818268625524
06071008406,0.0,0.0,20.413838373983747,20.648478943089437
06071008201,0.0,0.0,21.24870153846153,23.53891615384609
06071010041,0.8319467554076538,0.8319467554076538,24.6648660565722,25.395210998335838
06071010042,0.4658385093167702,0.4658385093167702,23.029252593167882,23.93567246894388
06071009120,38.82888004548038,52.64354747015349,27.065020949403436,25.45142387151811
06071010434,51.470588235294116,78.67647058823529,17.96192540441167,21.173474558823564
06071010433,5.191256830601093,33.33333333333333,17.894440546448042,20.36789480874307
06071008202,0.0,0.0,21.019789999999958,23.484599999999897
06071008003,0.0,0.0,20.08363999999998,21.00916999999998
06071007605,0.0,0.0,21.330799999999975,24.188720000000053
06071007606,0.0,0.0,21.33080000000005,24.18872000000007
06071002406,15.909090909090908,23.863636363636363,24.119691250000013,28.56027250000003
06071002403,2.2123893805309733,42.92035398230089,21.892727212389342,25.996850000000098
06071002404,0.0,0.0,22.63283000000001,27.637639999999944
06067008129,0.0,0.0,21.885450000000084,22.58876000000006
06067008130,0.0,0.0,21.886647409326503,22.58049782383424
06071007002,2.4390243902439024,3.048780487804878,21.658488414634164,23.714344390243912
06071007001,5.0,15.0,21.21083374999997,22.987499166666655
06071002709,0.7604562737642585,0.7604562737642585,24.131661901140664,27.87602733840304
06071010029,0.5084745762711864,0.5084745762711864,19.3556537627118,21.10685320338989
06071010028,0.0,0.0,19.374028895899126,21.37297238170366
06071010035,0.0,0.0,19.90135000000008,20.35015000000015
06071009721,0.0,0.0,19.989970342857283,21.33514786666665
06071010033,0.0,0.0,21.473340000000004,27.033170000000005
06071009800,0.7782101167315175,17.120622568093385,20.529040428015556,24.27776821011679
06071009121,6.109822119102862,6.109822119102862,26.770155978344754,25.95366647331797
06071002044,0.0,0.0,25.576449567567554,28.201777567567568
06071002041,0.9615384615384616,43.46153846153846,24.49522492307668,28.224469461538305
06071000122,0.0,0.0,23.26689973154359,26.329177046979908
06071010425,25.91240875912409,25.91240875912409,18.543443394160633,20.114565967153275
06071002040,2.734375,43.359375,25.75707855468742,31.17286980468749
06071002314,0.0,0.0,22.693026640624943,28.731350234375043
06071002708,0.0,0.0,23.353696818181795,27.999590606060554
06071010038,0.0,0.0,20.988080000000064,21.658370000000083
06071002308,0.0,0.0,23.97612748768457,28.48609551724117
06071002311,0.0,0.0,22.9810257988166,28.590382307692295
06071002310,0.0,0.0,23.666395828877043,28.34740475935819
06071002312,0.0,0.0,22.95766812807878,27.854233990147737
06071010034,0.644122383252818,0.644122383252818,24.062324422973393,24.827080853461812
06071002315,0.0,0.0,23.270570000000024,28.353385270270238
06071010426,62.738853503184714,63.69426751592356,16.652535891719815,21.505975716560343
06071010436,13.685636856368562,13.685636856368562,15.705176653116537,20.74611676151759
06071010427,30.409356725146196,33.04093567251462,20.44758590643272,27.547165701754494
06071010428,5.59234731420162,6.548933038999265,18.885463031640594,25.034609477556508
06071010905,1.9469026548672566,2.3008849557522124,24.734547327433773,28.775643345132938
06071010906,7.731958762886598,7.731958762886598,25.037708144329866,28.794293041237168
06071012105,26.36518771331058,26.36518771331058,18.12499562286702,19.59909606655298
06071012106,59.38566552901023,59.38566552901023,21.53787833902153,23.56461730375415
06071010435,5.930318754633062,5.930318754633062,17.948699933283756,22.655909236471214
06071010431,7.077625570776255,7.077625570776255,17.630728264840236,20.782917020547835
06071011406,34.24124513618677,34.24124513618677,21.91219949416345,24.561049221789965
06071000121,0.0,0.0,23.137811671469876,27.23634414985591
06071010432,46.71875,46.71875,19.09849718749997,22.419192937499968
06071010429,33.77837116154873,33.77837116154873,17.55195052069423,26.07057586114851
06071010430,21.813031161473088,21.813031161473088,17.51097898016993,26.05408249291822
06071011407,0.0,0.0,21.256038903654417,25.152199900332175
06071008711,7.882352941176471,9.647058823529411,24.63428070588239,23.809633564705784
06071007308,0.4166666666666667,3.75,20.487321145833388,22.119239000000178
06071011405,2.4444444444444446,2.4444444444444446,22.05501033333328,24.799749577777693
06071011004,0.0,0.0,25.41044451923079,30.49364903846149
06071011003,0.0,0.0,25.453056405228814,29.372558888888854
06071010903,4.615384615384616,4.615384615384616,24.267444557692404,28.831163211538613
06071007906,0.0,0.0,20.982663800000008,23.566623399999973
06071010904,0.5089058524173028,0.5089058524173028,24.792379287531848,30.610293918574975
06071010805,2.73109243697479,6.302521008403361,24.622238991596717,28.921606869747936
06071010806,3.7162162162162162,3.7162162162162162,25.15014172297302,29.640844898648595
06071010032,8.414872798434441,8.414872798434441,22.21111743639913,25.225118845401017
06071004512,2.8688524590163933,14.754098360655737,23.382959426229505,25.34233397540984
06071009719,0.6042296072507553,4.380664652567976,20.80206853474309,22.535532371601057
06037221500,3.8461538461538463,11.538461538461538,22.94987999999999,27.638269999999984
06037221710,0.0,4.3478260869565215,22.949880000000004,27.638269999999995
06037221900,0.0,7.317073170731707,22.235599999999984,25.096250000000026
06037222100,0.0,6.25,22.235599999999984,25.096250000000037
06037222200,1.6129032258064515,11.29032258064516,22.408409677419336,25.71125483870971
06037222500,2.1739130434782608,8.695652173913043,22.23559999999998,25.09625000000004
06071010019,0.0,0.0,22.226215070140114,26.076470541082116
06071000401,2.5052192066805845,4.3841336116910234,21.347916722338134,25.237347745302625
06071005800,0.0,0.0,23.087975555555573,25.61869185185183
06071008708,5.647058823529412,5.647058823529412,25.37499479999993,26.062875882353023
06037224010,2.8301886792452833,11.320754716981133,24.30479,26.31151
06037224020,0.0,11.904761904761903,21.145615,24.138501666666652
06037234600,0.0,5.555555555555555,22.884210000000067,25.448010000000046
06037234700,0.0,1.9801980198019802,22.884210000000003,25.448010000000032
06037235100,0.0,0.0,22.687644457831304,23.757775060240935
06037265100,0.0,0.0,23.69600907216497,27.215745051546335
06037265301,0.4975124378109453,4.477611940298507,23.513009999999987,24.152210000000107
06037265303,0.0,0.0,23.513010000000005,24.15221000000001
06037265304,0.0,0.0,23.513010000000005,24.15221000000001
06037265410,0.0,0.0,24.152631025641007,24.607673076923064
06071010014,0.0,0.0,20.09300404205593,22.944314345794396
06071011900,23.18244170096022,23.456790123456788,17.315135802469133,20.73307039780529
06067009105,0.0,100.0,21.050133529411784,21.816308431372576
06067009404,9.854385370809347,9.854385370809347,23.25486756180188,22.68008048086731
06017030402,1.4367816091954022,1.7241379310344827,26.784137183908047,29.90451793103441
06017031405,0.0,0.0,21.488194182509606,23.647558441064632
06017031406,0.8746355685131195,0.8746355685131195,21.116806362973797,22.832436224489847
06113010902,0.0,42.10526315789473,24.7396626754385,26.50600811403509
06003010000,6.164383561643835,6.392694063926941,25.88284134703187,26.745261598173407
06113011001,0.0,1.5810276679841897,24.755953913043385,26.518210869565237
06037237720,0.0,0.0,23.077286800000014,26.976276400000014
06037237800,0.7692307692307693,0.7692307692307693,23.00103030769231,25.84054323076921
06037238000,0.0,0.0,23.85641709359603,28.773997832512265
06037238100,0.0,0.7462686567164178,24.226061044776127,28.658418208955247
06037238200,0.6535947712418301,3.2679738562091507,23.211530000000028,28.97564000000005
06037238310,0.0,0.0,23.211530000000018,28.975640000000034
06037238320,0.0,0.0,23.211530000000018,28.975640000000038
06037238400,0.0,0.0,23.971011340782113,28.738166703910604
06037239320,0.0,15.09433962264151,23.29839999999999,25.198139999999984
06037211000,0.3021148036253776,2.416918429003021,25.093472567975713,29.46405800604219
06037211310,18.75,18.75,22.028430000000007,27.304289999999995
06037211410,0.0,0.0,22.028429999999997,27.304290000000012
06037211500,0.0,27.82608695652174,24.32271304347823,28.99358000000007
06037211701,0.0,29.761904761904763,25.10432666666669,29.534284285714307
06037211910,5.0,5.0,22.028430000000007,27.304289999999998
06037212202,0.0,0.0,22.949880000000004,27.638270000000002
06037212204,0.0,0.0,22.949880000000004,27.638270000000002
06037212304,0.0,0.0,22.949880000000004,27.63826999999999
06037212306,0.0,0.0,22.949880000000004,27.638270000000002
06037212420,0.0,0.0,22.949880000000004,27.638269999999995
06037212610,0.0,23.25581395348837,23.986387906976734,28.149888604651185
06037212620,0.0,46.666666666666664,23.904947999999997,28.109690000000025
06065040702,4.225352112676056,47.6056338028169,24.363440140845228,29.697591408450755
06037212800,38.144329896907216,46.391752577319586,24.541660000000014,28.423969999999986
06037212900,8.0,8.0,24.541660000000007,28.423970000000033
06037213100,38.095238095238095,46.03174603174603,23.834202222222213,28.074770000000008
06065045207,0.0,0.0,17.220089999999963,21.40805
06067008124,4.424778761061947,5.604719764011799,20.15899082595875,21.583082300884833
06067008125,3.6585365853658534,3.9634146341463414,20.088956493902494,21.548057073170703
06067008127,0.0,0.0,21.623920319634724,22.54794333333332
06113011002,0.0,0.0,24.750418725490114,26.514064803921585
06113011101,0.0,0.0,24.22107999999992,26.11756999999992
06113011103,0.0,0.0,24.336306999999962,25.63980199999994
06065041001,0.0,0.0,26.562930000000033,31.102889999999945
06037224200,5.263157894736842,10.526315789473683,24.304790000000015,26.31151
06037224320,0.0,6.451612903225806,23.736601935483883,26.86789322580646
06037224420,3.571428571428571,3.571428571428571,23.221644285714294,25.566478571428565
06113010201,0.0,32.38636363636363,21.831185852272768,24.336564374999963
06113011203,0.0,0.0,24.86430747252742,26.596280000000046
06113011204,0.0,0.0,24.273695748987855,25.988699635627587
06037224600,0.0,8.695652173913043,20.51378,23.703899999999987
06037265420,0.0,1.9801980198019802,23.513009999999973,24.152210000000014
06037267800,19.841269841269842,19.841269841269842,24.090369999999933,27.254500000000004
06037267600,0.0,0.0,24.611734897959213,25.23811836734696
06037267700,0.0,0.0,24.857780000000034,25.11167
06099002904,2.358490566037736,2.358490566037736,20.956461462264127,23.109212641509494
06037235201,1.0309278350515463,8.24742268041237,22.884209999999996,25.44801000000003
06037235202,1.7699115044247788,4.424778761061947,23.28702203539822,25.836038318584077
06065042210,0.0,0.0,20.284110000000037,23.465830000000043
06065042402,0.0,0.0,22.192549999999926,26.175210000000032
06105000102,8.415398388540735,8.952551477170994,22.28440362578324,23.22215856759189
06105000101,9.90023023791251,14.121258633921718,21.959066024558794,22.815669508825913
06065042403,0.7490636704119851,1.1235955056179776,21.972763258426937,26.703856367041304
06065042404,2.803738317757009,4.672897196261682,21.890059999999988,26.902779999999936
06037269800,0.0,0.0,23.25588190476191,25.374623968253935
06113010203,0.0,95.43147208121827,21.832878781725917,24.629620050761382
06113010204,0.0,68.14159292035397,21.790785221238995,24.49157761061952
06065042708,2.4691358024691357,22.633744855967077,22.73548201646099,19.17794646090532
06065044907,0.0,0.0,21.714786056338056,28.81414605633812
06065045704,0.0,0.0,16.395339767441893,23.677151627906955
06113010509,1.3793103448275863,13.793103448275861,24.814455862068947,25.133995793103473
06065031001,0.0,0.0,23.55790741573034,27.3428308614234
06065031002,0.0,0.0,23.82072000000007,28.11501000000006
06065040703,1.1286681715575622,20.993227990970656,24.823970744921144,29.46507808126433
06067008128,0.0,0.0,21.134342063492053,22.61339523809521
06065041002,0.0,0.0,24.314261559633003,29.87846541284406
06067008131,11.627906976744185,19.601328903654487,21.867750099667685,22.43040378737527
06081600800,0.0,0.0,25.85846999999996,27.149390000000025
06081600900,0.0,0.0,25.85847000000002,27.149390000000032
06113010510,6.779661016949152,18.220338983050848,24.827097330508472,25.081269745762803
06095250300,26.41509433962264,30.81761006289308,25.550093270440247,24.152379685534548
06067008132,2.4691358024691357,5.349794238683128,21.594014197530907,22.536565349794255
06067008133,9.0,13.0,21.90856000000002,22.42929999999999
06067008134,5.825242718446602,10.679611650485436,21.73854135922327,22.301051601941637
06037226410,0.0,7.894736842105263,20.51378,23.703899999999987
06037227020,0.0,0.0,20.272478703703705,23.27937129629629
06037228100,0.0,0.0,19.329210000000025,21.619850000000024
06037228210,0.0,2.2222222222222223,20.461132444444445,23.61127555555554
06037228220,0.0,0.0,20.094244791666664,22.965798958333327
06037228310,0.0,5.797101449275362,20.51378,23.703899999999983
06037228320,0.0,20.0,20.51378,23.703899999999983
06037228420,0.0,8.108108108108109,20.51378,23.703899999999987
06037228710,0.0,0.0,22.042590980392156,24.524267058823508
06037228720,0.0,9.375,21.392179218749988,23.903022968750005
06037269000,0.0,0.0,23.499242530612285,26.733033102040796
06037269100,0.0,0.0,23.400399999999994,26.841890000000035
06037269300,3.5000000000000004,3.5000000000000004,24.050025249999923,27.21291550000001
06037269500,0.0,0.0,23.400400000000033,26.84188999999998
06037269700,0.0,0.0,23.400399999999994,26.84189000000002
06067009610,0.4,100.0,21.890726639999926,23.87827279999992
06113010602,3.061224489795918,8.673469387755102,24.194080000000117,25.105889999999906
06067002600,0.0,100.0,23.59729999999995,24.34808000000003
06037237710,0.0,0.0,22.95336999999997,25.13070999999998
06037239330,0.0,0.0,23.29840000000001,25.198139999999988
06037240700,0.0,0.0,23.898589999999913,29.332159999999956
06037240800,0.0,0.0,23.89859000000001,29.332159999999973
06037241110,8.823529411764707,8.823529411764707,24.615294117647057,28.29926749999997
06037241120,0.0,0.0,24.637890975609753,28.26670158536584
06065042520,0.4975124378109453,4.975124378109453,21.273241194029854,23.842185223880556
06065042709,0.0,0.0,23.125027426900704,19.87135973684197
06037241400,0.0,0.0,25.087269999999993,27.61906999999998
06065042711,3.5416666666666665,17.5,22.958167124999925,19.559613499999838
06065042714,5.454545454545454,5.454545454545454,22.632840254545517,20.69440421818177
06065045209,0.0,0.0,15.610283710691794,21.200025849056615
06067008135,0.8620689655172413,7.758620689655173,21.23558905172414,21.990096810344802
06081601000,0.0,0.0,26.750646944444433,27.467246111111127
06067008136,4.385964912280701,7.017543859649122,21.088765701754376,22.009098070175426
06067008138,0.0,0.0,20.466083333333398,21.770004947916632
06067008139,0.0,2.2222222222222223,20.018160000000027,21.75864000000001
06067008141,9.523809523809524,17.063492063492063,20.563283849206368,21.847651825396806
06067008142,3.664921465968586,4.18848167539267,20.83334146596856,22.184038743455496
06067008143,5.688622754491018,7.784431137724551,20.70629547904199,22.085781437125767
06067008144,4.3478260869565215,4.891304347826087,20.07310673913049,21.730290434782614
06037262302,0.6578947368421052,0.6578947368421052,26.814357302631517,26.495580526315678
06037229200,0.0,1.7543859649122806,22.809870175438586,24.93599263157893
06037229300,0.0,7.462686567164178,22.841223582089526,24.952817014925355
06037229410,0.0,2.0408163265306123,23.298399999999997,25.198139999999984
06037229420,0.0,0.0,23.29839999999998,25.19813999999998
06037231100,0.0,10.0,20.685962,23.843134999999986
06037231210,0.0,11.11111111111111,22.235599999999984,25.09625000000003
06037231220,0.0,3.9215686274509802,22.235599999999987,25.096250000000033
06037231400,0.0,7.865168539325842,22.966702247190973,25.11631853932586
06037231710,0.0,7.142857142857142,22.235599999999984,25.096250000000026
06065043003,0.0,95.09803921568627,27.302242205882315,26.55204735294123
06065043211,3.9145907473309607,3.9145907473309607,24.66759886121006,25.388448505338047
06065043220,0.0,0.0,24.703129081632717,27.411146071428533
06065043304,3.1313818924438395,5.037440435670524,24.347387127297655,25.831371150442187
06065043306,4.368932038834951,78.64077669902912,24.682193980582564,21.65172601941744
06065043307,0.7874015748031495,38.976377952755904,24.670061692913478,21.84640885826768
06099003610,0.0,0.0,21.223367261904713,21.655533333333295
06099003611,0.0,0.0,20.747313038674005,22.58344651933699
06099003501,65.15513126491646,67.78042959427208,24.82695747016719,24.814728329355443
06099003502,19.839142091152816,51.742627345844504,23.793560053619313,26.044864128686285
06099000405,7.114093959731544,7.114093959731544,18.734418268456213,20.61913864429521
06099000913,0.0,0.0,18.419461610942204,20.547476838905666
06099002506,0.0,0.0,20.77121954022998,20.90130954022989
06065044805,8.333333333333332,37.17948717948718,19.372264615384637,20.482662307692298
06001406601,0.9259259259259258,1.8518518518518516,23.325389999999974,26.335979999999967
06001405402,0.0,0.0,22.991435348837225,24.881545116279074
06099000511,0.0,0.0,19.565514675767954,22.561493037542615
06099003003,1.0230179028132993,3.8363171355498724,21.89323897698209,21.61402585677744
06099003608,0.3179650238473768,0.3179650238473768,21.784875087440373,23.115585103338542
06037240010,0.0,4.0,23.89859000000001,29.33215999999999
06037240200,0.0,0.0,23.898589999999977,29.332159999999963
06065045302,1.2195121951219512,1.2195121951219512,14.929893048780485,20.999777560975577
06065045501,0.0,0.0,17.06769234146335,21.27018843902438
06099000915,0.0,0.0,18.40976526748967,20.546446954732403
06099003612,0.0,0.0,20.32220764119606,21.800877541528237
06099000205,0.0,0.3105590062111801,19.48297192546574,20.514954316770154
06099002304,9.243697478991598,36.134453781512605,20.76585638655459,20.77800210084032
06099003609,0.0,0.0,21.571876287425084,22.405800479041897
06099000914,0.0,0.0,18.428752558139475,20.598087534883742
06099000406,0.0,0.0,19.14564308593749,21.689743320312424
06099002505,0.0,0.0,20.70789077380958,21.177762023809514
06099002303,15.469613259668508,55.80110497237569,21.20646994475129,20.79525320441991
06037240500,0.0,0.0,23.898589999999956,29.33215999999996
06099003607,8.745684695051784,8.745684695051784,23.297243555811097,24.352498964326635
06099000407,0.5602240896358543,1.1204481792717087,19.230239663865554,22.42780243697469
06099003203,95.01385041551247,98.61495844875347,24.172601412742367,27.674070775623186
06099003205,92.38578680203045,100.0,23.456567005076124,27.006075177665014
06099003206,68.34170854271356,70.35175879396985,23.53118356783915,27.699344824120526
06099000512,0.0,0.0,19.6241,22.444419999999933
06099003204,98.67549668874173,100.0,23.632114635761532,27.203011655629155
06099003004,0.0,0.0,22.134350914285616,23.151909371428562
06099000514,0.0,0.0,20.13322894039733,22.29978271523175
06037270200,2.2222222222222223,2.2222222222222223,23.517724111111118,26.47116522222221
06037270300,3.061224489795918,38.775510204081634,24.336413265306135,27.297349795918354
06037271100,25.471698113207548,25.471698113207548,24.09036999999994,27.254500000000004
06037271200,0.0,0.0,24.342919824561417,25.49713245614036
06037271300,0.0,0.0,23.949878314606746,25.555946853932614
06037271400,0.0,0.0,24.079960000000025,25.511410000000044
06029005900,51.41843971631206,88.65248226950354,21.690181170212664,26.349774113475274
06113010605,0.0,1.1049723756906076,23.667333204419872,25.82043508287296
06099000513,0.0,0.0,19.99663865168536,22.20972490636703
06099000204,0.6349206349206349,2.5396825396825395,19.622695142857133,20.58724403174603
06099002903,0.0,0.0,20.570705285235032,22.97063320469803
06113010607,0.6734006734006733,21.548821548821547,23.484844141414285,25.712221717171605
06081601700,0.0,0.0,26.254279745222973,27.086278662420344
06081601800,0.0,0.0,27.391592263374356,28.622030000000084
06065042406,1.4285714285714286,1.4285714285714286,20.589435714285752,25.105681285714297
06065042405,0.0,0.0,20.677524122137438,25.2273948091603
06113010701,3.255813953488372,28.37209302325581,24.375564465116387,25.133175767441777
06113010703,5.9171597633136095,24.2603550295858,25.22089999999993,25.26027000000009
06113010704,0.8771929824561403,23.684210526315788,25.22089999999996,25.26027000000006
06065043310,0.0,0.5952380952380952,25.21310369047614,25.310105476190408
06071000308,0.0,0.0,23.20394290909089,23.657202727272754
06071000306,0.0,0.0,23.054518421052663,23.453434105263167
06037222700,0.0,11.11111111111111,22.2356,25.09625
06037228800,0.0,0.0,20.518545,23.021325000000026
06037228900,0.0,0.0,21.707880000000014,24.42280000000003
06037229100,0.0,9.859154929577464,22.82796450704223,24.968814084507038
06067009609,0.0,100.0,21.908381693989043,23.83368382513661
06065043308,0.0,42.857142857142854,25.697639999999986,25.057989999999954
06065043309,7.462686567164178,10.44776119402985,26.15483402985072,22.275706417910392
06065043311,1.2903225806451613,1.2903225806451613,25.652458774193516,25.454892129032192
06065043312,5.1020408163265305,61.224489795918366,25.697640000000018,25.057989999999958
06065043313,0.5882352941176471,30.58823529411765,25.69763999999997,25.057989999999915
06065044806,2.054794520547945,100.0,20.739670821917834,22.796556780821895
06001437102,0.0,0.0,21.126499629629645,23.237738148148143
06001435601,0.0,0.0,22.51881000000002,26.440830000000002
06067008145,2.140077821011673,2.529182879377432,20.23570130350188,21.735528249027364
06067008203,1.9283746556473829,2.203856749311295,20.116607451790564,21.656348732782423
06067008204,1.4534883720930232,1.4534883720930232,20.81404000000014,22.37506000000011
06065044911,0.0,0.0,17.00531745412839,22.329804701834746
06067008510,1.2345679012345678,1.2345679012345678,20.1633012345678,22.889999432098794
06113010800,47.8021978021978,61.53846153846154,23.652489725274695,25.652582142857177
06113010901,4.326923076923077,83.17307692307693,23.958466057692227,25.557058173076904
06067008206,0.0,0.0,20.876012394366196,22.555305239436777
06067008208,0.0,0.0,20.78342348027841,22.560993109048923
06037232110,0.0,2.0408163265306123,22.660402653061194,25.116644693877547
06065044916,0.0,0.0,24.166559999999862,28.784880000000026
06065045502,0.0,0.0,15.580599782608685,21.196190000000026
06067007301,2.5540275049115913,6.4833005893909625,22.543003536345758,24.697627269155024
06067009637,0.0,0.0,21.428069999999952,22.11870999999999
06067988300,0.0,0.0,20.33272540540544,22.788261567567513
06067007101,97.91666666666666,100.0,22.964681874999997,22.642244375000008
06067007105,100.0,100.0,22.246069488188894,23.701258937007815
06067003203,4.201680672268908,100.0,21.495359999999938,22.83609999999999
06067009326,1.188707280832095,2.2288261515601784,21.062915646359585,22.013197310549675
06067009330,12.085308056872037,13.507109004739338,21.282612535545038,22.486669146919503
06071009709,32.23249669749009,32.23249669749009,20.836058388375285,24.10206602377811
06071010012,3.5629453681710213,3.681710213776722,18.31210068883583,20.62528558194778
06037232200,0.0,8.620689655172415,22.235599999999984,25.096250000000033
06067009611,0.0,0.0,21.460930264900615,22.643244437086103
06067009614,1.4925373134328357,97.38805970149254,21.652268022388157,23.08509712686575
06067009616,0.0,0.0,21.431788210526456,22.086599894736946
06071010010,0.0,0.0,22.601108179190504,22.195865924855607
06071010011,0.0,0.0,18.14422160550481,17.895123577981785
06071010016,0.0,0.0,22.85124876595732,22.504924489361624
06037242700,0.0,0.0,22.872259689922405,25.488606666666666
06037242100,0.0,0.0,22.891499999999976,26.248790000000017
06005000201,3.7124802527646126,3.7914691943127963,22.10203769352294,22.44062502369679
06005000202,2.736318407960199,2.736318407960199,22.34078625621894,23.456110547263798
06037243100,0.0,0.0,22.8623,25.0951
06037261200,0.0,3.009259259259259,25.31893662037026,27.635459398148154
06065041809,0.0,0.0,24.540750000000042,30.210530000000038
06065041810,0.0,0.0,25.266037615176348,30.88150273712725
06065041812,0.0,34.806629834254146,24.365026574585695,29.644877679558036
06065041813,0.45454545454545453,50.45454545454545,24.54075000000005,30.210530000000066
06065042407,0.0,0.0,21.890060000000066,26.902779999999993
06065042408,0.0,0.0,21.890060000000062,26.902779999999982
06065042409,0.0,0.0,20.531399583333364,25.025491597222246
06065042410,6.338028169014084,6.338028169014084,20.696034154929514,24.413620457746465
06065042411,0.0,0.0,21.897023921568678,26.615831764705806
06001437701,0.0,36.507936507936506,22.701540000000016,24.357089999999978
06065043314,0.0,15.953307392996107,25.36740334630359,25.280888599221807
06065043315,0.0,1.4285714285714286,24.675100000000043,25.748169999999917
06065043401,0.0,25.0,25.237739740259848,22.572169025974016
06065043403,0.0,33.035714285714285,25.111800892857126,23.209742321428546
06065043404,0.0,51.65562913907284,24.63934999999995,21.71921999999996
06053011202,0.0,0.0,25.220728759689823,24.619315968992336
06053013400,0.8695652173913043,98.26086956521739,23.607647565217377,24.35708226086957
06053010101,40.63745019920319,41.03585657370518,26.234031235059824,27.121686095617434
06065045703,0.0,0.0,16.412510000000072,23.6859800000001
06053000104,3.1055900621118013,94.40993788819875,22.58464565217392,24.575723664596183
06037311801,2.666666666666667,2.666666666666667,26.811030000000027,30.808140000000044
06053001300,0.0,100.0,21.42335253968255,22.388952063492056
06067008210,1.2987012987012987,1.6697588126159555,20.570890426716012,22.901563525046363
06067008211,3.590425531914894,3.9893617021276597,20.69686180851084,22.74945327127636
06067008402,0.0,0.0,20.98017727959695,23.298966649874018
06067008403,1.773049645390071,1.773049645390071,21.57587234042561,23.28134148936164
06067008404,0.0,0.0,21.656450000000024,23.267400000000002
06067009612,0.0,0.0,21.430735263157885,22.072135789473755
06067009800,99.6124031007752,99.6124031007752,22.675658720930198,23.646315658914673
06019000200,0.0,45.09803921568628,22.296310196078455,23.15405964705888
06067009112,0.0,3.9215686274509802,21.354160065359505,22.48075477124186
06067009308,2.8391167192429023,3.7854889589905363,21.445984921135715,22.548622776025223
06065041905,1.0204081632653061,1.0204081632653061,24.794145000000047,29.111806734693886
06053001400,0.0,100.0,21.277270000000033,21.511059999999972
06067009617,0.8163265306122449,53.46938775510204,21.509455346938758,23.20804542857151
06081611400,0.0,0.0,22.27046174030621,22.168348151487805
06081609603,1.8433179723502304,1.8433179723502304,24.339335529953793,22.728961566820246
06037534403,0.0,0.0,21.927963750000018,25.46805999999998
06065041906,2.1164021164021163,4.232804232804233,24.68197957671959,29.01858571428568
06065042010,0.7957559681697612,0.7957559681697612,23.73176407161799,23.972050583554314
06065042505,0.0,15.048543689320388,20.217279223301045,23.86371349514568
06103000100,21.105232216343328,21.222810111699,25.04160570840685,24.865784021164135
06103000300,5.764611689351481,5.764611689351481,25.70951559247393,24.21488835068044
06103000400,6.198034769463341,12.01814058956916,24.342518896447068,23.709574104308086
06103000800,9.222133119486768,9.222133119486768,24.764151307136785,23.730433648757078
06081602300,12.587412587412588,22.377622377622377,27.741769790209798,29.05942419580415
06081609602,0.0,0.0,24.3541929310345,22.71816793103446
06081613000,1.9305019305019304,1.9305019305019304,24.599747760617706,24.26579436293444
06081603000,0.0,0.0,28.590129999999906,29.146789999999864
06081604500,1.1560693641618496,1.1560693641618496,25.00491104046247,25.755531849710987
06081607600,0.0,0.0,25.19246075757575,23.959555
06081611100,0.0,5.476190476190476,23.456902071428388,23.35499357142863
06081607000,0.0,0.0,23.584984141414196,23.659011111111152
06081604900,0.0,0.0,25.146774904761823,25.41814609523815
06081610302,72.04301075268818,97.84946236559139,21.963299354838753,22.081087311827954
06081613400,1.7176997759522032,1.9417475728155338,23.538594025391696,23.7656116131443
06081602900,1.4084507042253522,1.4084507042253522,28.5672549295775,29.124215070422434
06081602800,0.0,0.0,27.383974632352903,27.956460441176425
06081603200,16.216216216216218,30.810810810810814,27.62042427027025,29.118417027027082
06065042507,0.7633587786259541,0.7633587786259541,23.575491374045857,24.6738852671757
06065042508,0.0,0.0,23.589570000000055,24.74182000000005
06065042510,0.0,0.0,21.9310279532164,23.994712222222244
06065043405,1.1976047904191618,10.179640718562874,24.724893113772403,21.146324191616777
06065043503,5.325443786982249,18.93491124260355,25.034787514792868,21.49156627218936
06065043506,10.021786492374728,10.457516339869281,25.025926949891087,21.05625215686267
06037531602,0.0,0.0,19.813979999999997,23.482279999999964
06037219700,19.607843137254903,38.23529411764706,23.9641687254902,24.789682843137303
06037221820,0.0,13.793103448275861,22.35875172413792,25.53452931034484
06037264000,0.0,0.3875968992248062,25.5284513565891,25.47216740310073
06053000200,0.0,100.0,21.203320000000023,22.89246999999987
06053000300,0.0,98.71794871794873,22.527209230769188,23.565996153846154
06053000400,3.5897435897435894,100.0,21.799070153846152,23.195556769230684
06103000600,76.92307692307693,90.88757396449704,24.273013751479535,23.043836721893598
06077004308,0.0,46.42857142857143,23.072920000000032,22.423440000000024
06077004403,0.0,100.0,23.197553177570143,22.690895607476648
06083000900,16.666666666666664,21.21212121212121,30.15934295454552,29.139814545454538
06083001101,0.0,0.0,29.436153949579868,28.92674823529409
06083001102,0.0,0.0,30.137854736842154,29.108915789473684
06077005130,0.0,100.0,21.943189235294124,21.965218352941136
06077005208,0.0,0.0,20.430174999999995,22.014748496240568
06113010608,3.3980582524271843,3.3980582524271843,23.93618281553408,25.316258349514488
06065045706,4.40251572327044,4.40251572327044,16.519150880503194,23.634642264150994
06053000800,0.0,100.0,21.756743868613107,22.67578058394166
06083000501,0.1589825119236884,0.1589825119236884,31.88352906200297,32.36996317965026
06083002010,1.0101010101010102,1.0101010101010102,24.706894747474696,27.433256094276192
06083002809,3.5169988276670576,4.9237983587338805,25.14613654161775,29.300993094958976
06083002808,0.17857142857142858,0.17857142857142858,24.106437732143004,29.567407928571143
06077002401,0.0,4.591836734693878,21.242519999999896,21.564870000000067
06083000103,0.9873060648801129,1.1283497884344147,31.61994702397726,31.505097517630503
06083000502,2.1333333333333333,3.733333333333334,33.892826933333474,32.88586506666651
06077004106,22.281167108753316,100.0,23.535669893899147,22.624346339522514
06083002907,0.8787346221441126,0.8787346221441126,29.646063778558798,29.848577029876925
06077004307,0.0,90.85714285714286,23.788881200000034,23.713987485714267
06083002006,8.616187989556137,8.616187989556137,25.03060236292432,28.01115922976506
06077004703,3.0420353982300883,3.9269911504424777,21.214758667035028,21.287553390486423
06077004704,7.807535179300953,17.657739446209714,20.64839478438455,21.820208710848544
06083002005,6.904761904761905,7.6190476190476195,25.643832071428417,27.786686333333463
06083000600,1.342281879194631,1.7897091722595078,30.524267203579434,30.499942684563692
06083001800,10.231023102310232,22.112211221122113,29.810552112211216,31.515110561056055
06083000700,1.378579003181336,1.378579003181336,30.64876273594896,30.870676723223248
06083001500,5.154639175257731,5.623242736644799,32.302208584817635,33.69329165885709
06077002503,100.0,100.0,21.200609411764717,21.483216470588246
06083001203,0.0,0.0,29.55289837563451,28.930150761421455
06065031100,0.0,0.0,22.932480000000126,25.50524000000016
06065044702,0.0,0.0,23.014630000000004,30.055800000000062
06065040806,2.3255813953488373,4.651162790697675,22.87696465116285,29.95115897674424
06081613501,5.787781350482315,5.787781350482315,26.917727813504918,28.53067099678454
06081609700,0.0,0.0,24.436198329466166,23.5245926218099
06081609500,0.38910505836575876,0.38910505836575876,24.53256879377434,22.071173540856087
06081604700,0.0,0.0,25.054534459459404,25.67592716216215
06081600300,0.0,0.0,23.87970161290319,24.769008387096754
06081609601,0.0,0.0,24.088515404255258,22.901074382978706
06081603300,2.3376623376623376,3.116883116883117,27.18999400000001,29.00449000000007
06081608001,4.301075268817205,4.301075268817205,25.118579999999998,23.270619999999997
06081605000,0.21321961620469082,10.660980810234541,25.15210761194043,25.3750231343282
06065041201,0.0,0.0,25.348514144144108,30.142403063062915
06065041202,0.0,0.0,25.424109943181875,29.41044789772729
06053000900,2.142857142857143,100.0,21.60969342857141,22.804296285714315
06081608900,1.2698412698412698,2.5396825396825395,24.158022063491973,22.928491650793617
06081602700,0.0,0.0,28.40053189473677,29.03325389473674
06081604200,32.758620689655174,43.96551724137931,27.61739189655173,28.869403189655138
06065041203,0.0,0.0,25.491844948453608,30.488604432989703
06065041403,0.45662100456621,15.981735159817351,26.909714520547986,28.197463881278555
06065041404,0.0,62.57668711656442,24.624080736196394,27.007438466257728
06067008501,0.0,4.872389791183294,20.51884278422276,23.247619860788863
06067008504,0.9174311926605505,4.128440366972478,21.420582568807284,23.45277669724762
06065043702,2.464788732394366,2.464788732394366,26.076121936619813,25.23313661971825
06065043703,0.0,0.0,25.48028274853806,23.858791228070103
06077004105,10.606060606060606,100.0,23.557551641414072,22.127955378787856
06077005131,6.9835111542192045,9.990300678952474,20.113756808923334,21.34472206595568
06077005132,0.0,0.0,21.800439999999984,22.893660000000033
06077005133,0.0,0.0,21.660500520833324,22.745252812500055
06077005134,0.0,0.0,20.235949310344758,20.46266560344836
06065043807,11.058823529411764,11.058823529411764,24.71132522352936,25.381534517647026
06065043900,2.933333333333333,2.933333333333333,24.827134986666696,26.088338906666646
06077005308,0.0,0.0,20.16689232558143,20.95345023255815
06077004404,0.0,87.25490196078431,23.17069588235296,22.71013911764707
06019004409,0.5291005291005291,0.5291005291005291,22.217249735449695,21.252158994708964
06019004214,0.0,0.0,22.91903999999994,21.850089999999923
06083002303,6.289308176100629,6.289308176100629,25.76824000000004,28.65697981132071
06083002708,0.0,10.119047619047619,27.91386000000003,28.40277999999998
06083001601,12.631578947368421,16.140350877192983,29.730878561403447,31.477706140350993
06081601400,0.0,0.0,26.965999999999926,27.54397000000005
06017030706,0.14388489208633093,0.5755395683453237,19.40288305035989,22.204045021582996
06017030710,0.15337423312883436,0.15337423312883436,19.982706257668795,22.292760705521694
06017031900,23.943661971830984,23.943661971830984,21.403969999999994,22.39068788732396
06061022300,6.176470588235294,7.0588235294117645,25.837276823529393,24.2347787058825
06067008512,4.166666666666666,4.166666666666666,19.947775654761838,22.75283208333332
06013302006,6.0606060606060606,6.0606060606060606,23.30938666666661,22.873476818181764
06013302005,2.476780185758514,2.476780185758514,22.64570724458185,22.386377678018555
06013313204,0.0,0.0,21.283374664310948,23.090758551236856
06083002909,0.7117437722419928,0.7117437722419928,26.628388576512343,27.74271380782906
06083002913,3.816793893129771,3.816793893129771,28.959934694656496,29.142195381679468
06083002914,0.9900990099009901,0.9900990099009901,29.83002000000008,29.875369999999982
06077004502,0.0,100.0,23.369269999999993,23.059389999999944
06083000101,6.481481481481481,6.481481481481481,30.547427098765407,30.598725123456735
06065046101,0.0,0.0,22.489896500000036,24.611885000000026
06065046102,0.0,0.0,23.631540000000022,17.697220000000012
06077005405,0.0,0.0,20.197310000000012,20.79408
06077005406,0.0,0.0,20.197310000000012,20.79408000000001
06077002402,56.32911392405063,86.70886075949366,20.9764872151898,21.829602911392467
06077003217,0.0,0.0,22.562131318681338,23.145443076923115
06077002504,100.0,100.0,20.910029333333345,20.91708533333334
06019005608,2.127659574468085,64.53900709219859,23.0368359574468,23.37237319148933
06019005518,0.0,0.0,22.693518924731112,23.94658634408625
06019005520,3.754266211604096,15.699658703071673,23.307149999999897,24.15877
06019005525,9.769094138543517,37.83303730017762,23.57114230905854,23.704085559502907
06019005522,3.564727954971857,27.01688555347092,23.171393583489603,23.633724709193455
06019005524,0.0,98.82005899705014,22.442334867256577,22.25199920353994
06001450743,7.801418439716312,29.78723404255319,21.05855765957447,22.586174680851066
06001451404,0.0,0.0,20.87721982378852,22.044352026431746
06083003001,22.839506172839506,30.864197530864196,28.44593092592594,28.7326855555556
06083003004,6.666666666666667,6.666666666666667,28.147658833333427,28.23649770833342
06065031200,0.0,18.548387096774192,22.110509220430092,24.451979435483956
06065031300,0.0,71.96969696969697,21.989546212121258,23.561236212121173
06065040809,1.5625,3.6458333333333335,24.04127645833329,27.62699734374999
06001403501,6.493506493506493,10.38961038961039,24.999072987012955,23.93519610389613
06065031401,0.0,0.0,23.13806208633082,26.338129892086464
06065031402,0.0,0.0,23.6835920930232,27.775455697674587
06065031501,0.0,0.0,23.437727656249876,27.020097718750073
06079010504,13.829787234042554,15.602836879432624,25.36803315602826,29.716958226950215
06079010602,2.6515151515151514,2.6515151515151514,24.78655181818192,30.234178787878893
06019003004,0.0,95.55555555555556,23.826805666666708,23.902922000000046
06019004213,0.0,0.0,22.935609433962355,21.815280188679193
06013313206,1.82648401826484,1.82648401826484,21.637736849314972,23.461043789954395
06065041405,0.0,0.0,24.077258245614114,26.73155538011702
06065041406,0.0,0.0,24.425688030303125,27.228074090909164
06065041407,0.0,0.0,25.39414658536593,28.83508512195122
06065041408,0.0,53.46534653465347,25.33379564356434,28.09453336633664
06065041410,1.1111111111111112,53.333333333333336,25.927204666666693,28.72023333333332
06013338101,1.910828025477707,3.1847133757961785,24.27206999999999,25.565999999999914
06013338102,2.2026431718061676,6.167400881057269,24.27257048458144,25.469906167400804
06083000102,3.10077519379845,3.488372093023256,33.25087174418611,32.63461465116266
06083002924,7.142857142857142,7.142857142857142,27.64841999999999,28.35887000000002
06083002926,0.0,0.0,27.64841999999999,28.35887000000002
06083002932,8.146067415730338,11.797752808988763,28.481314915730277,30.74945426966305
06083003007,0.8988764044943821,1.0112359550561798,29.94205978651706,29.521122370786667
06077005502,22.610015174506827,22.91350531107739,20.495256525037863,23.560450925644975
06077003313,2.898550724637681,11.594202898550725,21.260326521739117,21.717033478260895
06001406500,1.8518518518518516,6.481481481481481,23.20780138888888,25.82734777777776
06083002008,0.0,0.0,22.033859999999763,26.541869999999818
06083002009,0.0,0.0,24.440790882352847,27.224676176470698
06083002011,2.247191011235955,2.247191011235955,23.996991123595635,28.91246453183517
06083002012,0.7905138339920948,1.185770750988142,23.89974213438731,27.87377584980231
06067008907,0.0,88.8235294117647,20.613010352941114,21.186553058823584
06067008908,0.0,74.22222222222223,20.476312088888815,21.427965288888892
06067008909,19.852941176470587,77.94117647058823,20.894929999999963,21.48196999999997
06067008702,0.3731343283582089,97.76119402985076,20.234593097015015,21.069843320895508
06065042512,0.0,0.0,21.164629999999992,25.527919999999998
06077003216,1.694915254237288,1.694915254237288,22.562229661016918,23.145997966101742
06019005911,3.307888040712468,3.307888040712468,23.84970463104329,24.277453918575105
06019005907,5.263157894736842,6.220095693779904,22.945244736842156,24.028788851674662
06019006202,6.334841628959276,6.334841628959276,20.64628843891402,20.98570545248874
06095250105,0.6622516556291391,0.6622516556291391,25.929428741721882,24.3123228476821
06083003005,12.406015037593985,18.796992481203006,29.42950883458663,29.353237969924898
06083001905,4.622705642420122,7.138001359619306,31.117200217539317,34.23151328348011
06083002205,0.0,0.0,23.765789999999956,27.82850999999994
06065044000,3.4246575342465753,20.54794520547945,24.986861506849365,26.641043493150733
06065044101,0.0,38.92215568862276,25.960774191616835,25.728313413173638
06065044102,0.0,23.48993288590604,25.956456174496715,25.736158791946288
06095250605,0.39215686274509803,0.39215686274509803,25.674320000000066,26.273970000000123
06095250604,0.4830917874396135,0.4830917874396135,25.492750144927577,25.4017936714976
06095250103,1.646090534979424,1.646090534979424,25.130102016461038,24.0056197942386
06095252311,0.5797101449275363,0.5797101449275363,28.662107478260857,25.411033913043465
06065044103,4.962779156327544,9.67741935483871,24.872643895781565,26.496245037220746
06083002101,0.0,97.87234042553192,23.765789999999953,27.828509999999934
06083002102,0.0,1.834862385321101,23.765789999999964,27.828509999999966
06019005516,0.0,0.0,21.316110696969602,20.477891909090793
06019006502,29.288702928870293,31.380753138075313,22.262941422594135,20.55167104602508
06083002103,0.0,0.0,24.742959924812073,27.452604736842048
06083002013,4.670329670329671,11.263736263736265,23.595805439560294,28.02660288461553
06065046103,0.0,0.0,22.703526917562684,19.618548422939078
06047002500,7.142857142857142,8.73015873015873,22.315179317460263,24.026946730158745
06077003312,2.666666666666667,2.666666666666667,21.137289999999965,21.564830000000022
06077003409,0.0,38.36477987421384,21.59134937106925,22.118233647798778
06077004501,5.0,100.0,23.351923000000014,23.05913374999994
06083002206,0.0,8.875739644970414,23.76578999999995,27.828509999999973
06083002209,0.0,0.0,25.13011320000001,27.70716479999997
06083002210,1.7094017094017095,23.076923076923077,24.553687435897512,27.758433076923087
06083002304,0.6097560975609756,28.65853658536585,25.800912439024444,28.67049731707312
06077005135,0.4010695187165776,9.62566844919786,20.428765548128258,20.923195989304798
06019006501,15.313935681470136,19.29555895865237,23.312635911179218,21.993191684533024
06007001702,0.0,0.0,24.503762762973068,23.446587124824735
06007001800,0.0,0.0,23.7015858317026,24.202067338551906
06007002000,0.0,0.0,23.956412846153736,24.1030796730767
06007002300,1.6339869281045754,1.6339869281045754,22.89941590413939,23.11093913943358
06007003200,9.571428571428571,9.785714285714285,22.935691285714057,21.22566072857156
06007001500,56.3030303030303,56.484848484848484,24.54544837575796,25.65621910303035
06007003400,100.0,100.0,24.37123250349665,24.05914426573425
06007002200,2.121771217712177,2.121771217712177,23.35624856088557,24.21517397601505
06007003600,87.58700696055685,87.58700696055685,24.883854211137184,23.88404778422272
06007002700,0.8939974457215836,0.8939974457215836,22.623204482758773,21.59362389527428
06065045103,1.579778830963665,52.44865718799369,18.222837630331824,24.55181011058477
06065046404,0.0,1.2903225806451613,23.75110722580636,22.51949094623664
06033000802,25.141242937853107,27.401129943502823,30.821289774011255,30.653782372881587
06095252310,16.192560175054705,17.72428884026258,28.123678096280084,24.34849148796519
06095252313,2.8169014084507045,2.8169014084507045,27.659291183098553,25.10840664788724
06095252312,2.0408163265306123,2.0408163265306123,27.28900295918362,24.525733469387685
06095252611,1.8018018018018018,95.4954954954955,26.339509999999947,25.448319999999974
06095252911,0.30120481927710846,42.46987951807229,28.313490120481944,27.076005180722888
06081601501,0.0,0.0,26.965999999999937,27.543970000000005
06081601502,0.0,0.0,26.965999999999937,27.54397
06081601603,0.0,0.0,27.58922706766918,28.883289849624123
06065041411,0.0,26.41509433962264,25.99922367924528,28.71374943396225
06065041412,0.0,18.012422360248447,25.51609888198754,28.03409931677022
06065041702,0.0,71.56862745098039,24.254210000000047,29.288160000000044
06065041704,0.0,100.0,25.05874807228917,29.835409879518103
06065041803,0.29940119760479045,17.065868263473057,24.817402934131707,30.112342095808234
06037267502,0.0,0.0,24.857780000000027,25.11167
06067009316,0.5617977528089888,60.67415730337079,21.645859325842707,23.3884242134831
06067009317,0.32679738562091504,90.84967320261438,21.10213813725493,23.207244771241697
06067009318,0.9900990099009901,92.07920792079209,21.698670990099007,23.29980227722773
06067009319,7.142857142857142,100.0,21.44281481203008,23.28601169172926
06067009309,0.0,0.0,22.642657628205068,22.693563846153804
06067009310,1.1142061281337048,1.1142061281337048,22.585190055710328,22.6174016713091
06067009311,10.0,15.74468085106383,21.396508297872334,23.21126336170212
06067009320,0.0,93.67816091954023,21.085828275862095,23.26617321839073
06073007702,0.0,0.0,28.35502717647057,29.499974117647042
06073020308,4.545454545454546,11.688311688311687,26.4626199999999,29.12158
06067009321,0.0,55.55555555555556,20.930886428571473,23.151090436507825
06019006603,0.0,0.5586592178770949,24.152579999999954,22.934810000000084
06019008501,0.0,0.0,22.029539395973227,22.817881677852352
06019002903,0.0,33.557046979865774,23.171699999999973,23.98446999999997
06081609800,0.0,3.8327526132404177,24.086648432055743,22.999176376306703
06065044200,0.26041666666666663,14.322916666666666,24.552764322916584,24.898846979166674
06065044509,1.4018691588785046,81.30841121495327,21.84224864485973,26.980360140186892
06065044602,0.0,0.0,21.740424100946466,24.634157539432163
06065044604,0.25773195876288657,0.25773195876288657,21.18837999999982,28.4566400000002
06065044701,0.0,0.0,22.876929999999994,23.193440000000006
06065042621,12.043795620437956,12.043795620437956,21.774623284671634,26.284639927007436
06095253403,11.146496815286625,11.146496815286625,27.159587452229356,26.32836009554149
06095252802,0.0,0.0,26.98039291666663,26.867351174242255
06095252912,1.2779552715654952,37.69968051118211,28.525580415335536,27.23718792332264
06095252913,0.8264462809917356,91.32231404958677,27.789786818181867,27.26763409090898
06095253404,0.0,0.0,26.726050000000154,26.395040000000133
06095252315,2.28310502283105,24.65753424657534,27.13371127853868,24.98852694063921
06083002703,0.0,10.05586592178771,27.907100670391063,28.4568930726257
06019004208,4.291845493562231,4.291845493562231,21.426101394849912,21.48082959227475
06019004210,0.0,0.0,22.762321807229014,21.691253975903553
06019003003,0.0,74.31693989071039,23.710160000000034,23.77716000000004
06081601604,0.0,0.0,26.497623636363627,27.23180818181818
06081601605,0.0,0.0,27.58355412698413,28.40320603174601
06019000100,0.0,73.45132743362832,22.294739999999994,23.198730000000033
06065046200,0.0,0.0,22.856226401515144,22.416038257575764
06073017801,0.0,0.0,25.02960149532722,28.40290499999987
06037503000,0.0,0.0,22.21023999999992,24.063599999999962
06019003103,0.0,31.03448275862069,23.63601428571426,23.91805876847292
06019001413,0.0,0.0,23.22436820359303,23.324249740518894
06019005607,4.316546762589928,38.1294964028777,22.633997769784152,22.885674388489186
06019005409,0.0,62.28571428571429,22.01681999999994,20.98369000000002
06019005203,1.3245033112582782,100.0,23.46843450331134,23.907808476821224
06095252914,17.105263157894736,87.71929824561403,27.700833508771968,27.048126754385887
06083002705,0.0,100.0,27.931371450381736,28.73876824427477
06083002706,0.0,14.02439024390244,27.892800304878087,28.407801402438995
06083002707,0.8,86.4,27.923780000000068,28.593112799999936
06037463800,0.0,0.0,25.278789228650155,29.084624049586708
06037463900,0.0,0.0,24.269690452488707,28.456593393665262
06037464000,0.0,0.0,22.226515955678547,26.641805540166306
06037464200,0.0,0.0,22.224508630434716,27.5721601304349
06073012303,4.225352112676056,4.225352112676056,24.428258169014015,29.029411549295848
06073004200,0.0,0.0,24.21426643636357,27.934899454545427
06019001202,0.5813953488372093,96.51162790697676,22.372470697674448,23.240605348837107
06037271500,0.0,0.0,23.84022360655736,25.593489999999996
06037272301,0.0,0.0,23.467991494252892,25.67586505747123
06037272302,0.0,0.0,23.46115650793652,25.5614568253968
06037273100,0.0,0.0,23.92291729323308,25.422539624060203
06037273200,0.0,0.0,23.10977869047619,25.28928190476189
06037273300,1.3157894736842104,1.3157894736842104,23.864923947368403,26.624734736842083
06037273600,0.0,0.0,22.333750000000006,24.023969999999974
06073002904,0.546448087431694,0.546448087431694,23.329626885245926,27.51620196721315
06083000400,0.3952569169960474,0.7905138339920948,30.463785533596706,29.624947351778854
06083000801,24.770642201834864,27.522935779816514,29.316073486238523,29.713255137614635
06083002802,7.6923076923076925,59.76331360946746,25.873928934911213,29.213337455621307
06083002806,9.022556390977442,93.23308270676691,27.246966015037646,29.674467669172948
06081608800,0.0,0.0,24.256316253521053,22.854127295774575
06081609400,0.6451612903225806,0.6451612903225806,24.56060870967738,22.468938709677374
06081613800,14.270941054808686,14.788004136504654,27.48725889348497,28.587265232678295
06081600200,0.0,0.0,23.592529999999947,24.42797999999997
06019003701,0.0,89.14728682170544,24.065320000000032,22.036700000000067
06019001301,0.0,55.769230769230774,22.975423230769174,23.917391384615435
06037480803,0.0,0.0,21.05101544715447,23.814837723577178
06037503201,0.0,0.0,22.579175365853576,24.687874390243895
06037503202,0.0,0.0,20.774429276315747,22.083259144736857
06019002702,0.0,54.49438202247191,23.103054382022435,23.961009999999966
06007002100,0.4158004158004158,0.4158004158004158,23.558586548856606,23.895049459459493
06037501400,0.0,11.607142857142858,20.99267000000004,25.258920000000053
06037501503,0.8620689655172413,2.586206896551724,21.073285862069007,25.196537931034534
06037501504,0.0,0.0,21.035764193548395,25.2255729032258
06037501802,0.0,0.0,21.869872574257396,23.632991881188126
06073002502,0.0,0.0,24.236653127962082,27.9431094312796
06073017052,0.0,0.0,27.504967465437716,31.023792811059824
06073017055,0.0,0.0,27.55515999999991,29.229739999999996
06073017056,0.6756756756756757,0.6756756756756757,27.525584324324235,29.32478641891895
06007002500,1.0159651669085632,3.0478955007256894,23.48946882438325,22.70648506531205
06007000603,0.641025641025641,0.641025641025641,24.20319782051277,24.55719198717956
06007003300,3.7426408746846085,9.75609756097561,23.264491900756667,22.090203288477976
06007001900,0.0,0.0,24.16920787709497,24.454296480446914
06007001400,22.378574670903316,28.143440762596462,24.578863844757343,24.32556845211066
06075030900,0.0,0.0,24.20052511363629,24.47340731060606
06075031100,0.0,0.0,24.453570640000052,24.572482559999973
06075031000,0.0,0.0,24.64730000000004,24.645600000000012
06075032700,0.0,0.0,24.221509999999984,24.57443999999999
06073020213,0.0,20.0,24.071599999999993,29.56845999999998
06073020214,0.0,25.0,24.12902000000003,29.567571249999997
06073000202,0.0,0.0,23.97771999999995,28.906160000000074
06073002712,0.0,0.6578947368421052,23.177140789473626,28.142249342105185
06073003305,0.7462686567164178,0.7462686567164178,23.36715164179104,31.43718865671645
06037480804,0.0,0.0,21.55629500000001,24.088318124999986
06037480903,0.0,0.0,21.60004000000002,22.623849999999962
06037481002,0.0,0.0,22.374846837606896,26.573148376068385
06037481101,0.0,0.0,21.33362000000005,26.19093999999997
06037481102,0.0,0.0,21.649611549295802,26.353385070422533
06037481103,0.0,0.0,22.52505375690616,26.58723270718229
06037481201,0.0,0.0,21.541694132231427,26.074221652892607
06037481300,0.0,0.0,19.691460000000003,24.670090000000034
06075033100,0.0,0.0,23.69743999999995,24.231769999999987
06075033201,0.0,0.0,23.697440000000018,24.23176999999999
06075035201,0.0,0.0,24.173867272727286,24.543288181818216
06075035300,0.0,0.0,23.721261363636312,24.24734590909089
06075035400,0.0,0.0,23.697439999999954,24.231769999999997
06075040100,0.0,0.0,24.47235365079366,24.676411428571424
06075040200,0.0,0.0,24.59141000000002,24.985093846153834
06075042700,0.0,0.0,24.596010727272738,25.081268727272757
06075042800,1.2987012987012987,1.2987012987012987,24.82732000000004,25.39430999999996
06075047600,0.0,0.0,24.22151000000003,24.574440000000035
06037601900,0.0,0.0,25.60926770114945,28.114835172413798
06037534501,0.0,0.0,21.88844301075272,25.481736344085984
06037232120,1.4492753623188406,10.144927536231885,22.62049115942026,25.11472855072462
06019002000,0.0,56.552962298025136,23.789698635547474,22.04674529622977
06019002100,0.0,55.39033457249071,23.559203159851318,22.449620111524226
06037502100,0.0,0.0,20.710888974358998,24.351281217948788
06037502200,0.0,0.91324200913242,20.34328260273971,25.02865990867582
06037502401,0.0,0.0,23.579155609756143,27.82878243902435
06037502402,5.263157894736842,5.263157894736842,20.854581052631563,25.27078421052625
06037481604,0.0,0.0,22.369067777777786,24.075402469135785
06037481712,0.0,0.0,24.091690000000007,27.32688000000004
06037481713,0.0,0.0,21.961148695652188,23.305448550724613
06037481714,0.0,0.0,22.024150638297883,23.42436574468083
06037481800,0.0,0.0,21.48635825000001,22.553119166666622
06037481901,0.0,0.0,21.024883636363658,23.681885844155747
06019004506,0.0,0.0,22.09840731034479,21.202433862069018
06019004601,0.0,0.0,21.92594000000006,21.35669
06019004602,0.0,14.285714285714285,23.10049465045599,22.103476139817698
06019004704,0.0,0.0,22.65565809248563,21.573299190751506
06075023400,0.0,0.0,23.02997862068965,24.908729482758652
06075025100,0.0,0.0,22.528890000000025,23.95373666666668
06075047701,0.0,0.0,24.221510000000006,24.574440000000006
06075060100,4.3478260869565215,4.3478260869565215,24.648417391304342,24.98600260869566
06019003001,0.0,88.88888888888889,24.709980000000048,24.855120000000017
06019003102,0.0,38.4,23.6391319999999,24.10488120000009
06079010707,1.0582010582010581,1.0582010582010581,26.385845291005143,33.563714391534425
06079010403,1.8404907975460123,2.2494887525562373,25.249817300613323,25.756261963190028
06085503710,50.66666666666667,72.0,18.832187999999988,24.94890399999997
06085503711,18.181818181818183,21.818181818181817,18.85547381818182,25.002572363636325
06075047902,0.0,0.0,24.242766491228082,24.60320736842107
06073016607,1.2779552715654952,6.3897763578274756,23.16010952076688,25.088633738019094
06079012505,2.4258760107816713,10.91644204851752,29.125943719676762,31.102725673854355
06019005410,0.0,3.225806451612903,22.310018064516136,21.514496709677402
06079010603,8.333333333333332,14.166666666666666,22.252521249999997,29.010717833333317
06079011704,8.480565371024735,10.247349823321555,26.232015936395836,30.81368381625452
06019005906,10.946408209806158,12.542759407069557,21.366357719498275,21.546109213227023
06079011001,0.0,10.676156583629894,28.270261067615596,32.51675811387908
06019006201,9.316770186335404,16.149068322981368,20.480376956521713,21.396815652173867
06037481500,0.0,0.0,24.091690000000078,27.326880000000035
06019005000,1.1406844106463878,41.06463878326996,23.59158000000002,22.41571000000014
06019005100,1.171875,87.109375,23.511929960937486,23.242706250000065
06085503332,1.744186046511628,1.744186046511628,21.453562383720865,22.909439341085296
06085503330,0.6329113924050633,0.6329113924050633,20.297875981012634,23.298312278481134
06085504423,3.75,3.75,21.745982500000032,25.258794000000048
06085511707,6.151419558359621,32.49211356466877,25.06072427444794,27.569684116719305
06085511704,1.8181818181818181,84.45454545454545,24.103183845454772,26.827816081818042
06085511609,0.0,97.33333333333334,22.57818279999996,22.787089066666653
06085512510,3.8186157517899764,45.58472553699284,25.341687804296008,27.79821680190938
06085512509,13.584905660377359,55.84905660377358,25.782685433962147,26.894649132075582
06085512310,7.246376811594203,75.84541062801932,27.618499565217498,32.17216371980673
06085503331,1.1695906432748537,1.1695906432748537,20.37548947368423,23.012506959064275
06085510600,1.8796992481203008,100.0,22.406727969924713,24.61734691729316
06085511705,4.651162790697675,93.02325581395348,22.917571240310075,24.62481286821707
06085513000,0.0,10.714285714285714,22.49644321428571,23.665497142857156
06089010804,5.111821086261981,5.431309904153355,22.77394038338656,23.438459520766717
06089011002,10.775862068965516,13.218390804597702,23.90267660919536,23.732258218390655
06089011703,5.3708439897698215,5.88235294117647,25.848881969309474,24.565900792838907
06089012604,5.854579792256846,7.554296506137866,24.31691875354107,23.656799990557214
06089010601,0.0,0.0,25.354037685460053,25.070249109792254
06089010602,1.2759170653907497,1.4354066985645932,25.899956555024055,25.78219247208953
06089010805,3.284072249589491,3.9408866995073892,22.836454564860226,23.53384916256148
06089011403,1.702127659574468,1.702127659574468,22.52549138297861,23.043186957446977
06029006301,100.0,100.0,23.520561250000046,26.17049264999996
06029004302,0.0,0.0,20.82758473684212,23.749660526315775
06037481902,0.0,0.0,21.36767082568808,22.86170889908253
06037482001,0.0,0.0,20.07244228915666,21.230764939758977
06037576601,6.0,6.0,30.473169999999985,32.89662999999998
06037294830,0.0,0.0,29.530089999999976,29.69226000000002
06037106603,1.4492753623188406,1.932367149758454,27.304209130434838,27.265693478260822
06037482101,0.0,0.0,20.55067000000005,21.970949999999934
06037482102,0.0,0.0,20.55067000000005,21.970949999999938
06019001800,3.4736842105263155,3.4736842105263155,21.06856303157885,22.86891910526305
06037502500,0.0,0.0,23.18686774193547,27.327644516128995
06037502602,0.0,0.0,22.460586174496605,26.542105167785184
06111005908,1.0638297872340425,1.5957446808510638,25.533759999999962,32.35411999999997
06111005909,0.0,0.0,26.89640499999993,32.88488801282054
06111006000,30.175438596491226,53.333333333333336,26.36048631578943,29.497335578947265
06111008002,18.666666666666668,26.666666666666668,25.220181777777732,27.99562106666677
06111008004,26.72413793103448,28.01724137931034,24.48162297413793,27.49642706896563
06037134424,0.0,0.0,26.569979259259245,26.6681540277777
06111008101,50.71428571428571,54.285714285714285,25.273979999999963,28.006150000000066
06111008201,4.6875,14.0625,24.856579999999905,27.92446000000012
06111008202,10.795454545454545,15.909090909090908,25.139820681818147,27.89266829545463
06037500500,1.2048192771084338,1.2048192771084338,21.94360000000001,27.29387999999998
06037500700,0.0,0.4608294930875576,22.40683336405535,26.854704516129118
06037500402,0.0,0.0,21.84936308333335,27.161428333333355
06037500800,0.0,0.0,20.62831916666663,25.28234666666663
06037500900,0.0,0.0,20.328109999999953,25.023279999999914
06085512053,0.0,0.0,23.89063566878988,24.618194076433042
06019005202,0.9523809523809524,67.14285714285714,23.663319238095273,23.901537666666663
06019002200,0.0,88.64864864864866,22.50043000000004,23.313430000000064
06111008302,0.43103448275862066,7.327586206896551,28.274470000000065,29.827779999999876
06111008303,8.461538461538462,14.615384615384617,27.196520076923033,29.227502153846203
06111008401,1.023890784982935,1.023890784982935,22.563830000000046,25.07808999999998
06111005305,1.9430950728660652,4.302567661346287,25.51186497571145,29.070799680777363
06111005910,0.0,0.0,25.88477608695655,31.8863269565217
06019002300,5.660377358490567,81.76100628930818,22.500430000000044,23.313430000000054
06019002400,4.180064308681672,59.4855305466238,22.80680581993575,23.843700739549956
06037480400,0.0,0.0,21.524180454545462,24.591407386363652
06037480500,0.0,0.0,21.535659999999854,24.495050000000184
06071007303,0.0,0.0,21.309916913580295,22.52745141975315
06019003201,0.0,0.4807692307692308,23.858233557692365,24.78686403846155
06019003202,0.9852216748768473,19.704433497536947,23.866046748768515,24.78961704433498
06019007802,11.464968152866243,49.681528662420384,26.297897133758017,28.72132656050957
06019000501,0.0,61.8421052631579,22.81771407894737,23.87087539473688
06019007801,21.830985915492956,57.74647887323944,27.349289929577406,29.317943697182997
06079013000,8.157099697885197,8.610271903323262,25.581822900302097,29.063367416918634
06019002502,0.0,9.243697478991598,23.222270000000044,24.562780000000046
06019002601,0.0,66.11111111111111,22.828262499999997,23.888916166666593
06019002602,0.0,100.0,22.81232,23.861649999999926
06019002800,0.0,41.11111111111111,23.72252727777777,24.739047444444406
06019002701,0.0,100.0,23.10661148809521,23.979123988095193
06075020300,0.0,0.0,22.344929999999984,24.10064
06019003600,0.0,65.39923954372624,23.10734551330799,22.818272357414465
06019003804,0.0,0.0,23.104102108626194,21.357869968051187
06019004205,1.702127659574468,1.702127659574468,23.370167276595687,20.946507787234097
06019004211,0.0,0.0,21.89113378091878,20.80829303886931
06019004212,1.873536299765808,1.873536299765808,22.614472669789247,21.342849508196696
06019004302,0.0,0.0,22.296791778656,21.333031818181823
06075020900,0.0,0.0,22.369594444444434,24.03074844444444
06075021000,0.0,0.0,22.37543465116278,24.014199069767432
06075021100,0.0,0.0,22.344929999999984,24.10064000000003
06075021200,0.0,0.0,23.240680740740725,24.469207037037027
06075021300,0.0,0.0,23.68899555555555,24.37857911111112
06075021400,0.0,0.0,22.40547000000002,23.929088000000007
06075021500,0.0,0.0,22.445830000000033,23.814720000000023
06075021600,0.0,0.0,23.50771552941181,24.215497411764744
06037113235,0.0,0.0,26.587723596491273,25.177700877192958
06037553100,4.090909090909091,4.090909090909091,23.247349999999987,23.839289999999917
06037553300,0.0,0.0,23.426300776699033,24.343220097087418
06037553400,0.0,0.0,22.359683666666644,25.07939933333332
06037553502,0.0,0.0,23.96702013888887,24.15176986111112
06037553601,0.0,0.0,22.108709223300945,24.931833980582493
06037553701,2.564102564102564,2.564102564102564,22.752235256410238,25.305118333333343
06037554403,0.0,0.0,24.651220000000034,23.91903000000003
06037554404,0.0,0.0,24.61443764705885,23.90311823529412
06037554512,0.0,0.0,25.11225662698407,25.556272182539793
06037554514,0.0,0.0,24.731716029411846,24.927336470588266
06037602402,0.0,0.0,23.11159106508878,27.394263905325463
06037602403,0.0,0.0,23.18047000000001,27.188159999999975
06037602404,0.0,0.0,23.0677968965517,27.5253075862069
06059062631,0.0,0.0,20.455473584905704,27.0206362264151
06037531502,0.0,0.0,19.81398000000001,23.48227999999997
06037531603,0.0,0.0,19.756968888888895,22.903011481481453
06037531604,0.0,0.0,19.81398000000001,23.48227999999997
06037531701,0.0,0.0,20.649208433734966,23.560299759036166
06037531702,0.0,0.0,19.885942588235263,23.48900211764702
06037531901,0.0,0.0,20.833450000000035,23.577510000000036
06037531902,0.0,0.0,20.833450000000028,23.57751000000003
06037532001,0.0,0.0,22.32397749999998,25.060432500000026
06059011717,0.0,0.0,23.375009420289825,27.088658550724634
06059011718,2.7777777777777777,2.7777777777777777,23.214427111111092,27.086617111111092
06059011720,12.5,100.0,23.2741748214286,28.018584464285656
06059011721,0.0,3.1914893617021276,22.627537659574465,27.234414042553173
06037532101,0.0,9.022556390977442,22.82081999999995,25.55474000000003
06037532002,1.2987012987012987,1.2987012987012987,23.065840779220792,26.123763116883154
06037532200,0.0,0.0,23.716084905660427,27.82824905660374
06059011722,1.1363636363636365,90.9090909090909,22.198120454545446,26.713664090909084
06059042312,6.0,9.2,23.32394704000005,23.412671120000056
06059042313,0.0,0.0,23.068753684210467,25.218249052631577
06059063202,0.0,0.0,21.236537313432866,28.64243223880592
06059063301,0.0,0.0,21.718550000000036,29.347879999999968
06059063302,0.0,0.0,21.605234736842146,29.182037894736812
06059063400,4.669260700389105,13.229571984435799,22.741396303502007,28.730774163424066
06059063604,0.0,0.0,22.08363800000002,28.900628799999986
06075021700,0.0,0.0,23.415969322033963,24.18087050847456
06075021800,0.0,0.0,22.44583000000004,23.814720000000026
06075022600,0.0,0.0,22.176830000000002,24.251029999999997
06075022802,0.0,0.0,22.296126774193542,24.144301612903227
06075022902,0.0,0.0,22.373758571428567,24.018948571428577
06075022903,0.0,0.0,22.315052222222214,24.094761666666663
06075023001,0.0,0.0,23.183907468354406,25.050032658227806
06075023003,0.0,0.0,23.193369999999977,25.06586999999998
06037553702,0.0,0.0,22.96724999999997,25.429840000000006
06037553801,0.0,0.0,22.967249999999968,25.42983999999999
06037553802,0.0,0.0,22.967250000000035,25.429839999999913
06037553901,0.0,0.0,23.95852289940836,24.162632426035508
06037554002,0.0,0.0,24.276040000000076,23.756730000000037
06037554101,0.0,0.0,23.247350000000022,23.839289999999966
06037554201,0.0,0.0,24.276040000000037,23.756730000000026
06037554515,0.0,0.0,25.544580000000096,25.927850000000028
06037554516,0.0,0.0,25.544580000000064,25.92785000000003
06037554518,0.0,0.0,26.22358999999997,26.45175000000009
06037554519,0.0,0.0,26.195531735537237,26.430101239669458
06037554521,2.3041474654377883,2.3041474654377883,24.012267235023113,24.17225423963124
06037554522,0.0,0.0,25.015600487804882,25.188240243902452
06037554700,0.0,0.0,23.141329999999964,22.969810000000038
06037554801,0.0,0.0,23.621979999999997,23.561418000000028
06037554802,0.0,0.0,25.54458000000006,25.92785000000003
06037620602,0.0,0.0,24.46268999999994,27.22073
06037620701,0.8064516129032258,0.8064516129032258,25.555703870967676,26.853764838709726
06037620901,0.0,0.0,25.471640000000054,26.682389999999973
06037621001,0.0,0.0,25.696718897637716,26.77341645669297
06037621102,0.0,0.0,25.74130999999995,26.791449999999987
06037532302,0.0,0.0,19.816552890624948,23.47362406250003
06037532303,0.0,0.0,20.555980612244863,23.661529591836707
06037532304,0.0,0.0,21.087184347826035,24.083370543478292
06037532500,0.0,0.0,22.02896315068492,24.665012054794534
06013359103,0.37593984962406013,1.5037593984962405,26.380962819548888,24.221818345864573
06059021807,0.0,0.0,23.6601884313726,29.01072960784307
06013317000,32.323232323232325,37.37373737373738,26.10520585858586,25.75350070707072
06013328000,0.0,0.0,23.53831120689653,26.07771327586209
06001450744,16.842105263157894,93.15789473684211,20.25015126315795,22.256272526315836
06001405901,0.0,0.0,22.999759999999984,24.927460000000043
06001450101,1.2987012987012987,24.675324675324674,21.106515324675296,22.434948311688327
06037541100,0.0,0.0,24.562010000000058,25.633699999999994
06037541300,0.0,0.0,23.022243908045887,25.176781839080444
06037541603,0.0,87.95180722891565,23.288392048192783,25.1407655421687
06037541604,0.0,100.0,23.428113173076934,24.877820480769273
06013330000,4.395604395604396,4.761904761904762,22.690371684981734,24.853435128205184
06013332000,0.0,0.0,22.291309375000072,24.308791300000053
06033000702,2.512562814070352,2.512562814070352,30.082081708542894,30.270178056951742
06013372000,0.4444444444444444,0.8888888888888888,26.32068422222215,24.57272622222227
06037554900,0.0,0.0,25.544580000000025,25.92785000000003
06037555001,0.0,0.0,24.804080500000076,26.117356125000043
06037555002,0.0,0.0,24.481019999999976,26.453140000000037
06037555202,2.013422818791946,2.013422818791946,24.48102000000005,26.45314000000005
06037555211,0.0,0.0,24.481019999999994,26.45314000000004
06037555212,0.0,0.0,24.48101999999996,26.453140000000033
06037570002,0.0,0.0,24.776280000000032,23.97312999999999
06037650702,0.0,0.0,26.127950000000045,26.961580000000062
06013373000,0.0,0.0,26.175709999999984,24.558119999999985
06037651001,0.0,0.0,26.743604331550795,25.69041074866307
06037651002,0.0,0.0,26.80483949367085,26.288249620253115
06107000402,39.25233644859813,100.0,24.671750000000195,21.3743299999999
06013310000,11.666666666666666,18.88888888888889,21.76520799999994,23.557672333333322
06037532605,0.0,0.0,21.707880000000014,24.422800000000024
06037532700,0.0,0.0,21.70788000000001,24.42280000000003
06037533104,0.0,0.0,21.70788000000001,24.42280000000002
06037533201,0.0,0.0,22.72697000000002,25.19155999999999
06037533300,0.0,0.0,22.72697000000002,25.19155999999999
06013374000,0.0,0.8130081300813009,26.330686097560925,24.396456260162612
06013375000,0.0,0.0,26.181259677419362,24.580444086021494
06013376000,0.0,0.0,26.181455306122462,24.58123102040821
06013377000,0.0,0.0,26.222630000000084,24.746860000000073
06013383000,3.314917127071823,7.18232044198895,26.258968895027646,24.38568038674036
06013385200,0.0,0.0,26.443830253164545,24.99114582278484
06037543304,0.0,0.0,26.509130000000045,26.317809999999895
06013387000,0.0,0.0,26.44876999999998,25.162629999999996
06107000501,30.87719298245614,96.49122807017544,24.675944035087884,21.400965789473616
06107000702,15.413533834586465,18.796992481203006,21.608311917293282,23.682159097744396
06107001005,75.45126353790613,100.0,17.407499999999963,22.696109999999923
06111004600,7.627118644067797,7.627118644067797,27.687443559321956,30.514096158191983
06013391000,0.0,0.5952380952380952,26.374561190476204,25.083037142857208
06013315000,0.0,0.0,22.516679711538394,24.78728370192301
06113010310,0.0,3.278688524590164,21.275678237704895,24.504184262295155
06013347000,0.10183299389002036,0.10183299389002036,25.908271751528062,25.55285875763766
06013350000,4.066543438077634,6.099815157116451,26.103265452865283,25.785166580406624
06013359102,0.0,0.0,26.413215529411758,24.229563137254804
06013362000,2.5974025974025974,2.5974025974025974,26.605032727272686,24.677722727272748
06037570003,0.0,0.0,24.776280000000035,23.973129999999955
06037570100,0.0,0.0,24.938164848484877,24.079014848484864
06037570202,0.0,0.0,23.027104210526367,25.42267421052621
06037570203,0.0,0.0,23.409657887323924,24.86428169014086
06037570204,0.0,0.0,25.577610000000035,24.497260000000043
06037570303,0.0,0.0,26.16285794520546,26.283296164383543
06037651101,0.0,0.0,26.525782666666597,26.214653555555657
06037651102,0.0,0.0,26.204116857142886,26.782366285714303
06037651201,0.0,0.0,26.127950000000048,26.96158000000008
06037651222,0.0,0.0,26.772239870967812,26.735911483870957
06013379000,0.47393364928909953,5.687203791469194,26.233891327014337,24.679735639810513
06013382000,0.0,21.794871794871796,26.373592905982935,23.71837752136751
06037533401,0.0,0.0,22.650608461538464,25.121982615384603
06037533601,0.0,0.0,22.726969999999994,25.191559999999985
06037533602,0.0,0.0,22.726969999999984,25.191559999999996
06037533702,0.0,0.0,21.07246999999998,23.68404999999998
06013388000,0.0,0.0,26.357955263157894,25.08593736842109
06013389100,0.0,0.0,25.873610000000042,24.67690999999996
06013389200,45.45454545454545,45.45454545454545,25.87360999999999,24.67691000000001
06013390100,0.0,0.0,26.448769999999975,25.162629999999933
06059021809,0.0,0.0,21.130790000000072,25.73909999999987
06059021810,0.0,0.0,21.1935585567011,25.77969329896895
06059021814,0.9900990099009901,1.3201320132013201,22.13001986798691,25.19026653465348
06059042326,0.0,0.0,22.972739822222117,28.769956755555473
06013390200,0.0,0.0,26.053347500000047,24.828697499999958
06113010312,0.0,74.55089820359282,21.45354215568865,23.858665389221343
06059042327,0.0,0.36231884057971014,24.410483840579715,29.41566590579712
06059042328,0.0,0.0,23.381043862068967,28.519863413793107
06059063806,1.0,1.0,23.306146000000048,30.72610719999993
06059074108,1.0204081632653061,1.0204081632653061,22.13306438775509,28.440943163265317
06059074109,0.0,0.0,21.40615078651681,28.029257303370784
06059074111,0.0,0.0,21.814679999999964,28.43269999999994
06107001006,69.3002257336343,100.0,18.047967494356744,22.39837083521451
06107001200,73.26732673267327,100.0,19.49476712871292,22.00770099009902
06107001601,39.03508771929825,100.0,18.705860000000026,21.241460000000096
06059074200,0.0,11.855670103092782,21.34222871134022,27.958751030927914
06013333200,0.0,1.791044776119403,22.762046417910327,25.16334244776107
06013334001,4.371584699453552,7.650273224043716,23.79689240437152,26.048488579234945
06111002901,0.0,0.0,29.31787092651742,34.74169325878608
06111003201,0.0,0.0,29.24062000000002,30.982770000000027
06085503123,16.883116883116884,16.883116883116884,21.12305961038962,23.794982077922093
06013335000,7.981220657276995,7.981220657276995,23.312613990610313,25.32875169014079
06013336101,1.2345679012345678,1.2345679012345678,24.08705543209875,25.725722716049397
06013338201,2.6785714285714284,6.547619047619048,24.34395949404748,25.10490535714293
06013338301,0.0,0.0,24.658353777777712,25.777240888888823
06059042330,0.0,0.0,23.244101666666626,25.973899427083257
06059042331,0.4132231404958678,0.4132231404958678,23.24620938016524,26.063277272727174
06059042332,0.0,0.0,23.134229054441196,25.63026008596002
06059042333,0.7246376811594203,2.1739130434782608,23.219416062801944,28.07548806763298
06013311000,1.8181818181818181,1.8181818181818181,21.611149272727204,23.427791818181785
06013312000,1.1235955056179776,1.1235955056179776,21.920679662921344,23.488337865168514
06107001701,15.259740259740258,100.0,19.454204415584343,22.083739935064997
06059063902,0.0,1.1494252873563218,23.536210000000096,30.591279999999973
06067008209,0.8130081300813009,0.8130081300813009,20.7665440921409,22.883269756097608
06037231800,0.0,11.864406779661017,20.51378,23.703899999999983
06067009618,2.314814814814815,94.44444444444444,21.56277259259255,23.751488981481494
06037242000,0.0,0.0,23.689884054054048,27.739336486486486
06083002906,6.25,16.796875,30.015585234375145,29.46203679687492
06013368002,48.31460674157304,69.66292134831461,26.175709999999984,24.558119999999978
06065045109,0.0,0.4878048780487805,16.048679219512195,20.987601317073157
06075017700,0.0,0.0,22.344929999999984,24.100640000000023
06019003500,0.0,74.46153846153845,22.500430000000044,23.313430000000103
06013371000,0.0,5.405405405405405,26.38739881081076,24.299786054054085
06059021817,0.0,0.0,22.9849676774194,27.663709935483794
06059021823,0.41841004184100417,0.41841004184100417,24.244485857740575,28.083316987447617
06059021826,21.50537634408602,73.11827956989248,24.14277408602149,29.87365053763438
06059063903,0.0,62.16216216216216,22.87169918918915,29.849041486486527
06059063904,0.0,0.0,22.815961506849273,29.786784178082236
06059063905,0.0,0.0,23.472803255814043,30.547905581395344
06059063906,0.0,0.0,22.290493510638314,29.627204787234003
06013345101,4.513888888888888,4.513888888888888,21.178601111111135,23.985395000000036
06107001703,10.638297872340425,98.40425531914893,18.731607446808457,22.25315968085095
06107001800,19.256756756756758,100.0,19.48415432432427,22.010269256756818
06059001202,0.0,0.0,24.70138,26.52517162162166
06059001301,4.201680672268908,6.722689075630252,24.029912689075555,26.112557142857042
06057000102,1.5384615384615385,1.5384615384615385,21.809389076923104,20.345816936454707
06057000802,1.5987210231814548,1.5987210231814548,24.845924540367808,23.51028219024795
06057000300,1.229895931882687,1.229895931882687,23.569796726584613,22.318584947965817
06057000105,2.066772655007949,2.066772655007949,22.198706955485214,20.906704395866573
06057000702,1.146788990825688,1.146788990825688,22.950439900611396,22.074505519877285
06057000502,1.6042780748663104,1.7825311942959003,24.856745294117548,23.327344278074808
06057000104,1.3803680981595092,1.3803680981595092,22.780226411042992,21.429257745398925
06057000200,1.8637532133676094,1.8637532133676094,23.118956439588615,21.867635501285342
06057000801,0.8740359897172237,0.8740359897172237,24.098466791773628,23.457114277635103
06013345102,1.3215859030837005,2.643171806167401,21.461302158590218,24.02705784140964
06013352201,2.090032154340836,3.054662379421222,25.39645924437315,26.427919678456615
06013353002,2.314814814814815,2.314814814814815,26.29338211419754,26.105882962962813
06013356001,0.0,0.0,26.577067877358427,25.69303655660387
06013358000,12.406015037593985,16.165413533834585,26.67916586466156,25.669463345864834
06013359204,0.0,0.0,26.480241993243123,25.720116891891745
06013360200,8.650519031141869,8.650519031141869,26.557967058823724,24.609574705882377
06013364002,3.018867924528302,3.018867924528302,26.286135471698152,24.327005132075396
06013366001,1.3605442176870748,2.7210884353741496,26.73526918367356,24.18295102040815
06059021827,0.0,0.0,24.938952073170782,28.636062682926976
06059021828,0.8746355685131195,0.8746355685131195,23.951875655976625,28.5525797667638
06059021830,0.0,0.0,24.6957234615386,28.91577846153848
06017031700,0.0,0.0,20.757769450800993,23.771710686498952
06059042334,0.0,8.982035928143713,23.484697544910123,28.948560838323473
06059042335,0.0,0.0,23.10214104712034,28.689607277487056
06059042337,0.0,0.0,23.07090734317339,24.403702841328485
06059042338,0.0,0.0,23.07513999999994,25.226730000000046
06059063908,0.0,76.64670658682635,22.779689999999945,29.746269999999996
06059074004,0.0,70.1863354037267,21.34075714285717,29.21093428571427
06059074005,0.0,48.61111111111111,21.814679999999964,28.432699999999933
06059074006,2.666666666666667,30.666666666666664,21.81467999999997,28.432700000000015
06059074102,0.0,23.178807947019866,21.247488741721806,27.872570728476777
06059074103,0.0,100.0,21.233944374999965,27.859194999999957
06037480902,0.0,0.0,21.600040000000018,22.62384999999997
06037189600,0.0,0.7142857142857143,25.159940000000002,30.175589999999932
06037189400,0.0,2.0618556701030926,25.205465773195815,30.201940515463814
06037181400,0.0,0.0,27.25150905660376,30.016703113207495
06065040609,0.0,0.0,24.09363295685284,29.987041865482695
06065040616,13.68909512761021,18.793503480278424,22.748438816705395,28.708836426914218
06065040813,0.0,5.238649592549476,24.678533911525008,28.8837031315483
06065040814,0.0,0.0,26.015539999999966,28.48622999999999
06065041910,1.1235955056179776,1.1235955056179776,24.18236413483145,27.806631752808933
06065042217,0.2557544757033248,0.2557544757033248,19.515380485933644,21.048570076726527
06013313102,0.0,0.0,22.027857647058834,23.15272764705882
06013314102,3.4782608695652173,3.4782608695652173,22.24506999999995,24.220610000000036
06013316000,43.18181818181818,59.09090909090909,26.12545,25.66033000000001
06013366002,25.874125874125873,38.46153846153847,26.426954195804214,24.394541258741263
06059001303,1.4184397163120568,3.546099290780142,24.84456,26.591930000000037
06059001304,1.0869565217391304,1.0869565217391304,24.84456,26.591930000000033
06059001401,0.0,0.0,22.270747345971493,25.319048246445515
06013367200,2.4390243902439024,2.4390243902439024,26.37358341463409,24.56864650406505
06037578100,0.0,0.0,25.111594720496946,26.19221496894419
06037702900,14.000000000000002,14.000000000000002,22.355569400000004,24.04252179999998
06001442700,0.6493506493506493,52.5974025974026,21.61063000000002,22.348149999999933
06001442800,5.042016806722689,5.042016806722689,23.208185042016837,23.671806554621845
06037204920,0.0,0.0,20.14331000000001,22.374319999999994
06037205110,0.0,0.0,20.07546833333334,22.311447500000007
06037205120,0.0,0.0,20.12243564102565,22.354974615384624
06037206010,0.0,0.0,22.28069000000002,26.403139999999983
06037206020,0.0,0.0,21.145300000000002,24.21239000000001
06037206050,0.0,0.0,20.70535538461539,23.580120769230785
06037111402,0.0,0.0,23.987881119403053,23.258398656716363
06037111303,0.0,0.0,24.473970000000005,23.166599999999974
06037104321,0.0,0.0,23.984470000000034,24.166559999999958
06037104322,0.0,0.0,23.984470000000016,24.166559999999976
06037108203,0.0,0.0,26.43513999999999,29.532585000000005
06037320101,0.0,0.0,26.75219752577325,23.985149278350523
06037920121,0.0,0.0,26.72226959770119,30.28979000000012
06037231901,0.0,16.666666666666664,22.834296666666674,24.949099999999998
06037232402,0.0,26.31578947368421,23.027963684210505,25.280849999999994
06037135204,0.0,0.0,26.02851503968243,27.00207666666662
06037460101,0.0,0.0,25.98495372477059,31.916396330275138
06037132302,0.0,0.0,24.153319999999958,26.094960000000025
06037135115,0.0,0.0,26.279610000000023,28.70074
06037132301,0.0,0.0,24.18898126984124,26.211745396825417
06037134907,0.0,0.0,23.377154848484857,24.517506060606063
06037119003,0.0,0.0,23.666644159292012,24.389813805309725
06037111401,0.0,0.0,23.9765786666667,23.2605331428571
06037103401,0.0,0.0,23.62690303571428,26.97952294642859
06001442900,2.5089605734767026,4.659498207885305,23.210461505376223,23.6501637634409
06037192410,0.0,27.956989247311824,25.132460000000002,29.589800000000036
06037192510,0.0,0.0,22.02842999999999,27.304290000000016
06037192520,0.0,0.0,22.02842999999999,27.304290000000012
06037192610,25.49019607843137,25.49019607843137,22.02842999999999,27.30429000000002
06037192700,0.0,0.0,22.028430000000004,27.304290000000023
06037194500,0.0,1.1627906976744187,25.43901186046514,27.23194976744186
06037195100,3.4653465346534658,3.4653465346534658,25.486578564356467,31.728577227722848
06037195300,0.0,0.0,24.77363837837841,30.043275135135158
06095252204,11.746522411128284,28.748068006182383,25.399915425038436,23.051152148377092
06095252203,3.278688524590164,11.475409836065573,26.336261366120148,23.56074465846996
06095253501,12.384473197781885,51.20147874306839,24.005807818853917,24.235625545286382
06095252205,1.7241379310344827,2.2167487684729066,25.78637098522175,21.74082315270937
06095252206,5.607476635514018,5.607476635514018,25.832049906541947,22.236551370716487
06095253207,0.0,0.36363636363636365,29.25954589090908,27.81168574545447
06095253502,11.11111111111111,18.69918699186992,24.083331815718278,23.613693685636715
06095253208,2.941176470588235,5.88235294117647,29.339140147058824,27.867631617647053
06001443001,31.06796116504854,33.980582524271846,23.302040000000027,22.991109999999974
06001443002,0.0,68.80733944954129,23.301551651376084,22.994624449541238
06001443102,0.0,0.0,22.785064507936593,25.01182158730164
06001443301,0.0,0.0,21.60656601036276,25.390928393782335
06037137501,0.0,4.597701149425287,27.45664000000012,28.67911999999985
06037137502,0.0,0.0,26.553014606299133,28.695718031496142
06001444100,0.0,0.0,22.840759307479317,22.819957091412608
06001444200,2.608695652173913,4.3478260869565215,23.185370000000077,22.952129999999954
06037195500,0.0,0.0,24.001564821428584,28.246189999999977
06037195600,0.0,0.0,23.91525000000001,28.043779999999984
06037195710,0.0,0.0,23.91525000000001,28.043779999999984
06037195720,0.0,0.0,23.91525000000001,28.043779999999995
06001444400,0.0,15.646258503401361,22.928422653061258,22.788450408163246
06037195802,0.0,1.9607843137254901,23.730267647058835,27.97128098039214
06001444500,1.8957345971563981,12.322274881516588,22.179061232227532,22.404845023696588
06001450200,5.263157894736842,5.263157894736842,21.006266257309875,23.61958187134505
06001450300,5.357142857142857,14.732142857142858,21.382716249999955,23.38889000000007
06105000500,8.392924350771548,8.769288671433948,24.156613052314547,24.272637252540402
06037207400,0.0,0.0,22.499367142857146,25.112012857142865
