GEOID,drought_freq_spei12_midcentury,drought_delta_spei12_midcentury,drought_freq_spei36_midcentury,drought_delta_spei36_midcentury
06077003406,10.396825396825397,107.93650793650795,12.77777777777778,155.55555555555557
06077004402,11.204501988631337,124.09003977262672,15.002394854782901,200.04789709565796
06077004600,10.34222587898146,106.8445175796292,13.596020221171313,171.92040442342625
06077001400,10.555555555555555,111.11111111111111,13.65079365079365,173.01587301587296
06077003106,9.957703808686158,99.15407617372314,12.303547540310777,146.07095080621556
06077001700,10.548221723564422,110.96443447128844,14.157456993074979,183.14913986149955
06077000401,10.229057819275688,104.58115638551376,13.767832954548036,175.3566590909607
06077003404,10.27982849056828,105.59656981136554,12.655792374115334,153.11584748230666
06001450200,11.30952835877628,126.19056717552559,14.175490569015807,183.50981138031614
06001444100,9.78187291536284,95.63745830725674,9.460751613790222,89.21503227580445
06001406201,7.614123375204288,52.282467504085744,7.174429163268316,43.48858326536629
06001406202,7.362774146383195,47.255482927663884,6.76044219815122,35.20884396302438
06001428000,6.944444444444445,38.888888888888886,6.071428571428571,21.428571428571416
06001409700,6.983497351793127,39.66994703586252,7.659932184094794,53.19864368189587
06001432100,7.579365079365079,51.58730158730157,9.603174603174603,92.06349206349205
06001409200,6.547619047619048,30.952380952380963,8.49206349206349,69.84126984126982
06001450741,12.276465028387022,145.52930056774048,16.729850236529618,234.59700473059235
06001450300,10.4632666523581,109.26533304716199,13.187959451122564,163.75918902245127
06001401500,7.3809523809523805,47.61904761904759,6.923717220797839,38.474344415956764
06001401400,7.380952380952381,47.61904761904759,6.984126984126984,39.68253968253967
06001438400,7.89551308382184,57.9102616764368,7.421947233638478,48.43894467276953
06001423300,7.250672067364946,45.013441347298915,7.017825067746433,40.35650135492864
06001423902,7.182539682539684,43.650793650793645,7.222222222222223,44.44444444444443
06001438000,9.542183030313105,90.84366060626205,9.847857924136804,96.95715848273609
06001402200,7.26950539662161,45.39010793243218,5.785224971642955,15.704499432859086
06001436700,7.351020685850697,47.02041371701391,8.02603014564474,60.5206029128948
06001437900,8.531056654174185,70.62113308348367,8.372326495444025,67.44652990888049
06013389200,6.111111111111111,22.222222222222214,5.595238095238095,11.904761904761884
06013359102,7.728732034647351,54.57464069294702,8.247131756183428,64.94263512366855
06013379000,3.6918739596141803,-26.162520807716398,2.1761901556487167,-56.47619688702566
06013337300,13.268592747945556,165.37185495891111,20.881615673938736,317.63231347877473
06013345111,9.897956351413109,97.95912702826213,12.514003269791187,150.28006539582373
06013333102,13.333249925439231,166.66499850878458,20.754114217782938,315.08228435565877
06013323000,12.368632809078905,147.37265618157812,18.009925663769526,260.1985132753905
06013387000,5.317460317460317,6.349206349206355,5.357142857142858,7.142857142857139
06019003600,15.18181898607047,203.63637972140938,25.128140780044937,402.56281560089866
06019005507,14.519110536908233,190.38221073816462,26.160656212256725,423.21312424513445
06019004505,14.631860158187596,192.6372031637519,26.27461364319776,425.4922728639551
06019007202,15.200222132224907,204.0044426444981,31.041052238953856,520.821044779077
06019001000,14.546644917233753,190.93289834467498,25.472818486395216,409.4563697279043
06019001304,15.545472512464054,210.9094502492811,24.616505809683446,392.3301161936689
06019007003,15.46108552973671,209.2217105947342,31.53316541542882,530.6633083085763
06085500100,9.484126984126984,89.68253968253967,9.365079365079366,87.30158730158729
06085509107,9.73958895178114,94.79177903562277,10.246028250585052,104.920565011701
06085508800,8.591519704128913,71.83039408257827,9.417677632926413,88.35355265852823
06085507500,13.683459247955756,173.6691849591151,17.580922494051528,251.61844988103053
06085512030,12.81746031746032,156.34920634920638,15.515873015873016,210.3174603174603
06085512021,12.248142570827811,144.9628514165562,13.06569611740173,161.31392234803465
06085507203,12.90748224702666,158.14964494053316,16.493819878394408,229.87639756788815
06085505403,10.284571401135103,105.69142802270208,12.406578560743458,148.13157121486918
06085503709,10.079365079365079,101.58730158730154,12.063492063492063,141.26984126984127
06085503504,10.357142857142858,107.14285714285717,10.952380952380953,119.04761904761904
06085503208,11.70186216288212,134.0372432576424,12.510620689774072,150.21241379548144
06085502906,12.944096563878094,158.8819312775619,16.426117395273995,228.52234790547988
06085502400,11.498482182364128,129.96964364728254,12.945677494080275,158.91354988160546
06085504411,10.158718826457552,103.17437652915106,11.825349607594289,136.50699215188578
06085504412,10.229426564968913,104.58853129937826,10.426524557695139,108.53049115390277
06085510803,9.889041885894022,97.78083771788043,9.505282248658618,90.10564497317237
06085502002,10.1984126984127,103.968253968254,11.19047619047619,123.80952380952377
06085503110,10.81714126060923,116.34282521218455,11.10571375353641,122.11427507072817
06085504415,10.072639541136901,101.45279082273802,11.466685918758245,129.3337183751649
06099000807,10.67573750728538,113.51475014570757,18.056689888237756,261.1337977647552
06099000907,10.712484805908485,114.24969611816967,18.306283961741464,266.1256792348292
06099000911,10.714285714285715,114.28571428571428,18.253968253968257,265.0793650793651
06099000302,11.507936507936508,130.15873015873015,17.936507936507937,258.7301587301587
06099002602,11.019922186817626,120.39844373635249,19.820411930171783,296.4082386034357
06099003100,10.92642055969853,118.52841119397057,17.35835196884655,247.167039376931
06099001900,10.775807467259547,115.51614934519094,19.76590064880481,295.31801297609616
06099003400,13.133459646657405,162.66919293314803,18.043077066072577,260.8615413214515
06099003905,11.349240206053913,126.98480412107824,17.440696259985348,248.81392519970697
06027000200,13.789878075838114,175.79756151676227,21.049375970868034,320.98751941736066
06053014102,4.011278861611837,-19.77442276776327,3.3415030192903483,-33.169939614193034
06053001400,5.919289614727569,18.38579229455137,6.2751142314645945,25.502284629291886
06053013900,8.095238095238095,61.9047619047619,7.222222222222223,44.44444444444443
06053010606,9.956735418536072,99.13470837072138,13.183785779977537,163.67571559955073
06069000400,13.323937456437116,166.4787491287423,18.845417849005976,276.90835698011955
06087100600,9.841269841269842,96.82539682539681,9.404761904761905,88.0952380952381
06091010000,12.481862769413254,149.6372553882651,14.261904516810532,185.23809033621063
06081602700,4.5704476555115425,-8.591046889769137,2.9117018923239337,-41.765962153521315
06081612800,12.944982232895658,158.89964465791311,16.300410778062524,226.00821556125044
06081608100,9.042067586208901,80.84135172417801,9.76429370761723,95.28587415234458
06081610400,11.238326403230907,124.76652806461813,11.609113393312597,132.1822678662519
06081606000,9.682539682539684,93.65079365079364,11.11111111111111,122.2222222222222
06081607600,10.553400776380604,111.06801552761209,13.32822889143475,166.564577828695
06081607702,8.770687887060511,75.41375774121022,9.34225825734422,86.8451651468844
06081601200,4.051669364953143,-18.966612700937137,2.729994603427047,-45.40010793145907
06081602100,5.070848516540734,1.4169703308146793,3.2590413395642175,-34.81917320871566
06047000504,11.695095424773791,133.90190849547582,17.221830285976793,244.43660571953578
06047000602,11.666666666666666,133.33333333333331,16.626984126984127,232.53968253968253
06047001301,12.345190295125926,146.9038059025185,18.574795583947285,271.4959116789457
06075032700,4.365079365079366,-12.698412698412696,3.134920634920635,-37.301587301587304
06075047702,4.365079365079366,-12.698412698412696,3.134920634920635,-37.301587301587304
06075022903,5.378875634515866,7.57751269031731,4.291505065122694,-14.169898697546135
06075012100,5.158730158730159,3.1746031746031917,4.682539682539683,-6.349206349206355
06075020300,5.357142857142858,7.142857142857139,4.761904761904762,-4.761904761904773
06075021200,5.152427086180145,3.048541723602881,4.284234629658433,-14.315307406831359
06075026002,5.833333333333333,16.666666666666657,4.444444444444445,-11.111111111111114
06075030201,4.365079365079366,-12.698412698412696,3.134920634920635,-37.301587301587304
06101050900,10.263406991002128,105.26813982004252,13.27752509892703,165.55050197854052
06101050201,8.86175902548126,77.23518050962521,11.38375981295733,127.67519625914656
06049000400,13.06668736929547,161.33374738590942,20.029401992464265,300.58803984928534
06079011002,13.942399844630744,178.84799689261487,15.090756195688318,201.81512391376629
06007000202,10.078662804947735,101.57325609895464,12.522827953666253,150.45655907332505
06007000300,10.216223144937025,104.32446289874044,12.600438637040412,152.00877274080824
06007000201,10.123210582114421,102.46421164228838,12.490130841927318,149.80261683854636
06023001200,9.476468943548152,89.52937887096304,9.453629628047924,89.07259256095851
06065046101,33.91953295206944,578.3906590413887,52.16190392137629,943.238078427526
06065042711,25.230637881862904,404.61275763725814,40.98289255065669,719.6578510131338
06065043222,25.325553275342376,406.51106550684756,39.71638541029523,694.3277082059047
06065043313,26.071428571428573,421.42857142857144,41.03174603174604,720.6349206349207
06065041704,20.431680579672086,308.63361159344174,27.566764844777587,451.3352968955516
06065042505,25.97521024068761,419.50420481375204,39.35506274360971,687.1012548721942
06065041703,20.41981457654392,308.39629153087844,27.341459796996887,446.82919593993773
06065030300,22.07077107974031,341.41542159480616,32.50751454673759,550.1502909347519
06065042509,25.33408814014612,406.6817628029225,39.59273945226545,691.854789045309
06065042516,24.88095238095238,397.61904761904765,38.41269841269841,668.2539682539682
06065042407,23.690476190476193,373.8095238095238,34.642857142857146,592.8571428571429
06065041002,21.390687952958835,327.8137590591766,29.818794145991212,496.3758829198241
06065041203,22.914442101637377,358.2888420327475,33.72820388826293,574.5640777652586
06065045704,35.55336975338879,611.0673950677759,55.831889597407496,1016.6377919481497
06065040203,21.813133409995896,336.2626681999179,31.818542044326428,536.3708408865285
06107000402,15.476190476190476,209.52380952380952,31.11111111111111,522.2222222222223
06107001701,14.569309798070087,191.38619596140165,31.16863155845446,523.3726311690892
06107002304,16.89864345815241,237.97286916304816,35.16107767207585,603.2215534415169
06107003002,16.925874199576914,238.51748399153823,34.402816422898844,588.056328457977
06073013308,15.368988705362646,207.3797741072529,16.80872304990633,236.17446099812668
06073000800,20.476190476190478,309.5238095238096,24.00793650793651,380.1587301587301
06073003004,22.49745247413204,349.94904948264076,25.503802306734244,410.0760461346849
06073002710,23.333333333333332,366.66666666666663,28.769841269841272,475.3968253968254
06073002601,22.408293346668454,348.1658669333691,27.877838425557286,457.55676851114566
06073002202,25.378755651338885,407.5751130267776,34.79132899207484,595.8265798414966
06073003901,19.09994457828889,281.9988915657778,21.210771731168293,324.2154346233658
06073012800,11.944444444444445,138.88888888888889,9.96031746031746,99.20634920634919
06073008600,22.450016041295584,349.00032082591156,27.34884019205259,446.9768038410518
06073001100,23.650793650793652,373.015873015873,29.761904761904763,495.2380952380952
06073004900,17.658730158730158,253.17460317460313,19.642857142857142,292.85714285714283
06073007200,5.592549253049908,11.850985060998152,4.313793974368522,-13.724120512629558
06073016302,25.75555944947605,415.11118898952094,35.765947354243906,615.3189470848781
06073006600,14.682539682539684,193.65079365079362,13.73015873015873,174.60317460317458
06073003601,20.77241754910414,315.44835098208284,22.847400711244525,356.9480142248905
06073013206,12.119784608511084,142.39569217022165,9.810539232057932,96.21078464115864
06073020207,22.42063492063492,348.41269841269843,29.04761904761905,480.95238095238096
06073020109,22.1008064197038,342.0161283940761,27.256579442404792,445.1315888480958
06073019406,18.253968253968257,265.0793650793651,22.42063492063492,348.41269841269843
06073018905,20.621390085969907,312.42780171939813,28.537976771575988,470.7595354315196
06073018904,20.621638390640225,312.4327678128045,29.421442679538757,488.4288535907751
06073018515,12.294769727560865,145.89539455121732,11.5237916217146,130.475832434292
06073017050,21.55829099741407,331.1658199482813,27.458040077921247,449.1608015584249
06073017006,20.992063492063494,319.8412698412699,25.55555555555556,411.11111111111114
06073016610,25.357142857142854,407.1428571428571,38.01587301587301,660.3174603174602
06073009506,25.19142175818415,403.82843516368297,34.70195361206544,594.0390722413088
06073008359,21.853013357861688,337.06026715723374,29.988137871628673,499.7627574325734
06073008313,13.327663984475214,166.55327968950422,12.246970229191508,144.93940458383014
06017030807,9.357655894051058,87.15311788102116,10.99022075007226,119.80441500144516
06031001500,16.263795903784604,225.27591807569212,31.649861793377248,532.997235867545
06083002013,16.31723990367574,226.34479807351482,19.22284737365188,284.45694747303753
06083002703,13.042249130912769,160.84498261825533,20.19659116161116,303.93182323222317
06083002909,9.321445351279712,86.42890702559424,9.641587189558729,92.83174379117457
06045010100,11.06899819596479,121.37996391929579,10.604713237745615,112.09426475491233
06045011102,10.09329375827633,101.86587516552656,11.173243147256228,123.46486294512454
06061020200,9.779159935144053,95.58319870288105,10.123579666838745,102.47159333677492
06061020806,10.117293605541278,102.3458721108255,11.418442794190916,128.36885588381827
06089011402,9.682539682539684,93.65079365079364,9.523809523809524,90.47619047619045
06089011300,9.538932972752974,90.77865945505951,9.150521772343339,83.01043544686675
06097153809,8.915350050349286,78.30700100698569,10.306179227945908,106.12358455891814
06097150610,10.912698412698413,118.25396825396822,12.261904761904763,145.23809523809524
06097150602,11.803122289791501,136.06244579583,14.84033411014267,196.80668220285338
06097152000,9.630561448167434,92.61122896334867,8.933489125158662,78.66978250317321
06095251802,8.388274874108195,67.76549748216388,9.190097985461279,83.80195970922559
06095252401,10.306152974109438,106.12305948218875,13.822406564252894,176.44813128505788
06095252608,10.396825396825397,107.93650793650795,14.563492063492065,191.26984126984127
06095250502,8.51227568090988,70.24551361819762,11.104233302991666,122.08466605983332
06095251000,8.578021240501577,71.56042481003153,11.363555847571675,127.27111695143353
06095252605,10.238095238095239,104.76190476190479,13.80952380952381,176.1904761904762
06113010701,9.295343669475375,85.90687338950752,14.5987148659518,191.97429731903597
06113011500,10.765726135956802,115.31452271913602,13.807192651901739,176.1438530380348
06113010508,10.119047619047619,102.38095238095232,14.603174603174605,192.06349206349205
06113011203,11.347398749000387,126.94797498000771,13.230554116139384,164.61108232278767
06113011103,11.098805308212341,121.97610616424683,13.428365447228728,168.56730894457456
06055200504,10.360770539110751,107.215410782215,11.828921805492483,136.57843610984966
06055200601,10.674226600191075,113.48453200382147,12.202475095983978,144.04950191967956
06067009007,10.1984126984127,103.968253968254,13.412698412698413,168.25396825396825
06067004401,9.613002279898344,92.26004559796687,13.592535954602887,171.85071909205774
06067007207,10.127970392930504,102.55940785861007,12.1003804933206,142.007609866412
06067007801,9.589063137463757,91.78126274927511,11.089763944645926,121.79527889291847
06067008135,9.849376983497873,96.98753966995743,11.228574098595619,124.57148197191236
06067008139,10.15873015873016,103.17460317460322,11.11111111111111,122.2222222222222
06067008402,10.374303305905165,107.48606611810332,11.880408608612493,137.6081721722499
06067004201,10.22623757443286,104.52475148865719,14.823648735152254,196.47297470304508
06067005101,9.44840707871286,88.96814157425717,13.542652642150571,170.85305284301143
06067004602,9.722222222222223,94.44444444444443,14.047619047619047,180.9523809523809
06067000800,9.63644088496461,92.7288176992922,13.139198140182327,162.7839628036465
06067009323,9.781882065022394,95.63764130044785,15.001720189634026,200.0344037926805
06067004005,9.781266509618309,95.62533019236618,13.866681862566384,177.33363725132767
06067004203,10.030993475246326,100.61986950492653,14.587968740411235,191.75937480822466
06067007010,9.682539682539684,93.65079365079364,13.095237689911878,161.90475379823755
06033001200,10.801674995731815,116.03349991463631,13.477784332303862,169.55568664607722
06029001700,19.12365433665814,282.47308673316286,31.08776940328889,521.7553880657778
06029002819,19.841269841269842,296.8253968253968,32.34126984126984,546.8253968253969
06029000902,19.40147284430603,288.0294568861206,34.01776092646173,580.3552185292345
06029006500,24.293097393570857,385.8619478714171,43.46070846403609,769.2141692807216
06029005402,23.387415667347625,367.7483133469525,43.021269560774144,760.4253912154828
06029003500,18.19725971463283,263.94519429265654,32.800232326787366,556.0046465357473
06037300100,15.919883331774562,218.39766663549122,18.348116164018844,266.96232328037684
06037620601,8.134920634920634,62.69841269841271,6.349206349206349,26.984126984126974
06037291210,15.436507936507937,208.73015873015873,13.531746031746032,170.6349206349206
06037573902,18.888944687153163,277.77889374306324,20.384606329793357,307.6921265958671
06037571502,17.242071242547116,244.8414248509423,18.537679331024925,270.7535866204985
06037570003,20.039682539682538,300.7936507936507,22.817460317460316,356.3492063492063
06037603301,15.275148718949326,205.5029743789865,13.312916407933667,166.25832815867332
06037603500,12.53968253968254,150.79365079365078,9.603174603174603,92.06349206349205
06037554516,20.793650793650794,315.8730158730159,23.055555555555554,361.1111111111111
06037554517,19.570781297606942,291.41562595213884,22.90732894997448,358.1465789994896
06037554201,19.523809523809526,290.4761904761905,22.063492063492063,341.2698412698412
06037554802,20.793650793650794,315.8730158730159,23.055555555555554,361.1111111111111
06037542401,18.662890093814504,273.25780187629005,19.249260912267385,284.98521824534765
06037543502,14.934232677946719,198.68465355893437,15.951006233856576,219.0201246771315
06037600702,13.55516576049604,171.10331520992077,11.091021756429749,121.82043512859495
06037532102,18.429851505622246,268.59703011244494,21.999743987947774,339.99487975895545
06037277200,9.682539682539684,93.65079365079364,6.984126984126984,39.68253968253967
06037128302,19.087301587301585,281.74603174603175,24.00793650793651,380.1587301587301
06037276500,7.342055191563926,46.84110383127851,5.822449526810882,16.44899053621763
06037553601,18.87357987795105,277.47159755902106,20.42804786248024,308.5609572496048
06037551900,19.122650324308815,282.4530064861763,20.20263846507092,304.0527693014184
06037240700,16.547619047619047,230.9523809523809,15.277777777777777,205.5555555555555
06037434001,18.015873015873016,260.3174603174603,19.88095238095238,297.6190476190476
06037123104,18.452380952380953,269.0476190476191,20.35714285714286,307.1428571428572
06037534201,18.412698412698415,268.25396825396825,20.3968253968254,307.936507936508
06037534404,18.07010109947749,261.4020219895498,21.96445569945978,339.2891139891955
06037532700,17.222222222222225,244.44444444444446,17.738095238095237,254.76190476190476
06037238310,15.379700526384703,207.59401052769397,13.507062600422481,170.1412520084496
06037531602,17.57936507936508,251.58730158730157,19.96031746031746,299.20634920634916
06037533603,17.067052436429123,241.3410487285825,20.402999094867447,308.059981897349
06037540902,16.41443407201537,228.28868144030744,16.52922259605214,230.58445192104273
06037231210,16.03174603174603,220.63492063492066,17.53968253968254,250.79365079365078
06037229100,16.928170751689063,238.56341503378127,16.9147511206024,238.29502241204798
06037600501,13.607259634637362,172.14519269274723,10.466151973352858,109.32303946705719
06037534700,17.640625195199895,252.8125039039979,21.395614060766956,327.91228121533914
06037601900,13.536574049342375,170.73148098684752,11.068055525004635,121.36111050009269
06037575401,16.071428571428573,221.42857142857144,15.158730158730158,203.17460317460313
06037576401,13.482420945152274,169.64841890304544,13.108789274467286,162.17578548934574
06037576501,13.015873015873018,160.3174603174603,12.301587301587302,146.03174603174605
06037101220,16.390788413820083,227.81576827640166,19.56573816833742,291.31476336674837
06037293304,17.023809523809522,240.47619047619042,20.674603174603178,313.49206349206355
06037271300,7.381480712983481,47.62961425966961,6.660200306578152,33.20400613156303
06037218110,14.126984126984127,182.53968253968253,15.03968253968254,200.79365079365073
06037407301,17.936507936507937,258.7301587301587,21.984126984126984,339.68253968253964
06037481102,16.383540616056877,227.67081232113753,17.53298748893545,250.659749778709
06037480803,17.156245590051643,243.12491180103282,17.00352893295944,240.07057865918878
06037481300,16.46825396825397,229.36507936507934,19.28571428571429,285.7142857142857
06037463000,16.611966152642164,232.2393230528433,17.390598971950997,247.81197943901992
06037214700,12.420634920634921,148.41269841269843,11.468253968253968,129.36507936507934
06037191610,14.246031746031745,184.92063492063488,15.158730158730158,203.17460317460313
06037191810,12.976190476190478,159.52380952380952,12.85714285714286,157.14285714285717
06037191620,14.246031746031745,184.92063492063488,15.158730158730158,203.17460317460313
06037190902,12.929527046785385,158.59054093570768,13.183786862978511,163.6757372595702
06037187300,14.826178626408405,196.52357252816807,15.959819475790992,219.19638951581982
06037137502,21.886477646828737,337.72955293657475,29.024167842414123,480.4833568482825
06037302302,15.317460317460316,206.34920634920627,16.944444444444443,238.88888888888886
06037104620,19.365079365079367,287.3015873015873,23.41269841269841,368.2539682539682
06037302002,15.683537142183663,213.6707428436732,16.874715525449517,237.4943105089904
06037301204,15.992063492063494,219.84126984126988,19.325396825396826,286.5079365079365
06037405900,16.9047619047619,238.09523809523807,21.785714285714285,335.71428571428567
06037123303,20.119047619047617,302.3809523809523,24.563492063492063,391.2698412698413
06037920041,21.879208624770087,337.5841724954016,29.481480342421197,489.62960684842386
06037123204,19.682539682539684,293.6507936507936,22.22222222222222,344.4444444444444
06037123205,19.682539682539684,293.6507936507936,22.22222222222222,344.4444444444444
06037121600,20.109397923019824,302.1879584603964,24.470026992096315,389.40053984192633
06037120030,19.365079365079367,287.3015873015873,24.801587301587304,396.031746031746
06037910602,29.991038441977143,499.8207688395427,50.5404838443353,910.8096768867058
06037405001,16.274516454017018,225.4903290803404,18.58358405028552,271.67168100571035
06037117404,20.35714285714286,307.1428571428572,24.047619047619047,380.9523809523809
06037113234,19.048939779706423,280.9787955941284,24.71618502387458,394.32370047749157
06037311100,19.260366244045407,285.2073248809081,21.988651619157622,339.7730323831524
06037222600,16.03174603174603,220.63492063492066,17.53968253968254,250.79365079365078
06037310701,16.77646288415803,235.52925768316055,19.48582022774685,289.71640455493696
06037134520,19.61413751489538,292.28275029790746,26.11058617164718,422.21172343294353
06037134101,21.567869758658027,331.3573951731605,28.7322965527099,474.64593105419794
06037127920,19.90403658874314,298.0807317748628,24.631390283588217,392.62780567176435
06037107010,16.26984126984127,225.39682539682542,17.896825396825395,257.9365079365079
06037482301,16.50004305994549,230.00086119890977,17.886994251287256,257.739885025745
06037481604,17.007695651030517,240.15391302061036,17.35556075012159,247.1112150024318
06037213401,15.119047619047619,202.38095238095235,16.071428571428573,221.42857142857144
06037212410,15.119047619047619,202.38095238095235,16.071428571428573,221.42857142857144
06037481714,17.128547250137203,242.57094500274405,17.313121661205756,246.26243322411503
06037211410,14.246031746031745,184.92063492063488,15.158730158730158,203.17460317460313
06037236400,13.20635339412977,164.1270678825954,11.628207721025884,132.5641544205177
06037208902,16.11111111111111,222.22222222222223,17.738095238095237,254.76190476190476
06037402501,19.72222222222222,294.4444444444444,23.41269841269841,368.2539682539682
06037228900,17.222222222222225,244.44444444444446,17.738095238095237,254.76190476190476
06037227020,17.57884525547635,251.57690510952696,19.4636359344248,289.272718688496
06037204410,17.341269841269842,246.82539682539687,18.293650793650794,265.8730158730159
06037530902,16.98412698412698,239.68253968253964,17.18253968253968,243.65079365079356
06037702201,4.185973152370874,-16.280536952582555,4.42047877404498,-11.590424519100386
06037222500,16.03174603174603,220.63492063492066,17.53968253968254,250.79365079365078
06037701501,4.369241268377283,-12.615174632454355,4.419210699731259,-11.615786005374801
06037219300,14.462814370339952,189.256287406799,14.293393110002935,185.86786220005868
06059110603,19.33871763753891,286.7743527507781,22.837441535673438,356.7488307134688
06059011503,19.345213970184467,286.9042794036893,23.23726096621619,364.74521932432384
06059001102,19.639803599313964,292.7960719862793,22.287832631686687,345.7566526337337
06059021812,17.896963077279977,257.9392615455995,21.37558986896051,327.5117973792103
06059001301,19.6971478777646,293.94295755529197,22.51775174113647,350.3550348227293
06059088701,17.747474225576394,254.94948451152794,18.276894667811092,265.5378933562218
06059001101,18.921129269712004,278.4225853942401,21.91666397439635,338.3332794879269
06059110117,18.93357827457718,278.6715654915436,22.38750409950556,347.75008199011114
06059110106,18.503309227891286,270.06618455782575,21.62997921070652,332.5995842141304
06059099905,15.462230300241721,209.24460600483445,15.408744779900463,208.17489559800927
06059110003,18.441625683154726,268.83251366309446,20.233397302612367,304.6679460522475
06059110011,18.492063492063494,269.8412698412699,20.31746031746032,306.34920634920644
06059089102,17.072130328203478,241.44260656406954,18.720494569279943,274.4098913855988
06059099801,17.57936507936508,251.58730158730157,18.253968253968257,265.0793650793651
06059099601,14.729684903594523,194.59369807189046,14.564949091099658,191.29898182199318
06059099506,5.277777777777779,5.555555555555557,4.603174603174605,-7.936507936507937
06059099604,12.738095238095237,154.76190476190476,11.865079365079366,137.3015873015873
06059088904,16.139108384008452,222.78216768016907,16.241450316927992,224.82900633855974
06059074109,16.784685248239768,235.69370496479536,19.19784888103217,283.95697762064333
06059099305,7.619047619047619,52.38095238095235,5.992063492063492,19.841269841269835
06059099238,9.444444444444445,88.88888888888889,8.015873015873016,60.31746031746033
06059099231,13.3732551353048,167.46510270609596,12.345550696352893,146.91101392705784
06059099214,9.175023207033336,83.50046414066671,7.717166861352004,54.34333722704008
06059062619,14.96031746031746,199.20634920634916,14.761904761904763,195.23809523809518
06059062637,20.627449128629994,312.54898257259987,27.229222099507673,444.5844419901534
06059062626,15.38226161843239,207.64523236864773,17.024453871605584,240.48907743211169
06059063605,10.079365079365079,101.58730158730154,7.619047619047619,52.38095238095235
06059075805,17.21579329185652,244.3158658371304,18.30537168763184,266.10743375263684
06059075513,16.913953686090583,238.27907372181164,20.104343305988007,302.08686611976015
06059075507,16.57363058886095,231.47261177721904,19.787490767188004,295.7498153437601
06059075808,17.893409240229087,257.86818480458174,21.00384855252904,320.07697105058077
06059074107,15.793650793650793,215.87301587301585,17.380952380952383,247.61904761904765
06059032054,20.640778557032455,312.815571140649,26.947463298535602,438.94926597071185
06059032039,21.95715658654181,339.1431317308361,30.510669314304863,510.2133862860972
06059052502,17.09382085814147,241.8764171628294,20.76406995172968,315.2813990345936
06059075202,16.859022404106682,237.1804480821336,18.87408056384183,277.48161127683665
06059075004,18.333333333333336,266.6666666666667,21.349206349206348,326.984126984127
06059032030,20.486366064482766,309.72732128965526,26.88793600848023,437.75872016960454
06111005504,13.412698412698413,168.25396825396825,11.666666666666666,133.33333333333331
06111005403,13.008571879631202,160.171437592624,11.59570745895444,131.91414917908878
06111008202,18.00059962697087,260.0119925394174,22.5022229848174,350.04445969634804
06111005909,20.412524865745894,308.2504973149179,24.588895233642546,391.7779046728509
06111001401,12.259296632491608,145.18593264983213,10.551115240119428,111.02230480238858
06111003201,9.96031746031746,99.20634920634919,5.9523809523809526,19.04761904761905
06111007403,18.49526259414966,269.9052518829932,22.051709057591335,341.03418115182666
06025011202,32.261904761904766,545.2380952380953,45.67460317460317,813.4920634920635
06071007409,19.706584751911073,294.13169503822155,25.69471883700092,413.8943767400183
06071010300,27.066555326791466,441.3311065358293,45.89873339308443,817.9746678616885
06071003607,19.66462257020271,293.2924514040541,28.093718302261706,461.8743660452341
06071003505,19.736908075789337,294.7381615157867,26.109507426221924,422.1901485244385
06071002307,19.61457135580791,292.2914271161582,24.868947669093593,397.37895338187184
06071008402,19.949677448336026,298.9935489667205,29.014863728823315,480.29727457646635
06071003900,19.91143142679724,298.2286285359447,27.154172279863445,443.0834455972689
06071000820,19.888392552179084,297.7678510435817,23.756971975079907,375.1394395015981
06071001002,22.460317460317462,349.2063492063492,30.119047619047617,502.3809523809523
06071000605,19.889612351778183,297.7922470355636,24.00328567507676,380.06571350153524
06071010023,29.61145996647459,492.2291993294918,49.70801696637197,894.1603393274395
06071009709,30.52614490228673,510.5228980457347,52.80145477450569,956.0290954901136
06071010015,32.20599620779967,544.1199241559934,54.95025542963214,999.0051085926427
06093000300,13.151107359403456,163.02214718806914,16.684126771984594,233.68253543969186
06093000800,11.295297299183769,125.90594598367537,12.584073322462157,151.6814664492431
06061021037,9.721496186876077,94.42992373752152,11.34775427851406,126.95508557028117
06071000606,19.72222222222222,294.4444444444444,25.07936507936508,401.58730158730157
06071000603,20.149091163252702,302.981823265054,25.123649909868135,402.4729981973627
06071002011,17.001760845053916,240.03521690107834,19.623196982961144,292.46393965922283
06071002019,17.50587060975768,250.11741219515352,20.878886482773552,317.5777296554711
06071001504,21.162278626005463,323.2455725201093,27.587336164343718,451.74672328687427
06071003605,20.238095238095237,304.76190476190465,27.1031746031746,442.06349206349205
06071004404,20.063751637483406,301.27503274966807,28.479455614260935,469.5891122852186
06071009911,32.56367627867286,551.273525573457,53.11386157851567,962.2772315703132
06071000304,21.059587803014075,321.19175606028153,27.04909111708575,440.981822341715
06089011702,9.81439170756465,96.28783415129298,8.169120866730612,63.38241733461227
06055200707,10.745209442813575,114.90418885627149,12.184729385328351,143.69458770656703
06085502604,12.02661922840575,140.53238456811496,14.767582034050367,195.3516406810073
06085503117,10.833333333333334,116.66666666666666,11.11111111111111,122.2222222222222
06053001700,5.912698412698413,18.253968253968253,6.26984126984127,25.396825396825392
06053000701,7.00820932927247,40.164186585449364,7.990327393871191,59.806547877423796
06085509304,9.206861055925362,84.13722111850723,8.312988646262104,66.25977292524206
06085512310,12.277811653465927,145.55623306931852,13.427115342436728,168.54230684873454
06053011204,15.464517068881786,209.29034137763568,23.33194600992546,366.63892019850914
06053014202,3.393965236065327,-32.120695278693475,2.8254710651918034,-43.49057869616393
06019002903,15.535020125856592,210.7004025171319,24.405739782366616,388.1147956473323
06019005409,15.238095238095237,204.7619047619047,25.436507936507937,408.7301587301587
06075012202,5.158730158730159,3.1746031746031917,4.682539682539683,-6.349206349206355
06075017102,5.0,-1.4210854715202004e-14,3.9285714285714284,-21.42857142857143
06075032601,4.365079365079366,-12.698412698412696,3.134920634920635,-37.301587301587304
06075980401,6.7063492063492065,34.12698412698413,5.634920634920636,12.698412698412696
06013302009,9.307778571136481,86.15557142272962,14.36772003363686,187.3544006727372
06013345116,9.116130970590032,82.32261941180062,11.771598656797764,135.43197313595522
06013351103,10.30061839000896,106.01236780017923,13.454541607830306,169.0908321566061
06013320003,11.530775121003176,130.61550242006354,14.840056202841271,196.80112405682542
06095250104,9.087301587301587,81.74603174603172,11.626984126984127,132.5396825396825
06095252611,10.396825396825397,107.93650793650795,14.563492063492065,191.26984126984127
06043000102,12.359616846133974,147.1923369226795,17.743190079636666,254.86380159273324
06043000400,10.871215010926786,117.42430021853569,13.688477283331848,173.76954566663693
06099002401,10.825485843313714,116.50971686627429,18.681135331459778,273.62270662919565
06001405302,7.420634920634921,48.412698412698404,6.42857142857143,28.571428571428584
06001437702,7.738095238095238,54.76190476190476,7.579365079365079,51.58730158730157
06001451403,12.372428646577266,147.44857293154533,17.85567479104634,257.1134958209268
06001440336,9.126984126984128,82.53968253968256,10.079365079365079,101.58730158730154
06001425102,7.34993111443944,46.998622288788766,6.8667585140807486,37.33517028161494
06111004716,9.303826854019064,86.07653708038127,6.609154025256235,32.183080505124664
06111007609,14.603174603174605,192.06349206349205,13.61111111111111,172.22222222222217
06059087505,18.814070366352794,276.2814073270559,22.840715746613235,356.81431493226467
06065045115,23.380624614724656,367.6124922944931,40.88248600851106,717.6497201702211
06065031602,22.936507936507937,358.7301587301587,33.45238095238095,569.047619047619
06065041101,22.30184877761235,346.036975552247,33.50899548583795,570.1799097167589
06065043235,27.236314151824832,444.7262830364965,42.09003794364704,741.8007588729408
06065043270,22.117654898388206,342.35309796776414,38.774823584770395,675.4964716954079
06065043821,20.208580798711253,304.17161597422506,27.318876921883156,446.377538437663
06065030101,21.92190938613123,338.43818772262455,33.257857300493015,565.1571460098603
06065041302,22.024611889493297,340.49223778986595,31.336782123306996,526.7356424661399
06065044922,30.853699321051046,517.0739864210209,52.417122445075805,948.3424489015159
06065045214,40.386452502102124,707.7290500420426,61.1062623154049,1122.125246308098
06065047201,33.95642788686371,579.128557737274,56.53646035854362,1030.7292071708725
06065941400,21.376263177216444,327.5252635443288,33.15768971407942,563.1537942815883
06029002820,19.156917914913773,283.1383582982755,34.60427449437079,592.0854898874159
06105000101,10.341650398053137,106.83300796106269,10.543163760727747,110.86327521455493
06105000102,10.224615395880367,104.49230791760732,10.406129150630235,108.12258301260465
06115040302,9.132799666817535,82.65599333635072,11.489510374083727,129.7902074816745
06073002711,23.49512033563847,369.9024067127694,29.322613527717166,486.4522705543433
06073020213,22.023809523809522,340.4761904761904,26.825396825396826,436.5079365079365
06073013421,19.5402362724294,290.804725448588,22.47305512878076,349.4611025756152
06037113237,18.549216566246482,270.9843313249297,23.948828233372783,378.97656466745565
06037117101,19.523809523809526,290.4761904761905,22.6984126984127,353.968253968254
06037124204,18.7082789764115,274.16557952822996,20.996887917219222,319.9377583443844
06037104704,19.009235895579884,280.1847179115976,23.41269841269841,368.2539682539682
06037127603,21.58730158730159,331.74603174603175,27.6984126984127,453.968253968254
06037139001,20.674603174603178,313.49206349206355,27.38095238095238,447.6190476190476
06037402804,20.158730158730158,303.1746031746031,25.039682539682538,400.7936507936508
06037461902,16.507936507936506,230.15873015873012,17.301587301587304,246.03174603174602
06037125501,18.452380952380953,269.0476190476191,20.35714285714286,307.1428571428572
06037189201,14.285714285714285,185.71428571428567,15.595238095238095,211.90476190476193
06037195803,14.484126984126986,189.6825396825397,17.023809523809522,240.47619047619042
06037207103,15.556306624048286,211.12613248096574,17.224821572259806,244.49643144519604
06037405302,16.346795132441862,226.9359026488372,20.28046060393438,305.6092120786875
06037502004,18.80952380952381,276.1904761904762,18.69047619047619,273.8095238095238
06037134904,21.83990060483808,336.79801209676145,29.243888400197157,484.877768003943
06037211704,14.06265333732486,181.2530667464972,14.731321265896913,194.6264253179382
06037221304,14.275230725493405,185.50461450986808,15.19385900213219,203.87718004264372
06037237401,15.873015873015872,217.46031746031747,16.428571428571427,228.57142857142856
06037554203,19.789890478153623,295.79780956307246,21.797411109147966,335.9482221829593
06037191301,14.250677900406883,185.01355800813766,15.19927240403291,203.9854480806582
06037265602,10.946176310026932,118.92352620053865,8.460770998058518,69.21541996117034
06037272201,9.028585173561668,80.57170347123333,7.344689318472458,46.89378636944914
06037302505,15.225556578873915,204.51113157747824,16.558919739867275,231.1783947973455
06037199201,17.023809523809522,240.47619047619042,17.301587301587304,246.03174603174602
06037209103,16.11111111111111,222.22222222222223,17.738095238095237,254.76190476190476
06037216402,12.544559332819206,150.8911866563841,10.197076309234271,103.94152618468539
06037221401,14.575437558956438,191.50875117912875,15.472869006841636,209.45738013683265
06037237101,15.873015873015872,217.46031746031747,16.428571428571427,228.57142857142856
06037267403,9.365079365079366,87.30158730158729,6.904761904761905,38.0952380952381
06037408139,19.563492063492063,291.26984126984127,23.769841269841272,375.3968253968254
06037124902,19.007936507936506,280.1587301587301,21.746031746031747,334.9206349206349
06037570403,18.551263756673038,271.0252751334608,19.19474817019894,283.89496340397886
06037104822,20.105092536111844,302.1018507222368,24.219985508370208,384.3997101674041
06037550601,19.751354750381953,295.027095007639,22.416678666313867,348.33357332627736
06037104203,18.803353223303926,276.0670644660785,22.688374457414195,353.7674891482839
06037901009,30.15053958098263,503.01079161965254,46.48861207974119,829.7722415948236
06037910606,29.255783711045083,485.1156742209016,51.03125376883786,920.625075376757
06037600304,15.346843104346648,206.9368620869329,13.735909068448056,174.71818136896107
06037701304,4.626898253793346,-7.462034924133079,4.154103699318567,-16.917926013628684
06037602505,12.919098098499965,158.3819619699993,9.876223392975167,97.52446785950335
06037650004,12.133945537316665,142.67891074633326,9.430736377169104,88.6147275433821
06037651102,11.355627096150663,127.1125419230132,9.480758626366548,89.61517252733091
06037481711,16.507936507936506,230.15873015873012,17.53968253968254,250.79365079365078
06037603802,9.96031746031746,99.20634920634919,7.301587301587302,46.031746031746025
06037554204,19.623641407304266,292.47282814608525,21.963660179997323,339.2732035999464
06083000302,9.229065567970755,84.5813113594151,8.435695386597965,68.71390773195928
06083002924,7.222222222222223,44.44444444444443,5.8730158730158735,17.46031746031747
06077005132,11.26984126984127,125.39682539682539,19.28571428571429,285.7142857142857
06077005133,11.416427372025868,128.32854744051738,19.32643264743223,286.5286529486446
06077005129,10.155706697364845,103.11413394729684,17.64147136368223,252.8294272736445
06109985202,10.714285714285715,114.28571428571428,17.18253968253968,243.65079365079356
06079012102,7.098136906904916,41.96273813809833,6.032306291131917,20.646125822638336
06067005202,9.14076737109067,82.81534742181334,13.172885769911435,163.45771539822866
06067007105,9.717361457088678,94.34722914177354,13.100098860371642,162.00197720743282
06067008704,10.515873015873016,110.31746031746033,12.936507936507939,158.73015873015873
06067009312,9.96031746031746,99.20634920634919,14.841269841269842,196.8253968253968
06067009332,10.343247879198108,106.86495758396217,14.797296073735836,195.94592147471673
06031000407,16.58143474170369,231.6286948340738,30.85655769053706,517.1311538107411
06077001502,10.555555555555555,111.11111111111111,14.206349206349206,184.1269841269841
06077003115,10.476190476190476,109.52380952380955,13.174603174603176,163.4920634920635
06077005136,11.26488719837999,125.29774396759979,19.270852071330445,285.4170414266089
06077005217,9.929595569581895,98.5919113916379,18.116999337026684,262.3399867405337
06077003218,9.850666161679666,97.01332323359328,11.980436259911617,139.60872519823235
06045011004,9.673423424782786,93.46846849565569,8.061740065624535,61.23480131249069
06087121601,6.798805503224617,35.976110064492325,4.367942940872358,-12.641141182552849
06087121801,6.626984126984127,32.53968253968253,4.642857142857143,-7.142857142857139
06079011201,13.110477717756073,162.20955435512144,14.206392362093336,184.12784724186673
06079011903,7.7511482608377325,55.02296521675464,6.827598231450159,36.55196462900315
06115040201,9.000390793491757,80.00781586983513,11.676166348570202,133.52332697140403
06115040305,9.31990925828672,86.39818516573436,11.449980527306403,128.99961054612803
06023011502,8.785210799199993,75.70421598399984,8.300518727834662,66.01037455669322
06023010701,7.8005465039638295,56.01093007927661,8.210326653292235,64.20653306584475
06013337202,13.214285714285715,164.28571428571428,20.873015873015873,317.46031746031747
06013334008,13.185750325242807,163.7150065048561,21.01223851812668,320.2447703625336
06013303104,9.605344396075356,92.10688792150708,14.54215241353138,190.84304827062758
06013302013,8.685979340216393,73.71958680432785,13.484568741630495,169.69137483260988
06089012606,10.078047368546073,101.56094737092147,7.433052788878161,48.66105577756321
06097151404,9.642857142857144,92.85714285714286,8.373015873015872,67.46031746031744
06097152804,9.554449787338063,91.08899574676124,10.536179249511267,110.72358499022535
06097154307,8.801627925526391,76.03255851052779,8.67799588994202,73.55991779884039
06081602002,5.1549617334888085,3.099234669776174,3.4440904168499804,-31.11819166300039
06081606201,9.682539682539684,93.65079365079364,11.11111111111111,122.2222222222222
06081600501,4.801587301587301,-3.9682539682539755,3.1746031746031744,-36.50793650793651
06047002204,14.710824934226723,194.2164986845344,25.484244447835426,409.6848889567085
06007002401,9.64316947056592,92.86338941131842,9.779510300771928,95.59020601543861
06083002014,13.634280162516058,172.68560325032115,13.987294647589518,179.74589295179035
06083002406,12.618963436430136,152.37926872860268,12.159932905460508,143.19865810921016
06083002407,12.638033243466236,152.7606648693247,12.200145324645328,144.00290649290656
06083002710,12.936507936507939,158.73015873015873,20.119047619047617,302.3809523809523
06067006902,9.248879920709314,84.9775984141863,12.925346284070939,158.50692568141878
06067005003,9.841269841269842,96.82539682539681,13.968253968253968,179.36507936507934
06067009642,10.119047619047619,102.38095238095232,14.96031746031746,199.20634920634916
06067006204,8.981322821137399,79.62645642274792,11.91181216049592,138.23624320991834
06067004013,10.339327525945784,106.78655051891567,14.688906918278581,193.77813836557164
06067007109,9.64276567752572,92.85531355051437,13.174557441937463,163.49114883874927
06065043520,24.397337888743692,387.9467577748739,38.30535473332183,666.1070946664365
06065043295,28.42386607348521,468.4773214697043,42.487206904783,749.74413809566
06065045234,40.39269508864908,707.8539017729815,61.100158453003445,1122.0031690600688
06065049501,38.41269841269841,668.2539682539682,60.753968253968246,1115.0793650793648
06065045305,36.29475494694465,625.895098938893,58.31277995255099,1066.2555990510195
06065045611,26.658430933407356,433.168618668147,43.98298229935032,779.6596459870062
06065045127,31.05605785648483,521.1211571296966,49.80049053252259,896.0098106504519
06065031504,22.789732927469007,355.7946585493801,35.32030445177646,606.4060890355291
06065051301,24.83645094725394,396.7290189450789,37.54295481542999,650.8590963085999
06025010402,34.416297819845774,588.3259563969154,54.61684567075491,992.3369134150983
06071002312,18.980572034354935,279.61144068709876,24.29370698167409,385.8741396334818
06071010430,30.769848042200287,515.3969608440058,47.579521616946636,851.5904323389326
06071010805,17.09746048145851,241.94920962917007,22.62437364245036,352.4874728490073
06071010033,32.73809523809524,554.7619047619047,55.47619047619048,1009.5238095238094
06071009129,24.63676944030294,392.7353888060588,44.23946679384944,784.7893358769887
06071011602,23.55787025398834,371.1574050797668,42.749926054045915,754.9985210809184
06071009138,30.575753164743936,511.5150632948787,51.80924673805671,936.1849347611341
06071007201,22.761728864689417,355.2345772937884,32.039748216503035,540.7949643300608
06071005501,19.142338111231943,282.8467622246388,27.44960587535244,448.99211750704876
06071001911,20.35582952797403,307.1165905594806,26.409390960878536,428.1878192175707
06071002051,18.928571428571427,278.57142857142856,25.682591268309892,413.65182536619784
06071010036,34.63046772200316,592.6093544400633,56.331144920589004,1026.6228984117802
06071000307,20.836698507552647,316.7339701510529,26.54970295296899,430.9940590593797
06017031409,9.069652478884377,81.39304957768753,11.35422282109829,127.08445642196577
06017030201,13.248006609967744,164.96013219935492,18.272840911020218,265.45681822040433
06001440337,9.49873231603063,89.97464632061258,10.235890632647816,104.71781265295633
06001442501,10.898997982017947,117.97995964035891,12.44157730195722,148.83154603914443
06001982100,7.421358900418001,48.427178008359995,7.761887758477444,55.23775516954885
06103001102,9.3931250318551,87.86250063710196,11.44250558268016,128.85011165360322
06019008404,14.245360052968406,184.90720105936808,25.872176256686704,417.44352513373394
06019006411,12.1541848919649,143.08369783929794,16.8784866661992,237.569733323984
06019004217,14.696857130023536,193.93714260047068,25.70369091948402,414.07381838968035
06019006606,14.66762645271676,193.35252905433515,28.119490966026156,462.38981932052303
06019007903,15.169211903789362,203.38423807578718,25.037272981693263,400.74545963386527
06029003210,19.400576204194465,288.01152408388924,35.08765486479181,601.7530972958361
06029005206,16.22814854918863,224.56297098377263,25.25274567540573,405.05491350811457
06029002002,19.007936507936506,280.1587301587301,28.92857142857143,478.57142857142856
06029001104,18.880687979291984,277.61375958583966,32.39202069245433,547.8404138490866
06029003133,19.085573879219556,281.71147758439116,32.73821864581538,554.7643729163076
06029003207,18.53174603174603,270.63492063492066,32.77777777777778,555.5555555555555
06029003126,19.0398031733907,280.796063467814,32.12859365234292,542.5718730468584
06029005208,15.528646160396299,210.57292320792595,25.677322289176043,413.5464457835208
06029005510,21.22116154972964,324.4232309945927,37.47902520695762,649.5805041391524
06029001301,19.365079365079367,287.3015873015873,33.25396825396825,565.0793650793651
06029002822,18.849206349206348,276.984126984127,33.61111111111111,572.2222222222222
06029004403,18.508118620374884,270.1623724074977,33.41269841269841,568.2539682539682
06029005512,27.67995980729088,453.59919614581753,49.73066298606284,894.613259721257
06111003302,9.862980864206637,97.25961728413272,5.936404953538104,18.728099070762074
06111003301,6.153818198398377,23.076363967967534,3.5088714878742904,-29.822570242514207
06111008307,17.57055424794716,251.41108495894326,22.06446817677918,341.2893635355835
06099000406,11.307074675082058,126.14149350164114,17.922308968264694,258.4461793652939
06085509110,11.31119422495335,126.223884499067,12.361987070843218,147.23974141686432
06085505011,9.093181539520693,81.86363079041384,9.805998285436832,96.1199657087366
06085504508,9.066790423058656,81.3358084611731,9.72581685511715,94.51633710234296
06085505901,9.571125273615968,91.42250547231936,11.320680039704902,126.413600794098
06085502203,11.615599523303906,132.3119904660781,13.828018336801495,176.56036673602992
06085511501,11.785550715321783,135.7110143064357,13.558215714301648,171.16431428603298
06085512514,12.85714285714286,157.14285714285717,17.53968253968254,250.79365079365078
06085509002,8.57142857142857,71.42857142857139,9.404761904761905,88.0952380952381
06073007912,10.476190476190476,109.52380952380955,8.53174603174603,70.6349206349206
06073009203,23.860975764639768,377.2195152927953,30.690209098058432,513.8041819611685
06073005403,15.674603174603174,213.4920634920635,16.30952380952381,226.1904761904762
06073013323,21.03174603174603,320.63492063492066,23.492063492063494,369.8412698412699
06073013316,21.943272066523974,338.8654413304794,27.34072897223703,446.8145794447405
06073017308,4.563492063492064,-8.73015873015872,3.0952380952380953,-38.095238095238095
06073019210,20.28084156801458,305.6168313602916,27.474433144633515,449.4886628926703
06073009109,16.081488372506357,221.62976745012708,18.14862852666146,262.97257053322926
06073018520,17.658730158730158,253.17460317460313,20.674603174603178,313.49206349206355
06073008374,16.097430952905484,221.94861905810967,17.303735741345864,246.07471482691727
06073018101,5.463186361647697,9.263727232953944,3.318245976275162,-33.63508047449677
06073013324,21.03174603174603,320.63492063492066,23.492063492063494,369.8412698412699
06059052435,15.952380952380954,219.0476190476191,20.238095238095237,304.76190476190465
06059052533,18.15383420901961,263.07668418039225,23.687541274146568,373.7508254829313
06059052431,18.04196564219313,260.83931284386256,23.367382231535608,367.3476446307121
06059076104,17.738095238095237,254.76190476190476,21.46825396825397,329.36507936507934
06009000302,10.107228428100736,102.14456856201477,15.059532781033598,201.19065562067198
06053011306,14.628224874053835,192.56449748107661,20.5449022239945,310.89804447989
06005000201,9.554456140131158,91.08912280262317,12.397550050035171,147.95100100070343
06107001008,16.037775421464097,220.7555084292819,33.26788995840861,565.3577991681722
06107003504,15.621354546492821,212.42709092985638,27.97058664267221,459.41173285344416
06075017803,5.357142857142858,7.142857142857139,4.761904761904762,-4.761904761904773
06075016602,5.0,-1.4210854715202004e-14,3.9285714285714284,-21.42857142857143
06075020802,5.357142857142858,7.142857142857139,4.761904761904762,-4.761904761904773
06075031401,4.801587301587301,-3.9682539682539755,3.1746031746031744,-36.50793650793651
06075061505,5.1190476190476195,2.380952380952394,3.6111111111111116,-27.777777777777786
06075020701,5.357142857142858,7.142857142857139,4.761904761904762,-4.761904761904773
06075010701,5.157854862500917,3.1570972500183547,4.6589066843501525,-6.821866312996959
06075020601,5.357142857142858,7.142857142857139,4.761904761904762,-4.761904761904773
06075020201,5.357142857142858,7.142857142857139,4.761904761904762,-4.761904761904773
06037132301,21.373065209064634,327.46130418129263,28.312678779754506,466.25357559509007
06037104322,19.365079365079367,287.3015873015873,23.41269841269841,368.2539682539682
06037271804,9.642857142857144,92.85714285714286,7.658730158730158,53.174603174603135
06037224702,17.21904360375938,244.38087207518757,19.01656488535768,280.33129770715357
06037224701,16.883971526921208,237.67943053842419,18.596568240170132,271.9313648034026
06037207308,16.235417529802124,224.7083505960425,17.723470953543355,254.4694190708671
06037207306,16.785714285714285,235.71428571428567,17.658730158730158,253.17460317460313
06037206054,16.785714285714285,235.71428571428567,17.658730158730158,253.17460317460313
06037264303,9.307600131462383,86.15200262924765,6.894851692069322,37.89703384138644
06037209105,16.11111111111111,222.22222222222223,17.738095238095237,254.76190476190476
06037214504,12.420634920634921,148.41269841269843,11.468253968253968,129.36507936507934
06037207307,16.670338886441176,233.4067777288235,17.67230373511523,253.44607470230454
06037408900,18.88296653989364,277.65933079787277,23.353846250055597,367.07692500111193
06037431701,17.321474888396587,246.4294977679317,19.20564123971101,284.1128247942201
06037602512,13.61111111111111,172.22222222222217,10.396825396825397,107.93650793650795
06037980012,18.834005265095477,276.6801053019096,20.786894756268186,315.7378951253637
06037910405,28.788424646866705,475.76849293733403,48.981501749764895,879.6300349952979
06037900807,29.28571428571429,485.71428571428567,46.62698412698412,832.5396825396824
06037910719,29.295617981167776,485.9123596233554,50.743357151696664,914.8671430339333
06037189704,15.547329186208671,210.94658372417337,15.937596358054964,218.75192716109927
06037189501,12.896825396825399,157.93650793650795,13.412698412698413,168.25396825396825
06037431004,15.898370583896256,217.9674116779251,17.297461118182383,245.94922236364772
06037137202,21.666666666666668,333.3333333333333,28.333333333333332,466.66666666666663
06037577700,16.440883736322554,228.81767472645106,16.377932202880302,227.55864405760596
06037603007,15.420857131031827,208.4171426206365,13.594349253650472,171.8869850730094
06037570306,17.560942885420957,251.21885770841908,19.589685634808788,291.7937126961758
06037620802,6.535550729864327,30.71101459728653,4.962173079133763,-0.7565384173247303
06037134802,21.82302302791934,336.4604605583867,29.20278851013298,484.0557702026595
06037555105,19.99160002899327,299.83200057986534,22.072396553717294,341.4479310743459
06037551204,18.492063492063494,269.8412698412699,20.634920634920636,312.69841269841277
06037131023,21.746031746031747,334.9206349206349,29.08730158730159,481.7460317460317
06037243001,17.529269290484557,250.5853858096911,19.87504100962417,297.5008201924834
06037119004,20.238095238095237,304.76190476190465,24.365079365079364,387.30158730158723
06037232701,15.873015873015872,217.46031746031747,16.428571428571427,228.57142857142856
06037232602,15.873015873015872,217.46031746031747,16.428571428571427,228.57142857142856
06037273404,3.6111111111111116,-27.777777777777786,3.968253968253968,-20.634920634920633
06037980030,6.617232158988976,32.344643179779524,4.8306859885546425,-3.386280228907137
06037542200,18.691079577740727,273.8215915548145,19.209366142671893,284.18732285343776
06037601801,11.547619047619047,130.95238095238093,8.611111111111112,72.22222222222223
06037530301,17.359193648888525,247.18387297777048,19.029229358898196,280.58458717796384
06037433804,18.053585157984,261.07170315968006,21.38943806539181,327.78876130783624
06037430802,16.65133438258495,233.02668765169898,18.67926325358819,273.5852650717638
06037405702,16.886773767266163,237.7354753453233,20.45969500185212,309.19390003704234
06077005125,10.730021280266703,114.60042560533404,19.131480002978694,282.6296000595739
06077001800,10.537859034465239,110.75718068930478,13.867638657918896,177.3527731583779
06077003210,10.016953449210382,100.3390689842076,12.040979201263708,140.81958402527414
06077003900,9.879360174136988,97.5872034827398,15.158338719430176,203.16677438860356
06077001600,10.525739335333315,110.51478670666631,13.69947346257111,173.98946925142218
06077000402,10.247857782375211,104.95715564750422,13.763278371666953,175.26556743333907
06077001200,10.444412003863205,108.8882400772641,13.562380690736,171.24761381471995
06077003306,10.393888714014722,107.87777428029445,12.721980804374951,154.43961608749896
06009000122,10.717022853301621,114.34045706603239,15.807518596705695,216.15037193411388
06099003300,11.553144384855294,131.06288769710588,18.04570013091606,260.9140026183211
06099000301,11.849810401581557,136.9962080316311,18.278381830152988,265.5676366030597
06099004000,10.486509031156258,109.73018062312511,17.154880747929035,243.09761495858075
06099002603,11.031746031746032,120.6349206349206,19.642857142857142,292.85714285714283
06099002005,11.169703642763654,123.3940728552731,19.72956030606919,294.59120612138366
06001436000,6.746031746031746,34.92063492063491,6.26984126984127,25.396825396825392
06001410400,6.562199621324387,31.243992426487747,8.507765648361548,70.15531296723097
06001436900,7.383163914991111,47.66327829982219,7.973978942151746,59.47957884303494
06001420100,6.111111111111111,22.222222222222214,5.595238095238095,11.904761904761884
06001437000,7.658637373322397,53.1727474664479,7.698505483820461,53.970109676409216
06001403900,7.44142142294924,48.82842845898476,7.322559972981055,46.45119945962107
06001405500,7.619047619047619,52.38095238095235,7.182539682539684,43.650793650793645
06001443102,10.34760626109327,106.95212522186544,11.37945831226465,127.58916624529297
06001407400,6.865079365079365,37.30158730158729,6.626984126984127,32.53968253968253
06001407200,6.98794993187726,39.75899863754519,6.430499794389319,28.60999588778637
06001437200,7.658730158730158,53.174603174603135,7.698412698412699,53.968253968253975
06001437300,7.702981515106605,54.05963030213208,7.632035663848029,52.64071327696058
06001436602,7.772727034413519,55.45454068827037,7.6684182698978,53.368365397955984
06001433900,8.055555555555555,61.111111111111114,9.285714285714286,85.71428571428572
06001440305,9.007936507936508,80.15873015873015,7.698412698412699,53.968253968253975
06001400900,7.380952380952381,47.61904761904759,6.929294328638263,38.585886572765226
06001436800,7.714121702226612,54.28243404453224,7.8466645553384335,56.933291106768685
06001400800,7.280753925053726,45.615078501074485,6.995484559079427,39.90969118158851
06001402400,7.332364242107468,46.64728484214934,6.297878415781634,25.957568315632653
06001402600,7.385290240391793,47.70580480783583,6.269520367477352,25.39040734954701
06001428400,6.944444444444445,38.888888888888886,6.071428571428571,21.428571428571416
06001421100,7.023809523809524,40.47619047619045,7.341269841269842,46.82539682539681
06001423100,7.261902292761421,45.23804585522841,6.984134391557011,39.6826878311402
06001400500,7.182539682539684,43.650793650793645,7.222222222222223,44.44444444444443
06001444500,9.467516747716443,89.35033495432884,9.430426575905598,88.60853151811196
06001443001,10.873015873015873,117.46031746031744,13.373015873015873,167.46031746031747
06001444200,9.722222222222223,94.44444444444443,9.166666666666668,83.33333333333334
06001404300,7.6181841009292715,52.363682018585436,8.065011250751219,61.30022501502439
06001409300,6.547619047619048,30.952380952380963,8.49206349206349,69.84126984126982
06001443301,10.114752988299877,102.29505976599752,10.727241459256213,114.54482918512426
06001430300,8.277712757351255,65.55425514702507,9.395677422002025,87.91354844004049
06001444400,9.606764103724823,92.1352820744964,9.1950306068667,83.90061213733398
06013389100,6.097975180680417,21.959503613608334,5.591297316108887,11.82594632217772
06013390100,5.317460317460317,6.349206349206355,5.357142857142858,7.142857142857139
06013359204,8.288373847420868,65.76747694841738,10.052619360648059,101.05238721296118
06013365003,5.357142857142858,7.142857142857139,4.563492063492064,-8.73015873015872
06013374000,4.219097182960259,-15.618056340794828,3.2451081497408234,-35.097837005183536
06013383000,5.168426995680991,3.3685399136198253,4.6174695740718885,-7.650608518562246
06013366001,5.6827734277633954,13.655468555267898,5.280069948719541,5.601398974390787
06013345105,9.90622989309209,98.1245978618418,13.53038529653205,170.60770593064095
06013328000,14.121986201594634,182.4397240318926,21.33553727024359,326.71074540487183
06013333101,12.879989737366742,157.59979474733478,20.72984753826607,314.59695076532137
06013346203,10.967287484586068,119.34574969172134,14.733018381038862,194.66036762077724
06013352201,10.165192671394506,103.3038534278901,11.11889292195102,122.37785843902037
06013304003,9.678327890793247,93.56655781586491,15.278573974208353,205.57147948416707
06013386000,4.634772156020068,-7.304556879598634,3.934875854142337,-21.30248291715325
06019002100,15.429156658739117,208.58313317478232,25.820686263517146,416.41372527034287
06019002300,14.880952380952381,197.6190476190476,24.285714285714285,385.71428571428567
06019002601,15.452625377090383,209.05250754180767,25.093890621670838,401.87781243341675
06019003702,15.674603174603174,213.4920634920635,26.50793650793651,430.1587301587301
06019002501,14.523809523809526,190.47619047619048,22.976190476190474,359.5238095238095
06019005508,14.206349206349206,184.1269841269841,26.23015873015873,424.6031746031746
06019005000,14.603174603174605,192.06349206349205,25.873015873015877,417.46031746031747
06019005410,15.093051816428947,201.86103632857888,25.080130933961367,401.60261867922736
06019005407,14.96187134957444,199.23742699148877,25.375124850169982,407.50249700339964
06019006501,14.252114552349056,185.0422910469811,27.0227982891292,440.4559657825839
06019007002,15.492979199283504,209.85958398567007,31.76073185461047,535.2146370922094
06019001202,15.014283082648053,200.285661652961,24.92501213189869,398.50024263797377
06019001303,15.515873015873016,210.3174603174603,25.238095238095237,404.76190476190476
06019002904,15.483728265919767,209.67456531839542,24.380766747260278,387.6153349452056
06019003808,15.659225967110586,213.1845193422117,28.259199385198727,465.1839877039745
06019004601,14.642857142857144,192.85714285714283,26.031746031746035,420.6349206349206
06019005514,14.440139550801776,188.8027910160355,25.120830348357632,402.4166069671527
06019000502,15.217636945821006,204.35273891642007,24.566058756599997,391.3211751319999
06019001301,15.535729040964053,210.71458081928108,24.82111871118343,396.42237422366856
06085508602,9.919937841841186,98.39875683682368,11.802597182403824,136.05194364807647
06085508401,10.942666415423547,118.8533283084709,12.856109477738544,157.12218955477087
06085504802,8.691597430143661,73.83194860287321,9.405659321247969,88.11318642495934
06085500500,10.152550694937146,103.05101389874292,11.199075316127857,123.9815063225571
06085505301,9.365079365079366,87.30158730158729,11.19047619047619,123.80952380952377
06085512200,11.105863828179785,122.1172765635957,13.557808530928881,171.15617061857762
06085502910,12.774500602344744,155.4900120468949,15.732718366767909,214.65436733535816
06085512024,12.842450376843756,156.84900753687506,13.115769039031981,162.3153807806396
06085512047,13.032635633158632,160.65271266317262,15.254451455583656,205.08902911167309
06085511913,13.055555555555557,161.11111111111114,16.626984126984127,232.53968253968253
06085507906,13.214285714285715,164.28571428571428,17.817460317460316,256.3492063492063
06085506701,12.85714285714286,157.14285714285717,16.071428571428573,221.42857142857144
06085506103,10.595238095238095,111.9047619047619,12.81746031746032,156.34920634920638
06085503804,10.592896469527968,111.85792939055932,12.22303407273796,144.46068145475914
06085503511,10.798709467259027,115.97418934518053,11.808669890313322,136.17339780626642
06085503401,10.466378203472875,109.3275640694575,10.988792734490959,119.77585468981916
06085503217,11.15079365079365,123.01587301587298,11.38888888888889,127.77777777777777
06085503112,10.762072826892522,115.24145653785042,11.168119516263761,123.36239032527521
06085504320,9.987212478433722,99.74424956867442,10.865885143504622,117.3177028700924
06085500600,10.203342573120608,104.06685146241217,11.195406065184098,123.90812130368194
06085510900,11.410211507724503,128.20423015449003,12.706076661260251,154.12153322520504
06085509802,10.598858567429323,111.97717134858648,11.046275624547238,120.92551249094471
06085509700,10.357142857142858,107.14285714285717,10.753968253968255,115.07936507936506
06085509303,9.61552541957236,92.3105083914472,9.146753692645309,82.93507385290614
06085501700,10.436507936507937,108.73015873015873,11.428571428571429,128.57142857142856
06085508003,12.567587390583737,151.35174781167476,15.332777284289563,206.6555456857912
06085503509,11.744858900687891,134.89717801375784,13.569473829188814,171.38947658377623
06085504413,9.741452626293853,94.82905252587702,10.120001375962897,102.4000275192579
06085513500,12.748015365979263,154.96030731958527,17.242734749429335,244.8546949885867
06099002803,11.31983528648152,126.39670572963037,18.36239397336886,267.2478794673772
06099001400,11.16872918822844,123.37458376456878,19.66359845829595,293.271969165919
06099002504,10.748053764086105,114.9610752817221,18.941741566665087,278.8348313333017
06099000909,10.674603174603174,113.4920634920635,18.21428571428571,264.2857142857142
06035040100,14.600867660710307,192.01735321420614,21.16506031441449,323.3012062882898
06035040200,12.343727409444506,146.87454818889012,13.113027839969767,162.26055679939532
06035040304,15.313662254567706,206.2732450913541,19.971499441642898,299.42998883285793
06039000604,13.134920634920636,162.6984126984127,22.04978643779809,340.99572875596175
06039000102,11.737881278600526,134.75762557201048,15.70514172238317,214.10283444766333
06079010703,6.69915330990386,33.983066198077175,6.885170848895358,37.70341697790713
06079012302,15.637454552331814,212.74909104663624,19.8754375024673,297.50875004934596
06079013000,12.145617405872567,142.9123481174513,14.203137272730025,184.0627454546005
06079010016,17.766690782059847,255.3338156411968,23.84485785099688,376.8971570199375
06079010204,20.985219221665673,319.70438443331346,28.643707009424414,472.8741401884883
06079010902,13.74337803764093,174.86756075281858,14.5133473155489,190.266946310978
06079011101,13.491017957835705,169.82035915671412,14.250352457080274,185.00704914160548
06105000200,9.955074245533066,99.10148491066128,10.087552705680547,101.75105411361088
06007001200,10.462640189984441,109.25280379968882,12.885329621175767,157.70659242351527
06007002000,10.055501211606595,101.11002423213188,10.234908113229345,104.69816226458693
06007000603,10.587210401929035,111.7442080385807,13.654924977250351,173.09849954500697
06081601605,4.501027667529571,-9.979446649408581,3.059593010424799,-38.80813979150403
06081609900,13.109091097193666,162.18182194387333,13.70432919243176,174.0865838486352
06081609602,13.373548732935424,167.47097465870849,14.153350343452562,183.06700686905123
06081612700,12.023769594669039,140.4753918933808,13.601100635624388,172.0220127124877
06081608200,8.509285438991476,70.18570877982957,8.724074407014205,74.48148814028409
06081605800,9.636002600041966,92.7200520008393,11.536168104222568,130.7233620844513
06081606500,11.746031746031747,134.92063492063494,13.65079365079365,173.01587301587296
06081602400,5.331410631968227,6.628212639364549,4.3447063021677845,-13.105873956644302
06023010600,9.034281364106125,80.6856272821225,9.401970662285562,88.03941324571123
06023011200,8.076973826138328,61.53947652276654,8.528459086891047,70.5691817378209
06023010200,8.456754026116625,69.13508052233246,8.508862396380747,70.17724792761501
06081604200,6.3309043370664755,26.6180867413295,5.729303540018056,14.586070800361107
06081605400,9.596662274812743,91.93324549625486,11.411682038155396,128.23364076310793
06081604500,7.389535532580878,47.7907106516175,7.446384375520408,48.927687510408134
06081601502,4.1269841269841265,-17.46031746031747,2.5793650793650795,-48.412698412698404
06047000701,11.650288337475796,133.0057667495159,16.566930253284266,231.3386050656853
06047001003,11.71279226561731,134.2558453123462,17.553667330998817,251.07334661997623
06047000901,12.826892760886775,156.53785521773543,20.684000771640388,313.68001543280775
06047001004,11.813526663113418,136.27053326226832,17.9766813705289,259.533627410578
06075030800,5.011716776636872,0.23433553273742547,3.8614896520647113,-22.770206958705774
06075035400,4.484126984126984,-10.31746031746033,3.5317460317460316,-29.365079365079367
06075045100,4.9988546680588986,-0.022906638822032754,3.927171578421194,-21.456568431576123
06075022702,5.1190476190476195,2.380952380952394,3.6111111111111116,-27.777777777777786
06075026303,4.86294900064855,-2.7410199870290075,3.2070887799885415,-35.858224400229176
06075011800,5.137791448885535,2.7558289777107046,4.117194516734828,-17.656109665303457
06075013500,5.158730158730159,3.1746031746031917,4.682539682539683,-6.349206349206355
06075015600,4.976199165922111,-0.4760166815577874,3.8994815202540085,-22.01036959491982
06075016500,5.0,-1.4210854715202004e-14,3.9285714285714284,-21.42857142857143
06075020500,5.217224120025191,4.3444824005038285,4.435427708630209,-11.291445827395819
06075021400,5.646234203637038,12.924684072740737,4.569177197575309,-8.616456048493836
06075022901,5.496747677963216,9.934953559264315,4.6688348813578555,-6.62330237284289
06075025403,5.833333333333333,16.666666666666657,4.444444444444445,-11.111111111111114
06075026004,5.46397797509033,9.279559501806595,3.75082411943647,-24.983517611270603
06075030202,4.823786102028063,-3.524277959438768,3.708304056106506,-25.833918877869877
06065046103,35.52036131941214,610.4072263882426,52.7484971251492,954.969942502984
06065042010,26.529376990550418,430.58753981100836,43.98657381829935,779.7314763659867
06065043216,25.849001225091044,416.9800245018208,40.999989399464766,719.9997879892953
06065040904,21.66075362902898,333.21507258057954,30.68154521362638,513.6309042725276
06065043315,27.976190476190478,459.5238095238095,42.53968253968254,750.7936507936508
06065043405,25.001519200520704,400.030384010414,39.744441453792746,694.8888290758549
06065041804,20.63426028737994,312.6852057475988,27.92929062302814,458.58581246056275
06065043807,20.114740500405762,302.29481000811523,28.622005075003546,472.44010150007097
06065044200,21.72005767638391,334.40115352767816,32.99705569291109,559.9411138582218
06065040604,19.215203102828482,284.3040620565696,27.15219360373036,443.0438720746071
06065041813,21.42857142857143,328.57142857142856,30.158730158730158,503.174603174603
06065041806,20.317460317460323,306.34920634920644,27.739763823857803,454.79527647715594
06065031402,22.967204016868067,359.3440803373613,36.60685663220214,632.1371326440427
06065042512,26.825396825396826,436.5079365079365,39.92063492063492,698.4126984126983
06065042408,23.690476190476193,373.8095238095238,34.642857142857146,592.8571428571429
06065044701,26.58730158730159,431.7460317460317,42.301587301587304,746.031746031746
06041122000,10.778534488188589,115.57068976377172,13.099018893022299,161.980377860446
06065040807,20.00147565113843,300.0295130227686,26.413818903829206,428.276378076584
06065041001,22.77777777777778,355.55555555555554,35.43650793650794,608.7301587301587
06065043314,26.8059297136503,436.118594273006,41.61322610267157,732.2645220534314
06065045502,38.87438782771514,677.4877565543027,60.22359417692149,1104.4718835384294
06065045703,35.5484382536065,610.9687650721299,55.82921906154155,1016.5843812308308
06065045110,25.998799754010264,419.97599508020534,45.35800017570695,807.160003514139
06065040605,19.60525236388671,292.1050472777342,28.205477084833863,464.10954169667724
06065040204,21.30920209730212,326.1840419460424,30.76483239117063,515.2966478234125
06065040606,19.642857142857142,292.85714285714283,28.333333333333332,466.66666666666663
06065043309,24.27398696816725,385.479739363345,37.15031416383391,643.0062832766781
06049000200,13.041629612088796,160.8325922417759,17.148502254886104,242.970045097722
06101050102,8.743601182839475,74.8720236567895,11.515046304781535,130.30092609563064
06063000100,11.142873106846233,122.8574621369246,13.125835221987067,162.51670443974132
06115040400,9.02303460369135,80.46069207382698,11.90191286342862,138.0382572685724
06027000800,23.272620075528177,365.4524015105635,40.62326664120478,712.4653328240956
06027000500,23.819827715796436,376.3965543159287,41.87588759263183,737.5177518526366
06087121401,6.825396825396825,36.50793650793648,4.325396825396826,-13.492063492063494
06087120500,12.646789616268533,152.93579232537058,15.21796080511058,204.35921610221158
06087122100,6.579146086497909,31.58292172995815,4.287654507036882,-14.246909859262349
06069000100,13.319954748532899,166.39909497065793,19.11635363193769,282.3270726387538
06053010605,7.201536368296471,44.030727365929366,8.39448520262685,67.88970405253697
06053000800,6.562244506369654,31.244890127393063,6.587301587301589,31.746031746031747
06053001500,6.511811336862882,30.236226737257624,7.1855952129029355,43.7119042580587
06053012000,5.634920634920635,12.698412698412696,4.1269841269841265,-17.46031746031747
06053013700,8.047395383246387,60.947907664927754,7.180359849229479,43.60719698458955
06037135202,19.251122569230983,285.02245138461967,25.81930090383708,416.3860180767416
06037135201,19.477789380018763,289.55578760037525,26.08223279214537,421.64465584290735
06037920313,18.332435605587627,266.64871211175256,23.83436578532855,376.68731570657087
06037131100,21.070194136114388,321.4038827222877,27.515983659484444,450.31967318968873
06037920328,22.104638256697314,342.0927651339463,30.111565456864746,502.23130913729483
06037111100,18.408873433893135,268.17746867786275,21.351596730185047,327.0319346037009
06037128500,19.087301587301585,281.74603174603175,24.00793650793651,380.1587301587301
06037264000,8.242773685541847,64.85547371083693,6.727785699571643,34.55571399143285
06037214800,12.446083683587963,148.92167367175927,11.353734534965279,127.07469069930553
06037212800,14.126984126984127,182.53968253968253,15.03968253968254,200.79365079365073
06037404903,16.30864717219889,226.17294344397772,18.185341981833503,263.70683963667
06037482702,16.944444444444443,238.88888888888886,18.095238095238095,261.90476190476187
06037532101,18.13969352088335,262.793870417667,22.257662196604564,345.15324393209124
06037212204,15.119047619047619,202.38095238095235,16.071428571428573,221.42857142857144
06037211910,14.246031746031745,184.92063492063488,15.158730158730158,203.17460317460313
06037211320,14.246031746031745,184.92063492063488,15.158730158730158,203.17460317460313
06037209810,15.310381757553522,206.20763515107043,16.39286992411849,227.85739848236983
06037403402,19.206349206349206,284.1269841269841,23.452380952380956,369.0476190476191
06037480901,17.261904761904763,245.23809523809524,17.261904761904763,245.23809523809524
06037232120,16.045903501822202,220.91807003644408,17.00587833852737,240.11756677054746
06037231500,15.4642418811422,209.284837622844,16.331917296089767,226.63834592179532
06037208710,14.281030547777805,185.62061095555603,15.432887439074278,208.65774878148554
06037402801,20.158730158730158,303.1746031746031,25.039682539682538,400.7936507936508
06037531604,17.57936507936508,251.58730158730157,19.96031746031746,299.20634920634916
06037531102,16.98412698412698,239.68253968253964,17.18253968253968,243.65079365079356
06037231400,15.163095085095247,203.26190170190495,15.691015140400097,213.82030280800194
06037228310,17.658730158730158,253.17460317460313,19.563492063492063,291.26984126984127
06033000702,12.546524706235537,150.93049412471072,15.180463723986668,203.60927447973327
06033000100,10.60742500184886,112.14850003697723,10.638634612327177,112.77269224654354
06037203710,17.341269841269842,246.82539682539687,18.293650793650794,265.8730158730159
06037222200,15.660772508810545,213.2154501762109,16.942899046264586,238.85798092529166
06037221500,15.119047619047619,202.38095238095235,16.071428571428573,221.42857142857144
06037199202,17.023809523809522,240.47619047619042,17.301587301587304,246.03174603174602
06037407400,17.936507936507937,258.7301587301587,21.984126984126984,339.68253968253964
06037701302,3.3026380756115317,-33.94723848776938,3.7219955032464735,-25.560089935070526
06037218900,14.225037556509998,184.50075113019992,14.821786029625054,196.435720592501
06037218800,14.126984126984127,182.53968253968253,15.03968253968254,200.79365079365073
06037192510,14.246031746031745,184.92063492063488,15.158730158730158,203.17460317460313
06059087404,19.14605627933401,282.9211255866802,24.7827348970921,395.6546979418421
06059086305,18.63486521925292,272.6973043850584,24.671582076876486,393.43164153752974
06059011502,19.563492063492063,291.26984126984127,24.801587301587304,396.031746031746
06059011722,18.712340972025274,274.2468194405054,24.46628535646402,389.3257071292804
06059075812,17.25916547266935,245.1833094533869,18.470982111220096,269.4196422244019
06059110606,19.9317164282476,298.63432856495194,23.913522846732466,378.2704569346493
06059001403,19.101295655490333,282.0259131098066,22.927113198086573,358.54226396173135
06059021814,19.01269802098409,280.25396041968185,20.741447600874906,314.82895201749807
06059011000,19.67451449345377,293.4902898690754,22.73809523809524,354.76190476190476
06059110012,13.20696553951326,164.13931079026517,11.969826595882223,139.3965319176444
06059110203,18.69568819012104,273.9137638024208,21.055599847918927,321.11199695837854
06059088801,17.591825205056438,251.83650410112878,18.253968253968257,265.0793650793651
06059011200,19.727883463916662,294.55766927833315,23.666470171455934,373.3294034291187
06059001402,19.093997333782383,281.87994667564766,22.89062158954684,357.8124317909368
06059110201,18.80952380952381,276.1904761904762,21.46825396825397,329.36507936507934
06059087801,18.597290674560114,271.94581349120233,20.698908854010572,313.9781770802114
06059110001,17.618485672537066,252.36971345074136,19.47400587102101,289.4801174204202
06111003608,5.9523809523809526,19.04761904761905,3.3333333333333335,-33.33333333333334
06111004600,4.720384195259431,-5.592316094811404,4.49741319782866,-10.051736043426793
06111000600,16.15836482974572,223.16729659491438,18.971213015583288,279.4242603116657
06111007800,17.460317460317462,249.20634920634922,20.992063492063494,319.8412698412699
06059087103,19.523809523809526,290.4761904761905,22.22222222222222,344.4444444444444
06059001103,19.38874960748587,287.7749921497174,22.423698098687105,348.4739619737421
06059110303,19.037545647810006,280.75091295620007,22.030707836026583,340.6141567205316
06059088101,18.053209117306984,261.0641823461397,19.613734706715565,292.2746941343113
06059110111,18.86581971742364,277.31639434847284,22.508523483982103,350.1704696796421
06059089106,17.219141377617717,244.3828275523543,18.69109235939709,273.82184718794184
06059089105,17.02848472317025,240.569694463405,17.850947027917645,257.0189405583529
06059088501,17.2506180691984,245.01236138396789,18.757593646965322,275.15187293930643
06059099508,9.164730816537972,83.29461633075941,7.2882534127466165,45.7650682549323
06059099410,14.015081400617122,180.3016280123424,13.731443756457502,174.62887512915
06059088502,17.29215758440719,245.8431516881437,18.862442150301998,277.24884300604
06059087106,19.32425011429575,286.485002285915,24.21781631735996,384.35632634719923
06059088903,17.214085496044476,244.28170992088957,17.594438751042297,251.88877502084594
06029003807,19.109778535074433,282.1955707014886,35.49771558393712,609.9543116787424
06029000800,19.259538752878466,285.1907750575693,32.929931480885685,558.5986296177138
06029001902,19.007936507936506,280.1587301587301,28.92857142857143,478.57142857142856
06029004402,19.06690651811431,281.33813036228617,34.59168487010694,591.8336974021388
06059042113,11.573605129825104,131.4721025965021,11.36939382449297,127.38787648985937
06059075806,17.690390100709664,253.80780201419324,19.88904820999993,297.7809641999986
06059075603,16.29984239065327,225.99684781306541,19.538421699692037,290.7684339938407
06059075512,17.14285714285714,242.85714285714278,20.31746031746032,306.34920634920644
06059042109,16.787957730311067,235.75915460622133,21.551975596695065,331.0395119339013
06059075902,18.222735950327,264.45471900654,21.054279994522794,321.0855998904559
06059052411,21.737754887808197,334.7550977561639,28.532235982573603,470.644719651472
06059042331,16.27049325912713,225.40986518254255,17.804103617033388,256.08207234066776
06059074006,15.793650793650793,215.87301587301585,17.380952380952383,247.61904761904765
06059052526,18.224804055544617,264.4960811108923,23.14926558703908,362.9853117407815
06059052505,18.268520090347362,265.3704018069472,23.76767272777947,375.35345455558934
06059052408,21.392715062320637,327.85430124641266,27.280756919595923,445.61513839191844
06029000906,18.917857923268325,278.3571584653665,32.812113239822644,556.2422647964528
06029003400,18.923846837309185,278.4769367461837,33.896640180672655,577.932803613453
06037670413,13.932694152047132,178.6538830409426,12.156857593056968,143.1371518611393
06037504101,20.3866487295163,307.7329745903259,23.025235429676787,360.5047085935357
06037651001,14.95855485457357,199.17109709147138,16.774245534146978,235.48491068293956
06037650501,8.134920634920634,62.69841269841271,6.349206349206349,26.984126984126974
06037103102,16.601646478383167,232.0329295676633,21.26547519900859,325.3095039801719
06037620602,8.134920634920634,62.69841269841271,6.349206349206349,26.984126984126974
06037293302,17.023809523809522,240.47619047619042,20.674603174603178,313.49206349206355
06037574201,16.26984126984127,225.39682539682542,17.1031746031746,242.063492063492
06037571701,17.108422230695382,242.16844461390758,18.580809234310628,271.61618468621253
06037570601,18.253968253968257,265.0793650793651,20.753968253968257,315.0793650793651
06055202000,10.626407489937135,112.52814979874273,14.670075287467819,193.40150574935635
06055201102,9.5827140199005,91.65428039800999,10.740939691703243,114.81879383406486
06055200201,9.365079365079366,87.30158730158729,10.15873015873016,103.17460317460322
06055200501,9.895125945160094,97.90251890320187,11.047840551123638,120.9568110224728
06037555211,19.563492063492063,291.26984126984127,21.547619047619047,330.9523809523809
06037570001,20.118479778044097,302.3695955608819,22.93565617500266,358.7131235000531
06037603302,14.726637650586436,194.53275301172872,13.259897545712288,165.19795091424578
06037603600,12.53968253968254,150.79365079365078,9.603174603174603,92.06349206349205
06037603004,15.436507936507937,208.73015873015873,13.531746031746032,170.6349206349206
06037554001,19.523809523809526,290.4761904761905,22.063492063492063,341.2698412698412
06037554801,20.555180562290055,311.1036112458011,23.800775028557872,376.0155005711574
06037554514,20.647269475815442,312.94538951630886,23.512997173791042,370.2599434758208
06037554515,20.793650793650794,315.8730158730159,23.055555555555554,361.1111111111111
06037540600,17.460317460317462,249.20634920634922,19.047619047619047,280.9523809523809
06037541604,18.69047619047619,273.8095238095238,20.4509010884245,309.01802176849003
06037601301,12.81746031746032,156.34920634920638,11.15079365079365,123.01587301587298
06037600400,14.05558812406932,181.1117624813864,11.557050620054618,131.14101240109235
06059074102,16.824549052256586,236.49098104513166,19.27093252172966,285.41865043459313
06059099308,7.420634920634922,48.412698412698404,4.841269841269842,-3.1746031746031775
06059099250,14.246031746031745,184.92063492063488,12.619047619047619,152.38095238095238
06059099246,7.619047619047619,52.38095238095235,5.992063492063492,19.841269841269835
06059099215,9.185148529035432,83.70297058070861,7.728392761832588,54.56785523665176
06059099203,15.452807139565179,209.05614279130353,15.372948144955938,207.4589628991187
06059063006,5.833333333333333,16.666666666666657,3.968253968253968,-20.634920634920633
06059062900,3.1621695372352603,-36.756609255294805,2.594512587403531,-48.10974825192938
06059052518,19.357806777413423,287.1561355482685,23.983040391445574,379.6608078289114
06059062638,20.3968253968254,307.936507936508,26.865079365079364,437.30158730158723
06059062625,21.87069585204609,337.4139170409217,29.177899640600113,483.5579928120023
06059063604,8.157842910403007,63.15685820806011,6.173149749333584,23.46299498667167
06059063301,10.079365079365079,101.58730158730154,7.619047619047619,52.38095238095235
06037503601,19.88095238095238,297.6190476190476,22.658730158730158,353.17460317460313
06037620002,7.533577194218316,50.67154388436631,5.350858072449387,7.017161448987732
06037291130,15.419245278014568,208.38490556029137,13.6007966657195,172.01593331439
06037277100,10.154659790822882,103.09319581645757,7.497673372990103,49.95346745980204
06037602103,11.15079365079365,123.01587301587298,8.214285714285714,64.28571428571428
06037407001,17.316061118146568,246.3212223629313,19.270052163637907,285.4010432727581
06037501503,19.114805361788424,282.29610723576855,19.009405454550873,280.1881090910174
06037275311,8.174603174603174,63.492063492063494,6.904761904761905,38.0952380952381
06037403702,18.401830646749374,268.03661293498743,23.843772466231833,376.8754493246366
06037503000,20.5952380952381,311.9047619047619,22.817460317460316,356.3492063492063
06037273600,5.515873015873016,10.317460317460302,4.642857142857143,-7.142857142857139
06037242300,17.53968253968254,250.79365079365078,20.0,299.99999999999994
06037553602,18.854348836705352,277.08697673410705,20.71651348116574,314.33026962331485
06059074801,17.222222222222225,244.44444444444446,20.0,299.99999999999994
06059074300,17.245593893616704,244.91187787233406,19.62459933323593,292.4919866647185
06059032032,20.707708063931086,314.1541612786217,27.291358817016285,445.82717634032554
06059074111,15.793650793650793,215.87301587301585,17.380952380952383,247.61904761904765
06059074103,16.889357625024967,237.7871525004993,19.389748238471697,287.7949647694338
06111007904,17.547072757952627,250.9414551590525,21.223864286058312,324.47728572116614
06111005306,13.769841269841269,175.39682539682536,13.373015873015873,167.46031746031747
06111007508,17.648691492677674,252.97382985355344,19.096934641800107,281.9386928360021
06111008005,17.460317460317462,249.20634920634922,20.992063492063494,319.8412698412699
06111008302,17.540821125830952,250.81642251661904,22.49921138847171,349.98422776943414
06111006000,17.709244133592875,254.18488267185754,19.010396535251918,280.2079307050383
06111006800,18.25930783767556,265.18615675351117,20.003273616315298,300.0654723263059
06111001506,12.001193200958397,140.02386401916797,10.766201433063767,115.32402866127535
06037240800,16.55351131102182,231.07022622043635,15.377946255624925,207.55892511249849
06037238200,15.317460317460316,206.34920634920627,13.412698412698413,168.25396825396825
06037500500,18.373015873015873,267.46031746031747,22.460317460317462,349.2063492063492
06037540102,18.691974020195456,273.8394804039092,21.02949928716713,320.58998574334265
06037536000,18.13878494493884,262.7756988987768,21.937588652972995,338.75177305945977
06037535606,17.53968253968254,250.79365079365078,20.0,299.99999999999994
06037240010,16.547619047619047,230.9523809523809,15.277777777777777,205.5555555555555
06037237500,15.873015873015872,217.46031746031747,16.428571428571427,228.57142857142856
06037535701,18.095238095238095,261.90476190476187,22.18253968253968,343.65079365079356
06037533702,18.095238095238095,261.90476190476187,22.22222222222222,344.4444444444444
06037533403,17.643719495512023,252.87438991024044,21.423381622706867,328.4676324541373
06037533601,17.12518506170097,242.50370123401942,20.505974547502703,310.11949095005406
06037232500,15.393996958484031,207.87993916968065,15.267313453948784,205.34626907897564
06037541605,18.69047619047619,273.8095238095238,19.206349206349206,284.1269841269841
06037533104,17.222222222222225,244.44444444444446,17.738095238095237,254.76190476190476
06037532606,17.222222222222225,244.44444444444446,17.738095238095237,254.76190476190476
06037534101,18.187473234612305,263.74946469224614,21.691870170820497,333.8374034164099
06037229300,16.947485617861417,238.94971235722835,17.057201776621273,241.14403553242548
06037702700,11.013602795786332,120.27205591572658,9.31790939055923,86.35818781118456
06037127220,19.365079365079367,287.3015873015873,24.801587301587304,396.031746031746
06037540000,18.842783937893454,276.8556787578691,20.803284410620137,316.06568821240273
06037534501,17.692722465523794,253.85444931047584,21.48587801572647,329.71756031452935
06037191000,12.896825396825399,157.93650793650795,13.412698412698413,168.25396825396825
06037601211,11.547619047619047,130.95238095238093,8.611111111111112,72.22222222222223
06037576502,13.015873015873018,160.3174603174603,12.301587301587302,146.03174603174605
06037577100,7.817460317460317,56.349206349206355,6.111111111111111,22.222222222222214
06037577400,7.817460317460317,56.349206349206355,6.111111111111111,22.222222222222214
06067009005,10.34845080631271,106.96901612625422,13.78278943308058,175.65578866161158
06067009105,9.15072770702951,83.0145541405902,13.043983836416203,160.87967672832403
06067009111,9.126984126984128,82.53968253968256,12.896825396825399,157.93650793650795
06067005702,9.120599115297264,82.41198230594529,12.857565263231793,157.15130526463585
06067006002,9.209927575219874,84.19855150439746,11.572014873122548,131.44029746245093
06067007701,9.157993881856191,83.15987763712383,12.003136353894813,140.06272707789626
06067008113,9.93148155864511,98.62963117290221,11.594532679308381,131.8906535861676
06067008120,10.299351249434057,105.98702498868114,11.251732201815008,125.03464403630016
06067008125,10.421557572789997,108.43115145579995,11.398670701135549,127.97341402271097
06067008136,9.944994119915913,98.89988239831823,11.343709594491674,126.87419188983347
06067005505,8.98208316489966,79.64166329799315,11.836809766397435,136.73619532794868
06067009307,10.238095238095239,104.76190476190479,15.158730158730158,203.17460317460313
06037670002,15.903601871587007,218.0720374317401,18.696364129188947,273.92728258377895
06037297110,12.367128517836393,147.34257035672786,12.349932800044348,146.99865600088697
06037272301,9.57358061820059,91.47161236401176,7.623155727149765,52.46311454299528
06037271100,11.110992882355927,122.21985764711854,8.611034422188832,72.2206884437766
06037218400,13.373015873015873,167.46031746031747,12.222222222222221,144.44444444444443
06037219020,14.484126984126986,189.6825396825397,14.246031746031745,184.92063492063488
06037701602,7.662393934579153,53.247878691583054,6.371475131670159,27.429502633403192
06037269100,12.53968253968254,150.79365079365078,10.119047619047619,102.38095238095232
06037407102,17.7390093798317,254.78018759663402,19.73264343801789,294.65286876035776
06037430600,16.41755309048142,228.3510618096284,16.526262030400247,230.52524060800488
06037480702,16.547619047619047,230.9523809523809,17.222222222222225,244.44444444444446
06037191203,14.260825692556399,185.21651385112796,15.321463570501344,206.42927141002684
06067009502,9.81131802608888,96.22636052177756,13.517914648851887,170.35829297703773
06067002300,9.402845415796776,88.05690831593553,12.988545875583693,159.77091751167387
06067002800,9.484126984126984,89.68253968253967,13.055555555555557,161.11111111111114
06067003600,9.388922256326163,87.77844512652324,13.340502390212572,166.8100478042514
06067004802,9.806841035701872,96.13682071403741,14.037111579389911,180.7422315877982
06067008140,10.240134035551922,104.80268071103843,11.427552029843088,128.55104059686172
06067000700,9.593161056288173,91.8632211257634,13.16805135929995,163.36102718599898
06067009112,9.408692984453412,88.17385968906822,13.41376496770817,168.27529935416334
06067008130,9.728228023961943,94.56456047923885,11.266099410069845,125.3219882013969
06067008912,10.202538268656488,104.05076537312976,12.170456956255304,143.40913912510604
06037463700,16.247928520580086,224.95857041160173,16.15755215721905,223.15104314438102
06037462600,15.992063492063494,219.84126984126988,15.674603174603174,213.4920634920635
06037462100,16.706349206349206,234.1269841269841,17.301587301587304,246.03174603174602
06037201501,17.301587301587304,246.03174603174602,16.666666666666664,233.33333333333331
06037199120,17.023809523809522,240.47619047619042,17.301587301587304,246.03174603174602
06037123420,20.089472708040184,301.7894541608036,24.44519241946232,388.9038483892465
06037183610,16.746031746031743,234.92063492063488,15.952380952380954,219.0476190476191
06037213100,14.60060930147738,192.01218602954765,15.532252721155526,210.64505442311048
06037141400,19.205978697271163,284.11957394542327,23.236857108852917,364.7371421770582
06037139302,20.992063492063494,319.8412698412699,28.452380952380953,469.04761904761904
06037131600,21.552155861701777,331.04311723403555,28.526081922135894,470.52163844271786
06037124600,19.379069837355875,287.5813967471174,21.711591157132283,334.2318231426456
06037106113,16.268714026882463,225.3742805376493,19.36037663908941,287.20753278178813
06037302201,15.831862899015654,216.637257980313,16.846463000338666,236.9292600067733
06037104401,19.280924225515985,285.61848451031966,23.110504956993537,362.21009913987075
06037920322,19.484126984126984,289.6825396825397,25.436507936507937,408.7301587301587
06037910301,29.10269732849617,482.0539465699232,45.09923279074172,801.9846558148345
06037301702,15.317460317460316,206.34920634920627,16.944444444444443,238.88888888888886
06037301501,16.347451442105253,226.94902884210504,19.60970718543023,292.19414370860466
06037131900,21.23015873015873,324.6031746031746,28.015873015873016,460.31746031746025
06037124300,18.452380952380953,269.0476190476191,20.35714285714286,307.1428571428572
06037123410,20.119047619047617,302.3809523809523,24.563492063492063,391.2698412698413
06037920112,21.835577910983012,336.7115582196602,30.711901553522935,514.2380310704588
06037403901,17.43651155309526,248.7302310619053,22.77552374434691,355.5104748869381
06037401901,21.23015873015873,324.6031746031746,26.746031746031747,434.92063492063494
06037120300,19.599222498924213,291.98444997848424,24.334570287611818,386.69140575223634
06037910404,28.40346618478212,468.0693236956423,48.79095952158727,875.8191904317455
06037910502,29.12698412698413,482.53968253968253,49.08730158730159,881.7460317460318
06037401002,15.515873015873016,210.3174603174603,19.404761904761905,288.0952380952381
06037404401,14.712427132548884,194.24854265097764,16.599147676078132,231.98295352156265
06037117530,19.523809523809526,290.4761904761905,22.6984126984127,353.968253968254
06037117301,20.340623322797388,306.8124664559477,24.024560530928486,380.4912106185697
06037900501,29.25275354340022,485.05507086800435,46.72521171164386,834.504234232877
06037900806,28.333333333333332,466.66666666666663,46.388888888888886,827.7777777777777
06037311500,17.218137637519447,244.36275275038895,19.885226295578168,297.7045259115633
06037113212,16.626984126984127,232.53968253968253,21.50793650793651,330.1587301587301
06037106010,15.843297862016458,216.86595724032915,18.90829122110527,278.1658244221054
06037311200,18.452380952380953,269.0476190476191,20.35714285714286,307.1428571428572
06037311000,18.206915474331772,264.1383094866354,20.900225526065128,318.0045105213026
06057000900,11.433695395386598,128.67390790773197,12.001130290690147,140.02260581380295
06017030601,10.47215616279303,109.44312325586057,11.179370374983826,123.5874074996765
06017030603,9.613750335185753,92.27500670371504,11.080591054133034,121.61182108266064
06017030302,12.244690117629009,144.89380235258017,15.745895076240302,214.91790152480607
06061021003,10.122022895353064,102.44045790706126,11.008673009493508,120.17346018987014
06061020713,10.03968253968254,100.79365079365076,11.515934269371746,130.3186853874349
06061021403,10.671539749325724,113.43079498651448,13.408103274782238,168.16206549564473
06061021603,10.634902463751768,112.69804927503539,10.992245203752152,119.84490407504299
06089010200,9.620623483092396,92.4124696618479,8.706893556935007,74.13787113870015
06089012400,10.6422827390778,112.84565478155601,10.114208699784003,102.28417399568002
06095252108,7.015908804824081,40.3181760964816,8.30575349902582,66.11506998051641
06095253403,11.321397367775354,126.42794735550706,16.223652402198734,224.47304804397467
06095250601,6.329871455868697,26.59742911737395,6.800025622335508,36.000512446710154
06095250103,8.834807813499133,76.69615626998265,11.851423037030754,137.02846074061506
06095250900,8.293650793650793,65.87301587301587,10.277777777777779,105.55555555555557
06095251902,8.614188516904266,72.28377033808528,9.099557254536126,81.99114509072248
06095252316,10.396825396825397,107.93650793650795,14.563492063492065,191.26984126984127
06097153808,9.01651948044029,80.33038960880577,10.476083712896768,109.52167425793532
06097154000,9.348944548920946,86.97889097841893,9.628841516531033,92.5768303306207
06097150609,10.91539867753569,118.30797355071375,12.20789946515925,144.15798930318496
06097151301,9.087301587301587,81.74603174603172,8.253968253968253,65.07936507936506
06097151306,9.907479309750387,98.1495861950077,8.320610441847965,66.41220883695931
06097152801,9.106220072363536,82.12440144727069,9.741551184128099,94.83102368256195
06097152100,9.531609311202415,90.63218622404828,10.275386601206588,105.50773202413176
06113010902,11.377328716258905,127.5465743251781,13.279904570741678,165.59809141483353
06113010703,9.523809523809524,90.47619047619045,14.761904761904763,195.23809523809518
06113010704,9.523809523809524,90.47619047619045,14.761904761904763,195.23809523809518
06113011400,10.404912793544513,108.09825587089026,12.890123267881812,157.80246535763624
06113010204,9.898358439417532,97.96716878835059,13.288221412856867,165.76442825713735
06113010509,9.788613126050981,95.77226252101963,14.292832995263979,185.85665990527954
06103000100,10.188600248939299,103.77200497878596,9.532237740139621,90.6447548027924
06109001100,10.746652662212032,114.93305324424058,15.202475240230658,204.0495048046131
06107002009,15.831330319633096,216.62660639266193,32.015893073677866,540.3178614735573
06097152203,9.642857142857144,92.85714285714286,8.650793650793652,73.01587301587301
06095252604,10.238095238095239,104.76190476190479,13.80952380952381,176.1904761904762
06095252607,10.362697386263633,107.25394772527268,14.38347410168673,187.66948203373454
06107002004,15.233636041585592,204.67272083171179,33.01926744909147,560.3853489818295
06107002008,15.699184665013732,213.98369330027467,31.339618252978777,526.7923650595756
06107003802,15.436507936507937,208.73015873015873,26.031746031746035,420.6349206349206
06107002901,16.953231155841333,239.06462311682662,35.01102169739799,600.2204339479598
06107004000,16.071428571428573,221.42857142857144,25.873015873015877,417.46031746031747
06107003001,16.46825396825397,229.36507936507934,33.53174603174603,570.6349206349206
06073012101,19.404761904761905,288.0952380952381,21.825396825396826,336.50793650793645
06073020902,18.532097228351624,270.64194456703245,23.536461322400815,370.7292264480163
06073021202,21.592088462947764,331.84176925895525,30.73411587124139,514.6823174248278
06073011100,15.674603174603174,213.4920634920635,16.30952380952381,226.1904761904762
06073015902,24.70716693041722,394.1433386083444,34.53610489314036,590.7220978628072
06073007302,9.155873434774065,83.11746869548132,6.645975337203438,32.91950674406875
06073001500,21.67328067227044,333.46561344540885,26.538149876923708,430.76299753847417
06073005700,15.436507936507937,208.73015873015873,16.19047619047619,223.8095238095238
06073004501,18.2015414961769,264.03082992353796,20.483832454394346,309.6766490878869
06073008513,22.086280087457236,341.7256017491447,26.954344065398182,439.08688130796355
06073003201,20.698565664867953,313.97131329735913,24.20136127628986,384.0272255257972
06073016301,25.71428571428572,414.28571428571433,35.91269841269841,618.2539682539682
06073012302,11.944444444444445,138.88888888888889,9.96031746031746,99.20634920634919
06073011601,18.180494754122893,263.6098950824578,19.34839119503417,286.96782390068336
06073002709,23.333333333333332,366.66666666666663,28.769841269841272,475.3968253968254
06073010111,11.966005977671296,139.3201195534259,9.563540856781943,91.27081713563886
06073009603,23.414892231797495,368.2978446359498,31.893360318108783,537.8672063621756
06073002302,25.171412603015874,403.42825206031733,34.48931143876764,589.7862287753528
06073003209,21.548273674478693,330.9654734895738,25.743640265893774,414.8728053178754
06073013307,15.277777777777777,205.5555555555555,17.976190476190474,259.5238095238095
06031001402,16.147178701123988,222.94357402247974,31.71480719210233,534.2961438420466
06031000403,15.666388755831708,213.3277751166342,28.825935089027126,476.51870178054253
06083001601,12.799002743388776,155.9800548677755,10.538477539380377,110.76955078760756
06083001800,17.73878641588781,254.77572831775615,24.112577988941887,382.2515597788377
06083002705,13.183090348143558,163.66180696287114,19.890078236814542,297.8015647362908
06083002913,14.272587542998075,185.4517508599615,14.137529717467743,182.75059434935483
06083003004,9.244394229021086,84.88788458042171,8.413360974767143,68.26721949534283
06083002009,16.92689576444576,238.5379152889152,21.74089430048178,334.8178860096356
06083002102,14.285714285714285,185.71428571428567,15.674603174603174,213.4920634920635
06045010300,9.464257420087382,89.28514840174759,9.686853523715016,93.73707047430031
06045011200,10.761093814402036,115.22187628804068,12.75647158666501,155.1294317333001
06045010900,10.778879077282376,115.57758154564752,11.922905081052734,138.45810162105465
06073010004,15.12427925591101,202.48558511822017,16.06989775314689,221.39795506293783
06073003103,23.060362041739626,361.20724083479246,26.755353416206912,435.10706832413825
06073006801,6.984126984126984,39.68253968253967,4.682539682539683,-6.349206349206355
06073010800,14.469316820014011,189.38633640028024,15.025191749010524,200.50383498021048
06073002602,22.333282593643943,346.6656518728788,27.805506627997932,456.1101325599586
06073010009,16.817387972218295,236.34775944436586,17.90187190917108,258.03743818342156
06073013204,13.428106540540163,168.5621308108032,13.059959029848391,161.19918059696784
06073013802,24.642857142857146,392.8571428571429,32.57936507936508,551.5873015873016
06073013312,15.944553023539289,218.89106047078576,18.53580541459746,270.7161082919492
06073020705,23.344566073224613,366.89132146449225,29.545789105292677,490.9157821058535
06073020601,23.611111111111114,372.22222222222223,30.436507936507933,508.73015873015856
06073020210,22.42063492063492,348.41269841269843,29.04761904761905,480.95238095238096
06073020206,22.369618764317188,347.39237528634374,28.761928572239736,475.2385714447947
06073020024,20.84879804515843,316.9759609031686,25.711397081998154,414.22794163996303
06073019902,18.73955352752355,274.7910705504711,24.44045071903635,388.8090143807269
06073019501,18.97591748327035,279.51834966540696,24.013169985271894,380.26339970543785
06073019405,18.253968253968257,265.0793650793651,22.42063492063492,348.41269841269843
06073018518,15.394131371619396,207.8826274323879,15.389251167538815,207.78502335077627
06073018000,5.520027835403511,10.400556708070198,3.949761737843553,-21.004765243128944
06073017502,8.964805553248173,79.29611106496343,7.451565856738812,49.03131713477622
06073017104,13.968253968253968,179.36507936507934,12.103174603174603,142.06349206349205
06073017036,20.45601194744824,309.12023894896475,25.117976326068074,402.35952652136143
06073017018,20.666467289480245,313.3293457896049,25.82162380992626,416.43247619852514
06073016617,25.20812243878664,404.1624487757328,38.629538098805625,672.5907619761125
06073016607,25.012001628397673,400.24003256795345,37.712204195414714,654.2440839082942
06073009804,24.179946391749944,383.5989278349988,33.89509800362051,577.9019600724102
06073009604,23.94121224227107,378.82424484542133,33.45124109257986,569.0248218515972
06073009101,16.666666666666664,233.33333333333331,20.158730158730158,303.1746031746031
06073008356,19.72222222222222,294.4444444444444,24.325396825396826,386.50793650793645
06073008345,19.094954442356645,281.8990888471329,23.12765502495428,362.55310049908564
06073008336,18.923666092489622,278.47332184979246,21.32446602686939,326.4893205373878
06073008102,5.687633921931882,13.75267843863763,3.8040309899407907,-23.919380201184175
06107002204,16.17318812096374,223.46376241927476,33.31044664627836,566.2089329255672
06059980000,18.716862192032387,274.3372438406478,22.555893956693552,351.117879133871
06065045120,29.535827485653222,490.7165497130645,49.023305314631685,880.4661062926335
06065048902,26.805062543952893,436.1012508790577,43.09426445704991,761.8852891409982
06065031601,22.99473723417548,359.8947446835096,33.65067531741097,573.0135063482195
06065040814,22.896825396825395,357.9365079365079,32.22222222222222,544.4444444444445
06065041912,19.69926028085635,293.985205617127,25.1773984401218,403.54796880243595
06065043010,22.937661078378213,358.75322156756437,35.25234015502943,605.0468031005885
06073007701,10.34358556451625,106.87171129032502,8.385579254105123,67.71158508210243
06073007910,5.70671601612289,14.134320322457803,4.633617867267715,-7.327642654645704
06073000201,19.742431496810813,294.84862993621624,23.23653292551726,364.7306585103452
06073020214,22.548963427160025,350.9792685432005,28.020121955519215,460.4024391103843
06073022000,19.404761904761905,288.0952380952381,21.825396825396826,336.50793650793645
06073008003,3.1520478433909034,-36.95904313218194,2.5456679184002264,-49.086641631995484
06073007702,10.39385219611671,107.87704392233421,8.440986791210172,68.81973582420346
06073009306,23.10962999610476,362.1925999220952,31.254666886551746,525.0933377310349
06073012501,9.509132783481885,90.18265566963773,7.096390947025492,41.92781894050984
06073017055,20.0,299.99999999999994,23.769841269841272,375.3968253968254
06071009912,31.240001588989106,524.800031779782,52.78745903905477,955.7491807810952
06037117408,20.19330678935988,303.86613578719766,23.782360652160893,375.64721304321785
06037119202,18.64116886376143,272.82337727522855,20.695121756141297,313.9024351228258
06037120107,19.523809523809526,290.4761904761905,22.6984126984127,353.968253968254
06037123902,19.007936507936506,280.1587301587301,21.746031746031747,334.9206349206349
06037310602,17.655843608921586,253.11687217843172,20.65242353289316,313.0484706578632
06037102105,20.495952606051656,309.9190521210331,24.49705925919227,389.94118518384533
06037104821,20.136209941149087,302.7241988229817,24.253931768410837,385.07863536821674
06037127605,21.422182810026445,328.44365620052884,27.443658013473907,448.8731602694781
06037132001,21.18529347772296,323.70586955445924,27.96459844166071,459.2919688332141
06037134521,19.899473897613,297.9894779522599,26.51005710745185,430.2011421490369
06037183103,16.547619047619047,230.9523809523809,17.222222222222225,244.44444444444446
06037186301,14.992409316903188,199.84818633806375,16.037139892366422,220.74279784732843
06037402705,21.150793650793652,323.015873015873,25.63492063492064,412.69841269841277
06037461502,16.706349206349206,234.1269841269841,17.301587301587304,246.03174603174602
06037462001,16.706349206349206,234.1269841269841,17.301587301587304,246.03174603174602
06037111206,17.714316574417442,254.2863314883488,21.812455638560643,336.2491127712128
06037121802,19.63915786150976,292.7831572301951,23.653822316209702,373.0764463241941
06037189905,13.214285714285715,164.28571428571428,13.015873015873018,160.3174603174603
06037481606,16.928842549451147,238.57685098902292,17.384611892808728,247.69223785617453
06037127804,19.365079365079367,287.3015873015873,24.801587301587304,396.031746031746
06037134002,21.825396825396826,336.50793650793645,29.20634920634921,484.1269841269841
06037211122,14.246031746031745,184.92063492063488,15.158730158730158,203.17460317460313
06037211803,14.246031746031745,184.92063492063488,15.158730158730158,203.17460317460313
06037214501,12.420634920634921,148.41269841269843,11.468253968253968,129.36507936507934
06037215102,12.616418591958507,152.32837183917013,11.623249374718473,132.46498749436944
06037237402,15.873015873015872,217.46031746031747,16.428571428571427,228.57142857142856
06037239201,16.825396825396822,236.50793650793645,16.626984126984127,232.53968253968253
06037408505,18.268472548095986,265.36945096191977,21.078610463992312,321.57220927984616
06037433306,17.57936507936508,251.58730158730157,20.873015873015873,317.46031746031747
06037554301,19.523809523809526,290.4761904761905,22.063492063492063,341.2698412698412
06037141303,18.117937055215258,262.3587411043052,20.501117759506553,310.02235519013107
06037187101,14.841269841269842,196.8253968253968,15.912698412698415,218.25396825396825
06037265201,12.400937303261191,148.01874606522378,9.80630928905734,96.12618578114677
06037269601,12.53968253968254,150.79365079365078,10.119047619047619,102.38095238095232
06037275102,8.629472846686852,72.58945693373708,7.137974356675948,42.75948713351895
06037293307,17.023809523809522,240.47619047619042,20.674603174603178,313.49206349206355
06037297201,13.174603174603176,163.4920634920635,13.373015873015873,167.46031746031747
06037302401,15.277577450462797,205.5515490092559,16.858031565949815,237.16063131899634
06037503105,20.42419791156902,308.48395823138037,22.779451387756076,355.58902775512155
06037503106,19.88095238095238,297.6190476190476,22.658730158730158,353.17460317460313
06037221402,14.813076740775973,196.26153481551947,15.753218858026063,215.06437716052122
06037239602,16.748162884435118,234.9632576887023,16.25184784231297,225.03695684625941
06037302503,15.957983221240365,219.15966442480726,16.82244008181967,236.44880163639343
06037265601,11.022756588133937,120.45513176267873,8.52476464547433,70.49529290948657
06037571504,17.12356422993934,242.47128459878678,18.422509954408618,268.45019908817244
06037533001,17.222222222222225,244.44444444444446,17.738095238095237,254.76190476190476
06037134522,19.444444444444446,288.88888888888886,25.873015873015877,417.46031746031747
06025012400,29.066773655271543,481.3354731054308,45.700639245406194,814.0127849081239
06037190401,14.285714285714285,185.71428571428567,15.595238095238095,211.90476190476193
06037552302,20.45422958944834,309.0845917889668,23.185274462257517,363.70548924515026
06037262601,14.550808526550712,191.0161705310142,14.412942934706532,188.25885869413062
06037104403,19.111075362837408,282.2215072567481,22.50059313192046,350.0118626384092
06037183104,16.50094274224579,230.01885484491572,17.044003601706144,240.8800720341228
06037551401,18.62175723481902,272.43514469638046,20.27139010355303,305.4278020710606
06037207102,16.709026020148823,234.18052040297638,17.631663712059996,252.63327424119987
06037106406,15.865612025637093,217.3122405127419,18.621805557324905,272.4361111464981
06037900505,29.067516447423326,481.35032894846637,47.025665323397156,840.513306467943
06037900608,27.18253968253968,443.6507936507936,45.27777777777778,805.5555555555555
06037910714,29.233213358886605,484.6642671777321,51.52077667926861,930.4155335853723
06037620904,6.7857142857142865,35.714285714285694,5.15873015873016,3.174603174603192
06089011100,9.52908901825978,90.58178036519564,10.526070782798195,110.52141565596392
06089012603,9.62076824587723,92.41536491754457,7.877980038941675,57.55960077883348
06089012604,9.518284187127845,90.36568374255688,8.03820487963537,60.7640975927074
06087100400,10.23480271669637,104.69605433392739,10.336104621584523,106.72209243169046
06055201101,9.999993783622925,99.99987567245846,11.570821093491137,131.41642186982267
06055201004,8.910906308505602,78.218126170112,9.060546500862731,81.21093001725463
06085500902,10.436507936507937,108.73015873015873,11.428571428571429,128.57142857142856
06053000104,7.543238105302978,50.86476210605953,9.305609129077098,86.11218258154193
06053010505,7.579365079365079,51.58730158730157,8.730158730158731,74.60317460317461
06085506401,10.037063789949862,100.74127579899724,11.932182931347953,138.64365862695905
06053011303,15.203513945080065,204.07027890160128,19.197495041395936,283.9499008279187
06085509302,10.061576102614122,101.23152205228243,9.766688779869481,95.33377559738966
06037602504,12.972662865578751,159.45325731157504,9.923900770505131,98.47801541010263
06037602506,13.405568028180664,168.11136056361326,10.244571261321363,104.89142522642727
06037650003,11.934214999983158,138.68429999966315,9.318193038445628,86.36386076891255
06037700502,12.608919772853367,152.17839545706735,10.783522947456543,115.67045894913083
06037900508,27.64807703881014,452.9615407762028,47.174011033006764,843.4802206601353
06037910712,28.84920634920635,476.984126984127,52.38095238095239,947.6190476190477
06037600602,13.571428571428571,171.4285714285714,11.11111111111111,122.2222222222222
06037980005,11.011951280243988,120.23902560487976,9.19303102357781,83.86062047155616
06037533002,17.222222222222225,244.44444444444446,17.738095238095237,254.76190476190476
06037603801,9.96031746031746,99.20634920634919,7.301587301587302,46.031746031746025
06037552301,20.217973325078113,304.35946650156217,22.47582662423884,349.5165324847768
06037573004,16.071428571428573,221.42857142857144,15.158730158730158,203.17460317460313
06053000501,6.309523809523809,26.19047619047619,6.587301587301588,31.746031746031747
06005000102,9.40732667031698,88.14653340633953,11.986313023917027,139.72626047834055
06019000901,14.54697143737524,190.93942874750473,25.473948748423446,409.47897496846883
06019003810,14.722222222222223,194.4444444444444,25.793650793650798,415.8730158730159
06019005911,13.649737523249001,172.99475046498003,22.704196563224542,354.08393126449084
06075011902,5.158730158730159,3.1746031746031917,4.682539682539683,-6.349206349206355
06075012601,4.424401589846855,-11.511968203062887,3.3140182587117097,-33.71963482576581
06075016801,5.357142857142858,7.142857142857139,4.761904761904762,-4.761904761904773
06075025701,5.8418022969973755,16.836045939947496,4.4608177741949255,-10.783644516101496
06075032801,4.481333208616751,-10.373335827665004,3.52243344671192,-29.55133106576161
06075042601,4.2324546557387235,-15.350906885225541,3.3338576989315976,-33.322846021368065
06075012301,5.158730158730159,3.1746031746031917,4.682539682539683,-6.349206349206355
06019001412,14.511541854331893,190.2308370866378,24.679972214296683,393.59944428593366
06097150611,11.824963485608668,136.4992697121734,14.068000807758606,181.36001615517208
06097152905,9.027076099916835,80.54152199833669,9.72130193365221,94.4260386730442
06013336202,12.936507936507939,158.73015873015873,20.35714285714286,307.1428571428572
06013355113,10.36634858369999,107.32697167399981,15.10157270095138,202.03145401902765
06095252312,10.265844679981386,105.31689359962773,13.558019011642894,171.1603802328579
06095253206,11.07021231307988,121.40424626159756,14.454671853745184,189.09343707490365
06095252801,10.708610829385082,114.17221658770164,15.599844549708537,211.99689099417074
06043000101,12.599395203218364,151.98790406436723,17.345196432430907,246.9039286486181
06043000302,12.048185190869342,140.96370381738674,15.35721202871332,207.1442405742664
06065043262,27.500757610550668,450.01515221101334,44.3571936432687,787.1438728653739
06065043278,24.876435115908535,397.5287023181706,40.37634661917884,707.5269323835768
06065041301,21.944444444444443,338.88888888888886,31.150793650793652,523.015873015873
06065044919,29.538962574373766,490.77925148747534,50.369713369207126,907.3942673841424
06065044929,26.85347927119048,437.0695854238096,47.85976903969319,857.1953807938637
06065045212,39.285714285714285,685.7142857142857,62.182539682539684,1143.6507936507937
06065045216,36.35107740915801,627.0215481831602,58.43628732317825,1068.725746463565
06065045707,35.115640410726726,602.3128082145344,55.81679548214329,1016.3359096428657
06065046900,27.908499811575968,458.1699962315193,42.98745745573973,759.7491491147946
06065044917,26.924252799623467,438.48505599246926,47.00120734697943,840.0241469395883
06065049800,24.277681545822723,385.55363091645444,37.31573368278614,646.3146736557227
06065051100,27.023809523809522,440.47619047619037,41.94444444444444,738.8888888888889
06001404101,7.418415870985928,48.36831741971852,7.208907924328262,44.17815848656522
06001433103,7.301587301587302,46.031746031746025,9.047619047619047,80.95238095238093
06001437102,7.627654688154752,52.55309376309499,7.61202097156179,52.24041943123581
06001982000,7.264056379737819,45.281127594756356,5.723967994534466,14.479359890689327
06001450743,11.404412369339571,128.08824738679144,15.066273665575128,201.32547331150255
06001451404,12.503594615982882,150.07189231965768,18.530525270927754,270.6105054185551
06001406602,7.341269841269842,46.82539682539681,7.380952380952381,47.61904761904759
06001441926,10.873015873015873,117.46031746031744,12.380952380952381,147.61904761904762
06001450746,11.973483756424615,139.46967512849233,16.214193888605177,224.28387777210355
06001425103,7.332232027512131,46.6446405502426,6.890357296650493,37.807145933009835
06029002821,19.102040804219996,282.04081608439986,33.92478310906175,578.4956621812349
06029005203,18.83439791170238,276.6879582340475,32.1546581092648,543.093162185296
06029004702,16.16817076738333,223.3634153476666,28.43690063996585,468.73801279931695
06029006404,18.966293862236867,279.3258772447373,32.92280897162413,558.4561794324826
06081601901,5.004552029806045,0.09104059612090465,3.3144321001856922,-33.71135799628615
06081610800,13.012511029674434,160.25022059348862,13.937095861967334,178.74191723934666
06083003102,17.91382108658071,258.27642173161416,24.88962566155415,397.7925132310829
06083001208,5.0043291572712985,0.08658314542594903,3.773644454733812,-24.527110905323774
06077002201,10.515873015873016,110.31746031746034,14.949614027913743,198.9922805582748
06077003410,10.396825396825397,107.93650793650794,12.787065710376536,155.74131420753068
06077005134,10.737046890716574,114.74093781433147,19.133487320250087,282.6697464050017
06077003216,10.110648649522329,102.2129729904465,12.17719488375086,143.54389767501718
06077005123,11.264050707460058,125.28101414920114,19.268342598570648,285.3668519714129
06113010511,9.776326280609583,95.52652561219162,14.694566960091414,193.8913392018282
06041102203,11.721132046085478,134.42264092170953,13.617446613855227,172.34893227710452
06111003011,9.026485781651804,80.52971563303608,6.310110298625033,26.202205972500643
06111007610,15.103000932446943,202.06001864893886,14.666300028463827,193.32600056927652
06007003001,9.099305024066755,81.9861004813351,11.856254451887516,137.12508903775029
06067007020,9.704813932592813,94.09627865185624,13.072963845184967,161.45927690369933
06067007428,9.675436886595072,93.50873773190142,11.442777020460653,128.85554040921303
06067009637,10.277777777777779,105.55555555555557,15.515873015873016,210.3174603174603
06067005903,9.365079365079366,87.30158730158729,11.865079365079366,137.3015873015873
06067007103,9.641933526501754,92.83867053003505,13.168734454623262,163.3746890924652
06067007426,9.418764861887675,88.37529723775351,11.507936507936508,130.15873015873015
06067009010,10.281841743794851,105.63683487589705,13.120655009382007,162.4131001876401
06067009328,10.621125592822311,112.42251185644625,14.579400035852972,191.5880007170594
06067005904,9.374252564859303,87.48505129718602,11.78252056705994,135.65041134119878
06111000702,15.806910268304204,216.13820536608407,18.43436165741117,268.68723314822336
06111004901,10.338592659917543,106.77185319835085,6.8553674822974875,37.10734964594973
06023011600,10.03653481154934,100.73069623098678,8.87480036174516,77.4960072349032
06045011001,9.470485862382471,89.40971724764937,9.863399109486727,97.2679821897345
06031001003,15.691448761132289,213.82897522264574,31.300543241513367,526.0108648302673
06031981800,15.960864685243084,219.21729370486162,27.141526957622336,442.8305391524466
06025010700,33.65476664381679,573.0953328763359,54.080507454117964,981.6101490823594
06025011500,32.284921387554824,545.6984277510965,47.631016354858104,852.6203270971621
06071010410,29.142800138915288,482.85600277830576,45.92687555780604,818.5375111561207
06071006700,20.35714285714286,307.1428571428572,29.88095238095238,497.6190476190476
06071002703,15.436507936507937,208.73015873015873,20.198412698412696,303.96825396825386
06071008001,21.518367273224165,330.3673454644832,30.309875463321813,506.19750926643627
06071007106,21.431036810268655,328.620736205373,31.475576943174126,529.5115388634825
06071003101,18.88888888888889,277.77777777777777,25.396825396825395,407.9365079365079
06071004301,20.037941875683735,300.7588375136747,27.851803287716468,457.0360657543293
06071003503,19.201460803942723,284.02921607885446,25.036231902689728,400.7246380537946
06071000818,21.66666666666667,333.33333333333337,27.23396657432307,444.6793314864613
06071000814,19.253608312122747,285.07216624245495,23.202774424727657,364.0554884945531
06071000826,22.26351737370124,345.2703474740248,29.288699215455434,485.77398430910864
06071000207,21.071428571428573,321.42857142857144,27.46031746031746,449.20634920634916
06071000901,21.666666666666668,333.3333333333333,26.944444444444443,438.8888888888888
06071000604,19.818469319566052,296.36938639132103,24.460633739297585,389.2126747859517
06071011500,14.246709775810773,184.93419551621548,16.952461539836516,239.04923079673028
06071001706,20.84759106216349,316.95182124326976,26.89237660701175,437.84753214023505
06071001812,19.88095238095238,297.6190476190476,25.71428571428572,414.28571428571433
06071001308,20.793650793650794,315.8730158730159,26.984126984126984,439.68253968253964
06063000502,11.789613373971614,135.79226747943224,11.953239611600601,139.064792232012
06015000104,6.5478917137570205,30.95783427514039,3.752294184492931,-24.95411631014139
06093001200,11.525202873027437,130.50405746054872,12.029262739712458,140.58525479424912
06093000600,13.859216175462334,177.1843235092466,15.81364795977862,216.27295919557244
06093000100,12.852738322872746,157.05476645745495,17.696797657428974,253.93595314857947
06093000200,14.191101118879839,183.82202237759682,19.252442544319315,285.0488508863863
06061020805,10.03968253968254,100.79365079365077,11.662171504709088,133.24343009418178
06061022900,9.73138211967747,94.62764239354934,11.565907794658965,131.3181558931793
06061021034,9.70737780073798,94.14755601475959,11.189263509283643,123.78527018567286
06061023800,10.309976646008733,106.19953292017466,12.553451547298081,151.06903094596163
06061022500,9.413916401441718,88.27832802883432,11.267620127649018,125.35240255298032
06071000815,19.871806469429288,297.4361293885857,24.427958366957363,388.5591673391472
06071002027,20.158575806731214,303.1715161346243,27.385061016310576,447.7012203262115
06071001101,22.46204062589165,349.2408125178329,30.113016539537973,502.2603307907594
06071004001,19.845514543746752,296.91029087493496,27.265121719670177,445.3024343934035
06071003603,20.238095238095237,304.76190476190465,27.1031746031746,442.06349206349205
06071003611,19.365079365079367,287.3015873015873,28.61111111111111,472.2222222222222
06071007108,21.708285441542255,334.16570883084506,31.4028003107875,528.05600621575
06071008710,19.240972964225943,284.81945928451887,26.930111229328006,438.60222458656017
06071011204,18.280450122111006,265.60900244222006,21.874679725897582,337.49359451795164
06071000107,19.86959019304221,297.39180386084416,24.169016303215777,383.3803260643155
06071001813,19.88095238095238,297.6190476190476,25.71428571428572,414.28571428571433
06017030706,10.241167824543963,104.82335649087919,12.001322477589408,140.0264495517881
06065045306,36.68168710125411,633.6337420250823,59.90313798983572,1098.062759796714
06065049102,38.55632220702789,671.1264441405579,60.01822069894099,1100.3644139788198
06065044934,26.50793650793651,430.1587301587301,42.34126984126984,746.8253968253969
06065045126,26.3512357353826,427.0247147076519,47.76273318070762,855.2546636141523
06065043521,23.944593130739307,378.8918626147861,36.70113180056896,634.0226360113792
06065042629,25.271454409614194,405.42908819228387,40.00541323763926,700.1082647527852
06065040622,19.09292012070702,281.85840241414036,26.35056688182714,427.01133763654286
06025012102,34.84876344723686,596.9752689447373,50.53987785944409,910.7975571888818
06025011902,35.239585385712545,604.7917077142508,49.900166743981714,898.0033348796343
06071009121,20.609670019886302,312.193400397726,32.501262626144296,550.0252525228859
06071010038,32.73809523809524,554.7619047619047,56.34920634920635,1026.984126984127
06071011405,19.239850450708765,284.7970090141753,23.38772959681615,367.754591936323
06071010032,32.213035604717575,544.2607120943514,52.705042411141704,954.100848222834
06071009127,29.642857142857142,492.8571428571428,49.36507936507937,887.3015873015873
06071009137,31.30952380952381,526.1904761904761,54.76190476190476,995.2380952380952
06071009125,25.833333333333336,416.66666666666674,46.23015873015873,824.6031746031745
06071007605,21.547619047619047,330.9523809523809,30.357142857142854,507.142857142857
06071007606,21.547619047619047,330.9523809523809,30.357142857142854,507.142857142857
06071007001,21.31248217662904,326.24964353258076,30.39046668467834,507.8093336935668
06071003201,19.642857142857142,292.85714285714283,26.269841269841272,425.3968253968254
06071002045,17.624859586925545,252.49719173851082,22.416755633801188,348.33511267602375
06071002111,20.017179353755647,300.34358707511296,26.84257617915247,436.85152358304936
06071002049,18.92857142857143,278.57142857142856,25.688222555941863,413.7644511188373
06071001907,20.250522045047887,305.0104409009577,28.56758316784177,471.35166335683533
06067001201,9.404761904761905,88.0952380952381,13.293650793650794,165.87301587301585
06067009334,9.603174603174603,92.06349206349205,14.484126984126986,189.6825396825397
06067007436,9.895086970995447,97.90173941990894,11.555231717892738,131.10463435785476
06067009409,9.822001431148003,96.44002862296006,13.574743289723152,171.49486579446298
06067009333,9.792457122060085,95.84914244120168,14.673409503012467,193.4681900602493
06071009727,31.019200428249896,520.3840085649979,56.56775618610622,1031.3551237221243
06071010030,31.521586882711546,530.4317376542308,53.56765366721902,971.3530733443803
06071010040,32.08854868474149,541.7709736948299,57.10005685957485,1042.0011371914968
06017030604,9.67364024426533,93.47280488530659,10.527585123876065,110.55170247752126
06017031601,13.80952380952381,176.1904761904762,19.761904761904763,295.2380952380952
06067006705,9.950502914378266,99.0100582875653,12.641974890923935,152.8394978184787
06067006801,9.270754163584861,85.41508327169723,12.92708987267818,158.5417974535636
06067006203,9.03320901589378,80.66418031787559,11.562039260651854,131.24078521303704
06065040619,19.66717847345285,293.34356946905694,26.239758610150332,424.7951722030067
06065042908,24.01215231981366,380.24304639627314,38.35998157691766,667.1996315383533
06067004016,9.793033619221934,95.86067238443866,14.126875829435274,182.53751658870544
06067007021,9.7618294662846,95.236589325692,12.460806881848516,149.2161376369703
06065042628,24.894966810351605,397.8993362070321,40.622234405995556,712.444688119911
06065042627,25.29712849542793,405.94256990855865,41.20688359497965,724.1376718995932
06065042018,25.833333333333336,416.66666666666674,42.5,750.0
06065043204,28.006010864797826,460.1202172959564,42.608966568948,752.1793313789598
06065042751,25.895860754772674,417.9172150954535,41.185351685890105,723.707033717802
06039001100,13.546610154106336,170.93220308212668,23.81290216722808,376.2580433445616
06039000901,13.465772201306086,169.3154440261217,22.23896128337864,344.7792256675728
06039000801,13.358186950413218,167.16373900826432,21.946402119326372,338.92804238652735
06039000903,13.61111111111111,172.22222222222217,22.42063492063492,348.41269841269843
06001441929,10.810742992475713,116.21485984951424,12.360194754105663,147.2038950821132
06001433801,7.88844703927241,57.7689407854482,9.232943175309082,84.65886350618165
06001450609,10.91554301674458,118.3108603348916,14.039841541889661,180.7968308377932
06001420401,6.111111111111111,22.222222222222214,5.595238095238095,11.904761904761884
06099003610,10.871668098302646,117.43336196605289,17.645418539785908,252.90837079571818
06099000915,11.267951798777679,125.35903597555358,18.26840014317954,265.36800286359085
06099003609,11.34484435053651,126.89688701073015,18.079657040412123,261.5931408082424
06099000512,11.30952380952381,126.19047619047618,18.69047619047619,273.8095238095238
06099000514,11.063624455320866,121.27248910641728,17.745899354202944,254.9179870840589
06047001007,11.952169184508868,139.04338369017734,17.23540494560383,244.70809891207662
06047000403,10.006948338058397,100.13896676116791,15.966970125714392,219.33940251428783
06113011301,11.842697187568577,136.85394375137153,14.156502098947227,183.13004197894458
06113010313,9.367734656453987,87.35469312907972,13.328610074331213,166.5722014866242
06113010314,9.404860117337135,88.09720234674269,14.263741956089431,185.2748391217886
06113011304,11.430068583776515,128.60137167553026,14.911412786630727,198.22825573261449
06019008503,14.067623955507578,181.3524791101515,30.70571218233348,514.1142436466696
06019006408,10.993588528958544,119.87177057917089,14.894113250425832,197.88226500851664
06019003812,15.355942911532932,207.11885823065865,27.081388474351055,441.62776948702106
06019000601,14.955828280765,199.11656561529992,23.986210686463814,379.7242137292763
06019001415,15.041682945650269,200.8336589130054,24.737741502378025,394.7548300475605
06019006102,14.090786884534138,181.81573769068274,26.030234238184292,420.60468476368584
06029003209,19.087301587301585,281.74603174603175,32.73809523809524,554.7619047619047
06029002825,19.325396825396826,286.5079365079365,30.793650793650794,515.8730158730159
06029005207,20.119388723466997,302.3877744693399,36.11406587039035,622.2813174078069
06029002902,19.350830996803545,287.0166199360709,31.568148154559264,531.3629630911853
06029003131,19.508322915294105,290.1664583058821,32.626652920677614,552.5330584135522
06029003216,18.952265215170726,279.0453043034146,32.747740693247444,554.9548138649487
06029003215,18.453049653279713,269.06099306559423,35.43039385885337,608.6078771770675
06029003137,18.533102241975918,270.6620448395184,32.7776809056185,555.55361811237
06029000510,19.923986153583567,298.47972307167134,36.412347519529426,628.2469503905886
06029001401,19.365079365079367,287.3015873015873,33.25396825396825,565.0793650793651
06029001107,19.905479901993772,298.1095980398754,33.880420711197544,577.6084142239508
06029001803,19.246031746031743,284.9206349206349,32.420634920634924,548.4126984126984
06029004404,19.33198993665349,286.6397987330697,35.13485603716846,602.6971207433692
06029000104,19.048145619573123,280.96291239146245,34.880952380952394,597.6190476190476
06029000602,18.69047619047619,273.8095238095238,30.396825396825395,507.93650793650784
06029003818,19.718738006694604,294.37476013389204,35.83453445593205,616.6906891186411
06029005408,25.288273468341,405.76546936682,45.89746195594093,817.9492391188188
06029003132,19.087301587301585,281.74603174603175,32.73809523809524,554.7619047619047
06111009700,16.67111374401087,233.42227488021737,20.9343137293748,318.6862745874961
06111001508,10.564561632059181,111.29123264118357,9.050100967995073,81.00201935990145
06111006102,16.86678322491332,237.3356644982664,16.23181022653224,224.6362045306447
06111007516,17.247911697618335,244.95823395236664,17.852292877356536,257.0458575471307
06111001801,11.209347683892586,124.18695367785169,10.41283440104187,108.25668802083739
06111009400,12.404793420224333,148.09586840448665,12.18737092131893,143.74741842637854
06111001511,11.825396825396826,136.5079365079365,10.912698412698413,118.25396825396822
06007002402,9.839444374725371,96.78888749450742,11.268332473925225,125.36664947850453
06007001601,9.731089144963352,94.62178289926703,8.228991743323215,64.57983486646431
06083002015,15.406323253195012,208.12646506390018,16.202348510938208,224.04697021876416
06083002709,13.367630961449795,167.35261922899585,19.718719095887323,294.3743819177464
06083002935,6.603041501225539,32.06083002451076,5.9268576748416715,18.537153496833437
06083001002,9.246031746031747,84.92063492063494,7.5,49.99999999999997
06081610901,12.936507936507939,158.73015873015873,13.531746031746032,170.6349206349206
06081612002,8.504893547299227,70.09787094598454,8.148729786563184,62.974595731263655
06081600702,4.563901903953985,-8.721961920920307,3.0369958391312544,-39.26008321737492
06081602201,5.233283587672588,4.6656717534517504,3.7079927087549924,-25.840145824900155
06081605501,9.523809523809524,90.47619047619045,11.666666666666666,133.33333333333331
06021010102,10.027364680260018,100.54729360520032,13.3698365436946,167.396730873892
06033000602,11.439585600820669,128.79171201641336,13.708578490142154,174.1715698028431
06011000302,11.5927800570258,131.85560114051603,14.915239565048893,198.30479130097788
06031001702,15.950264884708863,219.00529769417727,26.575900033849877,431.51800067699753
06077004309,10.42073547672192,108.41470953443842,13.699704501968913,173.99409003937825
06077003805,10.22508409136113,104.50168182722257,15.951654372454191,219.0330874490838
06077003503,10.559333457310338,111.18666914620674,13.082765190944382,161.65530381888763
06077005219,10.15873015873016,103.17460317460322,17.658730158730158,253.17460317460313
06077005220,10.344003331057326,106.88006662114654,17.801247983597207,256.02495967194415
06077005310,10.873015873015873,117.46031746031744,17.57936507936508,251.58730158730157
06077003501,11.059102218208938,121.18204436417876,13.93831853900629,178.76637078012573
06077000803,10.110909224841645,102.21818449683292,14.71372418791164,194.27448375823272
06045010602,11.03576537579085,120.71530751581703,11.813110578891008,136.26221157782012
06109004201,10.957303249250467,119.1460649850093,14.832958690508086,196.65917381016172
06041104103,12.203976063971403,144.07952127942804,13.572226856044638,171.44453712089273
06041112203,10.753968253968255,115.07936507936506,13.055555555555557,161.11111111111114
06023011501,9.716611395763678,94.33222791527358,9.167626016421158,83.35252032842313
06087110505,8.134920634920634,62.69841269841271,5.8730158730158735,17.46031746031747
06087121701,6.626984126984127,32.53968253968254,4.642857142857143,-7.142857142857139
06087121501,6.867072454445635,37.341449088912675,4.415159718732725,-11.696805625345522
06087110101,8.333333333333332,66.66666666666666,5.595238095238095,11.904761904761884
06079012708,17.607325549138892,252.14651098277787,26.952151957767686,439.0430391553537
06079012705,18.35795507733599,267.15910154671985,22.462470839928166,349.24941679856323
06079012403,10.527017368717566,110.54034737435133,9.35519254088328,87.1038508176656
06079012201,5.484543470317134,9.690869406342673,4.374556054879365,-12.508878902412693
06079012404,10.778499948435869,115.5699989687173,10.894333773223979,117.88667546447954
06079010505,6.770435776379841,35.408715527596826,4.493252505140634,-10.134949897187303
06013302011,9.109133065096692,82.18266130193382,13.337884474684042,166.75768949368086
06013355121,10.313904577253886,106.27809154507769,14.51038585646709,190.20771712934172
06013346206,11.180987377496951,123.61974754993904,15.422548520855377,208.4509704171075
06013355309,14.359844623150728,187.1968924630145,23.12723837183309,362.54476743666174
06013324003,12.103174603174603,142.06349206349205,19.841269841269842,296.8253968253968
06097152204,9.073495903249377,81.46991806498752,7.689512467328953,53.790249346579046
06097153601,9.745625558315703,94.91251116631406,9.696879148606657,93.93758297213311
06115041001,9.72459326945064,94.4918653890128,12.393381101696372,147.86762203392738
06115040202,9.14275957282869,82.85519145657378,11.785260399472705,135.70520798945407
06001442200,10.41802318312216,108.36046366244317,12.371877762290492,147.4375552458098
06001431000,8.174632211863972,63.49264423727943,9.126949282271173,82.53898564542344
06001408900,6.898512020287875,37.97024040575747,7.040716695523429,40.81433391046855
06001408800,6.865195147072056,37.30390294144113,6.627987570920792,32.55975141841583
06001402900,7.420634920634921,48.412698412698404,6.42857142857143,28.571428571428584
06001422100,6.889688392693756,37.793767853875124,6.534900331630943,30.698006632618842
06001421200,7.00106478672084,40.02129573441677,7.297758170317577,45.955163406351495
06001420500,6.111111111111111,22.222222222222214,5.595238095238095,11.904761904761884
06001450606,11.708717117601095,134.1743423520219,15.7599754612446,215.199509224892
06061023501,10.18454180495029,103.69083609900582,11.98886996636531,139.77739932730623
06013371000,4.337347560939681,-13.25304878120641,3.705797522692099,-25.88404954615803
06013306003,8.793694993301223,75.8738998660244,13.646725947611936,172.93451895223868
06013313102,10.35032269878082,107.00645397561638,17.787504665557073,255.75009331114143
06013345103,11.372994042922112,127.45988085844225,14.249768556781364,184.99537113562724
06019002602,15.515873015873016,210.3174603174603,25.238095238095237,404.76190476190476
06019003807,15.704036700231217,214.08073400462433,28.244195613725232,464.88391227450455
06019004212,14.284964993391569,185.6992998678313,24.08886472554178,381.77729451083553
06019005301,14.721603361633566,194.43206723267127,24.09658449613144,381.9316899226288
06019004303,14.607229220366033,192.14458440732062,25.65944746652822,413.18894933056436
06019000100,14.96031746031746,199.20634920634916,23.96825396825397,379.36507936507934
06085509106,9.919353512315187,98.3870702463037,10.646149369193093,112.9229873838618
06085508204,11.094666257907061,121.89332515814124,13.554983718224523,171.09967436449043
06085512034,13.055555555555557,161.11111111111114,16.547619047619047,230.9523809523809
06085506605,11.989466011694148,139.789320233883,15.36834242734273,207.3668485468546
06085505600,9.3650384139043,87.300768278086,9.920558137181674,98.41116274363347
06085503306,10.357142857142858,107.14285714285717,10.952380952380953,119.04761904761904
06085502603,11.650639319995934,133.0127863999186,13.921200414894454,178.42400829788906
06085504416,9.874901812013269,97.49803624026538,10.64277871407645,112.85557428152897
06085509600,10.357142857142858,107.14285714285717,10.753968253968255,115.07936507936506
06085512042,12.011600044606025,140.23200089212048,13.239990610407256,164.79981220814514
06099003906,11.302040598575068,126.04081197150136,18.03296203827237,260.65924076544735
06099000601,10.603561758863169,112.07123517726335,17.492092975587585,249.8418595117517
06099000503,11.163300493748086,123.2660098749617,18.34718790562449,266.94375811248983
06099003804,10.554864277172106,111.0972855434421,17.204548299774604,244.09096599549207
06077003308,10.550912162362861,111.01824324725722,13.622933291637482,172.45866583274957
06077004305,10.515873015873016,110.31746031746033,13.84920634920635,176.984126984127
06077003214,9.682571023516463,93.65142047032924,11.904777575250295,138.09555150500591
06085502703,12.730651791234221,154.61303582468446,16.16865792326009,223.37315846520173
06085506504,11.706349206349206,134.1269841269841,14.126984126984127,182.53968253968253
06085502204,11.626984126984127,132.5396825396825,13.84920634920635,176.984126984127
06085505015,8.795885186572114,75.91770373144227,9.294274658442436,85.88549316884868
06085504808,8.703437455190214,74.06874910380425,9.489624758608675,89.79249517217352
06085503219,11.439289574653202,128.78579149306398,11.581219504795255,131.6243900959051
06085504807,8.562275334357576,71.24550668715152,9.378827733060756,87.57655466121511
06085503126,12.10314055305326,142.0628110610652,12.023786823728628,140.47573647457253
06075026202,4.801587301587301,-3.9682539682539755,3.1746031746031744,-36.50793650793651
06075020101,5.357142857142858,7.142857142857139,4.761904761904762,-4.761904761904773
06075017602,5.201897900384205,4.037958007684114,4.334846611263023,-13.303067774739539
06075015701,4.92475420575716,-1.5049158848568132,3.8366043467190685,-23.26791306561863
06075020102,5.357142857142858,7.142857142857139,4.761904761904762,-4.761904761904773
06075060702,5.1190476190476195,2.380952380952394,3.6111111111111116,-27.777777777777786
06075061507,5.1190476190476195,2.380952380952394,3.6111111111111116,-27.777777777777786
06075045202,5.0,-1.4210854715202004e-14,3.9285714285714284,-21.42857142857143
06075012802,4.502462300286895,-9.950753994262099,3.459495037259056,-30.810099254818887
06075013001,5.158730158730159,3.1746031746031917,4.682539682539683,-6.349206349206355
06037573102,16.071428571428573,221.42857142857144,15.158730158730158,203.17460317460313
06037800205,18.36229356551875,267.24587131037504,23.41799608595155,368.3599217190309
06037555106,19.563492063492063,291.26984126984127,21.547619047619047,330.9523809523809
06037543606,15.515873015873016,210.3174603174603,17.023809523809522,240.47619047619042
06037570503,18.253968253968257,265.0793650793651,20.753968253968257,315.0793650793651
06037604101,9.96031746031746,99.20634920634919,7.301587301587302,46.031746031746025
06037125101,19.007936507936506,280.1587301587301,21.746031746031747,334.9206349206349
06037139505,20.674603174603178,313.49206349206355,27.38095238095238,447.6190476190476
06037131802,21.23015873015873,324.6031746031746,28.015873015873016,460.31746031746025
06037293205,15.515873015873016,210.3174603174603,17.023809523809522,240.47619047619042
06037603705,12.53968253968254,150.79365079365078,9.603174603174603,92.06349206349205
06037602511,13.61111111111111,172.22222222222217,10.396825396825397,107.93650793650795
06037980037,17.317532490988203,246.35064981976407,20.259935456233272,305.1987091246654
06037551001,19.039336372745012,280.7867274549003,20.347177803915645,306.9435560783129
06037650607,8.74261529842971,74.85230596859421,6.751219741989276,35.0243948397855
06037240301,15.43692995759753,208.73859915195052,13.593829802583866,171.87659605167727
06037242201,17.53968253968254,250.79365079365078,20.0,299.99999999999994
06037131021,21.225121701769538,324.50243403539065,27.579404090753087,451.58808181506174
06037231602,16.03174603174603,220.63492063492066,17.53968253968254,250.79365079365078
06037265203,10.9085561883463,118.17112376692599,8.363948404670737,67.2789680934147
06037980025,16.638535536189412,232.77071072378823,19.091244907657444,281.8248981531488
06037980039,15.989150311974877,219.78300623949755,16.14951913450488,222.99038269009762
06073008201,5.833333333333334,16.666666666666657,3.8888888888888893,-22.222222222222214
06073018202,7.235929029773889,44.718580595477746,5.339461229741205,6.7892245948240735
06073017901,5.78023338475705,15.604667695140996,3.61153989742386,-27.76920205152281
06009000301,9.706641399553696,94.13282799107394,13.19470393915397,163.89407878307938
06073017902,5.920985105437219,18.419702108744364,4.731238356388036,-5.375232872239298
06073013321,21.883071279395324,337.6614255879064,28.456079663431584,469.1215932686316
06073005101,17.658730158730158,253.17460317460313,19.642857142857142,292.85714285714283
06073010202,5.051870274374667,1.0374054874933325,3.386835872685552,-32.26328254628897
06073009308,22.603578931340017,352.0715786268004,28.012948220136842,460.25896440273675
06073005601,15.436507936507937,208.73015873015873,16.19047619047619,223.8095238095238
06073004101,19.187562855932406,283.75125711864814,21.36328994839325,327.26579896786495
06073001302,22.93251870288723,358.65037405774456,28.46003141882437,469.2006283764873
06073021101,25.151149771627747,403.02299543255486,34.684095791008865,593.6819158201774
06073021001,32.03938691044045,540.7877382088088,48.55799326944463,871.1598653888925
06073013315,22.1031746031746,342.063492063492,28.015873015873016,460.31746031746025
06073013608,24.336098413992673,386.72196827985346,35.57895239901849,611.5790479803698
06073016619,24.03939200021835,380.7878400043669,34.931733163183985,598.6346632636797
06037543100,16.61636559431854,232.32731188637084,17.021743930673367,240.43487861346733
06073018620,18.055555555555554,261.1111111111111,22.6984126984127,353.968253968254
06073018618,17.938420596023413,258.76841192046834,22.101024404798796,342.02048809597596
06073008376,18.015385072569234,260.3077014513847,20.911687672997722,318.2337534599544
06073008370,12.932243456960663,158.6448691392132,10.286948999555415,105.7389799911083
06073017405,9.912899767966884,98.25799535933766,7.819869325430701,56.39738650861399
06073008378,17.774591486709433,255.49182973418863,20.41290095943099,308.2580191886197
06073008367,18.18904626040234,263.78092520804677,20.585266257156004,311.70532514312004
06093001300,11.741699811811781,134.83399623623563,13.01714261857148,160.34285237142953
06053012601,5.748336466577431,14.966729331548603,4.34121403122474,-13.175719375505198
06053012504,5.948677707507746,18.97355415015491,4.719636375204225,-5.607272495915497
06061021048,9.664031887886145,93.28063775772287,11.368603127318377,127.3720625463675
06037602700,13.974536821644236,179.49073643288466,11.115417142652257,122.3083428530451
06037601700,11.200064330236785,124.00128660473565,8.263556393728848,65.27112787457695
06037501002,19.350538633316827,287.01077266633655,20.261174027510116,305.22348055020234
06037408141,19.444444444444446,288.88888888888886,24.841269841269842,396.82539682539687
06037405800,16.189270332427284,223.7854066485457,19.907548908335908,298.1509781667181
06037431300,16.84323286457167,236.86465729143345,18.886721071952216,277.73442143904424
06037500204,18.681585919825526,273.6317183965106,21.49531346635821,329.9062693271642
06005000202,9.505130069505014,90.10260139010028,12.62273708024357,152.4547416048714
06107002702,13.093391048769597,161.86782097539194,17.372059806041122,247.44119612082238
06107000102,11.630968285552353,132.619365711047,15.741269946680791,214.82539893361582
06107000304,14.844763193284287,196.89526386568576,27.744124248721544,454.8824849744309
06107002403,16.93590159333759,238.71803186675183,34.2886324143479,585.772648286958
06107003904,15.939257140953174,218.7851428190635,26.400777561978074,428.0155512395615
06107001007,15.320246442798734,206.40492885597462,31.540031681961487,530.8006336392297
06107004104,16.018959187870493,220.37918375740992,27.162386696155703,443.247733923114
06037135115,21.666666666666668,333.3333333333333,28.333333333333332,466.66666666666663
06037119003,19.70338797592973,294.0677595185945,23.625618961715634,372.5123792343126
06037231901,16.98602306971184,239.7204613942368,17.19300041647514,243.86000832950276
06037409100,18.764276293402563,275.28552586805125,22.328799685782602,346.57599371565203
06037551002,19.736144822643418,294.7228964528683,22.346715094928456,346.93430189856906
06037533108,17.10070529513709,242.01410590274185,19.773503766771093,295.47007533542194
06037533204,17.06349206349206,241.2698412698412,20.3968253968254,307.936507936508
06037407202,18.329276050731114,266.58552101462226,22.213241717423838,344.2648343484767
06037264305,8.249617667574277,64.99235335148556,6.712440922433441,34.248818448668835
06037217102,13.373015873015873,167.46031746031747,12.222222222222221,144.44444444444443
06037216202,13.416482518343113,168.32965036686227,12.384650212655592,147.69300425311184
06037402601,20.99757823122978,319.9515646245956,25.54299138318232,410.8598276636463
06037199801,17.023809523809522,240.47619047619042,17.301587301587304,246.03174603174602
06037402602,21.127224758808847,322.54449517617695,25.611351742935838,412.2270348587167
06037214903,12.579365079365079,151.58730158730157,10.753968253968255,115.07936507936506
06037404804,16.30952380952381,226.1904761904762,18.174603174603174,263.49206349206344
06037432001,17.460317460317462,249.20634920634922,19.761904761904763,295.2380952380952
06037190701,12.896825396825399,157.93650793650795,13.412698412698413,168.25396825396825
06037910815,21.038576449280228,320.77152898560445,32.13607196572673,542.7214393145347
06037480601,16.192865754792276,223.85731509584554,16.316991198011582,226.3398239602316
06037300503,15.436507936507937,208.73015873015873,17.6984126984127,253.96825396825398
06037555300,20.039682539682538,300.7936507936507,22.3015873015873,346.03174603174597
06037240901,16.666666666666664,233.33333333333331,17.301587301587304,246.03174603174602
06037920046,22.023086964581832,340.4617392916366,30.747609732764573,514.9521946552915
06037115204,20.237753631742333,304.75507263484656,24.721885639492154,394.4377127898431
06037104823,19.902719723882257,298.0543944776451,23.999215167756113,379.9843033551222
06037910717,29.175254651075324,483.5050930215064,50.9159757181054,918.3195143621081
06037910215,28.825774670498724,476.51549340997445,47.47831502061164,849.5663004122327
06037900510,27.54117710062379,450.8235420124757,46.78240735725654,835.6481471451307
06037910721,29.869745674836732,497.3949134967345,50.229919742647375,904.5983948529475
06037143302,16.746031746031743,234.92063492063488,15.674603174603174,213.4920634920635
06037143102,15.992063492063494,219.84126984126988,16.150793650793652,223.015873015873
06037128703,18.99128848658895,279.8257697317791,23.660594996534925,373.2118999306984
06037135116,20.39643766539948,307.9287533079895,26.92700836764466,438.54016735289315
06037269908,9.74382220135813,94.87644402716256,7.724221007487555,54.48442014975105
06059052531,17.6152603663247,252.30520732649404,21.546250164867864,330.9250032973573
06059042340,13.134920634920636,162.6984126984127,12.738095238095237,154.76190476190476
06059052429,17.38430590868059,247.68611817361182,21.87270101900711,337.4540203801422
06059062657,12.60736374998185,152.14727499963698,12.230015689237685,144.6003137847537
06081604104,5.651814356689721,13.036287133794417,4.738706556472429,-5.225868870551441
06081610902,12.936507936507939,158.73015873015873,13.531746031746032,170.6349206349206
06095252315,10.264379112947633,105.28758225895267,13.57014493440883,171.4028986881766
06033000801,11.833576342607554,136.6715268521511,13.649024618030642,172.98049236061286
06001405902,7.619047619047619,52.38095238095235,7.182539682539684,43.650793650793645
06001440334,8.588278140891923,71.76556281783844,7.9122941443391195,58.24588288678238
06001443104,10.459406528496629,109.18813056993258,11.574014094039015,131.48028188078027
06001405301,7.463220437459465,49.264408749189286,6.590396392504698,31.807927850093947
06045010601,11.161990353154936,123.23980706309868,12.073602870771655,141.47205741543306
06111004304,5.258609189318602,5.172183786372042,3.3517206740924737,-32.96558651815054
06087100802,7.857142857142857,57.142857142857146,6.547619047619048,30.952380952380963
06065045303,37.715818699842146,654.3163739968429,60.57387286150205,1111.477457230041
06065042738,26.45705715416092,429.1411430832183,42.50197476142747,750.0394952285494
06065043820,21.070871129054137,321.41742258108275,28.84474681021087,476.8949362042173
06065046800,24.73180923725353,394.6361847450706,37.509380820502734,650.1876164100546
06079011505,14.403772089063263,188.0754417812652,16.885143646461337,237.70287292922671
06079012405,11.85111660799656,137.0223321599312,11.855522236797164,137.11044473594325
06073007905,4.376727942840961,-12.46544114318079,3.5466083842969076,-29.06783231406185
06073009510,24.746187040392837,394.92374080785675,33.40435630846164,568.0871261692328
06073019808,15.021643622352531,200.4328724470506,16.205531284963392,224.11062569926779
06037120106,19.523809523809526,290.4761904761905,22.6984126984127,353.968253968254
06037106405,15.974174793812534,219.4834958762507,18.429025053677123,268.58050107354245
06037135113,21.666666666666668,333.3333333333333,28.333333333333332,466.66666666666663
06031000902,15.277777777777777,205.5555555555555,30.436507936507933,508.73015873015856
06031980100,15.27521868357994,205.50437367159876,30.990694140614682,519.8138828122936
06077003116,10.485969326984236,109.71938653968473,13.233276279365734,164.66552558731465
06077003808,10.416528317233645,108.3305663446729,15.311106723152172,206.2221344630434
06037115404,20.238095238095237,304.76190476190465,24.72222222222222,394.44444444444446
06037190801,12.929692204966265,158.59384409932525,13.18263075571236,163.65261511424717
06037208802,15.262282127950405,205.2456425590081,17.28599125077818,245.71982501556369
06037128101,19.839971728244045,296.7994345648808,24.383644598073083,387.6728919614616
06037212102,14.426192860164074,188.52385720328147,15.347080414413957,206.94160828827913
06037239601,16.825396825396822,236.50793650793645,16.626984126984127,232.53968253968253
06037552002,20.039682539682538,300.7936507936507,22.3015873015873,346.03174603174597
06037269905,11.34920634920635,126.98412698412699,9.722222222222223,94.44444444444443
06037571704,17.819166981939876,256.3833396387975,20.02350211696058,300.4700423392116
06037209104,16.11111111111111,222.22222222222223,17.738095238095237,254.76190476190476
06037221601,15.119047619047619,202.38095238095235,16.071428571428573,221.42857142857144
06037239701,16.547619047619047,230.9523809523809,15.277777777777777,205.5555555555555
06037553503,18.55650515429992,271.13010308599837,20.66356137369238,313.27122747384766
06037207101,16.407974410449203,228.15948820898402,17.525410202754248,250.5082040550849
06037900506,29.049800555075986,480.99601110151957,47.00923785958417,840.1847571916833
06093000701,13.379990947082652,167.59981894165304,15.428240615709713,208.56481231419426
06037604002,9.460153467842702,89.20306935685402,7.0406321750787315,40.81264350157463
06037600303,15.345622942958588,206.91245885917172,13.72248729317942,174.4497458635884
06037910713,29.841269841269842,496.82539682539675,50.15873015873016,903.1746031746031
06037603006,15.436507936507937,208.73015873015873,13.531746031746032,170.6349206349206
06039000109,13.255194362894166,165.10388725788326,21.133224730522944,322.6644946104587
06083003007,8.664183658756057,73.28367317512112,7.66405987282773,53.28119745655459
06077005405,10.674603174603174,113.4920634920635,18.055555555555554,261.1111111111111
06047002303,14.559874445849472,191.19748891698936,25.286206524012055,405.7241304802411
06067008506,10.436507936507937,108.73015873015873,12.063492063492063,141.26984126984127
06067009329,10.16619316786705,103.323863357341,14.710258027374646,194.20516054749294
06013302012,8.798331875559148,75.96663751118297,13.097528121908804,161.95056243817606
06013336103,13.1367583013898,162.73516602779597,20.519508017857884,310.39016035715764
06017030809,9.087301587301587,81.74603174603172,11.230158730158731,124.60317460317461
06061021131,9.723343041731562,94.4668608346312,11.682358139797403,133.64716279594808
06109002102,10.070238525478699,101.40477050957391,14.40208987440005,188.04179748800098
06041112204,10.72603490553961,114.5206981107922,13.03431761806619,160.6863523613238
06069000601,14.132426990922648,182.64853981845292,19.64037760542723,292.8075521085446
06071000821,21.381930568052248,327.6386113610449,26.95299334315927,439.0598668631854
06071002103,20.753968253968257,315.0793650793651,28.174603174603174,463.4920634920635
06071002025,17.98937838342034,259.78756766840684,22.261344117312657,345.22688234625315
06071009908,33.29365079365079,565.8730158730158,54.047619047619044,980.9523809523807
06071003507,19.88095238095238,297.6190476190476,25.515873015873012,410.3174603174603
06071025100,25.573248351374914,411.46496702749823,39.611910278636806,692.2382055727361
06009000121,11.43020674168281,128.60413483365616,17.1127185450568,242.25437090113596
06089012605,10.524443396075966,110.48886792151926,8.77216493266285,75.44329865325693
06097154304,9.60957704903359,92.19154098067179,9.82280425204243,96.45608504084856
06097151506,9.866702391453172,97.33404782906342,8.786103528359922,75.72207056719837
06097152205,9.325396825396826,86.5079365079365,9.920634920634921,98.4126984126984
06089011403,9.851938089903616,97.03876179807231,9.23474246367034,84.69484927340676
06055201403,10.612922536450954,112.25845072901907,12.334963707553332,146.69927415106667
06053000600,6.580349384587485,31.60698769174971,6.587301587301588,31.746031746031747
06085508507,9.442442645570242,88.84885291140479,11.356254648670923,127.12509297341842
06085503507,10.420901027735058,108.41802055470117,11.06489537107307,121.29790742146142
06019005802,14.087301587301587,181.74603174603175,22.5,350.0
06075013101,5.158730158730159,3.1746031746031917,4.682539682539683,-6.349206349206355
06075031301,4.8297181974032775,-3.4056360519344544,3.559277684325629,-28.814446313487423
06013302005,6.684645407175306,33.692908143506116,9.38795360286813,87.75907205736259
06067009008,10.183190892325197,103.66381784650396,13.346737252985903,166.93474505971804
06067007209,10.46824037399049,109.36480747980981,12.462069044958035,149.24138089916073
06067009601,10.036614111983324,100.73228223966645,14.192140681924911,183.8428136384982
06067003700,9.475229447135808,89.50458894271617,13.334292856783453,166.685857135669
06067000600,9.404761904761905,88.0952380952381,13.293650793650794,165.87301587301585
06067009504,9.806302440139325,96.12604880278646,13.851431872479147,177.0286374495829
06067004906,9.880952380952381,97.61904761904759,14.325396825396828,186.5079365079365
06067005508,9.02049462725567,80.40989254511341,12.397526863721644,147.9505372744329
06053011400,15.146684254873161,202.93368509746324,21.147667653756297,322.95335307512585
06053011302,14.653674411040326,193.0734882208065,20.74337806225368,314.8675612450736
06079010701,5.467761877840914,9.355237556818272,5.341577583340775,6.831551666815482
06007000800,10.25209241129925,105.04184822598499,12.181815898550731,143.6363179710146
06023000500,7.319746281448834,46.39492562897666,7.8403199573454785,56.80639914690958
06051000102,13.375220431447406,167.5044086289481,20.566160197115657,311.3232039423131
06107002904,16.999226013352555,239.98452026705107,34.89741532121158,597.9483064242315
06037601001,11.65821401980671,133.1642803961342,8.832301055486436,76.64602110972871
06037503202,19.32683768201525,286.53675364030494,20.14495869953344,302.89917399066877
06037408212,19.490288841913365,289.8057768382672,25.018833045892467,400.37666091784934
06037242600,17.039851879930858,240.79703759861712,18.122594770768522,262.45189541537036
06037240500,16.547619047619047,230.9523809523809,15.277777777777777,205.5555555555555
06037123206,20.103034544622084,302.0606908924417,23.383588984164092,367.67177968328184
06037532500,17.161264491212116,243.22528982424228,18.759137232514576,275.1827446502915
06037535502,18.05747376115569,261.1494752231138,22.034179798644523,340.6835959728904
06037533902,18.630230728231663,272.6046145646332,20.986139322972,319.72278645944
06037534102,18.22899146190942,264.5798292381883,21.453140363862122,329.0628072772424
06037534301,18.319636737391495,266.3927347478299,20.920297320426812,318.40594640853624
06037575802,13.579305245722232,171.58610491444455,12.828433023004747,156.56866046009497
06037575901,13.015873015873018,160.3174603174603,12.301587301587302,146.03174603174605
06037576802,11.636488047076803,132.72976094153603,10.658960926532268,113.17921853064537
06065030501,23.38986529756965,367.79730595139296,36.34322265863136,626.8644531726272
06065040808,20.444809986498583,308.89619972997167,27.439403192319098,448.7880638463819
06065042005,25.609154581217176,412.18309162434355,41.2432725424807,724.8654508496139
06065031002,22.77777777777778,355.55555555555554,36.388888888888886,627.7777777777777
06065042518,24.893044369950733,397.8608873990147,38.346192473207466,666.9238494641493
06065044805,14.700140699456771,194.00281398913543,23.5670041843975,371.34008368795
06065045302,38.31612477046004,666.3224954092009,59.91765738248288,1098.3531476496573
06073008506,20.572585076251173,311.45170152502345,25.422022980378813,408.44045960757626
06073001400,20.476190476190478,309.5238095238096,24.00793650793651,380.1587301587301
06073009301,24.126984126984127,382.53968253968253,31.865079365079367,537.3015873015873
06073008501,16.440493847994475,228.80987695988955,18.742825737745246,274.85651475490494
06073008701,22.627442378366116,352.5488475673223,27.70385101266438,454.0770202532876
06073002801,24.642625256922372,392.85250513844744,34.018967955717706,580.3793591143542
06073005500,20.476190476190478,309.5238095238096,24.00793650793651,380.1587301587301
06073020903,19.930509968992027,298.61019937984054,26.57160812974826,431.4321625949651
06073020209,22.42063492063492,348.41269841269843,29.04761904761905,480.95238095238096
06073020025,20.74557697723437,314.9115395446874,25.069256088894026,401.3851217778805
06037407101,17.785081020152415,255.70162040304828,20.25786013767402,305.1572027534803
06037481401,16.507936507936506,230.15873015873012,17.53968253968254,250.79365079365078
06037461600,16.665142135801155,233.30284271602306,16.631304689867314,232.6260937973463
06037195600,14.484126984126986,189.6825396825397,17.023809523809522,240.47619047619042
06037195720,14.484126984126986,189.6825396825397,17.023809523809522,240.47619047619042
06037183620,16.709667536555127,234.19335073110253,16.18511189303131,223.7022378606262
06037224010,16.1116807730575,222.23361546115,17.738767147057644,254.7753429411529
06037104201,16.399317245170597,227.9863449034119,19.445510122430836,288.9102024486167
06037301203,15.992063492063494,219.84126984126988,19.325396825396826,286.5079365079365
06037405101,15.95825725723542,219.1651451447084,18.138404176582036,262.7680835316407
06037401201,17.164311089154936,243.2862217830987,22.604478783633354,352.089575672667
06037122120,20.269600609975193,305.3920121995038,23.843628593234577,376.87257186469157
06037910501,29.12698412698413,482.53968253968253,49.08730158730159,881.7460317460318
06087121402,6.825396825396825,36.50793650793648,4.325396825396826,-13.492063492063494
06087100700,8.258464807450597,65.16929614901191,7.125522656062192,42.510453121243835
06073018400,3.7605932554410524,-24.788134891178963,2.496040946370962,-50.079181072580774
06073017040,21.88575593186966,337.7151186373931,28.980513225228073,479.61026450456137
06073016615,25.214018051386287,404.2803610277258,38.25958340842588,665.1916681685176
06073008351,20.344682814860946,306.89365629721897,25.708782461857748,414.17564923715486
06073007502,7.797743133264925,55.95486266529851,5.740133769122921,14.802675382458427
06017030301,13.373015873015873,167.46031746031747,17.738095238095237,254.76190476190476
06059032040,21.84661614140818,336.9323228281636,30.340252794723853,506.80505589447705
06059074902,17.23441621368896,244.68832427377916,20.012193991466734,300.2438798293346
06059074702,17.222222222222225,244.44444444444446,20.0,299.99999999999994
06111006600,18.457919793430367,269.1583958686073,19.419314298216054,288.3862859643211
06111001602,10.489511126263036,109.7902225252607,8.939230902614407,78.78461805228811
06111008001,17.673844350013848,253.47688700027692,21.547233405274095,330.9446681054819
06031000702,15.769218102005537,215.38436204011072,30.61599663863637,512.3199327727274
06083002914,14.563492063492065,191.26984126984127,14.880952380952381,197.6190476190476
06083002210,13.842915421643896,176.85830843287792,16.707800524100747,234.15601048201498
06061022013,9.985378400478867,99.7075680095773,9.383198226173848,87.66396452347688
06061021108,11.05356487775343,121.07129755506861,12.234832713548606,144.6966542709721
06089012701,10.766001537187659,115.32003074375315,9.622531335605665,92.45062671211326
06025012001,35.476190476190474,609.5238095238095,51.15079365079366,923.0158730158731
06025011600,32.284782595117754,545.6956519023549,47.61921899770705,852.384379954141
06071005701,20.00244894196737,300.0489788393473,29.158153400253,483.16306800506
06071002801,19.85501266879066,297.1002533758132,24.76931610823668,395.38632216473366
06071001104,22.460317460317462,349.2063492063492,30.119047619047617,502.3809523809523
06081608002,9.325396825396826,86.5079365079365,10.317460317460318,106.34920634920638
06081611200,13.174603174603176,163.4920634920635,14.801587301587302,196.03174603174602
06081600800,4.0476190476190474,-19.04761904761905,2.738095238095238,-45.23809523809524
06081604102,5.432310499290676,8.64620998581348,4.405935948472614,-11.881281030547736
06047001302,12.49663375780111,149.9326751560222,18.96339161841113,279.2678323682225
06097150901,11.874163936173547,137.4832787234709,13.750861710959438,175.0172342191887
06097150204,9.621568255953703,92.43136511907403,11.03940683245508,120.78813664910166
06037134305,19.231850688516047,284.6370137703209,25.475557981497563,409.5111596299512
06037530802,16.98412698412698,239.68253968253964,17.18253968253968,243.65079365079356
06037106641,15.952380952380954,219.0476190476191,19.682539682539684,293.6507936507936
06037481603,16.507936507936506,230.15873015873012,17.53968253968254,250.79365079365078
06037212610,14.483151533784735,189.6630306756947,15.410096642755175,208.20193285510342
06037211500,13.327884760157744,166.55769520315482,13.494588746833529,169.89177493667054
06037208720,14.82799763562494,196.55995271249873,16.567011219390047,231.34022438780087
06037206020,16.785714285714285,235.71428571428567,17.658730158730158,253.17460317460313
06037227010,17.424546446898926,248.49092893797854,19.27076242370302,285.4152484740604
06037404702,16.30952380952381,226.1904761904762,18.174603174603174,263.49206349206344
06037224410,15.73401387809431,214.68027756188621,17.10294901998698,242.05898039973965
06037701802,3.6111111111111116,-27.777777777777786,3.968253968253968,-20.634920634920633
06059086404,19.571930965829385,291.43861931658773,24.807429618590067,396.14859237180127
06059001801,19.329428094400267,286.5885618880053,22.8184237144125,356.36847428824996
06075030900,4.980186249050208,-0.39627501899585127,3.8380805589111464,-23.238388821777058
06075040200,4.270297332910459,-14.594053341790815,3.208835935906424,-35.82328128187153
06075026001,5.833333333333333,16.666666666666657,4.444444444444445,-11.111111111111114
06075021500,5.833333333333333,16.666666666666657,4.444444444444445,-11.111111111111114
06095253205,11.402110952711778,128.04221905423555,14.746650175015937,194.93300350031868
06095251901,8.644360050136516,72.88720100273027,9.154871732128584,83.09743464257164
06113010800,11.413126890649785,128.26253781299567,13.39478199854959,167.89563997099177
06041133000,10.992709430226405,119.85418860452809,10.46345318018762,109.26906360375241
06035040400,16.702467029396157,234.04934058792315,27.461229777670393,449.2245955534078
06071010014,32.69376212195445,553.8752424390889,55.899164098178645,1017.9832819635726
06059087001,18.849206349206348,276.984126984127,22.063492063492063,341.2698412698412
06059087901,19.246031746031743,284.9206349206349,22.3015873015873,346.03174603174597
06059110109,18.822360059840207,276.4472011968042,21.801996476480387,336.03992952960766
06059087105,19.361622872089967,287.23245744179934,23.844088739417813,376.8817747883562
06059087803,19.110381122262332,282.20762244524667,22.220196927325656,344.403938546513
06059099404,9.722222222222223,94.44444444444443,8.293650793650793,65.87301587301587
06059088901,17.715874165821035,254.3174833164207,18.253968253968257,265.0793650793651
06059099241,14.801587301587302,196.03174603174602,14.880952380952381,197.6190476190476
06059099233,13.571428571428571,171.4285714285714,12.658730158730158,153.17460317460316
06059099217,8.95678092279195,79.13561845583895,7.522472276318726,50.44944552637452
06059062639,18.804721895317346,276.0944379063469,23.134329369008263,362.6865873801652
06059032050,20.27395018939687,305.4790037879374,26.412994886115058,428.25989772230105
06029002100,19.58934538439237,291.7869076878474,32.41702468730661,548.3404937461321
06029000907,17.738095238095237,254.76190476190476,31.23015873015873,524.6031746031746
06029006002,17.721084732700454,254.42169465400906,32.5190949676861,550.3818993537219
06037575201,15.515873015873016,210.3174603174603,16.626984126984127,232.53968253968253
06037650102,10.952380952380953,119.04761904761904,8.928571428571429,78.57142857142856
06037573700,19.28571428571429,285.7142857142857,22.023809523809522,340.4761904761904
06037570204,19.2656287613775,285.31257522755,21.92299817364116,338.45996347282323
06037554513,20.476190476190478,309.5238095238096,24.047619047619047,380.9523809523809
06037543703,17.6984126984127,253.96825396825398,19.72222222222222,294.4444444444444
06037542501,17.976190476190474,259.5238095238095,20.31746031746032,306.34920634920644
06065041408,24.02465465515493,380.49309310309854,35.4387422089122,608.7748441782442
06065031401,23.533180481114897,370.66360962229794,37.096975130878235,641.9395026175646
06065044602,22.54754967235909,350.9509934471817,34.93896025047049,598.7792050094099
06041106001,11.741108491809054,134.82216983618113,13.729206228329494,174.58412456658988
06065040701,19.53577222106345,290.715444421269,25.84777452921253,416.95549058425047
06033000501,10.89244646647855,117.84892932957099,12.723776921621129,154.47553843242252
06065045213,37.31245731920415,646.2491463840829,59.45782857533776,1089.156571506755
06065048200,20.6576612383108,313.15322476621606,28.686699866672864,473.7339973334571
06037181400,16.11112642656429,222.22252853128577,15.476695886145365,209.5339177229073
06037302102,16.150793650793652,223.015873015873,16.785714285714285,235.71428571428567
06037127300,20.803543865264544,316.0708773052909,26.676728525042982,433.5345705008597
06037123700,19.567266136843593,291.3453227368717,22.47986726682094,349.59734533641875
06037403802,17.857142857142858,257.1428571428571,23.823148921883913,376.46297843767826
06037120020,19.45341850497802,289.0683700995604,23.63109369793014,372.62187395860275
06001450101,11.520749857082041,130.41499714164078,15.101980914674936,202.0396182934987
06001403701,7.415729478869773,48.31458957739542,6.497247613283525,29.944952265670462
06077003217,10.111774657731477,102.2354931546295,12.177911434429411,143.5582286885882
06077003409,10.447365292402441,108.94730584804883,13.06338029326206,161.26760586524117
06037800325,19.987341455224424,299.7468291044885,26.134598353235212,422.69196706470433
06037460502,15.55238404923943,211.04768098478863,17.299000775022705,245.9800155004541
06037900701,29.553747735537915,491.0749547107582,46.284281940128494,825.6856388025698
06097150601,11.825396825396826,136.5079365079365,14.880952380952381,197.6190476190476
06097151900,9.642857142857144,92.85714285714286,8.415196832669208,68.30393665338416
06113011002,11.382339601728948,127.64679203457894,13.291596636838444,165.8319327367688
06113010901,11.58581527950533,131.71630559010657,13.69851168042025,173.97023360840504
06069000802,15.769244893311093,215.3848978662218,23.55459103839516,371.0918207679032
06057000701,10.097231532873504,101.94463065747007,9.431065328112595,88.62130656225189
06111003010,11.587301587301587,131.74603174603172,8.76984126984127,75.39682539682539
06111004717,8.53174603174603,70.6349206349206,6.665839578658386,33.316791573167684
06007001704,9.723146080121941,94.46292160243891,8.172336697921006,63.44673395842011
06089012500,9.8110340129452,96.22068025890401,7.1117655285778625,42.235310571557235
06109003200,10.283276999964624,105.66553999929246,14.508277172513232,190.16554345026458
06107001800,14.524760250478241,190.49520500956476,31.076655983685537,521.5331196737106
06095252606,10.34640316714069,106.92806334281377,14.323986472489695,186.4797294497939
06071010011,32.730543912562766,554.6108782512553,56.529314306636074,1030.5862861327212
06053011802,8.650793650793652,73.01587301587301,9.603174603174603,92.06349206349205
06053001200,6.298187988537951,25.963759770759008,6.578232930512901,31.564658610258004
06073012401,12.142936827829839,142.85873655659677,10.712236324145442,114.24472648290882
06073013104,12.261904761904763,145.23809523809524,9.96031746031746,99.20634920634919
06073004300,20.476190476190478,309.5238095238096,24.00793650793651,380.1587301587301
06085506402,11.706349206349206,134.1269841269841,14.126984126984127,182.53968253968253
06085503712,10.20093676489822,104.01873529796437,12.073623037286492,141.47246074572982
06085503321,10.961558633530277,119.23117267060552,12.232320243554312,144.64640487108625
06085512309,12.665508755961385,153.31017511922767,13.23764938006602,164.7529876013204
06085501800,10.6075813550579,112.15162710115797,11.672962026499945,133.45924052999888
06073002201,25.417524660621275,408.3504932124254,34.878445236462326,597.5689047292465
06073003211,21.10759406218152,322.1518812436304,25.429064879470896,408.5812975894179
06083002006,16.818632339091582,236.3726467818316,22.578214762650767,351.5642952530154
06045010200,9.901861893077264,98.0372378615453,9.996581743616016,99.9316348723203
06073020500,23.42082121020703,368.4164242041406,30.270004273216863,505.40008546433717
06037267700,9.365079365079366,87.30158730158729,6.904761904761905,38.0952380952381
06037405203,16.150793650793652,223.015873015873,20.119047619047617,302.3809523809523
06037208610,14.329268029014191,186.58536058028378,15.810747708759305,216.21495417518608
06037402902,19.88281031222779,297.65620624455573,24.41523236075612,388.3046472151225
06037531202,17.667535175834722,253.35070351669444,19.828062315612996,296.56124631225987
06085504507,9.16693042273307,83.33860845466141,9.990120135400602,99.80240270801201
06099003904,11.121356856399784,122.42713712799569,16.696756358687267,233.93512717374534
06099001604,11.031746031746032,120.6349206349206,18.492063492063494,269.8412698412699
06073018509,8.80952380952381,76.19047619047618,6.626984126984127,32.53968253968253
06073017041,22.129070927480463,342.58141854960917,29.82610083807397,496.52201676147934
06059086306,18.576532296017117,271.5306459203423,24.276214486056045,385.5242897211209
06059011402,19.097163853877625,281.9432770775525,22.486703716645604,349.7340743329121
06073008343,16.172305322781966,223.44610645563927,17.471372052261785,249.4274410452357
06073008307,17.94393640298485,258.878728059697,20.78065582282304,315.6131164564607
06065048901,26.985468738346267,439.7093747669253,41.87071216470741,737.4142432941484
06065040611,19.625720149854644,292.5144029970928,26.105019058456154,422.1003811691231
06059088602,17.35386693762001,247.0773387524001,18.63984486833578,272.79689736671554
06059087601,19.26738468990736,285.34769379814713,22.415067929420474,348.30135858840947
06059088601,17.748796507910342,254.97593015820686,18.28012691351629,265.6025382703258
06059086702,19.563012742664917,291.2602548532983,22.477043144782265,349.5408628956452
06071002803,19.88095238095238,297.6190476190476,24.761904761904763,395.23809523809524
06071000816,19.892164241169837,297.8432848233968,24.28392846052464,385.67856921049275
06071001310,22.53968253968254,350.7936507936508,29.841269841269842,496.82539682539675
06059087403,19.068084947251165,281.36169894502325,23.820299168192978,376.40598336385955
06059088403,18.527934228266293,270.5586845653259,21.78418956432239,335.68379128644773
06059099406,12.738095238095237,154.76190476190476,11.865079365079366,137.3015873015873
06059099605,12.883097946772647,157.6619589354529,12.077006400838654,141.54012801677305
06043000200,12.017023215402524,140.34046430805046,16.0377932586517,220.75586517303395
06073020028,19.444444444444446,288.88888888888886,22.26190476190476,345.2380952380952
06037117102,19.52276106714502,290.4552213429004,22.695952857776746,353.91905715553486
06037119342,19.523809523809526,290.4761904761905,22.6984126984127,353.968253968254
06037121801,19.682539682539684,293.6507936507936,22.22222222222222,344.4444444444444
06063000400,12.058728916532997,141.17457833065993,14.050190669375827,181.00381338751652
06029000505,19.40985936061176,288.19718721223524,34.31849323504606,586.3698647009212
06029004101,20.20896733117612,304.17934662352235,36.19021812916713,623.8043625833425
06059042336,19.07191351128226,281.4382702256452,24.92315118176439,398.4630236352878
06059052506,18.09877981914689,261.9755963829378,22.411986347270734,348.23972694541465
06059052416,21.150432114455295,323.0086422891059,27.227050988360002,444.54101976719994
06037620501,9.286055488792933,85.72110977585864,6.846460470808246,36.9292094161649
06037620901,6.7857142857142865,35.714285714285694,5.158730158730159,3.1746031746031917
06037570203,19.056175356938407,281.1235071387681,20.75802176364364,315.16043527287275
06007000604,10.595238095238095,111.9047619047619,13.69047619047619,173.8095238095238
06081608001,9.325396825396826,86.5079365079365,10.317460317460318,106.34920634920638
06081609400,13.348586525947841,166.97173051895678,13.87379304543957,177.47586090879136
06037462302,16.467827633381837,229.35655266763672,17.154521428220175,243.09042856440342
06037109603,18.482388983338822,269.6477796667765,20.55940204278814,311.1880408557627
06037117202,20.342236845340945,306.844736906819,24.026812739478874,380.53625478957747
06037501804,19.02580086940168,280.5160173880337,18.906753250354065,278.13506500708127
06037571400,17.314478352987155,246.28956705974306,18.771391878246725,275.4278375649344
06037543503,15.515873015873016,210.3174603174603,17.023809523809522,240.47619047619042
06037600801,13.765910615666911,175.31821231333822,11.531192326665927,130.62384653331853
06037543322,16.221587077405324,224.4317415481065,18.163793056711413,263.27586113422825
06059062636,21.42256690878039,328.4513381756078,28.484671226060932,469.6934245212186
06023000600,7.331066384058994,46.62132768117987,7.891635677814632,57.83271355629265
06023010300,9.293440746800405,85.86881493600808,9.280819160179874,85.61638320359747
06037239702,16.547619047619047,230.9523809523809,15.277777777777777,205.5555555555555
06037433305,17.57936507936508,251.58730158730157,20.873015873015873,317.46031746031747
06037554406,20.095390407636337,301.9078081527267,22.522506736810534,350.45013473621066
06037241202,15.501383634766555,210.02767269533103,14.190350674390482,183.80701348780957
06037205120,17.77405446163756,255.48108923275126,19.563385902003745,291.2677180400749
06037408624,18.74154134918066,274.8308269836132,21.987129265776684,339.7425853155337
06037241120,16.61860515497297,232.37210309945937,16.48454160279445,229.69083205588896
06111005502,13.051666102443903,161.03332204887806,11.198442744767688,123.96885489535374
06111007000,19.78814177649467,295.7628355298934,21.618195569685177,332.36391139370346
06047001005,11.541422896883466,130.82845793766927,16.35589721701175,227.117944340235
06037302504,15.739620805421199,214.79241610842394,16.864032922928086,237.2806584585617
06037408138,19.563492063492063,291.26984126984127,23.769841269841272,375.3968253968254
06037550901,18.98410182289759,279.6820364579518,20.58446718416394,311.6893436832788
06037302003,16.150793650793652,223.015873015873,16.785714285714285,235.71428571428567
06037900609,27.18433557331539,443.6867114663078,45.283240278887234,805.6648055777446
06085503118,10.556176140411521,111.12352280823043,11.018725380137173,120.37450760274345
06037533803,18.091484468662305,261.8296893732461,22.151269270490445,343.02538540980885
06037533804,18.095238095238095,261.90476190476187,22.22222222222222,344.4444444444444
06037294410,17.023809523809522,240.47619047619042,20.674603174603178,313.49206349206355
06037651222,13.142957790918874,162.85915581837747,12.33375482900935,146.675096580187
06075047701,4.365079365079366,-12.698412698412696,3.134920634920635,-37.301587301587304
06075047600,4.365079365079366,-12.698412698412696,3.134920634920635,-37.301587301587304
06085509401,10.45437668878175,109.08753377563498,10.416388203156554,108.32776406313107
06053014201,3.295552897639996,-34.0889420472001,2.73975190931164,-45.20496181376722
06037980007,7.950245463760184,59.00490927520369,6.223587940918057,24.47175881836113
06037620522,7.863126796995771,57.2625359399154,5.9006368971549605,18.01273794309922
06037702102,3.6111111111111116,-27.777777777777782,3.968253968253968,-20.634920634920633
06019006405,13.209381561308561,164.1876312261712,19.302204917084747,286.04409834169496
06075012902,5.158730158730159,3.1746031746031917,4.682539682539683,-6.349206349206355
06075032902,4.367770228153626,-12.644595436927492,3.1438901785015023,-37.122196429969954
06019005520,13.84920634920635,176.984126984127,24.642857142857146,392.8571428571429
06067007904,9.822529902522543,96.45059805045085,11.288895874615418,125.77791749230833
06067005701,9.210153624398895,84.20307248797788,11.572441854905142,131.4488370981028
06037430101,15.640900235792103,212.81800471584202,16.796358283055735,235.9271656611147
06067008144,10.213047911392902,104.26095822785803,11.1602600389301,123.20520077860195
06075023001,6.416709833213749,28.334196664274955,5.572305677546578,11.44611355093153
06065041407,22.31574673514144,346.31493470282874,31.970342837468905,539.4068567493781
06065043211,25.629987912530684,412.5997582506137,39.4933694011933,689.8673880238659
06037702900,5.6605567834230115,13.211135668460196,4.765946318235497,-4.6810736352900655
06083002409,12.810196369090889,156.20392738181778,12.829566898076033,156.59133796152062
06059032063,18.48899664955632,269.7799329911263,25.402735262673794,408.05470525347584
06059063910,15.860097849886298,217.20195699772597,16.604060310982938,232.08120621965872
06059001709,19.69436603503476,293.8873207006953,22.51751992090898,350.3503984181796
06009000124,11.72201971420605,134.440394284121,16.52745409544484,230.54908190889677
06001422500,7.0293365624428015,40.586731248856005,7.337124562294885,46.742491245897654
06001432200,7.062025412094162,41.24050824188323,9.046039576882844,80.9207915376569
06001435800,6.867712836779219,37.35425673558437,6.626772469367191,32.535449387343824
06001401600,7.380952380952381,47.61904761904759,6.902447176029398,38.04894352058793
06067001103,9.408835144704,88.17670289408001,13.290935300356063,165.81870600712122
06067009645,9.920634920634921,98.4126984126984,14.285714285714285,185.71428571428567
06067009644,10.137285767769523,102.74571535539046,14.595215495906572,191.90430991813142
06067007027,9.67694211594941,93.53884231898819,12.968353882964095,159.36707765928188
06065043294,28.5169021307249,470.3380426144979,43.04925151482723,760.9850302965444
06067001602,9.380371739078335,87.60743478156668,12.899922687982581,157.99845375965165
06065043209,27.560347794172642,451.2069558834528,41.452532621656886,729.0506524331377
06093000901,9.90937118121681,98.18742362433619,10.330892924824445,106.61785849648894
06053011305,14.971105917209261,199.42211834418518,22.562584988588007,351.25169977176
06053011104,13.465745265475338,169.31490530950674,18.291689453082572,265.8337890616514
06071010042,29.508604325580773,490.1720865116154,49.26004372702054,885.2008745404106
06071009130,25.833333333333336,416.66666666666674,46.23015873015873,824.6031746031745
06071009128,27.377514283517986,447.5502856703597,47.09973650574021,841.994730114804
06071002404,18.88888888888889,277.77777777777777,24.246031746031747,384.9206349206349
06071012202,20.72012520830832,314.4025041661665,27.454706855279785,449.0941371055957
06017030404,11.383780934692062,127.67561869384124,13.496896218650132,169.9379243730026
06001432602,7.548790753838053,50.97581507676104,9.57024840645319,91.40496812906377
06001403301,7.420634920634921,48.412698412698404,6.42857142857143,28.571428571428584
06019005704,13.985165326766934,179.7033065353387,22.84691328666806,356.9382657333611
06113010315,9.404108437639897,88.08216875279795,15.438289383114006,208.7657876622801
06019007203,14.666554686535303,193.33109373070602,29.3805435592356,487.610871184712
06001410200,7.028355391940385,40.56710783880769,8.820458726688456,76.4091745337691
06001451501,12.85667910366171,157.13358207323418,18.237226453236392,264.74452906472783
06001451701,12.354735359384165,147.0947071876833,18.675087026916962,273.5017405383392
06029006012,20.299546837071244,305.990936741425,35.290953247097676,605.8190649419537
06029002202,19.88095238095238,297.6190476190476,34.166666666666664,583.3333333333333
06029003219,19.24490575767086,284.89811515341717,34.75976199081427,595.1952398162855
06029001106,20.07936507936508,301.5873015873015,34.007936507936506,580.15873015873
06029003136,18.723126835244805,274.46253670489614,32.76410772038501,555.2821544077002
06029004304,18.546252320336265,270.92504640672524,33.41269841269841,568.2539682539682
06029004303,19.397468218456435,287.94936436912866,35.209785962868466,604.1957192573693
06029003134,20.119047619047617,302.3809523809523,36.15079365079365,623.0158730158729
06111003614,5.2776083446948325,5.552166893896666,3.2780407129885014,-34.43918574022997
06111005006,12.045571316439332,140.9114263287867,9.97906151705168,99.58123034103359
06019001408,15.543396278652468,210.8679255730494,24.405340917947765,388.1068183589553
06019003805,15.467145627856997,209.34291255713993,27.64064116050216,452.8128232100431
06019002701,15.491746624564277,209.83493249128554,24.55584148446876,391.11682968937527
06019005504,14.444444444444446,188.88888888888886,25.317460317460316,406.3492063492063
06019001411,14.650439492402217,193.0087898480443,24.545426388143675,390.90852776287346
06019004901,14.63608866190611,192.72177323812215,25.684935537407277,413.69871074814546
06085508508,9.786059520841485,95.72119041682969,12.092576524252161,141.8515304850432
06085504806,8.69667811152111,73.93356223042218,9.592636214900715,91.85272429801427
06085506503,11.9313433143617,138.62686628723395,14.568318723470172,191.3663744694034
06013370000,4.3391204583688054,-13.217590832623912,3.684522753542602,-26.309544929147968
06013343001,10.768236446348235,115.36472892696466,16.45511150269431,229.1022300538863
06107000101,13.097923169143439,161.95846338286864,20.305722352957158,306.114447059143
06107004103,16.18972765646287,223.79455312925745,28.030914374149084,460.6182874829816
06099003611,11.573086954457988,131.46173908915975,17.920394683979566,258.4078936795913
06075017804,5.255018032650205,5.100360653004087,4.268301443523606,-14.6339711295279
06075020702,5.357142857142858,7.142857142857139,4.761904761904762,-4.761904761904773
06085508005,12.639933000809783,152.79866001619567,15.368145292603273,207.3629058520654
06085503220,11.194679857014952,123.89359714029904,11.439307342229757,128.78614684459512
06085508205,9.788333761464918,95.76667522929831,12.097449897016658,141.94899794033313
06075012002,5.158730158730159,3.1746031746031917,4.682539682539683,-6.349206349206355
06075020202,5.357142857142858,7.142857142857139,4.761904761904762,-4.761904761904773
06037232402,14.988254421885733,199.76508843771467,14.56030885007899,191.20617700157976
06037113427,19.8015873015873,296.031746031746,25.515873015873012,410.3174603174603
06037207303,16.11111111111111,222.22222222222223,17.738095238095237,254.76190476190476
06037206052,16.785714285714285,235.71428571428567,17.658730158730158,253.17460317460313
06037216902,13.373015873015873,167.46031746031747,12.222222222222221,144.44444444444443
06037265521,9.365079365079366,87.30158730158729,6.904761904761905,38.0952380952381
06037503705,19.96031746031746,299.20634920634916,22.53968253968254,350.7936507936508
06037111304,18.174603174603174,263.49206349206344,21.150793650793652,323.015873015873
06037910720,29.488094002522608,489.761880050452,50.949844037523974,918.9968807504795
06037143801,16.744951776047174,234.8990355209435,15.675285260909218,213.5057052181844
06073014701,23.584863344595153,371.697266891903,33.482759068529155,569.6551813705831
06073020812,21.901557611894404,338.031152237888,29.84812543967547,496.9625087935094
06073020039,19.676252045421652,293.5250409084331,25.64306438990897,412.86128779817943
06073020036,18.745684517399503,274.9136903479901,23.944988070110824,378.8997614022164
06037297001,12.028970330687796,140.5794066137559,11.372433145581555,127.44866291163109
06037573101,16.071428571428573,221.42857142857144,15.158730158730158,203.17460317460313
06037604102,9.944202443243723,98.88404886487444,7.293179466592309,45.86358933184616
06037310704,16.38897540403465,227.77950808069303,19.641429642952062,292.82859285904124
06037551801,18.492063492063494,269.8412698412699,20.634920634920636,312.69841269841277
06037240302,15.317460317460316,206.34920634920627,13.412698412698413,168.25396825396825
06037113428,19.8015873015873,296.031746031746,25.515873015873012,410.3174603174603
06037232401,15.83629973144487,216.7259946288974,16.8238763797793,236.47752759558597
06037265204,10.310348222893806,106.2069644578761,7.694644101017808,53.89288202035614
06073018622,15.674603174603174,213.4920634920635,17.1031746031746,242.063492063492
06073020041,20.31957804643652,306.39156092873026,23.919015184994603,378.380303699892
06037602105,11.15079365079365,123.01587301587298,8.214285714285714,64.28571428571428
06037434004,18.038725834495335,260.7745166899067,20.795065125845127,315.90130251690255
06037407902,18.412698412698415,268.25396825396825,23.96825396825397,379.36507936507934
06037480102,16.26984126984127,225.39682539682542,17.896825396825395,257.9365079365079
06085501501,10.667793151064274,113.35586302128544,11.32021449924045,126.404289984809
06053014105,4.776872943864748,-4.462541122705036,4.0929262423111235,-18.14147515377755
06085511301,9.893259597090335,97.86519194180667,10.184718166371516,103.69436332743031
06019005516,14.540756960689171,190.8151392137834,26.16241896847258,423.2483793694515
06095250604,7.399923231465364,47.99846462930728,9.076732773273072,81.53465546546146
06001442301,10.79317537318248,115.86350746364954,13.206639768425152,164.13279536850303
06001403702,7.473756958253309,49.475139165066174,6.630435171521306,32.60870343042612
06047002305,14.718326546439522,194.36653092879038,25.929006897684758,418.58013795369504
06041109001,11.205678158206727,124.11356316413452,13.529840601384702,170.59681202769394
06111008900,6.204922401509281,24.098448030185622,3.9752975931745347,-20.494048136509313
06065043228,24.975564607672244,399.5112921534449,41.125157414276586,722.5031482855318
06065045224,36.23210923577663,624.6421847155325,58.08668201936138,1061.7336403872275
06029004603,15.757883219852694,215.15766439705388,25.90388973945842,418.0777947891684
06007000903,10.153577051683525,103.07154103367046,12.518784557625501,150.37569115251
06073015601,26.071428571428573,421.42857142857144,34.642857142857146,592.8571428571429
06073009107,16.998500785645483,239.97001571290963,19.426669448910484,288.5333889782097
06073002501,22.22222222222222,344.4444444444444,27.6984126984127,453.968253968254
06073013302,15.277777777777777,205.5555555555555,17.976190476190474,259.5238095238095
06073020021,19.54545315233316,290.9090630466631,22.892986407170746,357.85972814341494
06073017808,10.510681212470658,110.21362424941314,8.271483687937499,65.42967375874994
06073008348,18.622050424109155,272.4410084821831,22.33798970622483,346.7597941244966
06037121101,18.61111111111111,272.22222222222223,23.174603174603174,363.49206349206344
06037127606,21.421465398135112,328.4293079627022,27.442551149412996,448.85102298825984
06037186404,14.920634920634921,198.41269841269838,15.992063492063494,219.84126984126988
06037207501,16.11111111111111,222.22222222222223,17.738095238095237,254.76190476190476
06037211922,14.246031746031745,184.92063492063488,15.158730158730158,203.17460317460313
06037183402,16.381413076637074,227.62826153274142,15.760688352595844,215.21376705191688
06037297202,13.174603174603176,163.4920634920635,13.373015873015873,167.46031746031747
06037531503,17.385062835589068,247.7012567117814,19.053573656029425,281.07147312058845
06031000602,15.049055086552235,200.98110173104465,29.71221941429372,494.2443882858743
06045010801,11.113683072488591,122.2736614497718,10.809727825981012,116.19455651962022
06061020710,11.071746486712925,121.4349297342585,11.92500982313988,138.50019646279756
06097151310,9.854091023753655,97.08182047507312,9.378847952753528,87.57695905507056
06095250300,8.759699912058242,75.19399824116485,11.918185616089323,138.36371232178647
06071000203,21.071428571428573,321.42857142857144,27.46031746031746,449.20634920634916
06071002038,18.900378639302627,278.00757278605255,24.33794974934167,386.7589949868334
06071012300,18.972312813503237,279.44625627006474,23.979450449833276,379.5890089966655
06037980004,28.01116750168135,460.2233500336269,47.46650028581127,849.3300057162255
06083001306,8.745756500920493,74.91513001840984,7.976999309623629,59.53998619247258
06067007107,9.553869791045901,91.077395820918,13.004094314106277,160.08188628212554
06055200202,9.365079365079366,87.30158730158729,10.15873015873016,103.17460317460322
06067001202,9.404761904761905,88.0952380952381,13.293650793650794,165.87301587301585
06067007603,9.476364685120393,89.52729370240783,10.82771009453088,116.55420189061759
06065042801,24.361206811591483,387.2241362318296,39.25818107583079,685.1636215166158
06065042632,24.86573232517745,397.31464650354894,39.753750600602224,695.0750120120445
06071002041,17.360167511298062,247.20335022596117,21.669150740832855,333.383014816657
06071010028,31.99554366712318,539.9108733424636,55.404671933814264,1008.0934386762851
06071009124,26.04978431340905,420.995686268181,46.183776377285355,823.6755275457072
06001436301,7.721633509784597,54.43267019569194,8.412085170575887,68.24170341151773
06001422901,7.182539682539684,43.650793650793645,7.222222222222223,44.44444444444443
06067008907,10.059076714171276,101.18153428342549,12.246241392656874,144.92482785313743
06067008404,10.331248982213536,106.62497964427074,11.751547211933033,135.03094423866068
06067003502,9.365079365079366,87.30158730158729,13.88888888888889,177.77777777777777
06067008911,9.047627250621039,80.95254501242076,12.341237029261876,146.82474058523755
06067007013,9.78239925779151,95.64798515583021,12.665262419184952,153.30524838369905
06083000805,8.729965881306313,74.59931762612625,6.8113680525858955,36.227361051717914
06077004903,12.474533908823343,149.49067817646687,19.108901752305183,282.1780350461036
06077980000,11.513197361916415,130.26394723832826,19.765336619613617,295.3067323922723
06113011209,10.317460317460318,106.34920634920638,13.293650793650794,165.87301587301585
06019001417,14.89038382398786,197.80767647975716,26.11129161733917,422.2258323467835
06029003002,19.246031746031743,284.9206349206349,31.865079365079367,537.3015873015873
06029005005,16.785714285714285,235.71428571428567,26.904761904761905,438.0952380952381
06111009200,11.49669327642847,129.93386552856938,8.68280960281841,73.65619205636816
06111004507,5.317460317460317,6.349206349206355,4.603174603174604,-7.936507936507937
06029002816,19.63025333755676,292.60506675113515,31.6613277737499,533.2265554749981
06037503802,20.071051046427517,301.4210209285503,24.102805561087955,382.05611122175907
06037621102,5.1190476190476195,2.380952380952394,3.8492063492063493,-23.015873015873012
06037570100,19.5562299226733,291.124598453466,22.25880396002742,345.1760792005484
06037551300,18.571167480932587,271.4233496186517,20.51390033941182,310.27800678823644
06037554404,19.851938015495918,297.03876030991836,22.543064474418337,350.86128948836665
06037701502,3.6130845737970527,-27.73830852405897,3.969427838299916,-20.61144323400168
06037273700,5.768559270226138,15.371185404522755,5.035924649628667,0.7184929925733403
06037134303,19.444444444444446,288.88888888888886,25.873015873015877,417.46031746031747
06037535607,17.718982092955155,254.37964185910306,20.64401656548158,312.8803313096315
06037296220,11.708062055511135,134.16124111022268,11.514885240448995,130.29770480897992
06037294510,17.6984126984127,253.96825396825398,19.72222222222222,294.4444444444444
06037271200,8.418731095503341,68.37462191006682,6.916603435621415,38.33206871242829
06079010017,16.851221809801306,237.02443619602593,22.238828457114185,344.7765691422837
06037482502,17.447439264214026,248.9487852842805,19.927585378554554,298.5517075710911
06037195400,14.570209661374461,191.4041932274892,16.680053332876344,233.60106665752684
06037183510,16.746031746031743,234.92063492063488,15.952380952380954,219.0476190476191
06037127910,19.365079365079367,287.3015873015873,24.801587301587304,396.031746031746
06037401202,17.857142857142858,257.1428571428571,24.220589361710278,384.4117872342056
06037228420,17.658730158730158,253.17460317460313,19.563492063492063,291.26984126984127
06037111302,18.174603174603174,263.49206349206344,21.150793650793652,323.015873015873
06037482401,16.46825396825397,229.36507936507934,19.28571428571429,285.7142857142857
06037265420,12.261904761904763,145.23809523809524,9.325396825396826,86.5079365079365
06037231710,16.03174603174603,220.63492063492066,17.53968253968254,250.79365079365078
06037204420,17.341269841269842,246.82539682539687,18.293650793650794,265.8730158730159
06037224310,15.221550762224718,204.43101524449432,16.2436338519661,224.87267703932196
06037221120,15.119047619047619,202.38095238095235,16.071428571428573,221.42857142857144
06059001802,19.35081668534524,287.01633370690473,22.8101975003322,356.20395000664394
06059110118,18.849206349206348,276.984126984127,22.5,350.0
06065043306,25.492172946927745,409.8434589385548,41.255733911182055,725.114678223641
06065042520,24.887610572214573,397.75221144429156,38.37607836075635,667.521567215127
06065045501,39.62187127205737,692.4374254411473,61.047101068358295,1120.9420213671658
06059011710,18.69047619047619,273.8095238095238,22.57936507936508,351.58730158730157
06059089004,17.063437261953332,241.26874523906662,18.002408029310992,260.04816058621975
06059099249,16.746031746031743,234.92063492063488,16.626984126984127,232.53968253968253
06059099232,14.037650199609441,180.75300399218878,12.419276880328713,148.38553760657427
06059063805,15.581287779276337,211.6257555855267,15.624663197207791,212.49326394415584
06059042338,10.714285714285715,114.28571428571428,8.84920634920635,76.98412698412699
06059052419,16.22022383974128,224.40447679482546,19.405712015578818,288.1142403115763
06111004503,5.317460317460317,6.349206349206355,4.603174603174604,-7.936507936507937
06111007505,17.460317460317462,249.20634920634922,20.017003028850716,300.34006057701436
06081610201,12.152988245792319,143.05976491584633,12.808497086470075,156.16994172940147
06081604700,8.706998758989258,74.1399751797851,9.627010131169257,92.54020262338511
06047001503,12.115171929133712,142.30343858267423,17.667168585801285,253.34337171602564
06075035202,4.365079365079366,-12.698412698412696,3.134920634920635,-37.301587301587304
06013327002,13.632783130287189,172.65566260574371,20.389650885906967,307.79301771813937
06025011802,31.45895873474386,529.1791746948772,44.619752511470224,792.3950502294044
06071003506,18.792629561077348,275.852591221547,24.978858223055738,399.5771644611148
06071007407,19.365079365079367,287.3015873015873,25.396825396825395,407.9365079365079
06041132200,9.880471316956429,97.60942633912863,10.104379474266082,102.08758948532163
06013336104,14.018384075277076,180.3676815055415,21.234339726415133,324.68679452830264
06109003103,10.038418948290694,100.76837896581388,13.229985640376512,164.5997128075302
06097153201,9.888581562679319,97.77163125358634,9.190582924822218,83.81165849644437
06081612001,7.042559449232234,40.85118898464469,5.914103422997825,18.282068459956474
06073001802,25.21913521581734,404.3827043163467,34.21087369125765,584.2174738251531
06073015706,25.71428571428572,414.28571428571433,35.91269841269841,618.2539682539682
06073008202,5.833333333333334,16.666666666666657,3.8888888888888893,-22.222222222222214
06019002702,15.545782549444242,210.91565098888486,24.60999503309949,392.1999006619898
06019005509,14.492423011770887,189.84846023541772,25.85994557020126,417.1989114040251
06019004215,14.129305270635962,182.5861054127192,23.03645081733134,360.7290163466268
06085510002,12.390847775620134,147.81695551240264,13.900358731727907,178.0071746345581
06085508303,11.928535410330175,138.57070820660346,14.20604116547356,184.12082330947118
06085503304,10.757893915414915,115.15787830829831,11.175011552222028,123.50023104444054
06085506304,11.177760899011151,123.555217980223,14.00989750464448,180.19795009288956
06085501401,10.079365079365079,101.58730158730154,12.063492063492063,141.26984126984127
06099000805,11.266449106739097,125.32898213478192,19.951594755197586,299.0318951039517
06071002105,20.594220059862547,311.8844011972509,27.777459159616,455.54918319232
06071003102,19.04400224302218,280.8800448604436,25.57643033319026,411.5286066638052
06037503501,19.76207252802635,295.241450560527,22.341717217594084,346.83434435188167
06037482403,17.64162295121785,252.83245902435695,21.554227652777794,331.08455305555583
06017030710,10.183250045121836,103.66500090243667,11.468322098305011,129.36644196610024
06077004003,9.682539682539684,93.65079365079364,11.904761904761905,138.0952380952381
06107001705,15.973444385985786,219.46888771971578,32.10312048613362,542.0624097226724
06041105001,11.97623637999533,139.5247275999066,13.825202052320432,176.50404104640862
06037234301,14.484126984126986,189.6825396825397,14.246031746031745,184.92063492063488
06037231302,16.03174603174603,220.63492063492066,17.53968253968254,250.79365079365078
06037930400,15.219234161485305,204.38468322970613,18.23890488255564,264.77809765111283
06037271704,9.769776962876856,95.3955392575371,7.741056528472674,54.82113056945345
06037189802,13.214285714285715,164.28571428571428,13.015873015873018,160.3174603174603
06037199001,16.728722309953234,234.57444619906468,17.279455760548082,245.5891152109616
06037901215,28.6653021522312,473.30604304462383,44.71248138642143,794.2496277284287
06037901218,26.465070269934785,429.3014053986957,41.54589391530675,730.9178783061351
06037276606,6.062797459156126,21.255949183122503,4.908928493643522,-1.8214301271295859
06071002311,18.01384267065648,260.2768534131296,22.225685141546315,344.5137028309264
06023010702,8.16108255118552,63.22165102371043,8.742940888377957,74.85881776755919
06071005102,18.003186645854914,260.06373291709826,22.561404860007986,351.2280972001597
06071005502,19.252997218050634,285.0599443610127,27.574073707835897,451.48147415671787
06071002610,19.603174603174605,292.06349206349205,27.420634920634917,448.4126984126983
06071009722,31.33436621674022,526.6873243348044,57.01754546795632,1040.3509093591263
06067007025,9.354575573835355,87.09151147670707,12.517040724004417,150.3408144800883
06087110504,8.184458408662884,63.68916817325769,5.954753199690584,19.095063993811685
06065042016,26.28849696670178,425.76993933403554,43.515365028283455,770.3073005656689
06065045708,34.89661461243779,597.9322922487556,55.809242868409186,1016.1848573681837
06001441525,10.566502926070912,111.33005852141824,12.073375696338262,141.4675139267652
06001402802,7.420634920634921,48.412698412698404,6.42857142857143,28.571428571428584
06079011105,13.463312691897677,169.26625383795354,14.512877784292801,190.25755568585598
06059062651,17.248700822354508,244.97401644709012,21.0507974158813,321.01594831762594
06059001603,18.928571428571427,278.57142857142856,22.023809523809522,340.4761904761904
06077004104,10.20664819247799,104.13296384955979,13.036685566916024,160.73371133832046
06077005126,10.75987314346698,115.19746286933957,19.141008918781104,282.8201783756221
06013355124,11.738961805976546,134.7792361195309,15.660661578938411,213.21323157876822
06013345206,9.26641389241223,85.32827784824457,11.801160305759586,136.02320611519167
06099002505,10.628903008441712,112.57806016883424,18.121749446823717,262.4349889364744
06047002203,14.815267724966876,196.30535449933745,24.84872073676315,396.97441473526294
06047002001,13.222937920368036,164.45875840736068,18.791143545963077,275.8228709192617
06019008303,13.390732142812215,167.81464285624426,24.553996371078995,391.0799274215798
06019006407,12.170359988984814,143.40719977969627,18.0215753604237,260.431507208474
06029003825,19.567320878414414,291.3464175682882,35.68970809133996,613.7941618267993
06029004903,15.238095238095237,204.7619047619047,25.07936507936508,401.58730158730157
06111003102,9.991330955073282,99.82661910146562,6.006087248177619,20.121744963552388
06063000201,11.30476443868858,126.09528877377157,12.075958019276536,141.5191603855307
06083001907,19.007729566647505,280.15459133294996,24.112187645478105,382.2437529095621
06083002937,6.642341448842934,32.84682897685866,5.923440288092333,18.468805761846667
06083000806,8.650793650793652,73.01587301587301,6.7063492063492065,34.12698412698413
06085512512,12.901615508611336,158.03231017222666,17.56933097399486,251.3866194798971
06075013002,5.158730158730159,3.1746031746031917,4.682539682539683,-6.349206349206355
06037125322,18.664609115422614,273.29218230845225,20.887713264747006,317.7542652949401
06037292002,15.515873015873016,210.3174603174603,17.023809523809522,240.47619047619042
06001423700,7.492298228232382,49.845964564647616,7.913222054921318,58.264441098426346
06001435400,8.293400370986772,65.86800741973546,9.00767565099482,80.1535130198964
06001440331,8.04552576560256,60.910515312051196,7.457810012829212,49.15620025658422
06013390200,5.806051131340643,16.121022626812866,5.503720101306955,10.074402026139085
06013312000,10.106567254484574,102.13134508969145,17.046952560330507,240.93905120661015
06013338201,12.795808822259108,155.9161764451821,20.303062189355927,306.06124378711854
06081602202,5.3589283248774,7.178566497547984,4.138774664885778,-17.224506702284458
06073017201,3.925315945871013,-21.493681082579755,3.0280616618043004,-39.438766763913996
06073020202,22.054553946237522,341.0910789247505,26.895340386420532,437.90680772841057
06073018519,16.238681408166713,224.77362816333428,17.35857282681263,247.17145653625255
06073017035,19.927396848865115,298.54793697730224,24.27443599570571,385.4887199141141
06075015802,5.109626329855485,2.19252659710967,4.184366198234224,-16.312676035315512
06075031202,5.213681960545033,4.273639210900655,3.792745163039772,-24.14509673920457
06097150607,10.769333646909914,115.38667293819825,11.645456280074931,132.90912560149863
06013339001,10.557783549267086,111.1556709853417,15.879699854150463,217.59399708300924
06099000913,11.119634287630403,122.392685752608,18.280991492191234,265.61982984382473
06047002306,14.599693839817439,191.99387679634873,26.020205745938654,420.40411491877296
06047001603,12.504689798975408,150.09379597950817,18.234753359555103,264.69506719110205
06095252914,11.29483581509055,125.89671630181101,14.833358288046078,196.6671657609215
06065044921,30.392042761252913,507.8408552250583,52.620664736059155,952.413294721183
06065045226,37.87668876278059,657.5337752556117,60.08395619157096,1101.6791238314192
06065042631,24.413337359382986,388.26674718765975,39.82720995112302,696.5441990224604
06065042523,25.874894531676464,417.4978906335293,38.198710475489335,663.9742095097866
06019006605,14.642857142857144,192.85714285714283,27.6984126984127,453.968253968254
06019006409,11.038265419499425,120.76530838998846,14.989518827643915,199.7903765528782
06029002702,19.139956801621253,282.79913603242505,29.7041906539693,494.08381307938595
06029002502,19.007936507936506,280.1587301587301,33.13492063492063,562.6984126984127
06029001302,19.2850866395981,285.7017327919619,32.915175534282874,558.3035106856576
06085510400,11.428571428571429,128.57142857142856,12.023809523809524,140.47619047619045
06001441523,9.366381082183086,87.3276216436617,8.988746096647098,79.77492193294194
06001425101,7.371166457505985,47.423329150119656,6.838444723325355,36.768894466507064
06081603801,7.380952380952381,47.61904761904759,7.420634920634921,48.412698412698404
06077004403,10.997538184874564,119.95076369749128,14.438289906630857,188.76579813261708
06071009122,25.978165658623695,419.5633131724738,44.20554002414126,784.1108004828252
06071004511,16.18915018437493,223.78300368749865,18.543307203260326,270.86614406520647
06071000305,21.071428571428573,321.42857142857144,27.46031746031746,449.20634920634916
06029000702,19.254495755951822,285.0899151190364,32.81596882614522,556.3193765229046
06029006102,18.63541643507576,272.70832870151526,33.4651673426423,569.303346852846
06085512511,12.857614196585388,157.1522839317077,17.53999676597756,250.79993531955117
06085501901,10.284635116279397,105.69270232558793,11.276698608342887,125.53397216685771
06071010037,32.65592097502503,553.1184195005005,56.42421848451321,1028.4843696902642
06067007437,9.738937130573941,94.77874261147878,11.393031898390738,127.86063796781472
06065042746,24.788358548275674,395.7671709655134,40.349791069579275,706.9958213915854
06041131100,10.77611674006976,115.52233480139522,10.572223617385225,111.44447234770452
06111008800,5.556230612026339,11.124612240526773,3.389926239098278,-32.201475218034446
06007000104,10.039690169193888,100.79380338387769,11.58748469557391,131.74969391147818
06115040301,9.614844125247442,92.29688250494881,11.265177570768728,125.30355141537454
06067005509,9.047619047619047,80.95238095238093,12.261904761904763,145.23809523809524
06067007432,9.099218262263536,81.98436524527071,10.964297627342901,119.28595254685801
06111002901,8.49458208043853,69.89164160877058,5.802236210261889,16.04472420523777
06023010902,9.047723894443052,80.95447788886102,8.78353968972624,75.67079379452477
06001451104,13.441211380900377,168.82422761800754,22.118409754775847,342.36819509551697
06083002408,12.623022388456954,152.46044776913908,12.168491999951847,143.36983999903694
06075061503,5.1190476190476195,2.380952380952394,3.6111111111111116,-27.777777777777786
06075012403,5.158730158730159,3.1746031746031917,4.682539682539683,-6.349206349206355
06037128704,19.212855167563923,284.2571033512785,22.126981013865006,342.53962027730006
06037133101,21.022892727204663,320.45785454409327,28.478342413552465,469.56684827104925
06037543804,16.666666666666664,233.33333333333331,20.198412698412696,303.96825396825386
06031001401,15.524703227964547,210.49406455929096,30.77034702391464,515.4069404782927
06037301602,16.376866089838657,227.5373217967731,19.614358656219554,292.2871731243911
06037124102,19.007936507936506,280.1587301587301,21.746031746031747,334.9206349206349
06037121020,19.72940760354214,294.5881520708428,22.47360470759904,349.4720941519808
06037920018,20.969698182986463,319.3939636597292,30.13391101922633,502.6782203845265
06073000302,15.445813646430882,208.91627292861764,16.204911031852728,224.09822063705457
06073005801,15.436507936507937,208.73015873015873,16.19047619047619,223.8095238095238
06073016620,24.637834735859713,392.75669471719425,36.52764931666651,630.5529863333303
06037115401,20.277777777777775,305.55555555555543,25.039682539682538,400.7936507936508
06037900703,29.865665272500088,497.3133054500016,46.39267576930604,827.8535153861209
06081600701,4.724757519499694,-5.504849610006115,3.130122774447192,-37.39754451105617
06037503104,20.5952380952381,311.9047619047619,22.817460317460316,356.3492063492063
06025011400,32.301587301587304,546.031746031746,49.04761904761905,880.952380952381
06071002901,19.605365025497655,292.107300509953,24.920125044899667,398.4025008979934
06017031900,9.974324943070169,99.48649886140339,12.833039412637946,156.66078825275886
06061020908,10.007294330978294,100.14588661956583,11.74414287942159,134.88285758843176
06037131801,21.513539326758995,330.27078653517987,28.604432716504334,472.0886543300866
06071001501,22.53968253968254,350.7936507936508,29.841269841269842,496.82539682539675
06071000208,21.60227917514865,332.04558350297293,28.47651718743875,469.5303437487749
06077004205,10.238095238095239,104.76190476190479,13.412698412698413,168.25396825396825
06077005311,10.873015873015873,117.46031746031744,17.57936507936508,251.58730158730157
06073017067,22.51814711976234,350.3629423952468,29.81856281222816,496.3712562445631
06095250501,8.520873184089325,70.41746368178647,11.028797313474819,120.57594626949637
06095251200,8.730158730158731,74.60317460317461,11.944444444444445,138.88888888888889
06041130203,6.900402543421837,38.008050868436705,6.004454292836477,20.089085856729525
06073016613,24.37439285319415,387.4878570638829,35.97880822558638,619.5761645117275
06073009502,25.039682539682538,400.7936507936508,33.769841269841265,575.3968253968253
06059063008,6.974247183499279,39.484943669985576,5.04933437491444,0.9866874982887804
06065042743,26.047660899646107,420.9532179929221,41.7351142869739,734.7022857394779
06097151504,9.623063552830974,92.46127105661947,8.391989516374865,67.83979032749728
06073003304,21.724614374949407,334.49228749898805,23.92875029687068,378.5750059374135
06073009305,23.900776895734708,378.01553791469416,31.72934959289688,534.5869918579376
06113011001,11.3730192247545,127.46038449508998,13.269849090564733,165.39698181129464
06023001103,7.131086492320079,42.62172984640154,7.5809167210737085,51.61833442147417
06037120105,19.523809523809526,290.4761904761905,22.6984126984127,353.968253968254
06071002013,18.373015873015873,267.46031746031747,22.142857142857142,342.8571428571428
06071002018,17.658730158730158,253.17460317460313,21.03174603174603,320.63492063492066
06071006203,19.299282374058862,285.98564748117724,26.20832161941162,424.1664323882324
06103000300,11.2659243240154,125.31848648030797,13.81288071311619,176.25761426232378
06095252610,10.414538375191938,108.29076750383878,14.781952130012744,195.63904260025487
06107002602,14.305958757174718,186.11917514349432,26.516997724777966,430.3399544955593
06107002303,16.29775898084243,225.9551796168486,33.74125891899912,574.8251783799825
06037139401,20.984124955009285,319.68249910018574,28.425588389823,468.51176779645994
06037463601,16.507936507936506,230.15873015873012,17.301587301587304,246.03174603174602
06037127103,20.119047619047617,302.3809523809523,24.563492063492063,391.2698412698413
06037218702,14.139645185669238,182.7929037133848,15.011546853715624,200.2309370743124
06037551501,18.64640716070865,272.9281432141731,20.61464774702407,312.29295494048137
06071011102,17.37937424965669,247.58748499313364,23.489516955575763,369.79033911151527
06073010010,13.063406105968529,161.26812211937056,12.093869756793218,141.8773951358644
06013355125,11.75883852457122,135.17677049142438,15.686570085606926,213.7314017121385
06037226002,16.86457654031517,237.29153080630337,18.313323195656128,266.26646391312255
06037241002,16.666666666666664,233.33333333333331,17.301587301587304,246.03174603174602
06073015802,25.71428571428572,414.28571428571433,35.91269841269841,618.2539682539682
06073003501,21.26984126984127,325.3968253968254,23.571428571428573,371.42857142857144
06073003109,22.936387293947835,358.72774587895674,26.480786260517792,429.6157252103559
06083002304,12.639808266712322,152.79616533424644,12.203888308446858,144.07776616893716
06073003115,23.240399653871158,364.80799307742313,27.10451727003776,442.09034540075527
06097153302,9.582856485380798,91.65712970761595,9.779375447302613,95.58750894605222
06037550202,19.834597799225953,296.69195598451904,21.870909346628473,337.4181869325694
06037102103,18.609541556040693,272.1908311208138,23.17115780981445,363.42315619628897
06037910715,28.75412147801792,475.08242956035826,51.39840871200523,927.9681742401044
06055200705,9.416768113554571,88.3353622710914,10.378407339749785,107.56814679499571
06085500800,10.436507936507937,108.73015873015873,11.428571428571429,128.57142857142856
06037650605,8.417097246529853,68.34194493059705,6.535877030732447,30.717540614648925
06037603005,15.436507936507937,208.73015873015873,13.531746031746032,170.6349206349206
06037702002,3.6111111111111116,-27.777777777777786,3.968253968253968,-20.634920634920633
06053012302,5.635866023228275,12.717320464565503,4.128769860454114,-17.424602790917724
06099002605,11.063177064243604,121.26354128487205,19.572137319737607,291.44274639475213
06039000509,13.41181755594966,168.23635111899316,22.37494481699921,347.49889633998424
06061021326,10.403810913235684,108.07621826471365,13.16742977559791,163.3485955119582
06011000400,10.635188356974462,112.7037671394892,14.05594523362485,181.11890467249697
06079011300,13.881758814747165,177.63517629494328,15.217632525321108,204.35265050642212
06037209402,16.11111111111111,222.22222222222223,17.738095238095237,254.76190476190476
06037530901,17.213334982562888,244.2666996512578,17.895631233229167,257.9126246645833
06033000802,11.62961464953902,132.5922929907804,13.089984861084554,161.79969722169105
06037204300,17.341269841269842,246.82539682539687,18.293650793650794,265.8730158730159
06037197420,14.484126984126986,189.6825396825397,17.023809523809522,240.47619047619042
06107002701,13.392423834724969,167.84847669449934,18.672548721052912,273.4509744210582
06107000204,13.684777334645549,173.69554669291094,26.249473252508132,424.98946505016266
06007000502,10.595238095238095,111.9047619047619,13.69047619047619,173.8095238095238
06059011401,19.01399824031451,280.2799648062902,22.256523942006197,345.1304788401239
06059087703,19.06434527252663,281.2869054505326,21.35434530313231,327.08690606264616
06059110116,19.47606258977311,289.5212517954622,22.900857594002336,358.0171518800467
06075012504,5.316270875158974,6.325417503179455,4.745555969111209,-5.088880617775848
06075016101,5.3476727404598146,6.953454809196288,4.7581167152315444,-4.837665695369114
06075015402,4.285714285714285,-14.285714285714306,3.0555555555555554,-38.88888888888889
06081608700,11.460037885567129,129.20075771134253,12.22749991442988,144.54999828859755
06081609300,13.335861095933504,166.71722191867005,13.931099191171597,178.62198382343195
06023000300,7.290772563845058,45.815451276901136,7.838603306727581,56.772066134551615
06081605100,8.107246314871425,62.14492629742851,8.491201717024841,69.8240343404968
06037571101,19.65000221174397,293.0000442348794,22.422791538032513,348.4558307606502
06037603703,12.50361716610156,150.07234332203117,9.570993192902344,91.41986385804685
06037542900,17.803536598885415,256.0707319777084,19.869969655873746,297.3993931174749
06037600703,13.55055521847936,171.01110436958714,11.085326380997378,121.70652761994754
06059062627,15.501306974610921,210.0261394922184,17.282227912861963,245.64455825723925
06037132302,21.3716851749784,327.4337034995679,28.309812555113865,466.1962511022772
06037275605,8.174603174603174,63.492063492063494,6.904761904761905,38.0952380952381
06037264304,9.365079365079366,87.30158730158729,6.904761904761905,38.0952380952381
06037267102,11.11111111111111,122.2222222222222,8.611111111111112,72.22222222222223
06037108204,16.047053718040424,220.94107436080844,20.221535447831478,304.4307089566296
06037301902,16.229171794695038,224.58343589390074,17.696860208567898,253.93720417135796
06037206303,16.785714285714285,235.71428571428567,17.658730158730158,253.17460317460313
06037620704,5.95533969859571,19.106793971914207,4.542448467779108,-9.151030644417826
06037101222,16.640773003214235,232.81546006428465,20.63602593757566,312.72051875151317
06047001402,13.371666901432029,167.43333802864055,18.71118554773448,274.2237109546896
06037535300,17.53968253968254,250.79365079365078,20.0,299.99999999999994
06037204920,17.817460317460316,256.3492063492063,19.603174603174605,292.06349206349205
06037602104,11.15079365079365,123.01587301587298,8.214285714285714,64.28571428571428
06067007905,9.680915275068331,93.61830550136658,11.383690784980558,127.67381569961115
06067009311,9.953815445224185,99.07630890448368,14.366498127314069,187.32996254628134
06037530202,17.396189076313096,247.9237815262619,18.998727358975398,279.9745471795079
06037601501,11.547619047619047,130.95238095238093,8.611111111111112,72.22222222222223
06037482521,17.498337952772758,249.96675905545516,20.2720854984509,305.4417099690179
06075033100,4.484126984126984,-10.31746031746033,3.5317460317460316,-29.365079365079367
06059086902,18.83946944914924,276.78938898298486,21.917438562635454,338.348771252709
06059099412,9.722222222222223,94.44444444444443,8.293650793650793,65.87301587301587
06037578100,13.520584423327975,170.41168846655947,12.789769603508763,155.79539207017524
06077002702,10.777736616982098,115.55473233964196,15.609111134055977,212.18222268111953
06099003909,11.018683065578937,120.3736613115787,17.730532468209024,254.61064936418052
06075013300,4.285714285714285,-14.285714285714306,3.0555555555555554,-38.88888888888889
06075023400,6.331125341442858,26.622506828857155,5.317516746921667,6.350334938433322
06065031001,22.76610138414015,355.32202768280297,36.1903901970492,623.8078039409838
06065041905,20.780837009641168,315.61674019282333,27.85838404479652,457.1676808959303
06065042508,26.785714285714285,435.71428571428567,43.37301587301587,767.4603174603174
06037291110,15.357401641647401,207.14803283294793,13.849888599263783,176.99777198527565
06037503201,19.965569908174196,299.31139816348394,22.63717227126845,352.743445425369
06059074406,17.70823550664378,254.1647101328756,20.60564514301233,312.1129028602466
06111005401,13.186431985966408,163.72863971932816,12.135361407754392,142.70722815508782
06037504001,19.95442004274961,299.0884008549922,23.261164985467445,365.2232997093489
06037540101,18.740301445796405,274.80602891592815,20.95700814876571,319.1401629753141
06037534406,18.412698412698415,268.25396825396825,20.3968253968254,307.936507936508
06065044907,26.043480267074898,420.8696053414979,43.138193194098406,762.7638638819681
06041125000,10.329298793973257,106.58597587946514,11.56143060355081,131.2286120710162
06065040903,21.73536936755171,334.7073873510342,31.06716362003656,521.3432724007312
06065043003,23.112615786504225,362.2523157300845,35.60864364178622,612.1728728357244
06037271600,9.602597939836675,92.05195879673346,7.6409533677860555,52.81906735572106
06037408134,19.444444444444446,288.88888888888886,24.841269841269842,396.82539682539687
06037481002,16.476550407814507,229.5310081562901,17.31612621414057,246.32252428281137
06067003501,9.391795109256785,87.8359021851357,13.274426772808233,165.48853545616464
06067000100,9.097620890445409,81.95241780890818,12.361908447557486,147.2381689511497
06037183820,16.746031746031743,234.92063492063488,15.952380952380954,219.0476190476191
06001423500,7.182539682539684,43.650793650793645,7.222222222222223,44.44444444444443
06029003808,18.935660815907493,278.7132163181498,34.94365289272786,598.8730578545573
06059075701,18.055555555555554,261.1111111111111,21.150793650793652,323.015873015873
06059075303,17.695664503236074,253.91329006472142,20.258457034566295,305.16914069132594
06037577000,9.122926582344437,82.45853164688876,7.808830150420506,56.17660300841011
06037620521,9.419160775211221,88.38321550422441,7.019244683271004,40.384893665420044
06001405600,7.619047619047619,52.38095238095235,7.182539682539684,43.650793650793645
06001407000,7.341269841269842,46.82539682539681,7.380952380952381,47.61904761904759
06001438300,7.735636957529319,54.71273915058637,7.585967139700218,51.71934279400436
06001400600,7.345524891148392,46.910497822967805,7.026639971891772,40.53279943783542
06001423400,7.182539682539684,43.650793650793645,7.222222222222223,44.44444444444443
06001406700,7.341269841269842,46.82539682539681,7.380952380952381,47.61904761904759
06053011801,8.6205082490698,72.41016498139597,9.488408870326323,89.76817740652642
06013375000,3.986828912152739,-20.263421756945213,2.170381655446421,-56.59236689107158
06013353002,9.76997746504402,95.39954930088035,10.607342271131731,112.1468454226346
06037310400,18.03482977916712,260.69659558334234,21.192122891661608,323.8424578332322
06037131400,21.307592707376042,326.1518541475208,27.991202282342734,459.82404564685464
06019004214,14.166666666666666,183.33333333333331,23.690476190476193,373.8095238095238
06085508707,8.665073747545948,73.30147495091896,9.482955122711425,89.65910245422849
06073018102,5.277777777777778,5.555555555555557,3.134920634920635,-37.301587301587304
06073005201,17.883831418842842,257.67662837685685,19.99160557401764,299.8321114803528
06073018524,17.658730158730158,253.17460317460313,20.674603174603178,313.49206349206355
06073007304,6.661905457902433,33.23810915804865,4.975907495548327,-0.48185008903347004
06019005204,14.722222222222223,194.4444444444444,24.08730158730159,381.74603174603175
06019003201,14.71546906340028,194.30938126800555,23.83865840434887,376.7731680869774
06085509109,9.942131352822134,98.84262705644267,10.36336919107816,107.26738382156317
06085505304,9.365079365079366,87.30158730158729,11.19047619047619,123.80952380952377
06085512313,12.254405553439593,145.08811106879185,13.527147469583895,170.54294939167787
06059052535,17.045190982919795,240.90381965839583,21.456825823831544,329.13651647663085
06085502500,11.54801455569172,130.96029111383442,13.020025850636088,160.40051701272168
06085503602,10.407059536946814,108.14119073893625,11.64744806808833,132.94896136176664
06085511000,8.888930188105391,77.77860376210782,8.239015960777113,64.78031921554225
06085501000,10.240330391923521,104.80660783847046,11.003520081971864,120.07040163943726
06013313107,13.1849158862131,163.69831772426198,23.750784153378582,375.0156830675716
06019005406,15.23776282057793,204.75525641155855,25.437061965703453,408.74123931406905
06019005607,14.504995180869685,190.09990361739364,24.083065679084825,381.6613135816965
06083001911,18.457989877533876,269.1597975506775,27.01300282345037,440.26005646900745
06085507701,13.333333333333334,166.66666666666663,16.083686396534524,221.67372793069043
06085512045,12.810599575659065,156.2119915131813,15.485489730753173,209.70979461506343
06067004604,9.722939159090668,94.45878318181332,14.049052921355935,180.98105842711865
06067007024,9.801587301587302,96.03174603174602,12.85714285714286,157.14285714285717
06065042017,25.833333333333336,416.66666666666674,42.5,750.0
06071002308,18.609237890479292,272.18475780958573,23.406083551813655,368.1216710362731
06071008003,20.43650793650794,308.7301587301588,28.41269841269841,468.2539682539682
06071002405,18.83710630539106,276.74212610782115,25.272395557061085,405.4479111412217
06085507904,12.925998961570825,158.51997923141647,17.402327393550873,248.04654787101748
06085506204,11.21835027358047,124.36700547160939,14.185267538211873,183.70535076423744
06085503336,11.428571428571429,128.57142857142856,11.666666666666666,133.33333333333331
06085501102,9.523621792637096,90.47243585274192,9.544122496991879,90.88244993983754
06019004005,14.300640370853019,186.01280741706034,27.80196113154772,456.03922263095427
06029002303,19.07847132446613,281.5694264893226,32.62892733452018,552.5785466904035
06029003128,18.53174603174603,270.63492063492066,32.77777777777778,555.5555555555555
06111003613,5.600352326498512,12.007046529970228,3.237992247156839,-35.24015505686323
06035040600,15.881761758679199,217.6352351735839,24.8097478120901,396.1949562418019
06073020035,14.119715957975451,182.394319159509,11.896092084034336,137.9218416806867
06073020034,13.758317353262107,175.16634706524212,11.391918721903377,127.83837443806749
06073016404,26.071428571428573,421.42857142857144,34.642857142857146,592.8571428571429
06055200505,10.269038312285614,105.3807662457123,11.23404008208102,124.68080164162038
06085511707,13.493953806025749,169.8790761205149,16.013262633588404,220.26525267176808
06053014104,5.036530196107388,0.7306039221477647,3.7204454467525916,-25.591091064948166
06075042602,4.224861964164428,-15.502760716711443,3.34524673629304,-33.09506527413921
06001983200,7.403938418174766,48.0787683634953,6.353437167500731,27.068743350014604
06059052432,17.5617787318564,251.23557463712797,22.19007457906902,343.80149158138033
06065042741,25.23829124190339,404.7658248380677,41.053506873823146,721.0701374764631
06065044507,40.15155840286202,703.0311680572404,62.208384329483046,1144.167686589661
06065941100,25.59309800780687,411.86196015613734,41.517915191153165,730.3583038230631
06023940000,9.771489435144066,95.42978870288135,9.60665072974895,92.13301459497897
06047002201,14.855209945100192,197.1041989020038,24.808063176313567,396.1612635262712
06047001401,13.080241150025554,161.6048230005111,18.9946285659824,279.892571319648
06075042700,4.252466703582684,-14.950665928346321,3.3038396271656563,-33.92320745668689
06093000902,11.907368341115612,138.14736682231225,14.903872106879454,198.0774421375891
06053011002,15.44671088586818,208.93421771736354,20.175677134086506,303.5135426817301
06053011103,13.700383256254158,174.00766512508318,18.435814899513673,268.71629799027346
06073008362,13.253968253968255,165.07936507936506,12.023809523809524,140.47619047619045
06037122121,20.338003791145667,306.76007582291334,24.032551665038746,380.6510333007749
06037106648,16.26984126984127,225.39682539682542,17.896825396825395,257.9365079365079
06037208801,15.943971638565921,218.8794327713184,17.664716933075397,253.294338661508
06037408504,18.313093335582273,266.2618667116455,20.86999733673663,317.3999467347326
06037195201,14.654886729754185,193.09773459508366,15.80619377754661,216.12387555093218
06037402406,19.855402393815982,297.10804787631963,23.83138685886908,376.6277371773816
06037602507,12.53968253968254,150.79365079365078,9.603174603174603,92.06349206349205
06037601212,11.547619047619047,130.95238095238093,8.611111111111112,72.22222222222223
06077004308,11.11111111111111,122.2222222222222,14.722222222222223,194.4444444444444
06067988300,10.408967432814205,108.17934865628405,11.143085085936239,122.86170171872476
06081611500,11.061867845584057,121.23735691168115,11.77804683892829,135.5609367785658
06107001305,15.075697831707258,201.5139566341451,31.24097270611691,524.8194541223382
06057000504,10.644321824815112,112.88643649630225,10.802860992453981,116.05721984907959
06075060703,5.1190476190476195,2.380952380952394,3.6111111111111116,-27.777777777777786
06075012801,4.285714285714285,-14.285714285714306,3.0555555555555554,-38.88888888888889
06037532607,17.222222222222225,244.44444444444446,17.738095238095237,254.76190476190476
06037265524,9.365079365079366,87.30158730158729,6.904761904761905,38.0952380952381
06037432501,17.579365079365076,251.58730158730157,20.365574802131484,307.31149604262964
06001442400,10.940326537766888,118.80653075533772,12.638701124451005,152.77402248902013
06021010401,9.649415046271184,92.98830092542359,13.922194021347595,178.44388042695184
06037430005,14.563492063492065,191.26984126984127,16.03174603174603,220.63492063492066
06037431003,16.11111111111111,222.22222222222223,18.095238095238095,261.90476190476187
06037650903,13.66341571237329,173.26831424746575,14.27706248758579,185.54124975171572
06037125403,18.9464269170997,278.928538341994,21.592257768939728,331.8451553787946
06037320102,16.30952380952381,226.1904761904762,19.325396825396826,286.5079365079365
06037462900,16.55355991407845,231.07119828156897,17.23568055856108,244.7136111712215
06037482002,16.949794084158682,238.99588168317365,17.97219638181057,259.44392763621136
06001406100,6.965196282050341,39.3039256410068,6.139317211075256,22.786344221505097
06001406900,7.4330838196346996,48.66167639269396,7.592124531191555,51.84249062383106
06001450603,11.001291300185239,120.02582600370476,14.251236425358163,185.02472850716325
06001403100,7.420634920634921,48.412698412698404,6.42857142857143,28.571428571428584
06001423200,7.261904761904763,45.23809523809524,6.984126984126984,39.68253968253967
06077005224,9.719531292109611,94.39062584219222,16.91928465057672,238.38569301153439
06001408300,6.98933813665211,39.78676273304218,7.683048870514078,53.66097741028153
06047002404,13.505084732734606,170.1016946546921,22.584945611081274,351.69891222162545
06077003112,10.34618035493762,106.92360709875237,13.029297744967627,160.58595489935254
06087121502,6.825396825396825,36.50793650793648,4.325396825396826,-13.492063492063494
06079010104,19.643894754800684,292.8778950960137,28.89844795287423,477.96895905748454
06013359103,7.6838898932595345,53.6777978651907,8.248306424464417,64.96612848928831
06013345102,10.476731180774422,109.53462361548841,12.990641364559329,159.81282729118658
06019001407,15.538784878253917,210.77569756507836,24.40556050844294,388.1112101688587
06019003701,15.674603174603174,213.4920634920635,26.50793650793651,430.1587301587301
06019005702,13.452380952380953,169.04761904761904,22.817460317460316,356.3492063492063
06081611600,9.208828462815722,84.17656925631441,8.665482637035643,73.30965274071282
06081613800,10.046490076769057,100.92980153538115,10.129897826381306,102.59795652762612
06047002100,14.298600072201644,185.97200144403286,23.051923218739404,361.0384643747881
06075026403,5.548018495931204,10.960369918624062,3.441961007070123,-31.16077985859755
06075015900,5.158755315523447,3.175106310468933,4.682549745256998,-6.349005094860059
06075023300,6.420305983802511,28.406119676050206,5.571681577646676,11.433631552933504
06041126200,11.106378069377964,122.12756138755927,12.810063397063589,156.2012679412718
06067005801,9.365079365079366,87.30158730158729,11.865079365079366,137.3015873015873
06067007416,9.534528880646784,90.69057761293564,11.39960824572615,127.99216491452296
06037402706,21.12364681732723,322.4729363465446,26.25929780464834,425.18595609296676
06077001501,10.555555555555557,111.11111111111113,13.98606846778603,179.72136935572058
06037264102,9.280728182948833,85.61456365897666,7.320306028274813,46.40612056549625
06049000300,12.182612547935118,143.65225095870235,17.41135035365849,248.2270070731699
06067007413,9.175260311029618,83.50520622059233,11.300489994224053,126.00979988448105
06059087503,18.53174603174603,270.63492063492066,21.785714285714285,335.71428571428567
06059032027,20.719334373690117,314.38668747380234,27.037099852334393,440.74199704668786
06059032035,20.9468972097436,318.93794419487193,27.896545035627305,457.93090071254596
06111008101,18.026407399052477,260.52814798104953,22.5698006537161,351.39601307432207
06111004400,5.391126620262352,7.822532405247043,3.498180061144083,-30.036398777118343
06037577602,7.817460317460317,56.349206349206355,6.111111111111111,22.222222222222214
06037119400,19.99008258840012,299.80165176800233,23.786383182457424,375.72766364914844
06059001705,19.3509568436883,287.019136873766,22.394808403608035,347.8961680721607
06071004604,18.624172300856504,272.4834460171301,25.973578238241398,419.47156476482803
06071000823,21.666666666666668,333.3333333333333,27.34126984126984,446.82539682539675
06071001307,21.15234609273153,323.0469218546306,27.57108292807728,451.42165856154554
06039000103,10.65884847580331,113.17696951606622,12.678901387122384,153.57802774244772
06065040821,22.236150739111636,344.7230147822328,31.1790517100426,523.5810342008521
06037124105,19.007936507936506,280.1587301587301,21.746031746031747,334.9206349206349
06059063802,12.976190476190478,159.52380952380952,12.46031746031746,149.20634920634922
06071002708,17.575525937599355,251.51051875198706,22.271680234063894,345.4336046812778
06019001416,14.888810976717329,197.77621953434655,26.210285242092574,424.2057048418515
06007001100,10.280688768794944,105.61377537589885,13.566661054156473,171.33322108312944
06023011000,8.093778452828996,61.875569056579906,9.724720182835386,94.49440365670768
06065041412,23.089917873834708,361.79835747669415,32.74115825418475,554.823165083695
06065031703,23.963217063549155,379.2643412709831,36.43924164255222,628.7848328510444
06065042519,24.28088452352869,385.6176904705738,36.54857840415643,630.9715680831284
06061020717,10.655360648503184,113.10721297006367,11.639308473132354,132.78616946264708
06075035101,4.365079365079366,-12.698412698412696,3.134920634920635,-37.301587301587304
06077004204,10.522009355564212,110.44018711128422,13.676332950348172,173.52665900696346
06071000404,21.073248406369203,321.46496812738405,27.080965858247712,441.6193171649542
06071002015,19.112147449655737,282.2429489931147,24.015323803678122,380.3064760735624
06071003609,19.927968352033716,298.55936704067426,27.63884831546268,452.7769663092537
06067009321,9.584194167783467,91.68388335566935,14.4018784307654,188.03756861530798
06067009317,9.62378399982585,92.475679996517,14.267691817888327,185.3538363577666
06067005403,9.040446630267562,80.80893260535122,12.498594534503807,149.9718906900761
06029006004,18.06048596118955,261.209719223791,31.35994929691138,527.1989859382277
06037620301,6.7857142857142865,35.714285714285694,5.158730158730159,3.1746031746031917
06037553801,18.88888888888889,277.77777777777777,20.198412698412696,303.96825396825386
06037243100,17.46048150192331,249.20963003846623,19.049587546889242,280.99175093778484
06037540202,18.69047619047619,273.8095238095238,21.03174603174603,320.63492063492066
06037188300,14.867935334961507,197.35870669923014,15.970473649030358,219.40947298060712
06107001902,15.596883114388364,211.93766228776732,33.02911239945624,560.5822479891247
06107000501,15.47677909812555,209.535581962511,31.098357635851187,521.9671527170237
06073013417,21.428743027114464,328.5748605422893,25.690816081796356,413.8163216359271
06073015301,25.657579973266145,413.1515994653229,35.71895379754821,614.3790759509642
06073012304,12.177099553342638,143.54199106685275,10.434507644102327,108.6901528820465
06073012402,11.845422062441607,136.90844124883213,9.843867139082123,96.87734278164243
06037294200,17.6984126984127,253.96825396825398,19.72222222222222,294.4444444444444
06037575102,15.515873015873016,210.3174603174603,16.626984126984127,232.53968253968253
06037574300,16.854970873046582,237.0994174609316,16.713088201037728,234.26176402075455
06037480903,17.261904761904763,245.23809523809524,17.261904761904763,245.23809523809524
06037192300,12.976190476190478,159.52380952380952,12.85714285714286,157.14285714285717
06037124500,19.444444444444446,288.88888888888886,21.865079365079364,337.30158730158723
06037401203,17.857142857142858,257.1428571428571,23.571428571428573,371.42857142857144
06037122410,19.682539682539684,293.6507936507936,22.22222222222222,344.4444444444444
06037104610,19.365079365079367,287.3015873015873,23.41269841269841,368.2539682539682
06037134304,19.37659459292032,287.5318918584063,25.746166150601205,414.92332301202407
06037482304,16.500262475304964,230.0052495060993,17.877339975470427,257.5467995094086
06037530204,17.576475025504017,251.52950051008028,19.574385266587274,291.4877053317455
06037204910,17.817460317460316,256.3492063492063,19.603174603174605,292.06349206349205
06059001202,19.460794360750985,289.21588721501973,22.48136810083405,349.627362016681
06059110010,18.492063492063494,269.8412698412699,20.31746031746032,306.34920634920644
06073019203,19.796843994593242,295.93687989186486,26.499444847196976,429.9888969439394
06073018609,16.799146087255814,235.98292174511627,19.324615146073086,286.4923029214616
06073008344,18.18298598559933,263.65971971198655,21.255719771610316,325.1143954322063
06083002211,14.673534508903542,193.4706901780708,16.181089231072793,223.62178462145584
06075020602,5.357142857142858,7.142857142857139,4.761904761904762,-4.761904761904773
06037226702,17.658730158730158,253.17460317460313,19.563492063492063,291.26984126984127
06001409800,7.181683785676689,43.63367571353375,8.580661899295444,71.61323798590885
06001420200,6.111111111111111,22.222222222222214,5.595238095238095,11.904761904761884
06001443002,10.873199368854225,117.46398737708446,13.372679463978896,167.45358927957795
06013329000,13.237049343666685,164.74098687333364,20.371225153249153,307.424503064983
06097153903,9.543691882858,90.87383765716,9.34970727438881,86.9941454877762
06095252908,11.492831469845957,129.85662939691912,15.08576535516752,201.71530710335037
06113010201,9.653731466532813,93.07462933065624,13.20612670071835,164.12253401436698
06037207902,16.11111111111111,222.22222222222223,17.738095238095237,254.76190476190476
06037209201,16.11111111111111,222.22222222222223,17.738095238095237,254.76190476190476
06037406201,17.17848510538498,243.56970210769958,21.87318851938877,337.46377038777536
06037404805,16.295207315875615,225.90414631751224,18.349980221793594,266.9996044358718
06037550101,20.039682539682538,300.7936507936507,22.3015873015873,346.03174603174597
06037901012,29.711721666501848,494.23443333003695,47.45131513855891,849.026302771178
06037104824,19.54404653869988,290.88093077399753,23.79367747794779,375.87354955895586
06037206053,16.806555870771955,236.13111741543906,17.68254911308178,253.6509822616356
06019002000,15.50548412732123,210.10968254642458,26.23976505105286,424.79530102105707
06019005305,14.46527516078305,189.3055032156609,23.316460402984063,366.3292080596812
06019003004,14.694344782326858,193.8868956465371,24.305057244967617,386.10114489935233
06085503337,11.37287489787488,127.45749795749755,11.610970135970117,132.21940271940232
06085512029,12.633894971667937,152.6778994333587,15.075559469806953,201.51118939613903
06085506102,10.471857094353439,109.43714188706875,12.637134239244283,152.74268478488563
06085503002,12.577053335992469,151.54106671984934,15.15099598435122,203.01991968702436
06085504505,9.455125360663061,89.1025072132612,9.788780763452367,95.77561526904731
06099000801,11.09033705740461,121.8067411480922,19.391593108476716,287.8318621695343
06087101200,10.10406676059942,102.0813352119884,10.080525411609393,101.61050823218784
06073021302,26.60930535477361,432.18610709547227,36.62902909759755,632.5805819519513
06085509202,9.338473630034848,86.76947260069699,8.78939188740281,75.78783774805615
06073004600,17.8002904658994,256.00580931798794,19.862175928612306,297.2435185722461
06045011300,10.890958847277288,117.81917694554569,12.106009941787057,142.12019883574115
06037920115,22.068134629961868,341.3626925992374,30.8930495987887,517.8609919757739
06097151206,9.307217005288345,86.1443401057669,8.074661726205267,61.49323452410534
06073014300,24.286954713884505,385.73909427769007,32.02573907874098,540.5147815748196
06085508510,9.920634920634921,98.4126984126984,12.380952380952381,147.61904761904762
06067003204,9.761904761904763,95.23809523809524,14.126984126984127,182.53968253968253
06013345118,9.79103230623291,95.82064612465818,12.474579018435193,149.49158036870386
06053000900,6.449038499975806,28.980769999516113,6.587301587301588,31.746031746031747
06075011901,5.158730158730159,3.1746031746031917,4.682539682539683,-6.349206349206355
06067008111,9.920664387754845,98.4132877550969,11.587006916102336,131.7401383220467
06067008142,10.099023519745732,101.98047039491462,11.498107287746183,129.96214575492363
06075045201,4.568567309308232,-8.628653813835358,3.389280565206718,-32.21438869586562
06075033001,4.484126984126984,-10.31746031746033,3.5317460317460316,-29.365079365079367
06037650904,13.218283647634538,164.36567295269072,13.617039081249018,172.3407816249803
06037134801,21.825396825396826,336.50793650793645,29.20634920634921,484.1269841269841
06037601303,12.81746031746032,156.34920634920638,11.15079365079365,123.01587301587298
06037237710,15.919888272463094,218.39776544926193,16.438336511789597,228.76673023579195
06037294810,17.60351129154215,252.07022583084301,20.196729256574958,303.93458513149915
06071003401,19.615201129494896,292.30402258989795,25.274224788800417,405.4844957760084
06037402002,21.07715371425946,321.5430742851893,27.369949091844028,447.3989818368806
06037236206,13.095238095238097,161.90476190476193,11.38888888888889,127.77777777777777
06065042515,24.439753957010666,388.79507914021326,36.975061038782115,639.5012207756422
06065044000,21.30405647863331,326.08112957266627,30.71022960684426,514.2045921368851
06073013306,15.277777777777777,205.5555555555555,17.976190476190474,259.5238095238095
06073019205,19.79002459523892,295.80049190477837,26.443185352385573,428.8637070477114
06037191720,13.646569888777755,172.93139777555507,14.0722055424573,181.44411084914594
06037900804,28.333333333333332,466.66666666666663,46.388888888888886,827.7777777777777
06073005301,15.642040691176987,212.84081382353975,16.293242567810715,225.8648513562143
06073016403,25.01081122619718,400.21622452394365,34.71071967828443,594.2143935656884
06073013325,19.194289788827877,283.8857957765576,22.572741660782576,351.45483321565143
06071000813,19.122568288905644,282.45136577811286,23.206435335479522,364.12870670959046
06073016201,24.44636021018281,388.9272042036562,36.24040842915714,624.8081685831427
06059052425,19.49081979872181,289.8163959744362,24.98668244233457,399.73364884669127
06045011800,10.697938699762828,113.95877399525659,11.973891524585841,139.4778304917169
06071011300,17.20519453719014,244.1038907438027,23.72869198675289,374.5738397350578
06007003300,9.587473101196442,91.74946202392884,12.913606137152568,158.2721227430513
06037570603,18.310134241124974,266.20268482249946,20.81887117246046,316.37742344920923
06059062800,4.745624161238845,-5.087516775223115,3.4088606797482313,-31.822786405035373
06037430003,14.177525038923182,183.55050077846357,14.758641344676034,195.17282689352066
06031000406,16.589687643023684,231.79375286047366,30.868463863469955,517.3692772693992
06077005211,9.864130016071666,97.28260032143334,17.573972801885276,251.4794560377055
06037135111,19.629272177383715,292.5854435476743,26.077646577341497,421.5529315468299
06037432801,17.261904761904763,245.23809523809524,21.11111111111111,322.22222222222223
06037221210,15.119047619047619,202.38095238095235,16.071428571428573,221.42857142857144
06075031000,5.436507936507937,8.73015873015872,4.1269841269841265,-17.46031746031747
06037571703,17.261904761904763,245.23809523809524,19.087301587301585,281.74603174603175
06067008117,9.504408015552633,90.08816031105265,11.223041150816538,124.46082301633072
06067007012,9.714748100184723,94.2949620036944,12.993134111720147,159.8626822344029
06065042708,25.63317338034764,412.66346760695274,41.34572878968685,726.914575793737
06037601402,11.547619047619047,130.95238095238093,8.611111111111112,72.22222222222223
06071000503,20.0,299.99999999999994,23.29365079365079,365.8730158730158
06001430700,8.174603174603174,63.492063492063494,9.126984126984128,82.53968253968256
06067007434,9.552899266092547,91.05798532185091,11.50793650793651,130.15873015873018
06037242202,17.53968253968254,250.79365079365078,20.0,299.99999999999994
06059021807,17.478532283324743,249.57064566649484,20.668216796907362,313.3643359381472
06059099310,7.420634920634921,48.412698412698404,4.841269841269842,-3.1746031746031775
06059052528,18.194357185734972,263.88714371469945,22.858629050436477,357.17258100872954
06037115301,20.2369742075302,304.73948415060386,24.721117677400787,394.42235354801574
06037535803,18.095238095238095,261.90476190476187,22.18253968253968,343.65079365079356
06037407901,18.412698412698415,268.25396825396825,23.96825396825397,379.36507936507934
06037265523,9.864608571399048,97.29217142798095,7.392938174574322,47.85876349148644
06037211123,14.580890953540782,191.61781907081564,15.508810239307788,210.17620478615575
06037901014,30.47141107949958,509.4282215899915,48.74359013552994,874.8718027105989
06037143402,17.17174665219155,243.43493304383105,16.817311606926875,236.34623213853746
06087121602,6.691791022620202,33.835820452404036,4.539166109839422,-9.216677803211565
06087101002,7.857142857142858,57.14285714285714,6.547619047619048,30.952380952380963
06079012202,6.475492429502707,29.50984859005414,5.8482239464466055,16.964478928932085
06029002814,19.484126984126984,289.6825396825397,31.19047619047619,523.8095238095239
06037670001,15.537002074345455,210.74004148690906,18.048964487251737,260.9792897450347
06037620001,7.637434954845623,52.74869909691243,5.418060152855291,8.361203057105811
06009000400,9.292059634756562,85.84119269513121,12.387226561573542,147.7445312314708
06001427900,6.944444444444445,38.888888888888886,6.071428571428571,21.428571428571416
06059087301,19.178628266286587,283.5725653257317,24.740856628153075,394.81713256306153
06013303206,12.25723183069579,145.1446366139158,18.926891919278965,278.5378383855793
06019003809,14.665088565793937,193.30177131587868,25.7936507936508,415.87301587301596
06001981900,7.261904761904764,45.23809523809525,5.714285714285715,14.28571428571428
06085507807,13.746183354257571,174.9236670851514,16.680873840411973,233.61747680823942
06085503113,10.545411157524425,110.90822315048851,11.574508990098249,131.49017980196496
06087120902,10.846747237891497,116.93494475782994,12.360560437030198,147.21120874060398
06065042622,24.55084813217624,391.01696264352483,36.55817291479884,631.1634582959767
06065041808,20.319980788241757,306.3996157648352,28.149234824540784,462.9846964908156
06099003805,10.558432158845903,111.16864317691805,17.469983962083905,249.39967924167806
06079010903,13.618365012862023,172.36730025724046,14.217263835809387,184.34527671618775
06073008363,13.253968253968255,165.07936507936506,12.023809523809524,140.47619047619045
06037229200,16.949167675609203,238.9833535121841,17.06312902773252,241.26258055465036
06037531502,17.57936507936508,251.58730158730157,19.96031746031746,299.20634920634916
06031000603,14.710196996308868,194.20393992617727,30.48404946987375,509.68098939747495
06037194402,12.453628438352094,149.0725687670419,11.319783138526688,126.39566277053375
06037269903,10.418012973663629,108.36025947327255,8.59612790761242,71.92255815224836
06095252706,10.694150694342492,113.88301388684982,16.03174603174603,220.63492063492066
06037115104,20.250028885801225,305.00057771602434,24.988373267725894,399.7674653545179
06037121222,19.603174603174605,292.06349206349205,24.841269841269842,396.82539682539687
06037127806,19.303653265213107,286.0730653042621,24.62608415911228,392.52168318224557
06037402803,20.158730158730158,303.1746031746031,25.039682539682538,400.7936507936508
06037502003,18.80952380952381,276.1904761904762,18.69047619047619,273.8095238095238
06037703200,14.188120459320459,183.76240918640917,13.142480502301776,162.84961004603548
06037273200,5.046322186911137,0.9264437382226929,4.5433066992421125,-9.133866015157757
06059074601,17.43756631495865,248.75132629917297,20.215344092736427,304.30688185472843
06111006500,18.174603174603174,263.49206349206344,19.92063492063492,298.4126984126984
06037241400,16.66666470879514,233.33329417590284,17.301582139926012,246.03164279852018
06037540400,17.460317460317462,249.20634920634922,19.047619047619047,280.9523809523809
06037533501,17.06349206349206,241.2698412698412,20.3968253968254,307.936507936508
06037137104,22.375851593135966,347.5170318627193,30.562200245093983,511.24400490187975
06037212501,15.119047619047619,202.38095238095235,16.071428571428573,221.42857142857144
06037234501,14.56310215501373,191.26204310027458,13.258842109947427,165.1768421989485
06037554105,20.036328833664303,300.72657667328605,21.550972753637282,331.0194550727456
06037271901,9.642857142857144,92.85714285714286,7.658730158730158,53.174603174603135
06037576302,13.48002235918331,169.60044718366618,13.104639340013048,162.09278680026097
06037264103,9.230762466958918,84.61524933917833,6.881603818879069,37.632076377581384
06037533103,17.222222222222225,244.44444444444446,17.738095238095237,254.76190476190476
06067007503,9.46471903950296,89.2943807900592,11.366308877150544,127.32617754301086
06037550602,19.488631102994276,289.77262205988546,21.771609980722516,335.4321996144503
06037106649,16.34644898293416,226.9289796586832,17.98362448578116,259.6724897156232
06037910504,29.12698412698413,482.53968253968253,49.08730158730159,881.7460317460318
06055200704,10.452873724178735,109.05747448357465,11.88519351775724,137.70387035514477
06085512312,11.19047619047619,123.80952380952377,10.952380952380953,119.04761904761904
06037294520,17.6984126984127,253.96825396825398,19.72222222222222,294.4444444444444
06037272302,9.386931735988885,87.7386347197777,7.5273090038518635,50.54618007703725
06037218210,13.93806951629532,178.76139032590643,14.333738468161211,186.67476936322416
06037481103,16.461915163242004,229.23830326484006,17.72169561908005,254.433912381601
06067005002,9.845648760746862,96.9129752149372,14.007664243547145,180.15328487094285
06067009608,9.9036501265418,98.07300253083598,14.033413699076188,180.66827398152373
06037462400,16.45555219955054,229.11104399101077,16.730327452768112,234.60654905536222
06037224420,16.790776578592066,235.81553157184135,18.539624046730573,270.79248093461143
06037602802,15.357142857142856,207.14285714285705,13.84920634920635,176.984126984127
06037600911,12.81746031746032,156.34920634920638,11.15079365079365,123.01587301587298
06037536103,18.45443365529654,269.08867310593075,20.63656684086982,312.73133681739637
06019003003,14.722222222222223,194.4444444444444,24.444444444444443,388.88888888888886
06019005518,13.000285129203078,160.00570258406154,23.36924671742707,367.3849343485414
06075980600,6.393854818682175,27.87709637364348,5.496295757053717,9.925915141074329
06099003608,11.581437689924153,131.62875379848305,17.264637346459253,245.292746929185
06047000204,10.049887442246954,100.99774884493907,16.40217191655386,228.04343833107725
06113011211,10.317460317460318,106.34920634920638,13.293650793650794,165.87301587301585
06019004006,14.09869711151687,181.9739422303374,26.831420904733488,436.62841809466966
06037214400,12.420634920634921,148.41269841269843,11.468253968253968,129.36507936507934
06037920111,21.23015873015873,324.6031746031746,30.238095238095237,504.7619047619047
06065046601,19.469859588090028,289.3971917618005,25.637518382915747,412.7503676583149
06065941300,36.30852257537729,626.1704515075457,55.85882557460961,1017.1765114921923
06001405901,7.619047619047619,52.38095238095235,7.182539682539684,43.650793650793645
06083001001,9.246031746031747,84.92063492063494,7.5,49.99999999999997
06037402101,21.14580379192064,322.9160758384127,25.619594639810664,412.3918927962133
06037111204,17.5396828719567,250.79365743913394,22.063492390879837,341.2698478175967
06001437701,7.738095238095238,54.76190476190476,7.579365079365079,51.58730158730157
06001443321,10.555555555555555,111.11111111111111,10.912698412698413,118.25396825396822
06001403501,7.384128284468612,47.682565689372204,6.939664334899759,38.793286697995164
06081609202,12.182539682539682,143.65079365079362,12.261904761904763,145.23809523809524
06083980100,18.105703300282425,262.11406600564845,25.333356819311298,406.66713638622605
06081611901,8.552828579028978,71.05657158057956,8.22197882381314,64.43957647626279
06089010500,9.757084218951066,95.14168437902131,8.15446559421958,63.089311884391584
06029003218,19.220484082908726,284.40968165817446,32.791368236338094,555.8273647267617
06029001002,18.182620109397053,263.6524021879411,31.440858774298146,528.8171754859629
06029003135,20.014039053957486,300.2807810791497,36.36081078097392,627.2162156194784
06067008505,10.436505335924387,108.73010671848776,12.063485128602599,141.26970257205198
06067009633,9.766101467475776,95.32202934951552,14.03001271553067,180.60025431061337
06111004505,7.738206632247995,54.7641326449599,5.350318527491789,7.006370549835743
06095253105,11.954043562984111,139.08087125968223,15.782765609587258,215.65531219174508
06095251100,8.494394589885292,69.88789179770582,11.439235572429931,128.78471144859864
06053013800,8.095238095238095,61.9047619047619,7.222222222222223,44.44444444444443
06097154100,9.472186179458623,89.44372358917245,9.950608273910726,99.01216547821446
06097150304,10.12931681999396,102.58633639987922,11.42215908244053,128.4431816488106
06111002301,10.198412698412701,103.96825396825402,9.722222222222225,94.44444444444444
06007001602,9.754859165556292,95.09718331112578,10.318207027470788,106.36414054941572
06015000203,8.051720699432142,61.034413988642825,6.087759204051579,21.75518408103157
06025011100,28.40981203459912,468.1962406919823,41.544089214769876,730.8817842953974
06071006201,19.246031746031743,284.9206349206349,26.865079365079364,437.30158730158723
06071000825,22.25272808711648,345.05456174232967,29.392484812844195,487.8496962568839
06071000109,19.639980354507646,292.7996070901528,23.624843025395098,372.4968605079019
06071001400,22.21779839313169,344.3559678626338,29.34162877796703,486.83257555934057
06065049101,38.60621387116076,672.1242774232152,59.95542022036711,1099.108404407342
06037214000,12.420634920634921,148.41269841269843,11.468253968253968,129.36507936507934
06037482503,17.518976139554407,250.3795227910881,20.544720916307494,310.89441832614983
06037212305,15.119047619047619,202.38095238095235,16.071428571428573,221.42857142857144
06109005201,10.885566185819073,117.71132371638149,14.89700968623057,197.94019372461145
06095252501,10.246984575959122,104.93969151918245,13.84606886518644,176.92137730372883
06107001502,14.116464700717268,182.32929401434538,27.309112268587015,446.18224537174024
06071009131,22.751407504711054,355.0281500942211,39.936012335869705,698.720246717394
06071008201,22.984832886350528,359.6966577270106,34.79020707427181,595.804141485436
06071002707,16.56484752518661,231.2969505037322,21.583262023000284,331.66524046000575
06037212203,15.119047619047619,202.38095238095235,16.071428571428573,221.42857142857144
06037211000,13.09730667252177,161.94613345043535,13.078623171692783,161.57246343385563
06037531800,17.5,250.0,19.206349206349206,284.1269841269841
06037204200,17.341269841269842,246.82539682539687,18.293650793650794,265.8730158730159
06073010011,15.515873015873016,210.3174603174603,16.825396825396822,236.50793650793645
06067004907,9.880952380952381,97.61904761904759,14.325396825396828,186.5079365079365
06067001702,9.468842871065387,89.37685742130773,13.07184619778263,161.43692395565262
06065040621,19.492643916866136,289.8528783373226,26.556740031902503,431.13480063805
06065050301,27.539682539682538,450.7936507936507,41.349206349206355,726.9841269841271
06039000511,13.301039841595433,166.02079683190857,22.081286534921507,341.6257306984301
06001403302,7.420634920634921,48.412698412698404,6.42857142857143,28.571428571428584
06037199900,17.055792081487816,241.11584162975632,17.40153279433197,248.03065588663938
06059087200,19.306505210917383,286.1301042183475,24.395265351143706,387.9053070228741
06059021920,17.241758500406295,244.83517000812583,19.47026482272509,289.40529645450187
06059086803,18.87671387911402,277.5342775822804,22.06996442347034,341.3992884694067
06073010106,11.587301587301587,131.74603174603172,9.246031746031747,84.92063492063494
06073002401,22.22222222222222,344.4444444444444,27.6984126984127,453.968253968254
06031001002,14.855481655246058,197.1096331049211,30.198800334722296,503.9760066944458
06083002101,14.285714285714285,185.71428571428567,15.674603174603174,213.4920634920635
06045010802,10.533852596656892,110.67705193313786,10.701466355558585,114.02932711117172
06073010104,6.819980967514429,36.39961935028856,4.67590364732766,-6.4819270534467925
06073014602,23.944271630958216,378.8854326191643,32.387196947144595,547.7439389428919
06073003602,21.26984126984127,325.3968253968254,23.571428571428573,371.42857142857144
06075016000,5.213937758147583,4.2787551629516845,4.704622722306652,-5.907545553866957
06075026401,5.476211373550844,9.524227471016864,3.5317199100455725,-29.36560179908855
06065046102,36.74603174603175,634.9206349206349,54.32539682539682,986.5079365079364
06059001201,19.484126984126984,289.6825396825397,22.5,350.0
06059088702,17.738095238095237,254.76190476190476,18.253968253968257,265.0793650793651
06073019301,18.068879971941847,261.37759943883697,22.63921126075102,352.7842252150203
06073008312,9.25107899385033,85.02157987700657,7.5528076502201005,51.056153004402
06061020711,11.037965262176279,120.75930524352553,11.921019013795986,138.4203802759197
06071002021,16.10129618783659,222.02592375673171,18.110314254800635,262.2062850960127
06065043703,24.33658314154954,386.73166283099073,37.04746830024068,640.9493660048136
06065040303,19.416545623885852,288.33091247771705,27.077315569076696,441.5463113815339
06041116000,12.81746031746032,156.34920634920638,13.769841269841269,175.39682539682536
06065040302,20.657354078630277,313.14708157260554,29.692666653119055,493.85333306238107
06065040501,19.59391598458354,291.8783196916707,26.904966499438117,438.09932998876224
06029006304,17.14039184976842,242.80783699536843,29.09206863634703,481.84137272694056
06059075514,17.14285714285714,242.85714285714278,20.31746031746032,306.34920634920644
06059052417,18.253968253968257,265.0793650793651,23.84920634920635,376.984126984127
06029000905,19.484126984126984,289.6825396825397,33.57142857142857,571.4285714285713
06065041102,21.33131067445676,326.6262134891351,29.434192791675386,488.68385583350766
06101050301,9.21525936699478,84.30518733989558,12.138666946020765,142.77333892041528
06063000300,15.413851514520356,208.27703029040708,21.898756255722112,337.9751251144422
06037620303,6.785714285714286,35.714285714285694,5.158730158730159,3.1746031746031917
06037574000,18.691766793541362,273.8353358708272,20.62043751186756,312.4087502373512
06037572500,16.473044214711784,229.4608842942357,16.97782693995369,239.5565387990738
06055201800,10.61653439864862,112.33068797297237,12.990697205379005,159.81394410758006
06037601502,11.547619047619047,130.95238095238093,8.611111111111112,72.22222222222223
06037552900,20.32200650243456,306.44013004869123,23.164565379744253,363.291307594885
06059099311,7.4225303508037355,48.45060701607469,5.034433972164788,0.6886794432957499
06059062635,21.23015873015873,324.6031746031746,29.166666666666668,483.33333333333326
06073014901,23.769841269841272,375.3968253968254,32.261904761904766,545.2380952380953
06073014805,23.598277139514757,371.96554279029516,33.39422802205975,567.884560441195
06077004701,10.975038784611618,119.50077569223235,14.066187294683766,181.3237458936753
06077004202,10.388406000461664,107.7681200092333,13.552272692038663,171.0454538407733
06077005124,11.26984126984127,125.39682539682539,19.28571428571429,285.7142857142857
06077005001,11.365871070635002,127.31742141270004,19.356970427040917,287.1394085408183
06077003203,10.304290782175231,106.08581564350467,12.059044240454606,141.1808848090921
06077003700,10.700361239140848,114.00722478281698,16.315984072427376,226.31968144854747
06077003110,10.362569968461749,107.251399369235,12.076271599892143,141.52543199784282
06077002000,10.720967419677924,114.41934839355845,15.172501262185289,203.4500252437058
06077003108,10.119047619047619,102.38095238095232,12.182539682539682,143.65079365079362
06075031402,4.801587301587301,-3.9682539682539755,3.1746031746031744,-36.50793650793651
06037203601,17.341269841269842,246.82539682539687,18.293650793650794,265.8730158730159
06037910718,29.078863498377075,481.5772699675415,51.07115749778237,921.4231499556474
06073008379,17.988516219627353,259.770324392547,20.861632393039844,317.2326478607968
06037190303,13.92270932599738,178.45418651994754,15.02480172996867,200.49603459937344
06037273403,3.6111111111111116,-27.777777777777786,3.968253968253968,-20.634920634920633
06073018621,15.674603174603174,213.4920634920635,17.1031746031746,242.063492063492
06037530400,16.96054011306343,239.21080226126864,17.725037717001324,254.50075434002645
06037310201,16.464876576936938,229.2975315387387,18.391951143600153,267.839022872003
06059110604,20.031809353965368,300.6361870793074,23.40613742460077,368.12274849201543
06013314106,10.693216515824414,113.86433031648825,18.173170145871868,263.4634029174373
06071001309,21.736098409581807,334.72196819163605,28.526313992014092,470.5262798402818
06033001302,10.057391489960331,101.14782979920653,11.995161781496433,139.90323562992862
06037275312,7.755750548579116,55.115010971582315,6.54842459605487,30.968491921097396
06037113426,19.799293152028067,295.98586304056136,25.513435481966326,410.2687096393266
06013303211,11.240820016699972,124.81640033399941,17.26236184207407,245.24723684148134
06019005913,13.74604952888618,174.92099057772361,22.659250960593855,353.1850192118771
06009000504,9.43406997458442,88.68139949168832,12.763958070642508,155.27916141285013
06075011101,5.158730158730159,3.1746031746031917,4.682539682539683,-6.349206349206355
06037503704,19.994248047308595,299.8849609461719,22.912918996585056,358.25837993170103
06071009721,31.471532969890227,529.4306593978046,54.209293687938036,984.1858737587606
06071009720,31.46825396825397,529.3650793650794,54.166666666666664,983.3333333333333
06019006101,14.659653534534899,193.19307069069794,28.031639730515682,460.6327946103136
06041111001,10.437545845782568,108.75091691565135,12.918453103613679,158.36906207227352
06111005601,12.591591023765298,151.83182047530596,11.541457873713012,130.82915747426026
06065043311,26.486605495283946,429.73210990567884,39.93626374422427,698.7252748844855
06077005303,10.732080618289304,114.64161236578607,17.917609690708844,258.3521938141769
06077003213,9.696474800476512,93.9294960095302,11.91172946373032,138.23458927460638
06085505402,9.736522856967635,94.73045713935271,11.676183845935764,133.52367691871527
06077004001,9.418833686893407,88.37667373786815,13.876155779292471,177.5231155858494
06077003803,10.61738050490708,112.34761009814166,16.84434027089777,236.88680541795532
06077004800,11.381562077014594,127.63124154029185,16.578643348544052,231.57286697088088
06001422700,7.477879902951787,49.55759805903571,7.881058098526145,57.62116197052287
06001404400,8.04907821792224,60.9815643584448,8.601456798901449,72.02913597802898
06001431200,8.246026564867396,64.92053129734796,9.045312863989828,80.90625727979656
06001431100,8.260080427369216,65.20160854738434,9.045011531724624,80.90023063449249
06001428302,6.111111111111111,22.222222222222214,5.515873015873016,10.317460317460302
06001450607,12.080170160338946,141.60340320677895,16.435597070453866,228.71194140907735
06001407800,7.2992466716880795,45.98493343376158,7.645428158166711,52.90856316333421
06001433400,5.879912699196023,17.598253983920433,5.837969737385441,16.759394747708793
06001432300,6.547619047619048,30.952380952380963,8.49206349206349,69.84126984126982
06001440307,9.236417764817231,84.7283552963446,8.94600920310907,78.92018406218136
06013369002,4.325396825396826,-13.492063492063494,3.8492063492063493,-23.015873015873012
06013368002,4.0476190476190474,-19.04761904761905,2.182539682539683,-56.34920634920635
06013376000,3.9952910262218406,-20.094179475563184,2.1720740782602412,-56.558518434795175
06013314103,7.09906823642365,41.981364728473,10.594724291440007,111.8944858288001
06013313205,10.397914878654053,107.95829757308105,17.621084476379455,252.42168952758902
06013345115,10.231424680286395,104.6284936057279,12.653846530113634,153.0769306022727
06013307102,9.664416640626232,93.28833281252463,16.38607298628851,227.72145972577025
06013307201,10.351824282789542,107.03648565579084,17.78391911209182,255.6783822418363
06013313206,10.619313424864572,112.38626849729145,17.65612895705415,253.12257914108295
06013313204,12.75839829389773,155.1679658779546,21.177778577812923,323.55557155625837
06013334006,13.01820246035877,160.36404920717536,21.304399031655155,326.08798063310314
06013314200,7.2182038144023855,44.3640762880477,10.14604144461402,102.9208288922804
06013318000,10.158708232059169,103.17416464118335,13.71092006911719,174.2184013823438
06013338302,12.750898558259726,155.01797116519452,20.131563496995305,302.631269939906
06013341000,10.053144254091743,101.06288508183482,14.022021247369084,180.44042494738164
06013355302,14.526135332055956,190.52270664111904,23.08133540204741,361.62670804094824
06005000303,9.795973236988216,95.9194647397643,12.256032563449422,145.12065126898847
06013359203,8.780786430450222,75.6157286090044,10.705937549011217,114.11875098022435
06001442700,10.015037777331546,100.3007555466309,10.533937833355566,110.67875666711133
06001423000,7.1861185588603265,43.7223711772065,7.211485593260296,44.229711865205864
06001430600,8.088408905306439,61.768178106128794,9.241909819379774,84.83819638759549
06001435700,7.302814869155474,46.05629738310947,7.903071764337539,58.06143528675078
06001441501,9.033796462116932,80.67592924233863,7.778781637812259,55.575632756245206
06001422200,7.084663907271926,41.69327814543851,6.770215607845975,35.404312156919474
06001400300,7.4157421579115095,48.314843158230154,7.183777415198205,43.67554830396408
06001442900,11.070938838621144,121.41877677242287,13.010157102739544,160.20314205479085
06001409600,6.920415651823051,38.408313036461,7.780360884037669,55.60721768075334
06001406400,7.5970719561883735,51.941439123767445,7.198236584582002,43.964731691640004
06001406500,7.424047529135015,48.480950582700274,7.321825461048686,46.43650922097369
06001407700,6.880814710304206,37.616294206084106,6.6835025021415495,33.670050042830965
06001409100,6.546496825461612,30.92993650923224,8.45503016086809,69.10060321736181
06001435900,6.590257205719125,31.80514411438248,6.059335134283673,21.186702685673453
06001437600,7.738095238095238,54.76190476190476,7.579365079365079,51.58730158730157
06001440308,9.27950069163155,85.590013832631,9.925290463453,98.50580926905995
06001410000,7.585526557573287,51.71053115146571,9.494299639461754,89.8859927892351
06001432700,7.579365079365079,51.58730158730157,9.603174603174603,92.06349206349205
06001428200,6.846400855109162,36.928017102183254,6.006066178538384,20.12132357076766
06001433300,6.7688935655374936,35.37787131074985,7.982231575519428,59.644631510388564
06001406000,7.368238842528832,47.364776850576625,6.543115521954502,30.86231043909002
06001451401,12.637869995337416,152.75739990674836,18.62092443869333,272.41848877386656
06001404502,7.786077955852697,55.721559117053964,7.872705691033331,57.454113820666635
06001451602,12.58909006085228,151.7818012170456,18.407253082381974,268.1450616476395
06001438201,7.793407110491897,55.86814220983793,7.524053206968421,50.48106413936841
06001430200,8.550597046163922,71.01194092327842,9.545202253306172,90.90404506612344
06001400700,7.32413433937827,46.482686787565356,7.052308634015921,41.04617268031837
06001427100,6.944444444444445,38.888888888888886,6.071428571428571,21.428571428571416
06001409000,6.17514594031031,23.50291880620619,6.261388961888312,25.22777923776623
06001422400,7.095687242250637,41.9137448450127,7.287361552439009,45.74723104878014
06085503323,11.031746031746032,120.6349206349206,12.380952380952381,147.61904761904762
06085503212,11.151013602064147,123.02027204128294,11.389035523069222,127.7807104613844
06085502909,12.619047619047619,152.38095238095238,15.238095238095237,204.7619047619047
06085502908,12.565958937035749,151.31917874071502,16.167147173302926,223.3429434660585
06085502903,12.302529025352605,146.05058050705205,15.007943835506397,200.1588767101279
06085502800,12.53968253968254,150.79365079365078,16.626984126984127,232.53968253968253
06085502701,12.635581951006886,152.71163902013774,16.39682553980569,227.93651079611385
06085506302,11.147403983875252,122.94807967750504,13.39207466780541,167.84149335610817
06085506301,9.742569062935985,94.8513812587197,11.571251731788003,131.42503463576006
06085504321,10.038382885765472,100.7676577153094,10.87069506244968,117.41390124899357
06085504316,9.962318879973044,99.24637759946083,10.734866480677487,114.69732961354971
06085511200,9.514822575819636,90.29645151639276,9.672715137593515,93.45430275187029
06085510801,9.841269841269842,96.82539682539681,9.404761904761905,88.0952380952381
06085509901,12.204409597405984,144.0881919481197,13.083190524269428,161.66381048538852
06085510500,11.634247114255313,132.68494228510625,12.39318631796711,147.8637263593422
06085512402,12.655989173950987,153.11978347901976,14.519543789007356,190.3908757801471
06085501502,10.83245360745884,116.64907214917679,11.11222234379468,122.24444687589362
06085500901,10.436507936507937,108.73015873015873,11.428571428571429,128.57142857142856
06085507205,12.850476932610954,157.00953865221905,16.075899207163513,221.51798414327024
06085512505,12.665868925056472,153.3173785011294,16.891602403740592,237.8320480748118
06019002200,14.880952380952381,197.6190476190476,24.285714285714285,385.71428571428567
06019003804,15.35119657437627,207.0239314875254,27.457112405240995,449.1422481048198
06019002800,14.703529786759592,194.07059573519177,23.78493165946577,375.6986331893154
06019004405,14.584821668074984,191.69643336149966,26.10813444162781,422.1626888325562
06019004602,14.614145522621357,192.28291045242707,25.91689955080289,418.33799101605763
06019004205,14.706104859169855,194.12209718339705,25.85748653666626,417.1497307333251
06019005505,14.308015380590042,186.16030761180082,25.840438395568867,416.80876791137723
06019004801,14.74334169893379,194.86683397867574,25.76573516089408,415.3147032178815
06019005403,14.958971436684987,199.1794287336997,24.706491840511898,394.1298368102379
06019005804,14.075892980952396,181.51785961904793,22.65705128048462,353.1410256096924
06019008301,13.593277945786713,171.86555891573423,24.3249388197238,386.498776394476
06019006602,15.482666602052753,209.65333204105508,29.35574074115888,487.11481482317754
06019006201,14.060830685257491,181.2166137051498,26.785294569019946,435.7058913803988
06019007500,15.716545791439032,214.3309158287806,31.993792973762922,539.8758594752585
06019001409,14.722222222222223,194.4444444444444,24.444444444444443,388.88888888888886
06019003102,14.194850358902565,183.89700717805127,22.925009089061295,358.5001817812259
06019004506,14.627017236850868,192.54034473701734,26.11426675114869,422.2853350229737
06019005202,14.494236859588598,189.88473719177193,23.37883467034345,367.57669340686897
06019005602,14.153661243071355,183.0732248614271,22.919167371714188,358.38334743428373
06019000501,15.492309592628827,209.8461918525765,25.184370633098485,403.6874126619698
06099000202,10.98114790704855,119.62295814097094,17.340447044483387,246.80894088966767
06099002100,10.816213088255479,116.32426176510955,19.70104056010395,294.020811202079
06099000303,11.534082107030128,130.6816421406026,18.017782187419,260.35564374838
06099000905,10.747783198474522,114.95566396949042,18.614066208997937,272.28132417995874
06099002901,11.363477591013162,127.26955182026323,16.3455297529639,226.9105950592779
06099000506,11.202439876695088,124.04879753390172,19.30565376274578,286.1130752549156
06099001002,10.674603174603174,113.4920634920635,19.0602939188207,281.20587837641403
06099000602,10.598708764654807,111.97417529309615,17.948300015267396,258.96600030534796
06099000201,10.996696179100002,119.93392358200003,17.28373353796934,245.6746707593868
06099001601,10.70334520900771,114.06690418015418,18.103953428827293,262.07906857654586
06099002004,10.958075909543904,119.16151819087803,19.86575686367193,297.3151372734386
06099002503,10.992063492063492,119.84126984126982,19.92063492063492,298.4126984126984
06099002402,10.89593883334394,117.9187766668788,18.616553423932075,272.3310684786415
06099002604,10.939096821007748,118.78193642015492,19.50388332674972,290.0776665349943
06013346101,12.133815344862928,142.67630689725854,19.86324049250984,297.2648098501967
06013337100,13.214145349683045,164.28290699366087,20.872755195896627,317.4551039179326
06013350000,10.046099570362863,100.92199140725722,11.769537370336845,135.3907474067369
06013320001,10.314037733139005,106.28075466278003,13.652689001586149,173.05378003172297
06013345101,11.001312013248342,120.02624026496684,13.682916496012073,173.65832992024144
06013303204,11.306595414023809,126.13190828047614,17.157322320974117,243.14644641948232
06013385100,5.327663833408104,6.553276668162067,5.3759626754465515,7.519253508931008
06085511800,11.119380597085552,122.38761194171101,15.105515005787682,202.1103001157537
06085510001,12.131734015383099,142.63468030766197,12.970747013288992,159.41494026577985
06085509902,11.67015715524873,133.40314310497456,12.34179949818931,146.83598996378618
06085509102,9.610960786753552,92.21921573507099,10.073032614613677,101.46065229227348
06085508505,9.920634920634921,98.4126984126984,12.380952380952381,147.61904761904762
06085508403,10.912698412698413,118.25396825396822,12.85714285714286,157.14285714285717
06085507805,13.333333333333334,166.6666666666666,16.185880107833874,223.7176021566775
06085504805,8.477623579823614,69.55247159647227,9.048105573288575,80.9621114657715
06085503210,11.154131096980972,123.08262193961943,11.392226335076211,127.84452670152422
06085505303,9.365079365079366,87.30158730158729,9.920634920634921,98.4126984126984
06085505302,9.365079365079366,87.30158730158729,11.077278450612566,121.54556901225128
06085506601,12.222222222222221,144.44444444444443,16.38888888888889,227.77777777777777
06085512305,11.942962990714056,138.8592598142811,13.021539504405478,160.43079008810957
06085511907,13.051234718817232,161.0246943763446,16.186203477615194,223.72406955230383
06085503510,11.036971684986206,120.73943369972406,12.153592086980288,143.07184173960573
06085512001,11.99091947544157,139.8183895088314,14.962943491400235,199.25886982800466
06085511912,12.779736884431621,155.5947376886324,17.730258811479874,254.60517622959753
06085511916,13.055555555555557,161.11111111111114,16.626984126984127,232.53968253968253
06085506703,12.780603979852327,155.61207959704655,16.122454489622257,222.44908979244516
06085506305,12.058886525332454,141.17773050664908,15.67272467944914,213.45449358898276
06085507302,13.226715299297643,164.53430598595284,15.3097932933274,206.19586586654802
06085506202,12.25769039086201,145.1538078172402,16.439963051730185,228.7992610346037
06085504201,11.513719319275227,130.27438638550453,13.950425816436267,179.00851632872534
06085504102,11.251469626629781,125.0293925325956,12.58230433262464,151.64608665249278
06085503711,10.498269124776758,109.96538249553514,12.094928663184788,141.89857326369577
06085503324,11.031746031746032,120.6349206349206,12.380952380952381,147.61904761904762
06003010000,11.392083040618218,127.84166081236435,14.938657898373219,198.77315796746439
06081606700,11.745306718491534,134.9061343698307,13.650960964841392,173.01921929682777
06081609603,13.148248625028987,162.96497250057973,14.191107146910955,183.8221429382191
06081613400,13.321180641716737,166.4236128343347,15.752795359373465,215.05590718746924
06081611400,12.752431100761509,155.0486220152301,15.0755272996554,201.51054599310794
06081611800,5.6856635264112185,13.713270528224365,3.946746426453066,-21.065071470938683
06081608300,8.05365220157343,61.07304403146856,7.7752643923886815,55.50528784777362
06081610000,12.936507936507939,158.73015873015873,13.531746031746032,170.6349206349206
06087121100,9.925209025792363,98.50418051584722,11.458927015567987,129.1785403113597
06081609500,12.120016043412832,142.40032086825664,12.439869272372473,148.79738544744941
06081606600,11.617993641334872,132.35987282669743,13.6803409057237,173.60681811447392
06081607100,11.307514625729079,126.15029251458157,12.321228068966597,146.42456137933198
06081607200,10.929026124107779,118.58052248215554,13.325195313105976,166.5039062621195
06081607300,11.077507720627562,121.5501544125512,13.60374951937779,172.07499038755572
06081607900,9.735013749777366,94.70027499554729,11.571116553745421,131.4223310749084
06081608400,10.34208509555016,106.84170191100317,12.931801583568891,158.6360316713778
06081608501,10.668194077189064,113.36388154378126,13.724111027308359,174.48222054616718
06081613600,7.570700440398137,51.41400880796272,7.051320272187412,41.02640544374823
06087120600,12.026469245969366,140.5293849193873,13.729134554180268,174.58269108360534
06087100900,7.678381898268693,53.56763796537384,6.162595443890078,23.251908877801547
06087121403,6.831211017521873,36.62422035043745,4.337919700743084,-13.241605985138335
06087100200,7.665053289505653,53.30106579011306,6.133887671169687,22.677753423393728
06087100500,10.161480873785564,103.22961747571127,10.228161702659476,104.56323405318952
06087101100,9.295403216566942,85.90806433133885,8.618713965189732,72.37427930379462
06087122300,6.276640125118922,25.532802502378427,3.5982945855182935,-28.03410828963413
06081613502,7.92038181142459,58.40763622849176,7.5574877856142555,51.14975571228507
06081603100,6.396862317756597,27.937246355131904,5.151165234295864,3.0233046859172825
06081603200,7.088705110482354,41.774102209647026,6.169539348173389,23.390786963467775
06081605000,9.684565377280197,93.69130754560392,11.086586852992287,121.73173705984568
06081601603,4.860262760521929,-2.7947447895614426,3.667854687456561,-26.64290625086878
06081602500,5.158730158730159,3.1746031746031917,4.246031746031745,-15.07936507936509
06115040901,9.81006424313368,96.20128486267357,12.115297484678061,142.30594969356125
06069000200,12.704104396782549,154.08208793565097,16.652742798320027,233.05485596640048
06047000702,11.355407906325222,127.10815812650446,15.823455657538611,216.46911315077222
06047000801,11.798793957759424,135.9758791551885,16.617495693784946,232.34991387569895
06047001601,12.680515253942744,153.6103050788549,18.97645920706955,279.52918414139094
06047001901,12.56084818112961,151.21696362259217,18.235929306602976,264.71858613205956
06053011700,8.680927252602647,73.61854505205294,9.226420442063805,84.5284088412761
06053014700,6.42355316775156,28.47106335503122,5.3813005878256,7.626011756511995
06053010501,8.859268572258127,77.18537144516253,10.157140592228606,103.14281184457211
06053012700,6.091402724277603,21.828054485552048,4.988886314301967,-0.22227371396066742
06053013100,10.568049959991777,111.36099919983553,13.343768722157087,166.87537444314168
06053012401,5.688379301052651,13.767586021052999,4.227961607455711,-15.440767850885782
06021010300,10.934616778564513,118.69233557129023,14.824879402311343,196.49758804622684
06027000300,20.936293457203174,318.7258691440635,38.04957550235015,660.991510047003
06011000500,10.156278267580866,103.12556535161731,11.603971526243269,132.07943052486536
06023000400,7.291858472450228,45.837169449004556,7.799435041805767,55.988700836115356
06023000200,7.199959822059373,43.99919644118742,7.3274275020356034,46.548550040712044
06079011901,8.882716861037064,77.65433722074121,7.715886753103426,54.3177350620685
06079012502,21.15196099204233,323.03921984084656,27.939969268638343,458.7993853727668
06079010504,8.780892018735635,75.61784037471266,8.19987428981648,63.99748579632955
06079011001,14.117912723245595,182.35825446491188,15.978546358575391,219.5709271715078
06079010205,20.891503437494794,317.8300687498958,29.00472636100338,480.0945272200677
06007000700,10.373509484996335,107.4701896999267,12.73851702928628,154.77034058572562
06007003400,9.711257964782275,94.22515929564547,13.596549827541882,171.93099655083756
06007002800,9.227123629612372,84.54247259224744,11.603817088211589,132.07634176423176
06007001900,9.975789604743385,99.51579209486772,10.348390428106926,106.96780856213856
06007002200,10.419598765150896,108.39197530301789,12.220274036668052,144.40548073336103
06075042800,4.206349206349206,-15.873015873015888,3.373015873015873,-32.539682539682545
06075016200,5.357142857142858,7.142857142857139,4.761904761904762,-4.761904761904773
06075060502,5.476190476190476,9.523809523809518,3.5317460317460316,-29.365079365079367
06075010500,5.1190476190476195,2.380952380952394,3.6111111111111116,-27.777777777777786
06075012700,4.285714285714285,-14.285714285714306,3.0555555555555554,-38.88888888888889
06075013200,4.637689857744482,-7.246202845110366,3.711510030702739,-25.769799385945216
06075016700,5.169493653897438,3.3898730779487276,4.324056620998782,-13.518867580024384
06075021000,5.489953323420096,9.79906646840191,4.67336445105327,-6.53271097893462
06075021800,5.833333333333333,16.666666666666657,4.444444444444445,-11.111111111111114
06075022902,5.487171466454505,9.743429329090102,4.675219022363663,-6.4956195527267475
06075025300,5.833333333333333,16.666666666666657,4.444444444444445,-11.111111111111114
06075026100,5.218690744005608,4.373814880112138,3.79045532146416,-24.190893570716817
06075033201,4.484126984126984,-10.31746031746033,3.5317460317460316,-29.365079365079367
06035040500,11.999098381514589,139.98196763029176,14.235577602842493,184.71155205684985
06075030500,5.155345936012033,3.106918720240643,3.999183217667807,-20.01633564664386
06075030600,5.436507936507937,8.73015873015872,4.1269841269841265,-17.46031746031747
06075030700,5.436507936507937,8.73015873015872,4.1269841269841265,-17.46031746031747
06041102100,12.502098396729476,150.0419679345895,14.165417857445526,183.30835714891043
06041103200,11.966058678161335,139.3211735632267,13.791847826065567,175.8369565213113
06041104200,12.657113407885957,153.14226815771912,14.16952071758124,183.39041435162477
06041119100,11.35753436654793,127.15068733095855,13.224513015780822,164.49026031561647
06041114200,13.147844163597894,162.95688327195782,14.490700694978713,189.81401389957415
06041114100,12.658222260787376,153.1644452157475,13.211650416810393,164.23300833620783
06041115000,12.953852175516907,159.07704351033811,14.453059842138023,189.0611968427604
06041129000,7.715550027586255,54.31100055172509,6.919932731631672,38.398654632633445
06041118100,11.579450722356432,131.58901444712862,13.219896506579994,164.39793013159985
06041108100,12.6717703741168,153.435407482336,14.414779429279822,188.2955885855964
06041123000,5.469781569455403,9.395631389108035,5.394359868897799,7.887197377955971
06041132100,10.296546740873492,105.93093481746979,9.978941402241032,99.5788280448206
06101050302,8.896153257438105,77.92306514876209,12.130989180361674,142.6197836072335
06075035300,4.4770340404130256,-10.459319191739512,3.508102886032835,-29.83794227934331
06065046200,35.567023011197406,611.3404602239481,53.53479472015378,970.6958944030755
06065031100,22.738095238095237,354.76190476190476,35.714285714285715,614.2857142857142
06065042206,24.382141357283107,387.6428271456621,38.112738624263436,662.2547724852689
06065042719,26.896665246047593,437.9333049209517,43.17658660649421,763.5317321298842
06065043001,22.281236716605182,345.62473433210357,34.76272557928317,595.2545115856635
06065043503,25.013378013186315,400.2675602637264,39.99745811729798,699.9491623459596
06065043505,24.00793650793651,380.1587301587301,36.86507936507937,637.3015873015873
06065043401,25.239838739768924,404.7967747953785,39.90475284167583,698.0950568335167
06065041906,20.688763254643025,313.77526509286054,27.758708805148654,455.1741761029729
06065041702,20.31746031746032,306.34920634920644,27.73809523809524,454.7619047619047
06065042412,22.99537117401351,359.9074234802701,35.09286590367441,601.8573180734882
06065044300,22.005095216770073,340.10190433540146,33.56561644659466,571.3123289318933
06065041909,23.513847832855234,370.2769566571046,35.14123751245677,602.8247502491354
06065043006,21.337225065327225,326.7445013065445,32.34514220700091,546.9028441400181
06065031300,24.603379084668738,392.0675816933747,38.68376044188508,673.6752088377017
06065030900,22.77777777777778,355.55555555555554,35.72220425313516,614.4440850627032
06065030700,22.505188915009633,350.1037783001927,34.25862119500069,585.1724239000138
06065030603,24.363989000617167,387.2797800123433,38.37798400607696,667.559680121539
06065042517,24.960317460317462,399.2063492063492,37.976190476190474,659.5238095238095
06065042511,25.41885589612848,408.3771179225696,38.82984807752885,676.596961550577
06065042521,24.885002470392262,397.7000494078453,38.39042292077908,667.8084584155814
06065042510,25.335172772455323,406.7034554491065,39.59556401557066,691.9112803114131
06065044916,26.50793650793651,430.1587301587301,42.34126984126984,746.8253968253969
06065044806,17.829781250474603,256.595625009492,28.063909727651307,461.27819455302614
06065040901,22.021969709744635,340.43939419489266,31.307228561131534,526.1445712226307
06065041406,23.649054557478653,372.9810911495731,34.59045334316625,591.809066863325
06065040502,19.542706880836356,290.854137616727,26.914700811666332,438.2940162333265
06065044702,29.603174603174605,492.06349206349205,49.72222222222222,894.4444444444445
06065045209,38.672951446711664,673.4590289342333,60.022157795918005,1100.44315591836
06065044604,36.66666666666667,633.3333333333334,57.06349206349206,1041.2698412698412
06065040202,21.355865727394512,327.11731454789026,31.268618885982214,525.3723777196443
06065040503,19.46441922874372,289.28838457487427,27.566846999387238,451.3369399877447
06055200900,9.815018375915418,96.30036751830835,11.185257346924303,123.70514693848608
06055201300,10.215973694307221,104.31947388614442,12.527328723974453,150.54657447948904
06097150800,12.782156872360767,155.64313744721537,15.256926852805787,205.13853705611572
06097151309,11.073023253923001,121.46046507845999,11.524950140980277,130.49900281960547
06097151311,10.113969156243959,102.27938312487919,9.851006694545275,97.02013389090548
06097152501,9.21116424253635,84.22328485072703,8.660327158815479,73.20654317630958
06097153104,9.777966740897915,95.55933481795824,9.386337858321651,87.726757166433
06097153403,9.512725595690343,90.25451191380684,8.780857127958871,75.61714255917741
06113010602,9.246255605143192,84.92511210286384,14.563675220946884,191.27350441893765
06113011101,11.468253968253968,129.36507936507934,13.492063492063492,169.84126984126982
06113010510,10.103092525451396,102.06185050902795,14.350219322492038,187.0043864498407
06097153404,9.489624868951577,89.79249737903154,8.70553419319404,74.11068386388077
06097150203,9.66445227979878,93.2890455959756,11.548621790081143,130.97243580162285
06097153902,9.480626304377031,89.6125260875406,9.284876092070547,85.69752184141095
06017030402,12.070568200983363,141.41136401966725,14.84783324311608,196.9566648623216
06017031302,8.605775363644474,72.11550727288943,11.196819237231304,123.93638474462605
06017031406,8.627104459201142,72.54208918402287,11.100620675718277,122.01241351436553
06017030901,10.265639343328784,105.31278686657568,11.714163534584602,134.28327069169205
06095252707,10.459452783161034,109.18905566322069,15.335896494964913,206.71792989929827
06095252704,10.537245285674558,110.74490571349119,15.5464312854362,210.92862570872393
06061020714,10.03968253968254,100.79365079365076,11.550001881906026,131.00003763812052
06061020401,10.753968253968255,115.07936507936506,11.468253968253968,129.36507936507934
06061022002,10.038851145094164,100.7770229018833,10.190353267838585,103.80706535677172
06095253203,11.669506178070236,133.39012356140472,15.039682539682538,200.79365079365073
06095250106,9.173519827161945,83.47039654323888,11.010195352372389,120.20390704744779
06095251701,8.293426040152132,65.8685208030427,10.277366305987925,105.54732611975852
06095252000,6.9791183224808755,39.58236644961752,8.409507310757053,68.19014621514103
06095251400,8.697949069838778,73.95898139677554,10.81710633324609,116.34212666492178
06095253106,11.532489276423991,130.6497855284798,15.078830606059618,201.57661212119228
06061020501,11.028568549238042,120.57137098476082,11.050009127443495,121.00018254886986
06061020106,15.132561553252165,202.65123106504333,21.10369588859438,322.0739177718876
06061021103,11.397882173493302,127.95764346986601,12.350977461915463,147.01954923830925
06089012301,9.648843659461642,92.97687318923282,10.207832287881338,104.15664575762673
06089011802,9.997026062387134,99.94052124774267,8.208534242971448,64.17068485942897
06031001200,16.250143355633675,225.00286711267347,32.265421055497946,545.3084211099589
06031000200,15.783014624768768,215.66029249537533,30.727137496840758,514.5427499368151
06083001102,9.244975349508437,84.8995069901687,7.5285227061294115,50.57045412258821
06083002707,13.099340113617874,161.98680227235744,19.96784631173125,299.35692623462495
06083001500,14.447872479727078,188.95744959454154,13.695086249385389,173.90172498770775
06083003005,10.802090938009988,116.04181876019973,10.176648187275525,103.5329637455105
06083000600,12.011502943570958,140.23005887141915,9.882037613204023,97.64075226408045
06083002206,14.285714285714285,185.71428571428567,15.674603174603174,213.4920634920635
06083001905,17.30897706242248,246.1795412484496,24.13176015172957,382.63520303459137
06045010700,11.424436092230833,128.48872184461666,12.746590189014167,154.93180378028336
06073015100,23.980812746393326,379.61625492786646,33.60413079158449,572.0826158316897
06073003213,22.95620612599017,359.12412251980345,27.688548685482033,453.7709737096406
06073002708,24.353138148935244,387.0627629787048,33.23588304851169,564.7176609702339
06073002705,23.333333333333332,366.66666666666663,28.769841269841272,475.3968253968254
06073003112,22.429957655682337,348.5991531136467,25.35357190437845,407.07143808756905
06073006100,15.436507936507937,208.73015873015873,16.19047619047619,223.8095238095238
06073013909,23.769841269841272,375.3968253968254,31.30952380952381,526.1904761904761
06073013412,18.255565564079305,265.1113112815861,21.64291407693753,332.8582815387506
06073007002,9.246031746031747,84.92063492063494,6.7063492063492065,34.12698412698413
06073021204,22.620904505818462,352.4180901163691,32.853408718491664,557.0681743698332
06073000700,20.342829158147175,306.85658316294354,23.80106895160162,376.02137903203237
06073003404,21.548970548243922,330.9794109648785,23.853754763472697,377.07509526945387
06073012102,19.404761904761905,288.0952380952381,21.825396825396826,336.50793650793645
06073012900,12.472419206408432,149.44838412816864,10.926801313147706,118.5360262629541
06073010013,17.380952380952383,247.61904761904765,19.047619047619047,280.9523809523809
06073003105,23.958633749558754,379.17267499117503,28.49745612228038,469.9491224456075
06073013903,23.985172579213305,379.703451584266,30.577397357658903,511.54794715317803
06073017303,6.995554988689283,39.911099773785644,5.102280315061043,2.045606301220854
06073017048,22.729251746695553,354.585034933911,31.68259538275133,533.6519076550265
06073017037,20.48267923306043,309.6535846612086,25.202684174483267,404.05368348966533
06073017034,19.906188083081105,298.12376166162215,23.7932752678704,375.8655053574079
06073017020,21.13694530314811,322.7389060629622,27.63978763807483,452.79575276149643
06073016804,23.48010574704126,369.6021149408252,33.96064540766158,579.2129081532315
06073016608,24.877748589056047,397.55497178112097,37.34453904758384,646.8907809516766
06073016502,25.630555710357108,412.6111142071421,37.20994918492818,644.1989836985637
06073009805,23.633548046990445,372.6709609398088,34.52415664372813,590.4831328745627
06073009504,25.413295781176046,408.265915623521,37.900432582655625,658.0086516531127
06073008357,19.7257922297489,294.515844594978,24.33660498856198,386.73209977123946
06073008353,19.708085158949352,294.161703178987,24.172868236024918,383.4573647204983
06073008331,13.65502748016288,173.10054960325758,11.240622068020535,124.8124413604107
06073008327,12.26634175986998,145.3268351973996,9.08928429134989,81.78568582699778
06073008306,14.151947712766486,183.03895425532974,13.968146709233238,179.36293418466477
06073008301,14.528703366581489,190.57406733162983,15.514537473650549,210.290749473011
06057000105,10.915170018343604,118.30340036687204,11.659656881920192,133.1931376384038
06057000802,10.74615269781172,114.92305395623438,11.094945459360435,121.89890918720869
06103000900,8.96117220736208,79.2234441472416,10.965491080131041,119.30982160262077
06109001200,10.482786466943674,109.65572933887347,14.93681196445019,198.73623928900378
06107000302,15.38397691758959,207.6795383517918,28.2486854895934,464.9737097918679
06107002003,14.897531180218264,197.95062360436526,32.66735902789414,553.3471805578828
06107002601,14.673715890357416,193.47431780714828,26.7305971702446,434.6119434048919
06107003902,14.75997957372198,195.19959147443953,21.685009820028856,333.700196400577
06107003700,15.533872560556883,210.6774512111377,26.595700957399252,431.91401914798496
06107000701,14.214616129350421,184.29232258700847,25.914875122388516,418.2975024477704
06107001005,16.150793650793652,223.015873015873,33.650793650793645,573.0158730158729
06073020708,22.082431636635725,341.6486327327144,29.205454811351316,484.1090962270263
06073020706,22.680991615450736,353.61983230901467,29.640274042698948,492.80548085397885
06073020401,20.803844352917736,316.0768870583547,27.27796019297267,445.5592038594534
06073020304,21.942986404268307,338.85972808536616,27.147153901849727,442.94307803699445
06073020015,15.344158638758547,206.88317277517098,14.030209701665132,180.60419403330263
06073019805,14.48993995455515,189.79879909110292,13.682788986480436,173.65577972960864
06073019803,12.616917215215501,152.33834430431,11.020205506919982,120.40411013839963
06073019602,20.270161500741768,305.4032300148353,27.298809065585342,445.97618131170685
06073019208,22.28772980809665,345.75459616193285,30.853096445428598,517.0619289085719
06073019206,19.636851797493517,292.73703594987035,25.58541768501132,411.7083537002264
06073019107,19.721395075874597,294.4279015174919,26.110303186552954,422.206063731059
06073019002,22.43931485871153,348.78629717423064,32.5310215414602,550.620430829204
06073019001,21.215257531071632,324.3051506214327,30.26663159969586,505.3326319939173
06073018803,22.314037624372176,346.2807524874435,32.230797026307954,544.615940526159
06073018608,16.62477614937235,232.49552298744703,19.03016960290459,280.6033920580918
06073018601,10.232241218713614,104.64482437427226,8.022281025650228,60.445620513004556
06073018510,11.585053542708764,131.70107085417527,10.798872403888343,115.97744807776684
06073017811,8.641366506080841,72.8273301216168,6.448638233854561,28.97276467709123
06073017601,9.176873522165279,83.53747044330554,7.037862187093273,40.75724374186542
06073011902,20.939285102034095,318.7857020406818,23.20931259519091,364.1862519038181
06073003208,21.15743468367111,323.14869367342226,25.467705444558547,409.3541088911709
06073013301,15.98978964019954,219.79579280399076,18.960887732731216,279.2177546546243
06073003113,22.278906392959165,345.5781278591832,25.01736102928494,400.3472205856988
06073002904,24.061733646991318,381.2346729398263,33.699334243314496,573.98668486629
06073013604,24.287312594040834,385.7462518808166,36.55926724568418,631.1853449136835
06073015501,23.72967804606045,374.593560921209,33.802886332484945,576.0577266496988
06073011700,18.208295342604348,264.16590685208695,19.404638897310605,288.0927779462121
06073000600,22.572459929964097,351.4491985992819,27.888336707972712,457.76673415945413
06073010900,5.8029702380512065,16.059404761024126,5.973021731915378,19.460434638307554
06073013414,20.13002661283401,302.6005322566802,22.878765365951367,357.5753073190274
06073001900,25.17928579532971,403.58571590659426,34.0978314576295,581.95662915259
06073016202,24.919672707839617,398.3934541567923,36.82045183124873,636.4090366249746
06073015701,25.797501579814245,415.9500315962848,35.61681977970811,612.3363955941622
06073003502,21.26984126984127,325.3968253968254,23.571428571428573,371.42857142857144
06073002707,24.40206352227344,388.04127044546874,33.45014244209619,569.0028488419239
06073010107,11.587301587301587,131.74603174603172,9.246031746031747,84.92063492063494
06073008511,23.526211838727626,370.5242367745525,30.413257154513612,508.26514309027226
06073008504,19.470400157451785,289.4080031490356,23.708096032025793,374.1619206405158
06073009103,16.87917771646446,237.58355432928929,20.422933085505797,308.45866171011585
06073008507,21.547619047619047,330.9523809523809,26.944444444444443,438.8888888888888
06073008505,20.47765000829435,309.553000165887,25.3396004123384,406.79200824676786
06073008509,21.810755153874283,336.2151030774856,27.08127521969716,441.62550439394323
06073008901,19.90783411443997,298.1566822887994,23.493473457053298,369.8694691410659
06029000909,18.780154330293,275.6030866058601,32.62746524015118,552.5493048030237
06029001600,18.817957224863374,276.35914449726744,29.807225612784677,496.1445122556934
06029000504,19.294089547266264,285.8817909453252,34.75491503808585,595.0983007617168
06029002804,19.49995335816936,289.9990671633872,32.246909375374734,544.9381875074947
06029003806,19.52860370750417,290.57207415008344,35.6798939918144,613.597879836288
06029004601,16.15893280049567,223.17865600991342,27.04089028994403,440.81780579888056
06033000300,10.087640903018558,101.75281806037114,10.628114655963124,112.56229311926238
06029005104,16.981170441310955,239.62340882621913,30.956609658497847,519.132193169957
06029000300,18.128233103347554,262.5646620669511,32.01712199223645,540.3424398447289
06029005900,24.49212166145407,389.8424332290814,44.38986525715827,787.7973051431653
06029005508,25.79255620629551,415.85112412591025,46.751070882728555,835.021417654571
06029003600,17.96075556218269,259.2151112436538,32.37654349171455,547.530869834291
06067009107,9.14903777782367,82.98075555647338,12.84881713448257,156.9763426896514
06067007702,9.153165677365203,83.06331354730405,12.015058920520294,140.3011784104059
06067009004,9.079263483805008,81.58526967610013,12.42038093173474,148.40761863469478
06067008905,9.896208722231384,97.92417444462765,12.103147849246048,142.06295698492093
06067009103,9.58067465807606,91.6134931615212,13.746889417425217,174.93778834850434
06067003202,9.755378322010477,95.10756644020955,14.113931247195557,182.27862494391115
06067004402,9.582579097802222,91.65158195604442,13.465772695869049,169.31545391738095
06067007001,9.736860557790056,94.73721115580113,12.694672478214233,153.89344956428462
06067008504,10.293921153769855,105.87842307539712,11.790632452907236,135.8126490581447
06029000903,19.415287943230705,288.3057588646141,33.94315939226847,578.8631878453693
06029001901,19.27175295281649,285.4350590563298,30.478493042241322,509.5698608448264
06067006003,9.266143968482464,85.32287936964923,11.3891211339827,127.78242267965399
06067006102,9.007936507936508,80.15873015873015,11.19047619047619,123.80952380952377
06067007903,9.532443485771951,90.64886971543905,11.047305555561328,120.94611111122653
06067008134,9.500919005565905,90.01838011131808,11.223290365815588,124.46580731631174
06067008005,10.225247334011508,104.50494668023018,11.63395265029503,132.67905300590053
06067007424,9.460689239359915,89.2137847871983,11.30773423745368,126.15468474907358
06067008133,9.404761904761905,88.0952380952381,11.230158730158731,124.60317460317461
06067005404,9.025803217893234,80.51606435786469,12.742999687740568,154.85999375481134
06067008141,10.069925504540949,101.39851009081903,11.221897417962776,124.4379483592555
06067009800,6.908157322585032,38.16314645170063,9.159932388388693,83.19864776777388
06067009503,9.786086287945933,95.72172575891861,13.81882151603432,176.3764303206864
06067002100,9.598937104174734,91.97874208349467,13.16420066070891,163.28401321417817
06067002700,9.424637925059315,88.49275850118627,12.996066496487888,159.92132992975772
06067003300,9.657704743874504,93.15409487749008,13.355906854766719,167.1181370953344
06067008010,9.913162073808497,98.26324147616994,11.480841210055585,129.61682420111168
06067007423,9.523809523809524,90.47619047619045,11.38888888888889,127.77777777777777
06067008203,10.436506303750184,108.73012607500368,11.412694494079805,128.25388988159608
06067000200,9.251790331332531,85.0358066266506,12.67024732933173,153.40494658663457
06067009616,10.119593865542617,102.3918773108523,14.95840559758497,199.16811195169933
06067009612,10.114596040001642,102.29192080003281,14.960762618222057,199.21525236444108
06067005506,9.011177116947648,80.22354233895294,12.22705998896923,144.54119977938458
06067009316,9.444817760245778,88.89635520491555,13.571988545130571,171.4397709026114
06067006400,9.126984126984128,82.53968253968254,11.50704619537445,130.140923907489
06067004100,9.518010546284156,90.36021092568312,14.050816021929258,181.0163204385851
06067004202,10.03968253968254,100.79365079365076,14.603174603174605,192.06349206349205
06067005201,9.018233973673386,80.36467947346769,13.231612202111624,164.63224404223246
06067006600,9.497368576247496,89.94737152494986,12.510960699947033,150.21921399894066
06067007007,9.785252563923642,95.70505127847282,12.847278619317262,156.9455723863452
06067009609,9.853870066376327,97.07740132752656,14.017474344259163,180.34948688518324
06029000904,19.484126984126984,289.6825396825397,33.57142857142857,571.4285714285713
06069000801,14.407041072152275,188.14082144304544,19.453664294556297,289.07328589112586
06037109100,17.959598068060572,259.19196136121144,19.864623861767797,297.2924772353559
06037502100,19.117103705179304,282.3420741035861,19.023967678104135,280.4793535620827
06037700600,13.196440238129455,163.92880476258907,11.280057000931025,125.60114001862046
06037602404,10.519764380666047,110.3952876133209,7.7304966071878845,54.609932143757675
06037503301,19.28571428571429,285.7142857142857,21.071428571428573,321.42857142857144
06037501504,19.14802879610983,282.9605759221966,19.033885879840327,280.6777175968065
06037502500,18.645780870193164,272.9156174038632,22.00208846124307,340.04176922486135
06037275200,8.174603174603174,63.492063492063494,6.904761904761905,38.0952380952381
06037408625,18.651309464128197,273.0261892825639,21.7032584542334,334.065169084668
06037403316,19.700618455167643,294.0123691033528,24.081237403644742,381.6247480728948
06037503302,19.356856555506646,287.1371311101328,21.26107962341381,325.2215924682762
06037181600,16.148757522602942,222.97515045205884,15.504425284809349,210.08850569618696
06059086901,18.80952380952381,276.1904761904762,21.46825396825397,329.36507936507934
06059099504,8.875573826211184,77.51147652422368,7.050849723958903,41.016994479178074
06059088302,18.702878784974647,274.057575699493,21.223420953677405,324.46841907354803
06059011712,18.695763106315407,273.9152621263081,23.214263141623363,364.2852628324672
06059011714,18.13971516349906,262.7943032699811,23.92533588584897,378.50671771697944
06059021915,17.88084125038639,257.6168250077277,21.13273425810825,322.6546851621649
06059099511,7.817460317460317,56.349206349206355,6.111111111111111,22.222222222222214
06059099411,13.188268404130238,163.76536808260474,12.547257048735112,150.9451409747022
06059099407,11.438684713692261,128.77369427384525,10.30001091548988,106.0002183097976
06059021921,17.381767217271005,247.63534434542004,20.620275859349583,312.4055171869916
06059075814,17.94316423877127,258.86328477542537,19.386835189151604,287.7367037830321
06059074805,17.190810921756032,243.81621843512062,19.77750328836447,295.5500657672893
06037241300,15.402350060389491,208.04700120778975,13.968388975947477,179.3677795189495
06037502401,18.6331745177918,272.663490355836,21.907860104440807,338.1572020888162
06037503701,19.94304780971763,298.8609561943525,22.565587015582288,351.3117403116456
06037125600,17.561491115816125,251.22982231632255,18.834008620435252,276.68017240870506
06037240200,16.547619047619047,230.9523809523809,15.277777777777777,205.5555555555555
06037238320,15.377260521941757,207.54521043883508,13.503363238847694,170.06726477695386
06037433402,17.993584785462453,259.871695709249,21.30944899203053,326.18897984061056
06037433403,17.77162317278482,255.4324634556964,20.436065660698283,308.7213132139657
06037599000,25.674603174603178,413.4920634920635,34.801587301587304,596.031746031746
06037433901,18.00244305313709,260.04886106274176,19.91147502353403,298.22950047068065
06037481712,16.507936507936506,230.15873015873012,17.53968253968254,250.79365079365078
06037535101,17.091346931335867,241.82693862671726,17.865922504269825,257.3184500853964
06037533401,17.14250945303307,242.85018906066145,20.53662539370565,310.732507874113
06037481201,16.317705457300754,226.3541091460151,18.231874709041787,264.6374941808357
06059099402,12.127330951844964,142.54661903689922,11.021093682913694,120.4218736582739
06059099307,4.267766135755435,-14.644677284891298,3.5393786695108678,-29.212426609782646
06059099244,7.619047619047619,52.38095238095235,5.992063492063492,19.841269841269835
06059099240,6.274902147971893,25.49804295943786,4.809041986500788,-3.8191602699842426
06059099239,5.34827333601338,6.965466720267587,4.184453936291525,-16.31092127416951
06059099234,14.014991208097161,180.29982416194318,12.632638238926123,152.65276477852248
06059099230,14.047490419156068,180.94980838312134,12.428710479232919,148.57420958465838
06059099227,16.626185367464267,232.5237073492853,16.547086541272474,230.9417308254495
06059099224,14.963221781759184,199.26443563518364,14.672246160995321,193.44492321990634
06059099204,15.436507936507937,208.73015873015873,15.357142857142856,207.14285714285705
06059063202,10.463216420247317,109.26432840494633,8.265534087901916,65.31068175803833
06059063010,9.885747206204938,97.71494412409874,8.339207172488623,66.78414344977244
06059063007,11.78702468238605,135.74049364772102,10.949361533119449,118.98723066238894
06037536102,18.536729749992574,270.7345949998514,20.509581158001907,310.19162316003815
06037535802,18.14632593741129,262.9265187482259,22.083769854338165,341.6753970867632
06037239310,16.825396825396822,236.50793650793645,16.626984126984127,232.53968253968253
06037535501,17.540688321544888,250.81376643089777,20.003951285887798,300.07902571775594
06037535804,18.095238095238095,261.90476190476187,22.18253968253968,343.65079365079356
06037534202,18.43181137580521,268.6362275161041,20.38535761896132,307.7071523792264
06037534405,18.380515544101232,267.61031088202463,20.486755330982824,309.73510661965645
06037533105,17.07482276731398,241.49645534627962,20.20703610780823,304.14072215616454
06037235100,13.39686808081846,167.9373616163692,11.848716638475048,136.97433276950093
06037232200,16.02117914522538,220.4235829045076,17.46571433403797,249.31428668075938
06037540901,16.597347554254505,231.9469510850901,17.118836914318884,242.37673828637756
06037534203,18.650238483274045,273.0047696654809,20.254301354480013,305.0860270896003
06037229420,16.825396825396822,236.50793650793645,16.626984126984127,232.53968253968253
06037702600,10.246184499853587,104.9236899970717,8.097545294516621,61.95090589033243
06059062610,14.063727658892933,181.2745531778587,14.086610587834562,181.7322117566912
06059052523,16.626984126984127,232.53968253968253,20.07936507936508,301.5873015873015
06059052513,17.304272749352172,246.0854549870434,21.128360554561027,322.56721109122054
06059062634,20.765089348739817,315.3017869747964,27.681201029794572,453.62402059589135
06059063903,14.769363520160976,195.3872704032195,14.335145871906002,186.70291743811998
06059063702,10.079365079365079,101.58730158730154,7.619047619047619,52.38095238095235
06059063302,10.173454642507537,103.46909285015073,7.777514251708602,55.55028503417202
06059042317,15.035664289238062,200.71328578476124,15.730387270909281,214.60774541818554
06059042312,17.70189544158057,254.03790883161142,22.67684310098619,353.5368620197238
06059075702,17.656192361167108,253.12384722334218,20.788870755879124,315.77741511758245
06059075606,16.410510344747735,228.2102068949546,19.686361517907272,293.72723035814545
06037702802,9.641337026181224,92.82674052362447,7.6579495582749555,53.15899116549909
06037543601,16.07456766016579,221.49135320331584,18.56503612875511,271.3007225751022
06037532900,16.932241506853945,238.64483013707888,16.926149235064067,238.5229847012813
06037601100,11.547619047619047,130.95238095238093,8.611111111111112,72.22222222222223
06037601002,11.547619047619047,130.95238095238093,8.611111111111112,72.22222222222223
06037572700,16.06574580287322,221.3149160574644,15.218399228561363,204.36798457122723
06037575402,16.071428571428573,221.42857142857144,15.158730158730158,203.17460317460313
06037296210,13.19346978154356,163.86939563087122,13.804307273904634,176.08614547809267
06037575801,13.622787829696883,172.45575659393762,12.869092062565462,157.38184125130925
06037575803,13.581665541789466,171.63331083578927,12.83064005309359,156.61280106187183
06037575103,16.212199281889465,224.2439856377893,17.066769137099776,241.3353827419955
06037576403,13.482953921503395,169.65907843006784,13.109711408154146,162.19422816308293
06037576503,13.015873015873018,160.3174603174603,12.301587301587302,146.03174603174605
06037576901,13.523388468559435,170.4677693711887,13.17966959274317,163.59339185486343
06037574602,8.106118872513347,62.122377450266946,6.449145471633737,28.98290943267475
06037651101,14.442305113716463,188.8461022743292,15.743846854049837,214.87693708099675
06059042108,10.956409486241663,119.12818972483328,9.763865891884798,95.27731783769593
06059032012,21.727686899930788,334.55373799861576,29.49922270603855,489.98445412077103
06059075816,17.16718590636851,243.34371812737012,18.287216151098782,265.7443230219756
06059042335,19.74474675506935,294.894935101387,26.146918162348175,422.93836324696355
06059042330,16.496238450701945,229.9247690140389,18.421758980894737,268.4351796178947
06059042328,21.446343301566362,328.9268660313272,29.244902827705758,484.89805655411504
06059074004,16.653404525764003,233.06809051528006,18.36352807479605,267.270561495921
06059052511,17.492252817094133,249.84505634188267,21.512929010541534,330.2585802108307
06059032051,19.899541958310586,297.99083916621163,25.953121519762362,419.0624303952472
06059032049,18.512025870365928,270.24051740731846,23.848390367059505,376.9678073411901
06059032045,22.7557016213931,355.114032427862,31.018110396535572,520.3622079307114
06037296600,13.174603174603176,163.4920634920635,13.373015873015873,167.46031746031747
06037701000,12.190389944528157,143.8077988905631,9.89214686576453,97.84293731529058
06037139802,19.82775925682635,296.555185136527,24.130091108299336,382.60182216598673
06037271400,6.587301587301588,31.746031746031747,6.309523809523809,26.19047619047619
06037218120,14.126984126984127,182.53968253968253,15.03968253968254,200.79365079365073
06037218220,14.126984126984127,182.53968253968253,15.03968253968254,200.79365079365073
06037702501,11.34920634920635,126.98412698412699,9.722222222222223,94.44444444444443
06037700700,12.529850619562808,150.5970123912562,10.132471400671598,102.6494280134319
06037408133,19.536699827803016,290.73399655606033,24.010517542404003,380.21035084808005
06037430701,16.798321222583127,235.96642445166248,17.303023864000046,246.06047728000095
06037430501,15.427306929538465,208.54613859076926,14.856678473010748,197.13356946021497
06037431002,15.793650793650793,215.87301587301585,16.9047619047619,238.09523809523807
06059032044,22.100058333738833,342.00116667477664,30.6798814782082,513.5976295641639
06059032042,18.40761281564453,268.1522563128906,23.558660065844133,371.1732013168826
06059032041,17.9031400571419,258.062801142838,22.978423805479522,359.56847610959045
06059032037,23.021195692072023,360.42391384144037,32.69336027601178,553.8672055202355
06059052428,17.56015843666222,251.20316873324438,23.124858655288687,362.49717310577364
06037480400,16.208182759826038,224.16365519652078,16.370232047294717,227.40464094589433
06037191120,14.258186392067643,185.16372784135285,15.292431265125032,205.84862530250064
06037464200,16.427975595667736,228.5595119133547,17.13559492355098,242.7118984710195
06037463900,16.27668377976792,225.53367559535843,16.28164774168773,225.63295483375464
06037463200,16.74076241740788,234.8152483481576,17.632803427302623,252.65606854605244
06037461700,16.447141352603907,228.94282705207817,15.937104326685583,218.74208653371167
06037104103,17.597234345245766,251.9446869049154,21.401177545227682,328.02355090455353
06037197200,15.369309710218266,207.38619420436535,17.027466852640444,240.54933705280885
06037197300,14.651145972128496,193.0229194425699,17.051646021809773,241.03292043619547
06037195500,14.51126164370515,190.22523287410297,16.939390582899676,238.7878116579935
06037195100,14.829600805654106,196.59201611308208,15.94900207905848,218.9800415811696
06037191820,12.976190476190478,159.52380952380952,12.85714285714286,157.14285714285717
06037191420,14.246031746031745,184.92063492063488,15.158730158730158,203.17460317460313
06059052422,19.027065091335913,280.5413018267182,23.98375450303672,379.6750900607344
06059032055,19.603174603174605,292.06349206349205,25.55555555555556,411.11111111111114
06059074502,17.460317460317462,249.20634920634922,20.238095238095237,304.76190476190465
06059074200,17.272875616962008,245.45751233924017,19.79779611520312,295.95592230406237
06059032033,20.912698412698415,318.25396825396825,27.81746031746032,456.34920634920627
06059032002,22.738648421333007,354.77296842666016,30.159378405291612,503.1875681058322
06059021914,16.898971574857228,237.9794314971445,19.509218413713917,290.1843682742783
06111005203,13.387714484179165,167.7542896835833,11.718419090027965,134.3683818005593
06111005700,10.133836091043506,102.67672182087009,11.284310132318353,125.68620264636704
06111001002,15.273452010007084,205.46904020014168,18.48193025868803,269.63860517376054
06111005908,19.96031746031746,299.20634920634916,23.571428571428573,371.42857142857144
06037191204,14.259756684834725,185.19513369669448,15.309704485562929,206.19408971125856
06037191110,14.285714285714285,185.71428571428567,15.595238095238095,211.90476190476193
06037189300,13.8346581829767,176.69316365953398,14.886435648079033,197.72871296158067
06037183220,16.667900525280317,233.35801050560633,16.452420765190094,229.04841530380182
06037212306,15.119047619047619,202.38095238095235,16.071428571428573,221.42857142857144
06037141600,17.744545345354187,254.89090690708372,19.255986272163103,285.1197254432621
06037143200,16.21196849280697,224.23936985613943,16.011906281903038,220.2381256380607
06037139701,19.239486699727102,284.7897339945421,23.658406391752028,373.16812783504054
06037131200,21.057266124091587,321.1453224818316,27.475583621913184,449.5116724382636
06037125200,19.007936507936506,280.1587301587301,21.746031746031747,334.9206349206349
06037224320,15.684086682207974,213.68173364415952,17.02069419753797,240.41388395075944
06037300901,16.42138259611303,228.42765192226068,17.217745797179326,244.3549159435865
06111008402,15.960397932746208,219.20795865492414,20.072476867916432,301.44953735832866
06111006200,18.200514718373476,264.01029436746956,18.213100953521273,264.2620190704255
06111006302,16.79034008979295,235.806801795859,16.511643989574125,230.2328797914825
06111006700,18.62102021631312,272.4204043262624,19.130820154532703,282.61640309065405
06111007300,17.072009170792892,241.44018341585786,20.013275285537585,300.2655057107516
06111002000,11.029959900996989,120.59919801993978,11.444138614747004,128.88277229494005
06111004101,8.53174603174603,70.6349206349206,5.595238095238095,11.904761904761884
06037104310,18.908196005834334,278.1639201166866,22.728600957354207,354.572019147084
06037103101,16.604181405500515,232.08362811001027,21.27493416866646,325.4986833733292
06037920043,20.320756104671847,306.41512209343705,26.854884936976475,437.0976987395295
06037301502,16.379242373944297,227.58484747888593,19.635139930901467,292.70279861802936
06037405102,16.16103163661713,223.2206327323425,19.99363229271006,299.87264585420115
06037123601,19.444444444444446,288.88888888888886,21.865079365079364,337.30158730158723
06037123602,19.444444444444446,288.88888888888886,21.865079365079364,337.30158730158723
06037910709,27.35951990104209,447.1903980208418,50.091566098360694,901.8313219672139
06037920106,18.578806750234598,271.576135004692,23.827094677659186,376.5418935531837
06037920016,20.87332982211925,317.46659644238497,30.095363674879444,501.9072734975888
06111008201,17.651855806130822,253.03711612261648,21.580547509772522,331.6109501954504
06111004200,5.725800120958432,14.51600241916864,3.6568922635049077,-26.862154729901853
06111000400,15.689332934193608,213.78665868387213,17.706180668339602,254.12361336679206
06093000703,12.642612465710515,152.85224931421027,12.278480896185991,145.5696179237198
06037401602,19.8015873015873,296.031746031746,23.174603174603174,363.49206349206344
06037400402,16.30270836896834,226.05416737936676,20.523698410189418,310.4739682037883
06037404600,16.019065613927033,220.38131227854058,18.33335432984793,266.6670865969584
06037403902,17.522735431938386,250.45470863876776,22.94441464917019,358.88829298340386
06037401500,19.380063947627928,287.6012789525586,23.6341149710332,372.68229942066387
06037401101,16.59751209876977,231.95024197539533,21.32971281500189,326.5942563000378
06037123020,20.51587301587302,310.31746031746036,24.523809523809526,390.4761904761905
06037122420,19.682539682539684,293.6507936507936,22.22222222222222,344.4444444444444
06037121210,19.83796847843341,296.75936956866815,24.665174434825733,393.30348869651465
06037117520,19.523809523809526,290.4761904761905,22.6984126984127,353.968253968254
06037121010,19.80804804821336,296.16096096426713,24.314267631248242,386.28535262496484
06025010600,33.435388589876986,568.7077717975397,51.45662815053588,929.1325630107176
06025012301,30.90825711256221,518.1651422512441,47.157671602466095,843.1534320493221
06037403801,17.6409697945967,252.819395891934,23.166104079154525,363.3220815830905
06037403722,18.104378520005714,262.08757040011426,23.327900838627244,366.55801677254476
06037119900,19.598155942010766,291.9631188402153,22.8718876742156,357.43775348431194
06037119320,19.523809523809526,290.4761904761905,22.6984126984127,353.968253968254
06037901101,29.219214598798363,484.3842919759672,46.39331776991427,827.8663553982854
06037311802,16.602229807862916,232.04459615725827,19.702118509238815,294.0423701847763
06037115202,20.244299387657943,304.8859877531588,24.77185541872387,395.4371083744774
06037113303,19.72601773461257,294.5203546922514,25.434245799667416,408.6849159933484
06037461000,16.476309170787697,229.52618341575393,16.404012251562197,228.08024503124398
06037460700,15.763409775905064,215.2681955181013,17.22996730506443,244.59934610128857
06037300501,15.81086314860271,216.2172629720542,18.17972654253455,263.59453085069094
06037310800,17.101198702583943,242.0239740516788,19.840720979994657,296.8144195998932
06025011801,31.38701715542006,527.7403431084011,44.61326770816618,792.2653541633237
06025940000,32.88910124459674,557.7820248919345,48.25798983384761,865.1597966769522
06071008705,21.010192927828008,320.20385855656014,31.386587335750864,527.7317467150173
06071006401,20.3968253968254,307.936507936508,29.523809523809526,490.47619047619037
06071006402,20.816768055979274,316.3353611195855,29.82790593216233,496.55811864324653
06071005800,19.90556626780599,298.1113253561198,29.063254090353833,481.2650818070766
06071005300,18.59931012736589,271.9862025473178,26.07464183115443,421.49283662308864
06071005200,18.908887233665254,278.1777446733051,26.453013849964762,429.0602769992953
06071000103,19.145312568680605,282.90625137361206,23.68712788253511,373.74255765070217
06037137302,18.769455330490885,275.3891066098177,25.698276857058676,413.9655371411735
06037135102,20.434311220031386,308.6862244006277,26.968939803129985,439.3787960625997
06037106020,15.765000963701382,215.30001927402765,19.76541999782192,295.30839995643845
06037531902,17.5,250.0,19.206349206349206,284.1269841269841
06037131300,21.065090068016108,321.30180136032214,27.500033446677325,450.0006689335464
06037111202,18.174603174603174,263.49206349206344,21.150793650793652,323.015873015873
06037134104,21.825396825396826,336.50793650793645,29.20634920634921,484.1269841269841
06037109200,18.10128951352312,262.02579027046244,20.912876438517817,318.2575287703563
06037107020,16.26984126984127,225.39682539682542,17.896825396825395,257.9365079365079
06037106643,16.265958122584408,225.3191624516881,19.903845587105607,298.0769117421121
06037432700,17.36762764021438,247.35255280428754,21.0318189523789,320.636379047578
06037134306,19.444444444444446,288.88888888888886,25.873015873015877,417.46031746031747
06037482600,17.410901354535863,248.21802709071721,19.78165923172244,295.63318463444875
06071010012,32.37808312820555,547.5616625641109,56.770031379825106,1035.400627596502
06071003509,19.918473705708898,298.36947411417793,25.917923245063108,418.35846490126227
06071002705,18.53174603174603,270.63492063492066,24.563492063492063,391.2698412698413
06071002306,18.54824466516517,270.9648933033034,23.42993583725643,368.5987167451285
06071007107,20.80588688731503,316.1177377463006,30.857678283913522,517.1535656782704
06071007104,22.658835120846838,353.1767024169368,33.63992246421622,572.7984492843243
06071004603,18.463096474781047,269.26192949562096,24.284143480013103,385.68286960026205
06071002706,16.224644329364203,224.492886587284,21.044148814171546,320.8829762834308
06071002604,18.92340031130922,278.4680062261844,26.157385247492538,423.1477049498507
06071007105,22.766135768686354,355.3227153737271,33.78362495303037,575.6724990606074
06037530005,17.980007865143254,259.60015730286506,21.75852097285347,335.17041945706944
06037481713,17.134805879221428,242.69611758442855,17.308730666051254,246.17461332102505
06037269500,12.53968253968254,150.79365079365078,10.119047619047619,102.38095238095232
06037214600,12.420634920634921,148.41269841269843,11.468253968253968,129.36507936507934
06037213402,15.119047619047619,202.38095238095235,16.071428571428573,221.42857142857144
06037212620,14.561872670579156,191.23745341158312,15.491966625021373,209.83933250042736
06037432401,17.579365079365076,251.5873015873015,20.609694436768596,312.19388873537196
06037482102,16.944444444444443,238.88888888888886,18.095238095238095,261.90476190476187
06037532002,18.229065885461488,264.5813177092297,22.178220094757332,343.5644018951467
06037262302,12.065941245567966,141.31882491135934,9.59810614657986,91.96212293159716
06037211310,14.246031746031745,184.92063492063488,15.158730158730158,203.17460317460313
06037208904,16.11111111111111,222.22222222222223,17.738095238095237,254.76190476190476
06037403403,19.148871825328268,282.9774365065654,23.23224128713023,364.64482574260455
06071000804,17.560668421240962,251.21336842481927,20.256344039135225,305.12688078270446
06071000812,20.433045691844626,308.6609138368926,26.901781174814936,438.03562349629874
06071008901,23.62933913285509,372.5867826571018,43.97666998572221,779.5333997144442
06071000401,19.618056990532562,292.3611398106512,23.57221779225736,371.44435584514724
06071000104,19.1579940287318,283.15988057463596,23.648093164223354,372.961863284467
06071009708,27.097546838544893,441.9509367708979,47.42646375640243,848.5292751280484
06037403317,19.552656543613317,291.05313087226625,24.10632970747008,382.1265941494016
06037208903,16.078765595663814,221.57531191327627,17.723894767898862,254.47789535797727
06037208620,14.477749201368955,189.5549840273791,16.97385022553829,239.47700451076574
06037403321,19.42915598530496,288.5831197060992,23.734507421392067,374.69014842784134
06037531301,17.63321469648361,252.6642939296722,19.879543034639664,297.5908606927932
06037531101,17.208236235203163,244.16472470406325,17.879717922449167,257.59435844898337
06037530801,17.20717242700114,244.1434485400228,17.876458838148164,257.52917676296323
06037228210,17.644654498353145,252.89308996706285,19.545897488020795,290.9179497604159
06037204810,17.760185434112596,255.20370868225194,19.445668673968378,288.91337347936746
06037203720,17.341269841269842,246.82539682539687,18.293650793650794,265.8730158730159
06037203200,17.341269841269842,246.82539682539687,18.293650793650794,265.8730158730159
06037407702,18.89208462362112,277.8416924724224,22.545510055958964,350.91020111917925
06037403319,19.394907429824187,287.8981485964837,23.424074086883664,368.4814817376732
06071000115,20.518487532077753,310.36975064155513,28.554849395262767,471.0969879052552
06071001808,19.841269841269842,296.8253968253968,29.325396825396826,486.5079365079365
06071011900,24.42011601973311,388.4023203946623,42.6180895971532,752.3617919430641
06071009713,29.581506316619667,491.63012633239333,54.45048698288354,989.0097396576707
06071002037,18.385237019283778,267.70474038567545,23.389803833634318,367.7960766726864
06029005103,18.98455211638724,279.6910423277447,34.378342038406664,587.5668407681334
06037670407,13.968253968253968,179.36507936507934,12.182539682539682,143.65079365079362
06037620102,5.396825396825397,7.936507936507937,3.968253968253968,-20.634920634920633
06037650701,10.714285714285715,114.28571428571428,8.055555555555555,61.111111111111114
06037650200,11.005025014301605,120.10050028603212,9.034247882787435,80.68495765574869
06037621400,10.714285714285717,114.28571428571428,8.055555555555555,61.111111111111114
06037530700,17.09777531823513,241.95550636470256,17.536112277542802,250.72224555085597
06037702202,5.491686592531276,9.833731850625504,5.447640013637831,8.952800272756619
06037139600,20.650312211497027,313.00624422994053,27.333758509774718,446.67517019549433
06037187200,14.902039194682564,198.04078389365122,15.973467766111137,219.46935532222273
06037222700,16.2692655815775,225.38531163155005,17.83513368703388,256.70267374067754
06037222100,16.03174603174603,220.63492063492066,17.53968253968254,250.79365079365078
06037197600,14.605252205313937,192.10504410627868,17.043997060674013,240.87994121348024
06037190510,13.774388893909414,175.48777787818824,14.79172676525901,195.83453530518022
06037113213,16.637855211768247,232.7571042353649,21.523110730447677,330.46221460895345
06037219010,14.484126984126986,189.6825396825397,14.246031746031745,184.92063492063488
06037192610,14.246031746031745,184.92063492063488,15.158730158730158,203.17460317460313
06037192410,12.976190476190478,159.52380952380952,12.85714285714286,157.14285714285717
06059076206,17.393561447201773,247.8712289440354,18.901479147079733,278.02958294159464
06059011403,19.754827709841628,295.09655419683247,24.731802553877785,394.63605107755575
06059086501,19.839463337722243,296.7892667544448,24.99079893958017,399.8159787916034
06037620400,6.785714285714286,35.714285714285694,5.158730158730159,3.1746031746031917
06037294110,17.6984126984127,253.96825396825398,19.72222222222222,294.4444444444444
06037291300,13.73015873015873,174.60317460317458,13.73015873015873,174.60317460317458
06037572600,16.054178701308818,221.08357402617634,15.339853794987597,206.79707589975195
06037555002,19.55696069558106,291.1392139116212,21.558815678323633,331.1763135664726
06037570602,18.253968253968257,265.0793650793651,20.753968253968257,315.0793650793651
06037570502,18.253968253968257,265.0793650793651,20.753968253968257,315.0793650793651
06037570202,18.86105878625092,277.2211757250183,20.22265536336088,304.45310726721755
06037555202,19.563492063492063,291.26984126984127,21.547619047619047,330.9523809523809
06037603101,15.436507936507937,208.73015873015873,13.531746031746032,170.6349206349206
06037106114,16.30952380952381,226.1904761904762,19.325396825396826,286.5079365079365
06037553702,18.885561015303114,277.7112203060623,20.18177333048381,303.63546660967614
06037106520,16.203669721973892,224.07339443947782,18.09190364897237,261.8380729794474
06059089107,16.917008331743446,238.34016663486887,18.751518968571943,275.0303793714389
06059086601,19.963526866523654,299.270537330473,24.569885910119577,391.39771820239156
06059075813,17.97469987355973,259.4939974711946,20.80593875463228,316.11877509264565
06059011300,19.525637348845528,290.51274697691053,23.650299444556214,373.0059888911243
06059021826,18.376103145457485,267.52206290914967,22.744651886427107,354.893037728542
06059110605,19.935407147401637,298.70814294803273,23.209606938757148,364.1921387751429
06059011102,19.843271754525432,296.86543509050864,23.958589090795293,379.1717818159059
06059011716,18.29294564640832,265.8589129281664,23.97759779574611,379.5519559149221
06059089003,17.227982868714605,244.55965737429204,18.68560179729033,273.71203594580663
06059001505,19.115549460536407,282.3109892107281,22.61413857528087,352.2827715056174
06059021821,17.590985364031052,251.81970728062106,22.25992684111055,345.198536822211
06059021817,17.790711747853205,255.8142349570641,21.105518173336677,322.1103634667335
06037553100,20.039682539682538,300.7936507936507,21.547619047619047,330.9523809523809
06037552700,20.476190476190478,309.5238095238096,24.047619047619047,380.9523809523809
06037554511,20.2171851058838,304.343702117676,23.638145920875402,372.76291841750805
06037554403,19.853293612547635,297.0658722509527,22.54504573164776,350.9009146329552
06037553400,18.722793696645628,274.4558739329126,20.954393225880516,319.08786451761034
06037106604,16.35609946832682,227.12198936653638,18.54674599500697,270.9349199001394
06037543701,16.666666666666664,233.33333333333331,20.198412698412696,303.96825396825386
06037541100,16.03174603174603,220.63492063492066,15.277777777777777,205.5555555555555
06037543304,16.944444444444443,238.88888888888886,20.07936507936508,301.5873015873015
06037542700,17.97172883059471,259.4345766118943,20.306477805224596,306.129556104492
06037543801,16.51248055952901,230.24961119058025,19.534226390742802,290.6845278148559
06037201401,17.223725681873788,244.4745136374757,16.844636083154704,236.89272166309405
06037600802,13.79471980313657,175.89439606273135,11.61652825843542,132.33056516870835
06037602403,11.15079365079365,123.01587301587298,8.214285714285714,64.28571428571428
06059001507,18.733108233650363,274.6621646730072,21.750750951618354,335.01501903236704
06059088401,18.53174603174603,270.63492063492066,21.785714285714285,335.71428571428567
06059086903,18.849206349206348,276.984126984127,22.063492063492063,341.2698412698412
06059088001,19.246031746031743,284.9206349206349,22.3015873015873,346.03174603174597
06059011717,18.805776287298002,276.1155257459601,22.241416817418926,344.82833634837846
06059110113,17.780890268047735,255.6178053609547,19.611764601511936,292.2352920302387
06059021824,17.023809523809522,240.47619047619042,20.691888236015664,313.8377647203133
06059087902,19.246031746031743,284.9206349206349,22.3015873015873,346.03174603174597
06059099509,11.091295217552288,121.82590435104574,8.884241850012547,77.6848370002509
06059086802,19.354224860055087,287.0844972011017,22.54304571174333,350.8609142348665
06059011709,18.783426271666087,275.66852543332175,22.08672964905861,341.7345929811721
06059011711,18.711620496005686,274.2324099201137,22.596544827607794,351.9308965521559
06059089104,17.134782395773044,242.69564791546088,18.707964155766025,274.15928311532053
06059088202,18.80952380952381,276.1904761904762,20.873015873015873,317.46031746031747
06065051200,22.19146349279511,343.82926985590217,34.06003254151766,581.2006508303532
06065980004,25.432889931782338,408.65779863564677,39.520698031716066,690.4139606343213
06001437101,7.216398653592387,44.32797307184775,6.630079999466049,32.601599989321016
06001441524,9.624342412591643,92.48684825183284,9.117726761851378,82.35453523702753
06001450501,11.09767061261868,121.95341225237357,13.86659455070063,177.3318910140126
06001450750,12.738095238095237,154.76190476190476,16.38888888888889,227.77777777777777
06001451505,12.338480181593221,146.76960363186438,18.070696201084598,261.41392402169197
06001407102,7.06198996879613,41.23979937592257,6.938759249535671,38.775184990713385
06001442601,10.65851758109733,113.17035162194658,11.922706030035494,138.45412060070987
06001403502,7.380979020368682,47.61958040737361,6.983754032298771,39.67508064597542
06029003203,19.583763277384374,291.67526554768745,37.446697909925035,648.9339581985007
06029005003,16.469282210684867,229.38564421369733,25.99523814629996,419.9047629259992
06029000908,19.01822402087945,280.364480417589,33.16395767355551,563.2791534711101
06113010512,9.524175297575221,90.48350595150437,14.761807222233912,195.23614444467816
06089010803,9.578886736720289,91.57773473440575,8.872436149402951,77.44872298805899
06089011209,9.461683544497056,89.23367088994112,9.430108984134694,88.60217968269384
06089010601,9.777550717448246,95.55101434896496,9.14665729468892,82.93314589377837
06055200301,9.286644807370308,85.73289614740618,9.808823677892526,96.17647355785053
06055200602,10.675553563691995,113.51107127383992,12.259713062997063,145.19426125994127
06055201007,8.816387720661469,76.32775441322937,8.326469422195673,66.52938844391348
06087122001,9.481243080541795,89.62486161083591,10.130450521353263,102.60901042706521
06085503330,10.901293896888776,118.02587793777546,12.95633118376131,159.12662367522617
06085503116,12.84280174184418,156.85603483688357,12.978102624896971,159.56205249793933
06053010506,7.5735705214189375,51.47141042837873,8.217438184756428,64.34876369512854
06053000400,6.886688320013561,37.7337664002712,8.037749343223293,60.75498686446586
06085503332,11.334708185659393,126.69416371318783,14.267389222196165,185.34778444392327
06053001801,6.364845606621308,27.296912132426147,6.992963363727787,39.85926727455574
06053000702,6.723416891156189,34.46833782312376,7.041019266816924,40.82038533633845
06085504307,10.06032585839215,101.20651716784297,10.917650075631249,118.35300151262496
06053980000,6.661784721637512,33.23569443275022,6.86468317058225,37.29366341164498
06085504423,10.164020170079283,103.28040340158566,11.771676302807789,135.43352605615578
06085504322,9.484126984126984,89.68253968253967,9.880952380952381,97.61904761904759
06053014800,12.701697996737579,154.0339599347516,16.942017380668545,238.8403476133709
06085512026,12.359193423530366,147.1838684706073,13.109103692862632,162.18207385725267
06085503105,10.833333333333334,116.66666666666666,11.11111111111111,122.2222222222222
06053011604,13.25714629245848,165.14292584916953,16.181644328404413,223.6328865680883
06053000502,6.533109935903427,30.66219871806855,7.103199491272633,42.06398982545267
06053010306,5.445759867248121,8.915197344962419,4.698353668467962,-6.032926630640762
06111000304,17.01676713672089,240.33534273441785,17.85471942134084,257.09438842681675
06111003802,8.53174603174603,70.6349206349206,5.595238095238095,11.904761904761884
06111007511,18.55891749844565,271.178349968913,21.685123893239595,333.70247786479183
06111007611,14.442142024144642,188.84284048289283,13.928354558911511,178.56709117823019
06111007612,14.361497009927344,187.22994019854687,13.726565811281304,174.53131622562609
06111002905,5.204418869957237,4.088377399144756,3.295117424175126,-34.097651516497486
06111005204,13.341009311872957,166.82018623745913,11.220604102695615,124.41208205391227
06019004208,13.733573342156971,174.6714668431394,23.669958600420813,373.39917200841626
06019005515,13.606897595088904,172.13795190177805,23.256173652275812,365.12347304551616
06019005907,13.477025539545151,169.540510790903,23.041299359551303,360.82598719102606
06075016802,5.357142857142858,7.142857142857139,4.761904761904762,-4.761904761904773
06075022704,5.119978564766404,2.3995712953280988,3.61561068208524,-27.687786358295206
06075025702,6.1805678259870085,23.611356519740152,5.115764463574881,2.3152892714976048
06075032901,4.483987873940627,-10.320242521187465,3.5312823311248427,-29.374353377503148
06075061200,6.42857142857143,28.571428571428584,5.595238095238095,11.904761904761884
06075012502,5.158730158730159,3.1746031746031917,4.682539682539683,-6.349206349206355
06019006502,13.954524360001564,179.09048720003125,25.97699780528354,419.53995610567074
06007000401,10.853822103744593,117.07644207489183,13.033015050608103,160.66030101216202
06007002602,8.940271236532416,78.80542473064831,11.669826826391134,133.39653652782266
06007003002,8.935725339344188,78.71450678688373,12.05906800283183,141.1813600566366
06097153103,9.801587301587302,96.03174603174602,9.563492063492063,91.26984126984127
06013302006,5.741816554381354,14.836331087627087,7.251080577972167,45.02161155944332
06013355111,8.460977044114879,69.21954088229758,13.361716938989845,167.23433877979687
06013307202,9.138072164030634,82.7614432806127,15.144751704928158,202.89503409856312
06013336201,12.971891420598693,159.4378284119738,20.385832168567795,307.71664337135593
06013303202,10.345346142866372,106.90692285732746,15.68608827465027,213.7217654930054
06013354001,8.875825166154142,77.51650332308279,10.098183451732892,101.96366903465783
06107002203,16.54879703076938,230.97594061538757,34.62232968174499,592.4465936348997
06059032057,21.978892306691975,339.5778461338394,30.759202931403262,515.1840586280653
06059032061,19.715820756871032,294.31641513742056,27.615147270451427,452.30294540902855
06065040404,21.016073507102206,320.3214701420442,30.950471410464978,519.0094282092996
06065042726,26.293730294564835,425.87460589129665,41.45038850473701,729.0077700947402
06065044605,35.99723682997947,619.9447365995895,55.183273567607195,1003.6654713521439
06065040813,21.245190266034363,324.90380532068724,30.180377699112032,503.6075539822406
06065041910,22.8644292455675,357.2885849113499,36.17745874398624,623.5491748797247
06065042724,26.227388569986346,424.54777139972686,41.39072411760963,727.8144823521925
06065042730,26.246256896556933,424.92513793113864,42.500705016599525,750.0141003319904
06095252313,10.541701999144362,110.8340399828872,13.488651848671621,169.7730369734324
06095252913,11.268344166110644,125.36688332221283,14.620770217419935,192.41540434839862
06033000502,7.507326536187936,50.14653072375874,5.961004229998678,19.220084599973564
06065042733,25.24616670617503,404.9233341235006,41.50608074319995,730.121614863999
06065042745,25.85244555809949,417.0489111619898,40.79309531112298,715.8619062224597
06065043252,22.98198392484452,359.63967849689044,35.72650142579328,614.5300285158656
06065043265,26.727622350205316,434.5524470041062,42.62194107705449,752.4388215410899
06065043513,23.322157643995144,366.44315287990287,34.319331426900675,586.3866285380134
06065043810,21.091830176219506,321.83660352439017,30.111202929752302,502.2240585950459
06065043812,22.487540653136953,349.750813062739,32.90110058527544,558.0220117055086
06065043822,22.268173020714265,345.36346041428527,31.405698787369396,528.1139757473878
06047000503,12.576704154756813,151.53408309513625,17.581028018265158,251.62056036530316
06065044405,16.412649683676154,228.25299367352312,20.20457412333567,304.09148246671344
06065044520,34.286802679897285,585.7360535979458,58.389899145035706,1067.7979829007145
06065040101,20.55421036879221,311.0842073758441,29.47367727783939,489.47354555678777
06065044931,34.24603174603174,584.9206349206348,56.7063492063492,1034.126984126984
06047001801,12.15310627959004,143.0621255918008,17.62482531086558,252.49650621731166
06001425104,7.380952380952381,47.61904761904759,6.880723668302817,37.61447336605633
06001432502,6.547619047619048,30.952380952380963,8.49206349206349,69.84126984126982
06065045123,32.148556086383515,542.9711217276703,50.028338671370996,900.5667734274201
06065043008,20.71025681634785,314.20513632695696,29.649925256291016,492.9985051258204
06065045606,31.881646769439108,537.6329353887821,53.167332233120476,963.3466446624094
06065046602,19.65456005938057,293.0912011876114,25.959875258628653,419.197505172573
06065048700,25.270712342186766,405.4142468437352,38.449861582927014,668.9972316585403
06065044924,32.4050305750891,548.1006115017819,53.93697992356368,978.7395984712738
06065045217,38.82287709653765,676.4575419307531,60.64788527715504,1112.9577055431005
06071007306,23.454950538634854,369.0990107726971,34.192322317616416,583.8464463523284
06071010009,31.678823305443373,533.5764661088674,53.798765732110496,975.9753146422098
06071980200,24.85164551968058,397.0329103936115,43.32029295672815,766.405859134563
06071010417,25.86876297424294,417.37525948485876,38.41187116612068,668.2374233224136
06071011205,15.873015873015872,217.46031746031747,19.502692821148678,290.0538564229736
06071000111,18.758432676471223,275.16865352942443,21.499729617434134,329.99459234868266
06071004800,19.813777736372955,296.27555472745905,29.004023027797892,480.08046055595776
06017030709,10.100939284872695,102.01878569745386,11.490759067675018,129.81518135350035
06061020712,10.03968253968254,100.79365079365076,11.507936507936508,130.15873015873015
06061021129,10.439863647577539,108.7972729515508,11.36103739450556,127.22074789011117
06061022600,9.872264029924933,97.44528059849866,11.125215778718163,122.50431557436323
06061021039,9.80773337652513,96.15466753050255,12.35323739182708,147.06474783654159
06061023100,9.77941458628033,95.58829172560662,12.055953230544116,141.11906461088233
06061020104,12.97016182001523,159.40323640030456,16.071288316457238,221.42576632914472
06061023700,10.0982053726272,101.96410745254403,12.927904935989249,158.558098719785
06061021130,9.727623080911252,94.55246161822501,11.732507387237154,134.65014774474307
06071000504,20.15342964120895,303.068592824179,25.02304654902323,400.4609309804646
06071009201,16.19396020966856,223.87920419337115,21.733946101558352,334.678922031167
06071001906,18.987778462616532,279.75556925233053,27.546735584071,450.9347116814199
06071001806,20.500430157506838,310.00860315013676,26.761995595586296,435.2399119117259
06071002014,18.257103723329575,265.1420744665915,21.270625038766998,325.4125007753399
06071002017,16.49380021147856,229.87600422957112,18.894547655632184,277.8909531126437
06071001305,21.997105342774617,339.9421068554923,28.953416246329603,479.068324926592
06071001810,19.966803460204158,299.3360692040832,25.82033704747909,416.40674094958183
06071002031,17.428226785224723,248.56453570449452,21.535366819238913,330.7073363847783
06071004509,18.07068675235779,261.4137350471558,22.408264408084566,348.1652881616913
06071006603,20.168492121403887,303.36984242807773,29.639479439206493,492.7895887841299
06071980100,21.525333458832467,330.5066691766492,30.327119752082762,506.54239504165514
06061990000,11.762431889619323,135.24863779238646,13.879023292129533,177.5804658425908
06023001300,6.8570026625808405,37.14005325161681,6.673654577236575,33.47309154473154
06037104204,17.293225409166766,245.86450818333532,20.31505740676255,306.3011481352509
06037533805,18.095238095238095,261.90476190476187,22.22222222222222,344.4444444444444
06037551101,18.62359799021004,272.4719598042008,20.32800680591202,306.56013611824045
06037262301,14.79807182968823,195.96143659376457,14.042774879945469,180.8554975989093
06037113235,19.181886314350944,283.63772628701884,23.433894463752985,368.67788927505967
06037544002,16.508145186315385,230.16290372630772,17.013433948426695,240.26867896853383
06037208301,15.470763821354897,209.41527642709792,17.45696715966568,249.1393431933136
06037214902,12.579365079365079,151.58730158730157,10.753968253968255,115.07936507936506
06079010101,19.221027880188718,284.4205576037744,26.587956704949182,431.7591340989836
06037111205,17.694974020225185,253.8994804045037,21.840260560212013,336.8052112042402
06037900103,25.035886942350274,400.7177388470055,43.17023731634929,763.4047463269856
06037901011,30.277777777777775,505.55555555555543,46.46825396825396,829.3650793650793
06037910716,28.740814395972674,474.8162879194534,51.260902197537696,925.2180439507539
06037700501,12.579365079365079,151.58730158730157,10.753968253968255,115.07936507936506
06037701902,3.562276005402496,-28.754479891950098,3.931911564005696,-21.361768719886076
06037137000,19.104673456926616,282.09346913853227,26.45833310193205,429.1666620386408
06037670324,13.333692728885811,166.6738545777162,13.060023852295082,161.20047704590166
06037700101,12.568544357776851,151.37088715553705,11.765164075874672,135.3032815174934
06037920102,19.306143813601917,286.12287627203835,25.733889746230734,414.67779492461483
06037980013,8.479389171439916,69.58778342879826,6.005712438883573,20.11424877767146
06037980014,15.01428463887709,200.28569277754178,15.42512568062621,208.50251361252418
06037980019,15.050924837074177,201.01849674148357,15.12387496174268,202.47749923485358
06037900704,29.231099459763506,484.6219891952701,45.8861516116704,817.723032233408
06037901210,24.29549473153655,385.90989463073095,36.485571092477635,629.7114218495527
06037920338,20.095688325902852,301.91376651805695,27.29110387833572,445.82207756671437
06037980006,18.59698109134424,271.9396218268847,19.88101178494604,297.62023569892074
06037980020,16.785798460574522,235.71596921149046,19.04212649149935,280.8425298299869
06037621324,10.714285714285715,114.28571428571428,8.055555555555555,61.111111111111114
06037550902,19.27467156597657,285.4934313195313,21.263456080305456,325.26912160610914
06037576904,10.982793811025513,119.65587622051024,9.880515882074244,97.61031764148487
06037701402,2.4278490946734492,-51.44301810653102,3.087686886253848,-38.24626227492304
06073020309,21.071428571428573,321.42857142857144,27.142857142857142,442.8571428571428
06073010015,22.901803433855278,358.0360686771056,30.15464613416434,503.09292268328676
06073020810,20.664536544596007,313.2907308919201,26.372922063903825,427.45844127807646
06067007017,9.613813314909851,92.27626629819702,12.906112827385998,158.12225654771993
06067008513,10.975109827049309,119.50219654098619,12.648842952752135,152.97685905504264
06067009201,10.230696868393162,104.6139373678632,13.929048550007707,178.58097100015408
06067005510,9.006662246663712,80.1332449332742,12.466688766681447,149.33377533362892
06067007430,9.408373209187026,88.16746418374049,11.253336460241805,125.06672920483607
06067008507,10.646314457386843,112.92628914773685,12.153963907689816,143.0792781537963
06067009408,10.092286114293533,101.84572228587064,14.897917518425912,197.9583503685182
06073003305,21.750507569025984,335.0101513805196,23.94909494935942,378.9818989871883
06073008366,18.399365858545565,267.9873171709112,20.840646422664573,316.8129284532914
06073006200,14.961268759963053,199.22537519926104,14.639695719645514,192.79391439291027
06073009901,5.797327349899032,15.94654699798063,4.461348691766487,-10.773026164670267
06073017056,20.258171712280884,305.1634342456177,24.388279472370616,387.7655894474123
06073020811,21.37910029093818,327.5820058187636,29.543418067199163,490.8683613439832
06067004502,9.716277241358863,94.32554482717721,14.12199473639851,182.4398947279701
06037119001,20.238095238095237,304.76190476190465,24.365079365079364,387.30158730158723
06037119341,19.523809523809526,290.4761904761905,22.6984126984127,353.968253968254
06037121221,19.603174603174605,292.06349206349205,24.841269841269842,396.82539682539687
06037124104,19.007936507936506,280.1587301587301,21.746031746031747,334.9206349206349
06037320201,16.76148475518735,235.22969510374708,19.042350561857575,280.8470112371515
06037402001,21.139361690778745,322.78723381557484,25.599808186303417,411.99616372606835
06037104124,17.26376425029782,245.2752850059564,21.308490615679347,326.16981231358693
06037131701,21.746031746031747,334.9206349206349,29.08730158730159,481.7460317460317
06037132002,21.203001100740448,324.0600220148089,27.98483572510926,459.69671450218516
06037132102,21.52891748081234,330.5783496162467,27.7503096819587,455.00619363917394
06037139504,20.674603174603178,313.49206349206355,27.38095238095238,447.6190476190476
06037402303,20.96389862819995,319.27797256399896,25.430422572412215,408.60845144824435
06037404201,15.908902522019517,218.17805044039034,18.798136137487127,275.9627227497425
06037462301,16.47050416358338,229.41008327166767,17.055787644409754,241.11575288819506
06037109604,18.482234933673503,269.64469867347003,20.552977412697533,311.05954825395065
06037113101,16.738254962500744,234.76509925001486,21.545026786442047,330.9005357288409
06037190201,12.896825396825399,157.93650793650795,13.412698412698413,168.25396825396825
06037190402,14.285714285714285,185.71428571428567,15.595238095238095,211.90476190476193
06037190802,12.929867278427334,158.59734556854667,13.181405241484857,163.62810482969712
06037195804,14.484126984126986,189.6825396825397,17.023809523809522,240.47619047619042
06037195903,14.292691972553827,185.85383945107657,15.524235266486473,210.48470532972942
06037208501,14.484126984126986,189.6825396825397,17.023809523809522,240.47619047619042
06037208502,14.484126984126986,189.6825396825397,17.023809523809522,240.47619047619042
06037405301,16.388561732729876,227.7712346545975,20.31485662770098,306.2971325540195
06037481605,16.911688711626088,238.23377423252174,17.390931727796907,247.8186345559381
06037501001,19.563492063492063,291.26984126984127,21.666666666666668,333.3333333333333
06037125502,17.39770515970365,247.95410319407304,18.55398746966231,271.0797493932462
06037132501,21.746031746031747,334.9206349206349,29.08730158730159,481.7460317460317
06037134421,19.481950080946127,289.63900161892263,25.424861504490366,408.4972300898072
06037211121,14.246031746031745,184.92063492063488,15.158730158730158,203.17460317460313
06037212702,14.126984126984127,182.53968253968253,15.03968253968254,200.79365079365073
06037217001,12.53968253968254,150.79365079365078,10.119047619047619,102.38095238095232
06037234502,14.484126984126986,189.6825396825397,14.246031746031745,184.92063492063488
06037239202,16.825396825396822,236.50793650793645,16.626984126984127,232.53968253968253
06081600401,4.801766438525931,-3.964671229481385,3.174698011805978,-36.50603976388044
06081984300,6.8043159519675305,36.08631903935061,6.1547156236913905,23.094312473827813
06037239801,16.547619047619047,230.9523809523809,15.277777777777777,205.5555555555555
06037433307,17.57936507936508,251.58730158730157,20.873015873015873,317.46031746031747
06037551502,18.579195446262187,271.58390892524375,20.673645947897832,313.4729189579567
06037554302,19.91278298023839,298.25565960476774,22.63199173058041,352.63983461160814
06037141304,17.829162026314847,256.583240526297,19.45643162554331,289.12863251086617
06037191901,12.965453019547603,159.30906039095203,12.893037427990027,157.8607485598005
06037194401,12.420634920634921,148.41269841269843,11.468253968253968,129.36507936507934
06037271801,9.642857142857144,92.85714285714286,7.658730158730158,53.174603174603135
06037294301,17.495438052363326,249.90876104726647,20.00877466370369,300.1754932740738
06037295103,19.523809523809526,290.4761904761905,23.92857142857143,378.57142857142856
06037300301,15.760244753769932,215.2048950753986,17.975594338180784,259.5118867636157
06037576301,13.546257391455514,170.92514782911024,12.92181025529176,158.43620510583523
06037195901,14.30607270937109,186.12145418742176,15.629051038221684,212.58102076443367
06037201601,17.301587301587304,246.03174603174602,16.666666666666664,233.33333333333331
06037208402,14.484126984126986,189.6825396825397,17.023809523809522,240.47619047619042
06083001706,14.887638428473519,197.75276856947033,14.81564298123027,196.31285962460544
06077003407,10.425572965762008,108.51145931524016,12.935889406929137,158.7177881385827
06077004307,10.645888043237198,112.91776086474397,14.039895056007152,180.797901120143
06077005308,9.738579785597,94.77159571193998,17.292869831180152,245.857396623603
06077002402,10.259018806372929,105.1803761274586,14.752926175706184,195.05852351412364
06077004501,10.86247853340762,117.24957066815239,14.047455706333219,180.94911412666437
06037209401,15.55773600917853,211.15472018357056,16.8084250668485,236.16850133697002
06037217002,12.53968253968254,150.79365079365078,10.119047619047619,102.38095238095232
06037297601,13.174603174603178,163.4920634920635,13.373015873015875,167.4603174603175
06037400403,16.917061979349107,238.34123958698214,20.822478249191256,316.4495649838251
06037401312,17.98633368814935,259.72667376298693,24.00795399905033,380.1590799810065
06037301205,15.992063492063494,219.84126984126988,19.325396825396826,286.5079365079365
06037301802,15.317460317460316,206.34920634920627,16.944444444444443,238.88888888888886
06037262200,14.408381983012811,188.16763966025619,13.02545072131678,160.5090144263355
06037262802,7.724200851539289,54.48401703078576,5.815777626455043,16.315552529100852
06037274202,5.515873015873017,10.317460317460302,4.642857142857143,-7.142857142857139
06115041101,9.80813590674264,96.16271813485275,10.063388818032756,101.2677763606551
06115040304,9.110414903678993,82.20829807357984,11.629148411215628,132.58296822431254
06079012601,20.777595289897114,315.5519057979422,26.70647010978639,434.1294021957277
06079013100,19.78999475038944,295.7998950077888,26.376861085790708,427.5372217158142
06079012001,6.23015873015873,24.603174603174608,5.674603174603175,13.492063492063494
06079011104,13.53577528042901,170.71550560858017,14.44041519576147,188.80830391522932
06079011904,6.535782532603079,30.715650652061576,5.890890788640714,17.81781577281427
06079010207,20.75350404670544,315.07008093410883,31.27107048683427,525.4214097366854
06079010103,20.287510514704195,305.75021029408384,28.60610902803236,472.1221805606471
06031000604,14.712107277210418,194.24214554420834,30.309423674209913,506.18847348419825
06031000901,15.21799097658935,204.35981953178697,30.403896954041517,508.0779390808303
06077004904,12.562293389023974,151.24586778047947,19.225045428334802,284.50090856669607
06077004906,11.715391419884028,134.30782839768054,18.264553946642447,265.2910789328489
06077004905,11.876109014595054,137.522180291901,18.220377336462473,264.4075467292494
06077003119,9.801587301587302,96.03174603174602,12.420634920634921,148.41269841269843
06077003117,9.823386656592971,96.4677331318594,12.526074200813555,150.52148401627107
06077005312,9.90737701375871,98.14754027517418,16.51383254501235,230.27665090024695
06077005137,11.807319659701434,136.1463931940287,19.80564312950662,296.1128625901324
06077005141,11.52450265055824,130.4900530111648,19.357334064521815,287.1466812904363
06077005215,10.217645055406752,104.35290110813507,17.889639807839696,257.7927961567939
06077005212,9.811222930646736,96.22445861293471,17.49461217374788,249.89224347495758
06077003502,11.191599188049286,123.83198376098568,14.394660837151543,187.89321674303085
06087110602,7.742378275075342,54.8475655015068,5.218778606607051,4.375572132141026
06087122401,9.721595311413873,94.43190622827746,9.87489082164829,97.49781643296578
06087110302,8.134920634920634,62.69841269841271,5.8730158730158735,17.46031746031747
06087110401,6.295366827707166,25.907336554143328,3.5577153915230597,-28.845692169538804
06087121802,6.626685135437946,32.53370270875891,4.641760840521146,-7.164783189577087
06097154308,8.082973065484193,61.65946130968384,7.379530504501215,47.59061009002429
06097153301,9.698548845036534,93.97097690073069,9.208103792673354,84.16207585346706
06097152803,9.488636252294615,89.7727250458923,10.395150245846738,107.90300491693475
06097151403,9.900723113837353,98.01446227674703,8.643232509460441,72.8646501892088
06097151505,10.708748637446522,114.17497274893044,10.71058877411573,114.21177548231458
06097151701,9.047619047619047,80.95238095238093,7.4603174603174605,49.20634920634919
06033001101,10.439886527098826,108.79773054197662,13.073511874822755,161.47023749645504
06033000703,12.809409479074077,156.18818958148154,14.735387238577626,194.70774477155248
06097153707,9.28964676684513,85.7929353369026,8.688301210383527,73.76602420767055
06097151406,9.642857142857144,92.85714285714286,8.373015873015872,67.46031746031744
06095252204,9.835978045658582,96.71956091317159,12.030145941022885,140.6029188204577
06081612102,9.404761904761905,88.0952380952381,9.523809523809524,90.47619047619045
06081601301,4.591244981976011,-8.175100360479785,3.039524749658301,-39.20950500683399
06081602601,5.158730158730159,3.1746031746031917,4.246031746031745,-15.07936507936509
06041130204,6.194782262078302,23.895645241566044,5.999445308432923,19.98890616865845
06013355307,14.091351713755035,181.82703427510063,22.666124038298285,353.3224807659656
06013303207,10.882544774383808,117.65089548767615,16.931290859627463,238.62581719254928
06013392202,7.024060003324576,40.48120006649152,7.0876808848529524,41.753617697059035
06013314105,11.30952380952381,126.19047619047618,19.325396825396826,286.5079365079365
06013345117,9.890747271427909,97.81494542855815,12.764490244112343,155.28980488224684
06013355310,13.331598773955205,166.63197547910406,20.75700373287998,315.14007465759965
06069000602,13.649517465219787,172.99034930439572,18.617745668644705,272.35491337289415
06013355202,11.676180492037261,133.5236098407452,19.353099047077205,287.0619809415441
06013346205,11.273680716259069,125.47361432518134,16.752787221536806,235.0557444307361
06013303105,9.650585940033281,93.0117188006656,14.614564409539438,192.29128819078872
06013313104,11.100102977484832,122.00205954969665,18.762670344815344,275.25340689630684
06109002202,9.744476111915276,94.88952223830549,13.48858228713194,169.7716457426388
06109004101,10.17887022687697,103.5774045375394,13.6077758117917,172.15551623583397
06109004102,10.127882030647179,102.55764061294357,13.778759974476444,175.57519948952879
06109005101,10.554518976753924,111.09037953507847,14.339783119300318,186.7956623860063
06109002101,11.325755575545811,126.51511151091619,16.814487975554414,236.28975951108825
06109003101,9.538049393322215,90.76098786644427,13.651273420083207,173.0254684016641
06047000903,11.335399242064167,126.70798484128333,15.67464454615395,213.49289092307896
06047001006,11.785714285714286,135.71428571428572,17.936507936507937,258.7301587301587
06047000306,10.615656356896743,112.31312713793486,16.156853336898514,223.13706673797023
06047002601,13.17859061395131,163.57181227902618,19.33212573066589,286.6425146133178
06111008601,6.976873227969531,39.5374645593906,4.002803533222899,-19.94392933554203
06111006101,17.576840196685225,251.53680393370456,17.4204733105013,248.40946621002595
06111003901,8.584594372932951,71.69188745865902,5.608450180534826,12.16900361069649
06111001510,11.825396825396826,136.5079365079365,10.912698412698413,118.25396825396822
06113011208,10.54756214132154,110.9512428264308,13.913199270588354,178.26398541176704
06111008308,16.149833742848287,222.9966748569657,20.482762778342767,309.6552555668553
06099003003,11.411037996507533,128.22075993015065,18.61066110225141,272.2132220450282
06099002506,10.580208953608349,111.604179072167,18.6573840499907,273.147680999814
06099002304,10.56029825145561,111.20596502911222,18.953865806705057,279.0773161341011
06099003203,9.717997151563193,94.35994303126378,13.89604769530693,177.92095390613852
06099003206,9.731954607835348,94.63909215670692,13.624458597648275,172.48917195296548
06113011207,11.529329378881355,130.5865875776271,14.158891896959059,183.17783793918113
06103000702,10.469686252043077,109.39372504086157,12.207074392436756,144.1414878487351
06019008405,12.865092759795758,157.3018551959151,23.2280402222043,364.5608044440859
06019005915,13.2166940152824,164.33388030564794,22.635775240242992,352.7155048048598
06019008304,13.122359245637831,162.44718491275665,23.48194391853123,369.6388783706245
06019000701,14.801587301587302,196.03174603174602,24.841269841269842,396.82539682539687
06019005526,15.030453292793387,200.6090658558677,25.53195560316456,410.6391120632911
06019007101,16.301638798963097,226.03277597926188,32.77503213800239,555.5006427600478
06019006002,14.080150195971676,181.6030039194335,25.991854773919925,419.83709547839845
06019006301,14.576875771896713,191.5375154379342,28.3348055187567,466.6961103751339
06029003220,19.42010488623706,288.4020977247412,35.45930449634698,609.1860899269395
06029006009,14.468894222254757,189.37788444509513,22.8229106222851,356.458212445702
06029002001,19.007936507936506,280.1587301587301,28.92857142857143,478.57142857142856
06029006600,18.859598844818198,277.19197689636394,35.52955861703349,610.5911723406697
06029003125,19.246031746031743,284.9206349206349,31.865079365079367,537.3015873015873
06029003127,18.53174603174603,270.63492063492066,32.77777777777778,555.5555555555555
06029004606,15.75449982269371,215.0899964538742,26.067628476306773,421.3525695261354
06029001105,20.02407708286216,300.4815416572432,33.9673919771677,579.347839543354
06029003217,19.087301587301585,281.74603174603175,32.73809523809524,554.7619047619047
06029004305,19.38191405447833,287.6382810895665,34.85508266342004,597.1016532684007
06029001003,17.385278594159935,247.7055718831987,30.75971417449165,515.1942834898329
06029003821,19.59261967912207,291.8523935824414,36.94464139885352,638.8928279770704
06029003822,19.07024208106612,281.40484162132236,36.58952625673119,631.7905251346237
06029000106,18.912463883614386,278.24927767228763,34.51953482331759,590.3906964663518
06029001804,19.287295891042795,285.7459178208559,31.68295600782678,533.6591201565354
06029004605,17.172311087831666,243.4462217566333,29.141437104072498,482.8287420814499
06029004801,16.047456499076482,220.94912998152967,25.590567408889203,411.811348177784
06029004704,16.83236046047213,236.64720920944254,29.072189910794506,481.44379821589007
06029000202,17.936507936507937,258.7301587301587,31.82539682539683,536.5079365079365
06029003814,19.44595818308527,288.91916366170534,35.3221719417936,606.443438835872
06029005409,25.180596655461756,403.6119331092352,45.981906301479725,819.6381260295946
06029002503,19.05031638906807,281.00632778136134,32.90889460221898,558.1778920443795
06029005513,26.254354701735018,425.0870940347003,44.478201230307604,789.5640246061521
06111001303,12.758725293248752,155.174505864975,12.325293972916516,146.50587945833033
06025011903,36.040177264313776,620.8035452862756,53.873646204682366,977.4729240936473
06025012202,33.968996431695885,579.3799286339178,49.68326260746998,893.6652521493996
06071010425,29.242971653932365,484.85943307864727,46.15017753471563,823.0035506943125
06071002315,17.545045896525643,250.90091793051283,22.106367413454798,342.12734826909593
06071010905,20.839044245538542,316.78088491077085,29.428624523065686,488.57249046131375
06071010432,30.902402534472813,518.0480506894562,48.13816480272328,862.7632960544655
06083001909,20.532935657582385,310.6587131516477,27.788171781543223,455.76343563086436
06083980400,12.961104117945776,159.22208235891554,17.548986885214475,250.97973770428956
06001441928,10.1135287939846,102.27057587969196,12.147252599894257,142.9450519978851
06001444304,6.864716505608648,37.29433011217294,5.356912925906874,7.138258518137452
06001403401,7.422111909095048,48.44223818190095,6.434183984719913,28.683679694398233
06001402801,7.420200633729919,48.404012674598356,6.434651445241467,28.693028904829326
06083001910,20.456144968236927,309.1228993647386,26.137248155207452,422.74496310414906
06083001308,6.928399325136226,38.56798650272451,5.892169932010471,17.84339864020939
06083001307,8.934577326781733,78.69154653563466,8.261198407016641,65.22396814033284
06083002307,11.871220222233354,137.42440444466706,11.021820601068535,120.4364120213707
06017030506,11.535053409914829,130.70106819829655,15.069454571006675,201.38909142013352
06017030202,13.97873084822504,179.5746169645008,20.09498883272925,301.899776654585
06017031602,14.457517441504194,189.15034883008389,20.882495115376372,317.64990230752744
06017031505,9.451900582639372,89.03801165278743,12.771366805542595,155.42733611085185
06017030403,11.585459778951545,131.7091955790309,13.90485348869428,178.0970697738856
06039000702,13.204278541735679,164.08557083471356,21.843271275779845,336.8654255155969
06039000512,12.956460755072222,159.12921510144443,22.026165310993893,340.5233062198779
06039000514,12.870026911349807,157.40053822699616,22.228618513729156,344.57237027458314
06039000517,12.85594359211353,157.1188718422706,21.62975900149437,332.59518002988744
06067007110,9.642857142857144,92.85714285714286,13.174603174603176,163.4920634920635
06067007028,9.682539682539684,93.65079365079364,12.976190476190478,159.52380952380952
06067008706,10.492537932487783,109.8507586497557,12.366444615002575,147.32889230005145
06067009643,10.157191635666468,103.14383271332933,14.826813402151494,196.53626804302985
06067009652,10.41832006070969,108.36640121419377,14.911591854274382,198.23183708548763
06067008601,9.430404214417504,88.60808428835003,12.954372195103701,159.087443902074
06067001701,9.007936507936508,80.15873015873015,13.571428571428571,171.4285714285714
06067004020,10.476190476190476,109.52380952380955,15.119047619047619,202.38095238095235
06067006704,10.079365079365079,101.58730158730154,12.619047619047619,152.38095238095238
06067006502,9.675870479881286,93.51740959762569,12.148084313295723,142.9616862659144
06067004015,9.86014617904731,97.2029235809462,14.271425958289932,185.4285191657986
06067009640,9.86744049190771,97.34880983815415,13.981339293572901,179.626785871458
06067008707,10.554097007551213,111.0819401510243,12.735831980197391,154.7166396039478
06067003002,9.249967765375061,84.99935530750125,13.309228042536805,166.1845608507361
06067004603,9.722222222222223,94.44444444444443,14.047619047619047,180.9523809523809
06071007308,23.555380582656127,371.10761165312255,34.836857383200375,596.7371476640074
06071010031,31.815630071271066,536.3126014254212,53.339686818584646,966.7937363716928
06071010041,30.787459476452625,515.7491895290525,51.58999299933221,931.7998599866442
06071009120,21.017021199443974,320.34042398887954,33.9520365801225,579.04073160245
06071010434,25.582177759516057,411.6435551903211,39.580774653176434,691.6154930635287
06071010029,31.58111972678429,531.6223945356858,54.983753184816074,999.6750636963214
06071007905,18.031278707903237,260.62557415806475,22.094059342313713,341.8811868462742
06071009133,23.09055999651101,361.81119993022014,37.93260469958697,658.6520939917394
06071007412,19.365079365079367,287.3015873015873,25.396825396825395,407.9365079365079
06071006102,18.22842348169574,264.5684696339148,23.385592484545242,367.7118496909049
06067006901,9.31489441740373,86.2978883480746,12.916952299267987,158.3390459853597
06065043292,28.15047432236848,463.0094864473694,44.948039520335755,798.9607904067151
06065042802,24.480513669931398,389.61027339862795,39.67974550378649,693.5949100757298
06065042747,25.36522118615169,407.3044237230338,41.82399558859577,736.4799117719155
06065042626,26.61137251051858,432.22745021037156,41.827136906869804,736.5427381373962
06067009653,10.445892330740186,108.91784661480375,14.735605361874615,194.71210723749232
06071009134,23.11330325242364,362.2660650484728,40.32894180053995,706.578836010799
06071008716,17.6706519474114,253.41303894822792,22.601062178747064,352.0212435749412
06071008406,19.370622286073115,287.4124457214623,26.509331179779085,430.18662359558164
06071002709,16.78977499245871,235.7954998491741,20.637973489151683,312.75946978303364
06071007307,23.882518900610997,377.65037801221985,36.83137431205096,636.6274862410191
06071004902,20.209042887195785,304.1808577439157,29.584752441058246,491.69504882116485
06071002309,18.979675325811215,279.59350651622424,23.89841727550081,377.9683455100162
06065041414,24.43053447508369,388.6106895016738,36.74174054765171,634.8348109530341
06065043203,22.15395171114497,343.0790342228992,35.05577167333907,601.1154334667815
06065051401,33.3443012825737,566.886025651474,57.476924994907094,1049.5384998981417
06065049701,22.589435342588402,351.788706851768,38.528511775644176,670.5702355128835
06065049502,38.488813933019834,669.7762786603965,60.747255596612554,1114.9451119322512
06065045619,23.808864119530657,376.177282390613,39.36350275469904,687.2700550939807
06065045615,27.70923762575485,454.18475251509693,47.03223629598116,840.6447259196233
06071001908,20.41611325990978,308.32226519819557,29.04756041030346,480.9512082060691
06071002046,18.114866220220414,262.29732440440824,23.39768319984644,367.9536639969288
06071002611,19.575802419854693,291.51604839709375,27.365419152090446,447.30838304180884
06071009502,25.00332105754864,400.0664211509728,42.60097497816703,752.0194995633406
06071009915,28.377019725472014,467.54039450944026,47.971290030448394,859.4258006089677
06071009723,31.67733179229714,533.5466358459428,57.08606904047997,1041.7213808095994
06071010039,32.18077012738996,543.6154025477994,56.86950325295366,1037.390065059073
06065044524,35.69679051748823,613.9358103497646,55.708743523469245,1014.174870469385
06065045613,22.902921057136194,358.0584211427238,40.43235155372552,708.6470310745102
06065049002,25.96347551396094,419.2695102792187,40.889260362910264,717.7852072582052
06065043522,23.682857345487545,373.65714690975085,36.02369800344675,620.473960068935
06065040304,20.981226189848506,319.62452379697015,30.093859099942634,501.8771819988526
06065050503,25.339847775964866,406.79695551929734,38.56159597641875,671.2319195283752
06107002402,16.450210791294847,229.0042158258969,32.372678757216626,547.4535751443327
06107001306,14.691071614916797,193.82143229833594,29.608810753141757,492.1762150628352
06107002401,16.712198721527592,234.24397443055184,34.45879903278869,589.1759806557737
06107000203,13.889772923255325,177.79545846510646,27.108321897716706,442.1664379543341
06107004302,16.902405742146684,238.04811484293367,28.477626597633275,469.55253195266545
06107001101,14.444444444444446,188.88888888888886,31.150793650793652,523.015873015873
06107004301,16.670001398512603,233.4000279702521,27.026763410125263,440.5352682025052
06037207712,16.11111111111111,222.22222222222223,17.738095238095237,254.76190476190476
06037206302,16.785714285714285,235.71428571428567,17.658730158730158,253.17460317460313
06037216901,13.373015873015873,167.46031746031747,12.222222222222221,144.44444444444443
06037207305,16.524706644772806,230.49413289545606,17.689436940017394,253.78873880034786
06037203602,17.341269841269842,246.82539682539687,18.293650793650794,265.8730158730159
06037433903,18.0236700930951,260.473401861902,20.192835469835742,303.85670939671485
06037216302,13.360496232661784,167.20992465323567,12.212310840275235,144.24621680550467
06037265306,12.261904761904763,145.23809523809524,9.325396825396826,86.5079365079365
06037211124,14.246031746031745,184.92063492063488,15.158730158730158,203.17460317460313
06037214904,12.579365079365079,151.58730158730157,10.753968253968255,115.07936507936506
06053014109,8.600375187426534,72.00750374853065,10.813254007401529,116.26508014803055
06075011102,5.158730158730159,3.1746031746031917,4.682539682539683,-6.349206349206355
06075013402,4.285714285714285,-14.285714285714306,3.0555555555555554,-38.88888888888889
06075010201,5.158730158730159,3.1746031746031917,4.682539682539683,-6.349206349206355
06075012001,5.158730158730159,3.1746031746031917,4.682539682539683,-6.349206349206355
06037800104,16.727822334170984,234.5564466834197,18.67187055288031,273.4374110576062
06037401707,20.5952380952381,311.9047619047619,23.92857142857143,378.57142857142856
06037800103,18.320799639469705,266.41599278939407,22.425163099886866,348.5032619977373
06037401802,20.5952380952381,311.9047619047619,23.92857142857143,378.57142857142856
06037401705,20.555628757564318,311.1125751512863,23.89094255778134,377.8188511556267
06037460601,15.340712360412098,206.8142472082419,17.347886467166834,246.9577293433367
06075012405,5.327552192045953,6.5510438409190455,4.7500684958659996,-4.998630082680012
06075061502,5.1190476190476195,2.380952380952394,3.6111111111111116,-27.777777777777786
06075035102,4.367731246103903,-12.64537507792195,3.1437602383357595,-37.124795233284814
06075060701,5.1190476190476195,2.380952380952394,3.6111111111111116,-27.77777777777779
06075010202,5.158730158730159,3.1746031746031917,4.682539682539683,-6.349206349206355
06075061501,5.1190476190476195,2.380952380952394,3.6111111111111116,-27.777777777777786
06075012404,5.158730158730159,3.1746031746031917,4.682539682539683,-6.349206349206355
06075012204,5.158730158730159,3.1746031746031917,4.682539682539683,-6.349206349206355
06075010902,5.158730158730159,3.1746031746031917,4.682539682539683,-6.349206349206355
06075011001,5.158730158730159,3.1746031746031917,4.682539682539683,-6.349206349206355
06075010702,5.158730158730159,3.1746031746031917,4.682539682539683,-6.349206349206355
06037111402,18.403543140154405,268.07086280308806,21.34702790698042,326.94055813960836
06037320101,16.308594720432094,226.17189440864186,19.291949618095014,285.83899236190024
06037236102,14.14100099336211,182.8200198672422,13.540172565029717,170.80345130059433
06037234001,14.484126984126986,189.6825396825397,14.246031746031745,184.92063492063488
06037276608,6.984126984126984,39.68253968253967,5.357142857142858,7.142857142857139
06037408707,19.272281375749355,285.4456275149871,25.179055328072145,403.581106561443
06037703003,10.119047619047619,102.38095238095232,7.896825396825396,57.93650793650792
06037980016,17.492390956912235,249.8478191382447,19.66518267109884,293.30365342197683
06037267504,9.365079365079366,87.30158730158729,6.904761904761905,38.0952380952381
06037407502,18.153581849390264,263.0716369878052,22.88860162113668,357.77203242273356
06037403409,19.12249657983947,282.4499315967895,23.223260808575013,364.4652161715003
06037264306,8.724178474454272,74.48356948908543,6.7942617512058545,35.88523502411708
06057000404,10.547028180666302,110.94056361332598,12.296751504880293,145.93503009760582
06057001208,11.931637386321064,138.63274772642131,13.246637077697216,164.93274155394428
06073018619,19.717194910093887,294.34389820187766,26.931662876460567,438.6332575292113
06073017064,19.178058975627636,283.5611795125527,23.053183832517448,361.0636766503489
06073019810,14.386115400478367,187.7223080095673,14.815721480671435,196.31442961342867
06073017307,4.563492063492064,-8.73015873015872,3.0952380952380953,-38.095238095238095
06073018302,3.3789787163009946,-32.42042567398013,2.024853491288054,-59.50293017423894
06073001301,22.93706757800834,358.74135156016683,28.46827625498139,469.3655250996277
06085511917,12.834535891385624,156.69071782771243,17.511062783663867,250.2212556732773
06085512515,12.294375551316069,145.88751102632136,15.119129567123617,202.38259134247238
06085512054,12.261904761904763,145.23809523809524,13.055555555555557,161.11111111111114
06061020607,11.691298603194197,133.82597206388388,12.105262443653022,142.10524887306045
06085503221,12.076200103930253,141.52400207860504,12.00582652431329,140.1165304862658
06085507003,12.399936997474247,147.99873994948493,14.93402798914271,198.68055978285417
06085507004,12.9650465169158,159.30093033831596,16.403462372794053,228.06924745588105
06085504903,9.206349206349207,84.12698412698413,10.0,99.99999999999997
06085512056,11.601261137874731,132.0252227574946,13.542345594314527,170.8469118862905
06085507704,13.333333333333334,166.66666666666663,16.909557155786388,238.19114311572775
06085512513,12.640065962744533,152.80131925489064,17.105528750885888,242.11057501771774
06085508708,8.905307805227988,78.10615610455973,10.061065518024602,101.22131036049201
06059062650,16.689394579199092,233.78789158398186,20.176881410950962,303.5376282190192
06061021325,10.000186501670916,100.0037300334183,12.510905698092333,150.21811396184665
06085502704,12.660058392561236,153.20116785122474,16.34064735456521,226.81294709130418
06059062654,20.21234923784272,304.2469847568544,25.24957250953471,404.9914501906942
06059042341,12.350052547931513,147.00105095863026,11.904365424631123,138.0873084926225
06059075517,17.196366756599495,243.92733513198988,20.43219731571744,308.64394631434885
06059052430,16.88902204693266,237.78044093865321,21.468293973769466,329.36587947538953
06059052434,15.987090775677371,219.74181551354746,20.018801569593645,300.37603139187286
06059075516,16.564190417650916,231.28380835301837,18.779637549914725,275.59275099829443
06059052529,18.214159175359782,264.28318350719564,22.896514801279935,357.9302960255986
06059052433,18.406218693418957,268.12437386837917,23.343529662815897,366.870593256318
06059063909,16.146082280484478,222.92164560968962,17.73141058737744,254.62821174754873
06059032062,20.020266702345637,300.4053340469127,28.07212238770098,461.4424477540195
06059099418,12.54137242145431,150.82744842908616,11.484310451378887,129.68620902757775
06059021831,18.739290608667424,274.78581217334846,19.899104755854374,297.9820951170875
06059062652,21.258462681822035,325.16925363644077,28.203941233163032,464.07882466326055
06053011606,14.304800414156013,186.09600828312023,21.804435835991814,336.08871671983627
06053011902,4.341910075509627,-13.16179848980747,3.1402129105915155,-37.19574178816969
06053012503,5.643461463463684,12.869229269273665,4.1431168031209955,-17.137663937580083
06053000105,7.023809523809524,40.47619047619045,8.373015873015872,67.46031746031744
06053011605,11.882121383297196,137.6424276659439,15.14836717254578,202.96734345091556
06073021502,16.84361046583848,236.8722093167696,18.726336269414826,274.5267253882965
06073007601,9.940961998919171,98.81923997838342,9.162698776353027,83.25397552706053
06073020030,13.55405783376569,171.08115667531382,12.779177959762936,155.58355919525877
06073022102,11.7741563576731,135.48312715346196,10.00847346840487,100.1694693680974
06073010018,17.80331213530051,256.06624270601014,22.74945094296923,354.9890188593846
06073005401,15.829417022349901,216.58834044699802,16.56961107373831,231.39222147476622
06073010201,5.483121397172914,9.662427943458287,3.569893131347851,-28.60213737304297
06073009307,23.4806343404579,369.6126868091579,30.24745633313607,504.94912666272137
06073021501,15.992063492063494,219.84126984126988,17.06349206349206,241.2698412698412
06073005202,17.71748510054692,254.3497020109384,19.711220002999735,294.22440005999465
06073021402,9.246031746031747,84.92063492063494,6.7063492063492065,34.12698412698413
06073020031,15.815609247068513,216.31218494137028,16.194572076722917,223.8914415344583
06073021305,24.49944458893507,389.9888917787014,36.11121907510081,622.2243815020161
06073013322,20.329375401233264,306.5875080246652,22.92524035212988,358.5048070425976
06073013424,22.323802083042228,346.4760416608445,28.23959524455273,464.79190489105457
06073020040,20.926945012035034,318.53890024070074,25.29396069136874,405.87921382737477
06073017062,16.363480203325082,227.26960406650164,17.91251974203722,258.2503948407444
06073016703,25.026304369947642,400.5260873989529,37.730000540825976,654.6000108165196
06073017066,18.783271209466477,275.6654241893296,22.223990303103754,344.479806062075
06073016705,24.196421695856394,383.9284339171279,34.95675850534039,599.1351701068077
06073020111,22.65930064740526,353.1860129481051,29.398725265757072,487.97450531514136
06073020044,17.920069679443593,258.4013935888719,20.55500414754076,311.10008295081525
06073019305,18.227911593320123,264.5582318664024,22.993881454893806,359.8776290978761
06073019304,17.16820595385475,243.36411907709493,19.868269785034357,297.36539570068715
06073016706,24.920154056035486,398.40308112070977,36.67257491817116,633.4514983634231
06073016813,22.569218246615154,351.384364932303,31.48475244950865,529.6950489901731
06073016704,25.630178416419337,412.6035683283867,38.21931635278539,664.386327055708
06073019811,13.725895082312531,174.5179016462506,13.585463874176344,171.70927748352693
06077005119,10.674020187499561,113.48040374999117,18.045992049730675,260.9198409946135
06077001300,10.539901881903072,110.79803763806144,13.656663778413334,173.13327556826658
06077005106,11.04980394397817,120.99607887956337,19.26920776351194,285.38415527023875
06077002800,10.623389420918073,112.46778841836147,15.929825729255139,218.59651458510274
06077003109,10.26974725028889,105.3949450057778,12.115833680404878,142.31667360809755
06037137203,21.666666666666668,333.3333333333333,28.333333333333332,466.66666666666663
06037131024,21.746031746031747,334.9206349206349,29.08730158730159,481.7460317460317
06037119802,20.238095238095237,304.76190476190465,24.365079365079364,387.30158730158723
06037650802,12.880688985103767,157.6137797020753,12.869785046262336,157.3957009252467
06037541402,17.46260084973463,249.25201699469255,19.053239698492078,281.0647939698415
06037207711,16.11111111111111,222.22222222222223,17.738095238095237,254.76190476190476
06037433506,17.7562696972918,255.1253939458359,21.412699116141464,328.25398232282924
06037276607,6.984126984126984,39.68253968253967,5.357142857142858,7.142857142857139
06037550802,18.78902723891494,275.78054477829875,20.171028101095484,303.4205620219096
06037113423,19.811511525691824,296.23023051383655,25.497828972046605,409.95657944093216
06037119801,20.22235338271445,304.4470676542889,24.328348369190856,386.5669673838171
06037134906,21.825396825396826,336.50793650793645,29.20634920634921,484.1269841269841
06037501301,19.22820949442267,284.56418988845337,19.45380171080867,289.07603421617335
06037232601,15.873015873015872,217.46031746031747,16.428571428571427,228.57142857142856
06037501302,19.166666666666664,283.3333333333333,19.047619047619047,280.9523809523809
06077003403,10.146488678198043,102.92977356396084,12.480443742595298,149.60887485190597
06077003601,10.693137563121425,113.86275126242847,14.108191973469944,182.16383946939885
06077001101,10.476190476190476,109.52380952380955,13.174603174603176,163.4920634920635
06077001102,9.851000233630314,97.02000467260628,13.46114870244325,169.22297404886496
06077000300,10.238095238095239,104.76190476190479,13.769841269841269,175.39682539682536
06077000600,10.515873015873016,110.31746031746033,13.531746031746032,170.6349206349206
06077000700,10.293405154864452,105.86810309728905,13.726989768593555,174.5397953718711
06077001900,10.518631204508722,110.37262409017445,13.553811540831678,171.07623081663354
06077003209,9.945618691713772,98.9123738342754,11.992153818776519,139.84307637553033
06077003307,10.365488557544229,107.30977115088461,12.182377831435604,143.64755662871207
06037236101,14.358963898978,187.17927797956003,13.98855339943955,179.77106798879095
06037265701,11.856161097019516,137.1232219403903,9.398735381928567,87.97470763857132
06037980031,10.03109051921087,100.62181038421741,9.88080441825224,97.61608836504477
06037980038,11.99738893492889,139.9477786985778,10.243896256546723,104.87792513093441
06037910218,28.915187238470267,478.30374476940534,47.324000741751476,846.4800148350296
06037670201,18.585129624918142,271.70259249836295,22.222726529282284,344.45453058564567
06037543305,17.08994026255946,241.79880525118918,19.624690647755656,292.49381295511307
06037541200,16.733600364635272,234.6720072927055,17.29589721844879,245.91794436897572
06037542106,18.759118249477016,275.1823649895403,19.54955950135333,290.9911900270666
06037501900,19.16392485798978,283.27849715979556,20.462481432806044,309.2496286561208
06037504200,19.624405063341328,292.48810126682656,20.93765609187607,318.75312183752135
06037554106,20.03582750218004,300.71655004360076,21.551474085121544,331.02948170243087
06037602510,13.550221307385558,171.0044261477111,10.34281024835918,106.85620496718361
06037243002,17.515408060341755,250.30816120683505,19.708706247910555,294.174124958211
06037920341,19.932231911714425,298.64463823428855,26.608474670198166,432.1694934039633
06037113323,16.698408794000994,233.96817588001983,21.539723103465402,330.794462069308
06037910607,29.689062768804703,493.781255376094,50.66845014998192,913.3690029996385
06037901214,29.29498638560841,485.89972771216816,46.95831355625222,839.1662711250445
06037910211,29.62880376819072,492.5760753638143,46.58034898158401,831.6069796316802
06037910814,21.53407272961265,330.6814545922529,30.26289222050185,505.257844410037
06037900808,28.43250219073582,468.6500438147164,46.41368110323951,828.2736220647902
06037501200,19.02900781941836,280.58015638836724,20.591281596644926,311.82563193289843
06037408302,18.033359443924805,260.667188878496,20.02830874507724,300.5661749015448
06037408004,18.412698412698415,268.25396825396825,23.96825396825397,379.36507936507934
06037407601,17.936507936507937,258.7301587301587,21.984126984126984,339.68253968253964
06037408003,18.412698412698415,268.25396825396825,23.96825396825397,379.36507936507934
06037407501,17.936507936507937,258.7301587301587,21.984126984126984,339.68253968253964
06037434100,18.052368215970645,261.04736431941296,21.469210170129443,329.3842034025888
06037406903,17.62450553775845,252.4901107551689,20.989737765184262,319.7947553036852
06037402403,19.379299553637992,287.58599107275984,23.701606919076077,374.03213838152163
06037405701,16.7058828013887,234.11765602777402,20.232421737031714,304.64843474063423
06037431800,16.930642305672706,238.6128461134541,18.88277518798983,277.6555037597966
06037800335,18.334194642532342,266.6838928506468,22.292190142991302,345.843802859826
06037430004,14.566762360156323,191.33524720312644,16.03406688744325,220.681337748865
06037143606,16.138809201653736,222.77618403307474,16.058112149999815,221.1622429999963
06037189703,14.31784827652162,186.35696553043235,14.833529523997294,196.6705904799459
06037463103,16.824790053031805,236.49580106063607,17.81613645048209,256.3227290096419
06037143802,16.305275481646692,226.10550963293383,15.871971056141588,217.43942112283173
06037400801,15.38172678515484,207.63453570309673,17.49317811702791,249.8635623405582
06037800328,18.471817436762223,269.4363487352444,24.12128409556766,382.4256819113532
06037461200,16.139803039460155,222.79606078920307,16.011121032562233,220.22242065124465
06037404503,15.952380952380954,219.0476190476191,19.28571428571429,285.7142857142857
06077004302,10.747223911167131,114.94447822334263,14.117031956939213,182.3406391387842
06077005122,11.33309469392145,126.66189387842898,19.318188194313766,286.36376388627525
06037189502,12.896825396825399,157.93650793650795,13.412698412698413,168.25396825396825
06037311601,15.849900874121053,216.998017482421,16.99292045705723,239.8584091411446
06037800338,18.77639082203141,275.52781644062816,22.72558232259346,354.5116464518692
06037403305,19.287250806611045,285.7450161322209,25.078544776750295,401.57089553500583
06037577606,7.817460317460317,56.349206349206355,6.111111111111111,22.222222222222214
06037267406,9.365079365079366,87.30158730158729,6.904761904761905,38.0952380952381
06037543605,15.788492582996927,215.76985165993852,17.68383584421478,253.6767168842956
06037141306,17.738535477713054,254.7707095542611,19.13578891934047,282.71577838680935
06037301901,15.723626206263503,214.47252412527004,17.762936524773124,255.25873049546252
06037261104,14.647715278829628,192.95430557659256,13.131199225916331,162.6239845183266
06037543803,16.666666666666664,233.33333333333331,20.198412698412696,303.96825396825386
06037570703,18.451873836996693,269.0374767399338,20.98265914991223,319.6531829982446
06037570305,17.8485058906251,256.970117812502,19.550515407313817,291.0103081462763
06009000220,11.216207229309958,124.32414458619914,17.072370345549594,241.44740691099184
06001451102,13.206362873437882,164.12725746875762,18.688089278371184,273.76178556742366
06001421400,7.023809523809524,40.47619047619045,7.341269841269842,46.82539682539681
06001404600,7.877568408142432,57.55136816284864,8.11919767087302,62.383953417460376
06001442100,10.03968253968254,100.79365079365076,12.103174603174603,142.06349206349205
06001434000,8.055555555555555,61.111111111111114,9.285714285714286,85.71428571428572
06001435500,7.845313335768029,56.90626671536059,8.542757208569748,70.85514417139497
06001430500,8.055803161291154,61.11606322582305,9.285384144733491,85.70768289466982
06001422800,7.182539682539684,43.650793650793645,7.222222222222223,44.44444444444443
06001440200,9.873767517454532,97.4753503490906,10.393800191142091,107.87600382284185
06001441401,9.306483466651384,86.12966933302765,9.07416877722845,81.48337554456896
06099000806,11.273272585210037,125.46545170420077,19.815857275764316,296.31714551528626
06001436500,8.260233422667907,65.20466845335817,8.653538631856676,73.07077263713352
06001405200,7.617985829875067,52.359716597501325,7.178504883683988,43.57009767367975
06001405100,7.563895509993163,51.27791019986324,7.27905587338498,45.58111746769957
06001402700,7.414391891788159,48.287837835763156,6.515973832426106,30.31947664852211
06001404700,7.591224720299452,51.824494405989014,7.653630430802865,53.072608616057266
06001441602,9.911057162061393,98.22114324122785,10.471401596903712,109.42803193807426
06001441302,9.150870614065832,83.01741228131661,10.085052531992515,101.70105063985028
06001404800,7.341269841269842,46.82539682539681,7.380952380952381,47.61904761904759
06001441601,9.483581534663328,89.67163069326654,9.738901513201167,94.7780302640233
06001406300,7.619047619047619,52.38095238095235,7.182539682539684,43.650793650793645
06001407600,6.939438577310217,38.788771546204345,6.7447195463496445,34.89439092699286
06001423601,7.182539682539684,43.650793650793645,7.222222222222223,44.44444444444443
06001407900,7.633003226095381,52.6600645219076,8.05193916605112,61.0387833210224
06001428100,6.944444444444445,38.888888888888886,6.071428571428571,21.428571428571416
06001407300,6.881941505079128,37.638830101582556,6.508949146985783,30.178982939715652
06001407500,6.865079365079365,37.30158730158729,6.626984126984127,32.53968253968253
06001433000,7.392751789304448,47.85503578608893,9.226178354087153,84.52356708174304
06001408500,6.984126984126984,39.68253968253967,7.658730158730158,53.174603174603135
06001403800,7.489246169376399,49.78492338752794,7.409692219464321,48.19384438928638
06001422300,7.0933608397067704,41.867216794135366,7.167370456932941,43.34740913865879
06001441522,9.317444716623402,86.34889433246803,8.936445533160272,78.72891066320543
06001450742,12.572676854951858,151.45353709903716,17.84691640803154,256.9383281606308
06001410100,7.3859275780369185,47.71855156073836,9.201349299266296,84.02698598532592
06001421300,6.582603538155228,31.652070763104525,6.49722360784423,29.944472156884583
06099001200,10.657246652520161,113.14493305040322,19.18734933775529,283.7469867551058
06099003908,11.031746031746032,120.6349206349206,17.738095238095237,254.76190476190476
06099003803,10.78051775798696,115.61035515973919,16.718548317301867,234.3709663460374
06099001700,10.598450304233491,111.96900608466981,18.040434656098387,260.80869312196774
06013335000,12.428617506035454,148.57235012070907,20.163057385636606,303.26114771273217
06019004703,14.642857142857142,192.8571428571428,26.02449495633596,420.48989912671914
06019004802,14.762925401508312,195.25850803016624,26.087162151123497,421.74324302246987
06019005203,14.67674792304917,193.53495846098332,23.832645511932483,376.65291023864967
06019005302,14.721733821539711,194.43467643079416,24.09462759753928,381.89255195078556
06019005304,14.46419419372889,189.28388387457773,23.313217501821583,366.26435003643167
06019007802,16.301436582216322,226.02873164432646,31.09883606787507,521.9767213575014
06019008100,18.945051102508454,278.90102205016905,33.759811224395314,575.1962244879063
06019007400,15.691961398542645,213.83922797085293,32.19681820602266,543.9363641204534
06019006802,14.714567552106338,194.29135104212673,30.256025856952192,505.1205171390439
06019006700,15.54935704915755,210.987140983151,29.892259322588593,497.8451864517717
06019007700,15.486891291784916,209.7378258356983,31.393112784905483,527.8622556981096
06019007004,15.162758594481186,203.25517188962368,31.689617350145113,533.7923470029023
06019001201,14.819466947357855,196.38933894715703,25.58615925670925,411.7231851341849
06019004409,14.641191152798353,192.82382305596698,25.608459759034893,412.1691951806978
06019002400,14.696059552207883,193.92119104415764,23.607773913651123,372.1554782730224
06019002502,14.523809523809526,190.47619047619048,22.976190476190474,359.5238095238095
06019003001,14.246031746031745,184.92063492063488,22.063492063492063,341.2698412698412
06019004406,14.84802571895717,196.96051437914332,25.843103583723984,416.8620716744796
06019001600,14.95559857303497,199.11197146069938,29.533376830482673,490.66753660965344
06019001700,15.75566346401701,215.11326928034018,30.665304624790828,513.3060924958165
06019001413,14.68745421269139,193.74908425382773,25.23799048434735,404.75980968694694
06019001500,14.762249853650868,195.24499707301732,26.86274474641438,437.2548949282875
06019004302,14.583623182145768,191.67246364291535,25.47201766570508,409.44035331410157
06019004503,14.632208411360546,192.6441682272109,26.1942993356463,423.88598671292596
06019005605,14.880952380952381,197.6190476190476,25.357142857142854,407.1428571428571
06019005801,14.059291570455727,181.18583140911448,22.696070117921032,353.92140235842055
06019005701,13.9458738971957,178.91747794391395,22.89970914159611,357.9941828319221
06019000200,14.956018676998438,199.1203735399687,23.991897276508595,379.83794553017185
06019000400,15.364217168139508,207.28434336279014,24.89145330041865,397.829066008373
06019005703,13.625919631407317,172.5183926281463,22.730690977947138,354.61381955894274
06019003202,14.714410681919459,194.2882136383891,23.833895687685178,376.67791375370354
06019004213,14.181005286675344,183.62010573350685,23.753805095514515,375.0761019102902
06019005512,13.781439842175196,175.6287968435039,24.00656586766482,380.1313173532963
06019004210,14.141321676062175,182.82643352124347,23.496164595841755,369.92329191683496
06019004404,14.70722596026459,194.14451920529177,26.06386532000215,421.27730640004296
06013326000,11.314252226334574,126.28504452669148,17.137294494134963,242.74588988269926
06013340001,10.562619774605725,111.2523954921145,17.347038214063083,246.94076428126164
06013355107,13.70661877905023,174.1323755810045,23.78119452217046,375.6238904434092
06013302007,8.373015873015872,67.46031746031744,12.619047619047619,152.38095238095238
06013365002,5.069753489371133,1.395069787422687,3.6268654585966,-27.462690828067995
06013384000,4.791691196012932,-4.166176079741346,4.346465447108786,-13.070691057824293
06013388000,5.403051227970263,8.06102455940525,5.382820130295841,7.656402605916806
06013338101,12.936507936507939,158.73015873015873,20.35714285714286,307.1428571428572
06013330000,11.78275717861573,135.6551435723146,19.580634497958116,291.6126899591622
06013317000,10.969806541451227,119.39613082902454,14.634062629524195,192.68125259048384
06013321101,11.856554369985703,137.13108739971403,15.54771237402105,210.95424748042097
06013322000,12.335259935009688,146.70519870019373,17.866513891359396,257.33027782718784
06013325000,11.208215490902992,124.16430981805986,17.54760484037091,250.95209680741814
06013360102,7.549938610043864,50.99877220087727,9.093330542569378,81.86661085138755
06013361000,5.893194494746279,17.86388989492558,6.722900715577961,34.458014311559225
06013391000,5.892424163115676,17.848483262313493,5.837292400735128,16.74584801470256
06013392000,7.027772755912109,40.55545511824215,8.287025681507902,65.74051363015803
06013369001,4.2935736228010555,-14.128527543978901,3.6582671336317274,-26.834657327365452
06013367100,5.257309979289276,5.146199585785481,4.494376994208815,-10.112460115823716
06013368001,4.0476190476190474,-19.04761904761905,2.182539682539683,-56.34920634920635
06013377000,3.713826678010516,-25.723466439789696,2.1785891178804944,-56.428217642390116
06013381000,4.261824061171296,-14.763518776574085,3.1894508882904162,-36.21098223419168
06013356001,9.371924880361192,87.43849760722384,11.939535310881245,138.79070621762486
06013306004,8.451672651741516,69.0334530348303,12.597199497394612,151.94398994789222
06013306002,7.975650128410904,59.51300256821805,11.36130344799183,127.22606895983657
06013305000,9.254817604850519,85.09635209701035,15.2845849086621,205.69169817324197
06013338102,12.842511378512881,156.8502275702576,20.306568191840782,306.13136383681564
06013338203,12.085828977467653,141.71657954935307,19.813186447268112,296.26372894536223
06001436200,7.341269841269842,46.82539682539681,8.015873015873016,60.31746031746033
06001427800,6.944444444444445,38.888888888888886,6.071428571428571,21.428571428571416
06001428500,6.944444444444445,38.888888888888886,6.071428571428571,21.428571428571416
06013343003,11.544024160281491,130.8804832056298,17.59739953798536,251.94799075970718
06013352102,9.816264326232085,96.3252865246417,11.412896941336431,128.25793882672863
06013347000,11.265556066552737,125.31112133105472,14.95716635680418,199.1433271360836
06013355306,13.473080405194013,169.46160810388025,22.472098188845592,349.4419637769118
06013334001,13.112418883252667,162.2483776650533,20.989024499505806,319.7804899901161
06001421500,7.029318195146917,40.586363902938324,7.350137458544671,47.00274917089338
06001421900,6.111111111111111,22.222222222222214,5.595238095238095,11.904761904761884
06001421700,7.023809523809524,40.47619047619045,7.341269841269842,46.82539682539681
06001427700,7.195061447148989,43.90122894297976,5.789484443385961,15.789688867719185
06001440332,8.95572833065125,79.11456661302499,7.665365323373613,53.30730646747225
06001401700,7.361771255919025,47.23542511838045,6.646389312810325,32.92778625620647
06001400400,7.201836575620881,44.036731512417575,7.199065950524787,43.98131901049571
06001401000,7.380952380952381,47.61904761904759,6.984126984126984,39.68253968253967
06001441923,10.873015873015873,117.46031746031744,12.380952380952381,147.61904761904762
06001451601,12.621254889805734,152.42509779611467,18.37175457543981,267.4350915087961
06013333200,12.399438993390568,147.98877986781133,20.00950952118307,300.1901904236614
06001451202,12.69473289164361,153.89465783287218,18.884285430522027,277.6857086104406
06001422000,7.0615003212760845,41.23000642552166,6.742182563181202,34.84365126362402
06001441402,9.304006275275908,86.08012550551815,9.088041048931105,81.76082097862208
06001430400,7.954708906685879,59.094178133717584,9.36053970232353,87.2107940464706
06001405000,7.590923619479389,51.81847238958775,7.215937035469868,44.31874070939734
06001405800,7.619047619047619,52.38095238095235,7.182539682539684,43.650793650793645
06001404501,7.692268861235733,53.845377224714674,7.750256711465301,55.00513422930602
06001410300,6.56240207860006,31.24804157200119,8.463841342008832,69.27682684017665
06001442000,10.552302721408044,111.04605442816089,12.293194696815892,145.8638939363178
06005000401,10.11018537879424,102.20370757588476,12.31637765032809,146.32755300656177
06005000402,9.522331429525188,90.44662859050376,11.22805246096445,124.56104921928902
06001427200,7.0730091803930435,41.46018360786087,6.223089891996164,24.46179783992327
06001450604,11.66343340522219,133.26866810444378,15.743187236428552,214.86374472857102
06001433200,7.131748653941141,42.6349730788228,8.687306817302757,73.74613634605512
06001443103,10.461164823045573,109.22329646091147,11.57117575352504,131.4235150705008
06001442800,10.987017034608074,119.74034069216142,12.634173172446038,152.68346344892075
06005000101,9.314116549357255,86.28233098714509,11.740587931207457,134.81175862414915
06085503508,11.472159549516004,129.4431909903201,13.023684178397087,160.4736835679417
06085503313,10.768714463337327,115.37428926674653,12.282315542799118,145.64631085598234
06085503213,11.261712190232597,125.23424380465192,11.462834581848186,129.25669163696375
06085504317,9.684602877881485,93.69205755762965,10.25153851238025,105.03077024760495
06085504422,9.761730848660678,95.23461697321355,10.453035081657157,109.06070163314317
06085500200,9.540034828987574,90.80069657975147,9.653223823007488,93.06447646014975
06085511302,11.365339263332677,127.30678526665352,12.176355361875864,143.52710723751724
06085511100,9.293999156545343,85.87998313090687,9.321403443632294,86.42806887264584
06085510802,9.841269841269842,96.82539682539681,9.404761904761905,88.0952380952381
06085510600,12.046157454633763,140.92314909267526,13.634244570801355,172.6848914160271
06085510200,12.738903268158866,154.7780653631773,14.261386040066924,185.22772080133845
06085509500,10.45660618057501,109.13212361150019,10.871850711369323,117.43701422738641
06085512401,12.14602033580901,142.92040671618017,14.726417736607253,194.52835473214503
06085512314,11.894825707164863,137.89651414329722,12.41034269137481,148.20685382749622
06085502001,10.06080556397281,101.21611127945621,11.21627752818367,124.32555056367337
06085501402,10.248784560306,104.97569120611998,11.84948850861932,136.98977017238641
06085501200,9.702598355809092,94.05196711618183,9.99664517669183,99.9329035338366
06085506702,12.728045232530443,154.56090465060893,16.08993624862078,221.7987249724156
06085504418,9.703673922848141,94.0734784569628,9.929329175888418,98.58658351776833
06085512604,12.83585060079592,156.71701201591839,17.571114609749483,251.42229219498964
06085504601,6.779508694388605,35.59017388777209,5.096318529380283,1.9263705876056516
06085510100,13.028630798632662,160.5726159726532,16.01448237761355,220.289647552271
06099002002,11.337109917268382,126.7421983453676,19.584273667267396,291.685473345348
06099003802,10.1984126984127,103.968253968254,16.785714285714285,235.71428571428567
06099003201,9.921496322145606,98.42992644291208,14.251046785584442,185.0209357116888
06099003907,11.397745771308834,127.95491542617668,18.137367681254656,262.7473536250931
06099002702,10.848595363223943,116.97190726447883,19.368131140074006,287.36262280148014
06099003700,10.192763989520833,103.85527979041666,16.654980477376057,233.09960954752117
06099000505,11.30952380952381,126.19047619047619,19.398604241884648,287.97208483769293
06099001800,10.662808360129787,113.25616720259576,19.32759577402433,286.5519154804866
06035040302,12.684651860603076,153.69303721206148,15.154069882782984,203.0813976556596
06085512035,13.014202834477588,160.28405668955176,16.612483524028328,232.24967048056655
06085512037,12.81746031746032,156.34920634920638,15.515873015873016,210.3174603174603
06085512032,12.859340820544125,157.1868164108825,15.934905887837765,218.6981177567553
06085512031,12.764113291410562,155.28226582821122,15.542546528897894,210.8509305779579
06085512025,12.85714285714286,157.14285714285717,12.976190476190478,159.52380952380952
06085512022,11.79689731431177,135.93794628623544,13.398192622203023,167.96385244406042
06085512019,12.662474403487632,153.24948806975263,13.002146270011176,160.04292540022345
06085503305,10.645037660237367,112.90075320474733,11.417276380763353,128.34552761526703
06085512005,12.828688168301229,156.57376336602454,13.246510020185964,164.93020040371925
06085511914,13.106615010395736,162.13230020791474,16.154684169712453,223.09368339424907
06085511911,12.681865950129307,153.63731900258617,17.30294554708588,246.0589109417176
06085511905,12.905916924677896,158.1183384935579,17.111732492913024,242.23464985826047
06085507905,13.340054778873059,166.80109557746115,17.749335407475506,254.98670814951012
06085508601,10.195980750422503,103.91961500845002,11.26186806046422,125.23736120928433
06085508404,10.912698412698413,118.25396825396822,12.85714285714286,157.14285714285717
06085507806,13.333333333333334,166.66666666666663,16.071428571428573,221.42857142857144
06085506804,13.32381885072046,166.47637701440917,18.20477123167284,264.0954246334568
06085506802,13.274972624252872,165.49945248505745,18.051463192146212,261.0292638429242
06085506606,11.965315190931786,139.30630381863568,15.26245036707698,205.24900734153954
06085507402,13.001910820191737,160.0382164038347,16.907563162885275,238.15126325770547
06085507401,13.331277461146332,166.6255492229266,17.756118755897152,255.12237511794302
06085506101,10.595238095238095,111.9047619047619,12.81746031746032,156.34920634920638
06085505700,9.594711328602896,91.8942265720579,10.791717338060383,115.83434676120764
06085505500,9.417371532541585,88.34743065083167,10.140166326979347,102.80332653958695
06085504315,10.13606049295013,102.72120985900261,11.64403949915659,132.88078998313173
06085504602,7.7226085749625035,54.45217149925006,7.286978166913565,45.73956333827128
06085506604,12.53756283051219,150.7512566102438,16.231218584743907,224.6243716948781
06085506603,12.285125292348665,145.70250584697328,15.559584845522751,211.19169691045508
06085505100,9.084538996893158,81.69077993786314,9.385163417496699,87.70326834993396
06085513000,12.429356420140717,148.58712840281433,15.695769632477703,213.91539264955404
06085503312,11.241414424666864,124.82828849333725,13.314239998386563,166.28479996773126
06085507702,14.14510598602276,182.90211972045515,17.42615240409995,248.52304808199892
06085503803,10.119435837024364,102.38871674048724,11.045455434836033,120.90910869672064
06085503708,10.07815033667624,101.56300673352474,12.027049782826868,140.54099565653735
06085503802,11.507794393227282,130.15588786454563,14.047311772572073,180.9462354514414
06085503315,11.039662927765134,120.79325855530264,12.366701968117997,147.33403936235993
06085503601,10.063638004284043,101.27276008568082,11.992195989791362,139.84391979582728
06085503331,11.310184941846973,126.20369883693948,12.509364084020769,150.18728168041534
06085505401,9.365079365079366,87.30158730158729,11.19047619047619,123.80952380952377
06085505305,9.365079365079366,87.30158730158729,11.19047619047619,123.80952380952377
06085505203,9.31211984459867,86.24239689197341,9.768667728031229,95.37335456062458
06085505007,9.204741210906873,84.09482421813746,9.986332038740168,99.72664077480333
06007000501,10.791106154193336,115.82212308386673,13.328570685772052,166.571413715441
06007000601,10.589827748046094,111.7965549609219,13.644646728661323,172.89293457322643
06007001000,10.356067474383016,107.12134948766035,12.631292012403698,152.62584024807396
06007001300,10.269483045986238,105.38966091972478,12.520891372189498,150.41782744378995
06007002500,9.278865866033215,85.57731732066426,11.265356033404078,125.30712066808152
06007002900,9.064933616316788,81.29867232633575,11.362043131354971,127.2408626270994
06007001702,9.853405563162541,97.0681112632508,10.332008037083126,106.64016074166253
06023010102,9.591561879954615,91.83123759909228,9.95821826404373,99.16436528087459
06023000700,7.469915972714859,49.398319454297145,7.991805794044904,59.83611588089806
06007001800,9.98134062522229,99.6268125044458,10.55572690982134,111.11453819642678
06007002300,9.84482956996781,96.8965913993562,11.054673772502886,121.09347545005772
06023000900,8.322426211790301,66.44852423580602,8.677288703099524,73.54577406199047
06023000100,7.129375090648757,42.58750181297512,7.00459149351392,40.09182987027838
06023010400,7.788752450613874,55.77504901227746,7.5206661532889,50.41332306577797
06079010403,6.87064481624487,37.412896324897424,5.408489702974319,8.16979405948639
06081605600,10.20076739671908,104.01534793438157,12.625755087849445,152.51510175698886
06081605700,11.208308504873672,124.1661700974734,13.909408001502227,178.18816003004443
06081606800,11.124101684660044,122.48203369320085,13.095068506762368,161.90137013524736
06081608900,11.31717996194271,126.34359923885418,12.592577271544481,151.85154543088962
06081609601,12.916369848481317,158.32739696962625,14.005665873742675,180.1133174748535
06081611300,13.163194043534505,163.2638808706901,14.795882736052969,195.91765472105934
06081612900,13.48542028247673,169.70840564953454,17.753793606158315,255.0758721231663
06081613200,13.907681643629378,178.15363287258756,17.289775365549296,245.7955073109859
06081612500,11.591423117729398,131.82846235458794,12.628321062510194,152.56642125020386
06081608800,11.096544524092003,121.93089048184004,12.323286952267964,146.46573904535924
06081611100,13.85976186922341,177.1952373844682,15.14403140691,202.88062813819994
06081608023,9.325396825396826,86.5079365079365,10.317460317460318,106.34920634920638
06081610304,10.604711663145554,112.09423326291109,10.70172563378142,114.0345126756284
06081610100,12.936507936507939,158.73015873015873,13.531746031746032,170.6349206349206
06081610203,12.78815142164855,155.76302843297097,13.394801556491212,167.89603112982422
06081602900,4.491100006889193,-10.177999862216154,2.7779737411314787,-44.44052517737043
06081603000,4.565184821753793,-8.696303564924124,2.819600219413825,-43.6079956117235
06081602300,5.626316201637509,12.526324032750171,4.333591240262958,-13.328175194740822
06081603300,7.16323076042869,43.2646152085738,6.334328919315967,26.68657838631931
06081605300,9.523809523809524,90.47619047619045,11.666666666666666,133.33333333333331
06081605200,9.713257823726979,94.26515647453955,11.39602623821316,127.9205247642632
06081600600,4.5936317339806685,-8.12736532038662,3.0542078459888082,-38.91584308022384
06081601400,4.126329916968057,-17.473401660638846,2.580673499397217,-48.38653001205565
06081601604,4.2397249059485675,-15.20550188102865,2.659894207196823,-46.80211585606354
06081603700,5.171121222538039,3.422424450760774,4.256718054521925,-14.865638909561492
06081610700,12.646935321374585,152.9387064274917,13.758270790961875,175.16541581923747
06081611000,13.104521694321383,162.0904338864276,14.427819406751066,188.55638813502128
06081606100,9.395614097864032,87.91228195728058,10.52769575560395,110.553915112079
06081603400,7.396386456097038,47.92772912194074,7.239786465358011,44.79572930716021
06081606400,11.116204512965997,122.32409025931992,12.875621671635804,157.51243343271602
06081601000,4.1079795486440185,-17.84040902711963,2.617374236045296,-47.652515279094075
06081601800,4.847811278632324,-3.043774427353533,3.6283653517193404,-27.432692965613196
06081604000,6.867953320716881,37.35906641433759,6.624962908841084,32.499258176821655
06081601700,4.439120716965879,-11.217585660682431,2.8446870436486744,-43.10625912702652
06081601501,4.1269841269841265,-17.46031746031747,2.5793650793650795,-48.412698412698404
06079011800,10.43944085448054,108.78881708961084,9.914046617080778,98.28093234161557
06079012503,20.73018215513301,314.6036431026602,26.975902033088083,439.5180406617616
06079010404,7.540976451060177,50.819529021203536,6.194486172586615,23.889723451732273
06079011501,13.722150863709103,174.44301727418213,16.011138897977165,220.22277795954332
06079011103,13.479284864602583,169.58569729205163,14.82960181851683,196.5920363703366
06065044807,24.006119087646486,380.1223817529297,40.46185568080545,709.2371136161088
06065045103,26.06198127891196,421.23962557823927,43.6974357356336,773.9487147126717
06065040806,19.60617024258985,292.123404851797,24.87297449790214,397.4594899580428
06065041004,20.83949057410057,316.7898114820115,29.460396952668752,489.20793905337496
06101050701,10.219132190129006,104.3826438025801,13.099436393829103,161.98872787658206
06101051100,10.848524029893051,116.970480597861,13.704942617425168,174.0988523485033
06101050800,10.255707980808879,105.11415961617755,12.450008247841389,149.00016495682772
06101050101,8.75838118757081,75.16762375141619,11.184349460667198,123.68698921334396
06101050501,9.120419746389711,82.40839492779418,11.478930393007625,129.5786078601525
06101051000,9.89218231818171,97.84364636363418,12.848565753935686,156.97131507871373
06041106002,10.64138379991394,112.82767599827878,13.044180676854825,160.88361353709647
06041107000,13.17808864754875,163.56177295097493,14.33439927990455,186.68798559809096
06041112100,10.758923035195311,115.17846070390618,13.050429143943377,161.00858287886757
06041124200,6.134023436722211,22.680468734444197,6.119238413434926,22.38476826869852
06041127000,11.941978594568571,138.8395718913714,13.161328579085728,163.22657158171455
06041128200,11.203577246414248,124.07154492828492,11.75720453399449,135.14409067988976
06041128100,9.012398561378495,80.24797122756989,8.656276194242167,73.12552388484333
06065042212,24.062893346451162,381.2578669290231,35.74180626443305,614.8361252886608
06065041411,22.925373599289944,358.5074719857989,32.41798132483626,548.3596264967252
06065041202,22.141273797663967,342.8254759532793,31.78469797667451,535.6939595334902
06065040902,21.388524261657437,327.7704852331487,30.55585705934689,511.11714118693783
06065041003,21.029754697146835,320.59509394293667,28.895431462605963,477.90862925211917
06065042009,26.46826228178923,429.36524563578456,43.67260367974539,773.4520735949077
06065043509,23.225000509169988,364.50001018339964,33.4522121989841,569.0442439796822
06065043506,23.97151347128778,379.43026942575557,36.97434847502555,639.4869695005111
06065043312,26.071428571428573,421.42857142857144,41.03174603174604,720.6349206349207
06065043310,26.981539268181724,439.6307853636346,41.562999070867285,731.2599814173454
06065043307,26.29963023249067,425.99260464981336,42.758225216197815,755.1645043239563
06065044509,38.24413623885912,664.8827247771825,59.41813417027724,1088.3626834055447
06065044510,37.17779756224243,643.5559512448486,58.40795629240116,1068.1591258480232
06065045207,39.72222222222222,694.4444444444443,61.07142857142856,1121.428571428571
06065044911,38.913392452590585,678.2678490518117,57.542842607532755,1050.856852150655
06065045109,23.4947316603287,369.894633206574,41.18485827559303,723.6971655118605
06065041405,24.1562084316669,383.124168633338,35.60681412835876,612.136282567175
06065040702,20.181281164962943,303.6256232992588,28.127600597003926,462.55201194007856
06065042003,25.65185568410012,413.03711368200226,41.930973775490585,738.6194755098118
06065040603,19.529830693754104,290.5966138750821,27.648175189897366,452.96350379794734
06065043404,25.952380952380956,419.04761904761904,42.5,750.0
06065046401,20.98926524225507,319.78530484510134,31.487161318914985,529.7432263782996
06065041805,20.464259002262487,309.2851800452497,27.84295144152536,456.8590288305071
06065041500,20.18490351187201,303.6980702374402,26.201736365844063,424.03472731688123
06065030602,24.847682949851077,396.95365899702153,39.104763527158696,682.0952705431739
06065030400,22.97668797025625,359.5337594051249,35.52907897196252,610.5815794392504
06065043900,20.889503625777415,317.7900725155483,29.82496624523745,496.49932490474896
06065043702,25.64260593458355,412.85211869167097,38.71355670295147,674.2711340590296
06065044104,17.72659124304328,254.5318248608657,22.939643166213358,358.79286332426716
06065043809,17.75956921663228,255.1913843326456,24.045068501709693,380.9013700341938
06065046405,22.825644553751644,356.5128910750328,39.755771025562844,695.1154205112568
06065041810,21.548197473407498,330.96394946814996,31.305877880740283,526.1175576148056
06065031701,24.886440558631755,397.728811172635,39.75610972334993,695.1221944669985
06065041807,20.31746031746032,306.34920634920644,27.73809523809524,454.7619047619047
06065031704,24.413868354243593,388.2773670848718,38.46408924457169,669.2817848914339
06065042411,23.42618010528072,368.5236021056144,34.55475844779198,591.0951689558397
06065042404,23.690476190476193,373.8095238095238,34.642857142857146,592.8571428571429
06065042402,22.18253968253968,343.65079365079356,32.301587301587304,546.031746031746
06075031100,5.46615277307414,9.323055461482781,4.150699996237089,-16.98600007525822
06075035201,4.37404129705308,-12.519174058938422,3.164793741499681,-36.704125170006385
06075040100,4.2907669261423065,-14.184661477153858,3.0617310049675828,-38.76537990064835
06075047902,4.364416961646067,-12.711660767078692,3.135914240070585,-37.28171519858832
06075060100,4.248922898698411,-15.021542026031778,3.2027211036190497,-35.945577927619006
06047000603,11.703782206012306,134.07564412024615,16.626984126984127,232.53968253968253
06075060400,4.26831539431121,-14.633692113775817,3.1393613229900783,-37.21277354019844
06075023003,6.42857142857143,28.571428571428584,5.595238095238095,11.904761904761884
06075026003,5.696623978857486,13.932479577149707,4.095076094117278,-18.098478117654437
06065041809,21.42857142857143,328.57142857142856,30.158730158730158,503.174603174603
06065042007,24.43881072247001,388.7762144494001,39.49106496622308,689.8212993244614
06075026302,5.4705425410924,9.410850821847987,3.5287559484588145,-29.42488103082371
06075026404,5.476190476190476,9.523809523809518,3.5317460317460316,-29.365079365079367
06075010300,5.158730158730159,3.1746031746031917,4.682539682539683,-6.349206349206355
06075011300,5.158730158730159,3.1746031746031917,4.682539682539683,-6.349206349206355
06075011700,5.128139041275758,2.562780825515163,3.8565795112708487,-22.86840977458304
06075015100,5.158730158730159,3.1746031746031917,4.682539682539683,-6.349206349206355
06075015500,4.878100723480752,-2.437985530384965,4.159548462302151,-16.80903075395699
06075016400,5.201168856344651,4.023377126892999,4.3979654267089465,-12.040691465821087
06075017000,5.096614439250936,1.9322887850187023,4.154005120156945,-16.9198975968611
06075018000,5.169562695891655,3.391253917833114,3.8552673158572865,-22.894653682854287
06075020900,5.475147005308621,9.502940106172396,4.683235329794254,-6.335293404114944
06075021300,5.480360290606325,9.607205812126493,4.2775862010855406,-14.448275978289203
06075021700,5.590198319985155,11.803966399703079,4.249936433765901,-15.001271324681982
06075022600,5.1190476190476195,2.380952380952394,3.6111111111111116,-27.777777777777786
06065041201,22.8501688506287,357.003377012574,33.252074273141126,565.0414854628225
06065041404,24.357085064606242,387.14170129212476,36.023081215335914,620.4616243067182
06065042723,26.493096427179612,429.86192854359217,41.70725007600605,734.1450015201208
06065042717,25.17211858515074,403.4423717030148,40.374774594979655,707.4954918995928
06065042902,23.303928438542325,366.07856877084646,37.45908546610421,649.1817093220843
06065042903,24.778881901775677,395.5776380355136,40.01143017812256,700.228603562451
06065043217,26.710140294774735,434.20280589549463,41.56331381590822,731.2662763181643
06075022803,5.357142857142858,7.142857142857139,4.761904761904762,-4.761904761904773
06075025200,5.833333333333333,16.666666666666657,4.444444444444445,-11.111111111111114
06075025600,5.833333333333333,16.666666666666657,4.444444444444445,-11.111111111111114
06075025800,6.346253408876562,26.925068177531223,5.360631739107721,7.212634782154414
06075026402,5.64658843786373,12.93176875727458,3.4743550573058437,-30.512898853883158
06047000601,11.567263581693812,131.34527163387622,16.306685297627148,226.13370595254298
06047000301,10.967662230102189,119.35324460204379,16.875624078938387,237.51248157876773
06047001502,12.256867465231156,145.13734930462311,18.146234445940255,262.92468891880515
06047000802,11.652518016169424,133.05036032338842,16.214731899413707,224.29463798827413
06047001200,12.820289970867766,156.4057994173553,18.746498037123022,274.9299607424604
06047001700,13.272070255633038,165.44140511266073,18.79243883321583,275.84877666431663
06047002301,14.653231079786746,193.06462159573493,24.356338993772393,387.1267798754478
06027000100,19.850033032869995,297.00066065739975,37.917003002156626,658.3400600431324
06087121200,9.55520806452253,91.1041612904506,10.827613641566563,116.55227283133124
06087121000,10.50256464046469,110.05129280929381,13.175521416015517,163.51042832031033
06087121300,7.591553857568803,51.83107715137604,6.070532287566332,21.410645751326626
06087123300,9.621872792258552,92.43745584517103,9.641077414248631,92.82154828497261
06087120400,12.494793225329753,149.89586450659505,12.649791925412174,152.99583850824348
06087122002,9.983862093111192,99.67724186222387,9.665555339325772,93.31110678651544
06115040100,8.798854056360872,75.97708112721742,11.44841192543764,128.9682385087528
06069000701,13.20303431793581,164.06068635871617,18.803733613913433,276.0746722782686
06053010804,12.323002380749603,146.4600476149921,15.825062820807753,216.50125641615506
06053010305,7.993372099002432,59.86744198004866,8.022291799695182,60.445835993903614
06053010102,9.183588561970177,83.6717712394035,8.646112258001065,72.92224516002128
06053010702,15.082575810304142,201.65151620608285,23.22014182084087,364.4028364168171
06053010202,8.391491243908366,67.82982487816733,7.7804799856123426,55.60959971224683
06053013400,9.455643622520874,89.1128724504175,10.328540399851205,106.57080799702405
06053013000,8.632608584066785,72.6521716813357,9.569624320343204,91.39248640686405
06053013300,9.69656409468482,93.9312818936964,10.80185161355633,116.03703227112656
06053013500,8.095238095238095,61.9047619047619,7.222222222222223,44.44444444444443
06011000200,10.140341017160951,102.80682034321903,12.845241195753122,156.90482391506245
06033001000,10.184564086713904,103.69128173427805,11.478999826136127,129.57999652272252
06037204110,17.341269841269842,246.82539682539687,18.293650793650794,265.8730158730159
06037203800,17.341269841269842,246.82539682539687,18.293650793650794,265.8730158730159
06037203100,17.301093601507542,246.02187203015083,18.168100044393604,263.36200088787206
06037407701,19.556464475320887,291.12928950641765,23.75702625611736,375.1405251223471
06037221810,15.70488764264977,214.09775285299543,17.013866870266817,240.27733740533625
06037201402,17.160475314310435,243.2095062862087,17.02204835648719,240.4409671297438
06037201200,17.301587301587304,246.03174603174602,16.666666666666664,233.33333333333331
06037199400,16.982951514040813,239.6590302808163,17.103134111282152,242.06268222564302
06037197410,14.866489656226264,197.32979312452522,16.647976824565216,232.95953649130433
06037195710,14.484126984126986,189.6825396825397,17.023809523809522,240.47619047619042
06037404701,16.61857252891753,232.37145057835056,18.831331703314824,276.62663406629645
06037139801,19.962162097990998,299.24324195981995,24.522494053946435,390.4498810789287
06037221110,15.119047619047619,202.38095238095235,16.071428571428573,221.42857142857144
06037219700,13.207031063625184,164.14062127250367,11.754470846807196,135.0894169361439
06037219800,13.191540757227877,163.8308151445575,11.677796874858227,133.55593749716456
06037194300,14.255382652057271,185.10765304114537,12.429985826660442,148.59971653320883
06037192700,14.246031746031745,184.92063492063488,15.158730158730158,203.17460317460313
06037432101,17.41174184447599,248.23483688951978,20.09221894962677,301.8443789925353
06037430200,14.805267044711536,196.10534089423072,15.5059705481735,210.11941096347005
06059076201,18.3598008720374,267.196017440748,23.015640811085298,360.31281622170593
06059075811,17.976185244112724,259.52370488225444,20.8729983455554,317.459966911108
06059087405,19.125159955279322,282.5031991055864,24.809601599448133,396.19203198896264
06059086402,19.294952097111807,285.89904194223607,24.967826328394132,399.3565265678826
06059086301,18.73015873015873,274.6031746031746,25.317460317460316,406.3492063492063
06059076202,17.93781410396941,258.75628207938814,21.517654329222,330.35308658444006
06059086602,19.704037164991135,294.08074329982264,24.263700844272705,385.2740168854541
06059076208,18.164344023579936,263.2868804715987,21.832598964702115,336.65197929404223
06059011707,19.058906561670323,281.1781312334065,22.132746941166452,342.65493882332896
06059001501,18.907892269715447,278.15784539430894,22.419864911575164,348.39729823150327
06059075901,18.095238095238095,261.90476190476187,20.714285714285715,314.28571428571433
06059088002,19.178801946567564,283.5760389313513,22.081562503340898,341.6312500668179
06059001506,18.431413722432197,268.62827444864394,22.01004653909235,340.200930781847
06059011504,19.334547779493587,286.6909555898717,23.167799763814422,363.35599527628847
06059021905,17.5695297587355,251.39059517471003,20.809077944252557,316.1815588850511
06059021923,17.622749335327633,252.4549867065526,20.66154235942874,313.23084718857467
06059075301,17.028623710382146,240.57247420764293,19.16887682701279,283.37753654025585
06059021827,17.81463399014524,256.29267980290473,21.976770126172834,339.53540252345664
06059086701,19.570746025191614,291.41492050383226,22.747360546090373,354.9472109218075
06059011101,19.603174603174605,292.06349206349205,22.738095238095237,354.76190476190476
06059001304,19.473350966017232,289.46701932034466,22.491533128628053,349.83066257256104
06059021809,19.444444444444446,288.88888888888886,21.944444444444443,338.88888888888886
06059001504,18.73015873015873,274.6031746031746,21.746031746031747,334.9206349206349
06059089001,17.06321730107031,241.2643460214062,17.9890378724591,259.78075744918203
06059011708,19.192557378935312,283.85114757870616,22.987306044988113,359.7461208997622
06059001903,19.603174603174605,292.06349206349205,22.738095238095237,354.76190476190476
06059001706,19.3070729742477,286.141459484954,22.336132609556806,346.72265219113604
06059001404,18.961215632313685,279.2243126462737,22.089141080718125,341.7828216143624
06059021829,17.29324006605811,245.86480132116225,20.835137298149576,316.70274596299157
06059021820,18.91429135716642,278.28582714332833,22.03468326781092,340.69366535621833
06059021810,19.44169766095425,288.83395321908495,21.946757525278294,338.9351505055659
06059088105,19.19777693083525,283.955538616705,22.153722647499674,343.0744529499934
06059088201,18.80952380952381,276.1904761904762,20.873015873015873,317.46031746031747
06059099510,11.001895499320476,120.03790998640947,8.808515029863246,76.17030059726487
06059110007,15.58346710055304,211.66934201106082,15.355003300772346,207.10006601544686
06059099512,7.817460317460317,56.349206349206355,6.111111111111111,22.222222222222214
06059110008,13.498276031014493,169.96552062028982,12.249423534716023,144.98847069432043
06059087701,19.523809523809526,290.4761904761905,22.22222222222222,344.4444444444444
06037139303,20.962818917975564,319.25637835951125,28.353680514834185,467.0736102966837
06037137402,20.189159984382258,303.78319968764504,27.33025919717415,446.605183943483
06037269000,12.153170002837985,143.0634000567597,9.75110787169221,95.02215743384414
06037134901,21.557817817299266,331.15635634598533,29.12622771775069,482.5245543550138
06037310300,17.498466585539145,249.9693317107829,20.329370279323367,306.5874055864673
06037920314,21.120659938886085,322.4131987777217,29.155163783461433,483.10327566922865
06037109601,18.493491577481212,269.8698315496243,20.281128285873194,305.6225657174638
06037531901,17.5,250.0,19.206349206349206,284.1269841269841
06037134422,19.476718618093976,289.5343723618795,25.51799996287105,410.3599992574209
06037134201,20.9697697693543,319.39539538708596,27.9501360508603,459.00272101720594
06037134103,21.406955896479417,328.1391179295883,28.44330986538217,468.86619730764335
06037221820,15.756105165681126,215.12210331362255,17.096260276882475,241.9252055376495
06037109800,18.452380952380953,269.0476190476191,21.38888888888889,327.77777777777777
06037132700,21.2172889502258,324.3457790045159,28.088723585602796,461.77447171205586
06037128210,19.087301587301585,281.74603174603175,24.00793650793651,380.1587301587301
06037109300,18.452380952380953,269.0476190476191,21.38888888888889,327.77777777777777
06037108103,16.42329649110563,228.46592982211254,20.245089160660868,304.9017832132173
06037267800,11.017038695573866,120.3407739114773,8.519176705017896,70.3835341003579
06037267300,9.365079365079366,87.30158730158729,6.904761904761905,38.0952380952381
06037213320,15.119047619047619,202.38095238095235,16.071428571428573,221.42857142857144
06037213310,15.119047619047619,202.38095238095235,16.071428571428573,221.42857142857144
06037212420,15.119047619047619,202.38095238095235,16.071428571428573,221.42857142857144
06037406601,18.412698412698415,268.25396825396825,23.96825396825397,379.36507936507934
06037189702,12.9503972891651,159.00794578330195,13.345733547273792,166.91467094547576
06037481901,17.279034659526236,245.5806931905247,16.992386448223737,239.8477289644747
06037482202,17.450721882388695,249.01443764777383,19.935928699748505,298.71857399497003
06037481800,17.225309238129757,244.50618476259507,17.357968011814165,247.15936023628322
06037210010,16.11111111111111,222.22222222222223,17.738095238095237,254.76190476190476
06037209510,15.448287488107916,208.9657497621583,16.624551551449873,232.49103102899738
06037209403,16.11111111111111,222.22222222222223,17.738095238095237,254.76190476190476
06037403407,19.11465674020859,282.2931348041718,23.54084290307359,370.8168580614717
06037403401,19.249402888492007,284.98805776984005,23.703527431547283,374.0705486309456
06037403318,19.317425740626057,286.3485148125211,23.68257628410566,373.6515256821132
06037234200,14.484126984126986,189.6825396825397,14.246031746031745,184.92063492063488
06037231800,17.658730158730158,253.17460317460313,19.563492063492063,291.26984126984127
06037209300,16.11111111111111,222.22222222222223,17.738095238095237,254.76190476190476
06037207400,16.710219332469432,234.20438664938862,17.667611147614714,253.35222295229428
06037206010,15.487419959392684,209.74839918785366,17.20050863179312,244.01017263586238
06037206050,17.039495152914046,240.7899030582809,18.338736696275447,266.7747339255089
06037402301,20.992063492063494,319.8412698412699,25.476190476190474,409.5238095238095
06037531603,17.40197414020808,248.03948280416157,19.132493077584794,282.64986155169584
06037531302,17.62814728852589,252.5629457705178,19.88714414657624,297.74288293152483
06037231220,16.03174603174603,220.63492063492066,17.53968253968254,250.79365079365078
06037228410,17.658730158730158,253.17460317460313,19.563492063492063,291.26984126984127
06037228100,17.342468851919627,246.84937703839256,19.168165429978895,283.3633085995779
06037226410,17.658730158730158,253.17460317460313,19.563492063492063,291.26984126984127
06037205110,17.778467691494377,255.5693538298876,19.56743136270583,291.34862725411654
06037203900,17.46031126964852,249.2062253929704,18.62101472169216,272.4202944338432
06037204120,17.34470136204845,246.89402724096905,18.30308747579197,266.0617495158394
06037265100,12.493575881064462,149.87151762128926,10.05902203606921,101.18044072138416
06037212304,15.119047619047619,202.38095238095235,16.071428571428573,221.42857142857144
06037212202,15.119047619047619,202.38095238095235,16.071428571428573,221.42857142857144
06037211802,14.434433740004359,188.68867480008714,15.355695879701527,207.1139175940305
06021010502,10.419917403674598,108.39834807349197,12.154526920732106,143.090538414642
06059063904,14.813852709297635,196.27705418595264,14.370044879036667,187.40089758073327
06059099309,7.4673669822315345,49.347339644630665,5.112315798530198,2.2463159706039444
06059099306,7.619047619047619,52.38095238095235,5.992063492063492,19.841269841269835
06059099248,16.746031746031743,234.92063492063488,16.626984126984127,232.53968253968253
06059099243,7.619047619047619,52.38095238095235,5.992063492063492,19.841269841269835
06059099220,2.5580221112123214,-48.83955777575359,2.2950023054887714,-54.09995389022459
06059099212,13.571428571428571,171.4285714285714,12.658730158730158,153.17460317460316
06059099202,16.746031746031743,234.92063492063488,16.626984126984127,232.53968253968253
06059063201,11.337917294704829,126.75834589409654,9.71224816900711,94.2449633801422
06059063009,11.877507069073515,137.55014138147027,10.658599489551912,113.17198979103826
06059063005,5.827320478342375,16.546409566847505,3.965161642830047,-20.696767143399054
06059062701,6.144386842121753,22.887736842435032,4.2629362397377335,-14.741275205245332
06059062646,21.67830742328181,333.56614846563616,29.10691350758359,482.1382701516717
06059062605,12.091521765361133,141.83043530722261,10.007900467405703,100.15800934811404
06037229410,16.825396825396822,236.50793650793645,16.626984126984127,232.53968253968253
06037703002,11.759197295926283,135.18394591852564,9.87465294835555,97.49305896711097
06037127210,19.365079365079367,287.3015873015873,24.801587301587304,396.031746031746
06037702803,7.596995388412487,51.93990776824973,6.396404398992798,27.928087979855956
06037296300,19.456860186169973,289.1372037233994,23.81726815474567,376.34536309491335
06037127520,20.44697392951487,308.93947859029737,25.30579458290338,406.11589165806754
06037540300,18.032535436635666,260.6507087327133,20.08739996163109,301.74799923262185
06037541606,18.40343580581595,268.06871611631897,19.652856471376246,293.05712942752496
06037534403,17.65063168013225,253.012633602645,21.413028579471877,328.2605715894375
06037532001,17.984222140949836,259.6844428189968,21.335440115451355,326.7088023090271
06037534002,18.711410330471217,274.2282066094244,21.041751470203494,320.83502940406976
06037601600,11.194722004779237,123.89444009558474,8.2582140682713,65.16428136542602
06037577501,7.817460317460318,56.349206349206355,6.111111111111111,22.222222222222214
06059052520,17.21333352020993,244.26667040419858,20.995536006280396,319.9107201256079
06037101110,16.547619047619047,230.9523809523809,21.11111111111111,322.22222222222223
06037573202,15.635153880981811,212.70307761963622,16.31174184062517,226.2348368125034
06037573403,15.793981278681777,215.87962557363556,16.802631450863345,236.0526290172669
06037575002,16.26984126984127,225.39682539682542,17.1031746031746,242.063492063492
06037575001,16.254036833852748,225.08073667705503,17.093192854129217,241.86385708258436
06037577300,7.817460317460317,56.349206349206355,6.111111111111111,22.222222222222214
06037574800,14.157273732268706,183.1454746453742,14.18764677131637,183.7529354263274
06037670406,13.968253968253968,179.36507936507934,12.182539682539682,143.65079365079362
06037201700,17.288598379858396,245.77196759716787,16.687773664476136,233.75547328952277
06037576602,13.015873015873018,160.3174603174603,12.301587301587302,146.03174603174605
06037503702,19.96031746031746,299.20634920634916,22.53968253968254,350.7936507936508
06037503401,19.468883801493753,289.37767602987503,22.10137684397491,342.0275368794982
06037620101,5.396825396825397,7.936507936507937,3.968253968253968,-20.634920634920633
06037703100,12.843304616774128,156.86609233548256,11.172945907348343,123.45891814696685
06037291120,15.357142857142856,207.14285714285705,13.84920634920635,176.984126984127
06037296500,14.922839069174977,198.45678138349953,16.279458047741493,225.58916095482988
06037128220,19.34422646025392,286.88452920507837,22.466387270222516,349.3277454044503
06037408800,19.98619955093298,299.7239910186596,24.2160078866713,384.32015773342596
06037404703,16.626401754358575,232.52803508717145,18.630884957245957,272.61769914491913
06037109400,18.492063492063494,269.8412698412699,20.277777777777775,305.55555555555543
06037501802,18.8843645323362,277.687290646724,19.62740897903575,292.54817958071504
06037532200,18.516702131604013,270.3340426320803,22.055318322376785,341.1063664475357
06037532304,18.372589886540222,267.4517977308044,22.263575877301445,345.2715175460289
06037238000,14.841176653434559,196.82353306869112,12.78486994648264,155.69739892965282
06037240600,16.547619047619047,230.9523809523809,15.277777777777777,205.5555555555555
06037240020,16.547619047619047,230.9523809523809,15.277777777777777,205.5555555555555
06037238100,14.617835407016035,192.35670814032065,12.490465576203679,149.80931152407354
06037433601,16.46825396825397,229.36507936507934,19.28571428571429,285.7142857142857
06037540201,18.166103654061313,263.3220730812263,22.045532935481457,340.91065870962905
06037540502,18.69047619047619,273.8095238095238,21.03174603174603,320.63492063492066
06037124000,19.19887091564575,283.97741831291495,21.798104766316087,335.9620953263217
06037124201,19.076241895567204,281.52483791134404,21.634596257599064,332.6919251519813
06037502402,19.444461639954778,288.88923279909557,21.610869387854347,332.2173877570869
06037276400,7.722020487859746,54.44040975719492,6.090010272633384,21.80020545266768
06037276601,6.741138509147494,34.82277018294987,5.374355756373261,7.487115127465204
06037275400,6.411159644068389,28.223192881367794,5.404518901172611,8.090378023452214
06037274100,5.515873015873016,10.317460317460302,4.642857142857143,-7.142857142857139
06037400205,17.955827934188655,259.1165586837732,21.59658244849445,331.93164896988895
06037403323,19.467295877683554,289.34591755367103,23.566146654046676,371.3229330809335
06037503602,19.94243578762882,298.84871575257637,22.881852659924725,357.63705319849447
06037310100,16.868712424411726,237.37424848823454,19.146814205301162,282.9362841060232
06037273300,3.854600417381391,-22.907991652372196,4.054489764224693,-18.910204715506154
06037242700,17.493303690376663,249.86607380753327,19.443453808329487,288.86907616658965
06037535901,18.095327387840324,261.9065477568065,22.182037411652143,343.64074823304276
06037535702,18.095238095238095,261.90476190476187,22.18253968253968,343.65079365079356
06037535604,17.53968253968254,250.79365079365078,20.0,299.99999999999994
06037237800,15.769138973462105,215.38277946924217,15.864668259565272,217.29336519130544
06037237720,15.748302633207853,214.96605266415705,15.510062205744958,210.2012441148992
06037550700,18.80308880975514,276.06177619510277,20.645536058000207,312.910721160004
06037535603,17.631285344683157,252.62570689366314,20.359868162502426,307.19736325004845
06037534804,17.53968253968254,250.79365079365078,20.0,299.99999999999994
06037533402,17.06349206349206,241.2698412698412,20.3968253968254,307.936507936508
06037534802,17.223504688387063,244.4700937677412,18.15554668925542,263.1109337851084
06037534803,17.395890835299998,247.91781670599988,18.947986915946668,278.9597383189333
06037237300,15.3612610979965,207.22522195993005,15.187953792160833,203.75907584321664
06037235201,14.563492063492065,191.26984126984127,13.253968253968255,165.07936507936506
06037234700,14.563492063492065,191.26984126984127,13.253968253968255,165.07936507936506
06037232300,15.87391551384379,217.47831027687585,16.434868914366856,228.6973782873372
06067009006,9.307641931371862,86.15283862743726,12.592042599468286,151.84085198936572
06067007206,9.979952280304786,99.59904560609569,12.160369953601593,143.20739907203188
06067007414,9.595166132175848,91.90332264351696,11.460245497255213,129.20490994510425
06067005803,9.254954359652816,85.0990871930563,13.223287765340157,164.4657553068031
06037241110,16.61819234952741,232.36384699054818,16.477523910219965,229.5504782043992
06037242100,17.53968253968254,250.79365079365078,20.0,299.99999999999994
06037552100,20.18998376632797,303.79967532655934,22.855973885075773,357.1194777015154
06037500700,18.685724258539025,273.7144851707805,21.96104381283478,339.2208762566956
06059075002,17.642115772849433,252.84231545698862,20.44899635689758,308.9799271379515
06059074901,17.269453248366254,245.38906496732503,20.04723102614403,300.9446205228805
06059074501,17.460317460317462,249.20634920634922,20.238095238095237,304.76190476190465
06059074408,17.14285714285714,242.85714285714278,20.31746031746032,306.34920634920644
06059074403,17.324052720200804,246.48105440401605,20.128916580982423,302.5783316196484
06059032034,20.963185747841713,319.26371495683424,27.804838483674498,456.0967696734898
06059032029,20.137280301374293,302.74560602748585,26.335780775531337,426.71561551062666
06059032003,22.70938760331875,354.1877520663749,30.01461435827369,500.2922871654737
06059021918,17.023809523809522,240.47619047619042,18.96825396825397,279.36507936507934
06059021917,17.030809871087854,240.61619742175705,19.241253081083734,284.82506162167465
06059021913,17.047374206851313,240.9474841370262,18.861304376932484,277.2260875386497
06111005202,14.062663464578007,181.25326929156014,12.996084575681964,159.9216915136393
06111005404,12.85714285714286,157.14285714285717,12.81746031746032,156.34920634920638
06059110006,17.261904761904763,245.23809523809524,17.57936507936508,251.58730158730157
06111000903,14.258270030917053,185.16540061834104,16.098768014440715,221.9753602888143
06111007607,14.516849852083606,190.33699704167208,13.930555955245314,178.61111910490627
06111001102,15.609453409987037,212.1890681997407,19.671436775857018,293.4287355171403
06067005804,9.108653084834835,82.17306169669666,12.596287654273702,151.925753085474
06067006202,8.968280029680463,79.36560059360926,12.182428921477074,143.64857842954146
06067008006,10.189322181551896,103.78644363103793,11.326598019165644,126.53196038331285
06067007802,9.332525128424955,86.65050256849908,11.937741807841903,138.75483615683802
06067008702,10.1908353809223,103.81670761844603,11.53457657190517,130.69153143810342
06067008128,9.982670071219491,99.65340142438981,11.626734022134928,132.53468044269854
06067008119,9.96031746031746,99.20634920634919,11.19047619047619,123.80952380952377
06067008138,10.106459978854105,102.1291995770821,11.132019183061534,122.64038366123064
06067008008,10.185690248752644,103.71380497505291,11.223297912902744,124.46595825805487
06067008129,9.766274819484636,95.3254963896927,11.278581385001017,125.57162770002031
06067008137,9.96031746031746,99.20634920634919,11.19047619047619,123.80952380952377
06067008122,10.196497200608745,103.9299440121749,11.085933083192053,121.71866166384106
06067005502,9.004549735481188,80.09099470962373,12.281056765013561,145.62113530027122
06111007506,17.885412600679143,257.70825201358286,20.978263710298663,319.56527420597325
06111005901,18.124801055197864,262.4960211039572,20.44058373915048,308.81167478300955
06111005910,19.722872868205695,294.45745736411385,23.167911531188278,363.35823062376545
06111005911,20.41924984657624,308.3849969315247,24.35422089541687,387.08441790833734
06111007507,17.49881167905669,249.97623358113378,19.343941636277023,286.87883272554046
06111006400,17.065429133161867,241.30858266323736,16.84111924836429,236.82238496728579
06111006900,19.54917811950795,290.983562390159,21.805503591736286,336.1100718347257
06111007201,18.453974924802015,269.0794984960403,20.297203314803074,305.9440662960614
06111001201,13.68498240235211,173.6996480470422,14.130243331525161,182.6048666305032
06111001507,11.161114545060482,123.2222909012096,9.883870978518953,97.67741957037903
06111002102,10.215443026971302,104.30886053942609,9.75628287933943,95.12565758678859
06059052514,17.261904761904763,245.23809523809524,21.071428571428573,321.42857142857144
06059062640,19.7463572649248,294.92714529849604,25.29119987106038,405.8239974212076
06059062633,18.99888402296709,279.97768045934185,23.5636432122815,371.27286424563005
06059062631,16.949601110953285,238.99202221906566,19.552032033349782,291.04064066699567
06059062628,17.180152910265562,243.60305820531119,20.079904254097826,301.5980850819565
06059063808,10.992924732640393,119.85849465280783,9.14581854643924,82.91637092878477
06059063806,11.774961367180154,135.49922734360305,10.948658356843794,118.9731671368759
06059063803,9.13460509646871,82.69210192937418,7.708021999953558,54.16043999907116
06059063400,4.254634680942653,-14.907306381146963,3.396894025375274,-32.06211949249453
06055201700,10.501372198441844,110.02744396883686,11.867512161554426,137.3502432310885
06055200802,9.637946169729364,92.75892339458723,10.73146058341729,114.62921166834575
06055201401,9.89621439375927,97.92428787518534,11.519952378147108,130.3990475629422
06055200503,9.35228385740191,87.04567714803818,10.107548128020339,102.1509625604068
06055201602,11.621431173771516,132.4286234754303,12.430420845880686,148.60841691761374
06037570303,17.433913386780926,248.67826773561848,19.376276077093536,287.5255215418708
06037571000,19.41463052099374,288.29261041987485,22.162814754431786,343.2562950886357
06037571102,19.28571428571429,285.7142857142857,22.023809523809522,340.4761904761904
06037571300,18.13771525576242,262.7543051152483,20.11436750948278,302.2873501896555
06037570002,20.039682539682538,300.7936507936507,22.817460317460316,356.3492063492063
06037555001,19.992791362254323,299.8558272450864,22.217211325919394,344.34422651838787
06037106112,16.350497976446935,227.00995952893868,19.588781362101454,291.7756272420291
06037603200,13.73015873015873,174.60317460317458,13.73015873015873,174.60317460317458
06037603102,15.016752899042261,200.33505798084522,13.580554757032738,171.61109514065473
06037600302,15.346160707314223,206.9232141462844,13.728402701091387,174.56805402182775
06037602900,15.028559992039352,200.57119984078693,13.213162191916755,164.26324383833511
06037603400,13.686678570701332,173.73357141402664,11.158689768528856,123.17379537057708
06037554101,19.995297473111,299.90594946222,21.592004114190587,331.8400822838117
06037553502,19.381580096784088,287.6316019356817,21.645693121604836,332.9138624320967
06037553701,18.875974219298612,277.51948438597225,20.39120248870602,307.8240497741204
06037554600,20.40971362995287,308.1942725990574,23.66688801916728,373.3377603833456
06037552601,20.476190476190478,309.5238095238096,24.047619047619047,380.9523809523809
06037552800,20.3216345862686,306.432691725372,23.162435314430127,363.2487062886025
06037554522,20.494841285377298,309.8968257075459,23.002824465860233,360.05648931720464
06037554518,19.475883407604965,289.5176681520993,22.900947185086405,358.01894370172806
06037542800,17.491346761254228,249.82693522508458,19.060824566503104,281.2164913300621
06037542601,17.768500572630757,255.37001145261513,19.806223631774852,296.1244726354971
06037543903,16.657755624477844,233.15511248955693,19.962270080408974,299.24540160817935
06037600912,14.010439137403939,180.20878274807873,12.587790865725738,151.75581731451473
06037600201,15.317460317460316,206.34920634920627,13.412698412698413,168.25396825396825
06037600100,15.317460317460316,206.34920634920627,13.412698412698413,168.25396825396825
06037600202,15.317460317460316,206.34920634920627,13.412698412698413,168.25396825396825
06037543603,17.019404409726548,240.38808819453092,20.663938161560186,313.27876323120364
06059074110,15.793650793650793,215.87301587301585,17.380952380952383,247.61904761904765
06059074108,16.54283554962892,230.85671099257834,17.136681239322122,242.73362478644242
06059063905,12.971140935370235,159.42281870740464,12.451878501686366,149.03757003372735
06037541300,17.496845730857135,249.93691461714263,19.13753479048593,282.75069580971865
06037532800,16.92719478818696,238.54389576373924,16.912018422796514,238.2403684559303
06037532605,17.222222222222225,244.44444444444446,17.738095238095237,254.76190476190476
06037534502,17.926689474891546,258.53378949783087,21.89082091655527,337.81641833110535
06037535200,16.850773006301857,237.0154601260371,16.72079062110795,234.41581242215892
06037231100,17.530537370639244,250.6107474127849,19.40403274172044,288.0806548344088
06029003113,19.245007932494566,284.9001586498913,31.775706603553747,535.514132071075
06029002811,19.154838666216943,283.09677332433887,34.67475243698779,593.4950487397557
06037575202,15.515873015873016,210.3174603174603,16.626984126984127,232.53968253968253
06037297400,10.576092354375987,111.52184708751977,8.835317873514667,76.70635747029333
06037293301,16.528820659616958,230.5764131923392,19.476209082347495,289.52418164694996
06037503801,20.04093526997363,300.8187053994726,23.44025847910241,368.80516958204817
06037503902,20.04216582858788,300.84331657175744,24.211315784159883,384.2263156831976
06037651302,14.36013175448156,187.20263508963123,14.705135545316104,194.1027109063221
06059075302,16.825396825396822,236.50793650793645,18.76984126984127,275.3968253968254
06111001302,12.796698406111872,155.9339681222374,14.097706371820486,181.9541274364097
06111002200,10.399382820860811,107.98765641721624,10.124162467118447,102.48324934236891
06111001101,15.902281372179727,218.04562744359458,19.617062941123677,292.34125882247343
06111000901,14.852644044092457,197.0528808818491,18.28491172894533,265.6982345789066
06037651201,10.714285714285715,114.28571428571428,8.055555555555555,61.111111111111114
06037650702,10.714285714285715,114.28571428571428,8.055555555555555,61.111111111111114
06037650300,8.198653903330298,63.97307806660599,6.382790689866051,27.655813797321017
06037650001,12.252358389253112,145.04716778506224,9.481061839242097,89.62123678484191
06037621301,10.714285714285717,114.28571428571429,8.055555555555555,61.11111111111112
06037621001,5.335908589575564,6.718171791511301,4.019597111764021,-19.60805776471958
06037620201,6.785714285714286,35.714285714285694,5.158730158730159,3.1746031746031917
06037621201,5.627944857334167,12.55889714668335,4.231781577989144,-15.364368440217117
06037103300,17.34686003337304,246.93720066746084,21.070935304971606,321.41870609943214
06037291220,14.980493983604793,199.6098796720959,13.584770909990583,171.69541819981166
06037574400,16.920857624177287,238.41715248354575,16.82906137636464,236.58122752729278
06037573800,19.31966334680077,286.3932669360154,21.96561113337555,339.312222667511
06037572001,16.98412698412698,239.68253968253964,18.134920634920633,262.69841269841265
06111000500,15.2692467973311,205.38493594662197,17.2586706320544,245.1734126410879
06111001402,11.817396157445419,136.34792314890836,9.958215971809713,99.16431943619426
06111005002,12.079912506571509,141.59825013143015,9.613370817643498,92.26741635286994
06111005305,14.919840125465319,198.39680250930638,14.32792975529889,186.55859510597784
06059110108,17.781928133127774,255.6385626625555,18.4759570987151,269.519141974302
06059086304,18.62383312087254,272.47666241745077,24.596808965631684,391.93617931263367
06029000102,18.33541017996734,266.7082035993468,32.37700268010451,547.5400536020902
06029002813,19.418322967876367,288.36645935752733,31.025966149849648,520.519322996993
06029001201,19.383883227634133,287.67766455268264,33.30411188744763,566.0822377489526
06029002302,19.89718568680045,297.943713736009,34.15368002198821,583.073600439764
06029002600,19.090867111689363,281.81734223378726,29.951382208190008,499.0276441638001
06029002807,19.467599063828324,289.3519812765665,32.39109261159538,547.8218522319075
06029004500,17.50939998235431,250.18799964708623,29.721321386450565,494.42642772901127
06037543501,15.20219976538793,204.04399530775856,16.657311309850815,233.1462261970163
06111000800,15.180148287100332,203.6029657420066,17.637925971326432,252.75851942652872
06111007700,16.289370151943615,225.7874030388723,16.66744002609323,233.34880052186463
06111007901,17.25855249153595,245.17104983071903,20.40858101477643,308.17162029552856
06059087101,19.523809523809526,290.4761904761905,22.22222222222222,344.4444444444444
06059110114,18.30124273348922,266.0248546697845,21.137434225443634,322.74868450887266
06059110500,19.39338991354485,287.86779827089697,22.919449949682356,358.3889989936471
06059087602,18.70732242497777,274.14644849955545,21.20882042223856,324.1764084447712
06059011715,18.70768810130022,274.1537620260045,22.564870838671162,351.2974167734232
06059075809,17.951832904219764,259.0366580843952,19.77692513433371,295.53850268667424
06059099904,16.55852609397016,231.17052187940322,17.00261723961319,240.05234479226385
06059110302,19.404761904761905,288.0952380952381,22.936507936507937,358.7301587301587
06059110110,18.82697842042807,276.5395684085614,21.922073851764715,338.44147703529427
06059110015,17.35566692933223,247.11333858664466,18.87026430655346,277.4052861310692
06059110304,19.043969092533132,280.87938185066264,22.219382921158044,344.3876584231608
06059088107,17.593928865583145,251.8785773116629,18.253977362226113,265.0795472445222
06029000400,18.606806234363447,272.13612468726893,31.67063249621448,533.4126499242897
06059042315,19.384673522527454,287.69347045054906,26.489738383106307,429.7947676621261
06059042313,10.460945554790975,109.21891109581941,8.626829986983187,72.53659973966373
06059042311,14.43296377465644,188.65927549312875,15.870574672296298,217.41149344592594
06059042305,7.905929363818865,58.118587276377326,6.767611001503712,35.35222003007426
06059042203,16.41858039580786,228.37160791615722,20.144809424664118,302.8961884932823
06059042111,15.868213680174167,217.3642736034833,18.58843417791913,271.7686835583826
06059075703,17.04496738474309,240.89934769486175,20.23494812099485,304.698962419897
06059021903,17.730124802771705,254.60249605543402,21.77155430914042,335.4310861828084
06059011721,18.792313064477433,275.8462612895487,24.49778951409669,389.9557902819338
06059032011,16.33441958450151,226.68839169003013,21.229347892803176,324.5869578560636
06059099602,14.968720899175363,199.37441798350727,14.880100863022829,197.6020172604566
06059099513,5.32135002240024,6.427000448004794,4.6007539229178,-7.984921541644006
06059099417,6.159331258621188,23.186625172423753,4.737333149576864,-5.253337008462713
06059099405,11.369159446745272,127.38318893490543,10.243971191112301,104.879423822246
06059075201,16.894488673337715,237.8897734667543,18.88955930831105,277.79118616622105
06059099803,17.57936507936508,251.58730158730157,18.253968253968257,265.0793650793651
06059075607,15.975213893226664,219.50427786453326,19.667271716952513,293.34543433905026
06059075605,16.49118068517177,229.82361370343537,19.4071238708789,288.142477417578
06059075506,16.1387781910019,222.77556382003803,19.382628189870953,287.6525637974191
06059075405,18.1370191614989,262.740383229978,21.208981940753183,324.17963881506364
06059075404,18.260139107151538,265.20278214303073,21.296924759076497,325.9384951815299
06059042107,10.876374169565407,117.52748339130814,9.678250327318846,93.56500654637692
06059032022,20.118592422240656,302.37184844481305,28.388675434869878,467.77350869739746
06059032013,21.0831982249791,321.663964499582,29.18513541288888,483.7027082577775
06059075815,17.18253968253968,243.65079365079356,18.21428571428571,264.2857142857142
06059075807,17.23450390831896,244.69007816637915,18.587850018727295,271.7570003745459
06059042339,10.714285714285715,114.28571428571428,8.84920634920635,76.98412698412699
06059042332,13.575600500190953,171.512010003819,13.350938351921606,167.01876703843212
06059099702,14.801587301587302,196.03174603174602,14.880952380952381,197.6190476190476
06059001503,18.8625004609264,277.2500092185281,21.954359456860693,339.0871891372138
06059088802,17.57936507936508,251.58730158730157,18.253968253968257,265.0793650793651
06059074701,17.222222222222225,244.44444444444446,20.0,299.99999999999994
06059042327,21.80471148056973,336.0942296113946,29.284372870164084,485.6874574032817
06059042326,17.234739626782737,244.6947925356547,20.312420493797987,306.24840987595974
06059042324,8.060449964623787,61.20899929247575,6.828385057072752,36.567701141455046
06059074005,15.793650793650793,215.87301587301585,17.380952380952383,247.61904761904765
06059052521,16.811180023704186,236.22360047408372,20.294287323773354,305.88574647546704
06059052427,17.54727041760032,250.94540835200638,23.01392177658019,360.2784355316038
06059052423,18.996501542651867,279.93003085303724,24.55886466320009,391.1772932640017
06059052421,17.296717315316133,245.93434630632262,22.24323156937276,344.8646313874551
06059075401,18.333333333333336,266.6666666666667,21.349206349206348,326.984126984127
06059075003,18.240746102166362,264.8149220433272,21.190833453789153,323.8166690757831
06037571600,18.253968253968257,265.0793650793651,20.753968253968257,315.0793650793651
06037570800,20.039682539682538,300.7936507936507,22.817460317460316,356.3492063492063
06037570402,17.31736136076661,246.34722721533214,19.09192297054007,281.8384594108015
06029004102,20.33571709170625,306.71434183412487,37.23578796632751,644.7157593265501
06029006301,17.82828475288167,256.5656950576334,30.440041469554856,508.80082939109707
06061021502,10.88848379500816,117.76967590016318,10.789640387137919,115.7928077427583
06061021902,10.77684089079134,115.53681781582675,10.328787771176886,106.57575542353769
06061022200,11.716542510527628,134.33085021055254,13.228579443337143,164.57158886674284
06061021204,11.030652126205654,120.61304252411306,11.171377167335985,123.4275433467197
06061023900,10.595238095238095,111.9047619047619,13.293650793650794,165.87301587301585
06061020901,10.035445489352004,100.70890978704006,11.655553168455404,133.11106336910808
06061020604,11.493401798045348,129.86803596090692,12.133942115165645,142.6788423033129
06061021304,10.838020078686242,116.7604015737248,12.576817868082177,151.53635736164344
06061021604,10.448607735496067,108.97215470992136,11.400711336149456,128.01422672298915
06061021401,10.681228104235535,113.62456208471072,13.366323905271884,167.32647810543767
06061020107,14.982315121379623,199.64630242759245,20.487882714232338,309.7576542846467
06089012702,12.416201129878901,148.324022597578,14.31916155929338,186.38323118586757
06089010900,9.40380703988809,88.07614079776178,9.336526088191434,86.73052176382868
06089011600,9.113185027475133,82.26370054950263,7.455244940919177,49.10489881838351
06089011900,10.315934123707109,106.31868247414221,10.286400612392914,105.72801224785825
06089012200,10.153247779185431,103.06495558370865,10.892989537150607,117.85979074301207
06089010400,9.593050723018674,91.8610144603735,9.497155212179797,89.94310424359588
06057001205,14.492149136388917,189.84298272777832,18.733243908918983,274.66487817837964
06057000200,10.157913198428982,103.15826396857963,11.706554350187615,134.13108700375224
06017030804,9.598013795302364,91.96027590604729,12.300107675718085,146.00215351436168
06017031200,9.418268100068556,88.36536200137111,13.123520146285287,162.4704029257057
06017031100,9.714866385209422,94.29732770418843,13.511965645552252,170.23931291104503
06057000300,10.64626438053735,112.92528761074698,11.66417174570619,133.28343491412377
06057000102,11.282393133215256,125.64786266430511,11.848753114038818,136.97506228077634
06017031503,9.586239804974735,91.72479609949471,13.300569064662383,166.01138129324767
06017031000,9.57965035441849,91.59300708836977,11.80731245920448,136.1462491840896
06017030502,11.247718661812826,124.95437323625649,13.627337250063443,172.54674500126885
06017030701,10.856976771729375,117.13953543458749,12.171601203046281,143.43202406092564
06017030808,9.387928744734749,87.75857489469499,11.027553351291957,120.55106702583909
06037464000,16.398991136997346,227.97982273994688,16.961133017402425,239.2226603480484
06037463300,16.38888888888889,227.77777777777777,16.865079365079364,237.30158730158723
06037463400,16.38888888888889,227.77777777777777,16.865079365079364,237.30158730158723
06037462700,16.33541099342903,226.70821986858058,16.704645678699784,234.09291357399565
06037670202,15.923801549076115,218.47603098152234,17.23484247694077,244.69684953881537
06037300200,15.992063492063494,219.84126984126988,18.412698412698415,268.25396825396825
06037297120,12.814728550920648,156.29457101841297,12.917049072329112,158.34098144658225
06037101400,16.718918473889754,234.37836947779505,19.003824999549217,280.0764999909844
06037462800,16.32130520079027,226.42610401580544,16.662328300783514,233.24656601567023
06037460900,16.706349206349202,234.1269841269841,16.51220935979435,230.244187195887
06037460800,16.486260101318702,229.72520202637406,16.001022991265764,220.02045982531524
06037700400,12.563024777240487,151.26049554480971,10.827499613528916,116.5499922705783
06037400304,18.196323068086723,263.9264613617344,23.481203545321723,369.62407090643444
06037262100,13.82311855905839,176.46237118116778,11.984964844771953,139.69929689543903
06037197700,15.379279679544792,207.58559359089585,17.17300163971249,243.46003279424977
06037199110,17.023809523809522,240.47619047619042,17.301587301587304,246.03174603174602
06037190520,14.285714285714285,185.71428571428567,15.595238095238095,211.90476190476193
06037199700,16.007274976985215,220.14549953970436,17.22660588929603,244.53211778592055
06037302104,16.150793650793652,223.015873015873,16.785714285714285,235.71428571428567
06037311700,16.930096481807343,238.60192963614688,19.521931837811493,290.43863675622987
06037302103,16.150793650793652,223.015873015873,16.785714285714285,235.71428571428567
06037104701,19.365079365079367,287.3015873015873,23.41269841269841,368.2539682539682
06037104105,18.519971021965308,270.39942043930614,23.405221299100493,368.10442598200973
06037262303,11.0030134732975,120.06026946595001,8.80479781709075,76.09595634181497
06037271702,9.672687461038695,93.45374922077389,7.678079554307381,53.56159108614759
06037271500,7.780832683698479,55.616653673969566,6.836537540400359,36.73075080800716
06037141500,17.76919020505506,255.38380410110122,19.90142204606884,298.0284409213768
06037270300,13.241548997323838,164.83097994647676,11.890424869285182,137.80849738570362
06037269300,11.157759823204033,123.15519646408065,8.662267889285584,73.24535778571165
06037217200,13.81469009257931,176.2938018515862,13.87268904269612,177.45378085392238
06037216700,13.25194657307744,165.03893146154883,11.916666369996653,138.33332739993304
06037216100,14.126984126984127,182.53968253968253,15.03968253968254,200.79365079365073
06037189400,13.52884960069447,170.57699201388937,14.044722616567483,180.89445233134967
06037700902,12.557843163315813,151.15686326631626,10.409617597180002,108.19235194359999
06037189600,12.896825396825399,157.93650793650795,13.412698412698413,168.25396825396825
06037407302,17.936507936507937,258.7301587301587,21.984126984126984,339.68253968253964
06037430801,16.119733413667035,222.39466827334073,18.08205104427021,261.64102088540415
06037185320,15.39110571516259,207.8221143032518,17.07776532558888,241.5553065117776
06037185202,16.28820099236585,225.764019847317,16.421410812040328,228.42821624080653
06037183300,16.742590451221087,234.8518090244218,15.949799981272966,218.9959996254593
06037181300,16.1484099742722,222.968199485444,16.707052960506395,234.14105921012785
06037143700,15.2618428503654,205.23685700730795,15.348021223849383,206.96042447698764
06037141700,17.679192654380593,253.58385308761177,18.361250538693685,267.2250107738737
06037139703,19.022481785690747,280.4496357138149,23.014594955690573,360.29189911381144
06037137401,21.19562208160216,323.91244163204317,27.916122415133344,458.32244830266677
06037127102,19.365079365079367,287.3015873015873,24.801587301587304,396.031746031746
06037124400,19.39335729378472,287.8671458756943,21.85114650580853,337.0229301161705
06037183810,16.746031746031743,234.92063492063488,15.952380952380954,219.0476190476191
06037311801,16.38888888888889,227.77777777777777,19.642857142857142,292.85714285714283
06037920029,22.822357523611316,356.4471504722263,31.91391859189742,538.2783718379484
06037920039,21.963662840504863,339.2732568100972,30.224677440887262,504.49354881774514
06037920017,21.192754769206402,323.855095384128,30.369063589266524,507.38127178533045
06037300902,16.226444444111742,224.52888888223484,15.98059722649771,219.61194452995417
06037301000,16.329861548094136,226.59723096188273,18.867378591832438,277.34757183664874
06037301400,16.237456129351884,224.7491225870377,19.489912646123134,289.79825292246267
06037301100,16.305771235390004,226.1154247078001,20.08352387176923,301.67047743538467
06037404901,16.73918334681487,234.78366693629732,19.678411555121883,293.5682311024376
06037405600,17.5,250.0,21.23015873015873,324.6031746031746
06037267600,8.895149026681091,77.90298053362181,6.804062546533704,36.081250930674074
06037123301,19.682539682539684,293.6507936507936,22.22222222222222,344.4444444444444
06037123520,19.96895519871766,299.37910397435314,23.963122382172227,379.2624476434446
06037431600,17.46185459947398,249.23709198947955,19.760880002467083,295.2176000493416
06037432300,17.261909955625057,245.23819911250112,21.11110721582089,322.2221443164179
06037480011,16.650342446736506,233.0068489347301,17.842468085840363,256.84936171680727
06037430803,17.57936507936508,251.58730158730157,19.682539682539684,293.6507936507936
06037480201,16.46825396825397,229.36507936507934,17.261904761904763,245.23809523809524
06037480804,16.387602693694785,227.75205387389565,16.498831040437203,229.9766208087441
06037480500,16.19047619047619,223.8095238095238,16.30952380952381,226.1904761904762
06037480902,17.261904761904763,245.23809523809524,17.261904761904763,245.23809523809524
06037481001,17.202099023041864,244.0419804608373,17.247128838898682,244.94257677797364
06037481101,16.46825396825397,229.36507936507934,17.261904761904763,245.23809523809524
06037910804,23.392554199713814,367.85108399427634,38.62402189874577,672.4804379749154
06037920331,19.484126984126984,289.6825396825397,25.436507936507937,408.7301587301587
06037920030,22.84610880901827,356.92217618036534,31.93974996979575,538.794999395915
06037920035,22.197275184937862,343.9455036987572,30.998397140103645,519.9679428020728
06037920034,22.472991759984772,349.4598351996954,30.45906567144688,509.18131342893753
06037910808,22.49899641875504,349.9799283751008,30.313754566108813,506.2750913221762
06037402200,20.867752280659793,317.35504561319584,25.283671826829327,405.6734365365865
06037405202,16.152507077358937,223.0501415471787,20.098058143622882,301.96116287245763
06037123103,20.257084359274565,305.14168718549126,24.00125550567803,380.0251101135606
06037461100,16.59772202537954,231.95444050759082,16.997431194872245,239.94862389744483
06037460501,15.201096711453166,204.02193422906333,16.395751063677896,227.9150212735579
06037300701,15.883385405945639,217.66770811891277,18.610910733221164,272.2182146644233
06037900606,27.728934199692695,454.57868399385393,45.805331104684136,816.1066220936827
06037900602,27.623716249126613,452.47432498253227,45.70923718716898,814.1847437433795
06037404100,16.9047619047619,238.09523809523807,21.785714285714285,335.71428571428567
06037460301,16.172404987495675,223.44809974991355,16.193013553743445,223.8602710748689
06037460302,16.147280679025734,222.94561358051476,16.19047619047619,223.8095238095238
06037119700,20.200164256481152,304.00328512962295,24.428297667769506,388.5659533553901
06037920104,18.943742747442617,278.87485494885243,21.71451750959153,334.2903501918306
06037910707,28.245402119146902,464.9080423829379,50.14284631131079,902.8569262262158
06037910706,28.33233019726425,466.64660394528494,50.5636272351767,911.2725447035341
06037401102,15.515873015873016,210.3174603174603,19.404761904761905,288.0952380952381
06037403721,17.35577481708688,247.11549634173758,22.568207160648534,351.36414321297065
06067009406,9.75504520772925,95.10090415458505,13.288518897215589,165.77037794431183
06067009618,9.984045153999642,99.68090307999285,14.222998509131433,184.45997018262864
06067001400,9.385127341889834,87.70254683779669,13.175843416418374,163.51686832836745
06067002000,9.404761904761905,88.09523809523809,13.24935991499501,164.98719829990014
06067002500,9.404761904761905,88.0952380952381,12.976190476190478,159.52380952380952
06067002600,9.404761904761905,88.0952380952381,12.976190476190478,159.52380952380952
06067003101,9.65706497540669,93.1412995081338,14.049733757985548,180.99467515971094
06067003400,9.913192848250267,98.26385696500535,13.379926368801623,167.59852737603248
06067003800,9.58049918935347,91.60998378706937,14.000072697190685,180.00145394381371
06067003900,9.674777631517525,93.49555263035049,13.285209698331089,165.70419396662177
06067008009,10.18893863648832,103.77877272976642,11.519196861845908,130.38393723691814
06067005102,9.42787140810505,88.55742816210096,13.546569016919479,170.93138033838954
06067007402,9.296398947723102,85.92797895446202,11.147401898765356,122.94803797530712
06067007403,9.232703690109354,84.65407380218703,11.01422847952021,120.2845695904042
06067008208,10.597385637574211,111.94771275148423,11.786004575355236,135.7200915071047
06067008204,10.277777777777779,105.55555555555557,11.031746031746032,120.6349206349206
06067008207,10.47772045233912,109.55440904678242,11.81691847794485,136.33836955889697
06067000400,9.36857816986026,87.3715633972052,13.076548384240924,161.53096768481845
06067007422,9.70456557892452,94.09131157849038,11.309068786927321,126.1813757385464
06067009320,9.706823353363713,94.13646706727425,14.328653858843317,186.57307717686635
06067009501,9.942746484476665,98.8549296895333,13.589215857133782,171.78431714267563
06067009617,10.176216326724628,103.52432653449256,14.76022698344793,195.20453966895857
06037404301,15.562678176238581,211.2535635247716,18.094385172900616,261.8877034580123
06037405500,17.5,250.0,21.23015873015873,324.6031746031746
06037117405,20.167656094321515,303.35312188643024,23.740830955432102,374.81661910864204
06037119310,19.511751823761948,290.2350364752389,22.670123479070305,353.4024695814061
06037117510,19.523809523809526,290.4761904761905,22.6984126984127,353.968253968254
06037117302,20.30406835651186,306.08136713023714,24.376269104095556,387.52538208191106
06037900102,24.60427145732882,392.0854291465764,44.053398190372846,781.0679638074567
06037901102,29.80412379205908,496.0824758411815,46.62175458549352,832.4350917098704
06037320300,17.233427426968493,244.66854853936985,18.96537907387018,279.3075814774036
06037311400,18.398010346957594,267.96020693915193,20.336243879436967,306.7248775887393
06037115302,20.238095238095237,304.76190476190465,24.72222222222222,394.44444444444446
06037113301,19.60705481936527,292.1410963873053,24.23015325883256,384.60306517665117
06037113211,16.805189092761523,236.10378185523047,21.60194208240983,332.0388416481965
06067008501,10.236984866999881,104.7396973399976,11.357630268505037,127.15260537010072
06067008403,10.332240455289817,106.64480910579638,11.785445446910416,135.70890893820828
06067006004,9.248190720246402,84.96381440492806,11.492556789185237,129.8511357837047
06067005605,8.97979090662226,79.59581813244517,12.231863439103378,144.63726878206757
06067009900,10.698957706068802,113.97915412137596,15.69001311464474,213.80026229289484
06067009309,10.330866354949372,106.61732709898742,14.761796872219852,195.235937444397
06067009310,10.596903607104073,111.9380721420815,14.512875094514259,190.25750189028508
06103000500,10.298755514941178,105.97511029882355,12.247394796238606,144.9478959247721
06107002903,17.023809523809522,240.47619047619042,35.63492063492063,612.6984126984127
06107001400,14.25768235993326,185.15364719866506,27.455532535153747,449.1106507030747
06107001601,14.206349206349206,184.1269841269841,28.690476190476193,473.80952380952385
06107001602,14.892802385371072,197.8560477074214,29.96283679513736,499.25673590274715
06107000202,13.33003264342377,166.60065286847535,25.180144636637415,403.60289273274833
06097151305,9.434513711392976,88.69027422785949,8.180870964685855,63.617419293717106
06097152904,9.26300150550741,85.2600301101482,10.217503677822819,104.35007355645641
06113011204,11.324507409814473,126.49014819628941,13.408134833056723,168.1626966611344
06113010608,9.139715334272765,82.7943066854553,14.752499017730255,195.04998035460505
06113010605,8.974677846788833,79.49355693577665,15.118751523219892,202.3750304643978
06095980000,10.837115408294135,116.74230816588268,16.075389838046732,221.5077967609347
06095252314,10.279401139309531,105.5880227861906,13.963128397021928,179.26256794043854
06095252502,10.536582487854297,110.73164975708592,15.036638058533267,200.73276117066533
06095253402,11.050288376097114,121.00576752194223,16.021846100000392,220.43692200000777
06095253000,11.785714285714286,135.71428571428572,15.396825396825397,207.93650793650795
06015000101,6.468253968253969,29.365079365079367,3.571428571428571,-28.571428571428584
06097150603,11.3125130999184,126.25026199836798,13.736965993080583,174.73931986161165
06097152300,9.622534111740766,92.45068223481529,8.64450009047908,72.89000180958155
06097153002,9.58979688212945,91.79593764258898,10.412794287283063,108.25588574566123
06097153006,9.295159627819507,85.90319255639014,10.19935302042294,103.98706040845877
06097153102,9.764601819129247,95.29203638258491,9.286100945056653,85.72201890113307
06097151800,9.490364957335,89.80729914669999,8.309944447313688,66.19888894627374
06097152502,9.330560459562104,86.61120919124204,9.946453091461304,98.92906182922606
06097153502,9.448325364619134,88.96650729238264,8.12424696364894,62.48493927297878
06097150701,12.199398768941915,143.9879753788383,14.679566719043489,193.5913343808697
06097150902,11.982723723902119,139.65447447804237,13.896116238959355,177.92232477918708
06097151000,11.01600098816645,120.32001976332896,11.243245572394834,124.86491144789667
06097151308,9.897686345844477,97.95372691688951,8.20550671781579,64.1101343563158
06097153705,9.543812430823204,90.8762486164641,9.854760661797732,97.09521323595467
06095253201,11.30070883114158,126.01417662283163,14.716048167914137,194.3209633582827
06095253101,11.583592164699946,131.6718432939989,14.948340782224406,198.96681564448807
06095253107,11.755616342211907,135.1123268442381,15.261384651064688,205.22769302129376
06095252705,10.822782730487525,116.45565460975051,16.006411073388307,220.12822146776617
06095250200,9.087301587301587,81.74603174603172,11.626984126984127,132.5396825396825
06095250400,7.77481749166148,55.4963498332296,9.854222353872709,97.08444707745417
06095251804,8.359697647861996,67.19395295723992,8.730158730158731,74.60317460317461
06095251803,8.391474539303763,67.82949078607527,8.807562255147666,76.15124510295331
06095252107,7.734218750883203,54.684375017664024,9.310832163656602,86.21664327313204
06095252102,7.100165819751915,42.00331639503832,8.693931522135435,73.87863044270865
06095251600,8.293650793650793,65.87301587301587,10.277777777777779,105.55555555555557
06095251702,8.300838078579256,66.01676157158515,10.184343073707751,103.68686147415502
06095253404,10.744267563418461,114.88535126836916,15.448166835274336,208.9633367054867
06095252703,10.552600565917942,111.05201131835884,15.507385584696804,210.14771169393606
06073019905,17.559170598669958,251.18341197339916,21.151456098854833,323.0291219770967
06073019903,19.587519857565777,291.7503971513155,26.04886962461318,420.9773924922635
06073019804,11.959200849948203,139.184016998964,10.215427995848644,104.30855991697287
06073019701,16.64961256376882,232.99225127537636,19.278771693994354,285.5754338798871
06073019503,19.257402099893444,285.14804199786886,24.634091933705186,392.68183867410374
06073019404,18.82866118770283,276.5732237540566,23.94746614934073,378.9493229868146
06073019303,18.910770029349578,278.2154005869916,24.74298198333689,394.85963966673773
06073018516,15.952380952380954,219.0476190476191,16.547619047619047,230.9523809523809
06073018512,14.149071504629681,182.98143009259365,14.70866919714026,194.17338394280517
06073018511,10.86165871234115,117.23317424682298,9.68335525883974,93.66710517679478
06107003501,16.200344868831614,224.0068973766323,30.005661599635715,500.11323199271436
06059032058,21.231692171407953,324.6338434281591,30.71594483754979,514.3188967509958
06059032059,21.50793650793651,330.1587301587301,31.23015873015873,524.6031746031746
06073018504,9.420553712625571,88.41107425251141,7.800690304683618,56.01380609367235
06073017801,9.038291553392297,80.76583106784592,6.566845828199904,31.336916563998077
06073017501,2.301587301587302,-53.96825396825397,2.5,-50.00000000000001
06073017306,9.984786976993801,99.69573953987602,6.701847699486861,34.036953989737206
06073017108,11.79921606151711,135.9843212303422,9.81997680660949,96.39953613218981
06073017047,24.955697572143997,399.1139514428799,36.025722677327316,620.5144535465462
06073017044,24.630037126338532,392.6007425267706,35.402012108887654,608.0402421777529
06073017039,21.528763648433465,330.57527296866925,27.55950545627308,451.1901091254615
06073017031,20.5827410499295,311.65482099859,23.79628910623384,375.9257821246768
06073017021,21.41082142903278,328.21642858065553,28.264367958770322,465.28735917540644
06073017009,22.281048129762848,345.6209625952569,29.852429008965004,497.0485801793
06073016901,24.456323262901506,389.1264652580301,35.32272541770669,606.454508354134
06073016810,23.997630887329752,379.952617746595,34.54274879902015,590.854975980403
06073016809,24.016807783817566,380.3361556763513,34.24143448913315,584.828689782663
06073016616,24.880320668335276,397.60641336670557,38.5542419928512,671.084839857024
06073016614,25.222104397855226,404.4420879571045,38.23684504016187,664.7369008032372
06073016609,25.31517249687918,406.30344993758354,37.67914379597737,653.5828759195473
06073016606,24.16286494172391,383.25729883447815,35.394900791516484,607.8980158303298
06073016401,25.039792801059946,400.7958560211989,34.793828231203776,595.8765646240754
06073014804,24.125777236834995,382.5155447366999,34.066823241855346,581.3364648371069
06073009705,24.248661891417292,384.9732378283459,34.247196866245766,584.9439373249152
06073009703,24.206348769754026,384.12697539508054,34.32539835347993,586.5079670695986
06073009509,23.787287403166808,375.7457480633362,32.73005271382958,554.6010542765915
06065043813,20.053735805648618,301.07471611297245,28.17351171123508,463.4702342247015
06073009505,24.221668895154128,384.43337790308254,35.51329896512433,610.2659793024866
06073009400,23.2023916740367,364.047833480734,32.37697500618426,547.5395001236853
06073008360,21.934153066653188,338.68306133306385,28.78377121455845,475.67542429116895
06073008358,19.940294558927544,298.80589117855084,24.862306629379564,397.2461325875912
06073008355,20.46149147822404,309.2298295644808,26.646358443076956,432.92716886153903
06073008349,19.717025866639126,294.34051733278244,24.31600986047252,386.3201972094503
06073008347,19.102994083621766,282.0598816724353,23.20679115566697,364.13582311333926
06073008337,19.444444444444446,288.88888888888886,21.904761904761905,338.0952380952381
06073008324,7.606001440944215,52.12002881888429,6.01518128401835,20.303625680367016
06065044404,16.474402772283234,229.48805544566463,21.008447997511713,320.1689599502342
06073008311,5.844792584665988,16.895851693319752,3.9047091508501652,-21.905816982996686
06073008305,12.003251404880679,140.06502809761358,10.125334930174654,102.50669860349306
06073008303,7.5517965238743905,51.0359304774878,6.110862121349144,22.217242426982864
06073007501,7.227097681070761,44.5419536214152,4.9955010467475995,-0.08997906504801723
06065041913,20.350233888707074,307.0046777741415,27.20366408210865,444.0732816421729
06065048800,26.648556445981527,432.9711289196306,43.5451155486626,770.9023109732517
06065941200,30.054132941055308,501.08265882110607,48.59301356492987,871.8602712985974
06065040102,19.87738975675583,297.54779513511664,27.84149977173142,456.82999543462836
06065040609,19.756209689920944,295.1241937984188,26.051361435465143,421.02722870930285
06065040815,22.896825396825395,357.9365079365079,32.22222222222222,544.4444444444445
06065041803,20.286705465584447,305.73410931168894,29.027650960521253,480.5530192104251
06065042621,24.612496208811127,392.24992417622246,37.26564134811324,645.3128269622649
06065042624,23.577267060775018,371.5453412155004,33.888811302633954,577.7762260526792
06073020801,23.06750366721896,361.3500733443791,32.147803885177275,542.9560777035456
06065042731,25.07717557061295,401.543511412259,39.988546923944135,699.7709384788825
06065042732,24.76282515199995,395.25650303999913,40.57158642940285,711.4317285880569
06065042737,26.75159065558897,435.03181311177934,43.14700619783502,762.9401239567002
06065043227,23.73392951051654,374.6785902103308,39.85901833473833,697.1803666947666
06073020403,22.963293134983,359.26586269966,30.03463709133382,500.6927418266763
06073020211,22.172651311338416,343.4530262267683,27.611774213441073,452.23548426882144
06073020208,22.42063492063492,348.41269841269843,29.04761904761905,480.95238095238096
06073020108,22.023809523809522,340.4761904761904,26.825396825396826,436.5079365079365
06073020107,21.902595086063013,338.05190172126026,26.880494297099787,437.6098859419957
06073020023,20.430550877661968,308.6110175532394,24.003379774488483,380.06759548976964
06073020019,17.362248490009826,247.2449698001965,19.95013806462505,299.0027612925011
06107001200,14.467728430950526,189.35456861901045,31.129300740172653,522.586014803453
06107002002,15.476190476190476,209.52380952380952,30.198412698412696,503.96825396825386
06107002302,16.815886984054128,236.31773968108254,34.76164596794797,595.2329193589594
06107002202,16.74511464610231,234.90229292204614,34.40187959069796,588.0375918139591
06107004500,16.19670695173978,223.9341390347956,26.048426749980848,420.96853499961685
06107001501,14.252619847041569,185.05239694083133,27.547987460618447,450.9597492123689
06107002500,14.817033468845,196.34066937690002,27.457010057516687,449.1402011503336
06107002800,14.790666849356887,195.8133369871377,26.77625496819416,435.5250993638832
06107003601,16.000386877395364,220.00773754790728,29.03000508346689,480.6001016693378
06107002100,16.752116753058218,235.04233506116435,33.87206992880388,577.4413985760775
06073002902,23.7834564040972,375.669128081944,33.626740179950815,572.5348035990164
06073014803,23.90015981999686,378.0031963999371,32.71631262246907,554.3262524493813
06073000400,19.117217926251563,282.3443585250312,22.211708634674768,344.2341726934954
06073004400,20.476190476190478,309.5238095238096,24.00793650793651,380.1587301587301
06073004800,17.658730158730158,253.17460317460313,19.642857142857142,292.85714285714283
06073005000,17.663818063520367,253.27636127040728,19.48004418957052,289.60088379141035
06073003114,23.055555555555554,361.1111111111111,26.746031746031747,434.92063492063494
06073012600,7.789335973995009,55.78671947990018,5.0322307659180066,0.6446153183601311
06073010112,11.587301587301587,131.74603174603172,9.246031746031747,84.92063492063494
06107003100,16.731345817940706,234.62691635881407,32.734142864766746,554.682857295335
06107002006,16.26628310479815,225.32566209596297,33.72078138650432,574.4156277300864
06073015704,25.86908855890487,417.3817711780974,35.36228829849697,607.2457659699394
06073006900,10.56031667776845,111.20633355536897,8.4195318109109,68.39063621821803
06073012200,19.404761904761905,288.0952380952381,21.825396825396826,336.50793650793645
06073013416,20.977430450854712,319.54860901709435,23.54256699268683,370.85133985373653
06073001600,24.840188408791562,396.8037681758311,33.456497899103375,569.1299579820674
06073003800,17.87636510177498,257.5273020354996,18.83233968359236,276.6467936718471
06073003001,22.431972271249073,348.63944542498143,25.92343791589098,418.46875831781955
06073002001,25.5952380952381,411.9047619047619,35.27777777777778,605.5555555555555
06073002702,24.369297451414358,387.3859490282871,33.30664964902366,566.1329929804733
06073015801,25.71428571428572,414.28571428571433,35.91269841269841,618.2539682539682
06073015302,25.369356396189765,407.3871279237953,35.57342402383076,611.4684804766152
06073013605,24.982498777358416,399.6499755471683,35.08122558533612,601.6245117067224
06073013702,24.553139142007463,391.0627828401494,31.87546199809809,537.5092399619617
06073004000,18.84864823312389,276.97296466247775,20.937383399615154,318.7476679923031
06073003301,21.26984126984127,325.3968253968254,23.571428571428573,371.42857142857144
06073002803,24.484126984126988,389.6825396825397,33.8095238095238,576.1904761904761
06073007100,9.478769619299872,89.57539238599743,7.125277378231832,42.50554756463663
06073003111,21.825396825396826,336.50793650793645,24.00793650793651,380.1587301587301
06073014001,24.63098441505976,392.6196883011952,32.56089639168026,551.2179278336051
06073006802,11.272885562862989,125.45771125725972,10.081175025081308,101.62350050162613
06073003202,19.842858125503845,296.8571625100769,22.752530687897213,355.0506137579442
06073012003,19.53015921371177,290.6031842742354,21.93845997281064,338.76919945621273
06073013505,24.33708258773977,386.7416517547953,32.93407267947242,558.6814535894483
06073014601,23.693253887278132,373.86507774556264,32.76738148682146,555.3476297364293
06073011802,18.527858045858057,270.5571609171611,19.785152516534904,295.7030503306981
06073003207,21.702939173783804,334.0587834756761,26.861052365573517,437.2210473114703
06073003212,21.11111111111111,322.22222222222223,25.436507936507937,408.7301587301587
06073013801,24.333766620514687,386.6753324102937,32.46696852578601,549.3393705157201
06073012303,12.455331142123788,149.10662284247573,10.781871582824497,115.63743165648991
06073010502,6.111111111111111,22.222222222222214,4.087301587301587,-18.253968253968253
06073014200,24.1770544650745,383.54108930149,31.55762384170981,531.1524768341961
06073010003,15.515873015873016,210.3174603174603,16.825396825396822,236.50793650793645
06073010012,16.891093399325076,237.82186798650153,18.463957282275874,269.2791456455175
06073002905,23.571428571428573,371.42857142857144,33.57142857142857,571.4285714285713
06073008502,19.15475361273427,283.0950722546854,23.154869587769003,363.09739175538004
06073009000,20.367278629918893,307.3455725983779,24.185969538354865,383.71939076709725
06073001700,25.41945116439292,408.3890232878584,34.77911689231901,595.5823378463801
06073002402,22.22222222222222,344.4444444444444,27.6984126984127,453.968253968254
06073004200,22.15875376208273,343.1750752416545,27.506137728015993,450.12275456031983
06073003403,21.272465033161325,325.44930066322655,23.58279821248216,371.65596424964315
06073003902,18.901831925850257,278.03663851700514,20.995242581811976,319.9048516362395
06073013303,15.277777777777777,205.5555555555555,17.976190476190474,259.5238095238095
06073013906,24.610018426295422,392.20036852590835,32.22024712922019,544.4049425844037
06073013908,24.266419368498102,385.32838736996206,29.62115827409058,492.42316548181145
06073020904,17.427542773183617,248.5508554636724,19.765420338299403,295.30840676598797
06073020805,23.773648413659927,375.4729682731985,33.21767122349874,564.3534244699749
06073003107,24.365079365079364,387.30158730158723,29.28571428571429,485.71428571428567
06073014102,23.422572974326368,368.45145948652726,27.967196183262505,459.34392366525014
06073002502,22.185211758358847,343.704235167177,27.538034021671418,450.7606804334284
06073015602,25.230838679248393,404.61677358496786,34.9165375728693,598.330751457386
06073010109,9.889691533477853,97.79383066955701,7.237710805309583,44.754216106191656
06073013504,24.402440549414763,388.04881098829526,31.575881400923173,531.5176280184635
06031000500,14.893387671449501,197.86775342898994,29.887872185718987,497.75744371437963
06031000701,15.06875932372214,201.37518647444273,29.73198810358745,494.6397620717489
06031001001,14.788856697968779,195.77713395937553,30.116889619413513,502.3377923882703
06031001100,15.602832025486807,212.0566405097361,31.322242577115805,526.4448515423161
06031000402,16.17868283293252,223.5736566586504,30.180392982270444,503.60785964540884
06083002012,16.757593752524613,235.15187505049227,20.857762727538045,317.1552545507609
06083002011,13.716691582223516,174.3338316444703,14.126416398822553,182.52832797645107
06083002802,13.698930253604633,173.97860507209268,19.094471121158485,281.88942242316966
06083002706,12.966533712042832,159.33067424085664,20.09302528025071,301.86050560501417
06083002708,12.936507936507939,158.73015873015873,20.119047619047617,302.3809523809523
06083000101,14.028005383899071,180.56010767798142,13.856789079222633,177.13578158445264
06083000103,17.114532669832432,242.29065339664865,18.825050364027362,276.5010072805472
06083003001,9.1874602794007,83.749205588014,8.007737968970941,60.15475937941878
06083000700,14.719038114171639,194.38076228343272,13.053263934132012,161.06527868264024
06083000801,8.857629674264858,77.15259348529713,6.98213057097748,39.64261141954958
06083000900,9.227902989736416,84.55805979472834,7.47582832493956,49.51656649879118
06083002103,13.541636013579996,170.8327202715999,13.926019235087594,178.5203847017519
06083002205,14.285714285714285,185.71428571428567,15.674603174603174,213.4920634920635
06083002303,12.65132862501638,153.0265725003276,12.228181237914116,144.5636247582823
06045010500,7.5666381387395445,51.33276277479088,6.289171606367814,25.783432127356274
06045011600,10.55796809797162,111.15936195943245,13.090052390064137,161.80104780128272
06045011700,10.427109044167851,108.54218088335702,11.543958363133777,130.8791672626755
06037901008,29.28571428571429,485.71428571428567,46.62698412698412,832.5396825396824
06037650502,7.674664857902811,53.49329715805624,5.967678534046837,19.35357068093674
06037920116,19.118262669014207,282.3652533802841,24.20147774641527,384.02955492830534
06037920119,19.237058691238,284.74117382476,24.85070472970045,397.014094594009
06037980002,16.405501866696444,228.11003733392891,17.2085676689056,244.1713533781121
06037980003,25.789513794845323,415.79027589690656,44.44717424568873,788.9434849137747
06037980008,21.410513233297383,328.2102646659477,27.22349342133314,444.46986842666274
06037980015,18.886404543057576,277.72809086115154,23.0860302695629,361.72060539125806
06101050702,10.083078551686551,101.66157103373106,12.767949971815542,155.35899943631074
06101050403,9.103951011719795,82.0790202343959,12.460901919659467,149.21803839318932
06037262704,7.023328619062433,40.46657238124864,5.5669366753755245,11.338733507510478
06089011801,9.7684069321959,95.36813864391796,8.578050052812486,71.56100105624967
06055200302,9.326442099883524,86.52884199767047,9.87924042496869,97.58480849937376
06055200706,10.753968253968255,115.07936507936506,12.182539682539682,143.65079365079362
06037621204,6.628142757728098,32.56285515456193,4.983703403817204,-0.3259319236559115
06037621326,10.714285714285715,114.28571428571428,8.055555555555555,61.111111111111114
06037980026,16.144754492681795,222.89508985363585,19.425905326514933,288.51810653029867
06037651402,15.596235162207037,211.92470324414074,17.23511737979342,244.70234759586836
06037670326,11.985590704017131,139.7118140803426,10.75061621392419,115.01232427848379
06037577604,7.884740501188871,57.69481002377742,6.168101384387063,23.362027687741236
06037115103,19.850819367250608,297.0163873450121,24.210822121260616,384.21644242521234
06037543905,16.938508744963638,238.77017489927277,19.782893718955876,295.65787437911746
06037544001,16.670413129456097,233.4082625891219,17.55234546896181,251.04690937923613
06037207502,16.182618080862955,223.65236161725915,17.72968265341855,254.593653068371
06037275101,10.331196776928742,106.62393553857483,8.399137690779,67.98275381558001
06037102107,17.52867050473876,250.57341009477523,21.12854956618708,322.57099132374157
06037108202,15.594284601282332,211.88569202564662,19.492142600931523,289.8428520186305
06055201003,9.87799630268557,97.55992605371138,10.954186771242282,119.08373542484564
06055201200,10.325632423454476,106.51264846908948,12.151706447772245,143.03412895544488
06055201005,9.584067215145598,91.68134430291198,10.177721244983115,103.55442489966227
06053010504,6.585592966553378,31.711859331067544,6.396491743932935,27.929834878658696
06053010607,7.281789290171431,45.63578580342858,8.902260596867727,78.04521193735454
06053010101,5.8531487901108745,17.06297580221746,3.45279276006391,-30.94414479872181
06037800406,15.298691753424563,205.9738350684913,17.18183008182852,243.63660163657036
06037800410,14.755735940452446,195.11471880904898,14.091363806327902,181.827276126558
06037901010,30.031133032361883,500.6226606472376,46.684068120492874,833.6813624098575
06037910002,24.537658378113644,390.7531675622728,41.999142130126984,739.9828426025397
06055201006,8.84920634920635,76.98412698412699,8.293650793650793,65.87301587301587
06055201402,10.100652248722344,102.01304497444693,10.774838915522702,115.49677831045405
06085503123,11.607439031944052,132.14878063888105,12.909051615292652,158.18103230585297
06085512038,13.031324071027289,160.62648142054576,16.47064844970572,229.41296899411438
06085511705,13.152318277117029,163.04636554234057,16.0106265006838,220.21253001367594
06053000103,7.0314251163146535,40.62850232629303,8.377911611054884,67.55823222109768
06085506203,10.595238095238095,111.9047619047619,12.81746031746032,156.34920634920638
06085512039,12.325415017154175,146.5083003430835,15.051765142943427,201.0353028588685
06085511608,12.601647375152847,152.03294750305696,16.171591793749098,223.4318358749819
06085512311,11.413593929837589,128.27187859675175,12.04208938208591,140.84178764171816
06005000301,9.331090370241236,86.6218074048247,12.939685967018802,158.79371934037601
06037911001,22.012644968277986,340.25289936555964,36.199176307700945,623.9835261540188
06037700102,12.428138244508789,148.5627648901758,11.48701227793864,129.74024555877276
06037980010,15.414919639688165,208.29839279376333,17.17400803242659,243.4801606485317
06089010702,9.653875529722905,93.07751059445809,7.732281229834004,54.64562459668008
06089010805,9.863339786012952,97.26679572025904,9.11084803844596,82.21696076891918
06085502301,11.595793907019821,131.9158781403964,13.521709039581133,170.43418079162262
06053014000,7.616420765772607,52.32841531545217,6.765139312965391,35.302786259307815
06085503903,11.031812173798196,120.63624347596388,12.143121711065795,142.86243422131588
06053011502,11.867609931119606,137.35219862239214,13.251527954810546,165.03055909621085
06089011001,10.229695432457609,104.59390864915216,10.995283541078749,119.90567082157494
06089010704,9.395250912163913,87.90501824327823,7.284414473603254,45.688289472065065
06089010807,9.861226462368851,97.22452924737703,8.06539006311736,61.30780126234718
06089010603,9.90279027763564,98.05580555271281,9.139515402633023,82.79030805266046
06089012101,10.253116287988117,105.06232575976235,11.344754422361635,126.8950884472327
06019002906,14.748214107550018,194.9642821510003,23.994962684716185,379.8992536943237
06019004902,14.612995406587654,192.25990813175304,25.866097033901337,417.3219406780267
06019005524,14.335900223054374,186.71800446108742,25.711954663338076,414.2390932667614
06075032602,4.365079365079366,-12.698412698412696,3.134920634920635,-37.301587301587304
06075033203,4.048254325052249,-19.034913498955017,2.739250287973787,-45.21499424052426
06075047801,4.365079365079366,-12.698412698412696,3.134920634920635,-37.301587301587304
06075980300,4.547180081814879,-9.056398363702424,3.362546530840027,-32.74906938319946
06075980900,6.226049311820554,24.520986236411076,5.287197883613133,5.743957672262652
06075980200,4.208470174968431,-15.830596500631374,3.3698344200870345,-32.60331159825932
06019005906,13.31349417039229,166.26988340784578,21.815905859578862,336.31811719157713
06075012901,5.158730158730159,3.1746031746031917,4.682539682539683,-6.349206349206355
06075013102,5.158730158730159,3.1746031746031917,4.682539682539683,-6.349206349206355
06019008501,14.234961102810834,184.69922205621666,30.886302374685407,517.726047493708
06075020401,5.0,-1.4210854715202004e-14,3.9285714285714284,-21.42857142857143
06075031201,5.417001075243164,8.340021504863243,4.097723835086966,-18.045523298260687
06037269907,10.342453198909332,106.84906397818663,8.504753296281644,70.09506592563282
06037272202,6.19563482402591,23.912696480518175,5.27274506719514,5.454901343902801
06037275603,8.96000199096593,79.20003981931859,7.305475586579638,46.10951173159275
06037293306,17.7080245828762,254.16049165752395,21.565168807039168,331.30337614078337
06037294701,16.982319049697388,239.6463809939477,19.101216388850947,282.024327777019
06037296401,11.383201981675857,127.6640396335171,10.244748118202494,104.89496236404989
06037406702,17.152881592783228,243.0576318556645,21.15170041791078,323.0340083582156
06037302506,15.998960673271569,219.97921346543131,16.797708084084665,235.95416168169325
06037573003,16.071428571428573,221.42857142857144,15.158730158730158,203.17460317460313
06037576001,13.015873015873018,160.3174603174603,12.301587301587302,146.03174603174605
06037400501,14.492212457118818,189.84424914237636,16.663392544213185,233.26785088426368
06037531504,17.451246492138136,249.02492984276267,19.36243071992505,287.248614398501
06037218701,14.126984126984127,182.53968253968253,15.03968253968254,200.79365079365073
06037222001,15.119759563427131,202.39519126854262,15.598788260952569,211.97576521905137
06037301206,15.992266432270851,219.845328645417,19.325559177562713,286.5111835512542
06037301801,15.57760638327582,211.55212766551637,17.86260702967563,257.2521405935126
06037240402,15.50040761487464,210.00815229749273,13.69007012168142,173.80140243362834
06037261200,15.423925029683705,208.47850059367406,14.724970458142089,194.49940916284177
06037269602,12.53968253968254,150.79365079365078,10.119047619047619,102.38095238095232
06037271902,9.588364602899869,91.76729205799738,7.634668517710063,52.69337035420123
06037273502,4.259039151388535,-14.819216972229306,4.197728482518889,-16.04543034962221
06037273902,5.27653811275067,5.530762255013354,4.558092698001312,-8.838146039973768
06037106645,16.55500726456953,231.10014529139056,19.07262287963985,281.452457592797
06037408724,19.63195791916631,292.63915838332616,25.117808683088594,402.3561736617719
06037533806,18.171771722526074,263.4354344505215,21.78215386531634,335.64307730632675
06037536104,18.509559423951757,270.1911884790351,20.484880861601162,309.6976172320233
06037141101,17.623838549349898,252.4767709869979,17.590613350509557,251.8122670101911
06037189903,13.214285714285715,164.28571428571428,13.015873015873018,160.3174603174603
06037550201,20.039682539682538,300.7936507936507,22.3015873015873,346.03174603174597
06037551402,18.78215881123475,275.643176224695,20.199777656163743,303.9955531232747
06037604001,9.96031746031746,99.20634920634919,7.301587301587302,46.031746031746025
06037650604,10.714285714285715,114.28571428571428,8.055555555555555,61.111111111111114
06037700802,12.566557688518655,151.3311537703731,10.811601512777163,116.23203025554322
06037183702,16.58630347462642,231.72606949252832,16.974641889375057,239.49283778750114
06037402304,20.216252493217972,304.3250498643594,24.215497603066503,384.30995206133
06037402903,20.158730158730158,303.1746031746031,25.039682539682538,400.7936507936508
06037402904,19.524045543563226,290.4809108712644,23.603291042199476,372.06582084398957
06037461901,16.540093049881193,230.80186099762386,17.269667410099295,245.39334820198582
06037462002,16.706349206349206,234.1269841269841,17.301587301587304,246.03174603174602
06037462202,16.507936507936506,230.15873015873012,17.301587301587304,246.03174603174602
06037108101,17.144706062486307,242.89412124972608,21.459410392486056,329.18820784972104
06037113102,16.92568755694197,238.51375113883938,21.66439532471069,333.2879064942138
06037115403,20.255748097384433,305.1149619476885,24.863445096535784,397.26890193071563
06037188201,14.806923949154946,196.13847898309888,15.893072188632761,217.86144377265518
06037189102,14.285714285714285,185.71428571428567,15.595238095238095,211.90476190476193
06037406701,17.936507936507937,258.7301587301587,21.984126984126984,339.68253968253964
06037407801,19.120358713647487,282.4071742729497,23.846243571538615,376.92487143077227
06037500404,18.373015873015873,267.46031746031747,22.460317460317462,349.2063492063492
06073008006,2.3685205014567745,-52.62958997086452,1.8800882943847619,-62.39823411230476
06073017109,15.90745739146993,218.1491478293986,14.424171254736676,188.48342509473346
06073002712,23.422998668595373,368.4599733719074,29.07724731322226,481.5449462644451
06073020029,18.6592788126348,273.1855762526959,21.918394797988043,338.3678959597608
06037128102,19.333039212662136,286.6607842532427,24.710044008966655,394.20088017933307
06037128802,19.087301587301585,281.74603174603175,24.00793650793651,380.1587301587301
06073020308,21.108591789906967,322.1718357981394,27.130469403364344,442.6093880672868
06073021800,3.4539751620080517,-30.920496759838972,3.2080257530586005,-35.839484938827994
06073021900,14.392897800962835,187.8579560192567,14.161092921588692,183.22185843177382
06073007907,10.476190476190476,109.52380952380955,8.53174603174603,70.6349206349206
06073008361,13.253968253968255,165.07936507936506,12.023809523809524,140.47619047619045
06073013420,19.965105069113868,299.3021013822774,22.813353896560933,356.2670779312187
06073014806,23.62699301203352,372.5398602406704,33.20470326343592,564.0940652687182
06073008346,17.913877143564758,258.2775428712951,20.768695811914483,315.37391623828967
06073008364,13.253968253968255,165.07936507936506,12.023809523809524,140.47619047619045
06073006300,14.710057147152895,194.20114294305785,13.819952562054475,176.39905124108947
06037117201,20.144989408952128,302.89978817904256,23.704651737757427,374.0930347551486
06037119201,19.494977007237605,289.89954014475217,22.630608497180635,352.6121699436126
06037120103,19.523809523809526,290.4761904761905,22.6984126984127,353.968253968254
06037121102,19.022234225604166,280.4446845120833,24.06760688479127,381.35213769582543
06037122122,19.516098706311144,290.3219741262228,23.85397560088599,377.0795120177197
06037124103,19.52934922063225,290.5869844126449,22.11408777852286,342.28175557045705
06037310202,16.41613422393319,228.3226844786638,19.19330911462615,283.8661822925229
06073009511,22.936589540876827,358.7317908175365,31.150895271328498,523.0179054265699
06073016503,25.71428571428572,414.28571428571433,38.45238095238095,669.047619047619
06073017052,20.2165922000354,304.331844000708,23.6182267298165,372.3645345963299
06073017813,5.652609342941524,13.05218685883046,4.586370202660112,-8.272595946797745
06073020710,21.635311759541608,332.7062351908321,28.09831969705092,461.9663939410183
06037310601,17.676675637760088,253.53351275520177,20.70152139314807,314.0304278629614
06037400404,15.306151062949791,206.1230212589958,18.79165039921098,275.83300798421953
06037104404,19.365079365079367,287.3015873015873,23.41269841269841,368.2539682539682
06037106407,16.258674458380522,225.17348916761046,18.960507110671763,279.21014221343535
06037106408,15.98125743232542,219.62514864650842,18.460067015526462,269.20134031052925
06037125402,17.556935998725642,251.1387199745128,18.650764734256633,273.01529468513263
06037134001,21.825396825396826,336.50793650793645,29.20634920634921,484.1269841269841
06037141102,17.61904761904762,252.38095238095235,17.57936507936508,251.58730158730157
06037211201,14.246031746031745,184.92063492063488,15.158730158730158,203.17460317460313
06037211703,13.844213029267117,176.88426058534233,14.43043373459427,188.6086746918854
06037212101,14.42032533093576,188.40650661871518,15.34094617931163,206.81892358623256
06037212502,15.119047619047619,202.38095238095235,16.071428571428573,221.42857142857144
06037215101,12.46839388173519,149.36787763470386,11.506063145791684,130.12126291583363
06037219901,13.184058274776945,163.6811654955389,11.655349427505437,133.10698855010872
06037221303,15.119047619047619,202.38095238095235,16.071428571428573,221.42857142857144
06037234901,14.563492063492065,191.26984126984127,13.253968253968255,165.07936507936506
06037236204,13.095238095238097,161.90476190476193,11.38888888888889,127.77777777777777
06037237202,15.419286459597233,208.38572919194462,15.32862133543533,206.5724267087066
06037239501,16.825396825396822,236.50793650793645,16.626984126984127,232.53968253968253
06037241201,15.456480961324388,209.1296192264877,13.623471646943939,172.46943293887878
06037430301,14.331777491225946,186.63554982451888,14.049700066789212,180.9940013357842
06065043229,25.30125785867509,406.0251571735018,41.503709405965814,730.0741881193161
06037132502,21.746031746031747,334.9206349206349,29.08730158730159,481.7460317460317
06037431502,17.57936507936508,251.58730158730157,19.682539682539684,293.6507936507936
06037502801,19.368924236212095,287.3784847242419,21.319133458258616,326.3826691651723
06037553504,18.9923821364469,279.847642728938,21.068236183124675,321.3647236624934
06037554405,20.084529238863052,301.690584777261,22.434727308336747,348.6945461667349
06037183401,16.744265035516186,234.8853007103237,15.951055919494284,219.0211183898857
06037186201,15.775099680619027,215.50199361238046,16.04077972381082,220.8155944762164
06037186203,16.258005896279254,225.16011792558507,15.96299020998427,219.25980419968542
06037191902,12.960169586621602,159.20339173243198,12.817090633220669,156.34181266441334
06037262604,8.398254212483542,67.96508424967081,7.129584127301405,42.5916825460281
06037267404,9.365079365079366,87.30158730158729,6.904761904761905,38.0952380952381
06037127604,21.58730158730159,331.74603174603175,27.6984126984127,453.968253968254
06037127712,20.85797238084098,317.1594476168196,26.747679982847977,434.95359965695957
06037131702,21.746031746031747,334.9206349206349,29.08730158730159,481.7460317460317
06037132101,21.39481197903042,327.8962395806084,27.492850096663425,449.85700193326846
06037134424,19.080359611771527,281.60719223543055,23.228693880661634,364.57387761323264
06037137103,21.666666666666668,333.3333333333333,28.333333333333332,466.66666666666663
06037139402,21.14140238397689,322.82804767953775,28.69996911529,473.99938230579994
06037183221,16.379232906653176,227.5846581330635,15.786396831689345,215.72793663378692
06041130201,4.1269841269841265,-17.46031746031747,3.492063492063492,-30.158730158730165
06041112202,10.73656196493982,114.7312392987964,13.042138690240694,160.8427738048139
06111004305,5.311700376361213,6.234007527224255,3.375143256611273,-32.49713486777456
06111004715,6.113329465933858,22.266589318677156,5.208542495190683,4.170849903813664
06111005801,16.698829650002864,233.97659300005722,17.29815014766022,245.9630029532043
06111009100,9.619852595282905,92.39705190565809,5.867264736122314,17.34529472244627
06007000904,10.22722455770018,104.54449115400358,12.401835171810738,148.03670343621476
06007002601,9.180690822795592,83.61381645591185,12.267431185959426,145.34862371918857
06007003501,9.252777297333514,85.05554594667026,12.470303039424756,149.4060607884951
06007000901,10.396857512043479,107.93715024086958,12.28921953924198,145.78439078483956
06097150306,10.251684255119597,105.03368510239197,11.868649974488054,137.3729994897611
06067009634,9.836882613870923,96.73765227741842,14.181339690330434,183.62679380660862
06067007016,9.389247295135858,87.78494590271714,12.576809485118599,151.53618970237196
06067007106,9.776521991903206,95.53043983806408,13.038858708801296,160.77717417602588
06067008512,10.447485366439059,108.94970732878117,12.049872585010627,140.9974517002125
06067009011,10.420964552158965,108.41929104317936,13.418468570586597,168.3693714117319
06067005204,9.199229578626603,83.98459157253204,13.221929929216534,164.43859858433063
06067003203,9.761904761904763,95.23809523809524,14.126984126984127,182.53968253968253
06067004702,9.724547473002255,94.49094946004507,14.052269549179112,181.0453909835822
06067007101,9.766431374689027,95.32862749378054,13.395426884107554,167.9085376821511
06067007301,9.160057601009866,83.20115202019731,11.114592820270646,122.29185640541286
06067007429,9.642857142857144,92.85714285714286,11.507936507936508,130.15873015873015
06067007431,9.63033644456726,92.60672889134514,11.4757115736786,129.51423147357198
06067008508,10.684634976509896,113.69269953019793,12.209944485289427,144.19888970578853
06067008510,10.451282137424359,109.02564274848717,12.052722671571633,141.05445343143265
06067009326,10.402084102397328,108.04168204794655,13.920678758648023,178.4135751729604
06067009622,10.093363324790559,101.86726649581121,14.572026326164183,191.4405265232836
06067004501,9.477818221988187,89.5563644397637,13.938995047515032,178.7799009503006
06067007204,9.999035899817788,99.98071799635572,12.247326700493092,144.9465340098618
06113010310,9.040889158811508,80.81778317623012,14.814603665371573,196.29207330743142
06113010513,9.985740644204444,99.71481288408884,14.638723129799452,192.77446259598898
06111004710,8.485052654523727,69.70105309047455,6.0830116786179484,21.66023357235895
06111000303,17.081375585848257,241.6275117169651,17.74102511271103,254.82050225422054
06111003013,10.223738530074026,104.47477060148049,7.460103070135851,49.20206140271699
06111003801,8.492748055250802,69.85496110501603,5.3715644589157465,7.431289178314914
06111004704,8.617669966223069,72.35339932446138,6.755713519973466,35.1142703994693
06111004902,10.511728426273223,110.23456852546448,7.624724693078805,52.49449386157608
06111007510,17.785885546350404,255.71771092700806,19.651815148590785,293.03630297181564
06111007513,17.459979462183906,249.19958924367816,19.16512087419008,283.30241748380155
06111007613,15.25795697322707,205.1591394645414,15.459589158158757,209.1917831631751
06111007614,15.987629852286037,219.75259704572073,17.604099674399777,252.08199348799553
06029002806,19.277403407222163,285.5480681444433,34.47641652771266,589.528330554253
06029003303,16.87236735592777,237.4473471185555,30.808493297301585,516.1698659460317
06029006006,16.436272293774085,228.72544587548165,28.935478192005498,478.7095638401099
06029000506,19.365079365079367,287.3015873015873,33.33333333333333,566.6666666666666
06083001604,11.855470104043114,137.10940208086228,8.901646643748869,78.03293287497736
06083002926,7.222222222222223,44.44444444444443,5.8730158730158735,17.46031746031747
06083002932,16.013578522033054,220.27157044066107,19.06766302600716,281.3532605201432
06077004106,9.728272180976056,94.56544361952105,12.969346131806585,159.38692263613171
06065043246,28.548151506756227,470.9630301351245,45.6080040355676,812.160080711352
06065043248,25.692333799936907,413.84667599873814,40.520238748757635,710.4047749751529
06065043254,22.093273440831737,341.8654688166348,32.67756575426311,553.5513150852621
06077004703,10.206094735683852,104.12189471367701,12.702338342778182,154.0467668555636
06077005131,11.405091758238928,128.10183516477852,18.699644635643686,273.9928927128737
06077005307,9.820048032621784,96.40096065243564,16.77152675033572,235.4305350067144
06077005406,10.674603174603174,113.4920634920635,18.055555555555554,261.1111111111111
06077002504,10.142890265441466,102.8578053088293,14.896129822554645,197.92259645109283
06077003313,10.522800075446895,110.4560015089379,13.47063851019602,169.41277020392033
06077005004,11.468838119328327,129.3767623865665,19.683280642679158,293.6656128535832
06065043266,26.223501904045865,424.4700380809173,41.51807713095343,730.3615426190686
06065043267,27.66182567052435,453.2365134104871,44.623863686103924,792.4772737220784
06065043272,21.1952539334249,323.90507866849816,34.12508438845969,582.5016877691938
06065043512,23.38559554973237,367.7119109946473,35.05807503324875,601.1615006649749
06065044925,31.494345705525827,529.8869141105165,52.56706080353689,951.3412160707377
06065044928,34.25628871934199,585.1257743868398,52.90475932703971,958.0951865407942
06065044932,34.24603174603174,584.9206349206348,56.7063492063492,1034.126984126984
06065045116,24.176406021027894,383.5281204205579,43.092826146133774,761.8565229226754
06065045118,26.173583381555908,423.47166763111824,47.68578821217122,853.7157642434242
06065042209,21.865295474709896,337.30590949419786,33.4327518915662,568.6550378313241
06065042300,22.114721429651148,342.29442859302293,32.9333662085444,558.667324170888
06065045222,35.22974503536881,604.5949007073762,58.327507872386114,1066.550157447722
06065045233,38.26795560849752,665.3591121699505,59.898810255850385,1097.9762051170078
06065043602,23.716233542247753,374.32467084495505,34.72782814695352,594.5565629390705
06065047202,29.366456375800414,487.32912751600827,51.93724131973129,938.7448263946261
06065048300,27.00103960728069,440.02079214561377,42.1949135262616,743.8982705252321
06065044926,31.856305018902535,537.1261003780508,53.111546608274494,962.23093216549
06065044930,31.616667698341182,532.3333539668237,50.66768663268371,913.3537326536742
06065046700,26.721958751710293,434.43917503420585,42.84619910295399,756.9239820590797
06065047000,34.476936873623714,589.5387374724742,50.717606520973895,914.3521304194776
06065981000,32.22378084189233,544.4756168378466,49.51443094341554,890.2886188683108
06065940900,25.956442071472043,419.1288414294408,42.7249181448973,754.498362897946
06065941500,21.454303609332687,329.0860721866537,31.464256262335162,529.2851252467033
06097153804,9.004799977152032,80.09599954304059,10.378552392376367,107.57104784752734
06097153807,9.543397528442197,90.86795056884394,10.533139369956537,110.66278739913075
06013345112,10.677066271203458,113.54132542406913,14.332794526892215,186.65589053784421
06001451704,12.368863992923712,147.37727985847422,18.680422202912048,273.6084440582409
06001410500,7.298626786806409,45.972535736128165,6.05702461336775,21.140492267354993
06001433104,7.316457381503358,46.32914763006712,9.077359207451158,81.54718414902314
06001428700,7.26980239353281,45.39604787065619,5.763509187250661,15.270183745013211
06001435602,7.341269841269842,46.82539682539681,8.015873015873016,60.31746031746033
06013345204,10.824483828349786,116.48967656699571,14.45905522327067,189.18110446541334
06013355112,12.741300300890959,154.82600601781914,19.371688016037186,287.43376032074366
06013355109,8.57827143583668,71.56542871673363,14.419299097494422,188.3859819498884
06013359104,8.48815830371523,69.76316607430459,9.958004337604912,99.16008675209825
06013316000,10.462632266232946,109.25264532465893,14.134727875599486,182.69455751198967
06013359105,8.243777914372245,64.8755582874449,9.135997573451233,82.71995146902464
06001430102,8.986627272076937,79.73254544153873,10.44611988800071,108.92239776001426
06001438204,8.73276261820357,74.65525236407137,8.587072350208654,71.74144700417305
06001440333,7.902727695765284,58.05455391530568,7.429488369044752,48.58976738089503
06001441924,10.017024496828707,100.34048993657414,12.054000887795766,141.08001775591526
06001442302,10.055513019586973,101.11026039173943,12.12695462173616,142.53909243472322
06001442602,10.078885592072123,101.57771184144242,10.684401326208913,113.68802652417827
06001444602,9.841473417850302,96.82946835700605,10.168997476050773,103.37994952101542
06001450502,10.814450807591607,116.28901615183214,12.661963487740016,153.23926975480032
06001450745,12.347636901454592,146.95273802909182,16.735206061542193,234.70412123084384
06001450751,13.139563926034938,162.79127852069874,18.268409014421977,265.36818028843953
06001407101,7.265433021951937,45.30866043903871,7.256665666767347,45.13331333534691
06001432501,6.461425406041617,29.228508120832352,7.616123988030687,52.32247976061372
06001435601,7.341269841269842,46.82539682539681,8.015873015873016,60.31746031746033
06001438203,8.470198909077814,69.4039781815563,8.32103731747661,66.4207463495322
06001403600,7.404670635620463,48.09341271240923,6.839648964403142,36.79297928806281
06001404102,7.410902407876163,48.21804815752322,7.163827145669671,43.2765429133934
06081600402,4.801587301587301,-3.9682539682539755,3.1746031746031744,-36.50793650793651
06081609201,12.989713441214448,159.79426882428893,13.380651844011517,167.61303688023034
06081614000,5.7258338620709,14.51667724141799,4.790722959568039,-4.18554080863921
06081603802,6.932856831425287,38.65713662850573,6.611494493344447,32.22988986688891
06083001704,11.678737735639011,133.5747547127802,8.561375019223604,71.22750038447205
06083980000,7.994260662949555,59.88521325899111,6.557781418170017,31.15562836340034
06083001206,8.351380019525193,67.02760039050386,6.700395076780834,34.00790153561666
06095252311,10.179842106537768,103.5968421307553,12.399175220737446,147.98350441474886
06095252310,10.12933452690691,102.58669053813817,12.207286928421256,144.14573856842517
06095252911,11.99961423495656,139.99228469913123,16.16566196132478,223.31323922649557
06095252915,11.286072298851233,125.72144597702462,15.45888682899327,209.1777365798654
06095252802,10.716742043517707,114.33484087035413,15.894558482962976,217.89116965925956
06047000303,10.511722831097213,110.23445662194432,14.984096612751067,199.68193225502137
06029003124,19.349011286325005,286.9802257265001,32.581432494841444,551.6286498968287
06029003900,19.495179649817878,289.9035929963575,35.33183023118399,606.6366046236798
06029000507,19.310539842835734,286.21079685671464,32.79250066912212,555.8500133824424
06047000401,10.893440165538294,117.86880331076588,15.638131521048425,212.7626304209685
06047001501,11.832644458786815,136.6528891757363,16.4455475481778,228.91095096355593
06071009712,28.95157607013593,479.03152140271857,52.33551752985396,946.7103505970788
06071001707,20.76774442354069,315.3548884708138,26.79506351619022,435.90127032380434
06071000403,20.789984478393524,315.7996895678705,26.445658069841855,428.91316139683704
06071000201,21.30186621840827,326.0373243681654,27.779078015230414,455.5815603046083
06071000108,19.44845333436805,288.96906668736096,22.94637325268156,358.9274650536312
06071001702,21.129033813669363,322.58067627338727,27.228660566298206,444.5732113259641
06071000904,22.487215674246727,349.74431348493454,29.667175242323736,493.3435048464747
06071010022,31.718882644737036,534.3776528947407,52.642532867027334,952.8506573405466
06071010021,32.02297961037901,540.4595922075802,53.26886923906271,965.3773847812542
06071001809,19.81008845997176,296.20176919943515,29.273056649646477,485.4611329929295
06071001804,20.555555555555557,311.11111111111114,26.547619047619047,430.95238095238096
06071001704,20.746261413033363,314.9252282606672,26.76754779409152,435.3509558818304
06071011002,14.808182160335924,196.1636432067184,16.678624443455632,233.57248886911262
06071009800,29.993290787569187,499.8658157513836,51.79359277543432,935.8718555086865
06071009717,31.712689059417485,534.2537811883496,57.12441261160896,1042.488252232179
06071009714,31.429182092888162,528.5836418577633,56.34800200607634,1026.9600401215266
06071010700,22.607776029026425,352.1555205805285,35.97157617706594,619.4315235413188
06025010200,25.446721844936615,408.9344368987323,37.17123955087628,643.4247910175255
06071009300,25.21430560525303,404.28611210506057,43.29791976279147,765.9583952558294
06071007408,20.47547362309805,309.50947246196097,27.920448710504225,458.40897421008447
06071007410,18.674564104198645,273.4912820839729,22.904965977125396,358.0993195425079
06071007404,18.575962395331135,271.51924790662275,22.549142419038308,350.9828483807661
06071005400,18.604536886359938,272.09073772719876,26.081030092147156,421.62060184294313
06071008403,21.83669367498307,336.7338734996614,33.6119673068805,572.2393461376099
06071008301,23.05353037153888,361.0706074307776,34.074963368195846,581.4992673639168
06071007800,22.56253334538777,351.2506669077553,31.796815089244006,535.9363017848801
06071007603,21.159397791912756,323.18795583825516,29.446830947210866,488.93661894421723
06071003700,19.900929290985204,298.0185858197041,27.182177975362205,443.643559507244
06071003000,19.657008259297253,293.140165185945,24.95055787241141,399.0111574482282
06071002606,18.88466308785022,277.6932617570045,26.223115728427622,424.46231456855236
06071004505,17.887407838092688,257.74815676185375,22.048654714103538,340.97309428207075
06071004202,19.503734737114506,290.07469474229015,27.56629292475977,451.32585849519546
06071004103,18.90436479155006,278.0872958310012,25.895093585773786,417.9018717154757
06071002602,19.135596823750646,282.711936475013,26.331000575853707,426.6200115170741
06071002501,18.547290345940826,270.9458069188165,24.61114874804485,392.222974960897
06071000808,21.666666666666668,333.3333333333333,26.944444444444443,438.8888888888888
06071002107,19.04936430029558,280.9872860059116,25.87476112569241,417.4952225138481
06071012500,20.57901888460298,311.5803776920595,30.437731661944092,508.7546332388818
06071001200,22.53968253968254,350.7936507936508,29.841269841269842,496.82539682539675
06071001103,22.499469449232954,349.98938898465906,29.982015657843387,499.6403131568677
06071000501,20.15831737289271,303.1663474578542,23.859939858228568,377.1987971645714
06069000501,13.670250747153096,173.40501494306193,19.043074259122655,280.861485182453
06069000702,14.005430959023162,180.1086191804632,19.652207565551794,293.0441513110359
06031000405,15.697056819981306,213.9411363996261,29.214479229536817,484.2895845907363
06025010500,33.09521498352864,561.9042996705728,51.94439712046795,938.887942409359
06025011201,32.27094882732837,545.4189765465674,47.1577976937599,843.155953875198
06025011803,30.596560463821476,511.9312092764294,43.90543835466143,778.1087670932285
06025011700,30.878577157708417,517.5715431541685,44.59786064334956,791.9572128669911
06025010900,38.10210044298372,662.0420088596744,58.32065542624216,1066.4131085248432
06025012302,11.092986516843682,121.85973033687367,13.326479071255825,166.52958142511645
06035040303,15.731913046543808,214.63826093087616,23.166861662934654,363.337233258693
06071007904,18.738771802715352,274.7754360543071,23.719859177548766,374.39718355097534
06071012002,24.691030771966705,393.8206154393341,43.20580023338327,764.1160046676654
06071001803,19.929277180560224,298.5855436112045,26.200034106122967,424.0006821224593
06071011700,26.659255904703585,433.1851180940717,47.97227451678445,859.4454903356892
06071010016,32.355570548707014,547.1114109741402,54.46645876459357,989.3291752918713
06071012001,24.776661140429663,395.53322280859334,43.11772758095829,762.3545516191657
06071011203,16.33425454695119,226.68509093902378,20.045717308236,300.91434616472003
06017030801,10.296666562325287,105.93333124650577,11.43625110897794,128.7250221795588
06071010420,29.696087661361688,493.92175322723375,46.622324407183456,832.4464881436692
06039000106,13.756667137584362,175.1333427516872,20.278670517517675,305.57341035035347
06071011101,14.345695919126635,186.91391838253267,16.654822869787317,233.09645739574637
06071009119,28.979669941387485,479.5933988277497,48.45817006014939,869.1634012029879
06071008100,23.023846098452662,360.47692196905325,34.3805683471994,587.6113669439878
06071003510,19.91755575568141,298.35111511362817,25.678554681335363,413.5710936267073
06071009910,33.45322785768946,569.0645571537892,54.5917772052989,991.835544105978
06071940100,21.38382739219696,327.67654784393915,34.33854069444825,586.770813888965
06071010424,24.673880992354427,393.4776198470885,41.78492248334106,735.6984496668211
06071010803,13.91660338051584,178.33206761031678,16.081238548608912,221.62477097217817
06071025000,24.543685866208094,390.8737173241619,44.23358403743528,784.6716807487057
06061021043,9.7306787295354,94.61357459070798,11.575755068696488,131.51510137392972
06061021203,11.278757105930497,125.57514211860993,11.371417562257578,127.42835124515153
06061022800,9.769944820030963,95.39889640061921,11.488446576979658,129.76893153959315
06061021040,9.671611154617514,93.43222309235026,11.583670576998486,131.67341153996975
06061021044,9.74547245352441,94.90944907048817,11.714690445163843,134.29380890327684
06061022300,10.78474032532275,115.69480650645498,11.991628817809035,139.83257635618068
06061020105,14.119322615253108,182.38645230506216,17.766294715290748,255.325894305815
06061022400,10.750014229286572,115.00028458573142,11.833998555810822,136.67997111621642
06071002016,20.753968253968257,315.0793650793651,28.174603174603174,463.4920634920635
06009000501,9.91080149624592,98.21602992491836,14.455433268137906,189.10866536275807
06061022014,11.048821445607711,120.9764289121542,11.535073909243655,130.7014781848731
06061020715,10.273542401507111,105.47084803014224,11.602219394019023,132.04438788038044
06061021109,11.294789818203709,125.89579636407417,12.04391745247134,140.87834904942684
06061023000,9.761774856165795,95.2354971233159,11.465106622540626,129.30213245081254
06061021123,10.72555141506311,114.5110283012622,12.115955704065435,142.3191140813087
06071000903,21.766062352399796,335.3212470479958,27.274257401649816,445.4851480329963
06071002101,21.18893716380388,323.77874327607765,27.70761642338862,454.15232846777235
06071001503,22.53968253968254,350.7936507936508,29.841269841269842,496.82539682539675
06071002023,18.362107540215874,267.2421508043175,22.663194955926386,353.26389911852766
06071002035,18.887887187646722,277.7577437529344,25.508554191626935,410.1710838325387
06071012103,23.53987580699027,370.7975161398054,40.0603010925711,701.2060218514221
06071004104,18.68894979123629,273.7789958247258,25.286645286760734,405.7329057352147
06071003804,19.300597453847793,286.01194907695583,26.516197469907436,430.32394939814867
06071004101,18.484514075514905,269.69028151029806,23.67828117305739,373.56562346114777
06071004510,17.07857512700671,241.57150254013422,20.52395816213316,310.4791632426631
06071007305,23.621297609456093,372.42595218912186,34.74322115399933,594.8644230799865
06093001100,10.338150997977705,106.76301995955409,9.046434816743737,80.9286963348747
06093000702,12.20387832383495,144.077566476699,12.307664531622942,146.15329063245883
06065042906,25.59016359770793,411.8032719541586,41.768786601328074,735.3757320265613
06065047902,21.410870195401145,328.21740390802285,32.06603657942521,541.3207315885043
06065043298,27.646865006603164,452.9373001320632,41.71550348203173,734.3100696406345
06065043297,29.310593639548944,486.21187279097876,46.358530415073574,827.1706083014711
06065043319,27.21211726244187,444.2423452488373,42.82567886041794,756.5135772083587
06065043207,25.709305283014043,414.1861056602807,40.26050056534929,705.2100113069857
06065043318,25.248484533655155,404.9696906731031,40.01925497857573,700.3850995715147
06065041413,24.752889919644495,395.05779839288994,37.88965229086175,657.793045817235
06067007435,9.40874898852634,88.1749797705268,11.507936507936508,130.15873015873015
06067006802,9.246031746031747,84.92063492063494,12.936507936507939,158.73015873015873
06065044407,21.63527471462313,332.70549429246256,34.43102004873455,588.6204009746908
06065030604,25.463614165368266,409.2722833073652,40.36154317139899,707.2308634279798
06065042630,25.59540470775954,411.9080941551907,40.10236853275891,702.047370655178
06065042907,24.418422440099896,388.36844880199783,39.0992411740681,681.9848234813619
06065050501,27.428634195149133,448.57268390298265,41.34664453533113,726.9328907066225
06067007026,9.286302804772763,85.72605609545528,12.537529271606669,150.75058543213336
06067009646,10.548294436344678,110.96588872689358,15.840493006153299,216.80986012306596
06067004910,9.880787843394987,97.6157568678997,14.323915987380278,186.47831974760555
06067004909,9.846321674509241,96.92643349018478,14.013720467408554,180.27440934817105
06065042750,24.63487361486355,392.697472297271,38.18135695247948,663.6271390495896
06065045129,36.46317844231257,629.2635688462514,57.42802533050961,1048.5605066101919
06065050702,25.821533281943523,416.43066563887044,41.8366608215011,736.7332164300221
06065041914,19.03409416549995,280.6818833099991,26.25767848944185,425.153569788837
06065050302,26.71936463035283,434.38729260705657,40.69526438458172,713.9052876916342
06065046501,23.269602411969174,365.3920482393835,37.121935834145845,642.4387166829168
06065045616,31.343036976647273,526.8607395329453,53.03442104810759,960.688420962152
06071010903,15.264801906201189,205.29603812402377,19.11749250132423,282.3498500264846
06071010904,14.723944294270675,194.47888588541352,18.413513628442566,268.2702725688512
06071009719,31.54021038937856,530.8042077875714,54.705384483701195,994.1076896740237
06067008602,9.933798011518363,98.67596023036725,12.556591122381988,151.13182244763973
06067009336,10.186180799496036,103.72361598992072,13.940537492895828,178.81074985791653
06067007111,9.642540826424016,92.85081652848027,13.174445016386612,163.48890032773218
06067004017,10.272120663372425,105.4424132674485,15.031589127839883,200.6317825567976
06071009918,30.10496308184613,502.0992616369224,50.147104800291494,902.9420960058299
06071009916,28.046272537709292,460.9254507541859,46.18851191314536,823.770238262907
06065045612,16.029907811420433,220.59815622840864,23.883477452092254,377.66954904184496
06071009123,27.837729356572545,456.7545871314509,47.36265909617782,847.2531819235566
06071009718,32.11272823391541,542.2545646783084,56.7230379695777,1034.4607593915541
06071005101,18.28202105992609,265.64042119852184,24.123120033405037,382.46240066810077
06071009126,26.520378960728195,430.40757921456395,45.69743133888923,813.9486267777847
06071009136,27.75922366735207,455.1844733470413,47.71296505455231,854.2593010910462
06071008715,19.742544985112513,294.85089970225016,28.500804504008006,470.01609008016015
06071008713,20.50125520230027,310.0251040460054,29.533601682405195,490.672033648104
06071008712,17.278009300395084,245.56018600790168,22.994084129692226,359.8816825938445
06071008502,22.452511390998144,349.05022781996286,35.05372448385688,601.0744896771376
06071010027,32.15700220307999,543.1400440615998,56.92892306372861,1038.5784612745722
06071008004,22.19088654115425,343.81773082308496,32.09660619996251,541.9321239992502
06071002042,15.647664109271123,212.95328218542238,17.882497739835195,257.6499547967038
06071001910,20.196457841822557,303.9291568364511,28.239588254451796,464.79176508903583
06071002403,18.642415861845386,272.84831723690775,24.393915562257853,387.87831124515697
06071007002,20.6833591542969,313.66718308593806,30.0549344061012,501.09868812202404
06071008714,20.0414645533439,300.829291066878,28.681472360367366,473.6294472073473
06071005601,19.761904761904763,295.2380952380952,28.92857142857143,478.57142857142856
06071007202,22.80745780462359,356.14915609247174,32.71043933553749,554.2087867107498
06071007112,22.166915795157635,343.3383159031527,31.824611247715037,536.4922249543007
06071007111,21.6131083226692,332.262166453384,31.419386267845447,528.387725356909
06071002608,19.676313186863414,293.5262637372682,27.273522590029426,445.47045180058853
06071000308,20.83698607484196,316.73972149683925,26.550343443749735,431.0068688749948
06071000306,21.2486405341963,324.972810683926,27.601486775746473,452.02973551492937
06071000119,20.43650793650794,308.7301587301588,26.031746031746035,420.6349206349206
06071002047,18.941853882948813,278.8370776589763,25.303353745834855,406.06707491669704
06071002050,18.928571428571427,278.57142857142856,25.515873015873012,410.3174603174603
06039000518,12.770662516032747,155.41325032065492,21.321586757840137,326.4317351568028
06039000902,13.61111111111111,172.22222222222217,22.42063492063492,348.41269841269843
06039000301,13.529976722229723,170.5995344445944,23.22259113768147,364.45182275362936
06039000203,13.347333449603704,166.9466689920741,22.569647619030295,351.3929523806059
06039000111,12.72899798948965,154.579959789793,18.35562011510868,267.1124023021736
06071001909,20.65965821955895,313.193164391179,29.735020005876066,494.7004001175212
06071011601,25.693215157346653,413.864303146933,46.330485792629304,826.609715852586
06071009501,25.37762563795238,407.5525127590476,42.537139280896845,750.742785617937
06017030606,9.36844320712747,87.36886414254934,9.969943072996504,99.39886145993003
06071012105,27.133639711891536,442.6727942378307,48.76732819028188,875.3465638056377
06017030712,9.975918247217614,99.51836494435226,12.766119585720507,155.3223917144101
06017030605,9.228002061813624,84.56004123627251,10.235986570760355,104.71973141520708
06017031506,9.166298117760673,83.32596235521346,12.816470785096346,156.3294157019269
06039000515,12.887676843221593,157.75353686443182,21.942204018932962,338.8440803786592
06001440338,9.141419266823233,82.82838533646466,10.085443032981544,101.70886065963086
06001451103,12.81679206943442,156.3358413886884,18.554687775332397,271.093755506648
06001441702,9.889766784114581,97.79533568229161,10.531209732669982,110.62419465339968
06001436302,8.292928485789531,65.85856971579067,9.006079144864694,80.12158289729388
06001442502,10.873015873015873,117.46031746031744,12.380952380952381,147.61904761904762
06001403402,7.420634920634921,48.412698412698404,6.42857142857143,28.571428571428584
06001420302,5.520440213882376,10.408804277647505,4.843475135128795,-3.1304972974241103
06001422902,7.182539682539684,43.650793650793645,7.222222222222223,44.44444444444443
06067004908,9.88807882990074,97.76157659801478,14.337868111056457,186.75736222112906
06067007439,9.596911342214094,91.93822684428183,11.461990707293456,129.23981414586913
06067006703,9.99375603486018,99.87512069720354,12.576243096795169,151.52486193590337
06067006501,9.634882075486612,92.6976415097322,12.10048411452274,142.00968229045478
06067001601,9.1581129032728,83.16225806545599,13.148198226145352,162.963964522907
06067006803,9.246031746031747,84.92063492063494,12.936507936507939,158.73015873015873
06065040617,19.962894126370742,299.2578825274148,27.697725378302717,453.9545075660542
06105000500,10.238104943125872,104.76209886251743,9.79058658685351,95.81173173707018
06071010906,16.09809242031687,221.9618484063374,20.328908041712012,306.5781608342402
06071000121,19.819404981877785,296.3880996375557,26.077040142039483,421.54080284078964
06071008711,15.207893703544743,204.15787407089485,18.91208555792755,278.241711158551
06071011003,13.442257459944233,168.84514919888463,14.853608629905196,197.07217259810392
06025011002,32.12808292567122,542.5616585134244,47.24200039522967,844.8400079045932
06025010401,33.89560272736243,577.9120545472485,53.63929211411731,972.7858422823462
06065045617,20.048885679919348,300.97771359838686,33.751508048836335,575.0301609767266
06065044523,33.42646255309272,568.5292510618544,55.19342272249385,1003.8684544498769
06065051402,34.771062554181206,595.421251083624,58.06623943317975,1061.324788663595
06065045235,37.95361406293997,659.0722812587994,59.123584337906514,1082.4716867581303
06065941002,24.4176500670933,388.35300134186605,40.648165200773384,712.9633040154675
06065045128,27.55678640258275,451.13572805165495,47.750092044352456,855.0018408870492
06065045614,22.72956346717507,354.59126934350127,39.133692316963696,682.6738463392738
06071002044,17.514027207911894,250.28054415823797,21.76026377679966,335.2052755359933
06071002314,17.731152034253526,254.6230406850705,21.474479881904667,329.4895976380933
06071002310,18.207724823916774,264.15449647833543,22.97523299201554,359.50465984031075
06071010426,24.083729920481897,381.67459840963784,38.126385968468384,662.5277193693676
06071010428,26.898006705522658,437.960134110453,42.06199923948511,741.2399847897025
06065050901,25.45138416553121,409.02768331062407,38.946142999716194,678.9228599943239
06065046502,22.18253968253968,343.65079365079356,36.07142857142857,621.4285714285713
06065050902,24.11030504007531,382.2061008015062,36.56448402325881,631.289680465176
06065031503,22.923052015111825,358.4610403022364,35.1667233401469,603.334466802938
06065040305,21.066001328580054,321.3200265716011,30.323481481466057,506.46962962932105
06065044406,25.436393387509234,408.72786775018466,41.424925130236595,728.4985026047315
06065042625,25.464301211296885,409.28602422593764,41.651554416107274,733.0310883221453
06065051302,23.066836549830544,361.3367309966109,33.52221978248135,570.4443956496269
06025011303,33.657361007198986,573.1472201439797,50.08630015911988,901.7260031823976
06025012101,35.27201872594489,605.4403745188979,50.951994841344,919.0398968268802
06025012201,33.99712453148501,579.9424906297002,49.71065049410675,894.2130098821351
06051000202,13.07658159847917,161.53163196958334,19.401370037433303,288.027400748666
06029004703,16.90049725724226,238.00994514484518,29.278606539848216,485.57213079696425
06029000601,18.683209583374143,273.6641916674829,30.425891825233577,508.51783650467144
06029000201,18.188867550100717,263.77735100201437,32.07775643898961,541.5551287797921
06029004002,21.12898581691976,322.57971633839514,37.75371774688101,655.0743549376202
06029005511,27.654003616687163,453.08007233374326,49.20640425706269,884.1280851412537
06029003826,19.19990351076276,283.99807021525515,35.67753111980494,613.5506223960988
06029003824,19.853447103377206,297.06894206754407,36.88118443316583,637.6236886633167
06029005406,22.96087626486442,359.21752529728843,42.40975682608513,748.1951365217026
06029005410,25.173755596263057,403.4751119252611,46.575103311502446,831.5020662300489
06029002305,20.07936507936508,301.5873015873015,34.007936507936506,580.15873015873
06029003222,18.853682737095248,277.07365474190505,34.6641914003861,593.2838280077219
06029003307,16.58521678376074,231.7043356752147,28.73438927037823,474.68778540756466
06029005405,23.33875809085098,366.7751618170196,42.874011640868616,757.4802328173723
06029005407,24.22317319500129,384.46346390002583,44.35390413950174,787.0780827900348
06029004607,16.16714844560081,223.3429689120162,25.557681738727545,411.15363477455094
06029001001,17.22081837361711,244.41636747234216,30.809745127660932,516.1949025532185
06029003130,19.28571428571429,285.7142857142857,32.817460317460316,556.3492063492063
06029003208,18.203819523583014,264.07639047166026,32.86522484662125,557.304496932425
06029003211,18.851883518634104,277.03767037268204,35.099304901227285,601.9860980245458
06029000913,18.066717985445138,261.33435970890275,32.31203756208405,546.240751241681
06029002201,19.88095238095238,297.6190476190476,34.166666666666664,583.3333333333333
06029006406,17.607983679192923,252.15967358385842,31.40836104924423,528.1672209848846
06029003823,19.42122080326492,288.4244160652984,36.55275757547314,631.0551515094628
06029005805,24.973269462009466,399.4653892401892,42.711528448655464,754.2305689731091
06029000603,18.69047619047619,273.8095238095238,30.396825396825395,507.93650793650784
06029001402,19.369576540458585,287.39153080917157,33.26596072164616,565.3192144329232
06111005308,12.920676194234513,158.4135238846902,12.546377270015318,150.92754540030631
06111005005,11.592628186558224,131.85256373116445,8.777831168726225,75.55662337452448
06111003616,4.0476190476190474,-19.04761904761905,2.8174603174603177,-43.65079365079365
06111001901,9.019961799175679,80.39923598351355,7.0771846651690815,41.54369330338163
06111005804,16.201100566345268,224.02201132690533,16.11183423703564,222.23668474071278
06111005307,12.917434400116296,158.34868800232587,12.854159517531107,157.08319035062212
06111007515,16.62203869877208,232.44077397544166,16.629416885424604,232.58833770849208
06111005803,16.621306270895943,232.4261254179188,16.82963868906411,236.59277378128218
06111003617,4.0476190476190474,-19.04761904761905,2.8174603174603177,-43.65079365079365
06029003221,19.64491633741538,292.89832674830757,36.59667200702869,631.9334401405738
06029000105,18.324289853452555,266.48579706905105,32.532328600501614,550.6465720100322
06029003820,19.656114460940792,293.12228921881575,37.094430280985264,641.8886056197053
06029003816,20.277777777777775,305.55555555555543,37.5,650.0
06029006101,18.407695507085933,268.1539101417187,33.12165165914657,562.4330331829315
06029003817,19.347372365846333,286.9474473169266,35.677197219528594,613.5439443905718
06029004802,16.242271896085462,224.84543792170925,25.713633873221365,414.2726774644273
06111008502,16.21701845046043,224.34036900920853,18.32721775872929,266.5443551745858
06111001509,11.145735473607871,122.91470947215737,9.908653233919273,98.17306467838543
06111009600,13.541332389379647,170.82664778759295,15.207045470673654,204.14090941347305
06111002302,11.221698428900126,124.43396857800249,11.551148814129215,131.0229762825843
06113011210,10.317460317460318,106.34920634920638,13.293650793650794,165.87301587301585
06113011303,10.600145303992809,112.00290607985619,13.85545188762144,177.1090377524288
06113010611,9.246031746031747,84.92063492063494,14.563492063492065,191.26984126984127
06103000202,10.512895055403126,110.25790110806253,12.337450205359676,146.74900410719349
06103000201,10.047423652559111,100.94847305118223,10.94654280743564,118.93085614871278
06019004003,13.783805864496557,175.6761172899311,27.79376470103906,455.87529402078115
06019007204,14.940182568428204,198.803651368564,30.450017201317365,509.0003440263472
06019005529,14.598554939029437,191.9710987805887,26.17875156094511,423.5750312189021
06019004218,14.647668406580387,192.9533681316077,24.55186233800091,391.0372467600181
06019008600,15.405090973154255,208.1018194630851,28.52110250526815,470.4220501053629
06019004706,14.642857142857144,192.85714285714286,26.025820841154662,420.5164168230931
06019004004,13.959955795162939,179.19911590325873,26.842026220869162,436.8405244173831
06019005914,13.640599237045116,172.8119847409023,23.65867534164842,373.1735068329684
06019000602,14.984017356411043,199.68034712822077,24.02970231424466,380.5940462848931
06019008504,14.27865427576517,185.57308551530332,31.222184035373083,524.4436807074615
06019005916,13.626864616327019,172.53729232654038,23.72685526957769,374.5371053915538
06019003402,14.651044447956835,193.02088895913664,23.442718531397276,368.8543706279455
06019005527,14.746825109950292,194.9365021990058,25.932504633057945,418.65009266115885
06047000404,10.495265375512048,109.90530751024096,15.82480802763508,216.4961605527017
06047002002,12.924916046222904,158.49832092445814,18.459857658735178,269.1971531747036
06047000305,10.197794195571603,103.95588391143205,16.22513902136061,224.5027804272122
06047000904,11.40322524246636,128.06450484932716,15.96611013338411,219.32220266768212
06047001008,11.618132319406064,132.36264638812125,16.82323347623368,236.4646695246736
06047000205,9.886938359455634,97.73876718911268,15.701820649854232,214.03641299708465
06099000511,11.309523809523808,126.19047619047616,18.87987217338149,277.59744346762983
06099000405,11.444063137634128,128.88126275268252,18.287790710983963,265.7558142196792
06099002903,11.576031162882355,131.52062325764712,17.830367103458947,256.60734206917897
06099000205,11.192568121780758,123.85136243561513,17.547891591474986,250.95783182949975
06099003607,11.381885582238775,127.63771164477546,16.46936491445806,229.38729828916115
06099003204,9.70599689433054,94.11993788661076,13.894603433195115,177.89206866390228
06113010104,9.666854840710222,93.33709681420444,13.110922937067556,162.21845874135113
06081608025,8.855415039185011,77.10830078370023,9.399876830094396,87.99753660188794
06081602602,5.070811696084002,1.4162339216800368,4.035027435680967,-19.29945128638066
06081600502,4.801587301587301,-3.9682539682539755,3.1746031746031744,-36.50793650793651
06081608024,9.557890182230135,91.1578036446027,10.915300377888828,118.30600755777657
06081605902,9.682539682539684,93.65079365079364,11.11111111111111,122.2222222222222
06081601302,4.428690290176705,-11.42619419646591,2.816598210449802,-43.66803579100396
06081602001,5.158730158730159,3.1746031746031917,3.4523809523809526,-30.95238095238095
06081605901,9.682539682539684,93.65079365079364,11.11111111111111,122.2222222222222
06015000107,6.468253968253968,29.365079365079367,3.571428571428571,-28.571428571428584
06083000202,10.714740836894542,114.29481673789084,10.055437288822603,101.10874577645208
06083980200,12.415455522114698,148.3091104422939,14.335265943289393,186.70531886578783
06083002504,8.604451150281815,72.08902300563626,7.201343373533604,44.02686747067204
06083001403,8.47427574586956,69.48551491739119,6.580074242539009,31.601484850780185
06083002503,12.850137411306164,157.00274822612332,13.773475666028983,175.46951332057964
06083002308,12.590860353284373,151.81720706568743,14.664583624173517,193.2916724834703
06083002933,7.285801050075774,45.71602100151545,5.943726339426345,18.87452678852689
06041120002,11.655595068767793,133.11190137535587,13.854334346591886,177.08668693183773
06041111002,11.777003359585498,135.54006719170994,13.84039013912626,176.8078027825252
06041120001,11.071428571428571,121.42857142857139,13.055555555555557,161.11111111111114
06041104104,11.793883436183942,135.87766872367882,13.241937197552973,164.83874395105943
06033000901,11.947159752286709,138.94319504573414,15.898320755789157,217.96641511578318
06033000902,10.07205242753759,101.44104855075176,12.152816831754688,143.05633663509374
06033000401,9.23908790950602,84.78175819012041,9.473329386169176,89.46658772338351
06033001301,10.746754559314862,114.93509118629723,13.22782739078199,164.5565478156398
06011000301,10.135701310487953,102.71402620975908,13.839255400785278,176.78510801570556
06031001703,15.939820137561924,218.79640275123845,27.481409511854377,449.6281902370873
06077005222,11.518893460284065,130.37786920568124,19.598976728691348,291.9795345738269
06077003804,10.153182457141328,103.06364914282656,14.93592035418131,198.71840708362618
06077004206,10.238095238095239,104.76190476190479,13.412698412698413,168.25396825396825
06077003219,9.803221099103354,96.06442198206706,11.96510261304374,139.3020522608748
06077004004,10.086646618725089,101.73293237450177,13.297211824310622,165.9442364862124
06077005503,10.250916815341087,105.01833630682172,17.780949973846162,255.6189994769232
06077005214,10.990865280053903,119.81730560107806,18.341751188268134,266.8350237653628
06077005213,11.236272754548658,124.72545509097313,20.54055370578027,310.8110741156054
06077004108,10.436928652875128,108.73857305750256,13.306982511133267,166.13965022266532
06077003504,10.40827088556378,108.16541771127562,13.027186912481628,160.54373824963255
06077005225,10.400966640645898,108.01933281291795,17.562803188073477,251.25606376146953
06045011003,8.74304918145859,74.86098362917177,6.59323186471319,31.86463729426379
06021010101,9.932124146314251,98.64248292628503,13.231999712640022,164.63999425280045
06021010402,9.791533334341903,95.83066668683803,13.48644930384143,169.72898607682856
06079010301,17.71313130021654,254.26262600433077,25.00782914617264,400.1565829234527
06079010904,14.693525373173884,193.87050746347762,17.015285071045632,240.3057014209126
06079012305,8.281027619028928,65.62055238057856,7.8795787262764945,57.59157452552987
06079011706,9.528998166905424,90.57996333810851,9.134088148062984,82.6817629612597
06079010302,20.606341936560195,312.1268387312039,29.28605713493115,485.7211426986229
06079012707,19.18533643101739,283.7067286203478,24.53502841408323,390.7005682816645
06087120901,11.324014342628479,126.48028685256958,12.842207118376015,156.8441423675203
06087110503,8.134920634920634,62.69841269841271,5.8730158730158735,17.46031746031747
06087110201,8.16892133506762,63.37842670135244,5.825414892810092,16.508297856201835
06087110301,8.087943073986125,61.75886147972251,5.694900286044438,13.898005720888758
06087121702,6.746700898077359,34.93401796154717,4.4513103091079715,-10.973793817840576
06087100801,7.857142857142857,57.14285714285714,6.547619047619048,30.952380952380963
06087122204,8.760104781812469,75.20209563624935,6.602189779785726,32.0437955957145
06087122402,8.79374759519579,75.87495190391579,6.6440163738638365,32.88032747727674
06087122005,6.585093473032666,31.701869460653285,4.472350580547543,-10.552988389049162
06087122004,6.896018746046155,37.92037492092309,4.709233168505121,-5.815336629897582
06023010503,7.037627434790379,40.75254869580756,7.301232925906209,46.02465851812417
06023001002,7.278309316297984,45.56618632595965,8.266241617707605,65.32483235415211
06115041102,9.21174318870025,84.23486377400502,10.279602744317822,105.59205488635644
06013392201,5.8335166810209005,16.670333620418006,5.501478155005807,10.029563100116125
06089011501,9.533797994114927,90.67595988229851,10.100727237563387,102.01454475126772
06097153406,9.465391938881847,89.30783877763695,9.02563610147465,80.51272202949298
06097153709,9.574433657487797,91.48867314975584,8.844503295064925,76.89006590129846
06097152401,9.412387582320669,88.24775164641335,9.25269083837102,85.05381676742036
06097152602,10.17159849219519,103.43196984390386,12.15893555325388,143.17871106507755
06097152402,9.369913625953068,87.39827251906134,9.722102181020027,94.44204362040054
06097153711,9.856722235432771,97.13444470865542,10.395648721928886,107.91297443857775
06097154305,9.497933380592647,89.95866761185289,7.199044584864753,43.98089169729505
06097150501,11.752813916775743,135.05627833551483,13.52228568389633,170.44571367792662
06095252203,10.34432295648542,106.88645912970834,12.814459574270495,156.28919148540987
06095253501,11.600251212011173,132.00502424022343,17.13812638105946,242.76252762118924
06095252206,9.486860751655707,89.73721503311413,11.681771284516211,133.63542569032418
06097153712,9.851391708222392,97.02783416444785,10.4533562904042,109.06712580808396
06097153904,9.57127706534364,91.42554130687276,9.98734835665519,99.74696713310378
06013334007,13.015873015873018,160.3174603174603,21.30952380952381,326.1904761904762
06013355123,11.664546739736942,133.2909347947388,15.264377179166765,205.28754358333524
06013380002,3.8178161973783356,-23.643676052433293,2.400103574880709,-51.99792850238582
06013340003,10.39669537141966,107.9339074283932,16.36651212363574,227.33024247271481
06013355120,10.604700301273544,112.09400602547085,16.702460531004856,234.04921062009706
06013355119,12.093999137143491,141.87998274286977,19.929072458963176,298.5814491792635
06013303106,10.322994847101683,106.45989694203365,15.550720426252424,211.01440852504842
06013304006,9.629966398340173,92.59932796680346,14.119397142661887,182.38794285323766
06013355126,11.43335214857502,128.66704297150036,16.101935118915502,222.03870237831003
06013355308,14.328570681391783,186.57141362783562,22.99686308102053,359.9372616204106
06013319002,10.996786573914077,119.93573147828153,14.423033677749476,188.46067355498954
06013304007,10.758147170746076,115.16294341492149,17.054996956852577,241.0999391370515
06013355201,11.377609640804137,127.55219281608271,19.321391776497983,286.4278355299596
06013355122,10.61936503389564,112.38730067791275,15.547177278691017,210.94354557382036
06013339003,10.383263789448664,107.66527578897323,15.346324601779537,206.9264920355907
06013351105,10.150342080677873,103.00684161355747,13.307329048239755,166.14658096479508
06001432400,6.014431380913107,20.288627618262154,6.434025733054437,28.68051466108873
06001424001,7.182539682539684,43.650793650793645,7.222222222222223,44.44444444444443
06001433600,6.95359256761353,39.07185135227057,7.307645377750183,46.15290755500365
06001426200,7.4603174603174605,49.20634920634919,7.4603174603174605,49.20634920634919
06001441800,10.55276439524157,111.05528790483139,12.096589419850853,141.93178839701702
06001401800,7.265415531293651,45.30831062587299,5.747052895248666,14.941057904973304
06001427300,7.16426510220421,43.28530204408418,6.236294064748396,24.725881294967902
06001450701,12.561954706881272,151.23909413762544,16.94401150719364,238.88023014387284
06001451201,12.19344862150184,143.86897243003682,18.12307341263661,262.46146825273223
06001408000,7.644582125701738,52.89164251403475,8.078570635145741,61.571412702914856
06001437500,7.738095238095238,54.76190476190476,7.579365079365079,51.58730158730157
06011000100,9.863642810879089,97.27285621758183,12.984375771732738,159.6875154346547
06061023502,9.895787997512455,97.91575995024908,12.761288780561491,155.2257756112298
06001436601,8.040431461560729,60.80862923121457,8.356801082562054,67.13602165124107
06001436402,9.094008589848647,81.8801717969729,9.084805278849853,81.69610557699703
06001441521,9.325396825396826,86.5079365079365,8.968253968253968,79.36507936507934
06001406800,7.348718543098944,46.974370861978855,7.398084395159317,47.96168790318631
06001408400,6.984126984126984,39.68253968253967,7.658730158730158,53.174603174603135
06099000102,11.28369576185952,125.67391523719036,16.475445466870177,229.50890933740348
06099002701,11.031746031746032,120.6349206349206,19.642857142857142,292.85714285714283
06099001100,10.674603174603176,113.49206349206351,18.326881925618036,266.53763851236073
06099000910,10.698987756939044,113.97975513878086,18.238670296621585,264.7734059324317
06077005003,11.835091378858973,136.70182757717947,19.216833722993353,284.336674459867
06077003405,10.396825396825395,107.93650793650794,12.798451524334277,155.9690304866855
06077002100,10.722694465707637,114.45388931415269,15.73936231303703,214.78724626074057
06077003215,10.363053567411084,107.26107134822166,13.224624436522141,164.49248873044277
06077002701,10.581908440989864,111.63816881979724,14.325940052738318,186.51880105476633
06001441200,9.396620954697111,87.9324190939422,11.39384461446587,127.87689228931734
06005000500,9.493780950081009,89.87561900162017,11.636256679788351,132.72513359576703
06013363000,6.184449836546558,23.68899673093115,6.249081875396016,24.981637507920297
06013364002,5.711447037612586,14.22894075225169,5.206942861328273,4.138857226565459
06013382000,4.443679412486907,-11.126411750261871,3.473052296989107,-30.53895406021786
06013307101,10.174771605435502,103.49543210871003,17.746903322586583,254.9380664517316
06013307204,10.864599201133169,117.29198402266337,19.147155290938578,282.9431058187716
06013336101,13.369517181588627,167.39034363177248,20.717001046117467,314.3400209223493
06099001603,11.025220198270533,120.50440396541065,18.357480816720372,267.1496163344075
06099000304,11.820559707695537,136.4111941539107,18.315022640525378,266.3004528105075
06099000803,10.437838055957394,108.75676111914791,17.82088062461607,256.4176124923213
06013315000,9.757105186876228,95.14210373752454,14.315885388532966,186.31770777065933
06013321103,12.004868027406943,140.09736054813882,15.685112710865434,213.70225421730868
06013353001,8.881707382731292,77.63414765462582,9.566721125773489,91.33442251546971
06013349000,9.894903176828876,97.89806353657748,12.877603196860186,157.55206393720374
06013321200,12.023809523809524,140.47619047619045,16.507936507936506,230.15873015873012
06013367200,4.473635165503667,-10.527296689926693,3.8911231502074033,-22.177536995851938
06019005513,14.366719962332017,187.33439924664032,24.07014327861158,381.40286557223163
06019003301,14.523809523809526,190.47619047619048,22.976190476190474,359.5238095238095
06019003900,13.857315396274075,177.1463079254815,27.98735790972801,459.74715819456014
06019006900,14.604924390631156,192.09848781262306,30.3778028978578,507.55605795715604
06107000401,15.327965948942998,206.55931897885995,29.865462978505715,497.3092595701143
06019001800,15.10648089370395,202.12961787407892,29.70124634028607,494.0249268057213
06085507002,13.024531379840008,160.49062759680012,18.613910754090384,272.27821508180773
06085511701,13.320783990321111,166.41567980642222,15.42498343617182,208.49966872343634
06085511702,13.072025139609721,161.44050279219437,14.744486419613951,194.889728392279
06085508503,10.036621157427103,100.73242314854203,12.43662577461263,148.73251549225256
06085504700,7.553911902274585,51.07823804549167,6.18188280168275,23.637656033655006
06085506000,9.570026006380402,91.40052012760806,11.295174061336903,125.90348122673804
06085505202,9.23158196888495,84.63163937769897,10.026086979291753,100.52173958583504
06085512023,12.261904761904763,145.23809523809524,13.055555555555557,161.11111111111114
06085512052,13.191958484507259,163.8391696901451,15.03087136989063,200.61742739781252
06019005904,14.230765691737133,184.6153138347427,24.69760770731689,393.95215414633765
06085511910,12.944601736971029,158.89203473942055,17.099486077351912,241.98972154703822
06085507206,12.93086371035774,158.61727420715474,16.02899488599521,220.57989771990418
06085504002,11.031746031746032,120.6349206349206,12.142857142857142,142.85714285714283
06085503506,10.688235756632714,113.76471513265429,11.536662539715994,130.73325079431984
06085503902,11.202895111919002,124.05790223838002,12.827453463549023,156.54906927098043
06085503003,12.619047619047619,152.38095238095238,15.238095238095237,204.7619047619047
06085502907,12.619047619047619,152.38095238095238,15.238095238095237,204.7619047619047
06085502901,12.534704732115413,150.69409464230824,16.611834277866784,232.23668555733568
06085502302,11.602539201679836,132.0507840335967,13.596965050148905,171.93930100297808
06085511400,10.960273241494207,119.20546482988414,12.107540218720805,142.15080437441605
06085509403,11.340963196886134,126.81926393772267,11.91997754551584,138.3995509103168
06037920339,20.27295239821507,305.4590479643014,27.177807733065038,443.55615466130064
06085512307,12.4413778772539,148.827557545078,13.85770996563328,177.15419931266558
06085501300,10.659088680310626,113.18177360621252,11.251461405967486,125.02922811934968
06085506502,12.231145747251164,144.62291494502333,15.154439098540102,203.08878197080202
06037276605,6.783379319570878,35.66758639141753,5.25948183114259,5.1896366228517765
06037550801,18.80952380952381,276.1904761904762,20.158730158730158,303.1746031746031
06037500100,19.11135704630263,282.2271409260526,22.69750159941051,353.95003198821007
06037502603,19.383416965289197,287.6683393057839,21.566385317269887,331.3277063453977
06037460001,16.18915061870196,223.78301237403915,16.304123397873102,226.08246795746197
06037403326,19.23346335738426,284.66926714768516,24.672517748958448,393.450354979169
06037234002,14.484126984126986,189.6825396825397,14.246031746031745,184.92063492063488
06037980033,12.019909434105891,140.39818868211776,11.319628081403629,126.39256162807256
06037408703,18.76710589830634,275.34211796612686,23.065306137661565,361.3061227532313
06037980036,17.988799713767186,259.77599427534375,21.49667711201881,329.93354224037614
06085511918,12.372656883716889,147.45313767433774,17.47060998591448,249.41219971828951
06085502104,11.626984126984127,132.5396825396825,13.84920634920635,176.984126984127
06085504424,10.829381157354675,116.58762314709351,11.934760740045332,138.69521480090663
06085511502,12.485572273545102,149.71144547090205,15.888551483069214,217.77102966138426
06085512057,12.261904761904763,145.23809523809524,13.055555555555557,161.11111111111114
06085512059,12.738095238095237,154.76190476190476,15.555555555555555,211.11111111111114
06085503222,11.748283876832874,134.96567753665744,11.787215706248372,135.7443141249674
06085508206,11.586217861805885,131.7243572361177,13.980041031059525,179.60082062119042
06037910214,28.493957719189737,469.8791543837947,46.09755562683061,821.9511125366123
06037910216,28.344194021746844,466.8838804349367,44.758556357437,795.1711271487399
06085512516,12.749544345587992,154.9908869117598,16.46040687706437,229.20813754128736
06085501601,10.703408395409838,114.06816790819674,11.215051061449909,124.30102122899815
06085505902,9.563492063492063,91.26984126984127,11.30952380952381,126.19047619047618
06085512055,12.261904761904763,145.23809523809524,13.055555555555557,161.11111111111114
06085508306,11.250793350665283,125.01586701330561,13.306088594443128,166.12177188886255
06037578000,16.034952210955556,220.6990442191111,15.541731943696842,210.83463887393685
06037670102,15.158730158730158,203.17460317460313,17.380952380952383,247.61904761904765
06037543705,16.89973533373012,237.99470667460247,20.090842544383406,301.8168508876681
06037800324,18.890940192847367,277.81880385694734,23.878315055769257,377.56630111538504
06073017057,21.0595975463645,321.19195092729,24.866583310863284,397.3316662172657
06073008371,12.282359275228481,145.6471855045696,11.521777454716226,130.43554909432447
06073020032,14.68720047989115,193.744009597823,13.80980242243739,176.19604844874777
06073020033,14.715474754670431,194.30949509340863,14.249640770806806,184.99281541613615
06073018616,10.066283648716443,101.32567297432885,8.321114961072382,66.4222992214476
06037139506,20.674603174603178,313.49206349206355,27.38095238095238,447.6190476190476
06037571201,17.663871519872927,253.27743039745852,19.45259538284152,289.05190765683034
06037602202,11.15079365079365,123.01587301587298,8.214285714285714,64.28571428571428
06037297502,13.174603174603174,163.4920634920635,13.373015873015873,167.46031746031747
06037293206,15.515873015873016,210.3174603174603,17.023809523809522,240.47619047619042
06037577900,16.526520998941347,230.53041997882696,16.656501298167044,233.13002596334084
06037650801,13.214285714285715,164.28571428571428,13.61111111111111,172.22222222222217
06037620703,5.1190476190476195,2.380952380952394,3.8492063492063493,-23.015873015873012
06037543203,17.702757911810025,254.05515823620047,20.19849187713571,303.9698375427142
06037620801,6.559104532918995,31.182090658379874,4.980679638676716,-0.3864072264656748
06037901300,26.848983141212265,436.97966282424534,46.93213191158975,838.642638231795
06037460002,16.30952380952381,226.1904761904762,16.785714285714285,235.71428571428567
06037125321,18.452380952380953,269.0476190476191,20.35714285714286,307.1428571428572
06037133102,21.174000579670327,323.4800115934065,28.605591131418286,472.1118226283657
06037131022,21.746031746031747,334.9206349206349,29.08730158730159,481.7460317460317
06037571505,18.155537086275782,263.11074172551565,20.550953970602535,311.01907941205064
06037603902,9.96031746031746,99.20634920634919,7.301587301587302,46.031746031746025
06037541003,16.001219946690917,220.02439893381836,15.799802532932476,215.9960506586495
06037402503,19.72222222222222,294.4444444444444,23.41269841269841,368.2539682539682
06037209202,16.11111111111111,222.22222222222223,17.738095238095237,254.76190476190476
06037980017,9.902302956521227,98.04605913042452,7.353794460963497,47.07588921926995
06037536201,18.849206349206348,276.984126984127,20.793650793650794,315.8730158730159
06075017603,5.357142857142858,7.142857142857139,4.761904761904762,-4.761904761904773
06075012503,5.16116361332815,3.2232722665630185,4.683513064378879,-6.329738712422424
06075061402,5.1190476190476195,2.380952380952394,3.6111111111111116,-27.777777777777786
06075017903,6.694498311618568,33.88996623237132,5.944744567914507,18.894891358290117
06075020801,5.357142857142858,7.142857142857139,4.761904761904762,-4.761904761904773
06075061401,5.132610215471872,2.652204309437452,3.631660499632707,-27.366790007345877
06075033002,4.484126984126984,-10.31746031746033,3.5317460317460316,-29.365079365079367
06075061504,5.1190476190476195,2.380952380952394,3.6111111111111116,-27.777777777777786
06075016102,5.314248430996935,6.284968619938694,4.744746991446393,-5.105060171072152
06075010402,5.129336110722017,2.5867222144403246,3.8889003863198166,-22.22199227360369
06075047904,4.3454127904060496,-13.09174419187902,3.164420496930609,-36.71159006138782
06075012406,5.158730158730159,3.1746031746031917,4.682539682539683,-6.349206349206355
06075017604,5.335158797817792,6.703175956355833,4.753111138174735,-4.937777236505297
06075010102,5.158730158730159,3.1746031746031917,4.682539682539683,-6.349206349206355
06107000801,13.696937741643065,173.93875483286126,28.297691759253212,465.95383518506424
06107000802,13.97386843940729,179.47736878814578,29.033184600315852,480.663692006317
06107001010,14.409995700496133,188.1999140099226,30.599613747620616,511.99227495241223
06107001011,15.092574124442022,201.85148248884042,30.501074013120387,510.02148026240775
06107002010,15.986843355898749,219.73686711797492,33.78221472516211,575.6442945032422
06037502604,19.423886881038538,288.4777376207707,21.643193794642606,332.8638758928521
06037276102,12.599760553879003,151.99521107758002,10.875382572236132,117.50765144472264
06037276101,10.480373777416109,109.60747554832213,8.332542234857987,66.65084469715973
06037113239,18.53174603174603,270.63492063492066,24.166666666666668,383.3333333333333
06037403327,19.18166379227571,283.6332758455143,23.383318566818016,367.6663713363602
06037407802,19.23689642511471,284.73792850229427,23.60177046240952,372.0354092481903
06037226701,17.658730158730158,253.17460317460313,19.563492063492063,291.26984126984127
06037800411,15.260590649654565,205.21181299309129,15.683103788785601,213.66207577571197
06073021002,31.82437456355644,536.4874912711286,49.67617107541925,893.5234215083848
06073007303,5.374603639748249,7.492072794964964,4.113875028034364,-17.722499439312724
06073021401,12.527707139716046,150.5541427943209,10.946177999649361,118.92355999298721
06073005402,15.649583112803777,212.99166225607553,16.297013778624112,225.94027557248222
06073004102,17.658730158730158,253.17460317460313,19.642857142857142,292.85714285714283
06073001202,23.650793650793652,373.015873015873,29.761904761904763,495.2380952380952
06073000901,22.92911269356044,358.5822538712088,28.453858026919573,469.07716053839135
06073008372,17.64392244173489,252.87844883469785,20.076267259861204,301.5253451972241
06073017406,9.009624884327295,80.19249768654586,6.851832183410622,37.036643668212406
06073017408,8.643534730635398,72.87069461270796,6.463717143155062,29.27434286310121
06073018201,7.116122858392053,42.322457167841065,4.954507102387219,-0.9098579522556278
06073017202,4.173436773188094,-16.53126453623812,3.054179643627151,-38.91640712745698
06073013317,18.301322949434528,266.02645898869054,22.29136610776979,345.8273221553958
06073010017,16.813972460898498,236.27944921796995,20.218674322042382,304.3734864408476
06073005602,19.817122801681283,296.3424560336257,22.985621866956524,359.71243733913036
06107003201,16.47894524141539,229.57890482830769,30.207569779655486,504.15139559310967
06107003302,15.929446281679073,218.5889256335815,29.847133873557752,496.94267747115487
06107004402,15.572307215822457,211.44614431644914,26.341564153667093,426.8312830733418
06107001303,14.517557252199301,190.35114504398598,30.43261196561141,508.6522393122282
06107001706,15.977232128538006,219.54464257076017,32.31928955399552,546.3857910799104
06107003503,15.917032972111219,218.34065944222442,28.805352438634618,476.1070487726924
06107001304,13.886704332962468,177.73408665924933,28.63215854026346,472.6431708052692
06073019109,23.298087700913637,365.96175401827276,33.58710481102515,571.742096220503
06073017113,17.176785580180525,243.53571160361042,17.645864542136408,252.9172908427281
06073016618,23.606387998349785,372.12775996699565,34.75327141918796,595.0654283837591
06073001201,23.65483838425187,373.09676768503743,29.773378597633187,495.4675719526636
06073013425,22.603890100140966,352.07780200281934,29.96842509388833,499.36850187776656
06073021306,24.351896888226996,387.03793776453995,33.31913482635421,566.3826965270841
06073021102,24.733828268641627,394.6765653728326,35.40994640329416,608.1989280658828
06073010016,21.580483391542558,331.6096678308511,27.847962584938283,456.9592516987656
06073013422,21.8395879955967,336.7917599119339,27.158989426583286,443.1797885316657
06073020310,20.062768708579988,301.2553741715998,24.095005193396403,381.900103867928
06073020311,19.891012413875334,297.8202482775067,25.24024628823787,404.8049257647573
06073016621,24.95606610859793,399.1213221719585,37.099157803502536,641.9831560700507
06073018805,22.499160429275598,349.98320858551193,33.10012293603627,562.0024587207256
06061021324,9.838355870241069,96.76711740482133,12.170334503634416,143.40669007268835
06061020608,11.339316655074976,126.78633310149951,11.162438883053438,123.24877766106874
06093001003,10.558631142793459,111.17262285586914,10.020364685447742,100.40729370895485
06037406300,18.409946064785427,268.1989212957086,23.1676043455474,363.3520869109479
06037542105,18.69047619047619,273.8095238095238,19.206349206349206,284.1269841269841
06037602301,10.58519188338856,111.70383766777118,7.780657692608479,55.61315385216956
06037503103,20.5952380952381,311.9047619047619,22.817460317460316,356.3492063492063
06037602106,11.15079365079365,123.01587301587298,8.214285714285714,64.28571428571428
06037503402,19.084155678469347,281.68311356938693,21.298935290058566,325.97870580117126
06037502005,18.93084405937151,278.6168811874301,19.297077439714666,285.94154879429334
06037462500,16.045516317408445,220.9103263481689,15.861688063310503,217.23376126621008
06037601202,11.547619047619047,130.95238095238093,8.611111111111112,72.22222222222223
06037408626,19.880557364651715,297.61114729303426,25.792578606548993,415.8515721309797
06037501501,18.565094211442993,271.3018842288598,19.007264273271268,280.1452854654254
06037408137,19.444444444444446,288.88888888888886,24.841269841269842,396.82539682539687
06037800202,18.151835144708887,263.0367028941777,22.674825529249976,353.49651058499944
06037406000,16.966214737479916,239.32429474959838,21.779863299060047,335.5972659812009
06037480202,16.42424441624326,228.48488832486512,17.40273532833904,248.0547065667808
06037404501,15.952380952380954,219.0476190476191,19.28571428571429,285.7142857142857
06037431100,15.91705688667448,218.3411377334896,17.33833136146202,246.7666272292404
06037430902,16.11111111111111,222.22222222222223,18.095238095238095,261.90476190476187
06037480101,16.26984126984127,225.39682539682542,17.896825396825395,257.9365079365079
06037461300,16.060652170415924,221.21304340831847,15.830832941961487,216.61665883922976
06037408301,17.84744513495935,256.94890269918704,19.836142772120176,296.72285544240356
06057000601,10.28041390238975,105.60827804779501,10.521434537333949,110.42869074667897
06057001207,13.077422638262911,161.54845276525825,15.808899230272326,216.17798460544648
06057000602,10.645144070573394,112.90288141146789,10.86759355756569,117.35187115131386
06009000221,9.861350949422569,97.22701898845138,12.709454649970073,154.1890929994015
06009000123,10.911111357144902,118.222227142898,15.242850088499035,204.8570017699807
06057001209,12.061404881686187,141.2280976337237,13.688352942137753,173.767058842755
06057000106,11.18656318640025,123.73126372800496,11.572882636512428,131.45765273024855
06037980034,20.409177946526196,308.1835589305239,23.48373874274547,369.6747748549094
06037604200,13.610454727142159,172.20909454284313,10.408640308266541,108.17280616533083
06037602201,10.621740827818135,112.43481655636266,7.7557732677069335,55.115465354138664
06037603706,12.53968253968254,150.79365079365078,9.603174603174603,92.06349206349205
06037500203,18.524655906700374,270.49311813400743,21.282306593577733,325.64613187155464
06037920343,17.837187863361162,256.7437572672232,22.194781965704912,343.8956393140982
06037267405,9.154372740962378,83.08745481924757,6.868433176465873,37.36866352931746
06037407201,17.93859772159995,258.771954431999,21.678856630800816,333.57713261601634
06037482801,17.413812810994244,248.27625621988483,19.783905787246223,295.6781157449244
06037267101,11.11111111111111,122.2222222222222,8.611111111111112,72.22222222222223
06037920340,19.484126984126984,289.6825396825397,25.436507936507937,408.7301587301587
06037113324,16.754024103196762,235.08048206393522,21.55799873224894,331.1599746449788
06037101221,16.547619047619047,230.9523809523809,21.11111111111111,322.22222222222223
06037910608,29.552957189513464,491.0591437902691,50.765106872971124,915.3021374594225
06037911100,28.21761941445807,464.35238828916124,48.784860876505284,875.6972175301055
06037910212,29.453323584078746,489.06647168157485,46.59253506636271,831.8507013272542
06037900509,27.665971884384167,453.31943768768326,46.824617220273005,836.49234440546
06037900301,26.87851985711988,437.5703971423976,47.48018107684531,849.6036215369063
06037900610,26.92249332814899,438.4498665629799,47.35271444226953,847.0542888453906
06037261103,14.458461995049499,189.16923990098996,12.6659484369082,153.31896873816402
06037901013,30.030972050107003,500.6194410021401,46.86187287253007,837.2374574506015
06037920120,21.061887825635562,321.23775651271126,29.156373994581166,483.12747989162335
06037433803,18.055555555555554,261.1111111111111,21.46825396825397,329.36507936507934
06037265522,9.365079365079366,87.30158730158729,6.904761904761905,38.0952380952381
06037406801,16.831586816240762,236.6317363248152,20.8300982585146,316.6019651702919
06037433505,18.017284906930946,260.34569813861896,21.451032176372895,329.0206435274579
06037265307,10.386103585112025,107.7220717022405,7.7579465269809775,55.15893053961955
06037265702,12.286238478860946,145.72476957721892,9.853388614160936,97.06777228321872
06037433103,16.986951799666517,239.73903599333036,20.47871929796315,309.57438595926294
06037208002,14.533066408324158,190.66132816648314,17.045295124676574,240.90590249353147
06037199002,16.015393135767916,220.30786271535834,17.22595607248418,244.51912144968355
06037207304,16.12759687968564,222.55193759371284,17.736155735909996,254.72311471819998
06037481403,16.471141956439315,229.42283912878628,19.158642805559037,283.1728561111807
06037481404,16.496347687611216,229.92695375222434,18.049590633995326,260.9918126799065
06037189801,13.214285714285715,164.28571428571428,13.015873015873018,160.3174603174603
06037189906,13.214285714285715,164.28571428571428,13.015873015873018,160.3174603174603
06037800333,18.220046784366172,264.40093568732345,23.353969919814066,367.07939839628125
06037143401,17.676613580793102,253.53227161586202,17.72570126359079,254.51402527181577
06037143301,17.695314607214907,253.90629214429816,18.22267822304219,264.4535644608438
06037670603,14.099869148325853,181.99738296651705,12.725888971139003,154.51777942278005
06037400209,18.297628728317374,265.95257456634744,22.038784262874092,340.77568525748177
06037900901,29.355547213127497,487.11094426255,47.34119182502332,846.8238365004662
06037267503,9.365079365079366,87.30158730158729,6.904761904761905,38.0952380952381
06037190302,12.896825396825399,157.93650793650795,13.412698412698413,168.25396825396825
06037464101,16.434880580655914,228.69761161311823,17.095037823914485,241.90075647828965
06037404203,16.118108011765457,222.36216023530918,19.425752606724952,288.51505213449906
06037185102,16.63974182622217,232.79483652444344,15.954691602811597,219.09383205623195
06037113425,19.8015873015873,296.031746031746,25.515873015873012,410.3174603174603
06037603901,9.96031746031746,99.20634920634919,7.301587301587302,46.031746031746025
06037551802,18.840080278641604,276.8016055728321,19.82288146623837,296.4576293247674
06037602601,13.954699957710853,179.093999154217,11.076194252602159,121.52388505204317
06037670702,15.877053625247157,217.5410725049432,17.837706512348536,256.75413024697076
06037543321,16.46788166748656,229.35763334973115,18.816473720426675,276.3294744085335
06073018525,17.747291233816394,254.94582467632787,21.092105385724004,321.8421077144801
06037135204,19.257598798076465,285.1519759615293,25.70253702439387,414.0507404878774
06037460101,16.21074168763914,224.2148337527828,14.9222961973886,198.44592394777203
06037134907,20.573170238339234,311.4634047667846,27.45323198446858,449.0646396893716
06037103401,16.818907373712786,236.37814747425568,21.479893589595978,329.59787179191954
06037108203,15.713722890884558,214.27445781769111,19.38703147195362,287.7406294390723
06037236001,12.993755694598395,159.87511389196789,11.292019324641903,125.84038649283801
06037236205,13.095238095238097,161.90476190476193,11.38888888888889,127.77777777777777
06037206051,17.151573829902716,243.03147659805433,18.651777492955894,273.03554985911785
06037275604,8.454038846622746,69.08077693245491,6.995750361181371,39.91500722362744
06073008380,21.095537098036303,321.9107419607261,28.061258716274956,461.2251743254991
06073007602,4.284252683371716,-14.31494633256568,3.3204409362127008,-33.591181275745996
06073017605,9.318956012950334,86.37912025900668,7.6296578479200114,52.59315695840022
06073020712,22.195055843136917,343.9011168627383,28.446065858820774,468.9213171764154
06073005102,17.613279466556133,252.2655893311226,19.56649998000478,291.3299996000956
06073015001,24.179212342902982,383.58424685805966,33.601664637379464,572.0332927475891
06073015002,23.997273603339444,379.9454720667889,33.0176896142044,560.3537922840881
06073014702,23.571428571428573,371.42857142857144,33.57142857142857,571.4285714285713
06073018522,14.918864986676281,198.3772997335256,15.411558345710649,208.23116691421296
06073018617,18.055555555555554,261.1111111111111,22.6984126984127,353.968253968254
06073018521,16.620456550847052,232.40913101694113,18.810460002217077,276.20920004434157
06073017071,19.64458218721659,292.89164374433176,23.01737864330481,360.34757286609613
06073017065,17.748338564701736,254.9667712940347,19.275832130512818,285.5166426102563
06073017061,16.33321399280132,226.6642798560264,17.181063351193025,243.62126702386053
06073008375,18.015873015873016,260.3174603174603,20.912698412698415,318.25396825396825
06037602003,13.573854755835466,171.47709511670928,10.388695455843425,107.7739091168685
06037294620,16.535845298409726,230.71690596819445,17.18079581291339,243.61591625826782
06037294830,17.57936507936508,251.58730158730157,20.31746031746032,306.34920634920644
06037576402,13.481406267870138,169.6281253574027,13.107033721709302,162.14067443418605
06037576200,13.015873015873018,160.3174603174603,12.301587301587302,146.03174603174605
06037430721,16.785706681830455,235.71413363660906,17.063503692961447,241.27007385922897
06037272100,6.867090973652275,37.34181947304548,6.317562183663386,26.351243673267724
06017031405,8.26060892421316,65.21217848426325,10.616830182237353,112.33660364474704
06017031504,9.305953208446546,86.1190641689309,12.577507996809492,151.55015993618986
06073013506,24.220477502034242,384.40955004068485,32.6730535149687,553.4610702993739
06073015901,24.732818359485524,394.65636718971047,34.56318079984815,591.2636159969629
06073014400,24.406630099693817,388.1326019938764,32.24916811586155,544.983362317231
06073013309,16.217532660935397,224.35065321870795,18.915155536958935,278.3031107391787
06073009102,16.66747033824687,233.34940676493738,20.159728659784353,303.1945731956869
06073003003,23.869774390353562,377.3954878070712,30.492382022599415,509.84764045198824
06073013000,12.113804173466697,142.2760834693339,9.96031746031746,99.20634920634919
06073001000,23.650793650793652,373.015873015873,29.761904761904763,495.2380952380952
06073002903,23.948420602215627,378.96841204431246,32.8089373438562,556.178746877124
06073014002,24.606460147196074,392.12920294392154,32.14780070224101,542.95601404482
06073009802,24.206349206349206,384.1269841269841,33.69047619047619,573.8095238095237
06073003603,19.002771043510283,280.05542087020564,20.27158190865791,305.43163817315826
06067009403,9.948226666865645,98.96453333731287,13.318688161387724,166.37376322775447
06067008909,9.081981273206244,81.63962546412489,12.203820938921055,144.07641877842107
06067005606,8.968253968253968,79.36507936507934,12.658730158730158,153.17460317460316
06067009308,9.807968266083861,96.1593653216772,15.026383398111275,200.52766796222542
06067001900,9.404761904761905,88.0952380952381,13.109560252913202,162.19120505826396
06067007415,9.497253204342242,89.9450640868448,11.352344215154618,127.0468843030923
06067009314,10.09367263256648,101.87345265132959,14.993675752411576,199.87351504823152
06037910302,27.43566955784323,448.71339115686453,43.25118298060582,765.0236596121164
06037113231,19.170926489301568,283.41852978603134,23.45879909006905,369.1759818013809
06037300800,16.00012241382923,220.00244827658454,18.481174886437913,269.6234977287583
06037277400,10.760491128527535,115.2098225705507,7.9244676072227715,58.48935214445541
06059032043,21.262668928121535,325.25337856243067,29.760590070539333,495.21180141078673
06059032036,22.979345126915053,359.5869025383011,32.08863347483324,541.7726694966647
06059052415,21.405464985055907,328.1092997011181,27.432722658199204,448.654453163984
06059074405,18.075742948167544,261.5148589633509,21.021364040813523,320.42728081627047
06059032020,23.438507743934917,368.7701548786983,33.62184031711158,572.4368063422313
06073003214,24.336898105988165,386.7379621197633,29.26989322797888,485.3978645595775
06073003108,24.365079365079364,387.30158730158723,29.28571428571429,485.71428571428567
06073020806,23.54448774216298,370.8897548432596,32.50600642581813,550.1201285163626
06073020405,21.170751104006605,323.4150220801321,28.555714465127952,471.114289302559
06073019904,17.96105359022898,259.22107180457954,22.42295369908431,348.4590739816861
06073019105,23.437050471796592,368.7410094359319,31.76042704514077,535.2085409028152
06037270200,12.471791285329695,149.4358257065939,10.341142662654681,106.82285325309358
06037701601,8.214285714285714,64.28571428571428,6.7063492063492065,34.12698412698413
06037430723,16.796786907480747,235.93573814961496,17.27387187705489,245.47743754109783
06037430102,15.885620213473436,217.71240426946872,17.18067016422983,243.61340328459664
06013313106,13.09785721239422,161.95714424788434,23.50310929174728,370.06218583494547
06013303210,11.807678450284083,136.15356900568165,18.22576540313875,264.5153080627751
06013303107,10.767643378586149,115.35286757172295,16.19743875718449,223.94877514368972
06013351104,10.155091126311081,103.10182252622161,13.263637828414252,165.27275656828502
06013980000,5.833333333333333,16.666666666666657,5.595238095238095,11.904761904761884
06109002201,9.891072622932048,97.82145245864098,13.745771994781212,174.91543989562422
06109003102,9.53816660056357,90.7633320112714,14.090520948188292,181.81041896376578
06109004202,11.032165192740024,120.64330385480045,14.689046796059156,193.78093592118313
06067004008,10.1984126984127,103.968253968254,15.0,199.99999999999994
06067006300,9.074434195532522,81.48868391065041,12.001205883348383,140.02411766696767
06067009610,9.770680010564142,95.41360021128281,14.02935863794662,180.58717275893235
06087100300,9.905176853595805,98.10353707191607,9.749170308508493,94.98340617016986
06087120302,11.87720954370076,137.54419087401521,13.026630677895675,160.53261355791352
06087122203,6.601798588340643,32.03597176681288,3.732587607849438,-25.348247843011226
06087122500,8.679624205548818,73.59248411097636,7.050030825837294,41.00061651674587
06111008002,18.119807825493986,262.39615650987975,22.684034369011428,353.68068738022856
06111008304,17.534383308937972,250.6876661787594,22.314773687547,346.29547375094
06111000902,16.343865214411462,226.87730428822928,21.090343834861706,321.8068766972341
06111001202,12.93896222715319,158.77924454306378,12.466669466534894,149.33338933069786
06037432902,17.12697548497831,242.53950969956617,20.800773774180268,316.0154754836053
06037463800,16.118731077583433,222.37462155166867,15.58464997299533,211.69299945990662
06037108104,16.19047619047619,223.8095238095238,20.0,299.99999999999994
06037201120,16.78495693397824,235.69913867956478,17.027514280210113,240.55028560420223
06037194200,13.878117285131976,177.5623457026395,12.811436020488584,156.22872040977163
06037191410,14.246031746031745,184.92063492063488,15.158730158730158,203.17460317460313
06037201301,17.13547242610253,242.70944852205054,16.99895041594851,239.9790083189702
06037185310,15.37851379184463,207.57027583689262,16.754514090986888,235.09028181973767
06037143602,16.746031746031743,234.92063492063488,15.674603174603174,213.4920634920635
06037137501,22.496208467208007,349.92416934416013,30.946094990120542,518.9218998024108
06037302202,15.81816480930748,216.36329618614957,16.84907216028308,236.98144320566155
06025010101,31.652865124129004,533.0573024825801,48.990858597281246,879.8171719456248
06089010602,9.621313094909308,92.42626189818616,7.755943906677527,55.11887813355052
06089011803,9.686164499776448,93.72328999552893,7.749861348403214,54.99722696806426
06085503402,10.357142857142858,107.14285714285717,10.952380952380953,119.04761904761904
06085503710,10.344458799614436,106.88917599228867,12.085583206846175,141.7116641369235
06111007903,16.04383465603747,220.8766931207494,17.243034920181913,244.86069840363825
06061021901,10.556817325977736,111.13634651955473,9.960771602250725,99.21543204501445
06037910810,23.195950249554713,363.9190049910943,32.238266570263235,544.7653314052648
06037301701,15.883901211457385,217.67802422914772,18.900510272590193,278.01020545180387
06037127400,21.427524934051032,328.5504986810206,27.22423682424975,444.484736484995
06037920110,21.23015873015873,324.6031746031746,30.238095238095237,504.7619047619047
06037920042,20.907769067569728,318.1553813513945,28.22138749883099,464.4277499766196
06037401902,20.707730905432946,314.15461810865884,24.427758273811055,388.5551654762211
06037401001,15.515873015873016,210.3174603174603,19.404761904761905,288.0952380952381
06037123203,19.682539682539684,293.6507936507936,22.22222222222222,344.4444444444444
06037120400,20.18389008935742,303.67780178714827,24.455421279642394,389.1084255928479
06037910807,22.350776943629402,347.01553887258797,29.478269911720872,489.5653982344174
06037402702,20.78023226420903,315.6046452841805,25.485189574308585,409.7037914861716
06041105002,11.318731206523566,126.3746241304713,12.812813522486262,156.25627044972518
06053014601,6.198002488429264,23.960049768585257,4.330791439991568,-13.384171200168637
06053010603,7.301587301587302,46.031746031746025,8.968253968253968,79.36507936507934
06085511609,11.957216029678893,139.14432059357782,13.9973279125799,179.94655825159796
06085503122,11.409248941865572,128.1849788373114,11.529053981032053,130.58107962064108
06053001300,6.147884824486358,22.95769648972715,6.457990399271626,29.15980798543251
06023010502,7.445256135117863,48.905122702357225,8.6120047356142,72.24009471228395
06083002808,16.346132533536547,226.9226506707309,21.158395355936563,323.1679071187313
06083000501,15.832454893238285,216.6490978647657,14.551981626929749,191.03963253859496
06083002008,15.714285714285714,214.28571428571428,16.587301587301585,231.74603174603175
06045011400,10.670849274144317,113.41698548288632,12.64572988655808,152.91459773116154
06005000304,8.922661730222416,78.45323460444834,11.005508903741836,120.11017807483678
06019005522,14.293441432366114,185.86882864732226,24.85190894669703,397.0381789339406
06035040305,15.41378816250025,208.275763250005,19.991311223440626,299.8262244688125
06075033204,4.352953666595178,-12.940926668096463,3.2932490907791103,-34.135018184417795
06019005525,14.111503962803551,182.23007925607098,25.21752817317855,404.35056346357095
06067005205,9.29864270625045,85.97285412500895,13.395096127777071,167.9019225555414
06067007019,9.738244894977218,94.76489789954431,12.616598021019376,152.3319604203875
06067008131,9.470783570059645,89.4156714011929,11.238828602758643,124.77657205517285
06067009639,9.95628827801449,99.1257655602898,14.953715473151092,199.07430946302182
06061022011,13.63464219369928,172.69284387398557,17.07250832436132,241.45016648722637
06061023400,10.94393419409043,118.8786838818086,13.110092626334426,162.20185252668847
06097150612,11.203011955915624,124.06023911831242,12.45889734152892,149.17794683057832
06013313203,10.504473808261974,110.08947616523945,17.812380817747062,256.2476163549412
06013345113,9.776283585301776,95.52567170603551,13.460152296025086,169.20304592050172
06061021128,9.740184203986306,94.8036840797261,11.64764809773999,132.95296195479978
06071009202,15.512533389370477,210.25066778740953,19.17551300355251,283.51026007105014
06071012700,18.79066979901158,275.81339598023163,26.05912416662519,421.18248333250375
06071002109,19.645711076616756,292.91422153233515,26.785543716876525,435.7108743375304
06071003801,18.868514899765145,277.3702979953029,25.961515140569436,419.23030281138864
06013304002,11.608969936666883,132.17939873333765,18.357029284050768,267.14058568101535
06053000200,7.023809523809524,40.47619047619045,8.373015873015872,67.46031746031744
06053012800,7.897284519652485,57.945690393049716,7.565299043421254,51.30598086842507
06071010402,22.82700926904719,356.54018538094374,38.95256991353395,679.051398270679
06071010422,23.393430079266857,367.86860158533716,36.57447202968619,631.4894405937238
06079012505,20.648210473031344,312.96420946062676,27.830956802800067,456.6191360560013
06079011400,12.579365079365079,151.58730158730157,14.96031746031746,199.20634920634916
06065042716,25.082240329428906,401.64480658857815,40.842790371066876,716.8558074213374
06065043304,27.938040202084153,458.76080404168295,44.3597783941093,787.1955678821856
06097153811,9.049234737243758,80.98469474487511,10.556858148352688,111.13716296705377
06097150502,11.048501885574938,120.97003771149872,12.945377343973773,158.9075468794754
06097153602,10.219506029679923,104.39012059359851,9.427944801170137,88.55889602340272
06097153202,10.004316440162011,100.0863288032402,8.566507672030388,71.33015344060776
06073018906,20.56439254862117,311.2878509724234,28.231959700416944,464.63919400833885
06073018903,20.60633470616634,312.12669412332684,29.424679159081347,488.49358318162683
06073018612,19.588468297463706,291.7693659492741,25.761314854011292,415.2262970802259
06073017701,6.5476190476190474,30.95238095238096,4.841269841269842,-3.1746031746031775
06073017107,13.227057408631557,164.54114817263115,11.11625061746491,122.32501234929819
06073017022,22.89378736389895,357.875747277979,31.398173171529507,527.9634634305901
06065043403,26.005770237960892,420.11540475921777,41.84153214451409,736.8306428902818
06065046403,22.657023500766623,353.1404700153325,36.721425501264235,634.4285100252847
06065044904,37.4407738213017,648.815476426034,57.918089516181674,1058.3617903236332
06065042401,22.59747205536461,351.9494411072922,31.300791415169325,526.0158283033863
06065031501,24.146189077291243,382.92378154582485,37.62801045751189,652.5602091502379
06065030503,22.023809523809522,340.4761904761904,33.61111111111111,572.2222222222222
06065043701,26.311990604859936,426.23981209719864,41.52130597839021,730.4261195678043
06065042406,23.949628738530514,378.9925747706102,34.850179181300604,597.003583626012
06065040809,20.61393141852446,312.27862837048923,28.49862183192137,469.9724366384273
06065041403,25.122168317060122,402.44336634120253,37.58272132175206,651.654426435041
06103001000,9.583941043327785,91.67882086655568,12.105339166081517,142.1067833216303
06107000502,15.491640713021097,209.83281426042188,29.387921331556168,487.75842663112337
06107000702,14.112342631860255,182.2468526372051,24.53669701253442,390.7339402506884
06107004200,16.197044614167904,223.94089228335804,27.962600662311893,459.2520132462377
06073016811,22.746837890843686,354.93675781687364,32.86723000054863,557.3446000109726
06073009704,24.05837736431627,381.1675472863254,34.506873561155466,590.1374712231092
06073009104,15.988928689299751,219.77857378599495,18.382801605899907,267.6560321179981
06073008339,12.109226171018673,142.1845234203734,11.412005950481289,128.24011900962574
06073008310,12.730923565060733,154.61847130121467,13.428140586639747,168.56281173279496
06065040201,21.61423836348209,332.2847672696418,31.645421427635068,532.9084285527014
06065040703,19.992997602320653,299.859952046413,27.91683716325224,458.3367432650448
06007001400,10.101969948238251,102.03939896476498,12.721493423888134,154.42986847776268
06007000102,10.10723731070906,102.1447462141812,11.736817361949296,134.7363472389859
06037541700,18.69047619047619,273.8095238095238,21.03174603174603,320.63492063492066
06037542000,18.69047619047619,273.80952380952385,20.011217287061427,300.2243457412285
06037125310,18.53301575362348,270.66031507246964,20.558729860249183,311.1745972049836
06037602002,13.570364138175309,171.40728276350612,10.360678888575896,107.2135777715179
06037501700,19.28571428571429,285.7142857142857,21.071428571428573,321.42857142857144
06037106603,16.020026983326527,220.40053966653056,19.982513725314387,299.6502745062877
06037117303,20.35714285714286,307.1428571428572,24.047619047619047,380.9523809523809
06067008908,10.154679634232135,103.09359268464272,12.413546502763378,148.27093005526757
06067009110,9.145197241529756,82.90394483059511,12.978784412280724,159.57568824561446
06067004801,9.761904761904763,95.23809523809524,14.126984126984127,182.53968253968253
06067005901,9.404761904761905,88.0952380952381,11.507936507936508,130.15873015873015
06067007602,9.463503862204922,89.27007724409842,10.88722129487137,117.7444258974274
06037552200,20.19285831275215,303.8571662550429,22.914713029795344,358.29426059590685
06037432202,16.47450870627206,229.49017412544123,19.300100183155905,286.0020036631181
06037500600,18.354593253408,267.0918650681601,22.444965277310903,348.89930554621805
06037433602,17.624790310979495,252.4958062195899,21.521684548316976,330.4336909663395
06037433302,17.761206869199366,255.22413738398734,20.45973907793794,309.1947815587588
06037532302,17.608352154867895,252.16704309735786,19.916836847063237,298.3367369412648
06037535605,18.000712313892926,260.0142462778585,21.811188398683658,336.2237679736731
06037535902,18.24094550003722,264.8189100007444,21.90083869992804,338.0167739985607
06037533201,17.06349206349206,241.2698412698412,20.3968253968254,307.936507936508
06037235202,14.446238168136787,188.9247633627357,13.000699840000852,160.01399680001703
06037541603,17.80463759824243,256.0927519648486,19.524718075322255,290.4943615064451
06037228710,17.184327163229522,243.68654326459045,17.89178626982316,257.8357253964632
06037702801,9.863006299296128,97.26012598592251,7.924957045586602,58.49914091173203
06037541802,18.781663446371812,275.63326892743623,20.75217335360898,315.0434670721796
06057000702,10.887421047542775,117.74842095085546,11.188391140822336,123.7678228164468
06073015403,25.238095238095237,404.76190476190476,34.28571428571428,585.7142857142856
06073010401,6.111111111111111,22.222222222222214,4.087301587301587,-18.253968253968253
06073015405,24.725013496666694,394.5002699333338,36.691077570534546,633.8215514106907
06073016100,23.8724128751305,377.4482575026099,33.35653985925748,567.1307971851495
06037700801,12.576140569295617,151.52281138591232,10.726559918377827,114.5311983675565
06081611902,7.33315703860704,46.66314077214079,6.378845918604931,27.576918372098604
06081612101,9.404761904761905,88.0952380952381,9.523809523809524,90.47619047619045
06081604103,7.316339460318616,46.32678920637232,7.34540679290424,46.90813585808478
06037800204,20.026504401001613,300.5300880200321,27.180572707974676,443.6114541594935
06069000502,13.452977152134975,169.05954304269946,19.05927129727122,281.1854259454244
06077005218,9.91309382451562,98.26187649031237,18.150002827159238,263.0000565431847
06041119201,10.884376096729383,117.68752193458764,13.055555555555557,161.11111111111114
06111005004,11.875940345720464,137.51880691440923,9.527439623145296,90.54879246290598
06111007406,18.163518475059615,263.2703695011923,20.772188932139052,315.443778642781
06087110102,8.313385470336705,66.26770940673411,5.623165103433372,12.463302068667444
06087101001,9.084891135936362,81.69782271872717,8.315576569081692,66.31153138163383
06033000601,12.44201871669284,148.84037433385674,15.081881588470758,201.63763176941515
06023001001,7.2654224845678135,45.30844969135622,8.272050662477998,65.44101324955997
06037901209,24.832284722935547,396.64569445871086,40.44546822658812,708.9093645317623
06037621104,5.1190476190476195,2.380952380952394,3.8492063492063493,-23.015873015873012
06037980009,15.174465441521923,203.4893088304384,16.564582779378167,231.29165558756338
06037542103,18.69047619047619,273.80952380952385,19.23603617388926,284.7207234777851
06037670328,13.921525969145955,178.43051938291904,12.148791683183894,142.97583366367786
06007001703,9.853124319060539,97.06248638121073,10.014330993627945,100.28661987255886
06073019809,15.396825396825397,207.93650793650795,16.825396825396822,236.50793650793645
06073021600,9.893009513313958,97.86019026627916,10.177854938107425,103.55709876214847
06073009902,10.884118640375727,117.68237280751451,9.996773198673411,99.9354639734682
06073017051,20.460474272056427,309.2094854411285,24.111592143883037,382.23184287766065
06095250801,7.216625041769802,44.33250083539603,7.309091890427498,46.18183780854993
06007003700,8.729386984772638,74.58773969545271,10.660614550286326,113.21229100572644
06095252317,10.69984021101017,113.99680422020343,14.93013609484265,198.60272189685304
06037117407,20.17834739027797,303.5669478055594,23.758140672694935,375.1628134538987
06037123901,19.21574567021341,284.31491340426817,21.8927205664625,337.85441132924996
06037310501,18.644045494060045,272.8809098812009,22.00921563575929,340.1843127151858
06037127805,19.365079365079367,287.3015873015873,24.801587301587304,396.031746031746
06037141202,17.725867312263603,254.51734624527205,18.96802109117286,279.3604218234573
06059062658,10.092557237578921,101.85114475157843,8.303119449353279,66.06238898706552
06059076001,18.02899068209567,260.57981364191335,20.96801353790419,319.36027075808386
06059062655,18.808263624954325,276.1652724990865,22.333381564505004,346.6676312901001
06059021832,18.35112954553195,267.022590910639,20.51144726268518,310.22894525370356
06059087302,19.158754852258696,283.1750970451739,24.766408160474654,395.328163209493
06059076105,18.00917152897972,260.1834305795944,20.895981798608943,317.91963597217887
06059076002,18.328526159922184,266.57052319844365,21.340983552582006,326.8196710516402
06079012002,7.597537625600628,51.95075251201257,6.726433094173865,34.528661883477305
06079010303,17.63001956331979,252.6003912663958,26.274222062046512,425.48444124093015
06115040702,8.984255347462087,79.68510694924171,11.986501785286139,139.73003570572277
06001435104,9.190316893736044,83.80633787472087,9.242922710314462,84.8584542062892
06001450744,12.51226208329292,150.24524166585843,16.150150982383582,223.00301964767164
06001451504,12.103208653656143,142.06417307312287,18.01065352908426,260.21307058168526
06037461501,16.706349206349206,234.1269841269841,17.301587301587304,246.03174603174602
06037463602,16.507936507936506,230.15873015873012,17.301587301587304,246.03174603174602
06037189101,14.285714285714285,185.71428571428567,15.595238095238095,211.90476190476193
06037195902,14.45267799970511,189.05355999410216,16.777459145838158,235.54918291676316
06037208401,14.765970873597364,195.3194174719473,17.147545865528226,242.9509173105645
06037407602,18.44079206016727,268.8158412033453,22.278292722928263,345.5658544585652
06037501803,19.113872692679475,282.2774538535896,18.99482507363186,279.89650147263717
06095252205,9.99472352253205,99.89447045064101,13.573849138407956,171.4769827681591
06037219902,13.1046150896679,162.092301793358,11.584458458025203,131.68916916050404
06037237102,15.987601160545502,219.7520232109101,16.452443363473435,229.0488672694687
06037431501,17.483576571138936,249.67153142277874,19.810931744844652,296.2186348968929
06037186302,14.920634920634921,198.41269841269838,15.992063492063494,219.84126984126988
06037262501,8.214285714285714,64.28571428571428,5.912698412698413,18.253968253968253
06037278001,8.714429940931016,74.2885988186203,6.400413757568817,28.00827515137633
06037296901,13.174603174603176,163.4920634920635,13.373015873015873,167.46031746031747
06037195202,14.717919781944403,194.35839563888806,15.842212664512449,216.84425329024896
06037213202,15.119047619047619,202.38095238095235,16.071428571428573,221.42857142857144
06037297300,12.104860384863768,142.09720769727534,11.504957568545564,130.09915137091127
06081610302,9.722013065108484,94.44026130216966,8.813647579262362,76.27295158524721
06077004704,11.151245048224098,123.02490096448192,15.62292864070534,212.45857281410676
06037401303,19.006494229606474,280.12988459212943,22.786649023091087,355.73298046182174
06037241001,16.666666666666664,233.33333333333331,17.301587301587304,246.03174603174602
06037460401,15.474633070050896,209.4926614010179,16.134034986360838,222.68069972721668
06037535001,16.80318315905682,236.0636631811365,16.50672236391002,230.13444727820033
06037430901,16.11111111111111,222.22222222222223,18.095238095238095,261.90476190476187
06037102104,18.982399188338675,279.64798376677356,22.749768052140585,354.9953610428116
06037302004,16.150793650793652,223.015873015873,16.785714285714285,235.71428571428567
06037650901,13.322414598920147,166.44829197840295,13.524955746042503,170.49911492085
06077003312,10.554645038852756,111.09290077705514,13.645785808928254,172.91571617856505
06059021813,17.69845129030852,253.9690258061703,21.87487457633859,337.4974915267718
06059062649,20.76048982017426,315.2097964034852,26.968324628536024,439.36649257072037
06065044515,38.976972911997365,679.5394582399472,60.605551590056585,1112.1110318011315
06065040405,20.038527550031354,300.77055100062717,28.932005996990874,478.6401199398174
06065040816,22.171962083107204,343.43924166214407,31.16716116837105,523.3432233674209
06065043009,22.822623409748118,356.45246819496236,34.81179341424923,596.2358682849846
06065043256,26.615349602445786,432.30699204891573,42.073090966767175,741.4618193353435
06065043274,24.46397726751211,389.27954535024224,41.79328767015929,735.8657534031857
06065043517,25.79098883814431,415.81977676288636,39.178941764688936,683.5788352937786
06065044517,35.150028764312225,603.0005752862443,55.290264274437725,1005.8052854887544
06077005138,12.370200638271157,147.40401276542315,19.815334846502772,296.3066969300554
06077004310,10.420467012819643,108.40934025639285,13.699282630122477,173.9856526024495
06077000802,9.70727124779131,94.14542495582617,13.660021162365638,173.20042324731273
06077000101,10.36334002911718,107.26680058234362,13.662488591822461,173.2497718364492
06065044918,27.027398576023486,440.54797152046973,47.74456074861869,854.8912149723736
06065045114,23.191837868424184,363.8367573684837,40.6674348034517,713.3486960690341
06065042008,25.534364328848046,410.68728657696073,40.78313588504478,715.6627177008955
06065050600,23.30214156495084,366.0428312990167,38.75787663189411,675.1575326378822
06065043271,22.1184620869751,342.36924173950194,37.70673772760189,654.1347545520377
06029006403,17.61904761904762,252.38095238095235,31.507936507936506,530.1587301587301
06007000404,10.712488435611942,114.24976871223879,12.924284801559082,158.4856960311816
06037599100,27.16145011105975,443.22900222119483,39.99646263326634,699.9292526653267
06037430502,15.505169325073572,210.1033865014714,15.016134419923764,200.32268839847526
06037400206,19.526752264219997,290.5350452844,23.577151175266543,371.5430235053309
06037480704,16.247566908286345,224.95133816572687,16.455422310594205,229.10844621188406
06037432201,16.464216961154992,229.28433922309986,19.25745523602147,285.14910472042936
06037480302,16.393934232989206,227.87868465978408,17.007094240997006,240.14188481994006
06041109002,12.225810516801126,144.51621033602254,14.322047750456516,186.44095500913028
06111008700,8.289033757520926,65.78067515041849,4.860254968375296,-2.7949006324940893
06067000300,9.325396825396826,86.5079365079365,12.81746031746032,156.34920634920638
06067009614,9.973280294496885,99.46560588993765,14.49984171676693,189.99683433533852
06067008210,10.780755896462637,115.61511792925279,11.477718415993031,129.55436831986063
06067008913,9.81525457415281,96.30509148305617,11.811477953067453,136.22955906134902
06067004012,10.384460642094577,107.68921284189155,15.07889821040094,201.5779642080188
06007003502,9.927330030683747,98.54660061367497,12.56688416121293,151.33768322425854
06073013418,21.06284155222396,321.25683104447927,23.664284836248946,373.28569672497895
06073003204,18.365694648049853,267.31389296099707,21.268430531438575,325.3686106287714
06073013601,25.249834383223718,404.9966876644743,35.452997240665475,609.0599448133096
06073013411,21.682656852487916,333.6531370497583,26.844736274196304,436.894725483926
06037222002,15.12090203537766,202.41804070755325,15.60121967561652,212.0243935123304
06037239802,16.547619047619047,230.9523809523809,15.277777777777777,205.5555555555555
06037262706,7.689246842311139,53.7849368462228,5.672667362249524,13.453347244990495
06037577504,7.817460317460318,56.34920634920637,6.111111111111111,22.222222222222218
06037296402,14.197723190575125,183.9544638115025,15.07395289956924,201.4790579913848
06037535002,17.26951321860609,245.39026437212178,18.075043587330274,261.50087174660547
06075026301,4.942361990790637,-1.1527601841872752,3.249130951240234,-35.01738097519532
06075030301,4.671945396108216,-6.561092077835704,3.518503173706698,-29.629936525866057
06057000801,10.456980329211822,109.13960658423642,10.568756688408616,111.37513376817229
06037531000,16.98412698412698,239.68253968253964,17.18253968253968,243.65079365079356
06037226420,17.658730158730158,253.17460317460313,19.563492063492063,291.26984126984127
06037204700,17.590505839137855,251.81011678275704,18.983652449128158,279.6730489825632
06065043316,26.9953304884803,439.90660976960606,43.105714946976555,762.114298939531
06065030104,21.47258814091046,329.45176281820915,31.801642983297384,536.0328596659476
06065042012,26.19659608318179,423.93192166363576,41.1880776034533,723.761552069066
06065042728,25.798348067176065,415.96696134352123,41.55516485838136,731.103297167627
06065043007,21.373488645994044,327.4697729198808,32.51533601864337,550.3067203728672
06029002815,19.484126984126984,289.6825396825397,31.19047619047619,523.8095238095239
06029003103,18.435757877917183,268.7151575583436,32.897019154712346,557.940383094247
06029001801,19.325396825396826,286.5079365079365,30.793650793650794,515.8730158730159
06059075810,17.43192767518031,248.6385535036062,18.848126310934212,276.9625262186843
06059042329,17.81763043642124,256.35260872842474,21.743501845898205,334.87003691796406
06059042323,9.572768574075731,91.45537148151459,7.881008565363326,57.62017130726652
06059052424,20.35714285714286,307.1428571428572,26.58730158730159,431.7460317460317
06075025100,5.979285671265244,19.585713425304878,4.726618964446139,-5.467620711077233
06067009330,10.356182483641657,107.12364967283312,14.349151460095168,186.98302920190332
06067009635,10.405437359231009,108.10874718462019,15.669115591232703,213.382311824654
06085501101,9.53490045964933,90.69800919298658,9.475088562044448,89.50177124088894
06085507903,13.214285714285715,164.28571428571428,17.817460317460316,256.3492063492063
06085512603,12.957601123920947,159.1520224784189,18.20615728872029,264.1231457744058
06085510300,12.055829843006919,141.11659686013837,13.081539399132115,161.63078798264232
06059099514,7.021360172070299,40.42720344140598,5.654753753435298,13.095075068705944
06059021919,17.36092559444817,247.21851188896335,20.42718296135435,308.54365922708695
06059088905,16.789076190508748,235.78152381017497,17.159373382159632,243.18746764319263
06059074803,16.837950743449422,236.75901486898846,17.278077025359355,245.5615405071871
06059075100,17.029235895496846,240.5847179099369,19.185387506166624,283.7077501233325
06037571900,16.975575505696536,239.51151011393077,18.107292781529967,262.1458556305994
06037572301,16.528476986100358,230.56953972200722,17.350287708608864,247.00575417217723
06017030810,9.273856371568833,85.47712743137666,11.087082006929435,121.74164013858872
06017030902,9.633098663884846,92.66197327769692,12.01812474637485,140.362494927497
06073002703,23.711798403578737,374.2359680715747,30.13979875521778,502.79597510435565
06073010103,7.49133454091281,49.826690818256175,5.030905758175611,0.6181151635122051
06073014101,24.370152347067922,387.4030469413584,32.03354962369587,540.6709924739173
06073008503,17.938933345129968,258.77866690259935,21.383419342463448,327.6683868492689
06083002907,16.419579890719913,228.39159781439818,19.699428485922592,293.98856971845174
06083000400,10.46542806112292,109.30856122245837,8.696577474588874,73.93154949177746
06083002209,13.655919903492933,173.11839806985859,17.144123399786334,242.88246799572673
06079011600,15.20409740515246,204.08194810304917,19.18626843485179,283.72536869703583
06037294120,16.60145550382626,232.0291100765252,17.3242227735914,246.48445547182803
06037574100,18.172584569122456,263.4516913824491,20.058923638865217,301.17847277730425
06037212701,14.126984126984127,182.53968253968253,15.03968253968254,200.79365079365073
06053010608,7.119928683679327,42.398573673586526,8.496511821791835,69.93023643583669
06085512043,11.507936507936508,130.15873015873015,13.61111111111111,172.22222222222217
06085503121,11.83804497151764,136.76089943035277,12.221288185247298,144.42576370494592
06053013200,11.955530941483119,139.11061882966237,16.84613473503987,236.9226947007973
06053011202,14.545979199599126,190.91958399198248,22.909306117160085,358.18612234320176
06045010400,7.719832130803366,54.3966426160673,5.867127095102291,17.34254190204582
06037104108,18.107855597321326,262.15711194642654,23.41269841269841,368.2539682539682
06037910605,29.961908147153547,499.23816294307085,50.460325923439434,909.2065184687887
06037620305,6.785714285714286,35.714285714285694,5.158730158730159,3.1746031746031917
06087123100,8.806605469648167,76.13210939296333,7.282595431308108,45.65190862616213
06053001802,6.346777602075519,26.935552041510352,6.786144101843551,35.722882036871
06053014301,3.5311119296572047,-29.377761406855928,3.024416742391541,-39.511665152169186
06053012402,5.487751782457323,9.75503564914645,4.014671055367389,-19.706578892652235
06037218600,13.842123637555995,176.84247275111989,13.975203868661625,179.50407737323246
06059086405,19.121973823132805,282.4394764626561,25.074908117047798,401.49816234095596
06059086502,19.908144106654458,298.1628821330891,25.071261038445346,401.42522076890697
06059011601,20.07936507936508,301.5873015873015,25.158730158730158,403.17460317460313
06037554521,20.188332883740376,303.7666576748075,22.53015339884958,350.60306797699155
06037552602,20.426189183290404,308.5237836658081,23.897615168918822,377.9523033783764
06037542502,17.976190476190474,259.5238095238095,20.31746031746032,306.34920634920644
06037106642,16.386376112346166,227.72752224692331,19.969286484659555,299.3857296931911
06037600902,12.690996384792955,153.8199276958591,10.89786578545892,117.95731570917839
06073013203,13.340901506831088,166.81803013662173,12.828177229726904,156.56354459453806
06073013907,24.465133515484183,389.30267030968355,31.318986049057656,526.379720981153
06007003600,9.616535146644646,92.33070293289292,11.17414926795002,123.48298535900045
06059062620,14.96031746031746,199.20634920634916,14.761904761904763,195.23809523809518
06059052522,16.6327073526541,232.65414705308206,20.088307619474417,301.76615238948824
06059062643,11.338220814847244,126.76441629694486,9.990478821494516,99.80957642989034
06059062630,18.324560453348923,266.49120906697846,22.116513862357525,342.3302772471505
06059063902,13.063010127522247,161.26020255044486,12.567082166684905,151.3416433336981
06059063500,3.3155802908852934,-33.68839418229415,2.717594200697624,-45.64811598604753
06081600900,4.0476190476190474,-19.04761904761905,2.738095238095238,-45.23809523809524
06037480304,16.324136655680785,226.48273311361567,16.428333111927895,228.56666223855788
06073020807,20.064819924061933,301.2963984812386,25.289562976702776,405.7912595340554
06099003002,11.090267486804011,121.80534973608022,19.06388280735014,281.2776561470028
06099000404,10.952380952380953,119.04761904761904,18.88888888888889,277.77777777777777
06099001001,10.73755310644167,114.75106212883338,18.737822740177478,274.75645480354956
06059021830,17.095701897382604,241.91403794765205,20.674345506745116,313.4869101349023
06059087802,18.994912798949127,279.89825597898255,21.87444193251849,337.48883865036976
06059076102,17.42967698528708,248.5935397057416,20.556408699082024,311.1281739816405
06059087704,19.068429045812152,281.3685809162431,21.362059097116077,327.24118194232153
06007002700,8.995909511734288,79.91819023468574,11.383460360637152,127.66920721274299
06007002100,9.981955289069695,99.63910578139388,10.71619152056302,114.3238304112604
06023000800,7.052462708746345,41.04925417492691,7.6950149076318874,53.900298152637745
06037980024,20.2808205600035,305.61641120007005,25.900791762501914,418.0158352500382
06037651304,11.27995673325189,125.59913466503775,9.32359644415944,86.47192888318884
06075020402,5.113147317392076,2.262946347841508,3.980002027386008,-20.39995945227983
06075031302,4.56767755889471,-8.646448822105791,3.0391817446232534,-39.21636510753493
06041126100,11.783779731884767,135.67559463769533,13.57421297389999,171.4842594779998
06089012302,10.123582204360337,102.47164408720673,10.872779773047505,117.45559546095008
06073008365,19.193547743391356,283.8709548678271,21.829695380508706,336.593907610174
06073014902,23.769841269841272,375.3968253968254,32.261904761904766,545.2380952380953
06073017043,21.434157169055503,328.6831433811099,29.69251870205617,493.8503740411233
06073021206,22.586339379301144,351.72678758602285,32.63467872952196,552.6935745904392
06081613300,13.75598780234466,175.1197560468932,15.790833157166634,215.81666314333265
06081610601,11.990779281005688,139.81558562011378,12.909098354966252,158.18196709932502
06081610303,6.822937494986954,36.45874989973907,5.039223257587363,0.7844651517472521
06075012302,5.158730158730159,3.1746031746031917,4.682539682539683,-6.349206349206355
06115040800,10.159824369031382,103.19648738062766,13.134873994757106,162.69747989514212
06037273800,5.515873015873016,10.317460317460302,4.642857142857143,-7.142857142857139
06037553902,19.356096979568015,287.12193959136033,21.570836464782637,331.41672929565266
06037261102,15.073636978638607,201.47273957277213,13.926560752916686,178.53121505833366
06037551700,18.493545290552262,269.87090581104525,20.635579212026755,312.71158424053516
06037500800,19.506316432695833,290.12632865391663,21.681489978354584,333.6297995670916
06111004504,7.837893434028331,56.75786868056663,5.381086058905471,7.621721178109426
06111008004,17.823909025511114,256.4781805102222,21.93740156156698,338.7480312313396
06111005906,19.94495902169753,298.89918043395056,23.54963742014103,370.9927484028205
06111006301,16.64749311496793,232.94986229935853,16.24247108773372,224.8494217546744
06073017809,8.17702623718402,63.54052474368036,6.129002970622466,22.5800594124493
06073017603,3.1499790851363034,-37.000418297273946,2.9678048152279546,-40.643903695440926
06073017305,10.724752803100838,114.49505606201674,8.509003260456154,70.18006520912303
06073017049,24.015279436355833,380.30558872711663,34.27683898514208,585.5367797028416
06073017033,19.603214938100248,292.0642987620049,23.64523493078095,372.904698615619
06037237900,15.2014359017078,204.02871803415601,14.620412038017928,192.40824076035858
06037576601,13.015873015873018,160.3174603174603,12.301587301587302,146.03174603174605
06037533703,18.095238095238095,261.90476190476187,22.22222222222222,344.4444444444444
06037234600,14.563492063492065,191.26984126984127,13.253968253968255,165.07936507936506
06037232110,15.942777509111105,218.8555501822221,16.91690288123804,238.3380576247608
06111001204,15.015033603513066,200.30067207026127,18.506615367431664,270.1323073486332
06111002500,6.415776783293573,28.31553566587148,4.5201207096354015,-9.597585807291969
06107001006,15.575706713020915,211.51413426041833,30.89876796044294,517.9753592088588
06021010200,9.817877316819315,96.35754633638629,13.101548460179794,162.03096920359587
06025010102,22.667183588867584,353.3436717773516,32.80730411589431,556.1460823178861
06071011404,21.73910680151494,334.78213603029883,32.489246202214844,549.784924044297
06037120108,19.523809523809526,290.4761904761905,22.6984126984127,353.968253968254
06037320202,16.309406939257237,226.1881387851447,18.9198119617787,278.39623923557394
06037104703,18.188037036512924,263.76074073025853,23.453058671154604,369.0611734230921
06037188202,14.628383626520367,192.56767253040726,15.791049147127286,215.8209829425457
06037190202,12.896825396825399,157.93650793650795,13.412698412698413,168.25396825396825
06037481500,16.507209276079127,230.1441855215825,17.53459191668087,250.69183833361737
06037128602,19.34325822184511,286.8651644369022,22.472196700675376,349.4439340135075
06027000400,20.170181979500775,303.4036395900155,36.82678222005197,636.5356444010393
06103000800,9.635627809615142,92.71255619230277,11.191507526632051,123.830150532641
06095251500,8.51348256357445,70.26965127148901,11.117135444759013,122.34270889518027
06085506803,13.217086684466612,164.3417336893322,17.990051723883287,259.8010344776658
06085505800,9.615244669146398,92.30489338292794,11.299820195963623,125.99640391927242
06037530006,18.134920634920633,262.69841269841265,22.26190476190476,345.2380952380952
06037188100,15.300482760365258,206.0096552073051,16.907659737405147,238.153194748103
06071004503,14.604409972089815,192.08819944179626,16.704389043902967,234.0877808780594
06071003803,19.96031746031746,299.20634920634916,27.023809523809522,440.47619047619037
06071007110,22.363375063114425,347.2675012622884,32.173189048438644,543.4637809687729
06071001001,22.460317460317462,349.2063492063492,30.119047619047617,502.3809523809523
06067008211,10.911269837289694,118.22539674579386,12.166014978137762,143.32029956275525
06067008124,10.381353113936068,107.62706227872135,11.37146953197298,127.4293906394596
06067007501,9.461661205356393,89.23322410712784,11.306024464284715,126.12048928569428
06067005402,9.107794684578305,82.15589369156608,12.433029193679271,148.66058387358535
06095252305,10.638318898352786,112.76637796705575,13.998362366954076,179.96724733908152
06095252903,11.280609124288333,125.61218248576665,14.210343998831286,184.2068799766257
06085504308,11.525602291030605,130.51204582061206,14.538996180845942,190.7799236169188
06085504101,11.04520637271426,120.9041274542852,12.176171487339149,143.52342974678297
06085503703,10.865516722503763,117.3103344500752,11.835935742834526,136.71871485669047
06037213201,15.119047619047619,202.38095238095235,16.071428571428573,221.42857142857144
06037530102,18.13488720011313,262.6977440022626,22.261743856893645,345.2348771378729
06037265304,12.261904761904763,145.23809523809524,9.325396825396826,86.5079365079365
06037552001,19.231344162614455,284.6268832522891,20.604076709744326,312.08153419488656
06037183701,16.661943909913177,233.2388781982635,16.490543103539796,229.8108620707959
06037189202,14.285714285714285,185.71428571428567,15.595238095238095,211.90476190476193
06037267901,11.155807464228396,123.11614928456788,8.658360523187852,73.16721046375702
06037532303,17.93545027777727,258.70900555554533,20.5923499627107,311.846999254214
06037273100,6.456099873821861,29.121997476437212,6.126739205841896,22.53478411683791
06037573201,15.644509310075364,212.89018620150728,16.28701677802078,225.74033556041562
06037574902,16.26984126984127,225.39682539682542,17.1031746031746,242.063492063492
06067007504,9.37420474103157,87.48409482063141,11.450308295044213,129.00616590088427
06073008328,14.790982013597224,195.81964027194448,14.524867267833653,190.4973453566731
06073008101,5.833333333333333,16.666666666666657,3.888888888888889,-22.222222222222218
06065043005,24.38634950767438,387.7269901534877,37.8781712920744,657.563425841488
06037187102,14.961556680361314,199.23113360722624,16.116610925054864,222.3322185010973
06037183520,16.746031746031743,234.92063492063488,15.952380952380954,219.0476190476191
06037143500,17.17690551238029,243.5381102476058,16.61469139209091,232.2938278418182
06097154201,9.842097643786465,96.84195287572928,11.166334837570494,123.32669675140988
06097151204,9.10625576378241,82.1251152756482,8.415078754055255,68.30157508110509
06097152903,9.451657038194984,89.03314076389968,10.42974115209634,108.59482304192684
06097151601,10.514024431208068,110.28048862416132,12.006596399887366,140.1319279977473
06095252104,8.781565697472097,75.6313139494419,11.0414765572749,120.829531145498
06095252910,11.300930159152776,126.01860318305549,14.769636302476352,195.39272604952697
06037139200,20.674603174603178,313.49206349206355,27.38095238095238,447.6190476190476
06037137504,20.598327016399946,311.96654032799887,26.899978596026923,437.9995719205384
06095252904,11.602584872063574,132.05169744127144,15.674525029642249,213.49050059284502
06095250701,6.625867478000556,32.517349560011134,7.295931037463645,45.91862074927292
06095252103,9.120092959721612,82.40185919443222,11.658214005479389,133.16428010958774
06065042403,23.241033211161096,364.82066422322185,33.94503778023634,578.9007556047268
06065042405,23.94922009453831,378.9844018907661,34.849852266106836,596.9970453221367
06065041410,21.996937930691118,339.9387586138223,30.87670326280777,517.5340652561554
06071008708,18.665281616339726,273.3056323267946,26.17529394426483,423.5058788852966
06071006604,20.340182516630946,306.80365033261893,29.84703169992855,496.940633998571
06071004700,19.254846176507193,285.09692353014384,27.61406352203774,452.2812704407547
06071003403,19.888683301222603,297.773666024452,26.613997891552913,432.27995783105825
06071008302,23.61813466655532,372.36269333110647,36.317651518755255,626.3530303751052
06037920332,20.395687630591013,307.9137526118202,27.812867334585818,456.25734669171624
06037920031,21.23870417389299,324.7740834778598,28.89207473932357,477.8414947864713
06037920028,22.350623751646495,347.01247503292984,31.08271463167523,521.6542926335046
06037401601,19.72746093078713,294.5492186157427,23.189066856710525,363.78133713421045
06041121100,12.193346621651957,143.86693243303912,14.74086273186972,194.8172546373944
06071004601,18.73804899834927,274.76097996698536,23.561673791528875,371.23347583057745
06071002902,19.60604642755607,292.1209285511214,24.944655519002637,398.89311038005275
06071000824,21.666666666666664,333.33333333333326,27.180394509417575,443.60789018835146
06071003301,18.96314756584652,279.2629513169304,25.482809128039495,409.65618256078994
06071000117,19.223616053829225,284.4723210765845,23.092872525164267,361.85745050328524
06081609100,11.833159601240407,136.66319202480813,11.829361650178157,136.5872330035631
06081611700,7.679073895031414,53.5814779006283,6.578600402707193,31.57200805414385
06081608600,11.64398848976088,132.87976979521758,11.941334908788999,138.82669817577994
06081610500,11.904761904761905,138.0952380952381,12.579365079365079,151.58730158730157
06081607000,10.801711246934737,116.0342249386947,12.512299461095326,150.2459892219065
06081607800,9.937944916086842,98.75889832173681,12.072805950245096,141.4561190049019
06037900607,27.714182330648036,454.28364661296075,45.79108792077895,815.821758415579
06037139301,21.579379732326586,331.5875946465318,29.42608945597503,488.52178911950057
06037920303,15.467104052789013,209.3420810557802,19.775784210695843,295.5156842139169
06037128400,19.126541993531614,282.5308398706323,24.062592788042622,381.2518557608523
06037108102,16.937790660644325,238.7558132128865,21.14585129176071,322.9170258352142
06037432601,17.57936507936508,251.58730158730157,20.873015873015873,317.46031746031747
06037482303,16.500051388387245,230.0010277677449,17.886627799850082,257.7325559970016
06037530101,18.143302736683626,262.86605473367257,22.268889846707257,345.37779693414507
06037214100,12.959683265593064,159.19366531186122,12.81587483064932,156.3174966129864
06037405201,16.150793650793652,223.015873015873,20.119047619047617,302.3809523809523
06037482101,16.94488623782943,238.8977247565886,18.094078387602504,261.8815677520501
06041110100,10.255635850233514,105.1127170046703,12.751773005064337,155.03546010128667
06081610202,12.906667436393127,158.1333487278625,13.504200954716975,170.08401909433945
06081601601,4.518211270302322,-9.635774593953586,2.882177320283002,-42.356453594339975
06081604400,7.417904462830179,48.35808925660356,7.531377397193116,50.627547943862275
06037209820,16.11033283021427,222.20665660428537,17.73678772618854,254.73575452377082
06037403404,19.17649147750423,283.5298295500846,23.408597934415432,368.17195868830873
06037262400,13.92606217879128,178.52124357582562,13.200495486119836,164.0099097223967
06037531201,17.579525967503038,251.59051935006076,19.429302387735262,288.58604775470525
06037228600,17.658730158730158,253.17460317460313,19.563492063492063,291.26984126984127
06037204600,17.288898148986043,245.77796297972094,18.2899986597431,265.79997319486205
06037203500,16.994308138512686,239.8861627702538,17.898782959594097,257.97565919188196
06037408402,18.270004052856713,265.40008105713423,20.21257751786066,304.2515503572131
06037702300,6.587301587301588,31.746031746031747,6.309523809523809,26.19047619047619
06037221710,15.119047619047619,202.38095238095235,16.071428571428573,221.42857142857144
06037199300,16.897668451135118,237.9533690227023,16.68890209145448,233.7780418290896
06113010607,8.955249536551285,79.10499073102567,15.268091378458212,205.3618275691642
06113010203,9.472904434458417,89.45808868916833,13.446379529118662,168.92759058237323
06037220100,12.923758820945574,158.47517641891147,11.22520412706421,124.50408254128416
06037431900,17.04418660995947,240.8837321991894,19.109966429677243,282.1993285935448
06059076204,18.23243391953873,264.64867839077465,21.81926589851004,336.38531797020084
06059087401,19.232643958004893,284.6528791600979,24.671407881658116,393.4281576331623
06059011602,19.793394249167505,295.8678849833501,24.960750353208766,399.2150070641752
06059021912,17.310237133349013,246.20474266698017,19.73584348929848,294.7168697859696
06059021823,17.324834972173363,246.4966994434672,20.87483262007976,317.49665240159527
06037115101,20.247454856069066,304.9490971213812,24.98361374105134,399.67227482102675
06037113232,18.532997999663703,270.6599599932741,24.165832021388223,383.3166404277644
06037106111,15.777592767863684,215.55185535727372,19.72486129100058,294.49722582001164
06049000100,12.0645338905939,141.29067781187797,19.35382486865805,287.076497373161
06055200203,9.365079365079366,87.30158730158729,10.15873015873016,103.17460317460322
06055201601,11.342308186193257,126.84616372386512,12.321400997575127,146.4280199515025
06037310703,16.38888888888889,227.77777777777777,19.642857142857142,292.85714285714283
06047002500,12.747939465311111,154.95878930622223,19.072726038523783,281.4545207704757
06047001101,12.482935510350845,149.6587102070169,19.137277823382007,282.7455564676402
06075061000,5.659776039074643,13.19552078149284,3.4041712351722535,-31.91657529655494
06075010800,5.158730158730159,3.1746031746031917,4.682539682539683,-6.349206349206355
06075015300,4.528377332924332,-9.432453341513341,3.5077912344470086,-29.84417531105984
06075025402,5.833333333333333,16.666666666666657,4.444444444444445,-11.111111111111114
06075025900,5.915253066056893,18.305061321137856,4.597990165312322,-8.040196693753563
06075030400,5.010877175224069,0.2175435044813559,3.867628570669468,-22.647428586610634
06071010019,31.297157531761606,525.943150635232,52.88482506847865,957.696501369573
06071001600,20.024238347426103,300.48476694852206,26.335858355357942,426.71716710715884
06029004302,17.539932477175903,250.79864954351802,31.959926679629778,539.1985335925955
06029003810,20.09658843103135,301.93176862062694,37.61530231156591,652.3060462313183
06029001101,18.252493447875434,265.04986895750864,31.524100564318843,530.4820112863769
06029005600,26.83208474351643,436.6416948703286,48.197226701830644,863.9445340366128
06029006201,18.439878766452424,268.79757532904847,33.457112078566425,569.1422415713284
06037504002,19.942944333123584,298.8588866624717,23.16706416653406,363.3412833306812
06037651002,13.981433778315772,179.6286755663154,15.09843899035306,201.96877980706114
06037620701,5.51773227742032,10.354645548406406,4.179694947594246,-16.406101048115083
06037670003,15.158730158730158,203.17460317460313,17.380952380952383,247.61904761904765
06037572202,15.994001985369017,219.88003970738035,15.363357564744696,207.2671512948939
06037570901,20.119047619047617,302.3809523809523,22.936507936507937,358.7301587301587
06037570902,20.11837907402634,302.3675814805268,22.93550511897602,358.7101023795204
06037603702,12.525900210592708,150.5180042118541,9.59087652490983,91.81753049819658
06037554700,20.476190476190478,309.5238095238096,24.047619047619047,380.9523809523809
06037552400,20.35714285714286,307.1428571428572,23.690476190476193,373.8095238095238
06037554519,19.580715094292735,291.61430188585473,22.908533046542455,358.1706609308491
06037554002,19.523809523809526,290.4761904761905,22.063492063492063,341.2698412698412
06001450752,12.95792188289469,159.15843765789376,18.34017951691611,266.80359033832224
06001444601,10.06198661995464,101.23973239909277,10.112959986167855,102.25919972335706
06057000104,10.84042796082655,116.808559216531,11.53713861884699,130.7427723769398
06097152201,9.642619490528968,92.85238981057935,8.656497306669875,73.12994613339747
06047000202,10.03000943808107,100.60018876162138,15.82329684402588,216.4659368805176
06059088902,17.738095238095237,254.76190476190476,18.253968253968257,265.0793650793651
06059001708,19.662193092761335,293.2438618552267,22.633549581475762,352.67099162951524
06059001602,19.204431493320133,284.0886298664026,22.76863169863102,355.3726339726203
06059110014,17.29821677902912,245.96433558058237,18.32376143041435,266.47522860828695
06059110202,18.80952380952381,276.1904761904762,21.46825396825397,329.36507936507934
06097150702,13.379165487233614,167.58330974467225,16.007776173235836,220.1555234647167
06097151100,10.144968912943625,102.89937825887256,9.837644730365481,96.75289460730957
06097151602,10.639426139674969,112.7885227934994,11.93549110476645,138.709822095329
06097153501,9.27931720221249,85.5863440442498,7.964676934765761,59.293538695315206
06041104102,11.7844341397884,135.688682795768,13.337919604095031,166.75839208190058
06041117000,12.51653358956919,150.33067179138382,13.997483908780406,179.94967817560814
06041124100,10.135089462270905,102.70178924541807,12.101573800864424,142.03147601728847
06059099502,9.492728927002773,89.85457854005546,8.152099448115694,63.04198896231385
06059110102,19.05746574141082,281.1493148282164,22.630162120127792,352.60324240255585
06059110402,18.973666333852123,279.47332667704245,22.185303261007462,343.7060652201492
06059001303,19.484126984126984,289.6825396825397,22.5,350.0
06059110301,19.426110564954453,288.522211299089,22.925833606411665,358.51667212823327
06059099603,11.989613820088628,139.7922764017726,10.832155798193865,116.64311596387726
06059099415,7.7391283418150625,54.78256683630123,6.1643069167636035,23.286138335272064
06059099701,15.556501622664225,211.13003245328446,15.797634056545789,215.95268113091572
06059074106,15.89958984627606,217.9917969255212,16.21562280207446,224.31245604148916
06059099247,16.745991915845146,234.91983831690297,16.626945503772884,232.53891007545766
06059099237,8.955279540541381,79.10559081082761,7.47353801371962,49.4707602743924
06059099229,14.980457199257563,199.60914398515123,14.184776646631436,183.69553293262874
06077004404,11.139086974063188,122.78173948126377,14.72674482516381,194.53489650327617
06077005135,10.716388572261422,114.32777144522842,18.493521932774957,269.8704386554991
06097150303,10.823443129994619,116.46886259989235,12.160988030531716,143.21976061063427
06065045228,30.639262086938714,512.7852417387743,53.366681981229796,967.333639624596
06065043601,23.215773448892097,364.31546897784193,33.73771897686311,574.7543795372621
06065044923,32.940737643492135,558.8147528698427,54.88088506279857,997.6177012559715
06065940100,25.621723963848297,412.43447927696593,37.688029921785464,653.7605984357092
06065940800,14.752495743785378,195.04991487570754,23.65606173402864,373.12123468057274
06089012102,10.719350945051916,114.3870189010383,11.674357285651714,133.48714571303427
06089010806,9.50756112758279,90.15122255165576,7.814595709636082,56.29191419272163
06041101100,11.869867862484421,137.3973572496884,13.226237652738627,164.52475305477253
06101050202,8.57142857142857,71.42857142857139,11.706349206349206,134.1269841269841
06059099225,15.233763668898954,204.67527337797907,14.879695857517698,197.5939171503539
06059063004,9.820804146767179,96.41608293534357,8.350269627214585,67.00539254429171
06059062622,21.41705486584282,328.3410973168564,28.801699069798193,476.03398139596374
06059052519,16.84349193952945,236.86983879058903,20.417658536467147,308.35317072934293
06059062629,16.11632500872857,222.32650017457135,18.159970780221435,263.1994156044287
06059063807,12.96618647128743,159.32372942574855,12.447728150776546,148.95456301553094
06059063601,7.19753361387963,43.95067227759258,5.450540773731836,9.0108154746367
06059042112,16.253077414201105,225.06154828402208,20.438275574540462,308.7655114908092
06059075604,16.851422452563057,237.02844905126113,19.629052717997933,292.5810543599586
06059032015,22.382134913704647,347.64269827409294,29.644039675609406,492.8807935121881
06059052410,21.474281465445085,329.48562930890165,27.25518537776727,445.1037075553453
06065042744,26.818103012421798,436.3620602484359,41.5997020041722,731.9940400834439
06059042320,21.30544220351214,326.10884407024275,28.32208053993836,466.44161079876716
06059032046,22.19683849744758,343.93676994895156,31.643223116234257,532.8644623246852
06059062648,21.23015873015873,324.6031746031746,29.166666666666668,483.33333333333326
06065030103,22.021295574921865,340.42591149843724,33.602410430643666,572.0482086128732
06065042217,25.96202563296662,419.24051265933224,40.39815527704481,707.9631055408961
06065044518,33.58859016633737,571.7718033267473,53.74175585877359,974.8351171754715
06065044927,35.30689643381015,606.1379286762032,55.70776878552454,1014.1553757104908
06065045117,26.47109459672171,429.4218919344341,44.55025286914549,791.0050573829097
06083001908,20.311573151737985,306.2314630347596,28.038161314030102,460.7632262806019
06065940500,17.32483481189921,246.49669623798417,25.483688807798007,409.67377615596
06029003812,19.191796822403575,283.83593644807155,34.68415863569498,593.6831727138996
06113010402,10.100337647751127,102.00675295502253,15.2650301620217,205.30060324043404
06097153003,9.752791496555195,95.05582993110383,9.58651383324271,91.73027666485423
06097153001,9.551693775408632,91.03387550817266,10.542282481461696,110.84564962923393
06067009108,9.126984126984128,82.53968253968256,12.896825396825399,157.93650793650795
06067007202,9.890543799596749,97.81087599193495,11.961076340253056,139.22152680506107
06067008145,10.397396237233643,107.94792474467286,11.330700233731985,126.61400467463973
06015000106,7.036879143996293,40.737582879925874,4.332323030259659,-13.353539394806807
06067004904,9.8776110673703,97.55222134740595,14.295325003158084,185.90650006316164
06067007906,9.495271081588912,89.9054216317782,10.78962936584642,115.79258731692835
06067004006,10.044352401167247,100.88704802334495,13.76248032725305,175.249606545061
06095252909,11.873928639336166,137.4785727867233,16.206633270978628,224.13266541957253
06095253108,11.529865164889223,130.5973032977844,14.8536838844971,197.07367768994192
06037403325,18.9556892207616,279.113784415232,21.90679295622078,338.13585912441556
06037602302,9.309099395855672,86.18198791711342,6.822443199879117,36.44886399758233
06037501600,18.436288407443772,268.72576814887543,19.07133868687363,281.42677373747256
06037408135,19.458258770915954,289.165175418319,24.716940903026266,394.33881806052534
06037409000,19.607262852709432,292.14525705418856,24.06145293854958,381.2290587709916
06037434003,18.015873015873016,260.3174603174603,19.88095238095238,297.6190476190476
06037403500,18.864457909722784,277.28915819445564,23.402685979843945,368.05371959687886
06037430724,16.778507124134222,235.5701424826844,17.303822067643626,246.0764413528725
06015000202,8.720701613115356,74.41403226230709,8.225172840645687,64.50345681291373
06113010501,9.973849198216312,99.47698396432621,14.67966903893172,193.59338077863436
06113011102,11.468253968253968,129.36507936507934,13.492063492063492,169.84126984126982
06017031800,10.122018737688016,102.44037475376025,10.81480650510704,116.29613010214078
06067008708,10.21498747170453,104.29974943409057,12.354469692976961,147.08939385953923
06067008803,10.294990829057594,105.89981658115188,13.841375257583813,176.8275051516762
06037406103,17.06349206349206,241.2698412698412,22.1031746031746,342.063492063492
06073017054,21.07767320322899,321.5534640645798,26.10356421099189,422.07128421983776
06073007908,10.476190476190476,109.52380952380955,8.53174603174603,70.6349206349206
06073011300,4.432385397857725,-11.352292042845525,3.472053150212148,-30.558936995757048
06071011206,15.266983721109975,205.33967442219952,17.910702773168474,258.2140554633695
06067005004,9.841269841269842,96.82539682539681,13.968253968253968,179.36507936507934
06065041915,18.630333456780487,272.6066691356098,26.574379030996855,431.487580619937
06065049702,20.472454933614504,309.44909867229,30.600517594073743,512.0103518814749
06065050502,25.317460317460316,406.3492063492063,38.531746031746025,670.6349206349206
06065043523,23.379645201892192,367.5929040378438,35.065693914962985,601.3138782992597
06071010419,32.46364668788344,549.2729337576685,50.6922932870399,913.8458657407979
06037183222,16.1523521736966,223.047043473932,15.507121273129592,210.14242546259186
06037462201,16.560511983805238,231.21023967610475,17.301587301587304,246.03174603174602
06037192001,12.420634920634921,148.41269841269843,11.468253968253968,129.36507936507934
06037408140,19.469927930718594,289.39855861437184,24.61191846480251,392.2383692960503
06037128601,19.182278779374098,283.64557558748197,23.43807335550144,368.7614671100288
06037234902,14.563492063492065,191.26984126984127,13.253968253968255,165.07936507936506
06037433304,17.57936507936508,251.58730158730157,20.873015873015873,317.46031746031747
06037267902,11.11111111111111,122.2222222222222,8.611111111111112,72.22222222222223
06037208302,15.131413240197649,202.628264803953,17.307983977694203,246.15967955388408
06037216401,12.53968253968254,150.79365079365078,10.119047619047619,102.38095238095232
06037294302,17.643272336700644,252.8654467340129,20.024400598100893,300.4880119620178
06037194101,13.214285714285715,164.28571428571428,13.015873015873018,160.3174603174603
06025012004,35.69633129840323,613.9266259680646,51.26872623412192,925.3745246824384
06061020606,11.27555166114838,125.51103322296757,12.201465676852456,144.0293135370491
06071012106,27.245775465213022,444.9155093042603,47.858860843625294,857.1772168725059
06071007411,18.049859440186285,260.9971888037257,22.677519335897813,353.55038671795626
06071009132,23.75874739627069,375.17494792541373,41.6964740007538,733.929480015076
06071006303,19.85907297657843,297.18145953156863,28.281416001169983,465.6283200233995
06071002313,19.873062125727316,297.4612425145463,24.75780182918773,395.1560365837546
06071000120,19.69829954360196,293.96599087203913,25.420814947961773,408.4162989592354
06071011408,20.81724884784427,316.3449769568854,24.29111087349583,385.8222174699165
06025010300,34.879514726566825,597.5902945313364,53.99937388910555,979.9874777821109
06089010804,9.722795656574217,94.45591313148432,8.53853039083458,70.77060781669158
06061023300,10.421459451534423,108.42918903068846,13.456681852952796,169.1336370590559
06071000819,20.352478766345367,307.0495753269073,24.806439915951298,396.128798319026
06071012101,28.98699668675676,479.7399337351352,51.951959530576126,939.0391906115224
06071001311,20.77886553065909,315.57731061318185,26.989055405124216,439.7811081024843
06085508705,9.917920540855189,98.35841081710376,12.37496477849709,147.4992955699418
06085508706,9.82868900149181,96.57378002983619,12.18392541136,143.6785082272
06085505010,8.758792543706754,75.17585087413505,9.393174808373583,87.86349616747168
06085511704,13.743547880493772,174.8709576098754,16.11306231906657,222.2612463813314
06085504506,9.365079365079366,87.30158730158729,10.436507936507937,108.73015873015873
06085512509,13.046721347783233,160.9344269556646,17.777799838001805,255.55599676003607
06075012602,4.976623658470911,-0.4675268305817948,4.343159386601992,-13.136812267960181
06075032802,4.3841088929868,-12.317822140264017,3.198352394612082,-36.03295210775837
06075980501,5.629022307496664,12.580446149933255,3.9223162673062877,-21.553674653874264
06013355115,10.59481603991047,111.89632079820939,14.48439634055384,189.68792681107672
06013338204,12.103174603174603,142.06349206349205,19.841269841269842,296.8253968253968
06107001901,15.53006199157679,210.60123983153582,32.926130352058344,558.5226070411668
06107004102,16.25151029434096,225.0302058868192,27.891166642253417,457.8233328450683
06037551102,18.840631173857094,276.8126234771419,19.821596044068897,296.431920881378
06037800504,12.714611556444776,154.2922311288955,10.612057564643887,112.2411512928777
06037920118,19.72324402277063,294.4648804554126,25.76637671189621,415.3275342379241
06037910809,20.414737788052154,308.294755761043,26.61892495599872,432.3784991199744
06039000204,13.61578242525725,172.31564850514496,22.492971420246747,349.8594284049348
06085503339,11.512896877453443,130.25793754906886,13.576152079827994,171.5230415965599
06085503125,11.9224801193937,138.449602387874,13.25865449716743,165.17308994334851
06073020813,23.01655156367693,360.33103127353854,31.183347553799205,523.666951075984
06103000600,9.885353219248104,97.70706438496211,10.677798272806708,113.55596545613412
06073010601,3.3846868000455594,-32.30626399908881,2.2265529082081787,-55.46894183583643
06073012002,19.404761904761905,288.0952380952381,21.825396825396826,336.50793650793645
06073015406,24.6155169321924,392.310338643848,37.14640973340559,642.9281946681119
06073010005,16.027751964678238,220.55503929356468,17.427970043593056,248.5594008718611
06073008800,21.457546791170948,329.1509358234189,25.829272274155056,416.5854454831011
06073008702,22.828033152599577,356.5606630519915,28.938116616112993,478.7623323222598
06073013205,12.087170113815922,141.74340227631845,9.775304303517514,95.50608607035026
06073013401,16.645205475807586,232.9041095161517,19.541257883019444,290.82515766038887
06073013905,24.34098843179433,386.8197686358866,31.550006825082992,531.0001365016598
06073020602,23.530076928174132,370.60153856348256,30.195691365825684,503.9138273165135
06073019403,18.145021127923737,262.9004225584747,22.168030052339184,343.3606010467837
06037650401,11.59476417937509,131.8952835875018,10.936816617797884,118.73633235595766
06075010901,5.158730158730159,3.1746031746031917,4.682539682539683,-6.349206349206355
06075015202,5.158730158730159,3.1746031746031917,4.682539682539683,-6.349206349206355
06075011002,5.158730158730159,3.1746031746031917,4.682539682539683,-6.349206349206355
06073008373,11.054846903424208,121.09693806848414,9.586902827050297,91.73805654100593
06073018301,2.9045820221087943,-41.90835955782411,1.747513885452614,-65.04972229094774
06073005103,16.662267750856465,233.24535501712927,17.968800297629336,259.3760059525867
06073007401,8.698454759367065,73.96909518734128,6.216411902491332,24.328238049826645
06073005802,15.436507936507937,208.73015873015873,16.19047619047619,223.8095238095238
06073018804,21.698519071699657,333.9703814339931,31.353778590879827,527.0755718175965
06073017060,20.676273211621808,313.52546423243615,26.155078953161834,423.1015790632366
06073017407,4.613378725272734,-7.732425494545345,3.9839276940605957,-20.321446118788106
06073015407,25.644794499932008,412.89588999864014,35.675270096989905,613.505401939798
06095253207,11.180249507657807,123.60499015315614,14.363268641365028,187.2653728273005
06001430101,9.642813272259586,92.85626544519172,10.958380468931741,119.16760937863481
06001406601,7.341269841269842,46.82539682539681,7.380952380952381,47.61904761904759
06073019103,23.55086727942522,371.0173455885044,32.211001240174376,544.2200248034874
06073018801,20.771815534984327,315.43631069968654,29.75774151674654,495.15483033493064
06073017045,25.217891236384077,404.3578247276815,36.593068969552256,631.861379391045
06073016807,24.370506419130358,387.4101283826071,34.86152452962919,597.2304905925837
06073009706,24.075716940069963,381.5143388013992,34.472248570067435,589.4449714013485
06073008002,10.744863531318876,114.89727062637755,8.994792897218394,79.89585794436789
06081601902,4.85465220937871,-2.9069558124257946,3.3209226066804214,-33.58154786639159
06077004502,10.833256267355214,116.66512534710427,13.99698088315179,179.93961766303576
06037111401,18.394519366363312,267.89038732726624,21.339293243730914,326.7858648746182
06037231301,16.03174603174603,220.63492063492066,17.53968253968254,250.79365079365078
06037502901,18.80952380952381,276.1904761904762,18.69047619047619,273.8095238095238
06037270101,11.34920634920635,126.98412698412699,9.722222222222223,94.44444444444443
06037206301,16.778650663871872,235.57301327743744,17.65956117306456,253.19122346129117
06037206202,16.785714285714285,235.71428571428567,17.658730158730158,253.17460317460313
06037271803,9.642857142857144,92.85714285714286,7.658730158730158,53.174603174603135
06037530603,16.98412698412698,239.68253968253964,17.18253968253968,243.65079365079356
06037482404,17.658730158730158,253.17460317460313,21.58730158730159,331.74603174603175
06037403601,18.42574826858748,268.5149653717496,23.643688661531773,372.8737732306354
06037432502,17.27096442408093,245.41928848161854,19.792542766911435,295.85085533822866
06037480602,16.44366460591767,228.87329211835336,16.956560871207593,239.1312174241518
06037300601,15.524420007708638,210.48840015417278,17.811442504242173,256.22885008484343
06037550301,18.849206349206348,276.984126984127,19.8015873015873,296.031746031746
06073017111,17.536974749613172,250.73949499226347,20.34553200055979,306.91064001119577
06073020110,22.181957932403826,343.63915864807655,28.11972807675971,462.39456153519427
06073013607,24.381110071602855,387.62220143205707,33.448488055094614,568.9697611018922
06073019108,18.136942732121152,262.7388546424231,25.294261907642134,405.88523815284265
06057000401,10.946410911172583,118.92821822345168,12.964303829452776,159.28607658905548
06067007427,9.538955582241382,90.77911164482765,11.507936507936506,130.15873015873012
06067009632,10.252351452539619,105.04702905079236,15.426880877539457,208.5376175507891
06037920049,21.826542484566485,336.53084969132965,29.704130292735528,494.08260585471044
06037901216,28.28733292545789,465.74665850915784,44.13637157058013,782.7274314116027
06037910217,23.18917592610565,363.78351852211296,36.52668439120409,630.5336878240819
06037139704,17.909289819240335,258.1857963848067,21.950914325007105,339.01828650014204
06037800336,17.693839403942782,253.87678807885567,22.420198515794077,348.4039703158815
06073020312,19.855717967477737,297.1143593495547,25.35265436077876,407.05308721557515
06037143605,15.992063492063494,219.84126984126988,16.150793650793652,223.015873015873
06037311602,16.11945865116478,222.38917302329563,16.667964362190602,233.35928724381202
06037900902,28.083102001783363,461.662040035667,46.40826902792941,828.1653805585879
06037670101,17.763087994213784,255.26175988427562,21.488925230287812,329.7785046057563
06037543607,16.613322962329473,232.26645924658942,19.25543646446857,285.10872928937135
06037297501,13.174603174603176,163.4920634920635,13.373015873015873,167.46031746031747
06037125102,19.007936507936506,280.1587301587301,21.746031746031747,334.9206349206349
06037300602,15.436507936507937,208.73015873015873,17.6984126984127,253.96825396825398
06037292001,13.876477947425196,177.5295589485039,14.000036397561322,180.00072795122645
06037550501,19.760891537924525,295.21783075849044,22.418304505480375,348.3660901096075
06017030504,13.869670416360025,177.39340832720046,19.343182020113677,286.86364040227346
06083001101,9.215162782551563,84.30325565103125,8.333462013964953,66.66924027929905
06083001203,7.3237512753228025,46.47502550645604,5.853464268183563,17.06928536367125
06061020502,10.830301169895995,116.60602339791988,11.266014659852178,125.32029319704353
06089010100,9.841269841269842,96.82539682539681,8.412698412698411,68.25396825396822
06099003502,12.204610374137573,144.09220748275146,17.34432620998883,246.8865241997766
06099003004,11.284387673277896,125.68775346555792,19.07857185433298,281.5714370866596
06037113238,18.53174603174603,270.63492063492066,24.166666666666668,383.3333333333333
06037980035,19.03250098034145,280.65001960682895,23.09722556174611,361.9445112349221
06037103201,16.825396825396822,236.50793650793645,21.904761904761905,338.0952380952381
06037408213,19.653927281500415,293.0785456300083,25.177439809424033,403.54879618848065
06037980028,7.792357639036814,55.84715278073625,5.762518299783904,15.250365995678075
06037980023,19.0017396757443,280.034793514886,23.853337570667826,377.0667514133564
06111007512,18.25589759252507,265.11795185050136,22.027102480392607,340.54204960785205
06001440306,9.008347593697897,80.16695187395793,7.700057041458256,54.001140829165124
06001435300,8.58202670531498,71.64053410629964,8.993517712353299,79.87035424706596
06001404200,7.460712819824189,49.21425639648376,7.45319508226142,49.063901645228405
06001404900,7.536365367132555,50.72730734265107,7.242105085801896,44.84210171603789
06001437800,7.864171131093107,57.28342262186214,7.705440972362949,54.108819447258945
06001427600,7.1520381738064085,43.040763476128134,5.837885625896364,16.757712517927267
06001441100,10.1567960736864,103.13592147372799,12.382615182356146,147.65230364712286
06001437400,7.7380661268053545,54.7613225361071,7.5794087462999045,51.58817492599807
06019003302,14.523809523809526,190.47619047619048,22.976190476190474,359.5238095238095
06019005606,14.64623395966747,192.92467919334933,24.561708207232876,391.2341641446575
06019003401,14.64020646852098,192.80412937041953,23.402979273465803,368.05958546931606
06029002401,18.607455911979386,272.1491182395877,32.323107840780736,546.4621568156147
06065042004,25.173339387152645,403.46678774305286,41.12808364920649,722.5616729841297
06065042208,24.887018991271844,397.74037982543695,39.12449224931486,682.4898449862972
06065030200,21.90367729392073,338.0735458784145,31.74032319467302,534.8064638934603
06059042115,10.396774996528375,107.93549993056747,9.00760890600585,80.15217812011697
06059052534,15.994722657098169,219.8944531419634,19.294940238315093,285.8988047663019
06029006010,15.973728580135607,219.4745716027121,27.804409481961752,456.088189639235
06029002403,18.80994042114752,276.1988084229504,32.84538231746494,556.9076463492986
06029003214,18.180202915243637,263.6040583048727,35.08233820818235,601.646764163647
06029000911,17.738095238095237,254.76190476190476,31.23015873015873,524.6031746031746
06029000701,19.11719724775473,282.34394495509457,32.20411458059332,544.0822916118664
06029004904,16.391826942642957,227.8365388528591,26.440176833447005,428.8035366689401
06029003819,19.739085685405385,294.78171370810765,37.11731096502013,642.3462193004026
06029005803,25.257636011191167,405.15272022382334,44.04137914966761,780.8275829933522
06059052436,16.133444147339667,222.66888294679333,20.615966253661245,312.31932507322483
06059052439,19.11358528830723,282.2717057661446,23.606167959446555,372.12335918893103
06059032066,22.226810235536917,344.53620471073833,31.97988546648098,539.5977093296196
06059062656,16.02363140568747,220.47262811374938,17.484572349180606,249.69144698361208
06001421600,7.246613619755887,44.9322723951177,7.6999300932810595,53.998601865621154
06001400200,7.4603208616882535,49.20641723376505,7.826155934507684,56.52311869015366
06113010609,9.161570382069588,83.23140764139168,14.747572096541925,194.95144193083843
06019004705,14.642857142857144,192.85714285714283,26.01544766409953,420.3089532819905
06019006410,12.894943847840056,157.89887695680113,20.710997092353246,314.21994184706483
06111003618,11.467080901001093,129.34161802002185,11.917605676774707,138.35211353549414
06111004508,5.317460317460317,6.349206349206355,4.603174603174604,-7.936507936507937
06111003615,4.0476190476190474,-19.04761904761905,2.8174603174603177,-43.65079365079365
06019003104,14.328203720280612,186.5640744056122,22.90776663051181,358.1553326102361
06019004301,14.218449548826129,184.36899097652255,24.327873786005753,386.557475720115
06067009651,10.266831097511162,105.33662195022326,15.27022724795046,205.4045449590092
06067007023,9.801587301587302,96.03174603174602,12.85714285714286,157.14285714285717
06067004301,10.06669790301041,101.33395806020815,14.635101850743904,192.70203701487807
06067004302,10.107705445238977,102.15410890477952,14.665552608819187,193.31105217638367
06067004019,10.461047124138139,109.22094248276278,15.112557611025188,202.25115222050374
06067003001,9.007936507936508,80.15873015873015,13.571428571428571,171.4285714285714
06065040620,19.66672691896609,293.33453837932177,26.238291058068366,424.76582116136734
06065047901,21.59465378483424,331.8930756966848,32.50981833820508,550.1963667641014
06065042015,26.34421728311076,426.8843456622152,43.63966419565733,772.7932839131466
06065043202,26.600750186951075,432.01500373902144,42.748672530253025,754.9734506050604
06065050401,25.45163388920927,409.0326777841853,40.70000277517225,714.000055503445
06065045610,26.359797336263586,427.19594672527165,43.161068526695935,763.2213705339187
06065045618,19.47836840138478,289.56736802769547,29.94990857959716,498.99817159194316
06065043824,19.188629691416544,283.7725938283309,27.165194623490283,443.30389246980565
06065049001,26.891815435642393,437.8363087128478,42.14205567456095,742.8411134912191
06019003103,14.252194582441133,185.04389164882264,22.982353312599862,359.6470662519972
06019000902,14.688550195049267,193.7710039009853,24.9824825601612,399.649651203224
06085506801,13.370016668786322,167.40033337572643,18.07407521571527,261.48150431430537
06085507808,14.166666666666666,183.33333333333331,17.301587301587304,246.03174603174602
06085503218,11.904091892751602,138.08183785503203,12.518836251825817,150.37672503651635
06085512308,11.446206284508815,128.9241256901763,11.570269499783823,131.40538999567647
06107000902,15.070526092056918,201.4105218411384,30.315564927072778,506.3112985414556
06107003401,15.986076306841046,219.72152613682096,29.293658480407558,485.87316960815104
06107002011,15.908971757192944,218.17943514385885,34.286346015768686,585.7269203153737
06013352202,8.817242646269147,76.34485292538294,9.595521062690114,91.91042125380227
06025011901,30.29089259925809,505.8178519851618,44.24264607436482,784.8529214872964
06071010427,27.655166704753967,453.10333409507933,43.03779646823037,760.7559293646073
06099002303,10.916693719861751,118.33387439723502,18.600386821376084,272.00773642752176
06099002904,11.39831004148268,127.96620082965357,17.49593743975614,249.91874879512287
06071010431,25.806013319190203,416.1202663838039,41.04782093284908,720.9564186569817
06071011004,12.859206781159582,157.18413562319157,14.968008793736546,199.36017587473088
06071004512,16.33636157818145,226.727231563629,18.901257569065024,278.0251513813004
06071010433,24.10831173279317,382.1662346558634,36.442509087733036,628.8501817546608
06071006304,19.779484416277896,295.58968832555786,26.903763266692366,438.07526533384726
06071009135,29.538259164944392,490.7651832988877,50.41478857481901,908.2957714963802
06071008501,22.78979153549303,355.7958307098606,35.30848658226994,606.1697316453988
06071005602,19.904655642276914,298.09311284553826,29.062400378920323,481.2480075784064
06071002043,15.994044127301297,219.88088254602593,18.033166713733287,260.6633342746657
06071002503,18.88888888888889,277.77777777777777,25.396825396825395,407.9365079365079
06053011001,17.22291200878412,244.45824017568233,26.42111965257967,428.4223930515934
06053011105,13.588461244993802,171.769224899876,18.361683412025513,267.2336682405103
06071011802,25.551116324315668,411.0223264863134,45.441897030742986,808.8379406148597
06071009917,29.943768722236193,498.8753744447238,49.874314345566994,897.4862869113399
06071002039,15.942759821191808,218.85519642383616,18.603265851018143,272.06531702036284
06057000403,10.175289977508186,103.50579955016373,12.267972472393009,145.35944944786013
06061021323,9.763847552910354,95.27695105820709,12.352050948476034,147.04101896952068
06017031408,9.727922602001062,94.55845204002122,12.829614147645831,156.5922829529166
06017030711,10.065210290357946,101.3042058071589,11.579784658617434,131.59569317234866
06083001912,19.529338626822895,290.58677253645794,28.286266468261253,465.725329365225
06083002410,12.706638962108041,154.13277924216078,11.981356088695174,139.6271217739035
06083002936,7.222222222222223,44.44444444444443,5.8730158730158735,17.46031746031747
06083000201,10.404379450233906,108.08758900467808,9.71954088848474,94.39081776969479
06083001404,8.80952380952381,76.19047619047618,6.746031746031746,34.92063492063491
06013378000,5.442363392580475,8.847267851609498,4.217768875519253,-15.64462248961494
06013366002,4.894498377183237,-2.110032456335257,3.801020179040134,-23.97959641919733
06013314102,8.888058107252677,77.76116214505352,14.738223567637773,194.7644713527554
06013352101,10.281605462815087,105.63210925630173,12.117402603222533,142.34805206445066
06013354002,9.965673964511938,99.31347929023875,11.647879265769594,132.95758531539184
06039000302,13.684899634958391,173.69799269916783,23.209496759862965,364.1899351972593
06039000802,13.530141973587545,170.60283947175085,22.27347982037491,345.4695964074983
06001444303,5.531413604381726,10.628272087634517,3.200193023568675,-35.9961395286265
06013331000,11.568179665066918,131.36359330133834,19.388897383709537,287.7779476741907
06075015702,4.844038207072831,-3.1192358585433744,3.7379514594382233,-25.240970811235535
06075025502,5.7878172784537,15.75634556907399,4.408031600540738,-11.839367989185249
06075015401,4.285714285714285,-14.285714285714306,3.0555555555555554,-38.88888888888889
06067000502,9.404761904761905,88.0952380952381,13.293650793650794,165.87301587301585
06001402500,7.262436125450124,45.24872250900247,5.716676850239841,14.333537004796801
06073020404,22.29314277786428,345.86285555728557,29.113670557783408,482.27341115566816
06073020017,17.466653575959015,249.33307151918027,20.66045146471998,313.20902929439956
06019001418,14.660439842871831,193.20879685743657,24.61743510662555,392.3487021325109
06019003811,15.45100811611428,209.02016232228567,27.99596448947529,459.91928978950585
06019000702,14.81925045575891,196.3850091151782,24.85322018730493,397.06440374609866
06111009300,14.346562341387353,186.93124682774703,14.218012373013305,184.3602474602661
06073019601,19.853288634965544,297.06577269931086,26.071375361352473,421.42750722704943
06073017810,7.0348364602349385,40.69672920469876,5.649833342556581,12.996666851131627
06073017106,14.74924476290971,194.98489525819414,14.320012174322525,186.40024348645048
06067001102,9.404761904761905,88.0952380952381,13.293650793650794,165.87301587301585
06067009641,9.90083113708889,98.0166227417778,13.998034616163494,179.96069232326983
06067007604,9.462953822036722,89.25907644073445,10.881007226509821,117.62014453019638
06067009648,10.386074644486197,107.72149288972398,15.54045006546322,210.80900130926443
06019006302,13.41074872348253,168.2149744696506,25.155467428403945,403.1093485680789
06019004411,14.74971870192704,194.99437403854077,25.76211623051406,415.2423246102812
06085512058,12.486333387207614,149.7266677441523,15.157609404152538,203.1521880830508
06085506505,11.706349206349206,134.1269841269841,14.126984126984127,182.53968253968253
06085503124,12.289650606616425,145.7930121323285,12.677716301511467,153.55432603022928
06017032002,10.462182383917899,109.24364767835797,11.700551200963192,134.0110240192639
06017032001,10.546881902867465,110.93763805734929,11.68721965839992,133.74439316799834
06017030507,12.738986450795494,154.77972901590988,18.077556517332646,261.55113034665294
06067007438,9.642857142857144,92.85714285714286,11.507936507936508,130.15873015873015
06065043518,23.88888888888889,377.77777777777777,37.22222222222222,644.4444444444445
06065043205,27.61904761904762,452.3809523809524,41.82539682539683,736.5079365079365
06065042748,25.453090185020873,409.0618037004175,40.87683967192437,717.5367934384874
06065043210,25.98534091759808,419.70681835196166,40.02588943412419,700.5177886824837
06001436404,8.88680294824718,77.7360589649436,8.97827890020669,79.56557800413376
06001432601,6.923651598982949,38.47303197965896,8.807601749562995,76.15203499125991
06001420301,6.111111111111111,22.222222222222214,5.595238095238095,11.904761904761884
06013303208,11.356075397928008,127.12150795856016,17.49970680212399,249.99413604247977
06013337201,13.085396096790028,161.70792193580053,20.633649440523882,312.6729888104777
06097151702,9.109298990821129,82.18597981642257,7.819360333628855,56.38720667257708
06077003118,9.803318145021438,96.06636290042871,12.422569392708365,148.4513878541673
06077000102,10.288663411940279,105.7732682388056,13.726497120831233,174.52994241662466
06097154306,10.34738743769645,106.9477487539289,9.023880037883405,80.47760075766809
06039000104,12.469917936127393,149.39835872254784,17.386694450452143,247.73388900904285
06115040701,9.623803406002063,92.47606812004122,13.294278857855936,165.8855771571187
06075061506,5.1190476190476195,2.380952380952394,3.6111111111111116,-27.777777777777786
06099000407,11.273906135850996,125.47812271701989,17.969807501104103,259.39615002208194
06029003001,19.246031746031743,284.9206349206349,31.865079365079367,537.3015873015873
06029003213,19.441307240577977,288.8261448115595,36.40335343875418,628.0670687750835
06029000508,19.46913844750927,289.3827689501854,35.24399176646392,604.8798353292783
06007000403,10.346479819307753,106.92959638615501,12.880222579299396,157.60445158598787
06085506900,13.325862634756291,166.51725269512582,18.2074925568421,264.149851136842
06029005509,23.058864794180828,361.1772958836164,40.67947895137709,713.5895790275417
06029003308,17.94073766036837,258.81475320736735,28.943890063488084,478.8778012697615
06037125404,18.49215620438741,269.8431240877482,20.456580987159,309.13161974318
06037135205,18.657488528252916,273.1497705650583,21.98104030871691,339.62080617433816
06115041002,9.67783190488004,93.5566380976008,11.244095774878375,124.88191549756745
06113011302,10.808375072018682,116.16750144037361,13.803409702312992,176.0681940462598
06103000701,10.223282998518805,104.46565997037612,12.181989980103538,143.63979960207075
06037113424,20.091112479273473,301.82224958546936,24.989463601898162,399.7892720379632
06037602513,13.599304763800008,171.98609527600013,10.386352024210709,107.7270404842142
06037577800,19.188045589956854,283.7609117991371,20.603600929452295,312.0720185890459
06079010506,7.327826270021319,46.556525400426366,5.120514873510763,2.4102974702152586
06079011705,8.938712512668909,78.77425025337814,7.643540556403492,52.87081112806984
06079012306,7.403216114561109,48.064322291222176,6.83298845287009,36.659769057401796
06097153405,9.654149947917464,93.08299895834928,9.17388292382342,83.47765847646838
06019002905,14.747726567085257,194.95453134170506,23.99308752908249,379.86175058164974
06019005912,13.309714075998823,166.19428151997644,23.40579240592695,368.115848118539
06075047802,4.35888416740499,-12.82231665190021,3.144213431432198,-37.11573137135603
06019007801,17.405724467691503,248.1144893538302,31.663429901020955,533.2685980204191
06081605502,9.554863736547963,91.09727473095924,11.55797692208213,131.1595384416426
06081606202,9.681654458810668,93.63308917621332,11.109311156195446,122.18622312390886
06081613701,6.388650505608027,27.773010112160527,5.160117848701978,3.2023569740395548
06059052530,17.504764304651964,250.09528609303928,21.257809281717716,325.15618563435436
06059032065,22.724456692725422,354.4891338545084,31.028512445399176,520.5702489079835
06059001710,19.913617634371562,298.27235268743124,23.057315475315303,361.14630950630607
06077000500,10.51731500435664,110.34630008713282,13.5899212684433,171.79842536886596
06083980500,11.680056491675442,133.60112983350882,11.85553489064315,137.11069781286295
06001424002,7.222792688201032,44.45585376402061,7.101463205238179,42.02926410476354
06001408200,6.984126984126984,39.68253968253967,7.658730158730158,53.174603174603135
06001433500,6.509365132162277,30.187302643245545,6.493942286027653,29.878845720553038
06001432800,7.728463947709345,54.569278954186906,9.40878700720637,88.1757401441274
06001440301,8.9745120528891,79.49024105778197,9.010369017796974,80.20738035593945
06001401100,7.380952380952381,47.61904761904759,6.984126984126984,39.68253968253967
06001435200,8.798151950893905,75.96303901787809,8.93727694150438,78.74553883008755
06001441921,10.386699845764007,107.7339969152801,12.218847038535092,144.37694077070185
06001409400,6.546570798319189,30.9314159663838,8.406504208421778,68.13008416843556
06013346204,10.404791902728832,108.09583805457665,15.19243836277846,203.8487672555692
06099003501,11.444849048706184,128.89698097412366,16.556390579747976,231.12781159495958
06099000204,11.16829128688499,123.3658257376998,17.355575771746103,247.11151543492207
06099003205,9.714088911039727,94.28177822079451,13.85019036543629,177.0038073087258
06073008377,13.407444884123814,168.14889768247625,12.310299233433234,146.20598466866466
06009000506,9.546678668609479,90.93357337218956,13.064678119125182,161.29356238250364
06071002112,19.111559707074555,282.23119414149113,26.165130648453058,423.302612969061
06071002504,18.778322634517558,275.5664526903511,25.14252301177133,402.85046023542657
06013373000,4.0476190476190474,-19.04761904761905,2.182539682539683,-56.34920634920635
06013320004,11.691246640766078,133.82493281532155,16.101252978256603,222.02505956513207
06013348000,10.22307984901854,104.46159698037071,12.896476510715907,157.92953021431808
06071011801,25.46093309676276,409.21866193525517,44.47679407552688,789.5358815105376
06047002602,12.873755905623494,157.47511811246983,18.193807982989444,263.87615965978887
06111009500,14.157271023548544,183.14542047097086,15.34144435016106,206.82888700322118
06111005602,10.889841213355366,117.79682426710728,10.401432878683629,108.02865757367253
06059074802,17.21881477714885,244.37629554297698,19.975863930730256,299.51727861460506
06059099242,14.253220647935393,185.06441295870786,13.890354555000547,177.8070911000109
06059099222,15.18796913908776,203.75938278175522,15.170738759077725,203.41477518155443
06059062702,7.548181230362971,50.96362460725942,5.878033730392436,17.5606746078487
06059062642,9.603174603174603,92.06349206349205,7.5396825396825395,50.793650793650755
06059042201,7.361877059011139,47.237541180222784,6.593012986801396,31.86025973602791
06059075403,17.905815095248695,258.1163019049739,20.995031884110354,319.90063768220705
06059052524,15.992063492063494,219.84126984126988,19.246031746031743,284.9206349206349
06059032047,18.769360114941932,275.3872022988386,24.83905515044807,396.7811030089613
06059032038,22.617033503094525,352.3406700618904,31.88783300974123,537.7566601948245
06059074407,17.21272381645591,244.25447632911823,20.299993649060625,305.9998729812125
06073017112,17.973752483572753,259.475049671455,21.011567722003306,320.2313544400661
06073013320,22.253648259759128,345.0729651951825,30.084081445591774,501.68162891183556
06033000402,10.205084183326491,104.10168366652982,11.649681519207906,132.99363038415808
06111005907,20.08380799133803,301.67615982676057,26.025601910413517,420.5120382082703
06111002800,8.175609518395223,63.51219036790445,5.93095726719374,18.619145343874777
06073019111,22.14784439029622,342.95688780592445,29.99909661938228,499.98193238764543
06073013326,17.5,250.0,19.841269841269842,296.8253968253968
06087120800,10.042598631229245,100.85197262458487,11.097783570434354,121.95567140868711
06087122202,7.102494157102065,42.04988314204127,4.226473851969477,-15.470522960610491
06087110700,8.153204523145481,63.0640904629096,6.178823914539933,23.576478290798654
06037670405,16.050291894980344,221.0058378996069,16.38282489123985,227.65649782479696
06013357000,8.811946729078828,76.23893458157659,12.084131809553595,141.6826361910719
06093001002,10.332522467183104,106.65044934366207,9.396341363413063,87.92682726826126
06071000122,18.75340230085256,275.0680460170512,23.666691524869975,373.3338304973995
06071010435,27.163551791353427,443.27103582706843,46.74139054918662,834.8278109837323
06071011407,19.330762433706635,286.61524867413266,24.385164041264627,387.7032808252925
06019005405,15.236727087942345,204.73454175884686,25.438788186762764,408.77576373525517
06019007300,16.06865466728868,221.37309334577358,32.584402373504446,551.6880474700889
06019000300,14.956211094449214,199.12422188898424,23.990838980529325,379.8167796105864
06087122205,6.738878730403753,34.777574608075085,4.07050807685624,-18.589838462875193
06081613000,13.649277388237632,172.9855477647526,18.069614895116366,261.3922979023273
06081609000,11.81649488429224,136.32989768584477,12.244474057226313,144.88948114452626
06081607500,10.714285714285715,114.28571428571428,13.88888888888889,177.77777777777777
06081608502,10.812106075846634,116.24212151693264,12.523443381188999,150.46886762377994
06071012400,21.61895953272662,332.37919065453235,30.69422830403224,513.8845660806447
06071004201,19.30638635243234,286.1277270486468,27.027167785913484,440.5433557182696
06071004302,20.177316107473843,303.5463221494768,29.338461760144288,486.7692352028857
06071000118,19.384273314300906,287.685466286018,22.76950439611044,355.3900879222088
06071001703,19.885490647676434,297.7098129535287,25.35136876170125,407.027375234025
06081602800,4.200434483516996,-15.991310329660088,2.6194289102011896,-47.6114217959762
06075022801,5.357142857142858,7.142857142857139,4.761904761904762,-4.761904761904773
06075030102,5.0,-1.4210854715202004e-14,3.9285714285714284,-21.42857142857143
06075030302,4.5472493086848385,-9.055013826303234,3.385673166120137,-32.28653667759726
06085508101,12.51529437777341,150.30588755546822,14.993104493645037,199.86208987290067
06085502202,11.626984126984127,132.5396825396825,13.84920634920635,176.984126984127
06085503001,11.767275015146605,135.34550030293212,13.471455763337582,169.4291152667516
06085500300,9.881875485345173,97.6375097069035,10.598103970571776,111.9620794114355
06085503207,11.215481939097819,124.30963878195634,11.453577177193058,129.07154354386114
06085502902,12.426361721757976,148.52723443515953,16.261345083763505,225.22690167527008
06085504323,9.492800294076222,89.85600588152442,9.894549726711945,97.89099453423886
06061021327,10.260195530178803,105.20391060357608,12.823371858091305,156.46743716182607
06037920121,20.96810599493643,319.3621198987286,28.426490878283612,468.5298175656722
06037502700,18.935289712989352,278.70579425978696,20.16087997005106,303.21759940102106
06037800412,15.472868004903708,209.45736009807416,15.788685016129856,215.77370032259708
06019005528,14.637427119843215,192.74854239686428,26.372598819847102,427.45197639694203
06075023103,6.42857142857143,28.571428571428584,5.595238095238095,11.904761904761884
06075016300,5.357142857142858,7.142857142857139,4.761904761904762,-4.761904761904773
06041101200,11.990913644512618,139.81827289025233,13.409972471944789,168.19944943889573
06041110200,9.454478052877054,89.08956105754106,11.956628111826898,139.13256223653795
06085509801,10.945686630055807,118.91373260111611,11.474791415199366,129.49582830398728
06085504414,10.145046694697129,102.90093389394258,10.304697201647336,106.09394403294674
06099002801,11.667419139943934,133.34838279887862,16.244139867894663,224.88279735789322
06099001500,10.68743946723366,113.74878934467314,17.522959662306697,250.4591932461339
06099000908,10.74209592258355,114.841918451671,18.244363263255753,264.8872652651151
06029005514,25.586778061033012,411.73556122066026,44.10540461084752,782.1080922169504
06029006405,17.581703603711354,251.63407207422708,31.100003981964942,522.0000796392989
06029000509,19.886353344425117,297.72706688850224,36.32225836905238,626.4451673810474
06029003815,19.87501686237392,297.5003372474783,36.449319351120366,628.9863870224074
06089011502,10.065105710924183,101.30211421848367,10.93391309628019,118.67826192560376
06097152601,9.685292633700596,93.70585267401192,10.61564589696396,112.31291793927917
06097153810,9.379527621435411,87.59055242870822,10.22324924575342,104.46498491506837
06097150205,9.76108574481162,95.22171489623238,11.218395382902687,124.36790765805372
06071002207,18.673877810374474,273.4775562074895,25.732755911186445,414.65511822372883
06071002028,18.928571428571427,278.57142857142856,25.753968253968257,415.07936507936506
06071003612,19.365079365079367,287.3015873015873,28.61111111111111,472.2222222222222
06071004507,18.08894966559489,261.7789933118978,22.43058574648546,348.6117149297092
06071007303,23.73398699034909,374.67973980698184,35.11027092799442,602.2054185598884
06071009109,25.96548509862576,419.3097019725152,43.607947010933174,772.1589402186634
06077003806,10.484596345981776,109.69192691963556,15.841577046090316,216.83154092180635
06045011501,10.610343136816073,112.20686273632145,12.120511790014707,142.41023580029412
06037209106,16.11111111111111,222.22222222222223,17.738095238095237,254.76190476190476
06037401706,19.975752238058178,299.51504476116355,23.340059864250506,366.80119728501006
06037185101,16.746031746031743,234.92063492063488,15.952380952380954,219.0476190476191
06037464102,16.318884715265256,226.3776943053051,16.73064149800284,234.61282996005676
06037553201,19.220684367002548,284.4136873400509,21.11878267633272,322.3756535266544
06079010202,21.016631461642007,320.33262923284013,29.250032652175918,485.00065304351835
06007003200,9.131266953004642,82.62533906009284,13.113850807079002,162.27701614158
06023001102,7.280646061215011,45.612921224300194,7.696304524264699,53.926090485294
06081613702,8.673758981507666,73.47517963015333,8.478613072574074,69.57226145148142
06037800101,20.040606174639557,300.8121234927911,27.042635614883295,440.85271229766585
06057000503,11.365655585198017,127.31311170396029,11.657441528217767,133.1488305643553
06057001210,12.866990923126796,157.33981846253596,15.004368931598922,200.08737863197842
06029003305,18.32063966402658,266.4127932805317,28.731304332454812,474.6260866490962
06029005700,26.285196145680594,425.70392291361185,46.745482726247516,834.9096545249503
06029006202,18.04485290467173,260.8970580934346,31.681233322771664,533.6246664554335
06037574202,16.26984126984127,225.39682539682542,17.1031746031746,242.063492063492
06037573401,16.495213410982718,229.90426821965437,17.63279318142112,252.65586362842237
06037106510,15.601740627094369,212.03481254188742,19.219629325930867,284.39258651861735
06037542402,18.53116812896409,270.6233625792818,19.193214963484838,283.86429926969674
06037542602,17.976190476190474,259.5238095238095,20.31746031746032,306.34920634920644
06037601401,11.191286011436564,123.82572022873127,8.300267398696604,66.00534797393207
06065042207,24.990126720977525,399.80253441955045,39.05142473727062,681.0284947454124
06065043218,28.116445446087496,462.32890892174987,44.1092974109022,782.185948218044
06013324004,12.74162683878935,154.83253677578696,20.23650217760278,304.73004355205563
06033000704,10.82966190392735,116.59323807854702,12.596372788348418,151.92745576696834
06037920050,19.24866248301826,284.9732496603652,26.16651954267784,423.33039085355665
06037800206,18.931065964435838,278.6213192887168,25.24470792991046,404.8941585982093
06037297002,13.174603174603176,163.4920634920635,13.373015873015873,167.46031746031747
06037577605,7.817460317460316,56.349206349206355,6.111111111111111,22.222222222222214
06037408705,19.518457843082203,290.36915686164406,25.08674740640054,401.73494812801084
06037408627,19.72679914121885,294.535982824377,25.27787058921389,405.55741178427775
06037122200,20.14211953188852,302.8423906377704,24.25906747265384,385.1813494530768
06037128910,19.11829307512512,282.36586150250247,24.051103223119295,381.02206446238586
06037534900,17.296962068892956,245.93924137785908,18.270616645624212,265.41233291248426
06037237600,15.96637251704179,219.3274503408358,16.44802072941016,228.9604145882032
06037232800,16.825396825396822,236.50793650793645,16.626984126984127,232.53968253968253
06037535400,17.53968253968254,250.79365079365078,20.0,299.99999999999994
06037534302,18.412698412698415,268.25396825396825,20.3968253968254,307.936507936508
06037575300,15.635925773143494,212.7185154628699,16.309701839912144,226.1940367982429
06037575902,13.015873015873018,160.3174603174603,12.301587301587302,146.03174603174605
06037574901,16.56464615055004,231.29292301100077,16.906638016035423,238.13276032070843
06037101300,16.02965988294888,220.59319765897766,18.186882155054775,263.7376431010955
06065044102,21.38345288326322,327.6690576652644,32.04050561152776,540.8101122305553
06065041904,19.787014357660336,295.7402871532067,25.121650641486923,402.43301282973835
06065030800,22.58795804991423,351.7591609982846,35.20418527000168,604.0837054000336
06065042409,23.944649560816387,378.89299121632774,34.8461958391293,596.9239167825859
06065042210,22.18253968253968,343.65079365079356,36.07142857142857,621.4285714285713
06065040402,19.629343907870677,292.5868781574135,28.42663954535454,468.53279090709077
06037701801,6.116781192258818,22.335623845176336,5.71387434506463,14.277486901292612
06037432402,17.492835773476067,249.85671546952136,20.937912852432632,318.75825704865264
06037300400,15.873887992511696,217.47775985023395,17.683466115232658,253.66932230465306
06037201302,16.6530803478299,233.06160695659798,16.98391886254642,239.6783772509284
06037191500,14.246031746031745,184.92063492063488,15.158730158730158,203.17460317460313
06107003903,15.4553093660178,209.106187320356,25.189655067960008,403.7931013592
06053012100,5.634920634920635,12.698412698412696,4.1269841269841265,-17.46031746031747
06037190901,13.6040348030797,172.080696061594,14.309280742147827,186.18561484295657
06037137301,19.147792984777112,282.95585969554224,26.5080625493554,430.16125098710796
06037302301,15.317460317460316,206.34920634920627,16.944444444444443,238.88888888888886
06037920040,22.035864966201203,340.717299324024,29.109845129412246,482.1969025882448
06037920330,20.44182167688274,308.83643353765484,27.307707495947167,446.1541499189433
06037269700,12.533597747219224,150.67195494438445,10.11701935489318,102.34038709786356
06037121900,19.646411603111737,292.9282320622347,23.414448843344406,368.2889768668881
06037920200,19.921837730231974,298.4367546046394,26.404687897305156,428.0937579461031
06037111201,18.225488814167985,264.50977628335966,21.194409913277777,323.8881982655555
06037900504,28.722110250217717,474.44220500435426,46.79253434860444,835.8506869720887
06037920334,19.77679548998545,295.53590979970903,26.036478373517795,420.72956747035585
06037106403,16.27577177808994,225.5154355617988,18.136678371814046,262.7335674362809
06037267502,9.365079365079366,87.30158730158729,6.904761904761905,38.0952380952381
06037406500,17.63822882250937,252.7645764501874,21.644845197686838,332.89690395373674
06037209520,16.11111111111111,222.22222222222223,17.738095238095237,254.76190476190476
06037402102,21.122235875871695,322.44471751743384,25.591038041164325,411.8207608232865
06037228220,17.54601149026437,250.92022980528742,19.422593727909828,288.45187455819655
06037408623,19.292310553357012,285.84621106714025,23.825548168089128,376.51096336178244
06037201110,16.818343806678744,236.3668761335748,17.022740820809815,240.45481641619634
06059086303,18.198834416929817,263.9766883385963,23.172462505874254,363.4492501174851
06059110607,19.933882769658638,298.6776553931727,23.445098368260837,368.90196736521665
06059088301,18.80952380952381,276.1904761904762,20.873015873015873,317.46031746031747
06059088104,19.21381147774109,284.2762295548218,22.223338078595706,344.4667615719141
06059087102,19.52535589468893,290.5071178937785,22.23227363293832,344.64547265876644
06059021802,18.87328251187033,277.4656502374065,21.658863478157382,333.17726956314766
06059076103,17.393005707855867,247.86011415711735,20.4475592430717,308.951184861434
06029005300,21.34917012316326,326.9834024632652,38.664386107190936,673.2877221438182
06029003811,19.239588273488383,284.7917654697677,35.36152213622091,607.2304427244183
06059042206,11.2256968972944,124.513937945888,10.567880930377887,111.35761860755775
06059075505,17.14161644576508,242.83232891530162,20.316305185684957,306.3261037136992
06059032014,21.82283233801721,336.45664676034414,29.070928150432664,481.4185630086531
06059042337,15.106886463634849,202.13772927269696,17.011190652644068,240.22381305288133
06059042319,18.677161565903575,273.54323131807143,23.89289868807823,377.8579737615646
06059032053,22.295549154342908,345.9109830868581,30.598314757396032,511.9662951479206
06059086801,19.213401137009512,284.2680227401902,22.640133810847068,352.8026762169414
06037238400,14.794941214334305,195.89882428668605,12.723923231305033,154.47846462610065
06037540501,18.058172517444977,261.1634503488995,20.011901397824715,300.2380279564943
06037239330,16.825396825396822,236.50793650793645,16.626984126984127,232.53968253968253
06037534001,18.705050328088063,274.1010065617612,21.09899149165191,321.979829833038
06037234800,14.563492063492065,191.26984126984127,13.253968253968255,165.07936507936506
06037670500,17.86767853163503,257.3535706327006,20.702509814449122,314.05019628898253
06037194500,12.444958217364661,148.89916434729324,11.358799132970134,127.17598265940266
06037218300,13.373015873015873,167.46031746031747,12.222222222222221,144.44444444444443
06053000300,6.725513079553807,34.510261591076116,7.657104406802151,53.14208813604303
06053012200,5.634920634920635,12.698412698412696,4.1269841269841265,-17.46031746031747
06037700901,12.581112463260306,151.6222492652061,10.597448699518146,111.94897399036287
06037430302,15.607731118103386,212.15462236206773,16.63337934787299,232.66758695745972
06029001500,19.688404485966384,293.76808971932763,33.42920331015057,568.5840662030114
06037670701,19.16857290180081,283.37145803601624,23.395482450761083,367.9096490152217
06037650101,11.59297413922072,131.85948278441435,10.035882508680167,100.71765017360333
06081604800,7.420603567851681,48.4120713570336,7.539588481332818,50.79176962665633
06067002200,9.440962988240527,88.81925976481048,13.163263402155984,163.26526804311965
06067007417,9.480914443595562,89.61828887191125,11.497057573817415,129.9411514763483
06067009611,9.729259929187723,94.58519858375443,14.99929622930345,199.98592458606896
06067007011,9.688294583549718,93.76589167099432,13.065956307094046,161.31912614188093
06037573402,15.515873015873016,210.3174603174603,16.626984126984127,232.53968253968253
06037570304,17.417128424432946,248.3425684886589,19.348077340348933,286.96154680697873
06047000505,11.32951217010347,126.59024340206936,16.092046900222755,221.84093800445507
06077001000,9.831481025129762,96.62962050259522,13.950640615866735,179.01281231733464
06077002300,10.449389363875019,108.98778727750037,14.905184459424458,198.10368918848908
06037191710,13.170758341604513,163.4151668320902,13.209797113205795,164.1959422641159
06037192520,14.246031746031745,184.92063492063488,15.158730158730158,203.17460317460313
06037300702,16.069167903043343,221.38335806086693,19.342696482493448,286.853929649869
06037401304,18.86751500722826,277.35030014456515,22.822254591171543,356.4450918234307
06037573601,18.17446571328098,263.48931426561956,20.26207398214697,305.2414796429393
06037408136,19.349133264180423,286.9826652836084,24.285287956396367,385.7057591279273
06101050402,9.3404325213953,86.80865042790599,12.831788326289049,156.63576652578098
06057001211,13.217593677313838,164.35187354627675,15.691139317229894,213.8227863445979
06111002700,9.798854814580558,95.9770962916111,7.971220082429677,59.42440164859354
06037700300,12.686018173965053,153.72036347930106,11.819135061132922,136.38270122265845
06037186401,14.905371576510042,198.10743153020076,15.976800147938613,219.53600295877226
06037181500,16.11111111111111,222.22222222222223,15.493582089062476,209.87164178124954
06037138000,20.324852301441158,306.49704602882304,26.598692191286325,431.9738438257265
06001421800,6.879423378685374,37.588467573707455,7.065052867988859,41.30105735977715
06001433700,7.568945591999761,51.37891183999522,8.499244063043614,69.98488126087226
06001409900,7.550493005461563,51.00986010923123,9.44137915962301,88.82758319246015
06079010603,7.680200984631163,53.604019692623254,6.795614326329649,35.912286526592965
06055200803,9.519338373209553,90.38676746419102,10.814330943283453,116.28661886566906
06047001902,12.811543310326398,156.23086620652796,20.51878849098331,310.37576981966623
06001408700,6.9141275787747265,38.282551575494495,7.05206864567725,41.04137291354496
06075026201,4.801380263472281,-3.9723947305543845,3.1744833104313206,-36.5103337913736
06075061101,5.120768854664223,2.4153770932844525,3.6575844727593907,-26.84831054481221
06075010401,5.158730158730159,3.1746031746031917,4.682539682539683,-6.349206349206355
06055200804,9.379291221980003,87.58582443960005,10.219130550557871,104.38261101115745
06037572201,16.476942072707995,229.53884145415984,16.547365952693433,230.94731905386865
06037400603,14.273004779033148,185.46009558066294,15.563889028177595,211.2777805635519
06037553000,20.039682539682538,300.7936507936507,21.547619047619047,330.9523809523809
06037600704,13.571428571428571,171.4285714285714,11.11111111111111,122.2222222222222
06059063908,14.969788365646142,199.3957673129228,14.536026941352196,190.72053882704387
06059099251,14.246031746031745,184.92063492063488,12.619047619047619,152.38095238095238
06059063101,14.572080732276184,191.44161464552366,14.100402617896533,182.00805235793064
06059062645,13.341436506081665,166.82873012163333,12.443212258479972,148.86424516959943
06001430800,8.243909914895653,64.87819829791309,9.043816038633151,80.87632077266302
06001450605,11.702737316913524,134.0547463382705,15.80807422933854,216.16148458677083
06001401200,7.380952380952381,47.61904761904759,6.984126984126984,39.68253968253967
06101050603,8.815470946582408,76.30941893164815,10.877266548375848,117.54533096751695
06101050504,9.690970195390989,93.81940390781976,13.101793015384864,162.03586030769722
06089011401,9.679721111325069,93.59442222650134,9.520380947606057,90.4076189521211
06053014108,4.718153050635088,-5.636938987298239,3.643475077347078,-27.130498453058436
06059062641,21.272795768526905,325.4559153705381,29.160981728217575,483.2196345643514
06059063603,6.653747346782943,33.07494693565884,5.0616632667174635,1.2332653343492517
06037231601,16.03174603174603,220.63492063492066,17.53968253968254,250.79365079365078
06037267201,9.612691428810432,92.25382857620863,7.146746421589993,42.93492843179988
06089011002,9.707789892348945,94.15579784697891,10.283254354188715,105.6650870837743
06085504311,9.493258558898974,89.86517117797949,9.757345531333186,95.1469106266637
06085503333,11.421964881797052,128.43929763594105,11.785584508605432,135.7116901721086
06085512100,11.988290616784719,139.76581233569428,15.513869846469436,210.27739692938877
06053011901,5.666397322545608,13.327946450912153,4.531436930865041,-9.371261382699192
06053011106,15.341950235539779,206.8390047107956,22.30668597285089,346.1337194570178
06037207901,16.11111111111111,222.22222222222223,17.738095238095237,254.76190476190476
06037206201,16.785714285714285,235.71428571428567,17.658730158730158,253.17460317460313
06037216201,13.477921259154705,169.5584251830941,12.614237086214699,152.28474172429395
06037189907,13.214285714285715,164.28571428571428,13.015873015873018,160.3174603174603
06037401801,21.18964629290564,323.7929258581127,26.56625780572115,431.325156114423
06037103402,16.609168589205797,232.18337178411588,21.28696694421611,325.73933888432225
06037920048,22.840133822233398,356.802676444668,31.933782311813516,538.6756462362704
06037800337,19.24266165326116,284.8532330652231,25.664032357304915,413.28064714609826
06037139705,17.78531555414838,255.70631108296755,20.051289711058637,301.0257942211727
06037293204,15.515873015873016,210.3174603174603,17.023809523809522,240.47619047619042
06037310705,16.43773087472592,228.75461749451839,19.656424361145206,293.12848722290414
06037603008,15.436507936507937,208.73015873015873,13.531746031746032,170.6349206349206
06037403328,19.534559288649024,290.6911857729805,23.64029481786844,372.8058963573688
06111003700,5.678263206021253,13.565264120425045,3.54607038680027,-29.078592263994622
06001420600,6.111111111111111,22.222222222222214,5.595238095238095,11.904761904761884
06001441503,7.509330066802186,50.18660133604374,6.932155805887043,38.64311611774087
06037403703,18.29265801521469,265.8531603042938,23.682094187028923,373.64188374057846
06037139502,20.683993684562896,313.67987369125797,27.412645352066434,448.25290704132874
06037402703,21.13207247900257,322.6414495800514,26.065507586115487,421.3101517223097
06037228320,17.658730158730158,253.17460317460313,19.563492063492063,291.26984126984127
06037232702,15.993988507112629,219.87977014225265,16.453774060674917,229.07548121349836
06037228720,17.230058825532154,244.60117651064314,18.128021863832153,262.56043727664303
06037702400,11.524859765442985,130.4971953088597,9.908356926877076,98.16713853754145
06037294820,17.608836965793103,252.17673931586208,20.1701008853202,303.402017706404
06037574500,15.206956671434366,204.1391334286873,14.790693539861323,195.81387079722643
06075022802,5.252736610624009,5.054732212480179,4.257274570396995,-14.854508592060112
06075023200,6.42857142857143,28.571428571428584,5.595238095238095,11.904761904761884
06075016900,5.357142857142858,7.142857142857139,4.761904761904762,-4.761904761904773
06075021600,5.626236552301269,12.52473104602538,4.278767019618793,-14.424659607624136
06075030101,5.0,-1.4210854715202004e-14,3.9285714285714284,-21.42857142857143
06001443200,10.664181503638623,113.28363007277244,11.53580208738876,130.7160417477752
06001428301,6.122807911357396,22.456158227147895,5.523670882703873,10.473417654077423
06073010300,6.111111111111111,22.222222222222214,4.087301587301587,-18.253968253968253
06073011602,16.41292667844178,228.25853356883562,16.86614677109108,237.32293542182163
06073002002,24.960700961809746,399.2140192361949,34.43928228003317,588.7856456006634
06067008132,9.802509168835432,96.05018337670862,11.375753530979877,127.51507061959751
06067008007,10.007397244805938,100.14794489611876,11.251168446328517,125.02336892657031
06067008206,10.434370277481879,108.68740554963759,11.553721030759698,131.07442061519396
06065045900,33.41621777809586,568.3243555619172,50.0401001249094,900.8020024981879
06065043220,26.247774113321803,424.95548226643604,41.588878340529085,731.7775668105817
06073013103,10.257162669203563,105.14325338407122,7.7445498841740275,54.890997683480535
06073009201,24.126984126984127,382.53968253968253,31.865079365079367,537.3015873015873
06031001300,15.874464468575304,217.4892893715061,31.322922473460288,526.4584494692057
06031000100,16.127531669144144,222.5506333828829,31.262225443455335,525.2445088691067
06083002806,13.130111962959774,162.60223925919544,18.948877608256343,278.97755216512684
06083000502,14.095306024595622,181.9061204919124,12.95228330392951,159.0456660785902
06083002005,17.354029487969818,247.08058975939628,23.344684050430608,366.89368100861213
06037910210,28.325419312730588,466.50838625461165,44.69898527445373,793.9797054890746
06037980021,17.738579862185905,254.77159724371805,22.386853904480954,347.737078089619
06037542104,18.694499603778862,273.88999207557725,19.226466272862574,284.52932545725145
06065041812,20.742102698250722,314.84205396501443,28.663208996245757,473.2641799249151
06065042507,26.6919888203956,433.8397764079119,43.54875112048842,770.9750224097681
06007001500,10.174844065263208,103.49688130526415,11.744194269320822,134.8838853864164
06037540800,16.826923921492103,236.53847842984214,17.654153262203273,253.0830652440654
06037530500,16.98412698412698,239.68253968253964,17.18253968253968,243.65079365079356
06037482522,17.55096023960754,251.0192047921508,20.70358825049611,314.07176500992216
06037406101,17.042965933585076,240.85931867170154,22.062122343360635,341.2424468672127
06059021816,17.71087975996746,254.2175951993492,21.097340418117348,321.946808362347
06059087805,19.10852477036194,282.1704954072388,22.219083116185416,344.3816623237083
06059088402,18.53174603174603,270.63492063492066,21.785714285714285,335.71428571428567
06059099703,14.801587301587302,196.03174603174602,14.880952380952381,197.6190476190476
06059074806,17.222222222222225,244.44444444444446,20.0,299.99999999999994
06073000500,22.93056752272696,358.6113504545392,28.559052877917097,471.1810575583419
06073005900,15.436507936507937,208.73015873015873,16.19047619047619,223.8095238095238
06073010402,6.111111111111111,22.222222222222214,4.087301587301587,-18.253968253968253
06073013701,25.339620421678177,406.7924084335635,36.07244419774379,621.4488839548758
06037221900,16.03174603174603,220.63492063492066,17.53968253968254,250.79365079365078
06037701701,6.669031298287604,33.380625965752074,5.683322546521433,13.666450930428674
06037219500,14.19166328261166,183.83326565223322,13.644392131485937,172.8878426297187
06065043206,25.1789734000769,403.57946800153803,39.99993039992792,699.9986079985586
06065030502,22.023809523809522,340.4761904761904,33.61111111111111,572.2222222222222
06037502200,19.554167652714483,291.08335305428966,21.60512555553464,332.1025111106928
06037600601,13.571428571428571,171.4285714285714,11.11111111111111,122.2222222222222
06037500202,18.688574044312197,273.7714808862439,20.990615750620996,319.8123150124199
06037403324,19.74376977817688,294.87539556353755,23.369301152777126,367.3860230555424
06099002802,11.539900832507401,130.79801665014799,18.940480618304527,278.8096123660907
06059076205,18.134796574190766,262.69593148381523,21.02510233462811,320.50204669256215
06081609700,13.866873096851698,177.33746193703394,15.059573702818163,201.19147405636323
06081606900,11.036891462986372,120.73782925972739,12.173408609965936,143.46817219931873
06081600300,5.339141229803522,6.782824596070416,3.4591905483647025,-30.816189032705953
06037242000,17.025810602817238,240.51621205634473,17.697346082764348,253.94692165528687
06037500900,19.548826101651002,290.97652203302005,21.676443974560712,333.5288794912141
06059032028,22.175914779019823,343.5182955803964,29.20756622051416,484.15132441028317
06111005304,14.100346549245852,182.006930984917,13.238664542517615,164.77329085035225
06111007402,18.87568548871736,277.51370977434715,22.287672119584514,345.7534423916902
06111007202,18.704347794029253,274.08695588058504,21.558051787734854,331.16103575469697
06065044505,33.812707053705125,576.2541410741026,59.146715406122446,1082.934308122449
06065045000,25.261379690409125,405.2275938081825,42.071173540344105,741.4234708068822
06065040403,19.44365285355948,288.8730570711896,28.11773231911206,462.35464638224124
06095253208,11.246323794623642,124.92647589247282,14.448221296035387,188.96442592070767
06059021828,18.873546746306456,277.4709349261291,23.67229163656386,373.4458327312771
06059021825,17.277410031835313,245.5482006367062,21.153131649040212,323.0626329808042
06059110004,16.034572885289265,220.69145770578538,16.27294596502019,225.45891930040386
06059099906,14.267774444021116,185.35548888042234,13.607872873598627,172.15745747197255
06059021924,17.883685390205333,257.6737078041067,22.430608678819944,348.61217357639896
06013302014,8.608914344240535,72.1782868848107,13.26776841491544,165.35536829830878
06067000501,9.404761904761905,88.0952380952381,13.293650793650794,165.87301587301585
06039000110,13.308607144084736,166.17214288169467,19.32133795085377,286.4267590170755
06037275313,7.718706682459731,54.374133649194626,6.5169096651771845,30.338193303543694
06037650606,10.519522298967606,110.39044597935212,7.926712065422038,58.534241308440755
06037621005,5.3584191370010785,7.1683827400215545,4.037283970455495,-19.2543205908901
06037541401,17.460317460317462,249.20634920634922,19.047619047619047,280.9523809523809
06095252105,8.72182505590548,74.43650111810959,11.413378295184494,128.26756590368984
06095250105,8.688934566130024,73.77869132260048,9.967500819350697,99.35001638701394
06065043279,24.671366945827938,393.4273389165587,40.90944108438583,718.1888216877167
06065040812,21.34887240149588,326.9774480299176,30.31662872218131,506.3325744436261
06065042623,26.29363826843135,425.872765368627,40.51969685710633,710.3939371421267
06061020402,10.615451794576492,112.30903589152982,11.220234183783452,124.40468367566898
06061023200,10.10916251510216,102.18325030204319,13.402935826517709,168.05871653035416
06037128801,19.106076045941805,282.1215209188361,24.034086646756815,380.6817329351362
06037185203,14.920634920634921,198.41269841269838,15.992063492063494,219.84126984126988
06037404504,16.741082959219348,234.821659184387,21.35605705366508,327.12114107330154
06037186403,14.920634920634921,198.41269841269838,15.992063492063494,219.84126984126988
06037408005,19.0768441028181,281.536882056362,23.931356985469545,378.6271397093908
06013319001,11.584379468956833,131.68758937913665,15.037791201377232,200.75582402754463
06001450608,12.3235772036113,146.471544072226,16.641608123943296,232.83216247886588
06001420402,5.316083491181766,6.321669823635319,4.583384760782565,-8.332304784348707
06009000222,11.070071413465785,121.40142826931573,14.99978528053602,199.9957056107204
06077005216,9.758685787789556,95.1737157557911,17.760152653966646,255.2030530793329
06077005221,10.966645550169556,119.33291100339112,18.1583300066535,263.16660013307
06045011502,10.477645245336898,109.55290490673798,12.652193928536963,153.04387857073925
06061022100,10.844041486348747,116.88082972697491,11.533147725557095,130.66295451114186
06071003404,19.784688043277434,295.69376086554865,25.282088195805287,405.6417639161058
06037269906,11.253638221580035,125.07276443160072,9.606651463232263,92.1330292646452
06077005108,11.40121251451951,128.0242502903902,19.32220629812491,286.44412596249816
06065042905,24.74010784181253,394.8021568362505,40.6743928558518,713.4878571170361
06065041415,24.010479421992393,380.20958843984783,35.96400415135428,619.2800830270858
06065043208,24.101611658701692,382.0322331740339,37.417883257830496,648.35766515661
06065042749,25.60424001112013,412.0848002224026,39.75299438992025,695.0598877984048
06065041601,20.4035173426399,308.070346852798,27.730701299551257,454.61402599102496
06039000701,13.23886069051012,164.77721381020237,21.962372083248514,339.2474416649702
06111003101,9.995085030806587,99.9017006161317,6.01258820859383,20.251764171876584
06073013327,17.508874586480665,250.1774917296133,19.851519363684133,297.03038727368255
06073009204,24.093283055137483,381.86566110274964,31.716232964423355,534.3246592884672
06073020042,16.364257540822816,227.2851508164564,17.25698124109415,245.139624821883
06073015705,25.71428571428572,414.28571428571433,35.91269841269841,618.2539682539682
06073018615,5.532113583628961,10.642271672579202,3.945466669433796,-21.09066661132409
06037211804,14.246031746031745,184.92063492063488,15.158730158730158,203.17460317460313
06037236203,13.212384210744975,164.24768421489952,11.629875183645897,132.59750367291792
06037240401,15.469315154011863,209.38630308023718,13.642929939083015,172.85859878166028
06037143603,16.27596226901675,225.51924538033495,15.971489160086332,219.4297832017266
06037192002,12.420634920634921,148.41269841269843,11.468253968253968,129.36507936507934
06047002401,13.527369506059452,170.54739012118898,23.146860116690384,362.93720233380765
06001435103,10.344921308339343,106.89842616678688,11.740025998396991,134.80051996793983
06001444301,9.218370467801583,84.36740935603162,8.305568891949033,66.11137783898064
06001451506,12.874311672257647,157.48623344515292,18.208787756494146,264.1757551298829
06001450102,11.534629302711592,130.69258605423178,15.135044657881467,202.70089315762928
06033001102,9.726779100965693,94.53558201931382,10.266802693046547,105.33605386093092
06037408629,18.687191304252444,273.7438260850489,21.81301467108404,336.26029342168084
06037500403,18.449030300899032,268.9806060179806,21.446481325623477,328.92962651246944
06037480002,16.38124123361046,227.62482467220926,17.88091111628694,257.6182223257388
06071008601,19.938668531097456,298.7733706219492,28.936639991007024,478.73279982014043
06071004003,19.908476767641517,298.16953535283034,27.45400342873384,449.0800685746769
06065043264,26.07158987781976,421.43179755639517,41.063879198830904,721.2775839766178
06065044521,31.788913742211548,535.7782748442309,47.88164953895988,857.6329907791974
06065045122,36.05337263242739,621.0674526485477,54.512780622380205,990.2556124476041
06065049400,35.26236356610498,605.2472713220996,58.28801490425471,1065.7602980850943
06065940700,22.377694027303342,347.55388054606675,36.27488295310061,625.4976590620121
06065940400,37.32545452254995,646.5090904509989,59.48751261191943,1089.7502522383884
06001405402,7.6176044976289825,52.35208995257962,7.177055821148864,43.541116422977254
06065940600,32.87603479707598,557.5206959415194,56.76864400288595,1035.372880057719
06029004901,15.814174848053131,216.2834969610626,25.761635227167886,415.2327045433577
06107000600,14.093119934739768,181.8623986947953,28.596642964154633,471.93285928309257
06083000301,9.243671695434776,84.87343390869552,7.563721366118214,51.27442732236425
06077002401,10.160387655362337,103.20775310724676,14.546917097170292,190.9383419434058
06077002503,10.151476823399637,103.02953646799276,14.715812105433033,194.31624210866062
06085507705,13.865565117250943,177.31130234501887,17.45724853315955,249.144970663191
06085504510,9.625330598755214,92.50661197510424,9.830543138060253,96.61086276120506
06107000303,15.537675363498854,210.75350726997704,29.794521588635167,495.89043177270327
06107003301,15.155504168095995,203.11008336191986,26.217077048198156,424.34154096396304
06107004401,15.034566030248943,200.69132060497878,25.849531855448237,416.9906371089647
06037533504,17.06349206349206,241.2698412698412,20.3968253968254,307.936507936508
06037216301,13.160718488681232,163.2143697736246,12.038799480088647,140.77598960177295
06037980022,16.426492692473264,228.52985384946524,18.868730372326535,277.37460744653066
06065043524,23.54651373043159,370.9302746086318,34.870337155766315,597.4067431153263
06065030605,25.623058443244545,412.4611688648908,40.46615111209713,709.3230222419427
06025011301,32.047894887233184,540.9578977446637,46.312462221786284,826.2492444357256
06083002310,12.484024397247644,149.68048794495283,14.009864115297383,180.19728230594762
06037104500,19.365593059424242,287.3118611884848,23.413258806529182,368.26517613058365
06037920020,20.35999863992162,307.1999727984324,28.278337985360974,465.56675970721943
06037404902,16.30952380952381,226.1904761904762,18.174603174603174,263.49206349206344
06073007911,10.476190476190476,109.52380952380955,8.53174603174603,70.6349206349206
06037500300,18.360655057640763,267.2131011528152,19.63315642804197,292.66312856083937
06073017063,21.689317400826774,333.78634801653544,25.607050407702115,412.1410081540422
06073020037,18.171578895571542,263.4315779114308,21.717972182094893,334.3594436418979
06073017068,21.970098671115753,339.4019734223151,28.865631056747304,477.3126211349461
06073013319,21.69238399700517,333.8476799401034,28.28796216348295,465.7592432696588
06073018700,18.508994507197144,270.1798901439428,24.047882901964194,380.95765803928384
06073000202,15.45646891259714,209.1293782519428,16.223139605894886,224.46279211789772
06073018613,15.674603174603174,213.4920634920635,17.1031746031746,242.063492063492
06095252402,10.623345336905473,112.46690673810944,14.699158891430951,193.98317782861892
06071010034,26.16682622499192,423.3365244998384,43.32039892928332,766.4079785856667
06071010429,30.534269395665632,510.6853879133126,47.04548064714946,840.909612942989
06061021047,9.651856257581217,93.03712515162432,11.372661670753352,127.45323341506702
06037920329,21.66444064579236,333.2888129158472,29.959761680326185,499.19523360652363
06037404000,16.9047619047619,238.09523809523807,21.785714285714285,335.71428571428567
06071000105,19.53445150369253,290.6890300738506,23.31613254257953,366.3226508515905
06071010024,27.02550703551089,440.5101407102177,42.79919845493607,755.9839690987213
06093001001,10.009486584975612,100.18973169951224,10.190525192979099,103.81050385958194
06107001703,14.999045785462213,199.9809157092442,30.396606408704514,507.9321281740903
06071010415,23.21707151287584,364.3414302575168,34.423306090608904,588.466121812178
06071006204,19.27710945641405,285.54218912828094,26.481787603697622,429.6357520739524
06071004403,20.017636602559165,300.35273205118324,29.395466292782295,487.9093258556459
06071003606,20.160460919661492,303.2092183932298,26.99448655736736,439.8897311473472
06071002206,18.73015873015873,274.6031746031746,27.46031746031746,449.20634920634916
06097154202,10.218224697003006,104.36449394006013,11.830013603785806,136.60027207571608
06097151203,9.246501907542099,84.93003815084197,8.501613196564605,70.03226393129209
06097152702,9.084711262244276,81.69422524488554,10.427896885580083,108.55793771160164
06025011001,31.245908370303578,524.9181674060717,46.7598271911655,835.1965438233099
06019008403,14.187985880649496,183.7597176129899,25.411769697272476,408.23539394544946
06019004410,14.761904761904763,195.23809523809518,25.753968253968257,415.07936507936506
06025010800,37.78517527098867,655.7035054197733,57.92574797475706,1058.514959495141
06037910601,29.970795505938995,499.4159101187798,50.49175844130755,909.8351688261511
06037404302,16.75314830849858,235.06296616997167,21.387728595523065,327.75457191046127
06037901003,30.515873015873012,510.31746031746025,48.492063492063494,869.8412698412698
06037113322,16.826942640544647,236.53885281089293,21.602690536453586,332.05381072907164
06037461400,16.336207571005716,226.7241514201143,16.458486909971572,229.16973819943144
06087110506,8.096427212389871,61.92854424779744,5.808860168797934,16.177203375958698
06071009139,29.77530837291576,495.5061674583151,52.06465504270673,941.2931008541347
06071008202,22.976190476190474,359.5238095238095,34.88095238095239,597.6190476190476
06071006501,20.589311654143593,311.7862330828719,29.788872566673923,495.7774513334783
06071012201,20.728896413843966,314.57792827687933,27.525300215186263,450.50600430372526
06037503502,19.90440347801408,298.0880695602816,22.62355351313761,352.4710702627522
06073021304,26.323554739066257,426.47109478132506,38.57768272006215,671.553654401243
06073014500,23.972609842933124,379.45219685866243,32.70220248316871,554.0440496633743
06073008902,18.703290383581745,274.0658076716349,21.802636053908266,336.0527210781653
06087110601,7.940757585791964,58.815151715839264,5.547825699939071,10.956513998781407
06017031404,9.015320477045545,80.30640954091088,12.040217844730222,140.8043568946044
06015000201,7.436120717267618,48.72241434535239,4.778564019576285,-4.428719608474298
06079011202,13.436425536567555,168.72851073135104,14.223202668291936,184.46405336583874
06029006011,18.106013344747634,262.12026689495264,31.325387183480416,526.5077436696082
06029000914,18.881018148318933,277.6203629663786,34.16849631955218,583.3699263910437
06029002701,19.27266558375501,285.4533116751002,30.83323296145835,516.6646592291671
06067004701,9.801169766772754,96.02339533545505,14.129681170082899,182.59362340165794
06067008703,10.273248910755346,105.46497821510692,12.15781403117506,143.15628062350117
06067009331,10.393694291415013,107.87388582830027,15.003131105410382,200.06262210820765
06075016601,5.0,-1.4210854715202004e-14,3.9285714285714284,-21.42857142857143
06075025501,5.499105839277109,9.982116785542168,4.177062449199465,-16.458751016010716
06075061508,5.1190476190476195,2.380952380952394,3.6111111111111116,-27.777777777777786
06061021802,10.873551999924326,117.47103999848648,10.318670447997471,106.3734089599494
06061021045,9.603174603174603,92.06349206349205,11.11111111111111,122.2222222222222
06089012000,10.23461941720169,104.69238834403382,11.603525010568614,132.0705002113723
06073009801,24.17008510803824,383.4017021607648,34.10751332105231,582.150266421046
06073008352,19.72222222222222,294.4444444444444,24.325396825396826,386.50793650793645
06073008330,14.24086656172987,184.81733123459736,12.698568371466461,153.97136742932923
06079010206,20.364423480122504,307.2884696024501,30.651851227791788,513.0370245558357
06029005806,25.543853858451648,410.87707716903293,44.2036347532129,784.0726950642579
06067009410,9.738872643549577,94.77745287099151,13.564756829125788,171.29513658251568
06067007022,9.696829101517595,93.93658203035189,12.883309252834051,157.66618505668097
06067009650,10.244837553809676,104.89675107619351,14.869346167103139,197.38692334206272
06111007509,17.882782474227987,257.6556494845598,20.81522120859393,316.30442417187857
06073007800,11.535733086315442,130.71466172630883,10.521784395634587,110.43568791269172
06113010505,10.077951043755592,101.55902087511188,14.09908889623849,181.9817779247698
06071009913,32.125477255513715,542.5095451102742,55.72571573251848,1014.5143146503696
06037124203,18.708989487804992,274.1797897560998,20.998664195702958,319.97328391405915
06037101122,16.501633903740135,230.03267807480265,20.80965294568268,316.19305891365366
06017031407,9.7113170442818,94.226340885636,12.571453318839017,151.42906637678036
06061023600,9.626465131183531,92.52930262367057,12.203287628880368,144.06575257760736
06073009108,14.761904761904763,195.23809523809518,16.30952380952381,226.1904761904762
06037400605,15.00019548157848,200.00390963156954,16.573924937929046,231.4784987585809
06073022101,9.847846355883917,96.95692711767826,8.129402137708503,62.588042754170054
06001408100,7.749090249759637,54.98180499519274,8.832645644965126,76.6529128993025
06037670417,17.774142806415604,255.4828561283121,20.04723498553161,300.94469971063216
06037294421,17.025581649079417,240.51163298158838,20.676909750351296,313.53819500702593
06001450601,11.764794880643233,135.2958976128646,14.72207835302075,194.44156706041505
06001430900,8.174603174603174,63.492063492063494,9.126984126984128,82.53968253968256
06001404000,7.3879465843876515,47.758931687753,7.026092204738607,40.52184409477212
06001403000,7.420634920634921,48.412698412698404,6.42857142857143,28.571428571428584
06077005223,11.296524944297937,125.9304988859587,19.551826323663548,291.036526473271
06079010602,6.583641290991534,31.672825819830667,4.95078307634398,-0.984338473120419
06001426100,7.520606614921942,50.41213229843885,7.535700915891088,50.714018317821754
06059110401,19.336069013094065,286.7213802618813,22.83346859900617,356.6693719801234
06059099802,17.57936507936508,251.58730158730157,18.253968253968257,265.0793650793651
06059063906,12.47850448011526,149.57008960230516,11.096305747193759,121.92611494387516
06059099223,15.436507936507937,208.73015873015873,15.357142857142856,207.14285714285705
06059062647,21.828548214461872,336.5709642892374,29.09360436543168,481.8720873086335
06059062632,16.006983529420385,220.13967058840765,17.049744532759153,240.994890655183
06071007604,20.39487588173948,307.89751763478955,27.41281830215658,448.25636604313144
06071003405,19.794056479788544,295.8811295957708,25.444760696332633,408.8952139266527
06071003302,19.642857142857142,292.85714285714283,26.269841269841272,425.3968253968254
06071000205,21.83594266639343,336.7188533278685,28.92381587067875,478.476317413575
06043000301,11.491999805248563,129.83999610497128,14.059613699134514,181.1922739826903
06019006406,13.506801443580212,170.1360288716042,18.26144586238096,265.2289172476193
06001423800,7.604405113485635,52.08810226971269,8.163306645101652,63.26613290203306
06001400100,7.951987518606534,59.03975037213067,8.77853806553126,75.57076131062519
06001423901,7.182539682539684,43.650793650793645,7.222222222222223,44.44444444444443
06067009319,9.621273189631552,92.42546379263102,13.902356658762242,178.0471331752448
06059042205,14.756235622827061,195.12471245654123,17.60375490961524,252.07509819230475
06059042325,14.26869283001555,185.373856600311,14.245323657915014,184.90647315830032
06059032048,20.868026862381754,317.360537247635,27.565019624743794,451.3003924948758
06059074602,17.460317460317462,249.20634920634922,20.238095238095237,304.76190476190465
06111007100,19.712674879431663,294.2534975886332,21.86358619655907,337.2717239311813
06077004203,10.62203158502718,112.44063170054358,13.769210734849501,175.38421469699
06109005102,11.020152354083203,120.40304708166404,16.499574625908764,229.9914925181753
06067002400,9.389940941379736,87.79881882759472,13.050295293101318,161.00590586202634
06059052532,18.40685759692701,268.1371519385402,22.630426047656083,352.6085209531217
06059062653,20.941109902278747,318.8221980455749,26.407602470474615,428.1520494094923
06059099419,10.846919822426148,116.93839644852295,9.529246485252063,90.58492970504125
06059042333,21.124411096595352,322.488221931907,28.97478887412516,479.4957774825032
06077003602,11.313010915306199,126.260218306124,15.930077482457454,218.60154964914898
06077003305,10.432603910554436,108.6520782110887,12.908993554178231,158.17987108356456
06041108202,12.361746346745932,147.2349269349186,14.25713812506076,185.14276250121517
06037554900,20.793650793650794,315.8730158730159,23.055555555555554,361.1111111111111
06097153708,9.647215668341836,92.94431336683668,9.419700803991905,88.39401607983805
06097150206,9.267005355394197,85.3401071078839,10.995218117730015,119.90436235460025
06079012406,11.839727659830931,136.7945531966186,13.098881531732296,161.97763063464592
06113010401,10.51275459499328,110.25509189986559,15.879422408082746,217.58844816165495
06017990000,10.710406132320541,114.2081226464108,11.471804738949038,129.43609477898076
06065043308,26.071428571428573,421.42857142857144,41.03174603174604,720.6349206349207
06107000901,17.093953746660272,241.87907493320546,33.05803835132294,561.1607670264586
06037980011,16.048461438324757,220.96922876649512,15.399885056320247,207.9977011264049
06037536202,18.84920572997618,276.98411459952365,20.79365051843739,315.87301036874777
06037408503,18.07231849028763,261.4463698057525,19.86085750435311,297.2171500870621
06037234302,14.484126984126986,189.6825396825397,14.246031746031745,184.92063492063488
06037910505,28.515914570191747,470.3182914038349,49.54117822297298,890.8235644594597
06063000501,11.631168628884389,132.6233725776878,10.236814785763343,104.73629571526682
06103000400,10.304293498676346,106.08586997352693,12.185959667555078,143.71919335110155
06037980018,16.920843048863354,238.41686097726713,18.251406768841786,265.0281353768357
06065044103,20.127536149319916,302.5507229863983,28.399317078943493,467.9863415788699
06065031200,23.43650491790616,368.7300983581232,36.82254963258926,636.4509926517851
06065042410,23.795214955364642,375.9042991072929,35.95143747895832,619.0287495791663
06065031702,24.91029630493291,398.2059260986582,37.91201362462272,658.2402724924544
06065042714,24.900893942175834,398.0178788435167,41.130852089570205,722.6170417914041
06075015201,5.158730158730159,3.1746031746031917,4.682539682539683,-6.349206349206355
06013308002,8.46557961374138,69.3115922748276,13.203194414305008,164.06388828610017
06001438100,9.017631870642651,80.352637412853,9.06889075679672,81.37781513593438
06075012203,5.158730158730159,3.1746031746031917,4.682539682539683,-6.349206349206355
06037270102,11.34920634920635,126.98412698412699,9.722222222222223,94.44444444444443
06037267202,10.950905026699232,119.01810053398464,8.454546074072232,69.09092148144461
06037214505,12.420634920634921,148.41269841269843,11.468253968253968,129.36507936507934
06037432002,17.062698928491407,241.25397856982812,19.138969062043945,282.7793812408788
06037920047,22.023809523809522,340.4761904761904,30.753968253968257,515.0793650793651
06037900611,26.92623939670844,438.5247879341687,47.29156573788043,845.8313147576084
06037408628,18.99078206332445,279.81564126648897,22.81618455882633,356.3236911765266
06037480012,16.26984126984127,225.39682539682542,17.896825396825395,257.9365079365079
06013372000,4.249415688346254,-15.011686233074952,3.3933195269029124,-32.13360946194176
06013345114,9.850695331703339,97.01390663406674,13.405912663762274,168.1182532752455
06013351200,10.202698384585817,104.05396769171634,12.002779367848103,140.05558735696206
06107003801,15.816904323144275,216.33808646288554,27.44145028810423,448.8290057620846
06065044804,23.580274424532742,371.60548849065475,38.71824245043093,674.3648490086185
06073019502,19.603174603174605,292.06349206349205,25.396825396825395,407.9365079365079
06041113000,12.786665026882506,155.73330053765017,13.820232953564506,176.4046590712901
06101050601,8.958262304253356,79.16524608506711,11.113375638103015,122.26751276206028
06041103100,13.559226518909908,171.1845303781981,14.460827037640485,189.21654075280964
06039000602,13.139832411699814,162.79664823399625,22.00071117939069,340.0142235878138
06081613501,9.182121256274181,83.64242512548358,10.234747908778212,104.69495817556422
06081607701,8.516131384602687,70.32262769205374,8.739414238639222,74.78828477278446
06081600200,5.477563170986929,9.551263419738554,3.5300301632504674,-29.39939673499066
06039000506,12.266161391962537,145.32322783925073,20.83541072876172,316.7082145752343
06077005109,11.981031136281608,139.62062272563213,19.48326702639216,289.66534052784317
06077003205,10.338983300835137,106.77966601670272,12.035915894681338,140.71831789362676
06077003111,10.470574314869996,109.41148629739993,13.120313615171868,162.40627230343733
06013345203,10.857599688635327,117.1519937727065,13.916645140007352,178.33290280014702
06013385200,5.23497826251738,4.699565250347606,5.185305242678405,3.706104853568081
06019004100,14.704914569081199,194.09829138162397,26.470391623527167,429.4078324705433
06019006202,13.635569962917016,172.7113992583403,24.765071087022864,395.3014217404573
06019008000,18.257792746422304,265.155854928446,32.554821230231404,551.096424604628
06019005805,14.11104036124687,182.22080722493737,22.774047774409837,355.48095548819674
06019001100,14.559670055112807,191.19340110225608,25.403692163431558,408.07384326863104
06059032064,20.75833342938061,315.16666858761215,30.730318098894106,514.6063619778821
06059001604,18.928571428571427,278.57142857142856,22.055087604538215,341.10175209076425
06099000513,11.09387114202444,121.87742284048882,17.514469767611484,250.28939535222966
06079011704,9.640403255721015,92.80806511442029,10.067242809704485,101.34485619408969
06081609800,13.543578462218349,170.87156924436695,14.306245215009948,186.12490430019895
06081612600,11.542288081575169,130.84576163150336,12.517767231163178,150.35534462326353
06081606300,9.705983839223807,94.11967678447611,11.0343272937683,120.686545875366
06115040902,10.004278389072516,100.08556778145031,12.87662380443112,157.53247608862233
06019003500,14.880952380952381,197.6190476190476,24.285714285714285,385.71428571428567
06019004504,14.643009062246028,192.8601812449205,26.42831822958996,428.5663645917991
06013345205,9.608109962485639,92.16219924971274,12.900369250026834,158.0073850005367
06013339004,11.203299425496741,124.06598850993484,18.2611476711902,265.22295342380403
06067009649,10.593291211239688,111.86582422479376,15.768455592813904,215.36911185627807
06067008802,10.661769435144295,113.23538870288593,13.484137213617151,169.68274427234303
06065043201,28.974141027846834,479.48282055693653,45.016677175894166,800.3335435178833
06065050701,26.60614715126474,432.1229430252948,40.87755947801843,717.5511895603686
06065040618,19.303772421845572,286.0754484369115,27.237037545046853,444.74075090093686
06025011302,30.476080681569098,509.5216136313819,44.24637654595852,784.9275309191704
06071007906,16.88982329110945,237.79646582218896,20.637151061690616,312.7430212338122
06103001101,9.67528852471452,93.50577049429042,11.969393145512731,139.38786291025463
06019006001,14.114438831791169,182.28877663582335,25.444248170409022,408.88496340818045
06029002501,19.530667014823997,290.61334029648,33.22285234359414,564.4570468718828
06029004001,20.425962691801573,308.5192538360314,36.999331651453375,639.9866330290674
06029002824,19.325396825396826,286.5079365079365,30.793650793650794,515.8730158730159
06029003827,19.20762571867955,284.152514373591,36.960594342200324,639.2118868440066
06111001304,12.803577075760233,156.07154151520464,11.41945460938429,128.38909218768583
06111008602,9.462297402708318,89.2459480541663,5.626942102854185,12.538842057083698
06085504902,9.206349206349207,84.12698412698413,10.0,99.99999999999997
06085505012,9.00901873739971,80.18037474799416,9.653625434825951,93.07250869651902
06085504509,9.682539682539684,93.65079365079364,9.841269841269842,96.82539682539681
06079010707,7.472784738223526,49.45569476447051,6.7265704937946404,34.53140987589279
06023010800,7.558880889902776,51.17761779805552,7.677870874415038,53.557417488300736
06081604600,7.479071042425776,49.58142084851548,7.585723462161585,51.71446924323168
06081603900,7.382388583952516,47.64777167905028,7.424943529635325,48.49887059270648
06071010035,34.62623462845628,592.5246925691255,56.34920634920634,1026.984126984127
06071006101,17.693319788204878,253.86639576409755,21.953439498484173,339.06878996968345
06071003202,19.642857142857142,292.85714285714283,26.269841269841272,425.3968253968254
06071009724,32.16974484310271,543.3948968620542,55.43392037002659,1008.6784074005318
06047000201,11.305775080023192,126.11550160046383,17.500386587665936,250.0077317533187
06037134720,21.82394247343445,336.4788494686889,29.204167678405643,484.0833535681128
06037133000,21.746031746031747,334.9206349206349,29.08730158730159,481.7460317460317
06037269800,11.998100044051801,139.962000881036,9.93852012050404,98.77040241008075
06037212900,14.126984126984127,182.53968253968253,15.03968253968254,200.79365079365073
06037405400,16.920952181251415,238.41904362502828,20.558767841641973,311.17535683283944
06037265301,12.262295616044554,145.24591232089102,9.326634530172829,86.53269060345654
06019004704,14.909433057497626,198.18866114995245,26.150279867132113,423.00559734264215
06019006603,14.642857142857144,192.85714285714283,27.6984126984127,453.968253968254
06019007600,14.805741221556863,196.11482443113718,29.984307534592105,499.6861506918421
06019004216,14.139186336071075,182.78372672142146,23.811267668989675,376.22535337979343
06073000301,15.436507936507937,208.73015873015873,16.19047619047619,223.8095238095238
06073000902,22.920965481873296,358.41930963746586,28.439091205736617,468.7818241147323
06073013423,23.05037267944539,361.00745358890777,29.462704348728334,489.2540869745666
06073008381,21.303905433558043,326.07810867116086,29.29114644238138,485.8229288476275
06073013318,19.595794629340993,291.9158925868199,23.17794912278739,363.55898245574775
06009000505,9.38051741781017,87.61034835620336,13.286868640953518,165.73737281907032
06085508301,12.018995796918716,140.3799159383743,14.256175998156543,185.12351996313083
06037265303,12.261904761904763,145.23809523809524,9.325396825396826,86.5079365079365
06037211420,14.246031746031745,184.92063492063488,15.158730158730158,203.17460317460313
06085508509,9.935919276843897,98.71838553687793,12.388288871932689,147.7657774386538
06085501902,10.417120973203438,108.34241946406873,11.54126304982343,130.82526099646856
06085509111,9.998071998833968,99.96143997667933,10.416019210854003,108.32038421708003
06085503327,11.396878184380935,127.93756368761868,11.855192866628585,137.1038573325717
06081613900,10.905560357664713,118.11120715329429,11.511632798414137,130.2326559682827
06077002202,10.523578393280264,110.4715678656053,14.750248710544284,195.00497421088565
06077005208,10.283638509808917,105.67277019617833,17.808262860907725,256.1652572181545
06007003100,9.151987563069529,83.0397512613906,12.540563618138956,150.81127236277908
06087120200,11.89521712105077,137.90434242101534,12.350524276784734,147.01048553569473
06089011701,10.099754125434698,101.99508250869398,8.401883296508233,68.03766593016465
06085503713,10.919804751854093,118.3960950370818,12.133528702866148,142.67057405732294
06053014302,3.9017023213224737,-21.96595357355055,3.3428673979934826,-33.14265204013037
06075015801,4.9578022127379455,-0.8439557452410992,4.13988320995181,-17.202335800963805
06097150305,10.576638125929287,111.53276251858576,12.24406479083421,144.8812958166842
06013360101,6.965861398418781,39.317227968375626,7.637926998954333,52.75853997908665
06013359202,8.5983213545089,71.96642709017803,11.047267109177088,120.9453421835418
06013310000,10.558215131930975,111.16430263861952,17.60524415643172,252.10488312863436
06013334200,10.405929437731345,108.11858875462688,15.015109100055923,200.3021820011184
06073001801,25.5952380952381,411.9047619047619,35.27777777777778,605.5555555555555
06073005302,15.642480927398076,212.8496185479615,16.29346268592126,225.8692537184252
06085512053,13.203155670604206,164.06311341208408,15.09071322512093,201.81426450241858
06085511915,13.049393160871267,160.98786321742537,16.590780811093566,231.81561622187127
06085507301,13.442907521447813,168.85815042895626,16.916495200871815,238.32990401743626
06013304001,12.522886483114913,150.45772966229825,19.61098015220992,292.2196030441984
06013351101,10.322866224575787,106.45732449151575,13.379459715155878,167.58919430311755
06073017053,21.174834916734923,323.49669833469846,26.608099810751014,432.1619962150203
06073020026,18.543643328678172,270.8728665735634,21.329658491015405,326.59316982030805
06037124903,19.007936507936506,280.1587301587301,21.746031746031747,334.9206349206349
06037185204,15.095287329447904,201.90574658895807,15.988266700567559,219.7653340113512
06037194102,13.62856742748628,172.57134854972557,13.475622918126184,169.51245836252366
06037127711,20.357068947579382,307.1413789515876,25.92669056504877,418.5338113009753
06037214503,12.420634920634921,148.41269841269843,11.468253968253968,129.36507936507934
06013346102,11.831040622030365,136.62081244060724,17.79880123933237,255.97602478664743
06073019110,22.39237416350725,347.847483270145,31.792636836232685,535.8527367246536
06073020313,22.424578920330944,348.4915784066188,29.069445448102307,481.3889089620462
06073019209,21.054567535349364,321.0913507069873,29.179123535212668,483.5824707042533
06073017058,21.31618661784578,326.32373235691557,24.996472762824123,399.92945525648247
06085504202,11.826212416121464,136.5242483224293,14.730256421043444,194.60512842086885
06085503325,11.022852747271141,120.45705494542281,12.377617399274298,147.55234798548597
06085508203,11.02195179132855,120.43903582657103,13.463077917906777,169.26155835813552
06001443105,10.478258197478933,109.56516394957869,11.961581795321367,139.23163590642733
06037186202,14.927158343509937,198.54316687019872,15.991921678522733,219.83843357045467
06037275500,8.174603174603174,63.492063492063494,6.904761904761905,38.0952380952381
06037211921,14.246031746031745,184.92063492063488,15.158730158730158,203.17460317460313
06037226001,17.503212660849243,250.0642532169848,19.369095191140914,287.38190382281834
06037134905,22.319957758301598,346.39915516603196,30.466433540625133,509.32867081250265
06037920044,20.833333333333336,316.6666666666667,30.07936507936508,501.58730158730145
06037920114,21.927249091275062,338.54498182550117,30.392096318632607,507.8419263726521
06037651401,15.178472264174694,203.56944528349385,17.41161246895337,248.23224937906733
06059052438,18.820955283584084,276.4191056716817,23.503324302016686,370.06648604033364
06085512027,12.807250929879016,156.1450185975803,13.024584956632948,160.4916991326589
06085504001,11.031746031746032,120.6349206349206,12.142857142857142,142.85714285714283
06085503211,10.832611768780419,116.65223537560836,11.213888853781611,124.27777707563222
06037920326,17.461283992651573,249.22567985303144,22.763627942503717,355.27255885007435
06099002302,10.573743230667336,111.47486461334672,19.025572362500924,280.5114472500185
06041119202,10.823468254809743,116.46936509619482,13.055555555555557,161.11111111111114
06111000701,15.389587383128758,207.79174766257515,17.81346663312575,256.269332662515
06065040616,19.443016289168582,288.8603257833716,26.025788883740713,420.51577767481433
06065045119,30.614008033798044,512.2801606759609,49.60902946282386,892.1805892564772
06013338301,13.38210168422006,167.6420336844012,20.655132529207865,313.1026505841573
06013362000,4.583984941554627,-8.320301168907465,4.418100204753512,-11.637995904929756
06083002405,12.621027101027547,152.42054202055095,12.16428454602462,143.28569092049239
06083980300,7.354639939900566,47.09279879801129,5.977846566177895,19.556931323557894
06099002200,10.832429112760892,116.64858225521785,18.543359411692855,270.86718823385706
06099000501,11.163997263375784,123.27994526751564,17.894414634220155,257.8882926844031
06065048100,19.307876870301204,286.15753740602406,27.676464006514607,453.5292801302921
06085503111,10.437248473222054,108.74496946444108,10.979082824407351,119.581656488147
06085504319,9.997841007055632,99.95682014111262,11.276817681579143,125.53635363158284
06085509404,11.356351438621944,127.12702877243883,11.904646540392871,138.09293080785744
06085509108,9.775881597448178,95.51763194896355,10.107870083284405,102.15740166568808
06085512510,12.42441241945477,148.48824838909536,16.416814103769187,228.33628207538374
06085504314,10.055995183882859,101.11990367765713,11.003517026618422,120.07034053236839
06085510700,10.972178980688833,119.44357961377665,11.784383218956032,135.68766437912063
06085509201,9.917616020965271,98.35232041930544,9.906309355625767,98.12618711251532
06085504421,10.167173150177318,103.34346300354638,10.469928510887017,109.39857021774037
06059052437,16.762786962419373,235.25573924838739,21.168720888912475,323.3744177782494
06039000510,13.35927652705288,167.18553054105763,22.740515917890118,354.8103183578023
06001436403,8.32269899917531,66.45397998350622,9.006484097660282,80.12968195320563
06037400207,17.60740385090169,252.14807701803375,21.410696944458657,328.21393888917305
06037701201,8.214285714285714,64.28571428571428,6.628027033896551,32.560540677931
06067009647,10.594466686739578,111.88933373479155,15.895899706627176,217.91799413254353
06111980000,24.30533820268597,386.1067640537193,38.90222259140004,678.0444518280008
06001405401,7.540238353567787,50.804767071355705,6.883064473716319,37.66128947432637
06037211202,14.246031746031745,184.92063492063488,15.158730158730158,203.17460317460313
06037570404,18.43561214611808,268.71224292236155,19.18511053598603,283.7022107197206
06037201602,17.301587301587304,246.03174603174602,16.666666666666664,233.33333333333331
06037543306,16.597334241015744,231.94668482031494,18.361103418663333,267.22206837326667
06037540700,17.309739486605856,246.1947897321171,18.716347505453516,274.32695010907025
06037430400,15.4240609757111,208.48121951422195,15.611928635173236,212.23857270346463
06037480703,16.547619047619047,230.9523809523809,17.222222222222225,244.44444444444446
06037920013,22.04449550630042,340.88991012600854,31.132467802543655,522.6493560508732
06037301300,15.992063492063494,219.84126984126988,19.325396825396826,286.5079365079365
06037123800,19.06232571618771,281.2465143237541,21.784424128326716,335.6884825665342
06037401311,17.93486613949305,258.697322789861,23.913186303659185,378.2637260731837
06037543000,16.03174603174603,220.63492063492066,15.277777777777777,205.5555555555555
06037530302,17.41452884696678,248.29057693933555,19.035406900282762,280.70813800565526
06037431200,16.666112442798937,233.3222488559787,18.99043927150304,279.80878543006077
06037431400,17.57936507936508,251.58730158730157,19.682539682539684,293.6507936507936
06065042752,25.972206760997185,419.4441352199437,41.22813584176155,724.5627168352311
06065043519,25.00227023418708,400.04540468374165,39.76033636759228,695.2067273518455
06051000201,12.68045975080851,153.60919501617016,19.08380022750999,281.67600455019976
06111008401,16.19047619047619,223.8095238095238,20.793650793650794,315.8730158730159
06037543201,17.976190476190474,259.5238095238095,20.31746031746032,306.34920634920644
06097151205,10.018802091617127,100.37604183234258,9.830143381404257,96.6028676280852
06037141201,17.73775064233881,254.75501284677622,19.036493613671137,280.72987227342276
06037480303,16.518789882380695,230.37579764761392,16.601358202327816,232.02716404655627
06037189904,13.214285714285715,164.28571428571428,13.015873015873018,160.3174603174603
06037702502,11.44488906305698,128.89778126113958,9.813555721806916,96.27111443613828
06037541500,17.460317460317462,249.20634920634922,19.047619047619047,280.9523809523809
06037609900,13.174603174603176,163.4920634920635,13.373015873015873,167.46031746031747
06037301601,16.327383909758076,226.5476781951615,19.512347323591882,290.2469464718377
06067001800,9.470793167494913,89.41586334989829,13.042344882770406,160.84689765540816
06067003102,9.665652296784462,93.31304593568919,13.9861724103888,179.723448207776
06067007208,10.11003579104886,102.20071582097718,12.43876688297415,148.775337659483
06067008209,10.662917455416293,113.25834910832589,11.702312470563463,134.04624941126926
06037463500,16.47081814006731,229.41636280134617,17.165486619400244,243.30973238800482
06037201503,17.301587301587304,246.03174603174602,16.666666666666664,233.33333333333331
06053014110,13.332335352970455,166.6467070594091,21.462713001530325,329.2542600306065
06107001012,14.803764018821825,196.07528037643647,30.675473861496982,513.5094772299396
06037402405,19.29012544331681,285.80250886633615,22.95415256691802,359.0830513383603
06029003304,18.35728948899233,267.1457897798466,33.24827345912084,564.9654691824168
06099000101,11.462374227271185,129.2474845454237,17.299142546300406,245.98285092600813
06067009106,9.202422759614258,84.04845519228516,13.220079359606391,164.40158719212778
06067008143,10.141971507583245,102.83943015166491,11.487757251362146,129.75514502724292
06067008127,9.823188707480801,96.46377414961601,11.390553799039228,127.81107598078455
06067005601,9.007936507936508,80.15873015873015,11.19047619047619,123.80952380952377
06037186100,15.98704306300521,219.74086126010417,16.680068745205613,233.60137490411225
06037143902,17.61904761904762,252.38095238095235,17.57936507936508,251.58730158730157
06037670416,13.968253968253972,179.36507936507937,12.182539682539684,143.65079365079362
06075017801,5.1190476190476195,2.380952380952394,3.611111111111112,-27.77777777777779
06107003402,16.148132433805245,222.96264867610483,24.13116578844438,382.6233157688875
06037800506,14.833816165925757,196.6763233185151,14.574738009862928,191.4947601972585
06077005403,9.700264826858572,94.00529653717143,17.261650235171064,245.23300470342122
06077000900,9.555916045858623,91.11832091717247,13.687526925002436,173.7505385000487
06037901007,30.00259381724598,500.05187634491955,46.993849357768504,839.8769871553702
06077004107,11.11067459458668,122.21349189173358,15.208550209113591,204.17100418227182
06077003807,10.368878749634295,107.37757499268591,15.172922977114059,203.45845954228113
06037104321,19.365079365079367,287.3015873015873,23.41269841269841,368.2539682539682
06037530007,18.13813934462826,262.76278689256526,22.18943819667725,343.788763933545
06097153710,9.166644362831187,83.33288725662378,8.557673164352867,71.15346328705733
06065043823,21.72998698784782,334.59973975695635,31.085907138814417,521.7181427762882
06065049600,25.83616981349715,416.723396269943,39.67100568983762,693.4201137967525
06097152906,9.298478564843496,85.96957129686987,10.034549528722604,100.69099057445203
06089010703,9.544284856880038,90.88569713760074,8.522579580811179,70.45159161622354
06089011703,9.745217909489268,94.9043581897853,8.011739300560787,60.234786011215746
06037500402,18.543503807964854,270.87007615929707,22.34665883701814,346.9331767403628
06037239320,16.825396825396822,236.50793650793645,16.626984126984127,232.53968253968253
06037576700,12.432562964575398,148.6512592915079,11.606958538209982,132.13917076419966
06097153905,9.47789643481236,89.55792869624719,10.146265376862257,102.9253075372451
06085503326,10.749146180274563,114.98292360549124,12.292299382159452,145.84598764318906
06053010604,7.301587301587302,46.031746031746025,8.968253968253968,79.36507936507934
06013324002,12.778625435190456,155.5725087038091,19.704561851697264,294.09123703394533
06037533901,18.380246219611315,267.6049243922263,22.171989760291847,343.43979520583696
06037181000,16.116859277124874,222.33718554249748,15.675547450676955,213.5109490135391
06071004004,20.53492452939398,310.6984905878795,29.162735513706256,483.2547102741252
06037406413,17.860931477793365,257.2186295558673,22.783124093034807,355.66248186069606
06037217101,13.373015873015873,167.46031746031747,12.222222222222221,144.44444444444443
06037481203,16.290474617589897,225.80949235179799,18.041258831065793,260.8251766213158
06077003310,10.370998979574555,107.41997959149111,12.287075850011785,145.7415170002357
06001433102,7.327444010307301,46.548880206145995,9.055784324056942,81.11568648113881
06001401300,7.382213974919252,47.644279498385,6.966464668590791,39.329293371815815
06001440100,10.342157703404293,106.84315406808582,12.023867796306591,140.47735592613185
06013307205,11.07136140619649,121.4272281239298,19.490250785393734,289.80501570787465
06013343002,11.320238950789264,126.40477901578527,17.64146200098996,252.8292400197993
06013392300,8.551149357579721,71.02298715159444,10.169883336967295,103.39766673934591
06037239502,16.72859749678183,234.57194993563658,16.156815959425586,223.1363191885117
06081607400,11.187072219203335,123.74144438406668,13.779784310830976,175.59568621661953
06081601100,4.065526550316069,-18.689468993678613,2.7022802327011943,-45.95439534597612
06037240902,16.654478703751167,233.0895740750234,17.094391932023857,241.88783864047707
06037103202,17.00378288438552,240.07565768771036,21.293850610772903,325.877012215458
06037901217,22.683074496046636,353.6614899209327,34.98955472767375,599.791094553475
06037670418,13.228643416091883,164.57286832183763,12.51655055371031,150.33101107420617
06037191302,14.283500551501028,185.67001103002053,15.570887018892275,211.41774037784552
06099000914,10.76230816875051,115.24616337501017,18.20594579950346,264.11891599006924
06097150100,9.917665204553456,98.35330409106918,10.904679654893975,118.09359309787952
06037265410,11.493079627682913,129.86159255365826,8.72192115645941,74.43842312918821
06095252702,8.574115934819694,71.48231869639386,12.054825701303793,141.09651402607582
06019008402,12.119056200796653,142.381124015933,21.4265730029732,328.5314600594641
06053011101,16.061760755628175,221.23521511256348,21.92899030908216,338.57980618164316
06047002403,13.479602681788096,169.59205363576189,22.89582220553542,357.91644411070837
06113010103,9.784980215277734,95.69960430555469,13.159042786437988,163.18085572875975
06037296902,13.174603174603176,163.4920634920635,13.373015873015873,167.46031746031747
06037237201,15.873015873015872,217.46031746031747,16.428571428571427,228.57142857142856
06037297602,13.174603174603178,163.4920634920635,13.373015873015873,167.46031746031747
06101050401,9.1736979539984,83.47395907996798,12.329114560934293,146.58229121868587
06037531702,17.571247268264074,251.42494536528145,19.883198254857895,297.66396509715787
06037192620,14.246031746031745,184.92063492063488,15.158730158730158,203.17460317460313
06059001902,19.603174603174605,292.06349206349205,22.738095238095237,354.76190476190476
06075017700,5.337707848277488,6.754156965549747,4.667968885722142,-6.640622285557175
06041104300,10.291583568632106,105.83167137264209,10.995678170147219,119.91356340294433
06101050503,9.443665434841318,88.87330869682634,12.462831982311206,149.25663964622413
06059042116,10.396825396825399,107.93650793650795,9.00793650793651,80.15873015873015
06019008200,12.82738131489429,156.54762629788573,26.87085221258799,437.4170442517598
06019007102,15.957933473330852,219.15866946661703,32.32989163110944,546.5978326221887
06115040600,9.039475020376209,80.78950040752416,11.270530160424144,125.41060320848284
06085505006,9.12471795762822,82.49435915256441,9.442413848432995,88.84827696865989
06075017101,5.0,-1.4210854715202004e-14,3.9285714285714284,-21.42857142857143
06055201900,10.100905790344012,102.01811580688022,12.32072394669583,146.41447893391657
06079012706,18.082661246593435,261.65322493186875,23.99281653180134,379.8563306360267
06013340004,10.225399787080171,104.5079957416034,15.54167014470519,210.83340289410378
06013355118,11.05821541008236,121.16430820164716,18.16484230174654,263.2968460349307
06013327001,13.889735562637968,177.79471125275927,20.674275297918694,313.4855059583738
06037124700,19.440579588736767,288.8115917747353,21.864025313522728,337.2805062704544
06037407002,17.771463000855018,255.42926001710035,19.736044664472097,294.7208932894419
06059099903,16.349206349206348,226.984126984127,16.746031746031743,234.92063492063488
06059021922,17.380952380952383,247.61904761904768,20.806319800321603,316.12639600643206
06059063103,11.578866901438726,131.5773380287745,10.144524372013763,102.89048744027528
06059042307,22.03807918488838,340.7615836977675,29.315590353471304,486.311807069426
06095253502,10.105776582892663,102.11553165785321,15.266105478437808,205.3221095687562
06085507600,13.910438865078671,178.2087773015734,17.215243650693495,244.3048730138699
06085504318,9.469915600503475,89.3983120100695,9.579917865404758,91.59835730809513
06037123304,19.89487608773315,297.897521754663,23.361117486441735,367.22234972883473
06077005309,10.732650147611938,114.65300295223875,17.916242820334524,258.32485640669046
06037128303,19.087301587301585,281.74603174603175,24.00793650793651,380.1587301587301
06037501400,19.166666666666664,283.3333333333333,19.047619047619047,280.9523809523809
06037408303,17.97062138348318,259.41242766966366,19.986248399916832,299.72496799833664
06037122000,20.162520976474703,303.250419529494,24.491036467780255,389.8207293556051
06059032031,20.893854733694837,317.87709467389675,27.77573502823812,455.5147005647623
06111005503,13.348739464827801,166.974789296556,11.257329400294743,125.14658800589487
06111008303,17.63077508176522,252.61550163530438,22.244075025881727,344.88150051763455
06037404402,15.722092113369388,214.44184226738776,18.7635302191544,275.27060438308797
06057000107,11.188854578323806,123.77709156647607,11.918870383678156,138.3774076735631
06037920342,19.67774746427391,293.55494928547813,26.274970780686996,425.49941561373987
06037910213,26.142453996354917,422.8490799270983,44.90839855300131,798.1679710600263
06037408725,19.621541966152652,292.430839323053,25.089536810622953,401.790736212459
06037408722,19.170377620786446,283.40755241572884,24.175063801388625,383.50127602777246
06073018523,16.79150931180965,235.83018623619301,19.113508597552773,282.2701719510555
06073008369,13.065937934336242,161.3187586867248,10.33680117755987,106.73602355119738
06061021328,10.783621249951842,115.67242499903682,13.209686000149903,164.19372000299808
06001436100,7.067100817324534,41.34201634649066,7.211643878966781,44.23287757933561
06001435102,9.040801289387579,80.81602578775156,8.991995401191389,79.83990802382775
06001408600,6.966145071685686,39.322901433713724,7.5028869175722495,50.05773835144497
06037143101,15.992063492063494,219.84126984126988,16.150793650793652,223.015873015873
06037670604,12.501205427414462,150.02410854828923,11.50394805429831,130.07896108596617
06019005100,14.666269592708248,193.3253918541649,24.852497756586303,397.04995513172605
06019005503,14.27204744310944,185.44094886218878,24.99816629015232,399.96332580304636
06073008368,18.716026918943633,274.3205383788726,21.093096662061,321.86193324122
06029003112,19.420468862383476,288.4093772476695,31.43874286527587,528.7748573055175
06059074003,16.86629282289029,237.3258564578058,18.606828985797524,272.13657971595046
06001451300,12.83299099344015,156.65981986880297,18.54878378805762,270.9756757611524
06001451503,12.664502487578114,153.29004975156232,18.2865405786629,265.73081157325805
06001409500,6.7769377322518665,35.538754645037315,7.708658988216758,54.17317976433514
06047001604,12.829552988460858,156.59105976921714,18.674711885540084,273.4942377108016
06073020038,20.362211488361453,307.24422976722906,25.936980529232294,418.73961058464596
06073020711,21.880093550016955,337.60187100033903,27.514539272574723,450.2907854514944
06071010413,28.86985723814546,477.39714476290914,44.818025596698305,796.3605119339661
06013360200,6.001077679939589,20.021553598791787,6.559289046632935,31.18578093265873
06013358000,8.450678099938818,69.01356199877635,10.165016050639423,103.30032101278847
06085512602,12.030445466357826,140.60890932715648,17.133022052119813,242.6604410423963
06085508004,11.93430292829086,138.68605856581718,14.700402778771135,194.00805557542265
06085503322,11.186045834852207,123.72091669704409,12.638118719462671,152.7623743892534
06085502601,11.621538714319835,132.43077428639668,13.792029516231286,175.8405903246257
06085500400,10.102407000645771,102.04814001291544,11.034880749267721,120.69761498535438
06085502101,11.31252416681953,126.25048333639056,13.385544147777093,167.71088295554188
06037543704,17.26140307897766,245.22806157955324,19.923918969653776,298.47837939307544
06037293203,15.515873015873016,210.3174603174603,17.023809523809522,240.47619047619042
06037570504,18.253968253968257,265.0793650793651,20.753968253968257,315.0793650793651
06037602602,12.974056300944977,159.4811260188995,9.924932944850482,98.49865889700965
06013308001,8.497088177387852,69.94176354775703,14.288878162786304,185.77756325572605
06013321102,11.945229640238981,138.9045928047796,15.9832583770642,219.66516754128395
06013301000,6.902579853372445,38.05159706744886,8.758435007382149,75.16870014764297
06099000403,11.021827923236412,120.43655846472822,18.310164131760054,266.2032826352011
06099002006,11.230158730158731,124.60317460317461,19.682539682539684,293.6507936507936
06099003603,10.755626080706193,115.11252161412389,17.535251881432103,250.705037628642
06067009404,9.690633681997127,93.8126736399425,12.722228366678184,154.4445673335637
06013380001,4.188679844008146,-16.22640311983712,3.0565460790669947,-38.869078418660116
06061021038,9.710623985395854,94.21247970791705,11.326009875553611,126.52019751107224
06055200703,9.85416599681513,97.08331993630254,11.195659787597545,123.91319575195088
06073017403,11.69582320704616,133.9164641409232,9.741416083472423,94.82832166944844
06013304004,10.443609718840055,108.87219437680109,16.70927736065937,234.18554721318742
06065043802,19.926446511994843,298.5289302398969,28.50823240927547,470.16464818550935
06065046402,23.300675698041907,366.01351396083817,36.047600712069645,620.952014241393
06073017010,22.501901526181424,350.03803052362844,30.78935029106317,515.7870058212634
06073009602,24.14553883802506,382.9107767605011,34.173370904586456,583.4674180917291
06067008910,9.698877536151286,93.97755072302573,12.558214001763657,151.16428003527312
06067002900,9.21407489727573,84.28149794551459,13.348111982977748,166.96223965955494
06073010110,11.826193631243317,136.5238726248663,9.379530241175654,87.59060482351308
06073006500,14.570458217197526,191.40916434395047,15.376219853940354,207.52439707880708
06073010001,14.277456447872094,185.54912895744187,14.436128497233431,188.7225699446686
06037216800,13.28961203367748,165.7922406735496,12.011726818177706,140.23453636355413
06037480802,17.27235958153115,245.4471916306229,17.105082467509014,242.10164935018025
06037224200,16.104628642262632,222.0925728452527,17.727204690429797,254.544093808596
06037123010,20.145095713988333,302.90191427976663,23.499757928128012,369.9951585625603
06111000302,16.219181686472083,224.3836337294417,17.05956202557053,241.19124051141057
06073000100,17.355211583711082,247.10423167422158,19.64771170136882,292.9542340273764
06073015200,25.343430615059948,406.8686123011989,36.318268407357344,626.3653681471469
06073012700,11.944444444444445,138.88888888888889,9.96031746031746,99.20634920634919
06017031301,9.006556756276954,80.13113512553902,12.242470494214396,144.8494098842879
06053014500,6.805345899357922,36.10691798715846,7.727222264457052,54.54444528914104
06037109500,18.588893792351804,271.77787584703606,20.627873207474305,312.55746414948607
06037482001,16.971967425373208,239.4393485074642,17.462209533876454,249.2441906775291
06111004000,8.53174603174603,70.6349206349206,5.595238095238095,11.904761904761884
06073008510,22.479728583700346,349.59457167400694,27.659400937710657,453.1880187542131
06073002100,25.5952380952381,411.9047619047619,35.27777777777778,605.5555555555555
06073004700,17.658730158730158,253.17460317460313,19.642857142857142,292.85714285714283
06073020106,21.945116582400026,338.9023316480004,26.86116634421932,437.22332688438644
06037195300,14.438898645036282,188.77797290072562,15.682772014850666,213.6554402970133
06037221220,15.119047619047619,202.38095238095235,16.071428571428573,221.42857142857144
06037400602,14.772989832250559,195.4597966450111,16.47525368583737,229.50507371674738
06037481902,17.237843797040977,244.75687594081955,17.25659342304723,245.13186846094464
06037191201,14.285714285714285,185.71428571428567,15.595238095238095,211.90476190476193
06037143901,16.566538038590238,231.33076077180476,15.573229037757482,211.46458075514965
06037224020,17.039018641563572,240.78037283127145,18.832550274013528,276.65100548027056
06031001601,16.12675274945939,222.53505498918776,28.84787654554647,476.95753091092934
06097152701,8.798068252255732,75.9613650451146,9.972941187994877,99.45882375989754
06097151503,10.458334028714265,109.16668057428527,11.240187798343019,124.80375596686032
06037530203,17.581448467050993,251.6289693410199,19.828376579864358,296.56753159728714
06073018517,15.216098949402369,204.32197898804736,15.019833891438484,200.3966778287696
06037920312,17.686917528542814,253.73835057085626,22.27380069731386,345.4760139462772
06037920038,22.023809523809522,340.4761904761904,30.753968253968257,515.0793650793651
06037910401,28.035818718078932,460.71637436157863,47.806123765705536,856.1224753141107
06037920015,19.923691963230233,298.4738392646045,28.11481126123802,462.2962252247603
06037460200,16.30952380952381,226.1904761904762,16.19047619047619,223.8095238095238
06037432602,17.559694228179865,251.1938845635973,20.831215314247295,316.6243062849459
06037482701,16.944444444444443,238.88888888888886,18.095238095238095,261.90476190476187
06037211701,13.098118523921588,161.96237047843172,13.088385706288069,161.76771412576136
06037531701,17.514314283554413,250.28628567108825,19.34233490011612,286.8466980023224
06037408401,18.373015873015873,267.46031746031747,21.666666666666668,333.3333333333333
06037224600,17.658730158730158,253.17460317460313,19.563492063492063,291.26984126984127
06083000102,13.889938355791728,177.7987671158345,13.514925944346082,170.2985188869216
06061020601,10.870932069837304,117.41864139674607,11.305133308413328,126.10266616826657
06089010300,9.447571374571977,88.95142749143953,9.102613720614123,82.05227441228243
06095252106,8.711915068167082,74.23830136334162,11.34412639323785,126.88252786475697
06095251903,8.646451798867966,72.92903597735929,9.223110741700587,84.46221483401173
06099000906,11.18329907239248,123.66598144784959,18.7163512433807,274.32702486761406
06073017014,20.535575779641842,310.7115155928369,23.9730648191605,379.46129638320997
06031000800,15.436378687984117,208.72757375968231,30.489374906576714,509.7874981315343
06061020300,10.7836156250584,115.672312501168,11.059426106690939,121.1885221338188
06081608013,9.318684524790955,86.37369049581908,10.304035716248574,106.08071432497152
06037218500,13.373015873015873,167.46031746031747,12.222222222222221,144.44444444444443
06059086406,18.877625564195714,277.55251128391427,24.491190735664073,389.8238147132814
06059001401,19.118292911054837,282.3658582210968,22.50622587648006,350.1245175296012
06059021822,17.83078702765371,256.61574055307415,20.724482906558,314.48965813116
06059087806,19.098704061249077,281.9740812249816,22.092677973861893,341.85355947723775
06059110005,15.445983121404971,208.91966242809946,15.761360219292468,215.22720438584935
06037192420,13.950331073468012,179.00662146936023,14.622772689708391,192.4554537941678
06059075518,17.51532204895663,250.30644097913262,21.182433465473594,323.64866930947187
06037127104,19.885797395875137,297.71594791750266,24.63715002870443,392.74300057408857
06029002817,19.841269841269842,296.8253968253968,32.34126984126984,546.8253968253969
06087120301,12.503815177794385,150.07630355588773,13.118761324595422,162.3752264919084
06065042739,26.414747337562925,428.2949467512584,42.54863396562915,750.972679312583
06059087504,17.756686154081777,255.13372308163557,21.475690334648586,329.5138066929716
06037554512,20.03974027623485,300.794805524697,23.380972122758724,367.61944245517446
06081600100,5.233336909324299,4.666738186485977,3.303358479497155,-33.932830410056916
06029006303,18.617602377522612,272.35204755045226,32.16559373821188,543.3118747642375
06037576801,13.015873015873018,160.3174603174603,12.301587301587302,146.03174603174605
06037571800,16.4918473578631,229.83694715726202,16.54447879557895,230.889575911579
06037555212,19.561067485494203,291.22134970988407,21.55085181828286,331.0170363656572
06037553300,19.161640809638484,283.2328161927697,21.562027690024472,331.24055380048935
06037543400,15.988233343021761,219.7646668604352,17.737033197814178,254.74066395628358
06037602402,10.791334533859915,115.82669067719826,7.938700391303184,58.77400782606366
06037276000,9.923243658901107,98.46487317802212,7.487417116519055,49.74834233038108
06037432901,16.46825396825397,229.36507936507934,19.28571428571429,285.7142857142857
06037432802,17.261904761904763,245.23809523809524,21.11111111111111,322.22222222222223
06037551201,18.492063492063494,269.8412698412699,20.634920634920636,312.69841269841277
06037533602,17.082614248619286,241.65228497238573,20.43065695512741,308.6131391025483
06037540203,18.69047619047619,273.8095238095238,21.03174603174603,320.63492063492066
06037111303,18.174603174603174,263.49206349206344,21.150793650793652,323.015873015873
06037231603,16.03174603174603,220.63492063492066,17.53968253968254,250.79365079365078
06037550502,19.761904761904763,295.2380952380952,22.42063492063492,348.41269841269843
06055200400,9.709960409080956,94.1992081816191,9.958435429215612,99.16870858431224
06037980001,20.51587301587302,310.31746031746036,24.523809523809526,390.4761904761905
06037403408,19.3762482220669,287.5249644413379,24.549664961937467,390.99329923874933
06037433200,17.325755045323326,246.51510090646647,21.063223398547187,321.26446797094377
06037535102,17.164936292389214,243.29872584778417,18.21620786288375,264.3241572576749
06037700200,12.71779434386973,154.3558868773946,12.047714843561845,140.95429687123686
06037208001,15.85423478971677,217.08469579433543,17.61764308790041,252.35286175800823
06037404806,16.222801390650446,224.45602781300886,19.23695280580191,284.7390561160381
06037190702,12.896825396825399,157.93650793650795,13.412698412698413,168.25396825396825
06037190102,12.922498140723421,158.44996281446842,13.380607482825885,167.6121496565177
06085508006,12.60795189737863,152.1590379475726,15.487861968290995,209.75723936581988
06085505014,8.650793650793652,73.01587301587301,9.047619047619047,80.95238095238093
06085509001,8.57142857142857,71.42857142857139,9.404761904761905,88.0952380952381
06075047903,4.365079365079366,-12.698412698412696,3.134920634920635,-37.301587301587304
06075010101,5.154947277243067,3.0989455448613517,4.580401882388199,-8.391962352236016
06073020043,17.981650333203984,259.6330066640797,20.7634183567234,315.268367134468
06073010019,17.455977468653206,249.11954937306407,21.896897938804685,337.93795877609375
06059099416,7.730549384075401,54.61098768150799,6.056544653102291,21.130893062045804
06071008709,19.484126984126984,289.6825396825397,27.61904761904762,452.3809523809524
06071009400,25.014909799373264,400.29819598746536,42.74401135745982,754.8802271491962
06053001600,5.912698412698413,18.253968253968253,6.26984126984127,25.396825396825392
06031980000,15.951645014206706,219.0329002841341,31.908565088253894,538.1713017650779
06077005139,11.50068019251996,130.01360385039916,19.32893071047159,286.5786142094318
06087110202,8.187700560297053,63.754011205941055,5.79912397748889,15.982479549777779
06071004401,19.660512416794326,293.2102483358865,27.82328963987122,456.46579279742434
06059075504,17.787373603536736,255.7474720707347,20.906225841264742,318.1245168252948
06037123510,20.119047619047617,302.3809523809523,24.563492063492063,391.2698412698413
06107001009,14.407876888503342,188.15753777006674,30.565712755735962,511.31425511471923
06077003311,9.992088674874294,99.84177349748586,12.048167342733302,140.963346854666
06087100100,7.68786446479955,53.75728929599099,6.2857368100984825,25.71473620196963
06115040500,9.01353670334818,80.2707340669636,11.650498545956435,133.00997091912868
06081604900,9.547394662547871,90.94789325095739,10.889312390429167,117.78624780858333
06013313105,10.696013748441864,113.9202749688373,18.00312128011148,260.06242560222955
06037134710,21.825396825396826,336.50793650793645,29.20634920634921,484.1269841269841
06037204820,17.817460317460316,256.3492063492063,19.603174603174605,292.06349206349205
06029002818,19.841269841269842,296.8253968253968,32.34126984126984,546.8253968253969
06037573002,16.071428571428573,221.42857142857144,15.158730158730158,203.17460317460313
06037553802,18.888034501294428,277.76069002588855,20.1941407604404,303.88281520880787
06037577200,7.817680034110827,56.35360068221656,6.111372758420115,22.2274551684023
06037132900,20.83131676219125,316.626335243825,27.797182837999937,455.9436567599987
06013356002,10.207287574529829,104.14575149059655,13.240096378820677,164.80192757641345
06041121200,11.711424121895623,134.22848243791248,14.310847038941002,186.21694077882003
06063000202,11.099013517112281,121.98027034224563,12.210799177148242,144.2159835429648
06041108201,12.216472058809394,144.3294411761879,14.240659841355184,184.81319682710364
06097151405,9.933220710756137,98.66441421512272,8.163453143953522,63.26906287907045
06059062611,16.581366587712587,231.6273317542517,19.986483769039815,299.7296753807962
06037573300,15.515873015873016,210.3174603174603,16.626984126984127,232.53968253968253
06067001500,9.337371878075169,86.7474375615034,12.835639107278205,156.7127821455641
06037432102,17.089591308737283,241.7918261747456,20.06064298815084,301.2128597630167
06037201504,17.301587301587304,246.03174603174602,16.666666666666664,233.33333333333331
06037405002,15.873015873015872,217.46031746031747,17.53968253968254,250.79365079365078
06037403000,19.642735719900994,292.85471439801984,23.52104130203811,370.4208260407622
06037228500,17.658730158730158,253.17460317460313,19.563492063492063,291.26984126984127
06071004901,19.971737119664436,299.4347423932887,29.144975871459415,482.8995174291883
06017030811,9.603731876190915,92.07463752381827,10.676840563491593,113.5368112698319
06019004211,14.071597296093447,181.43194592186893,22.96161101608152,359.2322203216304
06023011100,9.39681419936714,87.93628398734285,9.287203003632731,85.7440600726546
06047002304,14.465713586502915,189.31427173005827,26.530077680083465,430.60155360166925
06037533701,18.095238095238095,261.90476190476187,22.22222222222222,344.4444444444444
06037701202,7.792176029114476,55.843520582289514,6.455266721204246,29.105334424084912
06001423602,7.182539682539684,43.650793650793645,7.222222222222223,44.44444444444443
06065941001,23.774172100250333,375.4834420050066,39.575994325957936,691.5198865191586
06073008512,19.42225906360644,288.44518127212876,23.700166175487063,374.0033235097412
06001433802,7.778240266008135,55.56480532016269,9.198141036383522,83.96282072767042
06065042514,25.217630162802372,404.3526032560474,38.27183965262579,665.4367930525158
06095252306,10.33633084627011,106.72661692540223,13.490258082955478,169.8051616591095
06073011000,15.674603174603174,213.4920634920635,16.30952380952381,226.1904761904762
06073003101,21.825396825396826,336.50793650793645,24.00793650793651,380.1587301587301
06073002804,24.484126984126988,389.6825396825397,33.8095238095238,576.1904761904761
06065042742,26.264316968417546,425.2863393683508,42.00438275601398,740.0876551202796
06037199802,17.023809523809522,240.47619047619042,17.301587301587304,246.03174603174602
06067004018,10.304058549870959,106.08117099741918,15.045276793482111,200.90553586964216
06067006706,10.071434105827713,101.42868211655423,12.622068942299949,152.44137884599897
06071002406,19.70330222516925,294.066044503385,24.712344185720333,394.24688371440664
06039000516,13.374216075221572,167.4843215044314,22.49549324862411,349.9098649724821
06113010105,9.642857142857144,92.85714285714286,13.134920634920636,162.6984126984127
06037127803,19.365079365079367,287.3015873015873,24.801587301587304,396.031746031746
06037221602,15.119047619047619,202.38095238095235,16.071428571428573,221.42857142857144
06037278102,5.64861438813382,12.972287762676391,4.755786370004394,-4.8842725999121095
06053011203,14.938510353233706,198.77020706467414,23.490289051377555,369.80578102755106
06019005408,14.85805857756116,197.16117155122316,24.999408845387475,399.98817690774945
06001441927,10.873015873015873,117.46031746031744,12.380952380952381,147.61904761904762
06065043818,20.124769465205304,302.4953893041061,27.2230925407335,444.4618508146699
06073002301,25.15109615784094,403.02192315681873,34.69087593193153,593.8175186386306
06029002402,19.810657128439537,296.2131425687907,33.54729430634987,570.9458861269973
06085502103,10.699896212651842,113.99792425303684,12.123792730865706,142.4758546173141
06071002204,18.80088630145193,276.01772602903867,25.889648628644828,417.79297257289653
06017030812,9.220504224773487,84.41008449546975,11.142359544447032,122.84719088894069
06029002901,19.35526649066858,287.1053298133716,31.55558092194167,531.1116184388335
06037533300,17.06349206349206,241.2698412698412,20.3968253968254,307.936507936508
06053010900,11.602050360588777,132.04100721177554,16.469404474754548,229.38808949509092
06037120010,19.4266658449835,288.5333168996699,23.985566442857596,379.7113288571519
06039000603,13.134920634920636,162.6984126984127,21.825396825396826,336.50793650793645
06085503707,10.079365079365079,101.58730158730154,12.063492063492063,141.26984126984127
06113010610,9.076904852462874,81.53809704925749,14.864162096503394,197.28324193006782
06077005127,10.492065308833407,109.84130617666813,18.34444798714578,266.88895974291563
06083002010,16.996787805481357,239.93575610962716,21.94816631162468,338.96332623249356
06061020605,11.123191099492061,122.4638219898412,11.783469399709816,135.6693879941963
06015000102,6.80841755885219,36.168351177043775,4.519330872644863,-9.613382547102763
06073017606,11.21200319233713,124.24006384674257,9.088763874501835,81.77527749003669
06071008405,20.43650793650794,308.7301587301588,28.41269841269841,468.2539682539682
06073017070,19.146382929736006,282.9276585947201,22.662002110855354,353.240042217107
06067009109,9.126989552506025,82.5397910501205,12.896849811673937,157.93699623347868
06053000106,7.032026720018389,40.64053440036777,8.3906241506063,67.81248301212598
06029002823,19.099395903895388,281.98791807790775,33.29086848110914,565.8173696221829
06083002309,12.148366509040443,142.96733018080886,13.142523064122008,162.85046128244014
06001405700,7.619047619047619,52.38095238095235,7.182539682539684,43.650793650793645
06001441301,9.24072367020979,84.8144734041958,10.633845352590182,112.67690705180362
06067009335,9.635163135890465,92.7032627178093,14.436144185053193,188.7228837010638
06067001300,9.399288864039088,87.98577728078175,13.260812549313888,165.21625098627771
06067004011,10.392794026792874,107.8558805358575,15.083306283591503,201.66612567183003
06037651221,10.714285714285715,114.28571428571428,8.055555555555555,61.111111111111114
06037502602,19.471571420896836,289.43142841793673,22.31175991775695,346.23519835513895
06037535503,18.095238095238095,261.90476190476187,22.18253968253968,343.65079365079356
06037294610,17.6984126984127,253.96825396825398,19.72222222222222,294.4444444444444
06075013401,4.575960531526719,-8.480789369465615,3.5964690136605464,-28.070619726789086
06037269909,9.642857142857144,92.85714285714286,7.658730158730158,53.174603174603135
06037402504,19.733561804443696,294.67123608887385,23.45496412825117,369.0992825650233
06037115203,20.248633945184906,304.97267890369807,24.83000661458004,396.6001322916008
06037141305,18.462079472738576,269.24158945477154,21.689948706662193,333.7989741332438
06037231902,17.4020194922232,248.04038984446396,18.65889257199136,273.1778514398271
06037402404,19.214577672160626,284.2915534432125,23.24808599173294,364.9617198346588
06023010504,6.9387549349008655,38.775098698017274,7.004640690499328,40.09281380998654
06107003202,16.569931517377036,231.3986303475408,32.037479530451066,540.7495906090212
06087110402,7.791444178384914,55.82888356769827,5.386305196050445,7.726103921008907
06037134423,19.472715773112917,289.45431546225825,25.363943740706706,407.27887481413404
06001450400,10.571500749565207,111.43001499130412,13.257605123857129,165.1521024771426
06013311000,10.63039874848809,112.60797496976187,17.6579765109914,253.159530219828
06019005608,14.355312058426257,187.10624116852512,23.437065427553296,368.74130855106586
06085508102,12.019458430152888,140.38916860305775,14.423496014279127,188.46992028558253
06037294900,17.67739553187486,253.5479106374972,20.499516872121344,309.9903374424269
06037183101,16.40628492895305,228.12569857906095,16.682582860042956,233.65165720085912
06037900805,28.845918666845115,476.91837333690216,46.51703522226683,830.3407044453365
06037212303,15.119047619047619,202.38095238095235,16.071428571428573,221.42857142857144
06037221302,14.70270897846257,194.0541795692514,15.638436385220123,212.7687277044024
06059088203,18.80952380952381,276.1904761904762,20.873015873015873,317.46031746031747
06059099226,16.60710308988807,232.14206179776141,16.534365022888345,230.6873004577669
06111002600,8.017349631709497,60.34699263418993,5.736141445143958,14.722828902879137
06071002804,19.65311593035237,293.06231860704736,24.907720090288773,398.1544018057754
06001440304,9.007936507936508,80.15873015873015,7.698412698412699,53.968253968253975
06073011801,17.6984126984127,253.96825396825398,18.373015873015873,267.46031746031747
06037900104,24.805554122964665,396.11108245929324,41.78790838887991,735.7581677775981
06059011720,19.022751532458976,280.4550306491795,24.588568304513664,391.7713660902732
06059099216,9.444444444444445,88.88888888888889,8.015873015873016,60.31746031746033
06037551203,18.492063492063494,269.8412698412699,20.634920634920636,312.69841269841277
06067006101,9.07332869002946,81.46657380058915,11.234070978538158,124.68141957076313
06013303209,10.30605467309198,106.1210934618396,15.619898566728189,212.39797133456378
06085504410,9.739736506578627,94.79473013157249,10.201429587324817,104.02859174649632
06013332000,11.742633700247525,134.85267400495047,19.08786309424063,281.75726188481264
06085508305,13.333333333333334,166.66666666666663,16.071428571428573,221.42857142857144
06059011718,18.81223858257312,276.2447716514624,22.47682832812556,349.53656656251115
06037195802,14.451091982350208,189.02183964700416,16.765035343224774,235.30070686449542
06037575101,15.515873015873016,210.3174603174603,16.626984126984127,232.53968253968253
06061021106,10.400900449743247,108.01800899486491,12.039939691803228,140.7987938360646
06071001901,19.836197531872212,296.72395063744426,25.31187471105106,406.2374942210213
06001428600,6.944444444444445,38.888888888888886,6.071428571428571,21.428571428571416
06075061102,5.158730158730159,3.1746031746031917,4.682539682539683,-6.349206349206355
06037555107,19.445694159587692,288.9138831917538,22.006323834303796,340.1264766860759
06073017059,20.791236534312034,315.8247306862406,25.811153501784688,416.22307003569375
06073017069,20.38048350894211,307.6096701788422,23.503502813581797,370.07005627163596
06085503127,12.128894673173493,142.57789346346988,12.130372562110264,142.60745124220523
06085512036,12.766363019204661,155.32726038409322,15.541421665000845,210.8284333000169
06065044933,30.18241101753859,503.6482203507718,49.16260200781319,883.252040156264
06083002934,6.373953514776873,27.479070295537472,5.979188935474865,19.58377870949731
06029002304,20.07936507936508,301.5873015873015,34.007936507936506,580.15873015873
06029003212,19.985709529663872,299.71419059327735,38.268872718317475,665.3774543663495
06097153806,8.968253968253968,79.36507936507934,10.396825396825397,107.93650793650795
06013355110,9.92585075933787,98.51701518675739,15.471375982674521,209.42751965349038
06001443322,10.555555555555555,111.11111111111111,10.912698412698413,118.25396825396822
06111004711,8.53174603174603,70.6349206349206,5.595238095238095,11.904761904761884
06085507100,13.0216166416981,160.43233283396196,16.411461793363678,228.22923586727353
06099001300,10.932886608912634,118.65773217825267,19.05743839200507,281.14876784010147
06037406602,18.355503086200496,267.1100617240099,23.72994010784598,374.59880215691953
06107001102,14.526930688081205,190.53861376162402,31.07465250282126,521.4930500564251
06037271703,9.642857142857144,92.85714285714286,7.658730158730158,53.174603174603135
06037553202,19.48111080876092,289.6222161752184,20.72838050893401,314.5676101786801
06037400208,18.603932104211104,272.078642084222,22.308214308416137,346.1642861683227
06071008404,22.87205446355223,357.44108927104463,34.61573097376435,592.3146194752869
06037106646,17.63471419158133,252.69428383162665,20.448230410890254,308.96460821780505
06085503338,11.653248048674154,133.06496097348307,13.863962490549815,177.27924981099628
06111003902,8.53174603174603,70.6349206349206,5.595238095238095,11.904761904761884
06073012502,7.026952886964762,40.53905773929521,4.177347388721353,-16.453052225572954
06037120104,19.523809523809526,290.4761904761905,22.6984126984127,353.968253968254
06037408631,18.812379591362518,276.2475918272503,22.252772673958642,345.05545347917285
06037576903,12.620575106239922,152.41150212479837,12.260863556782216,145.21727113564432
06037920045,20.833333333333336,316.6666666666667,30.07936507936508,501.58730158730145
06077005130,10.62741373598821,112.54827471976414,18.58197109769813,271.6394219539626
06081610602,11.86258873170517,137.25177463410338,12.517965900944242,150.35931801888486
06075010600,5.141246013279465,2.824920265589295,4.210467755370924,-15.790644892581527
06065042709,25.05283179330567,401.05663586611337,40.598826541369796,711.976530827396
06037408006,19.04100737369187,280.8201474738373,24.114373169058027,382.2874633811605
06077005140,11.963986465696497,139.27972931392992,19.492642714390303,289.852854287806
06067009318,9.428445533079659,88.56891066159315,13.52102763438127,170.42055268762536
06059099235,13.258283647014013,165.16567294028022,12.308007843385854,146.16015686771703
06051000101,17.588971444309173,251.7794288861835,31.574051619542665,531.4810323908532
06085503329,11.179312535984081,123.58625071968157,12.250643478641614,145.0128695728323
06037310900,17.145891670421427,242.91783340842855,19.90534544214008,298.1069088428016
06037277000,9.899277096964093,97.98554193928182,7.549195184923365,50.983903698467266
06037197500,14.484126984126986,189.6825396825397,17.023809523809522,240.47619047619042
06085508900,8.615647645496791,72.31295290993582,9.471090515864237,89.42181031728474
06053013600,7.9518847391451555,59.037694782903124,7.0967880356409,41.935760712817995
06073021205,21.33768936982823,326.7537873965646,30.824817250104214,516.4963450020844
06073016504,25.71428571428572,414.28571428571433,37.393809880478074,647.8761976095616
06085505013,8.892508514699,77.85017029397997,9.398718265241538,87.97436530483076
06085501602,10.50624792666411,110.12495853328215,11.372779436446494,127.45558872892984
06037502303,19.195541326710078,283.91082653420153,21.004355340459092,320.0871068091818
06017031700,10.414803412190764,108.29606824381527,11.715834828680082,134.31669657360163
06071002040,15.15071739027109,203.01434780542178,17.038052598915044,240.76105197830083
06071011406,19.19831477589647,283.96629551792944,24.67514908463088,393.5029816926176
06071009914,30.28985303266227,505.7970606532452,50.38937864667188,907.7875729334376
06061021046,9.604738432997449,92.094768659949,11.114238770756804,122.2847754151361
06061021122,10.882112698973799,117.64225397947591,12.117202728121999,142.34405456244
06071002029,17.500333764273712,250.00667528547422,20.873349637289586,317.46699274579174
06071006601,20.147312067750768,302.94624135501533,29.612368970530504,492.24737941061
06073015408,25.118425208162186,402.3685041632437,35.845871212998944,616.9174242599787
06037571202,18.68241329322144,273.6482658644289,20.89557401124642,317.91148022492825
06037602801,15.357142857142856,207.14285714285705,13.84920634920635,176.984126984127
06037190101,12.982660059272039,159.65320118544074,13.305405084640114,166.10810169280228
06061021801,10.815179648996017,116.30359297992035,10.688543026019687,113.77086052039373
06065045709,34.5964013403646,591.9280268072919,55.79889068661356,1015.9778137322712
06065042522,26.825396825396826,436.5079365079365,39.92063492063492,698.4126984126983
06067004014,9.920634920634921,98.4126984126984,13.373015873015873,167.46031746031747
06071009906,32.584592286778005,551.69184573556,54.30288011009325,986.0576022018649
06111008501,16.19047619047619,223.80952380952377,18.688699920820948,273.773998416419
06057000502,10.904029382778162,118.08058765556325,11.213190599644836,124.26381199289668
06061021501,10.910295568943193,118.20591137886382,11.05228433950157,121.04568679003138
06089012303,9.769437486646806,95.38874973293616,11.260436902309372,125.20873804618742
06071010806,15.90088782969337,218.01775659386738,19.870257561244944,297.4051512248989
06065043293,27.537011748564836,450.7402349712966,45.255230177488286,805.1046035497656
06065041602,20.938163034969136,318.76326069938267,29.114750519073162,482.29501038146316
06065043296,28.192466875264632,463.8493375052926,42.589031516637576,751.7806303327515
06039000513,12.63847699990863,152.76953999817252,21.735213323327628,334.70426646655255
06001441701,10.0,99.99999999999997,10.515873015873016,110.31746031746033
06065044403,23.31978648195087,366.3957296390174,35.588007368008036,611.7601473601607
06065044101,21.38089160156997,327.61783203139936,32.03501715075652,540.7003430151303
06065046404,24.769799539621793,395.39599079243595,41.04311778174392,720.8623556348786
06065042513,26.087571684874128,421.7514336974826,38.583995173311195,671.6799034662238
06065042213,22.76830106499205,355.36602129984095,36.854202961471465,637.0840592294293
06071010804,15.439937754979379,208.79875509958765,18.921413303235784,278.4282660647157
06071008602,18.171622399753964,263.4324479950793,25.169315153069682,403.3863030613937
06039000201,12.75983319213703,155.1966638427406,21.89633029734886,337.926605946977
06029005205,20.52978198068746,310.59563961374914,35.63954480601774,612.7908961203545
06095250605,8.396161750411922,67.92323500823845,11.33942317298887,126.78846345977738
06095252912,12.110865282086955,142.21730564173907,16.260921445808137,225.2184289161627
06001451703,12.352287849083215,147.0457569816643,18.690035470163657,273.8007094032731
06069000300,12.853503569365246,157.07007138730492,18.468523766776745,269.3704753355349
06071006502,20.601934419778786,312.0386883955758,29.6723367473275,493.4467349465498
06071002048,18.942464832630606,278.8492966526121,25.293578550926213,405.8715710185243
06071009726,30.758881826253184,515.1776365250637,56.639673069745236,1032.7934613949044
06037203300,17.26881791595762,245.37635831915244,18.067238527050108,261.34477054100216
06037701702,3.6111111111111116,-27.777777777777786,3.968253968253968,-20.634920634920633
06037220000,14.222022238104412,184.44044476208816,13.88842193391936,177.76843867838718
06059086407,18.219593024096923,264.39186048193847,23.430802974541944,368.61605949083884
06075025401,5.833333333333333,16.666666666666657,4.444444444444445,-11.111111111111114
06075011200,5.158730158730159,3.1746031746031917,4.682539682539683,-6.349206349206355
06075021100,5.357142857142858,7.142857142857139,4.761904761904762,-4.761904761904773
06075023102,6.42857142857143,28.571428571428584,5.595238095238095,11.904761904761884
06073007402,9.219509486437921,84.39018972875843,6.682618763554731,33.65237527109462
06029006003,17.459096013603045,249.1819202720609,32.096370104179776,541.9274020835953
06095251300,8.730158730158731,74.60317460317461,11.944444444444445,138.88888888888889
06095253300,11.09430399844065,121.88607996881298,16.237686577321067,224.7537315464213
06025012003,35.506892054928414,610.1378410985683,51.167240925117554,923.344818502351
06065042720,26.361783410903133,427.2356682180626,41.77755873521223,735.5511747042445
06065043276,23.785886084676076,375.7177216935215,40.151899097213175,703.0379819442634
06065044606,28.788441529112138,475.7688305822428,42.5593862025447,751.1877240508941
06065045125,25.11175011486367,402.2350022972734,42.43303792669631,748.6607585339261
06065045124,22.899049952803402,357.9809990560681,38.6634290751649,673.2685815032979
06077004105,10.031217832116566,100.6243566423313,12.744921471066181,154.8984294213236
06077005502,11.597889832701684,131.95779665403364,21.406222290147312,328.1244458029462
06113010312,9.400614996393898,88.01229992787798,15.4686506427941,209.37301285588202
06041102202,12.068600449928606,141.37200899857214,14.09411276921698,181.88225538433954
06007000103,10.107667131327071,102.15334262654139,11.714772696635084,134.29545393270166
06067008509,10.436507936507937,108.73015873015873,12.039308590377512,140.78617180755023
06067005301,9.54165881566411,90.83317631328218,13.041303462376147,160.82606924752292
06021010501,9.785078803035939,95.70157606071875,12.961843898600213,159.23687797200424
06037403320,19.76242353355979,295.2484706711957,23.552946100324576,371.0589220064914
06037231720,16.11209459110723,222.2418918221446,17.639628308644028,252.79256617288056
06037228800,17.27155633762658,245.43112675253164,18.330104622947545,266.6020924589509
06111002400,10.06386278401144,101.27725568022879,9.476320654523366,89.5264130904673
06065042214,23.306010253546123,366.1202050709224,37.012564355280716,640.2512871056143
06065045706,35.252158838922206,605.043176778444,55.80317251959128,1016.0634503918254
06101050604,8.848745002362016,76.97490004724031,11.010174711238514,120.20349422477025
06037601802,11.547619047619047,130.95238095238093,8.611111111111112,72.22222222222223
06037800334,18.02276533462749,260.4553066925498,22.871844437584144,357.4368887516829
06013309000,6.208495821118628,24.169916422372523,8.547100142184096,70.94200284368189
06111007405,18.185948727884682,263.7189745576937,21.85464425915902,337.0928851831804
06111005205,12.753708337499736,155.0741667499947,10.342451975212823,106.84903950425644
06053010400,4.848770723955175,-3.024585520896526,3.873458825452845,-22.530823490943117
06053000101,7.8754531687015925,57.509063374031854,9.564306841999905,91.28613683999811
06037134302,19.39428922040293,287.88578440805856,25.6979883774598,413.95976754919593
06037109700,18.452380952380953,269.0476190476191,21.38888888888889,327.77777777777777
06037482201,17.347849659610578,246.95699319221143,19.557085431283234,291.1417086256646
06059001901,19.603174603174605,292.06349206349205,22.738095238095237,354.76190476190476
06059110104,18.849206349206348,276.984126984127,22.5,350.0
06059001704,19.8015873015873,296.031746031746,22.738095238095237,354.76190476190476
06059099902,16.349206349206348,226.984126984127,16.746031746031743,234.92063492063488
06071010436,26.39452992989589,427.89059859791774,46.22890949188639,824.5781898377277
06029003129,20.04452276945916,300.89045538918316,35.85269425243982,617.0538850487962
06029000912,17.53595623993418,250.71912479868362,31.044864648511094,520.8972929702219
06029005006,16.785714285714285,235.71428571428567,26.904761904761905,438.0952380952381
06023010901,7.7668078432948535,55.33615686589709,8.913172903997506,78.26345807995007
06073013503,24.523809523809526,390.4761904761905,31.626984126984127,532.5396825396825
06029001202,19.507252415263522,290.1450483052704,33.49491702385572,569.8983404771144
06059042114,12.761077140914063,155.22154281828125,12.570440928089921,151.4088185617984
06071002609,19.157322804608853,283.1464560921771,26.451134566669467,429.0226913333893
06097151307,9.902447445234177,98.04894890468348,8.168293343878606,63.365866877572124
06113010102,10.039555083708041,100.79110167416081,13.621793151742308,172.43586303484616
06073013409,18.167964282637758,263.3592856527552,21.37564126738005,327.512825347601
06073003303,21.26984126984127,325.3968253968254,23.571428571428573,371.42857142857144
06083002809,17.728211573236095,254.56423146472193,24.53130510613382,390.6261021226764
06083002906,13.62215846584207,172.44316931684136,13.962850746728698,179.25701493457387
06059087002,18.940636650924304,278.8127330184861,22.08500507566099,341.7001015132198
06059110115,19.474579600628207,289.4915920125641,22.901599088574784,358.0319817714957
06059099408,8.568408532952468,71.36817065904934,6.7761178044908315,35.5223560898166
06059021916,17.8260484645049,256.5209692900979,19.228127617015684,284.5625523403137
06059042106,12.744905981891709,154.89811963783416,12.299440787334584,145.98881574669167
06059042334,20.139800702405164,302.7960140481033,26.52504989239844,430.50099784796885
06059052527,18.140989966609844,262.8197993321969,22.776410954215045,355.5282190843009
06067007108,9.583354467898204,91.66708935796404,13.14104709916197,162.8209419832394
06097153005,9.504195959682805,90.08391919365609,10.095043900081011,101.90087800162021
06107003602,16.26730402658092,225.34608053161844,28.941972761241644,478.83945522483293
06029000103,18.123574577175535,262.47149154351064,32.012463466064425,540.2492693212885
06029005804,26.185817708713305,423.71635417426603,44.14458485944277,782.8916971888555
06073006000,15.436507936507937,208.73015873015873,16.19047619047619,223.8095238095238
06073003401,22.72435399967635,354.487079993527,28.084165545910082,461.68331091820164
06073016000,23.924132716634347,378.48265433268693,33.52258526708653,570.4517053417304
06073013102,13.164234437320498,163.28468874640998,12.358614755501394,147.1722951100279
06073010501,4.898467651201427,-2.0306469759714734,3.2853922025226026,-34.292155949547954
06073013415,20.78104299587968,315.62085991759363,23.352784027693296,367.05568055386595
06073020707,23.608645340332604,372.17290680665195,30.411850228722795,508.23700457445574
06073020305,21.16301123104189,323.2602246208377,27.143159339695647,442.86318679391275
06073020105,22.05629327473713,341.1258654947425,27.271894238562645,445.4378847712528
06073019702,18.45450715012117,269.09014300242336,23.22092240787363,364.41844815747265
06073017702,2.819388689646736,-43.61222620706529,2.785516653229034,-44.28966693541933
06073017046,23.184493719929247,363.6898743985849,32.81952445024634,556.3904890049268
06073016902,23.393184246882463,367.8636849376493,34.322955424887006,586.4591084977401
06037503901,20.079167728120435,301.5833545624086,24.281372558332116,385.6274511666423
06037650603,9.089994284942872,81.79988569885745,6.948861463160884,38.97722926321768
06055201500,11.155630707178883,123.11261414357763,12.272106041164006,145.4421208232801
06037570701,19.99837814349905,299.967562869981,22.769730792981623,355.39461585963244
06073016812,22.98126680417378,359.6253360834756,33.023628166617826,560.4725633323565
06065050402,25.577525957670588,411.55051915341187,40.88646974603585,717.7293949207169
06087120700,11.576079006537203,131.52158013074404,12.970969009240399,159.41938018480795
06059088106,17.57936507936508,251.58730158730157,18.253968253968257,265.0793650793651
06065044516,37.09600208450759,641.9200416901517,58.965357761205595,1079.3071552241117
06037553901,19.384389866061596,287.687797321232,21.653946818857527,333.0789363771505
06037541801,18.69047619047619,273.8095238095238,21.03006583634105,320.60131672682104
06037601302,12.194011315781069,143.88022631562137,9.90389564743515,98.07791294870296
06059099245,7.619047619047619,52.38095238095235,5.992063492063492,19.841269841269835
06059063102,13.994777483192143,179.8955496638428,13.266053698774947,165.3210739754989
06059062614,14.053710513029857,181.0742102605971,14.68251672223213,193.6503344446426
06059063701,10.079365079365079,101.58730158730154,7.619047619047619,52.38095238095235
06079012602,20.837632581587542,316.7526516317508,27.663395485470787,453.2679097094156
06099003612,11.337975084431687,126.75950168863373,18.35233602179797,267.04672043595946
06071008800,17.8848763953078,257.69752790615604,23.465057533792017,369.3011506758403
06071006301,19.396471757637208,287.9294351527442,27.212647667754055,444.2529533550811
06073016806,24.444444444444443,388.88888888888886,34.88095238095239,597.6190476190476
06073009507,25.072789113730508,401.45578227461016,35.259674634979056,605.1934926995812
06065042740,25.873015873015877,417.46031746031747,41.42857142857143,728.5714285714287
06037920109,21.23015873015873,324.6031746031746,30.238095238095237,504.7619047619047
06037119340,19.523809523809526,290.4761904761905,22.6984126984127,353.968253968254
06037900705,29.778966922228108,495.5793384445622,46.41933731924234,828.3867463848468
06037311300,17.734841722820818,254.69683445641635,20.082789622311044,301.65579244622086
06071007903,20.011031726840336,300.2206345368067,24.700978688844696,394.0195737768938
06071000817,21.514709815177152,330.294196303543,27.134055952875045,442.68111905750095
06073015502,23.1995261744334,363.9905234886679,32.85603181963338,557.1206363926675
06073008350,18.841421546054484,276.82843092108965,23.25418736168816,365.0837472337631
06071010010,32.66226775281675,553.245355056335,55.26653054559617,1005.3306109119231
06071001312,20.78692616717542,315.7385233435084,26.986368526285442,439.7273705257088
06071009725,32.29073214352431,545.8146428704862,55.78265131561225,1015.6530263122446
